building_id,electricity_valid_hours,electricity_completeness,positive_fraction,electricity_std,site_id,building_id_kaggle,site_id_kaggle,primaryspaceusage,sub_primaryspaceusage,sqm,sqft,lat,lng,timezone,electricity,hotwater,chilledwater,steam,water,irrigation,solar,gas,industry,subindustry,heatingtype,yearbuilt,date_opened,numberoffloors,occupants,energystarscore,eui,site_eui,source_eui,leed_level,rating,metadata_completeness,category_score,electricity_quality,preliminary_score
Lamb_public_Grace,17544,1.0,0.9989740082079344,44.48046097603249,Lamb,678.0,5.0,Public services,Library,5664.9,60977.0,51.49783804108846,-3.186245571244898,Europe/London,Yes,,,,,,,Yes,Government,Library,Gas,1976.0,,6.0,600.0,,,,,,D,0.6666666666666666,1.0,0.9997435020519836,0.9498204514363885
Lamb_public_Gracie,17544,1.0,0.995953032375741,3.017322005842526,Lamb,680.0,5.0,Public services,Library,915.0,9849.0,51.49783804108846,-3.186245571244898,Europe/London,Yes,,,,,,,,Government,Library,Gas,1976.0,,2.0,4.0,,,,,,,0.6666666666666666,1.0,0.9989882580939352,0.9492917806657546
Lamb_public_Vania,17542,0.9998860009119928,0.9899669364952685,12.649613785270931,Lamb,679.0,5.0,Public services,Library,4032.0,43400.0,51.49783804108846,-3.186245571244898,Europe/London,Yes,,,,,,,,Government,Public Assembly,Gas,1976.0,,3.0,100.0,,,,,,,0.6666666666666666,1.0,0.9974062348078117,0.9481843643654682
Lamb_education_Rodrigo,17544,1.0,0.9991450068399452,29.26820082514659,Lamb,732.0,5.0,Education,Primary/Secondary Classroom,6149.0,66187.0,51.49783804108846,-3.186245571244898,Europe/London,Yes,,,,,,,Yes,Education,Primary/Secondary School,Gas,1976.0,,1.0,270.0,,,,,,D,0.6666666666666666,0.9,0.9997862517099863,0.9348503761969903
Lamb_education_Terina,17542,0.9998860009119928,0.998574848933987,72.17181961372765,Lamb,723.0,5.0,Education,Primary/Secondary Classroom,14868.0,160038.0,51.49783804108846,-3.186245571244898,Europe/London,Yes,,,,,,,Yes,Education,Primary/Secondary School,Gas,1966.0,,4.0,1598.0,,,,,,D,0.6666666666666666,0.9,0.9995582129174914,0.9346907490422439
Lamb_education_Isabelle,17544,1.0,0.9973780209758322,14.273492868905707,Lamb,702.0,5.0,Education,Primary/Secondary Classroom,2253.0,24251.0,51.49783804108846,-3.186245571244898,Europe/London,Yes,,,,,,,Yes,Education,Primary/Secondary School,Gas,1966.0,,2.0,322.0,,,,,,C,0.6666666666666666,0.9,0.999344505243958,0.9345411536707705
Lamb_education_Gabriel,17544,1.0,0.9973210214318285,9.087254746198067,Lamb,705.0,5.0,Education,Primary/Secondary Classroom,2193.0,23605.0,51.49783804108846,-3.186245571244898,Europe/London,Yes,,,,,,,Yes,Education,Primary/Secondary School,Gas,1976.0,,1.0,392.0,,,,,,D,0.6666666666666666,0.9,0.9993302553579572,0.93453117875057
Lamb_education_Willetta,17518,0.9985180118559052,1.0,5.421165595929172e-20,Lamb,740.0,5.0,Education,Primary/Secondary Classroom,3528.0,37975.0,51.49783804108846,-3.186245571244898,Europe/London,Yes,,,,,,,Yes,Government,Primary/Secondary School,Gas,1976.0,,1.0,400.0,,,,,,,0.6666666666666666,0.9,0.9988885088919288,0.9342219562243501
Moose_education_Rene,17511,0.9981190150478796,1.0,303.931169332787,Moose,798.0,7.0,Education,College Classroom,37999.9,409028.0,45.4215,-75.6972,US/Eastern,Yes,,Yes,Yes,,,,,Education,College/University,,1970.0,,21.0,1800.0,,,,,,,0.6666666666666666,0.9,0.9985892612859097,0.9340124829001367
Moose_education_Clark,17511,0.9981190150478796,1.0,286.2665263742783,Moose,797.0,7.0,Education,College Classroom,70999.9,764237.0,45.4215,-75.6972,US/Eastern,Yes,,Yes,Yes,,,,,Education,College/University,,1979.0,,13.0,2380.0,,,,,,,0.6666666666666666,0.9,0.9985892612859097,0.9340124829001367
Moose_education_Marina,17510,0.998062015503876,1.0,10.224370742890077,Moose,800.0,7.0,Education,College Classroom,6000.0,64583.0,45.4215,-75.6972,US/Eastern,Yes,,Yes,Yes,,,,,Education,College/University,,1955.0,,2.0,80.0,,,,,,,0.6666666666666666,0.9,0.998546511627907,0.9339825581395348
Lamb_education_Lazaro,17509,0.9980050159598723,1.0,25.822424590494453,Lamb,738.0,5.0,Education,Primary/Secondary Classroom,8866.0,95433.0,51.49783804108846,-3.186245571244898,Europe/London,Yes,,,,,,,Yes,Government,Primary/Secondary School,Gas,1966.0,,4.0,1173.0,,,,,,D,0.6666666666666666,0.9,0.9985037619699042,0.9339526333789329
Moose_education_Abbie,17508,0.9979480164158687,1.0,254.6496821522581,Moose,801.0,7.0,Education,College Classroom,45000.0,484376.0,45.4215,-75.6972,US/Eastern,Yes,,Yes,Yes,,,,,Education,College/University,,1952.0,,5.0,1700.0,,,,,,,0.6666666666666666,0.9,0.9984610123119015,0.933922708618331
Lamb_education_Princess,17485,0.9966370269037848,0.9957678009722619,8.986206332989745,Lamb,696.0,5.0,Education,Primary/Secondary Classroom,1769.0,19041.0,51.49783804108846,-3.186245571244898,Europe/London,Yes,,,,,,,Yes,Education,Primary/Secondary School,Gas,1976.0,,2.0,262.0,,,,,,C,0.6666666666666666,0.9,0.996419720420904,0.9324938042946327
Moose_education_Lori,17453,0.9948130414956681,1.0,37.222269826381904,Moose,793.0,7.0,Education,College Classroom,14000.0,150695.0,45.4215,-75.6972,US/Eastern,Yes,Yes,Yes,,,,,,Education,College/University,,1964.0,,6.0,500.0,,,,,,,0.6666666666666666,0.9,0.9961097811217511,0.9322768467852257
Lamb_education_Freddy,17426,0.9932740538075695,0.9945483759899002,3.4256525840088514,Lamb,,5.0,Education,Primary/Secondary Classroom,1205.0,12970.0,51.49783804108846,-3.186245571244898,Europe/London,Yes,,,,,,,Yes,Education,Primary/Secondary School,Gas,1976.0,,1.0,40.0,,,,,,E,0.6666666666666666,0.9,0.9935926343531521,0.9305148440472064
Lamb_education_Felipe,17524,0.998860009119927,0.9670166628623602,27.281352361210107,Lamb,733.0,5.0,Education,Primary/Secondary Classroom,9005.0,96929.0,51.49783804108846,-3.186245571244898,Europe/London,Yes,,,,,,,Yes,Education,Primary/Secondary School,Gas,1966.0,,3.0,1199.0,,,,,,C,0.6666666666666666,0.9,0.9908991725555353,0.9286294207888747
Robin_public_Cami,17544,1.0,1.0,21.046083312527077,Robin,139.0,1.0,Public services,Library,5261.0,56629.0,51.51878965384613,-0.1345562307692307,Europe/London,Yes,Yes,,,,,,,Education,College/University,Heat network,1900.0,,6.0,,,,,,,E,0.5,1.0,1.0,0.9249999999999999
Hog_public_Gerard,17544,1.0,1.0,20.74570506472108,Hog,1146.0,13.0,Public services,Library,7725.3,83155.0,44.97878184783975,-93.2553976421019,US/Central,Yes,,Yes,,,,,,,,,,,,,-,55.4,91.5,55.4,,,0.5,1.0,1.0,0.9249999999999999
Lamb_education_Patsy,17225,0.9818171454628363,0.9973294629898404,6.784746209739151,Lamb,,5.0,Education,Primary/Secondary Classroom,2991.0,32195.0,51.49783804108846,-3.186245571244898,Europe/London,Yes,,,,,,,Yes,Education,Primary/Secondary School,Gas,1919.0,,2.0,583.0,,,,,,D,0.6666666666666666,0.9,0.9856952248445873,0.924986657391211
Bear_public_Valorie,17542,0.9998860009119928,1.0,82.84008267135113,Bear,597.0,4.0,Public services,Public services,17598.2,189425.0,37.87190340000004,-122.26072860000008,US/Pacific,Yes,,,,,,,,,,,1994.0,,4.0,,,,,,,,0.5,1.0,0.9999145006839946,0.9249401504787962
Lamb_education_Sara,17194,0.9800501595987232,1.0,33.46694670372232,Lamb,699.0,5.0,Education,Primary/Secondary Classroom,8711.0,93764.0,51.49783804108846,-3.186245571244898,Europe/London,Yes,,,,,,,Yes,Education,Primary/Secondary School,Gas,1945.0,,3.0,956.0,,,,,,C,0.6666666666666666,0.9,0.9850376196990425,0.9245263337893297
Lamb_education_Eula,17194,0.9800501595987232,1.0,1.816190068298339,Lamb,,5.0,Education,Primary/Secondary Classroom,2927.0,31506.0,51.49783804108846,-3.186245571244898,Europe/London,Yes,,,,,,,Yes,Education,Primary/Secondary School,Gas,1919.0,,2.0,212.0,,,,,,C,0.6666666666666666,0.9,0.9850376196990425,0.9245263337893297
Lamb_education_Mae,17194,0.9800501595987232,1.0,41.59139182593136,Lamb,695.0,5.0,Education,Primary/Secondary Classroom,11247.0,121062.0,51.49783804108846,-3.186245571244898,Europe/London,Yes,,,,,,,Yes,Education,Primary/Secondary School,Gas,1976.0,,3.0,1395.0,,,,,,C,0.6666666666666666,0.9,0.9850376196990425,0.9245263337893297
Lamb_education_Armando,17194,0.9800501595987232,1.0,38.09847288979178,Lamb,726.0,5.0,Education,Primary/Secondary Classroom,11200.9,120566.0,51.49783804108846,-3.186245571244898,Europe/London,Yes,,,,,,,Yes,Education,Primary/Secondary School,Gas,1945.0,,2.0,875.0,,,,,,D,0.6666666666666666,0.9,0.9850376196990425,0.9245263337893297
Lamb_education_Gabrielle,17194,0.9800501595987232,1.0,5.194449360466769,Lamb,706.0,5.0,Education,Primary/Secondary Classroom,2572.0,27685.0,51.49783804108846,-3.186245571244898,Europe/London,Yes,,,,,,,Yes,Education,Primary/Secondary School,Gas,1919.0,,2.0,414.0,,,,,,D,0.6666666666666666,0.9,0.9850376196990425,0.9245263337893297
Lamb_education_Lucas,17194,0.9800501595987232,1.0,5.306000901694983,Lamb,697.0,5.0,Education,Primary/Secondary Classroom,1737.0,18697.0,51.49783804108846,-3.186245571244898,Europe/London,Yes,,,,,,,Yes,Education,Primary/Secondary School,Gas,1919.0,,2.0,300.0,,,,,,E,0.6666666666666666,0.9,0.9850376196990425,0.9245263337893297
Lamb_education_Domitila,17194,0.9800501595987232,0.9991857624752821,49.77901332576585,Lamb,727.0,5.0,Education,Primary/Secondary Classroom,12924.0,139113.0,51.49783804108846,-3.186245571244898,Europe/London,Yes,,,,,,,Yes,Education,Primary/Secondary School,Gas,1976.0,,3.0,1695.0,,,,,,C,0.6666666666666666,0.9,0.984834060317863,0.924383842222504
Lamb_education_Luz,17194,0.9800501595987232,0.9991857624752821,54.05487248121228,Lamb,735.0,5.0,Education,Primary/Secondary Classroom,14474.9,155807.0,51.49783804108846,-3.186245571244898,Europe/London,Yes,,,,,,,Yes,Education,Primary/Secondary School,Biomass,2013.0,,2.0,1400.0,,,,,,,0.6666666666666666,0.9,0.984834060317863,0.924383842222504
Lamb_education_Lawrence,17194,0.9800501595987232,0.9991276026520879,7.3821728183383675,Lamb,709.0,5.0,Education,Primary/Secondary Classroom,2143.0,23067.0,51.49783804108846,-3.186245571244898,Europe/London,Yes,,,,,,,Yes,Education,Primary/Secondary School,Gas,1976.0,,2.0,202.0,,,,,,C,0.6666666666666666,0.9,0.9848195203620644,0.924373664253445
Lamb_education_Darrel,17194,0.9800501595987232,0.9991276026520879,38.62952399597251,Lamb,701.0,5.0,Education,Primary/Secondary Classroom,11954.9,128682.0,51.49783804108846,-3.186245571244898,Europe/London,Yes,,,,,,,Yes,Education,Primary/Secondary School,Gas,1966.0,,4.0,1500.0,,,,,,C,0.6666666666666666,0.9,0.9848195203620644,0.924373664253445
Lamb_education_Williams,17194,0.9800501595987232,0.9991276026520879,29.396491464902034,Lamb,724.0,5.0,Education,Primary/Secondary Classroom,8255.0,88856.0,51.49783804108846,-3.186245571244898,Europe/London,Yes,,,,,,,Yes,Education,Primary/Secondary School,Gas,1976.0,,2.0,1071.0,,,,,,D,0.6666666666666666,0.9,0.9848195203620644,0.924373664253445
Lamb_education_Mckenzie,17194,0.9800501595987232,0.9991276026520879,33.692564425819974,Lamb,730.0,5.0,Education,Primary/Secondary Classroom,11710.0,126045.0,51.49783804108846,-3.186245571244898,Europe/London,Yes,,,,,,,Yes,Education,Primary/Secondary School,Gas,1966.0,,4.0,1164.0,,,,,,E,0.6666666666666666,0.9,0.9848195203620644,0.924373664253445
Lamb_education_Antonio,17194,0.9800501595987232,0.9991276026520879,34.47808908493689,Lamb,708.0,5.0,Education,Primary/Secondary Classroom,9516.0,102429.0,51.49783804108846,-3.186245571244898,Europe/London,Yes,,,,,,,Yes,Education,Primary/Secondary School,Gas,1945.0,,4.0,1598.0,,,,,,E,0.6666666666666666,0.9,0.9848195203620644,0.924373664253445
Lamb_education_Robin,17194,0.9800501595987232,0.9990694428288938,32.565894636053095,Lamb,736.0,5.0,Education,Primary/Secondary Classroom,8794.0,94658.0,51.49783804108846,-3.186245571244898,Europe/London,Yes,,,,,,,Yes,Education,Primary/Secondary School,Gas,1976.0,,3.0,856.0,,,,,,G,0.6666666666666666,0.9,0.984804980406266,0.9243634862843861
Lamb_education_Philomena,17194,0.9800501595987232,0.9984878445969524,33.238360203415525,Lamb,739.0,5.0,Education,Primary/Secondary Classroom,12732.0,137046.0,51.49783804108846,-3.186245571244898,Europe/London,Yes,,,,,,,Yes,Government,Primary/Secondary School,Gas,1966.0,,2.0,1104.0,,,,,,C,0.6666666666666666,0.9,0.9846595808482805,0.9242617065937964
Lamb_education_Junior,17194,0.9800501595987232,0.9981388856577876,38.79701067821781,Lamb,721.0,5.0,Education,Primary/Secondary Classroom,11285.0,121471.0,51.49783804108846,-3.186245571244898,Europe/London,Yes,,,,,,,Yes,Education,Primary/Secondary School,Gas,1966.0,,3.0,1140.0,,,,,,D,0.6666666666666666,0.9,0.9845723411134893,0.9242006387794425
Lamb_education_Hubert,17194,0.9800501595987232,0.9976154472490404,8.91354763091967,Lamb,707.0,5.0,Education,Primary/Secondary Classroom,1047.0,11270.0,51.49783804108846,-3.186245571244898,Europe/London,Yes,,,,,,,,Education,Primary/Secondary School,Gas,1976.0,,1.0,71.0,,,,,,C,0.6666666666666666,0.9,0.9844414815113025,0.9241090370579117
Hog_public_Brad,17513,0.9982330141358869,1.0,89.22427303486644,Hog,1212.0,13.0,Public services,Library,22066.1,237518.0,44.97878184783975,-93.2553976421019,US/Central,Yes,,Yes,Yes,,,,,,,,,,,,-,283.8,497.7,282.6,,,0.5,1.0,0.9986747606019152,0.9240723324213406
Lamb_education_Stefan,17194,0.9800501595987232,0.9973246481330696,9.380973646244612,Lamb,715.0,5.0,Education,Primary/Secondary Classroom,2151.0,23153.0,51.49783804108846,-3.186245571244898,Europe/London,Yes,,,,,,,Yes,Education,Primary/Secondary School,Gas,1976.0,,2.0,403.0,,,,,,C,0.6666666666666666,0.9,0.9843687817323099,0.9240581472126169
Lamb_education_Rick,17194,0.9800501595987232,0.9973246481330696,7.7794362195242535,Lamb,704.0,5.0,Education,Primary/Secondary Classroom,1584.0,17050.0,51.49783804108846,-3.186245571244898,Europe/London,Yes,,,,,,,Yes,Education,Primary/Secondary School,Gas,1966.0,,1.0,389.0,,,,,,D,0.6666666666666666,0.9,0.9843687817323099,0.9240581472126169
Lamb_education_Maxwell,17194,0.9800501595987232,0.9973246481330696,6.396706449453508,Lamb,719.0,5.0,Education,Primary/Secondary Classroom,2635.0,28363.0,51.49783804108846,-3.186245571244898,Europe/London,Yes,,,,,,,Yes,Education,Primary/Secondary School,Gas,1919.0,,2.0,336.0,,,,,,D,0.6666666666666666,0.9,0.9843687817323099,0.9240581472126169
Lamb_education_Garry,17194,0.9800501595987232,0.9973246481330696,9.568959975543441,Lamb,,5.0,Education,Primary/Secondary Classroom,3157.0,33982.0,51.49783804108846,-3.186245571244898,Europe/London,Yes,,,,,,,Yes,Education,Primary/Secondary School,Gas,1976.0,,3.0,353.0,,,,,,C,0.6666666666666666,0.9,0.9843687817323099,0.9240581472126169
Lamb_education_Augustine,17194,0.9800501595987232,0.9973246481330696,7.4216205167801395,Lamb,722.0,5.0,Education,Primary/Secondary Classroom,2939.0,31635.0,51.49783804108846,-3.186245571244898,Europe/London,Yes,,,,,,,Yes,Education,Primary/Secondary School,Gas,1966.0,,3.0,517.0,,,,,,C,0.6666666666666666,0.9,0.9843687817323099,0.9240581472126169
Lamb_education_Dwayne,17194,0.9800501595987232,0.9973246481330696,5.3564382137816855,Lamb,713.0,5.0,Education,Primary/Secondary Classroom,1391.0,14973.0,51.49783804108846,-3.186245571244898,Europe/London,Yes,,,,,,,Yes,Education,Primary/Secondary School,Gas,1976.0,,2.0,197.0,,,,,,E,0.6666666666666666,0.9,0.9843687817323099,0.9240581472126169
Lamb_education_Hilary,17194,0.9800501595987232,0.9972664883098755,4.9973418300284305,Lamb,725.0,5.0,Education,Primary/Secondary Classroom,1281.0,13789.0,51.49783804108846,-3.186245571244898,Europe/London,Yes,,,,,,,Yes,Education,Primary/Secondary School,Gas,1919.0,,1.0,193.0,,,,,,,0.6666666666666666,0.9,0.9843542417765113,0.9240479692435579
Lamb_education_Randal,17544,1.0,0.9373575011399908,8.642221628661284,Lamb,717.0,5.0,Education,Primary/Secondary Classroom,2678.0,28826.0,51.49783804108846,-3.186245571244898,Europe/London,Yes,,,,,,,Yes,Education,Primary/Secondary School,Gas,1976.0,,2.0,284.0,,,,,,C,0.6666666666666666,0.9,0.9843393752849977,0.9240375626994983
Lamb_education_Maritza,17544,1.0,0.9373575011399908,4.7053440079213855,Lamb,728.0,5.0,Education,Primary/Secondary Classroom,2815.0,30300.0,51.49783804108846,-3.186245571244898,Europe/London,Yes,,,,,,,Yes,Education,Primary/Secondary School,Gas,1966.0,,2.0,304.0,,,,,,D,0.6666666666666666,0.9,0.9843393752849977,0.9240375626994983
Lamb_education_Hui,17194,0.9800501595987232,0.9971501686634873,14.334371907342245,Lamb,716.0,5.0,Education,Primary/Secondary Classroom,3462.0,37265.0,51.49783804108846,-3.186245571244898,Europe/London,Yes,,,,,,,Yes,Education,Primary/Secondary School,Gas,1919.0,,3.0,362.0,,,,,,D,0.6666666666666666,0.9,0.9843251618649143,0.9240276133054399
Lamb_education_Bettye,17194,0.9800501595987232,0.9960451320227987,10.304094297428213,Lamb,,5.0,Education,Primary/Secondary Classroom,2692.0,28976.0,51.49783804108846,-3.186245571244898,Europe/London,Yes,,,,,,,Yes,Education,Primary/Secondary School,Gas,1919.0,,3.0,524.0,,,,,,D,0.6666666666666666,0.9,0.9840489027047421,0.9238342318933194
Lamb_education_Daniel,17194,0.9800501595987232,0.9959288123764104,6.795536587171813,Lamb,711.0,5.0,Education,Primary/Secondary Classroom,1432.0,15414.0,51.49783804108846,-3.186245571244898,Europe/London,Yes,,,,,,,Yes,Education,Primary/Secondary School,Gas,1976.0,,1.0,214.0,,,,,,D,0.6666666666666666,0.9,0.984019822793145,0.9238138759552015
Lamb_education_Emilie,17544,1.0,0.936046511627907,4.802906459256792,Lamb,741.0,5.0,Education,Primary/Secondary Classroom,1303.0,14025.0,51.49783804108846,-3.186245571244898,Europe/London,Yes,,,,,,,Yes,Government,Primary/Secondary School,Gas,1966.0,,1.0,171.0,,,,,,F,0.6666666666666666,0.9,0.9840116279069767,0.9238081395348836
Lamb_education_Sunny,17194,0.9800501595987232,0.9955798534372455,6.792236147319676,Lamb,720.0,5.0,Education,Primary/Secondary Classroom,1691.0,18202.0,51.49783804108846,-3.186245571244898,Europe/London,Yes,,,,,,,Yes,Education,Primary/Secondary School,Gas,1919.0,,2.0,333.0,,,,,,D,0.6666666666666666,0.9,0.9839325830583538,0.9237528081408476
Lamb_education_Larissa,17194,0.9800501595987232,0.9934279399790624,8.157886794178403,Lamb,,5.0,Education,Primary/Secondary Classroom,2555.0,27502.0,51.49783804108846,-3.186245571244898,Europe/London,Yes,,,,,,,Yes,Education,Primary/Secondary School,Gas,1976.0,,2.0,315.0,,,,,,E,0.6666666666666666,0.9,0.983394604693808,0.9233762232856656
Hog_public_Crystal,17475,0.9960670314637483,1.0,119.00589847373948,Hog,1158.0,13.0,Public services,Library,27388.9,294812.0,44.97878184783975,-93.2553976421019,US/Central,Yes,,Yes,Yes,,,,,,,,,,,,-,83,148.9,82.4,,,0.5,1.0,0.9970502735978113,0.9229351915184678
Lamb_education_Chet,17490,0.996922024623803,0.9371069182389937,2.5136376176315713,Lamb,,5.0,Education,Primary/Secondary Classroom,1078.0,11603.0,51.49783804108846,-3.186245571244898,Europe/London,Yes,,,,,,,Yes,Government,Primary/Secondary School,Gas,1945.0,,2.0,235.0,,,,,,C,0.6666666666666666,0.9,0.9819682480276006,0.9223777736193204
Lamb_education_Ruben,17415,0.9926470588235294,0.9369509043927648,6.271249680497872,Lamb,,5.0,Education,Primary/Secondary Classroom,1578.0,16985.0,51.49783804108846,-3.186245571244898,Europe/London,Yes,,,,,,,Yes,Education,Primary/Secondary School,Gas,1976.0,,1.0,236.0,,,,,,F,0.6666666666666666,0.9,0.9787230202158383,0.9201061141510868
Hog_public_Octavia,17379,0.990595075239398,1.0,43.048800785490755,Hog,1104.0,13.0,Public services,Library,18554.8,199722.0,44.97878184783975,-93.2553976421019,US/Central,Yes,,Yes,Yes,,,,,,,,,,,,-,217.3,289.2,217,,,0.5,1.0,0.9929463064295485,0.9200624145006839
Lamb_office_Velma,17544,1.0,0.9998860009119928,59.47942396345949,Lamb,684.0,5.0,Office,Office,14165.0,152471.0,51.49783804108846,-3.186245571244898,Europe/London,Yes,,,,,,,Yes,Government,"City, County, State",Gas,1919.0,,3.0,293.0,,,,,,E,0.6666666666666666,0.8,0.9999715002279982,0.9199800501595987
Lamb_education_Lemuel,17403,0.9919630642954856,0.9369074297534907,8.550008124772619,Lamb,,5.0,Education,Primary/Secondary Classroom,1589.0,17104.0,51.49783804108846,-3.186245571244898,Europe/London,Yes,,,,,,,Yes,Education,Primary/Secondary School,Gas,1966.0,,2.0,124.0,,,,,,E,0.6666666666666666,0.9,0.9781991556599869,0.9197394089619908
Lamb_office_Vasiliki,17544,1.0,0.9975490196078431,198.6768399029866,Lamb,685.0,5.0,Office,Office,25087.0,270034.0,51.49783804108846,-3.186245571244898,Europe/London,Yes,,,,,,,Yes,Government,"City, County, State",Gas,1976.0,,5.0,1122.0,,,,,,F,0.6666666666666666,0.8,0.9993872549019608,0.9195710784313725
Lamb_office_Raymond,17512,0.9981760145918832,0.9973732297852901,8.713718135200414,Lamb,690.0,5.0,Office,Office,1805.0,19429.0,51.49783804108846,-3.186245571244898,Europe/London,Yes,,,,,,,Yes,Government,"City, County, State",Gas,1945.0,,2.0,133.0,,,,,,E,0.6666666666666666,0.8,0.9979753183902349,0.9185827228731643
Lamb_education_Nichol,17194,0.9800501595987232,0.9596952425264628,2.224636262264033,Lamb,,5.0,Education,Primary/Secondary Classroom,4373.0,47071.0,51.49783804108846,-3.186245571244898,Europe/London,Yes,,,,,,,Yes,Education,Primary/Secondary School,Gas,1945.0,,2.0,219.0,,,,,,C,0.6666666666666666,0.9,0.9749614303306582,0.9174730012314607
Lamb_education_Hillary,17194,0.9800501595987232,0.9564964522507852,6.393298180608774,Lamb,,5.0,Education,Primary/Secondary Classroom,2238.0,24090.0,51.49783804108846,-3.186245571244898,Europe/London,Yes,,,,,,,Yes,Education,Primary/Secondary School,Gas,1976.0,,1.0,313.0,,,,,,C,0.6666666666666666,0.9,0.9741617327617388,0.9169132129332171
Lamb_education_Harold,17194,0.9800501595987232,0.9514365476328952,5.427608004859874,Lamb,,5.0,Education,Primary/Secondary Classroom,1188.0,12788.0,51.49783804108846,-3.186245571244898,Europe/London,Yes,,,,,,,Yes,Education,Primary/Secondary School,Gas,1966.0,,1.0,53.0,,,,,,E,0.6666666666666666,0.9,0.9728967566072663,0.9160277296250864
Hog_public_Kevin,17194,0.9800501595987232,1.0,321.65368947410843,Hog,1220.0,13.0,Public services,Library,35416.6,381221.0,44.97878184783975,-93.2553976421019,US/Central,Yes,,Yes,Yes,,,,,,,,,,,,-,117.5,171.4,114,,,0.5,1.0,0.9850376196990425,0.9145263337893297
Bear_public_Orville,17192,0.9799361605107159,1.0,20.730589092652387,Bear,603.0,4.0,Public services,Public services,2700.0,29063.0,37.87190340000004,-122.26072860000008,US/Pacific,Yes,,,,,,,,,,,2004.0,,3.0,,,,,,,,0.5,1.0,0.9849521203830369,0.9144664842681258
Bear_public_Jocelyn,17192,0.9799361605107159,1.0,11.861954725872197,Bear,598.0,4.0,Public services,Public services,6382.5,68701.0,37.87190340000004,-122.26072860000008,US/Pacific,Yes,,,,,,,,,,,1930.0,,4.0,,,,,,,,0.5,1.0,0.9849521203830369,0.9144664842681258
Bear_public_Rayna,17192,0.9799361605107159,1.0,67.39045148830613,Bear,586.0,4.0,Public services,Public services,15469.7,166514.0,37.87190340000004,-122.26072860000008,US/Pacific,Yes,,,,,,,,,,,1917.0,,5.0,,,,,,,,0.5,1.0,0.9849521203830369,0.9144664842681258
Bear_public_Lowell,17191,0.9798791609667122,1.0,39.389684227415465,Bear,585.0,4.0,Public services,Public services,12299.8,132394.0,37.87190340000004,-122.26072860000008,US/Pacific,Yes,,,,,,,,,,,1949.0,,7.0,,,,,,,,0.5,1.0,0.9849093707250342,0.9144365595075239
Lamb_public_Nyla,17544,1.0,0.9372435020519836,3.879495107846504,Lamb,677.0,5.0,Public services,Library,657.0,7072.0,51.49783804108846,-3.186245571244898,Europe/London,Yes,,,,,,,Yes,Government,Library,Gas,1919.0,,2.0,,,,,,,,0.5,1.0,0.9843108755129959,0.9140176128590971
Lamb_education_Vaughn,17194,0.9800501595987232,0.937420030243108,5.818070537350525,Lamb,734.0,5.0,Education,Primary/Secondary Classroom,2619.0,28191.0,51.49783804108846,-3.186245571244898,Europe/London,Yes,,,,,,,Yes,Education,Primary/Secondary School,Gas,1919.0,,1.0,515.0,,,,,,C,0.6666666666666666,0.9,0.9693926272598195,0.9135748390818735
Lamb_education_Leopoldo,17194,0.9800501595987232,0.937420030243108,8.016256683982904,Lamb,,5.0,Education,Primary/Secondary Classroom,3984.0,42883.0,51.49783804108846,-3.186245571244898,Europe/London,Yes,,,,,,,Yes,Education,Primary/Secondary School,Gas,1976.0,,2.0,64.0,,,,,,B,0.6666666666666666,0.9,0.9693926272598195,0.9135748390818735
Lamb_education_Norris,17194,0.9800501595987232,0.937420030243108,9.614155600039958,Lamb,703.0,5.0,Education,Primary/Secondary Classroom,3211.0,34563.0,51.49783804108846,-3.186245571244898,Europe/London,Yes,,,,,,,Yes,Education,Primary/Secondary School,Gas,1966.0,,1.0,317.0,,,,,,D,0.6666666666666666,0.9,0.9693926272598195,0.9135748390818735
Lamb_education_Wilbert,17194,0.9800501595987232,0.936140514132837,10.09806331647305,Lamb,,5.0,Education,Primary/Secondary Classroom,2215.0,23842.0,51.49783804108846,-3.186245571244898,Europe/London,Yes,,,,,,,Yes,Education,Primary/Secondary School,Gas,1945.0,,1.0,464.0,,,,,,D,0.6666666666666666,0.9,0.9690727482322518,0.9133509237625762
Lamb_education_Debby,17194,0.9800501595987232,0.936140514132837,10.857376901878649,Lamb,,5.0,Education,Primary/Secondary Classroom,2961.0,31872.0,51.49783804108846,-3.186245571244898,Europe/London,Yes,,,,,,,Yes,Education,Primary/Secondary School,Gas,1919.0,,2.0,383.0,,,,,,D,0.6666666666666666,0.9,0.9690727482322518,0.9133509237625762
Lamb_education_Ellen,17194,0.9800501595987232,0.936140514132837,5.288909722025356,Lamb,,5.0,Education,Primary/Secondary Classroom,2061.0,22184.0,51.49783804108846,-3.186245571244898,Europe/London,Yes,,,,,,,Yes,Education,Primary/Secondary School,Gas,1919.0,,2.0,387.0,,,,,,D,0.6666666666666666,0.9,0.9690727482322518,0.9133509237625762
Lamb_education_Fred,17194,0.9800501595987232,0.9360823543096429,7.367238095013229,Lamb,731.0,5.0,Education,Primary/Secondary Classroom,2708.0,29149.0,51.49783804108846,-3.186245571244898,Europe/London,Yes,,,,,,,Yes,Education,Primary/Secondary School,Gas,1919.0,,2.0,359.0,,,,,,D,0.6666666666666666,0.9,0.9690582082764532,0.9133407457935172
Lamb_education_Bert,17194,0.9800501595987232,0.9360823543096429,6.01285419340587,Lamb,718.0,5.0,Education,Primary/Secondary Classroom,2403.0,25866.0,51.49783804108846,-3.186245571244898,Europe/London,Yes,,,,,,,Yes,Education,Primary/Secondary School,Gas,1919.0,,2.0,427.0,,,,,,C,0.6666666666666666,0.9,0.9690582082764532,0.9133407457935172
Lamb_education_Faith,17194,0.9800501595987232,0.9360823543096429,7.50856102140308,Lamb,729.0,5.0,Education,Primary/Secondary Classroom,1597.0,17190.0,51.49783804108846,-3.186245571244898,Europe/London,Yes,,,,,,,Yes,Education,Primary/Secondary School,Gas,1919.0,,2.0,219.0,,,,,,E,0.6666666666666666,0.9,0.9690582082764532,0.9133407457935172
Lamb_education_Nathan,17194,0.9800501595987232,0.9360823543096429,4.911420835314438,Lamb,,5.0,Education,Primary/Secondary Classroom,2937.0,31614.0,51.49783804108846,-3.186245571244898,Europe/London,Yes,,,,,,,Yes,Education,Primary/Secondary School,Gas,1976.0,,2.0,293.0,,,,,,C,0.6666666666666666,0.9,0.9690582082764532,0.9133407457935172
Lamb_education_Moses,17194,0.9800501595987232,0.9360823543096429,6.2270303883027704,Lamb,698.0,5.0,Education,Primary/Secondary Classroom,1295.0,13939.0,51.49783804108846,-3.186245571244898,Europe/London,Yes,,,,,,,Yes,Education,Primary/Secondary School,Gas,1976.0,,1.0,149.0,,,,,,D,0.6666666666666666,0.9,0.9690582082764532,0.9133407457935172
Lamb_education_Hellen,17194,0.9800501595987232,0.9360241944864488,3.31131801966383,Lamb,710.0,5.0,Education,Primary/Secondary Classroom,1123.0,12088.0,51.49783804108846,-3.186245571244898,Europe/London,Yes,,,,,,,Yes,Education,Primary/Secondary School,Gas,1919.0,,4.0,29.0,,,,,,E,0.6666666666666666,0.9,0.9690436683206547,0.9133305678244582
Lamb_education_Wanda,17194,0.9800501595987232,0.9359660346632547,3.7823752914090747,Lamb,,5.0,Education,Primary/Secondary Classroom,1086.0,11690.0,51.49783804108846,-3.186245571244898,Europe/London,Yes,,,,,,,Yes,Education,Primary/Secondary School,Gas,1976.0,,1.0,201.0,,,,,,D,0.6666666666666666,0.9,0.9690291283648561,0.9133203898553992
Lamb_education_Kasha,17194,0.9800501595987232,0.9359660346632547,7.862673847987474,Lamb,,5.0,Education,Primary/Secondary Classroom,2335.0,25134.0,51.49783804108846,-3.186245571244898,Europe/London,Yes,,,,,,,Yes,Government,Primary/Secondary School,Gas,1966.0,,2.0,441.0,,,,,,C,0.6666666666666666,0.9,0.9690291283648561,0.9133203898553992
Lamb_education_Phil,17194,0.9800501595987232,0.9359078748400604,3.821913537550148,Lamb,,5.0,Education,Primary/Secondary Classroom,1014.0,10915.0,51.49783804108846,-3.186245571244898,Europe/London,Yes,,,,,,,Yes,Education,Primary/Secondary School,Gas,1976.0,,1.0,197.0,,,,,,D,0.6666666666666666,0.9,0.9690145884090575,0.9133102118863402
Lamb_education_Marty,17194,0.9800501595987232,0.9357333953704781,6.441347994613133,Lamb,,5.0,Education,Primary/Secondary Classroom,1201.0,12927.0,51.49783804108846,-3.186245571244898,Europe/London,Yes,,,,,,,Yes,Education,Primary/Secondary School,Gas,1976.0,,1.0,230.0,,,,,,E,0.6666666666666666,0.9,0.968970968541662,0.9132796779791633
Lamb_education_Sylvester,17194,0.9800501595987232,0.9355007560777016,3.1231859584011192,Lamb,712.0,5.0,Education,Primary/Secondary Classroom,2132.0,22949.0,51.49783804108846,-3.186245571244898,Europe/London,Yes,,,,,,,Yes,Education,Primary/Secondary School,Gas,1976.0,,1.0,269.0,,,,,,D,0.6666666666666666,0.9,0.9689128087184679,0.9132389661029274
Lamb_education_Kayla,17194,0.9800501595987232,0.9348028381993718,7.70763321218115,Lamb,,5.0,Education,Primary/Secondary Classroom,2418.0,26027.0,51.49783804108846,-3.186245571244898,Europe/London,Yes,,,,,,,Yes,Education,Primary/Secondary School,Gas,1919.0,,3.0,241.0,,,,,,D,0.6666666666666666,0.9,0.9687383292488854,0.9131168304742197
Lamb_education_Heidi,17194,0.9800501595987232,0.9348028381993718,7.455045713087373,Lamb,,5.0,Education,Primary/Secondary Classroom,2164.0,23293.0,51.49783804108846,-3.186245571244898,Europe/London,Yes,,,,,,,Yes,Education,Primary/Secondary School,Gas,1976.0,,1.0,402.0,,,,,,D,0.6666666666666666,0.9,0.9687383292488854,0.9131168304742197
Lamb_education_Salvador,17194,0.9800501595987232,0.9348028381993718,7.400931813456701,Lamb,,5.0,Education,Primary/Secondary Classroom,2570.0,27663.0,51.49783804108846,-3.186245571244898,Europe/London,Yes,,,,,,,Yes,Education,Primary/Secondary School,Gas,1966.0,,2.0,348.0,,,,,,C,0.6666666666666666,0.9,0.9687383292488854,0.9131168304742197
Lamb_education_Carlton,17194,0.9800501595987232,0.9347446783761777,10.805745011639159,Lamb,,5.0,Education,Primary/Secondary Classroom,3323.0,35768.0,51.49783804108846,-3.186245571244898,Europe/London,Yes,,,,,,,,Education,Primary/Secondary School,Gas,1966.0,,1.0,456.0,,,,,,D,0.6666666666666666,0.9,0.9687237892930869,0.9131066525051608
Lamb_education_Jane,17194,0.9800501595987232,0.9347446783761777,9.179533260976479,Lamb,,5.0,Education,Primary/Secondary Classroom,2777.0,29891.0,51.49783804108846,-3.186245571244898,Europe/London,Yes,,,,,,,Yes,Education,Primary/Secondary School,Gas,1966.0,,3.0,489.0,,,,,,C,0.6666666666666666,0.9,0.9687237892930869,0.9131066525051608
Lamb_education_Dolly,17194,0.9800501595987232,0.9345701989065953,5.4676940066506505,Lamb,,5.0,Education,Primary/Secondary Classroom,2154.0,23185.0,51.49783804108846,-3.186245571244898,Europe/London,Yes,,,,,,,Yes,Education,Primary/Secondary School,Gas,1966.0,,2.0,230.0,,,,,,C,0.6666666666666666,0.9,0.9686801694256912,0.9130761185979838
Lamb_education_Sabrina,17194,0.9800501595987232,0.9313132488077236,3.7336204454514266,Lamb,700.0,5.0,Education,Primary/Secondary Classroom,1065.0,11464.0,51.49783804108846,-3.186245571244898,Europe/London,Yes,,,,,,,Yes,Education,Primary/Secondary School,Gas,1976.0,,1.0,235.0,,,,,,D,0.6666666666666666,0.9,0.9678659319009734,0.9125061523306813
Lamb_office_Peggy,17285,0.9852371181030551,0.9917847844952271,2.3583341041595425,Lamb,683.0,5.0,Office,Office,432.0,4650.0,51.49783804108846,-3.186245571244898,Europe/London,Yes,,,,,,,,Government,"City, County, State",Gas,1976.0,,2.0,33.0,,,,,,,0.6666666666666666,0.8,0.9868740347010981,0.9108118242907687
Lamb_office_Jo,17364,0.9897400820793434,0.9775397373876987,1.0645964418427798,Lamb,,5.0,Office,Office,1542.0,16598.0,51.49783804108846,-3.186245571244898,Europe/London,Yes,,,,,,,Yes,Government,"City, County, State",Oil,1976.0,,2.0,0.0,,,,,,C,0.6666666666666666,0.8,0.9866899959064321,0.9106829971345024
Robin_education_Zenia,17544,1.0,1.0,52.755753591081,Robin,120.0,1.0,Education,College Laboratory,6337.0,68211.0,51.51878965384613,-0.1345562307692307,Europe/London,Yes,,,,,,,,Education,College/University,Heat network,1976.0,,7.0,,,,,,,G,0.5,0.9,1.0,0.9099999999999999
Hog_education_Donnie,17544,1.0,1.0,71.48343643338252,Hog,1201.0,13.0,Education,Auditorium,6837.4,73597.0,44.97878184783975,-93.2553976421019,US/Central,Yes,,Yes,,,,,,,,,,,,,-,101.7,181.8,99.5,,,0.5,0.9,1.0,0.9099999999999999
Hog_education_Rachael,17544,1.0,1.0,24.389541982347524,Hog,1138.0,13.0,Education,College Laboratory,3715.0,39988.0,44.97878184783975,-93.2553976421019,US/Central,Yes,,,,,,,,,,,,,,,-,157.7,270.7,154.5,,,0.5,0.9,1.0,0.9099999999999999
Hog_education_Madge,17543,0.9999430004559964,1.0,24.932735636667246,Hog,1217.0,13.0,Education,Auditorium,6786.0,73044.0,44.97878184783975,-93.2553976421019,US/Central,Yes,,Yes,Yes,,,,,,,,,,,,-,108.7,183.2,108.5,,,0.5,0.9,0.9999572503419973,0.9099700752393981
Hog_education_Jewel,17543,0.9999430004559964,1.0,19.654180002552987,Hog,1198.0,13.0,Education,Student Union,7912.0,85164.0,44.97878184783975,-93.2553976421019,US/Central,Yes,,Yes,Yes,,,,,,,,,,,,-,158.3,226.2,153.9,,,0.5,0.9,0.9999572503419973,0.9099700752393981
Bear_education_Bob,17542,0.9998860009119928,1.0,49.563428089870115,Bear,589.0,4.0,Education,Education,28360.3,305268.0,37.87190340000004,-122.26072860000008,US/Pacific,Yes,,,,,,,,,,,1952.0,,8.0,,,,,,,,0.5,0.9,0.9999145006839946,0.9099401504787962
Bear_education_Iris,17542,0.9998860009119928,1.0,20.19589152515058,Bear,646.0,4.0,Education,Education,5456.5,58733.0,37.87190340000004,-122.26072860000008,US/Pacific,Yes,,,,,,,,,,,1923.0,,6.0,,,,,,,,0.5,0.9,0.9999145006839946,0.9099401504787962
Robin_education_Derrick,17541,0.999829001367989,1.0,66.67481326845629,Robin,111.0,1.0,Education,College Laboratory,10994.0,118338.0,51.51878965384613,-0.1345562307692307,Europe/London,Yes,,,,,,,,Education,College/University,Heat network,1909.0,,7.0,,,,,,,F,0.5,0.9,0.9998717510259918,0.9099102257181941
Bear_education_Danna,17541,0.999829001367989,1.0,43.78224990631397,Bear,580.0,4.0,Education,Education,9663.4,104016.0,37.87190340000004,-122.26072860000008,US/Pacific,Yes,,,,,,,,,,,1960.0,,4.0,,,,,,,,0.5,0.9,0.9998717510259918,0.9099102257181941
Bear_education_Leonel,17540,0.9997720018239854,1.0,86.69154928250013,Bear,650.0,4.0,Education,Education,6988.9,75228.0,37.87190340000004,-122.26072860000008,US/Pacific,Yes,,,,,,,,,,,1993.0,,4.0,,,,,,,,0.5,0.9,0.999829001367989,0.9098803009575922
Robin_education_Madeline,17539,0.9997150022799818,1.0,41.24237317765318,Robin,113.0,1.0,Education,College Laboratory,9335.0,100481.0,51.51878965384613,-0.1345562307692307,Europe/London,Yes,Yes,,,,,,,Education,College/University,Heat network,1958.0,,9.0,,,,,,,F,0.5,0.9,0.9997862517099864,0.9098503761969904
Hog_education_Robert,17537,0.9996010031919744,1.0,208.91784645695137,Hog,1099.0,13.0,Education,Student Union,30925.9,332884.0,44.97878184783975,-93.2553976421019,US/Central,Yes,,,Yes,,,,,,,,,,,,-,106.7,203.9,107.7,,,0.5,0.9,0.9997007523939808,0.9097905266757865
Bear_education_Val,17536,0.9995440036479708,1.0,43.46754938916127,Bear,594.0,4.0,Education,Education,16469.9,177281.0,37.87190340000004,-122.26072860000008,US/Pacific,Yes,,,,,,,,,,,1964.0,,7.0,,,,,,,,0.5,0.9,0.999658002735978,0.9097606019151846
Bear_education_Elise,17533,0.9993730050159598,1.0,48.396109221960444,Bear,655.0,4.0,Education,Education,20664.8,222434.0,37.87190340000004,-122.26072860000008,US/Pacific,Yes,,,,,,,,,,,1964.0,,11.0,,,,,,,,0.5,0.9,0.9995297537619698,0.9096708276333788
Bear_education_Gavin,17533,0.9993730050159598,1.0,9.484526763257943,Bear,612.0,4.0,Education,Education,7158.6,77055.0,37.87190340000004,-122.26072860000008,US/Pacific,Yes,,,,,,,,,,,1917.0,,4.0,,,,,,,,0.5,0.9,0.9995297537619698,0.9096708276333788
Bear_education_Paola,17530,0.999202006383949,1.0,59.956498420951945,Bear,584.0,4.0,Education,Education,12802.6,137806.0,37.87190340000004,-122.26072860000008,US/Pacific,Yes,,,,,,,,,,,1967.0,,8.0,,,,,,,,0.5,0.9,0.9994015047879617,0.9095810533515731
Hog_education_Wayne,17529,0.9991450068399452,1.0,39.3078776941425,Hog,1121.0,13.0,Education,College Laboratory,7964.8,85732.0,44.97878184783975,-93.2553976421019,US/Central,Yes,,Yes,Yes,,,,,,,,,,,,-,205.1,324,195.8,,,0.5,0.9,0.999358755129959,0.9095511285909712
Lamb_office_Caitlin,17194,0.9800501595987232,1.0,33.17139255762559,Lamb,687.0,5.0,Office,Office,3365.0,36221.0,51.49783804108846,-3.186245571244898,Europe/London,Yes,,,,,,,Yes,Government,"City, County, State",Gas,1976.0,,4.0,340.0,,,,,,E,0.6666666666666666,0.8,0.9850376196990425,0.9095263337893297
Lamb_office_Bertha,17194,0.9800501595987232,1.0,54.713226588215186,Lamb,693.0,5.0,Office,Office,5336.0,57436.0,51.49783804108846,-3.186245571244898,Europe/London,Yes,,,,,,,Yes,Government,"City, County, State",Gas,1976.0,,3.0,556.0,,,,,,F,0.6666666666666666,0.8,0.9850376196990425,0.9095263337893297
Bear_education_Sharon,17523,0.9988030095759234,1.0,13.691049428221387,Bear,627.0,4.0,Education,Education,5261.7,56637.0,37.87190340000004,-122.26072860000008,US/Pacific,Yes,,,,,,,,,,,1953.0,,5.0,,,,,,,,0.5,0.9,0.9991022571819426,0.9093715800273597
Lamb_education_Manuel,17538,0.9996580027359782,0.9973771239594025,11.109966779239253,Lamb,694.0,5.0,Education,Primary/Secondary Classroom,2844.0,30613.0,51.49783804108846,-3.186245571244898,Europe/London,Yes,,,,,,,,Education,Primary/Secondary School,Gas,1976.0,,4.0,,,,,,,G,0.5,0.9,0.9990877830418342,0.9093614481292839
Robin_education_Mercedes,17522,0.9987460100319198,1.0,62.200549007570906,Robin,109.0,1.0,Education,College Laboratory,5295.0,56995.0,51.51878965384613,-0.1345562307692307,Europe/London,Yes,Yes,,,,,,,Education,College/University,Heat network,1953.0,,6.0,,,,,,,G,0.5,0.9,0.9990595075239398,0.9093416552667578
Robin_education_Cecilia,17515,0.9983470132238942,1.0,15.451849491619507,Robin,117.0,1.0,Education,College Laboratory,1439.0,15489.0,51.51878965384613,-0.1345562307692307,Europe/London,Yes,Yes,,,,,,,Education,College/University,Heat network,2004.0,,4.0,,,,,,,E,0.5,0.9,0.9987602599179206,0.9091321819425443
Hog_education_Sonia,17510,0.998062015503876,1.0,86.04489338960062,Hog,1107.0,13.0,Education,College Laboratory,17103.3,184098.0,44.97878184783975,-93.2553976421019,US/Central,Yes,,Yes,Yes,,,,,,,,,,,,-,346.8,531.3,338.7,,,0.5,0.9,0.998546511627907,0.9089825581395348
Moose_education_Marlon,17510,0.998062015503876,1.0,71.26928268108922,Moose,796.0,7.0,Education,College Classroom,21000.0,226042.0,45.4215,-75.6972,US/Eastern,Yes,,Yes,Yes,,,,,Education,College/University,,1965.0,,2.0,,,,,,,,0.5,0.9,0.998546511627907,0.9089825581395348
Bear_education_Marta,17507,0.997891016871865,0.9999428799908608,22.96326789113113,Bear,571.0,4.0,Education,Education,4455.1,47954.0,37.87190340000004,-122.26072860000008,US/Pacific,Yes,,,,,,,,,,,1980.0,,3.0,,,,,,,,0.5,0.9,0.998403982651614,0.9088827878561297
Robin_education_So,17504,0.9977200182398541,1.0,62.425868841272965,Robin,115.0,1.0,Education,College Laboratory,12051.0,129716.0,51.51878965384613,-0.1345562307692307,Europe/London,Yes,,,,,,,,Education,College/University,Heat network,1968.0,,6.0,,,,,,,F,0.5,0.9,0.9982900136798906,0.9088030095759233
Hog_education_George,17503,0.9976630186958504,1.0,29.63593897721845,Hog,1126.0,13.0,Education,College Laboratory,6719.9,72332.0,44.97878184783975,-93.2553976421019,US/Central,Yes,,Yes,Yes,,,,,,,,,,,,-,307.8,502.9,307.9,,,0.5,0.9,0.9982472640218878,0.9087730848153214
Bear_education_Patricia,17503,0.9976630186958504,1.0,69.41408016132216,Bear,617.0,4.0,Education,Education,16996.0,182943.0,37.87190340000004,-122.26072860000008,US/Pacific,Yes,,,,,,,,,,,1963.0,,11.0,,,,,,,,0.5,0.9,0.9982472640218878,0.9087730848153214
Bear_education_Herb,17503,0.9976630186958504,1.0,4.731810843386491,Bear,573.0,4.0,Education,Education,2212.5,23815.0,37.87190340000004,-122.26072860000008,US/Pacific,Yes,,,,,,,,,,,1914.0,,4.0,,,,,,,,0.5,0.9,0.9982472640218878,0.9087730848153214
Bear_education_Pattie,17501,0.9975490196078431,1.0,34.004251828965494,Bear,576.0,4.0,Education,Education,8032.9,86465.0,37.87190340000004,-122.26072860000008,US/Pacific,Yes,,,,,,,,,,,2014.0,,7.0,,,,,,,,0.5,0.9,0.9981617647058824,0.9087132352941176
Bear_education_Herman,17501,0.9975490196078431,1.0,0.1411374382367249,Bear,634.0,4.0,Education,Education,371.6,4000.0,37.87190340000004,-122.26072860000008,US/Pacific,Yes,,,,,,,,,,,1910.0,,4.0,,,,,,,,0.5,0.9,0.9981617647058824,0.9087132352941176
Bear_education_Oscar,17501,0.9975490196078431,1.0,4.079869908252375,Bear,631.0,4.0,Education,Education,2186.3,23533.0,37.87190340000004,-122.26072860000008,US/Pacific,Yes,,,,,,,,,,,1906.0,,3.0,,,,,,,,0.5,0.9,0.9981617647058824,0.9087132352941176
Bear_education_Marsha,17501,0.9975490196078431,1.0,23.92756158439386,Bear,643.0,4.0,Education,Education,10304.7,110919.0,37.87190340000004,-122.26072860000008,US/Pacific,Yes,,,,,,,,,,,1941.0,,6.0,,,,,,,,0.5,0.9,0.9981617647058824,0.9087132352941176
Robin_education_Megan,17501,0.9975490196078431,1.0,47.62541860096398,Robin,108.0,1.0,Education,College Laboratory,7579.0,81580.0,51.51878965384613,-0.1345562307692307,Europe/London,Yes,,,,,,,,Education,College/University,Heat network,1913.0,,5.0,,,,,,,,0.5,0.9,0.9981617647058824,0.9087132352941176
Bear_education_Yuri,17500,0.9974920200638395,1.0,12.53204902859455,Bear,629.0,4.0,Education,Education,3793.7,40835.0,37.87190340000004,-122.26072860000008,US/Pacific,Yes,,,,,,,,,,,1931.0,,6.0,,,,,,,,0.5,0.9,0.9981190150478796,0.9086833105335156
Hog_education_Beth,17499,0.9974350205198358,1.0,35.540761996562544,Hog,1176.0,13.0,Education,College Laboratory,13254.7,142672.0,44.97878184783975,-93.2553976421019,US/Central,Yes,,Yes,Yes,,,,,,,,,,,,-,101.4,149.6,99,,,0.5,0.9,0.9980762653898768,0.9086533857729137
Bear_education_Clint,17497,0.9973210214318285,1.0,9.694816756746409,Bear,632.0,4.0,Education,Education,3836.6,41297.0,37.87190340000004,-122.26072860000008,US/Pacific,Yes,,,,,,,,,,,1959.0,,6.0,,,,,,,,0.5,0.9,0.9979907660738714,0.9085935362517099
Bear_education_Tara,17497,0.9973210214318285,0.9999428473452592,1.31060866715082,Bear,638.0,4.0,Education,Education,733.9,7900.0,37.87190340000004,-122.26072860000008,US/Pacific,Yes,,,,,,,,,,,1923.0,,4.0,,,,,,,,0.5,0.9,0.9979764779101862,0.9085835345371303
Bear_education_Austin,17495,0.9972070223438213,1.0,14.678246156817465,Bear,588.0,4.0,Education,Education,2031.4,21866.0,37.87190340000004,-122.26072860000008,US/Pacific,Yes,,,,,,,,,,,1911.0,,4.0,,,,,,,,0.5,0.9,0.997905266757866,0.908533686730506
Bear_education_Rebecca,17491,0.9969790241678067,1.0,85.46530790438473,Bear,615.0,4.0,Education,Education,14279.2,153700.0,37.87190340000004,-122.26072860000008,US/Pacific,Yes,,,,,,,,,,,1990.0,,7.0,,,,,,,,0.5,0.9,0.997734268125855,0.9084139876880984
Hog_education_Hallie,17486,0.9966940264477884,1.0,6.764591004321562,Hog,1095.0,13.0,Education,College Laboratory,2996.7,32256.0,44.97878184783975,-93.2553976421019,US/Central,Yes,,Yes,,,,,,,,,,,,,-,447.3,624.1,438.5,,,0.5,0.9,0.9975205198358412,0.9082643638850888
Hog_education_Leandro,17485,0.9966370269037848,1.0,80.12149182621543,Hog,1080.0,13.0,Education,College Laboratory,19241.6,207115.0,44.97878184783975,-93.2553976421019,US/Central,Yes,,Yes,Yes,,,,,,,,,,,,-,187.3,305.5,182.8,,,0.5,0.9,0.9974777701778386,0.9082344391244869
Bear_education_Alvaro,17481,0.9964090287277702,1.0,61.71666307684794,Bear,641.0,4.0,Education,Education,10181.1,109588.0,37.87190340000004,-122.26072860000008,US/Pacific,Yes,,,,,,,,,,,1994.0,,8.0,,,,,,,,0.5,0.9,0.9973067715458276,0.9081147400820793
Bear_education_Thuy,17479,0.9962950296397629,1.0,82.76313625425226,Bear,595.0,4.0,Education,Education,25122.2,270413.0,37.87190340000004,-122.26072860000008,US/Pacific,Yes,,,,,,,,,,,1971.0,,14.0,,,,,,,,0.5,0.9,0.9972212722298222,0.9080548905608754
Bear_education_Augusta,17476,0.9961240310077519,1.0,58.4190635005882,Bear,652.0,4.0,Education,Education,14017.9,150887.0,37.87190340000004,-122.26072860000008,US/Pacific,Yes,,,,,,,,,,,1959.0,,9.0,,,,,,,,0.5,0.9,0.997093023255814,0.9079651162790697
Gator_public_Randall,16966,0.9670542635658915,1.0,20.820688883864854,Gator,826.0,8.0,Public services,"Community Center, Community Centers",1806.6,19446.0,,,US/Eastern,Yes,,,,,,,,,,,,,1.0,100.0,,,,,,,0.5,1.0,0.9752906976744187,0.907703488372093
Hog_education_Jared,17502,0.9976060191518468,0.9937150039995429,8.116114021418188,Hog,1079.0,13.0,Education,College Classroom,1317.8,14185.0,44.97878184783975,-93.2553976421019,US/Central,Yes,,Yes,Yes,,,,,,,,,,,,-,93.8,153.1,91.7,,,0.5,0.9,0.9966332653637708,0.9076432857546395
Bear_education_Wilton,17460,0.9952120383036935,1.0,164.40942042720846,Bear,645.0,4.0,Education,Education,28273.4,304333.0,37.87190340000004,-122.26072860000008,US/Pacific,Yes,,,,,,,,,,,2006.0,,12.0,,,,,,,,0.5,0.9,0.9964090287277702,0.9074863201094391
Robin_education_Audrea,17459,0.9951550387596899,1.0,48.841034451158,Robin,110.0,1.0,Education,College Laboratory,2584.0,27814.0,51.51878965384613,-0.1345562307692307,Europe/London,Yes,Yes,,,,,,,Education,College/University,Heat network,2006.0,,8.0,,,,,,,G,0.5,0.9,0.9963662790697674,0.907456395348837
Robin_education_Margarito,17459,0.9951550387596899,1.0,70.28037085039432,Robin,119.0,1.0,Education,College Laboratory,8468.0,91149.0,51.51878965384613,-0.1345562307692307,Europe/London,Yes,Yes,,,,,,,Education,College/University,Heat network,2007.0,,7.0,,,,,,,E,0.5,0.9,0.9963662790697674,0.907456395348837
Moose_education_Gladys,17453,0.9948130414956681,1.0,295.16771866261195,Moose,794.0,7.0,Education,College Classroom,67999.9,731945.0,45.4215,-75.6972,US/Eastern,Yes,Yes,Yes,,,,,,Education,College/University,,1969.0,,11.0,,,,,,,,0.5,0.9,0.9961097811217511,0.9072768467852257
Bear_education_Chad,17448,0.9945280437756497,1.0,166.02976357503601,Bear,653.0,4.0,Education,Education,39101.5,420885.0,37.87190340000004,-122.26072860000008,US/Pacific,Yes,,,,,,,,,,,1930.0,,8.0,,,,,,,,0.5,0.9,0.9958960328317373,0.907127222982216
Bear_education_Curtis,17444,0.9943000455996353,1.0,10.669925077690522,Bear,600.0,4.0,Education,Education,4104.6,44182.0,37.87190340000004,-122.26072860000008,US/Pacific,Yes,,,,,,,,,,,1917.0,,5.0,,,,,,,,0.5,0.9,0.9957250341997265,0.9070075239398084
Moose_education_Maria,17450,0.9946420428636571,0.9986819484240688,197.4970100467714,Moose,795.0,7.0,Education,College Classroom,35999.9,387500.0,45.4215,-75.6972,US/Eastern,Yes,Yes,Yes,,,,,,Education,College/University,,1960.0,,6.0,,,,,,,,0.5,0.9,0.9956520192537599,0.9069564134776319
Bear_education_Bulah,17442,0.9941860465116279,1.0,138.72122435116867,Bear,620.0,4.0,Education,Education,20504.0,220703.0,37.87190340000004,-122.26072860000008,US/Pacific,Yes,,,,,,,,,,,2011.0,,9.0,,,,,,,,0.5,0.9,0.9956395348837209,0.9069476744186046
Gator_public_Kenny,16942,0.9656862745098039,0.9985834021957266,36.82480217082399,Gator,864.0,8.0,Public services,"Community Center, Community Centers",1540.7,16584.0,,,US/Eastern,Yes,,,,,,,,,,,,,1.0,100.0,,,,,,,0.5,1.0,0.9739105564312845,0.9067373895018991
Bear_education_Wm,17424,0.9931600547195623,1.0,12.14841889410611,Bear,630.0,4.0,Education,Education,8679.0,93420.0,37.87190340000004,-122.26072860000008,US/Pacific,Yes,,,,,,,,,,,1948.0,,5.0,,,,,,,,0.5,0.9,0.9948700410396717,0.9064090287277701
Gator_public_Beulah,16918,0.9643182854537163,1.0,2.379969733934108,Gator,818.0,8.0,Public services,"Fire Station, Fire Stations",338.9,3648.0,,,US/Eastern,Yes,,,,,,,,,,,,,1.0,4.0,,,,,,,0.5,1.0,0.9732387140902873,0.9062670998632011
Gator_public_Leroy,16918,0.9643182854537163,1.0,7.987129870857509,Gator,836.0,8.0,Public services,"Community Center, Community Centers",758.8,8168.0,,,US/Eastern,Yes,,,,,,,,,,,,,1.0,100.0,,,,,,,0.5,1.0,0.9732387140902873,0.9062670998632011
Bear_education_Zandra,17419,0.992875056999544,1.0,82.8214914047377,Bear,648.0,4.0,Education,Education,14372.7,154706.0,37.87190340000004,-122.26072860000008,US/Pacific,Yes,,,,,,,,,,,2009.0,,11.0,,,,,,,,0.5,0.9,0.994656292749658,0.9062594049247605
Bear_education_Maryjane,17415,0.9926470588235294,1.0,66.06476814889001,Bear,569.0,4.0,Education,Education,7998.1,86091.0,37.87190340000004,-122.26072860000008,US/Pacific,Yes,,,,,,,,,,,1964.0,,8.0,,,,,,,,0.5,0.9,0.9944852941176471,0.9061397058823529
Bear_education_Yvette,17409,0.9923050615595075,1.0,4.415176015462268,Bear,565.0,4.0,Education,Education,1423.8,15326.0,37.87190340000004,-122.26072860000008,US/Pacific,Yes,,,,,,,,,,,1954.0,,2.0,,,,,,,,0.5,0.9,0.9942287961696306,0.9059601573187414
Robin_education_Leslie,17404,0.9920200638394893,1.0,147.37569696294509,Robin,114.0,1.0,Education,College Laboratory,12977.0,139683.0,51.51878965384613,-0.1345562307692307,Europe/London,Yes,Yes,,,,,,,Education,College/University,Heat network,1958.0,,13.0,,,,,,,E,0.5,0.9,0.9940150478796169,0.9058105335157318
Hog_education_Roberto,17402,0.991906064751482,0.9999425353407654,70.96136998965525,Hog,1083.0,13.0,Education,College Classroom,9365.8,100813.0,44.97878184783975,-93.2553976421019,US/Central,Yes,,Yes,,,,,,,,,,,,,-,110.8,182.9,108.2,,,0.5,0.9,0.9939151823988028,0.9057406276791619
Robin_education_Terrance,17382,0.990766073871409,1.0,47.607999471369254,Robin,122.0,1.0,Education,College Laboratory,7714.9,83043.0,51.51878965384613,-0.1345562307692307,Europe/London,Yes,,,,,,,,Education,College/University,Gas,1991.0,,6.0,,,,,,,F,0.5,0.9,0.9930745554035567,0.9051521887824896
Hog_education_Jordan,17373,0.9902530779753762,1.0,35.50008486926708,Hog,1178.0,13.0,Education,College Classroom,12362.8,133072.0,44.97878184783975,-93.2553976421019,US/Central,Yes,,,Yes,,,,,,,,,,,,-,179.8,253.8,168.9,,,0.5,0.9,0.9926898084815321,0.9048828659370723
Bear_education_Sandy,17371,0.9901390788873689,1.0,1.3135060460435823,Bear,582.0,4.0,Education,Education,1351.0,14542.0,37.87190340000004,-122.26072860000008,US/Pacific,Yes,,,,,,,,,,,1920.0,,4.0,,,,,,,,0.5,0.9,0.9926043091655267,0.9048230164158686
Hog_education_Haywood,17360,0.9895120839033288,1.0,7.3797130829453685,Hog,1157.0,13.0,Education,College Laboratory,3447.4,37107.0,44.97878184783975,-93.2553976421019,US/Central,Yes,,Yes,Yes,,,,,,,,,,,,-,688.5,954.7,672.8,,,0.5,0.9,0.9921340629274966,0.9044938440492476
Gator_public_Marcie,16846,0.9602143182854537,1.0,31.748923548885703,Gator,823.0,8.0,Public services,"Community Center, Community Centers",3275.1,35253.0,,,US/Eastern,Yes,,,,,,,,,,,,,1.0,100.0,,,,,,,0.5,1.0,0.9701607387140903,0.9041125170998631
Gator_public_Jayme,16846,0.9602143182854537,1.0,28.185034277898225,Gator,851.0,8.0,Public services,"Community Center, Community Centers",1549.8,16682.0,,,US/Eastern,Yes,,,,,,,,,,,,,1.0,100.0,,,,,,,0.5,1.0,0.9701607387140903,0.9041125170998631
Gator_public_Marissa,16846,0.9602143182854537,1.0,3.703694635474257,Gator,859.0,8.0,Public services,Police Station,371.6,4000.0,,,US/Eastern,Yes,,,,,,,,,,,,,1.0,100.0,,,,,,,0.5,1.0,0.9701607387140903,0.9041125170998631
Bear_education_Chana,17347,0.9887710898312814,1.0,5.04002508651773,Bear,628.0,4.0,Education,Education,3781.7,40706.0,37.87190340000004,-122.26072860000008,US/Pacific,Yes,,,,,,,,,,,1958.0,,3.0,,,,,,,,0.5,0.9,0.991578317373461,0.9041048221614226
Bear_education_Babara,17345,0.988657090743274,1.0,38.4372187900464,Bear,572.0,4.0,Education,Education,8749.1,94175.0,37.87190340000004,-122.26072860000008,US/Pacific,Yes,,,,,,,,,,,1964.0,,9.0,,,,,,,,0.5,0.9,0.9914928180574555,0.9040449726402188
Robin_education_Lizbeth,17332,0.9879160966712266,1.0,21.158953956859992,Robin,126.0,1.0,Education,College Laboratory,2001.0,21539.0,51.51878965384613,-0.1345562307692307,Europe/London,Yes,,,,,,,,Education,College/University,Gas,2004.0,,5.0,,,,,,,G,0.5,0.9,0.9909370725034199,0.9036559507523938
Gator_public_Alexandra,16871,0.9616393068855449,0.991464643471045,11.298730884947744,Gator,837.0,8.0,Public services,"Community Center, Community Centers",3088.7,33246.0,,,US/Eastern,Yes,,,,,,,,,,,,,1.0,100.0,,,,,,,0.5,1.0,0.9690956410319199,0.9033669487223439
Bear_education_Derek,17315,0.9869471044231646,1.0,20.208786255275594,Bear,619.0,4.0,Education,Education,6331.0,68146.0,37.87190340000004,-122.26072860000008,US/Pacific,Yes,,,,,,,,,,,1948.0,,6.0,,,,,,,,0.5,0.9,0.9902103283173734,0.9031472298221613
Bear_education_Lorie,17305,0.9863771089831281,1.0,49.34733666280283,Bear,592.0,4.0,Education,Education,11212.8,120694.0,37.87190340000004,-122.26072860000008,US/Pacific,Yes,,,,,,,,,,,2012.0,,7.0,,,,,,,,0.5,0.9,0.989782831737346,0.9028479822161422
Bear_education_Laurette,17301,0.9861491108071135,1.0,3.8828394852495824,Bear,654.0,4.0,Education,Education,4079.4,43910.0,37.87190340000004,-122.26072860000008,US/Pacific,Yes,,,,,,,,,,,1912.0,,5.0,,,,,,,,0.5,0.9,0.9896118331053352,0.9027282831737345
Bear_education_Alfredo,17301,0.9861491108071135,1.0,0.08277352433552512,Bear,636.0,4.0,Education,Education,609.8,6564.0,37.87190340000004,-122.26072860000008,US/Pacific,Yes,,,,,,,,,,,1909.0,,3.0,,,,,,,,0.5,0.9,0.9896118331053352,0.9027282831737345
Robin_education_Kristopher,17299,0.9860351117191063,1.0,26.222830315635893,Robin,123.0,1.0,Education,College Laboratory,5686.0,61204.0,51.51878965384613,-0.1345562307692307,Europe/London,Yes,,,,,,,,Education,College/University,Gas,1989.0,,6.0,,,,,,,E,0.5,0.9,0.9895263337893297,0.9026684336525308
Bear_education_Lashanda,17288,0.9854081167350661,1.0,34.460446588117584,Bear,616.0,4.0,Education,Education,10945.3,117814.0,37.87190340000004,-122.26072860000008,US/Pacific,Yes,,,,,,,,,,,1959.0,,6.0,,,,,,,,0.5,0.9,0.9890560875512996,0.9023392612859097
Bear_education_Holly,17272,0.9844961240310077,0.9999421028253821,0.5372846427918898,Bear,579.0,4.0,Education,Education,722.9,7781.0,37.87190340000004,-122.26072860000008,US/Pacific,Yes,,,,,,,,,,,1910.0,,4.0,,,,,,,,0.5,0.9,0.9883576187296013,0.9018503331107208
Lamb_education_Ira,17194,0.9800501595987232,0.8662324066534838,3.208290007286645,Lamb,,5.0,Education,Primary/Secondary Classroom,1048.0,11281.0,51.49783804108846,-3.186245571244898,Europe/London,Yes,,,,,,,Yes,Education,Primary/Secondary School,Gas,1976.0,,1.0,258.0,,,,,,C,0.6666666666666666,0.9,0.9515957213624134,0.9011170049536894
Hog_education_Luvenia,17229,0.9820451436388509,1.0,87.93026406119678,Hog,1191.0,13.0,Education,College Laboratory,17851.5,192152.0,44.97878184783975,-93.2553976421019,US/Central,Yes,,Yes,Yes,,,,,,,,,,,,-,332.9,495.2,327.3,,,0.5,0.9,0.9865338577291382,0.9005737004103966
Robin_public_Carolina,17544,1.0,1.0,37.798025175472965,Robin,138.0,1.0,Public services,Library,10984.0,118231.0,51.51878965384613,-0.1345562307692307,Europe/London,Yes,Yes,,,,,,,Education,College/University,Heat network,,,6.0,,,,,,,C,0.3333333333333333,1.0,1.0,0.9
Fox_public_Denny,17533,0.9993730050159598,1.0,31.086886547738484,Fox,156.0,2.0,Public services,Police Station,4058.1,43681.0,33.42442530000004,-111.9281403999998,US/Mountain,Yes,,,,,,,,Education,College/University,,2007.0,,,,,,,,,,0.3333333333333333,1.0,0.9995297537619698,0.8996708276333789
Robin_education_Takako,17194,0.9800501595987232,1.0,58.558293125551735,Robin,125.0,1.0,Education,College Laboratory,1561.0,16802.0,51.51878965384613,-0.1345562307692307,Europe/London,Yes,,,,,,,,Education,College/University,Gas,1995.0,,6.0,,,,,,,,0.5,0.9,0.9850376196990425,0.8995263337893297
Robin_education_Derick,17194,0.9800501595987232,1.0,122.43968872999673,Robin,121.0,1.0,Education,College Laboratory,13965.0,150318.0,51.51878965384613,-0.1345562307692307,Europe/London,Yes,Yes,,,,,,,Education,College/University,Heat network and steam,1906.0,,9.0,,,,,,,B,0.5,0.9,0.9850376196990425,0.8995263337893297
Robin_education_Julius,17194,0.9800501595987232,1.0,104.62032789502764,Robin,118.0,1.0,Education,College Laboratory,12850.0,138316.0,51.51878965384613,-0.1345562307692307,Europe/London,Yes,,,,,,,,Education,College/University,Gas,1960.0,,8.0,,,,,,,,0.5,0.9,0.9850376196990425,0.8995263337893297
Robin_education_Lashandra,17194,0.9800501595987232,1.0,138.3502274626553,Robin,107.0,1.0,Education,College Classroom,9061.0,97532.0,51.51878965384613,-0.1345562307692307,Europe/London,Yes,,,,,,,,Education,College/University,Heat network,2005.0,,10.0,,,,,,,F,0.5,0.9,0.9850376196990425,0.8995263337893297
Robin_education_Billi,17194,0.9800501595987232,1.0,22.212364561064263,Robin,124.0,1.0,Education,College Laboratory,3560.0,38319.0,51.51878965384613,-0.1345562307692307,Europe/London,Yes,,,,,,,,Education,College/University,Gas,1900.0,,6.0,,,,,,,D,0.5,0.9,0.9850376196990425,0.8995263337893297
Hog_education_Casandra,17194,0.9800501595987232,1.0,376.6718742974505,Hog,1130.0,13.0,Education,College Laboratory,26033.7,280225.0,44.97878184783975,-93.2553976421019,US/Central,Yes,,Yes,,,,,,,,,,,,,-,221.7,377.4,220.6,,,0.5,0.9,0.9850376196990425,0.8995263337893297
Hog_education_Bruno,17192,0.9799361605107159,1.0,34.54865962926927,Hog,1135.0,13.0,Education,College Laboratory,13972.0,150393.0,44.97878184783975,-93.2553976421019,US/Central,Yes,,Yes,,,,,,,,,,,,,-,362.1,499.5,362.2,,,0.5,0.9,0.9849521203830369,0.8994664842681258
Bear_education_Darrell,17192,0.9799361605107159,1.0,25.964567677840122,Bear,574.0,4.0,Education,Education,5234.4,56343.0,37.87190340000004,-122.26072860000008,US/Pacific,Yes,,,,,,,,,,,1905.0,,4.0,,,,,,,,0.5,0.9,0.9849521203830369,0.8994664842681258
Bear_education_Lila,17192,0.9799361605107159,1.0,42.751192592236414,Bear,622.0,4.0,Education,Education,11483.9,123612.0,37.87190340000004,-122.26072860000008,US/Pacific,Yes,,,,,,,,,,,1961.0,,7.0,,,,,,,,0.5,0.9,0.9849521203830369,0.8994664842681258
Bear_education_Marie,17192,0.9799361605107159,1.0,12.388525661378472,Bear,605.0,4.0,Education,Education,4739.9,51020.0,37.87190340000004,-122.26072860000008,US/Pacific,Yes,,,,,,,,,,,1924.0,,5.0,,,,,,,,0.5,0.9,0.9849521203830369,0.8994664842681258
Bear_education_Shelley,17192,0.9799361605107159,1.0,56.80000485276094,Bear,,4.0,Education,Education,22378.8,240884.0,37.87190340000004,-122.26072860000008,US/Pacific,Yes,,,,,,,,,,,1962.0,,8.0,,,,,,,,0.5,0.9,0.9849521203830369,0.8994664842681258
Bear_education_Owen,17192,0.9799361605107159,0.9998255002326664,62.018795459661405,Bear,570.0,4.0,Education,Education,17949.0,193202.0,37.87190340000004,-122.26072860000008,US/Pacific,Yes,,,,,,,,,,,1964.0,,10.0,,,,,,,,0.5,0.9,0.9849084954412035,0.8994359468088424
Bear_education_Wade,17192,0.9799361605107159,0.9995928338762216,22.621853503059913,Bear,577.0,4.0,Education,Education,10552.8,113589.0,37.87190340000004,-122.26072860000008,US/Pacific,Yes,,,,,,,,,,,1958.0,,3.0,,,,,,,,0.5,0.9,0.9848503288520923,0.8993952301964646
Bear_education_Katy,17189,0.979765161878705,1.0,36.86179669349576,Bear,618.0,4.0,Education,Education,13752.6,148032.0,37.87190340000004,-122.26072860000008,US/Pacific,Yes,,,,,,,,,,,1924.0,,5.0,,,,,,,,0.5,0.9,0.9848238714090287,0.89937670998632
Lamb_education_Emery,17194,0.9800501595987232,0.9991276026520879,34.38500334970708,Lamb,657.0,5.0,Education,College Classroom,10133.0,109071.0,51.49783804108846,-3.186245571244898,Europe/London,Yes,,,,,,,Yes,Education,College/University,Gas,1966.0,,3.0,,,,,,,D,0.5,0.9,0.9848195203620644,0.899373664253445
Hog_education_Janell,17179,0.9791951664386684,0.9999417893940276,1057.3985257455163,Hog,1088.0,13.0,Education,College Laboratory,26718.3,287594.0,44.97878184783975,-93.2553976421019,US/Central,Yes,,Yes,Yes,,,,,,,,,,,,-,378.1,621.9,371.8,,,0.5,0.9,0.9843818221775082,0.8990672755242557
Rat_public_Leta,17513,0.9982330141358869,0.9999428995603266,5.210218944230118,Rat,474.0,3.0,Public services,Fire Station,943.1,10151.0,38.9035039800032,-77.0053494170663,US/Eastern,Yes,,,,,,,,,,,1966.0,,,,,,,,,,0.3333333333333333,1.0,0.9986604854919968,0.8990623398443978
Rat_public_Leo,17516,0.9984040127678978,0.9992578214204156,4.355116605591585,Rat,319.0,3.0,Public services,Fire Station,1217.0,13100.0,38.9035039800032,-77.0053494170663,US/Eastern,Yes,,,,,,,,,,,1929.0,,,,,,,,,,0.3333333333333333,1.0,0.9986174649310273,0.8990322254517191
Bobcat_education_Alissa,17506,0.9978340173278614,0.9423626185307894,25.170472944167148,Bobcat,1000.0,10.0,Education,Academic,11254.8,121146.0,,,US/Mountain,Yes,Yes,Yes,,Yes,,Yes,Yes,,,,,,2.0,0.0,,,,,,,0.5,0.9,0.9839661676285933,0.8987763173400153
Rat_public_Laverne,17510,0.998062015503876,0.9987435750999429,4.181223193474699,Rat,429.0,3.0,Public services,Fire Station,1108.7,11934.0,38.9035039800032,-77.0053494170663,US/Eastern,Yes,,,,,,,,,,,1930.0,,,,,,,,,,0.3333333333333333,1.0,0.9982324054028927,0.898762683782025
Hog_education_Odell,17166,0.978454172366621,1.0,50.06534675213371,Hog,1140.0,13.0,Education,College Laboratory,14537.7,156483.0,44.97878184783975,-93.2553976421019,US/Central,Yes,,Yes,Yes,,,,,,,,,,,,-,419.9,682.4,409.8,,,0.5,0.9,0.9838406292749657,0.898688440492476
Rat_public_Berry,17492,0.9970360237118103,1.0,21.689481300337032,Rat,479.0,3.0,Public services,Police Station,4083.6,43955.0,38.9035039800032,-77.0053494170663,US/Eastern,Yes,,,,,,,,,,,1978.0,,,,,,,,,,0.3333333333333333,1.0,0.9977770177838577,0.8984439124487005
Rat_public_Josiah,17492,0.9970360237118103,1.0,30.266122565779245,Rat,473.0,3.0,Public services,Police Station,4274.2,46007.0,38.9035039800032,-77.0053494170663,US/Eastern,Yes,,,,,,,,,,,1950.0,,,,,,,,,,0.3333333333333333,1.0,0.9977770177838577,0.8984439124487005
Rat_public_Yessenia,17492,0.9970360237118103,1.0,50.728460430141574,Rat,485.0,3.0,Public services,Library,2043.9,22000.0,38.9035039800032,-77.0053494170663,US/Eastern,Yes,,,,,,,,,,,2007.0,,,,,,,,,,0.3333333333333333,1.0,0.9977770177838577,0.8984439124487005
Rat_public_Isabel,17492,0.9970360237118103,1.0,16.11169203163057,Rat,454.0,3.0,Public services,Library,1540.0,16576.0,38.9035039800032,-77.0053494170663,US/Eastern,Yes,,,,,,,,,,,1932.0,,,,,,,,,,0.3333333333333333,1.0,0.9977770177838577,0.8984439124487005
Fox_public_Martin,17492,0.9970360237118103,1.0,22.891968927898276,Fox,206.0,2.0,Public services,Library,32129.3,345837.0,33.42442530000004,-111.9281403999998,US/Mountain,Yes,Yes,Yes,,,,,,Education,College/University,,1966.0,,,,,,,,,,0.3333333333333333,1.0,0.9977770177838577,0.8984439124487005
Rat_public_Roma,17492,0.9970360237118103,0.999885662016922,28.92901204567442,Rat,447.0,3.0,Public services,Library,1994.8,21472.0,38.9035039800032,-77.0053494170663,US/Eastern,Yes,,,,,,,,,,,2011.0,,,,,,,,,,0.3333333333333333,1.0,0.9977484332880883,0.8984239033016618
Rat_public_Ramona,17492,0.9970360237118103,0.999885662016922,8.089650290824766,Rat,529.0,3.0,Public services,Fire Station,1348.9,14519.0,38.9035039800032,-77.0053494170663,US/Eastern,Yes,,,,,,,,,,,1908.0,,,,,,,,,,0.3333333333333333,1.0,0.9977484332880883,0.8984239033016618
Bear_education_Santos,17155,0.977827177382581,1.0,7.521948967827582,Bear,639.0,4.0,Education,Education,1349.3,14524.0,37.87190340000004,-122.26072860000008,US/Pacific,Yes,,,,,,,,,,,1964.0,,2.0,,,,,,,,0.5,0.9,0.9833703830369357,0.8983592681258549
Bear_education_Lewis,17155,0.977827177382581,1.0,9.7037679141148,Bear,623.0,4.0,Education,Education,4588.3,49388.0,37.87190340000004,-122.26072860000008,US/Pacific,Yes,,,,,,,,,,,1931.0,,6.0,,,,,,,,0.5,0.9,0.9833703830369357,0.8983592681258549
Bear_education_Irene,17155,0.977827177382581,1.0,31.093490109168982,Bear,599.0,4.0,Education,Education,2415.1,25996.0,37.87190340000004,-122.26072860000008,US/Pacific,Yes,,,,,,,,,,,1954.0,,4.0,,,,,,,,0.5,0.9,0.9833703830369357,0.8983592681258549
Bear_education_Mara,17144,0.9772001823985408,1.0,37.96393916586378,Bear,611.0,4.0,Education,Education,11903.3,128126.0,37.87190340000004,-122.26072860000008,US/Pacific,Yes,,,,,,,,,,,1966.0,,7.0,,,,,,,,0.5,0.9,0.9829001367989056,0.8980300957592339
Bear_education_Benita,17139,0.9769151846785226,1.0,59.08558639705823,Bear,609.0,4.0,Education,Education,13142.2,141461.0,37.87190340000004,-122.26072860000008,US/Pacific,Yes,,,,,,,,,,,1907.0,,6.0,,,,,,,,0.5,0.9,0.9826863885088919,0.8978804719562242
Rat_public_Nelson,17468,0.9956680346557227,1.0,12.651193282626979,Rat,550.0,3.0,Public services,Library,1486.4,16000.0,38.9035039800032,-77.0053494170663,US/Eastern,Yes,,,,,,,,,,,2014.0,,,,,,,,,,0.3333333333333333,1.0,0.996751025991792,0.8977257181942544
Rat_public_Dalia,17468,0.9956680346557227,0.999599267231509,47.37061391309883,Rat,291.0,3.0,Public services,Police Station,8420.3,90635.0,38.9035039800032,-77.0053494170663,US/Eastern,Yes,,,,,,,,,,,2011.0,,,,,,,,,,0.3333333333333333,1.0,0.9966508427996692,0.8976555899597685
Rat_public_Nancy,17468,0.9956680346557227,0.9995420196931531,4.673073091305464,Rat,395.0,3.0,Public services,Fire Station,829.2,8925.0,38.9035039800032,-77.0053494170663,US/Eastern,Yes,,,,,,,,,,,1912.0,,,,,,,,,,0.3333333333333333,1.0,0.9966365309150803,0.8976455716405563
Rat_public_Lloyd,17462,0.9953260373917009,1.0,24.46825317194653,Rat,397.0,3.0,Public services,Social/Meeting Hall,5022.4,54061.0,38.9035039800032,-77.0053494170663,US/Eastern,Yes,,,,,,,,,,,2006.0,,,,,,,,,,0.3333333333333333,1.0,0.9964945280437757,0.897546169630643
Hog_education_Caridad,17122,0.9759461924304605,1.0,582.5082828706662,Hog,1156.0,13.0,Education,College Laboratory,24153.8,259989.0,44.97878184783975,-93.2553976421019,US/Central,Yes,,Yes,Yes,,,,,,,,,,,,-,316,519,314.6,,,0.5,0.9,0.9819596443228454,0.8973717510259918
Bear_education_Chun,17122,0.9759461924304605,1.0,25.727989729152288,Bear,624.0,4.0,Education,Education,4292.5,46204.0,37.87190340000004,-122.26072860000008,US/Pacific,Yes,,,,,,,,,,,1941.0,,5.0,,,,,,,,0.5,0.9,0.9819596443228454,0.8973717510259918
Rat_public_Kelly,17445,0.9943570451436389,1.0,4.8071803714251145,Rat,348.0,3.0,Public services,Fire Station,982.6,10577.0,38.9035039800032,-77.0053494170663,US/Eastern,Yes,,,,,,,,,,,1969.0,,,,,,,,,,0.3333333333333333,1.0,0.9957677838577291,0.8970374487004105
Rat_public_Damon,17445,0.9943570451436389,0.999713384924047,7.149937556953529,Rat,361.0,3.0,Public services,Fire Station,1228.5,13224.0,38.9035039800032,-77.0053494170663,US/Eastern,Yes,,,,,,,,,,,1965.0,,,,,,,,,,0.3333333333333333,1.0,0.9956961300887409,0.8969872910621187
Rat_public_Kelle,17492,0.9970360237118103,0.9909101303453007,17.480271141358408,Rat,552.0,3.0,Public services,Library,1868.3,20110.0,38.9035039800032,-77.0053494170663,US/Eastern,Yes,,,,,,,,,,,1936.0,,,,,,,,,,0.3333333333333333,1.0,0.9955045503701829,0.896853185259128
Rat_public_Carole,17438,0.9939580483356133,0.9998853079481592,5.8186854255662945,Rat,366.0,3.0,Public services,Fire Station,923.5,9941.0,38.9035039800032,-77.0053494170663,US/Eastern,Yes,,,,,,,,,,,1963.0,,,,,,,,,,0.3333333333333333,1.0,0.9954398632387498,0.8968079042671249
Gator_public_Cheri,16604,0.9464204286365709,0.9985545651650205,4.5290284836027155,Gator,866.0,8.0,Public services,"Fire Station, Fire Stations",945.2,10174.0,,,US/Eastern,Yes,,,,,,,,,,,,,1.0,4.0,,,,,,,0.5,1.0,0.9594539627686833,0.8966177739380783
Rat_public_Helena,17431,0.9935590515275878,0.9994263094486834,8.541185209978073,Rat,549.0,3.0,Public services,Other - Public Services,1184.9,12754.0,38.9035039800032,-77.0053494170663,US/Eastern,Yes,,,,,,,,,,,1968.0,,,,,,,,,,0.3333333333333333,1.0,0.9950258660078617,0.8965181062055032
Bear_education_Millie,17077,0.9733812129502964,1.0,0.5897549865222327,Bear,635.0,4.0,Education,Education,661.7,7122.0,37.87190340000004,-122.26072860000008,US/Pacific,Yes,,,,,,,,,,,1909.0,,3.0,,,,,,,,0.5,0.9,0.9800359097127224,0.8960251367989056
Hog_office_Miriam,17544,1.0,1.0,7.241551976365824,Hog,1216.0,13.0,Office,Office,1418.5,15269.0,44.97878184783975,-93.2553976421019,US/Central,Yes,,Yes,,,,,,,,,,,,,-,152.1,245.6,149.3,,,0.5,0.8,1.0,0.8949999999999999
Hog_office_Gustavo,17544,1.0,1.0,357.8491677875561,Hog,1094.0,13.0,Office,Office,6582.4,70852.0,44.97878184783975,-93.2553976421019,US/Central,Yes,,Yes,Yes,,,,,,,,,,,,27,140.8,213.5,137.8,,,0.5,0.8,1.0,0.8949999999999999
Hog_office_Bill,17544,1.0,1.0,95.27916186532285,Hog,1086.0,13.0,Office,Office,13375.5,143973.0,44.97878184783975,-93.2553976421019,US/Central,Yes,,,Yes,,,,,,,,,,,,-,182.3,313.8,177.9,,,0.5,0.8,1.0,0.8949999999999999
Hog_office_Merilyn,17544,1.0,1.0,8.699707749287201,Hog,1188.0,13.0,Office,Office,3446.3,37096.0,44.97878184783975,-93.2553976421019,US/Central,Yes,,,,,,,,,,,,,,,54,81.8,141,82,,,0.5,0.8,1.0,0.8949999999999999
Robin_office_Zelma,17544,1.0,1.0,33.43737428905155,Robin,149.0,1.0,Office,Office,7607.0,81881.0,51.51878965384613,-0.1345562307692307,Europe/London,Yes,Yes,,,,,,,Education,College/University,Heat network,1960.0,,8.0,,,,,,,F,0.5,0.8,1.0,0.8949999999999999
Robin_office_Gayle,17544,1.0,1.0,22.15525907902088,Robin,141.0,1.0,Office,Office,4161.0,44789.0,51.51878965384613,-0.1345562307692307,Europe/London,Yes,,,,,,,,Education,College/University,Heat network,1919.0,,5.0,,,,,,,,0.5,0.8,1.0,0.8949999999999999
Robin_office_Sammie,17544,1.0,1.0,24.106748366104465,Robin,155.0,1.0,Office,Office,4802.0,51688.0,51.51878965384613,-0.1345562307692307,Europe/London,Yes,,,,,,,,Education,College/University,Electricity,1930.0,,8.0,,,,,,,F,0.5,0.8,1.0,0.8949999999999999
Hog_office_Elnora,17543,0.9999430004559964,1.0,105.636570189511,Hog,1092.0,13.0,Office,Office,9770.3,105167.0,44.97878184783975,-93.2553976421019,US/Central,Yes,,Yes,Yes,,,,,,,,,,,,-,383.7,689.3,378.7,,,0.5,0.8,0.9999572503419973,0.8949700752393981
Hog_office_Rolando,17543,0.9999430004559964,0.9999429972068631,164.687742673323,Hog,1073.0,13.0,Office,Office,18033.5,194111.0,44.97878184783975,-93.2553976421019,US/Central,Yes,,Yes,Yes,,,,,,,,,,,,-,289.1,429.4,269.9,,,0.5,0.8,0.9999429996437131,0.8949600997505991
Hog_office_Sydney,17542,0.9998860009119928,1.0,25.431063097636347,Hog,1127.0,13.0,Office,Office,8094.7,87131.0,44.97878184783975,-93.2553976421019,US/Central,Yes,,Yes,,,,,,,,,,,,,-,106.3,178.5,106.9,,,0.5,0.8,0.9999145006839946,0.8949401504787962
Hog_office_Man,17540,0.9997720018239854,1.0,10.621599803393885,Hog,1102.0,13.0,Office,Office,8099.9,87187.0,44.97878184783975,-93.2553976421019,US/Central,Yes,,,Yes,,,,,,,,,,,,-,189.8,271.8,188.8,,,0.5,0.8,0.999829001367989,0.8948803009575922
Hog_office_Charla,17535,0.9994870041039672,1.0,22.305908338901006,Hog,1109.0,13.0,Office,Office,9493.9,102191.0,44.97878184783975,-93.2553976421019,US/Central,Yes,,Yes,Yes,,,,,,,,,,,,-,264.4,392.3,257.2,,,0.5,0.8,0.9996152530779754,0.8947306771545827
Hog_office_Napoleon,17533,0.9993730050159598,1.0,33.568643063567066,Hog,1129.0,13.0,Office,Office,12365.4,133100.0,44.97878184783975,-93.2553976421019,US/Central,Yes,,Yes,Yes,,,,,,,,,,,,-,89.7,147.4,87.5,,,0.5,0.8,0.9995297537619698,0.8946708276333788
Hog_office_Mike,17531,0.9992590059279526,1.0,18.730214887256935,Hog,1166.0,13.0,Office,Office,5924.5,63771.0,44.97878184783975,-93.2553976421019,US/Central,Yes,,,,,,,,,,,,,,,51,94.7,154.1,95.8,,,0.5,0.8,0.9994442544459644,0.894610978112175
Robin_office_Wai,17544,1.0,0.9974920200638395,103.8372614931263,Robin,148.0,1.0,Office,Office,16221.0,174601.0,51.51878965384613,-0.1345562307692307,Europe/London,Yes,Yes,,,,,,,Education,College/University,Heat network,1960.0,,12.0,,,,,,,F,0.5,0.8,0.9993730050159599,0.8945611035111719
Lamb_office_Callie,17544,1.0,0.9974350205198358,2.462198127498413,Lamb,692.0,5.0,Office,Office,689.0,7416.0,51.49783804108846,-3.186245571244898,Europe/London,Yes,,,,,,,Yes,Government,"City, County, State",Gas,1976.0,,2.0,,,,,,,C,0.5,0.8,0.999358755129959,0.8945511285909712
Lamb_education_Felicia,17405,0.9920770633834929,0.9354783108302211,4.371071960542394,Lamb,,5.0,Education,Primary/Secondary Classroom,2182.0,23487.0,51.49783804108846,-3.186245571244898,Europe/London,Yes,,,,,,,Yes,Government,Primary/Secondary School,Gas,1966.0,,2.0,,,,,,,C,0.5,0.9,0.9779273752451749,0.8945491626716223
Lamb_office_Stefani,17544,1.0,0.9961240310077519,8.893253106751871,Lamb,689.0,5.0,Office,Office,1063.0,11442.0,51.49783804108846,-3.186245571244898,Europe/London,Yes,,,,,,,Yes,Government,"City, County, State",Gas,1976.0,,1.0,,,,,,,D,0.5,0.8,0.999031007751938,0.8943217054263565
Hog_office_Migdalia,17521,0.9986890104879161,1.0,13.030374918020339,Hog,1075.0,13.0,Office,Office,6754.9,72709.0,44.97878184783975,-93.2553976421019,US/Central,Yes,,,Yes,,,,,,,,,,,,-,70.3,108,70.9,,,0.5,0.8,0.9990167578659371,0.8943117305061559
Fox_public_Bart,17354,0.9891700866393068,0.9999423763973724,50.73916036651077,Fox,237.0,2.0,Public services,Library,9407.5,101262.0,33.42442530000004,-111.9281403999998,US/Mountain,Yes,,Yes,,,,,,Education,College/University,,1982.0,,,,,,,,,,0.3333333333333333,1.0,0.9918631590788232,0.8943042113551762
Hog_office_Eloise,17519,0.9985750113999088,1.0,48.43277078179622,Hog,1084.0,13.0,Office,Office,11419.8,122922.0,44.97878184783975,-93.2553976421019,US/Central,Yes,,Yes,,,,,,,,,,,,,-,213.5,372.4,209,,,0.5,0.8,0.9989312585499316,0.894251880984952
Rat_public_Fern,17351,0.988999088007296,1.0,15.599467628458944,Rat,378.0,3.0,Public services,Fire Station,3274.0,35241.0,38.9035039800032,-77.0053494170663,US/Eastern,Yes,,,,,,,,,,,1978.0,,,,,,,,,,0.3333333333333333,1.0,0.991749316005472,0.8942245212038304
Hog_office_Elizbeth,17514,0.9982900136798906,1.0,21.86588471113101,Hog,1210.0,13.0,Office,Office,8593.5,92500.0,44.97878184783975,-93.2553976421019,US/Central,Yes,,Yes,Yes,,,,,,,,,,,,-,240.6,346.7,243,,,0.5,0.8,0.998717510259918,0.8941022571819425
Hog_office_Josefina,17514,0.9982900136798906,1.0,34.585238658791695,Hog,1097.0,13.0,Office,Office,14636.4,157545.0,44.97878184783975,-93.2553976421019,US/Central,Yes,,Yes,Yes,,,,,,,,,,,,58,99,168.4,99,,,0.5,0.8,0.998717510259918,0.8941022571819425
Hog_office_Shon,17513,0.9982330141358869,1.0,24.782205164911456,Hog,1122.0,13.0,Office,Office,7837.8,84365.0,44.97878184783975,-93.2553976421019,US/Central,Yes,,Yes,,,,,,,,,,,,,72,86.3,122.1,86.8,,,0.5,0.8,0.9986747606019152,0.8940723324213405
Hog_office_Candi,17513,0.9982330141358869,1.0,79.87420443302214,Hog,1214.0,13.0,Office,Office,18156.7,195437.0,44.97878184783975,-93.2553976421019,US/Central,Yes,,Yes,Yes,,,,,,,,,,,,-,242.1,350.4,235.3,,,0.5,0.8,0.9986747606019152,0.8940723324213405
Hog_office_Mary,17511,0.9981190150478796,1.0,14.461549298021913,Hog,1161.0,13.0,Office,Office,4931.0,53077.0,44.97878184783975,-93.2553976421019,US/Central,Yes,,Yes,,,,,,,,,,,,,-,96.1,139.7,96.4,,,0.5,0.8,0.9985892612859097,0.8940124829001367
Hog_office_Corie,17507,0.997891016871865,1.0,34.11701460369434,Hog,1119.0,13.0,Office,Office,11102.7,119509.0,44.97878184783975,-93.2553976421019,US/Central,Yes,,Yes,Yes,,,,,,,,,,,,-,59.7,100.9,59.8,,,0.5,0.8,0.9984182626538988,0.8938927838577291
Hog_office_Guadalupe,17497,0.9973210214318285,0.9999428473452592,21.528451559629307,Hog,1162.0,13.0,Office,Office,6778.0,72958.0,44.97878184783975,-93.2553976421019,US/Central,Yes,,Yes,Yes,,,,,,,,,,,,-,54.7,91.9,53.9,,,0.5,0.8,0.9979764779101862,0.8935835345371302
Gator_public_Everette,16510,0.941062471500228,0.9970926711084191,38.08848874857805,Gator,863.0,8.0,Public services,"Community Center, Community Centers",1841.6,19823.0,,,US/Eastern,Yes,,,,,,,,,,,,,1.0,100.0,,,,,,,0.5,1.0,0.9550700214022758,0.893549014981593
Hog_office_Marilyn,17540,0.9997720018239854,0.9922462941847207,12.39502888590921,Hog,1170.0,13.0,Office,Office,5525.5,59476.0,44.97878184783975,-93.2553976421019,US/Central,Yes,,,,,,,,,,,,,,,-,46.2,71.7,45,,,0.5,0.8,0.9978905749141692,0.8935234024399183
Bear_education_Bonita,16990,0.968422252621979,1.0,0.09586996084220499,Bear,637.0,4.0,Education,Education,389.2,4189.0,37.87190340000004,-122.26072860000008,US/Pacific,Yes,,,,,,,,,,,1929.0,,3.0,,,,,,,,0.5,0.9,0.9763166894664843,0.893421682626539
Robin_office_Addie,17487,0.9967510259917921,1.0,6.3386332012844795,Robin,153.0,1.0,Office,Office,1495.0,16092.0,51.51878965384613,-0.1345562307692307,Europe/London,Yes,,,,,,,,Education,College/University,Gas,1965.0,,3.0,,,,,,,,0.5,0.8,0.9975632694938441,0.8932942886456908
Hog_office_Sarah,17480,0.9963520291837665,1.0,32.35121571271748,Hog,1144.0,13.0,Office,Office,14150.2,152312.0,44.97878184783975,-93.2553976421019,US/Central,Yes,,Yes,Yes,,,,,,,,,,,,-,380.3,602.9,376.9,,,0.5,0.8,0.9972640218878249,0.8930848153214773
Hog_office_Elsy,17478,0.9962380300957593,1.0,7.21015981430141,Hog,1190.0,13.0,Office,Office,3698.2,39807.0,44.97878184783975,-93.2553976421019,US/Central,Yes,,,,,,,,,,,,,,,71,59.9,103.7,60.5,,,0.5,0.8,0.9971785225718195,0.8930249658002736
Rat_public_Alanna,17303,0.9862631098951209,1.0,331.4966282008658,Rat,519.0,3.0,Public services,Prison/Incarceration,42888.4,461647.0,38.9035039800032,-77.0053494170663,US/Eastern,Yes,,,,,,,,,,,1976.0,,,,,,,,,,0.3333333333333333,1.0,0.9896973324213407,0.8927881326949385
Robin_office_Serena,17467,0.9956110351117191,1.0,22.164316361673258,Robin,151.0,1.0,Office,Office,2833.1,30495.0,51.51878965384613,-0.1345562307692307,Europe/London,Yes,,,,,,,,Education,College/University,Gas,1997.0,,8.0,,,,,,,D,0.5,0.8,0.9967082763337893,0.8926957934336525
Bear_education_Deena,16964,0.9669402644778842,1.0,3.120389823878798,Bear,596.0,4.0,Education,Education,1716.3,18474.0,37.87190340000004,-122.26072860000008,US/Pacific,Yes,,,,,,,,,,,1923.0,,4.0,,,,,,,,0.5,0.9,0.9752051983584131,0.8926436388508892
Lamb_education_Marc,17194,0.9800501595987232,0.8174363149936024,11.563513024406607,Lamb,714.0,5.0,Education,Primary/Secondary Classroom,811.0,8730.0,51.49783804108846,-3.186245571244898,Europe/London,Yes,,,,,,,,Education,Primary/Secondary School,Electricity,1976.0,,1.0,192.0,,,,,,F,0.6666666666666666,0.9,0.9393966984474431,0.8925776889132101
Hog_office_Roger,17463,0.9953830369357045,1.0,51.90248750384637,Hog,1189.0,13.0,Office,Office,9124.2,98212.0,44.97878184783975,-93.2553976421019,US/Central,Yes,,Yes,Yes,,,,,,,,,,,,9,271.9,423.9,267.2,,,0.5,0.8,0.9965372777017784,0.8925760943912447
Gator_public_Dionna,16462,0.9383264933880529,0.9985420969505527,5.2280347828551195,Gator,865.0,8.0,Public services,"Fire Station, Fire Stations",945.2,10174.0,,,US/Eastern,Yes,,,,,,,,,,,,,1.0,7.0,,,,,,,0.5,1.0,0.9533803942786778,0.8923662759950745
Gator_public_Lindsey,16463,0.9383834929320566,0.9970843710137886,6.940684411202015,Gator,834.0,8.0,Public services,Fire Station,458.4,4934.0,,,US/Eastern,Yes,,,,,,,,,,,,,1.0,11.0,,,,,,,0.5,1.0,0.9530587124524896,0.8921410987167426
Robin_office_Soledad,17420,0.9929320565435477,1.0,4.7768650896037315,Robin,152.0,1.0,Office,Office,957.0,10301.0,51.51878965384613,-0.1345562307692307,Europe/London,Yes,,,,,,,,Education,College/University,Gas,1970.0,,2.0,,,,,,,E,0.5,0.8,0.9946990424076607,0.8912893296853625
Hog_office_Mack,17431,0.9935590515275878,0.9981068211806552,21.292736746309703,Hog,1082.0,13.0,Office,Office,5332.1,57394.0,44.97878184783975,-93.2553976421019,US/Central,Yes,,,,,,,,,,,,,,,-,130.8,279.5,130.9,,,0.5,0.8,0.9946959939408546,0.8912871957585982
Gator_public_Natasha,16415,0.9356475148198814,1.0,66.93391692128358,Gator,867.0,8.0,Public services,Police Station,6123.5,65913.0,,,US/Eastern,Yes,,,,,,,,,,,,,1.0,0.0,,,,,,,0.5,1.0,0.9517356361149111,0.8912149452804377
Lamb_office_Gerardo,17420,0.9929320565435477,0.9973593570608495,10.327923219118635,Lamb,688.0,5.0,Office,Office,4859.0,52302.0,51.49783804108846,-3.186245571244898,Europe/London,Yes,,,,,,,Yes,Government,"City, County, State",Gas,1966.0,,2.0,,,,,,,E,0.5,0.8,0.9940388816728731,0.8908272171710111
Hog_office_Leon,17394,0.9914500683994528,0.9999425089111188,3.091131091121733,Hog,1069.0,13.0,Office,Office,1938.3,20864.0,44.97878184783975,-93.2553976421019,US/Central,Yes,,,,,,,,,,,,,,,96,29.6,50,28.9,,,0.5,0.8,0.9935731785273694,0.8905012249691585
Hog_office_Alexis,17371,0.9901390788873689,0.9998848655805653,12.447078259545004,Hog,1165.0,13.0,Office,Office,2693.4,28991.0,44.97878184783975,-93.2553976421019,US/Central,Yes,,,,,,,,,,,,,,,44,103,158.3,102.9,,,0.5,0.8,0.992575525560668,0.8898028678924675
Rat_public_Bronwyn,17201,0.9804491564067488,1.0,88.31357884591355,Rat,518.0,3.0,Public services,Other - Public Services,51583.7,555243.0,38.9035039800032,-77.0053494170663,US/Eastern,Yes,,,,,,,,,,,1941.0,,,,,,,,,,0.3333333333333333,1.0,0.9853368673050615,0.889735807113543
Robin_office_Saul,17359,0.9894550843593252,0.9997695719799528,8.840522216270887,Robin,146.0,1.0,Office,Office,2937.0,31614.0,51.51878965384613,-0.1345562307692307,Europe/London,Yes,,,,,,,,Education,College/University,Gas,1956.0,,8.0,,,,,,,D,0.5,0.8,0.9920337062644821,0.8894235943851374
Hog_office_Shawnna,17355,0.9892270861833106,1.0,155.79753262373592,Hog,1149.0,13.0,Office,Office,27312.6,293990.0,44.97878184783975,-93.2553976421019,US/Central,Yes,,,Yes,,,,,,,,,,,,73,60.6,133.7,59.1,,,0.5,0.8,0.9919203146374829,0.8893442202462379
Gator_public_Noe,16366,0.9328545371637027,0.9956006354637663,19.62472889222564,Gator,832.0,8.0,Public services,"Community Center, Community Centers",2462.6,26507.0,,,US/Eastern,Yes,,,,,,,,,,,,,1.0,100.0,,,,,,,0.5,1.0,0.9485410617387187,0.888978743217103
Hog_office_Darline,17335,0.9880870953032376,1.0,21.522259732430165,Hog,1202.0,13.0,Office,Office,1561.2,16805.0,44.97878184783975,-93.2553976421019,US/Central,Yes,,Yes,,,,,,,,,,,,,-,679.7,1348,679.7,,,0.5,0.8,0.9910653214774282,0.8887457250341997
Hog_office_Emmanuel,17332,0.9879160966712266,1.0,6.878206942865465,Hog,1177.0,13.0,Office,Office,1899.3,20444.0,44.97878184783975,-93.2553976421019,US/Central,Yes,,Yes,,,,,,,,,,,,,-,147.6,236.5,148,,,0.5,0.8,0.9909370725034199,0.8886559507523938
Hog_office_Almeda,17323,0.9874031007751938,1.0,23.87059513393636,Hog,1101.0,13.0,Office,Office,6683.1,71936.0,44.97878184783975,-93.2553976421019,US/Central,Yes,,Yes,,,,,,,,,,,,,-,106.2,163,107.1,,,0.5,0.8,0.9905523255813953,0.8883866279069766
Hog_office_Lizzie,17321,0.9872891016871865,1.0,34.84428804248686,Hog,1117.0,13.0,Office,Office,10351.6,111424.0,44.97878184783975,-93.2553976421019,US/Central,Yes,,,Yes,,,,,,,,,,,,-,107.7,167.6,107.7,,,0.5,0.8,0.99046682626539,0.8883267783857729
Lamb_education_Aldo,17194,0.9800501595987232,0.7930091892520647,2.1903316887111606,Lamb,,5.0,Education,Primary/Secondary Classroom,736.0,7922.0,51.49783804108846,-3.186245571244898,Europe/London,Yes,,,,,,,Yes,Education,Primary/Secondary School,Gas,1966.0,,1.0,101.0,,,,,,,0.6666666666666666,0.9,0.9332899170120587,0.8883029419084411
Gator_public_Dale,16318,0.9301185590515276,0.9985292315234711,14.538598890600577,Gator,838.0,8.0,Public services,"Community Center, Community Centers",1710.7,18414.0,,,US/Eastern,Yes,,,,,,,,,,,,,1.0,100.0,,,,,,,0.5,1.0,0.9472212271695135,0.8880548590186594
Rat_public_Corinne,17143,0.9771431828545372,1.0,9.886458805637862,Rat,453.0,3.0,Public services,Fire Station,2311.0,24875.0,38.9035039800032,-77.0053494170663,US/Eastern,Yes,,,,,,,,,,,1984.0,,,,,,,,,,0.3333333333333333,1.0,0.9828573871409029,0.888000170998632
Rat_public_Michelle,17143,0.9771431828545372,0.9998250014583212,36.31861251914731,Rat,440.0,3.0,Public services,Other - Public Services,3254.7,35033.0,38.9035039800032,-77.0053494170663,US/Eastern,Yes,,,,,,,,,,,1962.0,,,,,,,,,,0.3333333333333333,1.0,0.9828136375054832,0.8879695462538383
Moose_education_Leland,17511,0.9981190150478796,0.7367940151904517,1039.938132988838,Moose,799.0,7.0,Education,College Classroom,48999.9,527431.0,45.4215,-75.6972,US/Eastern,Yes,,Yes,Yes,,,,,Education,College/University,,1976.0,,26.0,2000.0,,,,,,,0.6666666666666666,0.9,0.9327877650835227,0.8879514355584658
Gator_public_Clara,16294,0.92875056999544,1.0,4.705516466884583,Gator,813.0,8.0,Public services,"Community Center, Community Centers",523.0,5630.0,,,US/Eastern,Yes,,,,,,,,,,,,,1.0,100.0,,,,,,,0.5,1.0,0.94656292749658,0.887594049247606
Bear_education_Fannie,16770,0.9558823529411765,1.0,53.66085462413322,Bear,649.0,4.0,Education,Education,10788.0,116121.0,37.87190340000004,-122.26072860000008,US/Pacific,Yes,,,,,,,,,,,1996.0,,10.0,,,,,,,,0.5,0.9,0.9669117647058824,0.8868382352941175
Rat_public_Toya,17103,0.9748632010943913,1.0,13.131293147253325,Rat,396.0,3.0,Public services,Social/Meeting Hall,1557.8,16768.0,38.9035039800032,-77.0053494170663,US/Eastern,Yes,,,,,,,,,,,1980.0,,,,,,,,,,0.3333333333333333,1.0,0.9811474008207934,0.8868031805745554
Bear_education_Arnold,16769,0.9558253533971728,0.9997018307591389,0.24775540382393066,Bear,566.0,4.0,Education,Education,186.7,2010.0,37.87190340000004,-122.26072860000008,US/Pacific,Yes,,,,,,,,,,,1957.0,,1.0,,,,,,,,0.5,0.9,0.9667944727376643,0.886756130916365
Gator_public_Geraldine,16270,0.9273825809393524,0.9985248924400738,6.086739515617389,Gator,852.0,8.0,Public services,"Fire Station, Fire Stations",1003.4,10800.0,,,US/Eastern,Yes,,,,,,,,,,,,,1.0,6.0,,,,,,,0.5,1.0,0.9451681588145329,0.886617711170173
Rat_public_Faye,17096,0.9744642042863657,1.0,11.976765353118987,Rat,385.0,3.0,Public services,Fire Station,1712.4,18432.0,38.9035039800032,-77.0053494170663,US/Eastern,Yes,,,,,,,,,,,1973.0,,,,,,,,,,0.3333333333333333,1.0,0.9808481532147743,0.886593707250342
Hog_office_Terry,17258,0.9836981304149567,0.9994785027233747,477.8154828029488,Hog,1151.0,13.0,Office,Office,24854.9,267536.0,44.97878184783975,-93.2553976421019,US/Central,Yes,,Yes,Yes,,,,,,,,,,,,26,174.2,255.8,166.4,,,0.5,0.8,0.9876432234920612,0.8863502564444428
Hog_office_Clemencia,17252,0.9833561331509348,1.0,13.086938434084235,Hog,1128.0,13.0,Office,Office,5453.7,58703.0,44.97878184783975,-93.2553976421019,US/Central,Yes,,,,,,,,,,,,,,,-,128.1,216.1,129.9,,,0.5,0.8,0.9875170998632011,0.8862619699042407
Hog_education_Josh,17544,1.0,0.8634860921112631,80.50022929904002,Hog,1181.0,13.0,Education,College Laboratory,5630.5,60606.0,44.97878184783975,-93.2553976421019,US/Central,Yes,,,,,,,,,,,,,,,-,199.6,270.3,197.3,,,0.5,0.9,0.9658715230278158,0.886110066119471
Gator_public_Latasha,16295,0.9288075695394437,0.9896900889843511,5.779099054262098,Gator,842.0,8.0,Public services,"Fire Station, Fire Stations",677.4,7292.0,,,US/Eastern,Yes,,,,,,,,,,,,,1.0,10.0,,,,,,,0.5,1.0,0.9440281994006705,0.8858197395804693
Lamb_public_Angeline,17194,0.9800501595987232,0.8353495405373967,21.948269405106302,Lamb,681.0,5.0,Public services,Library,3889.0,41861.0,51.49783804108846,-3.186245571244898,Europe/London,Yes,,,,,,,Yes,Government,Library,Gas,1919.0,,3.0,,,,,,,D,0.5,1.0,0.9438750048333917,0.8857125033833742
Robin_education_Kiera,17544,1.0,1.0,29.889480183632443,Robin,105.0,1.0,Education,College Classroom,4703.0,50623.0,51.51878965384613,-0.1345562307692307,Europe/London,Yes,,,,,,,,Education,College/University,Steam,,,5.0,,,,,,,G,0.3333333333333333,0.9,1.0,0.885
Moose_education_Ricardo,17544,1.0,1.0,57.75273221785927,Moose,791.0,7.0,Education,College Classroom,14000.0,150695.0,45.4215,-75.6972,US/Eastern,Yes,,Yes,Yes,,,,,Education,College/University,,,,5.0,,,,,,,,0.3333333333333333,0.9,1.0,0.885
Robin_education_Karyl,17544,1.0,1.0,46.79345805367755,Robin,112.0,1.0,Education,College Laboratory,2992.0,32206.0,51.51878965384613,-0.1345562307692307,Europe/London,Yes,Yes,,,,,,,Education,College/University,Heat network,,,6.0,,,,,,,E,0.3333333333333333,0.9,1.0,0.885
Fox_education_Claire,17543,0.9999430004559964,0.9999429972068631,24.340541137811236,Fox,263.0,2.0,Education,College Classroom,8145.1,87673.0,33.42442530000004,-111.9281403999998,US/Mountain,Yes,Yes,Yes,,,,,,Education,College/University,,1960.0,,,,,,,,,,0.3333333333333333,0.9,0.9999429996437131,0.8849600997505992
Fox_education_Ray,17543,0.9999430004559964,0.9999429972068631,17.994057760573696,Fox,277.0,2.0,Education,Student Union,1185.5,12761.0,33.42442530000004,-111.9281403999998,US/Mountain,Yes,,Yes,,,,,,Education,College/University,,1909.0,,,,,,,,,,0.3333333333333333,0.9,0.9999429996437131,0.8849600997505992
Hog_office_Lanell,17208,0.9808481532147743,1.0,61.175535092191055,Hog,1134.0,13.0,Office,Office,14209.1,152946.0,44.97878184783975,-93.2553976421019,US/Central,Yes,,Yes,,,,,,,,,,,,,-,77.8,131.8,78.1,,,0.5,0.8,0.9856361149110807,0.8849452804377564
Wolf_education_Ursula,17542,0.9998860009119928,1.0,54.10627333864977,Wolf,1044.0,12.0,Education,College Classroom,13998.0,150673.0,53.34979999999997,6.2603,Europe/Dublin,Yes,,,,Yes,,,Yes,Education,College/University,,,,4.0,,,,,,,C1,0.3333333333333333,0.9,0.9999145006839946,0.8849401504787963
Fox_education_Ashli,17542,0.9998860009119928,0.9998859879147189,11.124364058908695,Fox,235.0,2.0,Education,College Classroom,864.8,9309.0,33.42442530000004,-111.9281403999998,US/Mountain,Yes,Yes,Yes,,,,,,Education,College/University,,1970.0,,,,,,,,,,0.3333333333333333,0.9,0.9998859976626743,0.884920198363872
Fox_education_Kim,17543,0.9999430004559964,0.9997149860343156,19.570784976559715,Fox,176.0,2.0,Education,College Classroom,5782.1,62238.0,33.42442530000004,-111.9281403999998,US/Mountain,Yes,Yes,Yes,,,,,,Education,College/University,,1970.0,,,,,,,,,,0.3333333333333333,0.9,0.9998859968505762,0.8849201977954033
Rat_education_Kathryn,17541,0.999829001367989,1.0,219.40525638466977,Rat,407.0,3.0,Education,K-12 School,30213.6,325217.0,38.9035039800032,-77.0053494170663,US/Eastern,Yes,,,,,,,,,,,2006.0,,,,,,,,,,0.3333333333333333,0.9,0.9998717510259918,0.8849102257181942
Wolf_education_Tori,17541,0.999829001367989,1.0,120.16670508457666,Wolf,1054.0,12.0,Education,College Classroom,19044.9,204998.0,53.34979999999997,6.2603,Europe/Dublin,Yes,,,,,,,Yes,Education,College/University,,,,4.0,,,,,,,D1,0.3333333333333333,0.9,0.9998717510259918,0.8849102257181942
Rat_education_Theo,17541,0.999829001367989,1.0,343.7694176205774,Rat,331.0,3.0,Education,K-12 School,26830.4,288800.0,38.9035039800032,-77.0053494170663,US/Eastern,Yes,,,,,,,,,,,1923.0,,,,,,,,,,0.3333333333333333,0.9,0.9998717510259918,0.8849102257181942
Fox_education_Elois,17541,0.999829001367989,0.9997149535374266,4.004104095045111,Fox,189.0,2.0,Education,College Classroom,695.0,7481.0,33.42442530000004,-111.9281403999998,US/Mountain,Yes,Yes,Yes,,,,,,Education,College/University,,1969.0,,,,,,,,,,0.3333333333333333,0.9,0.9998004894103485,0.884860342587244
Wolf_education_Joaquin,17537,0.9996010031919744,1.0,10.541036369643368,Wolf,1057.0,12.0,Education,College Classroom,2450.0,26372.0,53.34979999999997,6.2603,Europe/Dublin,Yes,,,,,,,Yes,Education,College/University,,,,4.0,,,,,,,,0.3333333333333333,0.9,0.9997007523939808,0.8847905266757866
Fox_education_Louie,17534,0.9994300045599636,1.0,16.200242641313555,Fox,234.0,2.0,Education,College Classroom,16645.2,179167.0,33.42442530000004,-111.9281403999998,US/Mountain,Yes,Yes,Yes,,,,,,Education,College/University,,1971.0,,,,,,,,,,0.3333333333333333,0.9,0.9995725034199727,0.8847007523939809
Rat_education_Lee,17532,0.9993160054719562,1.0,112.37886424742642,Rat,493.0,3.0,Education,K-12 School,26291.5,283000.0,38.9035039800032,-77.0053494170663,US/Eastern,Yes,,,,,,,,,,,2014.0,,,,,,,,,,0.3333333333333333,0.9,0.9994870041039672,0.8846409028727771
Fox_education_Delma,17543,0.9999430004559964,0.9981189078264835,75.16176136413648,Fox,162.0,2.0,Education,College Classroom,9181.5,98829.0,33.42442530000004,-111.9281403999998,US/Mountain,Yes,Yes,Yes,,,,,,Education,College/University,,1968.0,,,,,,,,,,0.3333333333333333,0.9,0.9994869772986182,0.8846408841090327
Fox_education_Leona,17531,0.9992590059279526,1.0,59.97018616109368,Fox,217.0,2.0,Education,College Classroom,26286.5,282946.0,33.42442530000004,-111.9281403999998,US/Mountain,Yes,Yes,Yes,,,,,,Education,College/University,,2003.0,,,,,,,,,,0.3333333333333333,0.9,0.9994442544459644,0.8846109781121752
Fox_education_Leota,17530,0.999202006383949,1.0,51.09204714412878,Fox,183.0,2.0,Education,College Laboratory,12311.3,132518.0,33.42442530000004,-111.9281403999998,US/Mountain,Yes,Yes,Yes,,,,,,Education,College/University,,1992.0,,,,,,,,,,0.3333333333333333,0.9,0.9994015047879617,0.8845810533515732
Hog_office_Vera,17194,0.9800501595987232,1.0,50.3140446813419,Hog,1219.0,13.0,Office,Office,8483.5,91316.0,44.97878184783975,-93.2553976421019,US/Central,Yes,,Yes,Yes,,,,,,,,,,,,72,76.9,132.1,75.4,,,0.5,0.8,0.9850376196990425,0.8845263337893297
Hog_office_Sherrie,17194,0.9800501595987232,1.0,19.500263706093985,Hog,1123.0,13.0,Office,Office,8639.4,92994.0,44.97878184783975,-93.2553976421019,US/Central,Yes,,,,,,,,,,,,,,,77,67,99.6,67.7,,,0.5,0.8,0.9850376196990425,0.8845263337893297
Robin_office_Maryann,17194,0.9800501595987232,1.0,44.574093477477945,Robin,154.0,1.0,Office,Office,3201.0,34455.0,51.51878965384613,-0.1345562307692307,Europe/London,Yes,,,,,,,,Education,College/University,Heat network,1907.0,,8.0,,,,,,,,0.5,0.8,0.9850376196990425,0.8845263337893297
Hog_office_Betsy,17194,0.9800501595987232,1.0,430.0286841658371,Hog,1164.0,13.0,Office,Office,23175.3,249457.0,44.97878184783975,-93.2553976421019,US/Central,Yes,,Yes,Yes,,,,,,,,,,,,-,105.4,158.3,103.1,,,0.5,0.8,0.9850376196990425,0.8845263337893297
Robin_office_Antonina,17194,0.9800501595987232,1.0,79.57708257318325,Robin,150.0,1.0,Office,Office,6099.7,65657.0,51.51878965384613,-0.1345562307692307,Europe/London,Yes,,,,,,,,Education,College/University,Gas,1955.0,,8.0,,,,,,,E,0.5,0.8,0.9850376196990425,0.8845263337893297
Hog_office_Shawna,17194,0.9800501595987232,1.0,73.1651602705357,Hog,1150.0,13.0,Office,Office,18213.0,196043.0,44.97878184783975,-93.2553976421019,US/Central,Yes,,Yes,Yes,,,,,,,,,,,,-,99.5,147.4,99.9,,,0.5,0.8,0.9850376196990425,0.8845263337893297
Hog_office_Valda,17194,0.9800501595987232,1.0,15.00274471533023,Hog,1087.0,13.0,Office,Office,5255.4,56569.0,44.97878184783975,-93.2553976421019,US/Central,Yes,,,,,,,,,,,,,,,77,57.9,93,58.4,,,0.5,0.8,0.9850376196990425,0.8845263337893297
Hog_office_Lavon,17194,0.9800501595987232,1.0,357.6807412532507,Hog,1195.0,13.0,Office,Office,1530.3,16472.0,44.97878184783975,-93.2553976421019,US/Central,Yes,,,,,,,,,,,,,,,100,0,0,0,,,0.5,0.8,0.9850376196990425,0.8845263337893297
Hog_office_Bessie,17194,0.9800501595987232,1.0,29.012934541250303,Hog,1143.0,13.0,Office,Office,8975.5,96612.0,44.97878184783975,-93.2553976421019,US/Central,Yes,,Yes,Yes,,,,,,,,,,,,-,63.5,112.2,61.6,,,0.5,0.8,0.9850376196990425,0.8845263337893297
Hog_office_Richelle,17194,0.9800501595987232,1.0,27.344194478239377,Hog,1206.0,13.0,Office,Office,9285.3,99946.0,44.97878184783975,-93.2553976421019,US/Central,Yes,,Yes,Yes,,,,,,,,,,,,32,156.8,219.2,157.2,,,0.5,0.8,0.9850376196990425,0.8845263337893297
Hog_office_Myles,17194,0.9800501595987232,1.0,23.99182937905093,Hog,1136.0,13.0,Office,Office,7412.0,79782.0,44.97878184783975,-93.2553976421019,US/Central,Yes,,Yes,,,,,,,,,,,,,77,75.9,117.4,76.5,,,0.5,0.8,0.9850376196990425,0.8845263337893297
Hog_office_Denita,17194,0.9800501595987232,1.0,29.467038876153183,Hog,1211.0,13.0,Office,Office,8824.7,94988.0,44.97878184783975,-93.2553976421019,US/Central,Yes,,Yes,Yes,,,,,,,,,,,,70,87.5,130.1,88,,,0.5,0.8,0.9850376196990425,0.8845263337893297
Hog_office_Cordelia,17194,0.9800501595987232,0.9999418401768059,14.730999187791962,Hog,1093.0,13.0,Office,Office,4420.1,47578.0,44.97878184783975,-93.2553976421019,US/Central,Yes,,Yes,Yes,,,,,,,,,,,,-,99.5,146.5,90,,,0.5,0.8,0.985023079743244,0.8845161558202707
Hog_office_Simon,17193,0.9799931600547196,1.0,10.127568051619098,Hog,1137.0,13.0,Office,Office,2550.4,27452.0,44.97878184783975,-93.2553976421019,US/Central,Yes,,Yes,Yes,,,,,,,,,,,,35,101.4,172.1,100.6,,,0.5,0.8,0.9849948700410397,0.8844964090287277
Hog_office_Mari,17193,0.9799931600547196,1.0,30.093921370987534,Hog,1111.0,13.0,Office,Office,6302.4,67839.0,44.97878184783975,-93.2553976421019,US/Central,Yes,,,Yes,,,,,,,,,,,,73,67.6,120.3,68.1,,,0.5,0.8,0.9849948700410397,0.8844964090287277
Hog_office_Joey,17192,0.9799361605107159,1.0,475.98505708346653,Hog,1139.0,13.0,Office,Office,31275.8,336650.0,44.97878184783975,-93.2553976421019,US/Central,Yes,,Yes,Yes,,,,,,,,,,,,-,226.3,393.5,224.2,,,0.5,0.8,0.9849521203830369,0.8844664842681258
Hog_office_Leanne,17192,0.9799361605107159,1.0,23.810234012431078,Hog,1133.0,13.0,Office,Office,7646.1,82302.0,44.97878184783975,-93.2553976421019,US/Central,Yes,,Yes,Yes,,,,,,,,,,,,-,262.9,381.6,263.5,,,0.5,0.8,0.9849521203830369,0.8844664842681258
Fox_education_Ollie,17526,0.9989740082079344,1.0,21.810635726155756,Fox,163.0,2.0,Education,College Classroom,6698.5,72102.0,33.42442530000004,-111.9281403999998,US/Mountain,Yes,Yes,Yes,,,,,,Education,College/University,,1970.0,,,,,,,,,,0.3333333333333333,0.9,0.9992305061559508,0.8844613543091655
Hog_office_Randi,17191,0.9798791609667122,1.0,49.04017324284554,Hog,1106.0,13.0,Office,Office,8556.3,92099.0,44.97878184783975,-93.2553976421019,US/Central,Yes,,,Yes,,,,,,,,,,,,83,47.4,98.5,46.4,,,0.5,0.8,0.9849093707250342,0.8844365595075239
Gator_public_Philip,16223,0.924703602371181,0.9940824754977501,1.296528341405979,Gator,814.0,8.0,Public services,"Community Center, Community Centers",406.1,4371.0,,,US/Eastern,Yes,,,,,,,,,,,,,1.0,100.0,,,,,,,0.5,1.0,0.9420483206528233,0.8844338244569763
Hog_office_Nancie,17194,0.9800501595987232,0.9994184017680586,31.162784873402362,Hog,1074.0,13.0,Office,Office,8348.1,89858.0,44.97878184783975,-93.2553976421019,US/Central,Yes,,Yes,,,,,,,,,,,,,-,87.8,136,88.3,,,0.5,0.8,0.9848922201410572,0.8844245540987399
Hog_office_Elke,17193,0.9799931600547196,0.9994183679404409,30.070226201065744,Hog,1142.0,13.0,Office,Office,9635.7,103718.0,44.97878184783975,-93.2553976421019,US/Central,Yes,,Yes,,,,,,,,,,,,,82,65,102.6,63.4,,,0.5,0.8,0.9848494620261499,0.8843946234183048
Fox_education_Sterling,17524,0.998860009119927,0.9998858708057521,16.17466168394881,Fox,187.0,2.0,Education,College Classroom,4106.6,44203.0,33.42442530000004,-111.9281403999998,US/Mountain,Yes,Yes,Yes,,,,,,Education,College/University,,1950.0,,,,,,,,,,0.3333333333333333,0.9,0.9991164745413832,0.8843815321789682
Hog_office_Patrick,17187,0.9796511627906976,1.0,3.977647869856634,Hog,1071.0,13.0,Office,Office,964.8,10385.0,44.97878184783975,-93.2553976421019,US/Central,Yes,,,,,,,,,,,,,,,48,76.6,138.9,74.2,,,0.5,0.8,0.9847383720930232,0.8843168604651162
Fox_education_Melinda,17518,0.9985180118559052,1.0,66.60462262018731,Fox,221.0,2.0,Education,College Laboratory,18984.6,204349.0,33.42442530000004,-111.9281403999998,US/Mountain,Yes,Yes,Yes,,,,,,Education,College/University,,1993.0,,,,,,,,,,0.3333333333333333,0.9,0.9988885088919288,0.8842219562243502
Fox_education_Long,17516,0.9984040127678978,1.0,50.40940051186601,Fox,216.0,2.0,Education,College Classroom,12733.7,137065.0,33.42442530000004,-111.9281403999998,US/Mountain,Yes,Yes,Yes,,,,,,Education,College/University,,1964.0,,,,,,,,,,0.3333333333333333,0.9,0.9988030095759234,0.8841621067031464
Rat_education_Dana,17515,0.9983470132238942,1.0,35.55491022769198,Rat,442.0,3.0,Education,K-12 School,6577.5,70800.0,38.9035039800032,-77.0053494170663,US/Eastern,Yes,,,,,,,,,,,1964.0,,,,,,,,,,0.3333333333333333,0.9,0.9987602599179206,0.8841321819425444
Rat_education_Keith,17515,0.9983470132238942,1.0,30.217671141571238,Rat,426.0,3.0,Education,K-12 School,9420.4,101400.0,38.9035039800032,-77.0053494170663,US/Eastern,Yes,,,,,,,,,,,1930.0,,,,,,,,,,0.3333333333333333,0.9,0.9987602599179206,0.8841321819425444
Fox_education_Andre,17513,0.9982330141358869,1.0,50.517601999830454,Fox,168.0,2.0,Education,College Laboratory,17044.0,183460.0,33.42442530000004,-111.9281403999998,US/Mountain,Yes,Yes,Yes,,,,,,Education,College/University,,2005.0,,,,,,,,,,0.3333333333333333,0.9,0.9986747606019152,0.8840723324213406
Robin_office_Donald,17194,0.9800501595987232,0.9973246481330696,49.29101695481565,Robin,147.0,1.0,Office,Office,7669.0,82548.0,51.51878965384613,-0.1345562307692307,Europe/London,Yes,,,,,,,,Education,College/University,Heat network but not ours,1977.0,,7.0,,,,,,,F,0.5,0.8,0.9843687817323099,0.8840581472126169
Rat_education_Beverly,17512,0.9981760145918832,1.0,298.2854986191206,Rat,482.0,3.0,Education,K-12 School,36603.8,394000.0,38.9035039800032,-77.0053494170663,US/Eastern,Yes,,,,,,,,,,,2013.0,,,,,,,,,,0.3333333333333333,0.9,0.9986320109439124,0.8840424076607387
Rat_education_Meghan,17512,0.9981760145918832,0.9999428962996803,25.40591580185015,Rat,372.0,3.0,Education,K-12 School,4561.5,49100.0,38.9035039800032,-77.0053494170663,US/Eastern,Yes,,,,,,,,,,,1911.0,,,,,,,,,,0.3333333333333333,0.9,0.9986177350188324,0.8840324145131827
Fox_education_Nilda,17511,0.9981190150478796,1.0,36.01507567196604,Fox,175.0,2.0,Education,College Classroom,10371.2,111635.0,33.42442530000004,-111.9281403999998,US/Mountain,Yes,Yes,Yes,,,,,,Education,College/University,,1989.0,,,,,,,,,,0.3333333333333333,0.9,0.9985892612859097,0.8840124829001368
Rat_education_Calvin,17516,0.9984040127678978,0.9991436401004795,14.337048145939393,Rat,302.0,3.0,Education,K-12 School,5304.8,57100.0,38.9035039800032,-77.0053494170663,US/Eastern,Yes,,,,,,,,,,,2015.0,,,,,,,,,,0.3333333333333333,0.9,0.9985889196010432,0.8840122437207303
Rat_education_Kelsey,17510,0.998062015503876,1.0,41.97034435039175,Rat,327.0,3.0,Education,K-12 School,9227.6,99325.0,38.9035039800032,-77.0053494170663,US/Eastern,Yes,,,,,,,,,,,1927.0,,,,,,,,,,0.3333333333333333,0.9,0.998546511627907,0.8839825581395349
Fox_education_Melvin,17542,0.9998860009119928,0.9944704138638696,28.28497139626605,Fox,248.0,2.0,Education,College Laboratory,2289.4,24643.0,33.42442530000004,-111.9281403999998,US/Mountain,Yes,Yes,Yes,,,,,,Education,College/University,,1982.0,,,,,,,,,,0.3333333333333333,0.9,0.998532104149962,0.8839724729049734
Rat_education_Nellie,17505,0.9977770177838577,0.9998286203941731,158.04756460323065,Rat,323.0,3.0,Education,K-12 School,26217.2,282200.0,38.9035039800032,-77.0053494170663,US/Eastern,Yes,,,,,,,,,,,1928.0,,,,,,,,,,0.3333333333333333,0.9,0.9982899184364367,0.8838029429055057
Hog_office_Corey,17193,0.9799931600547196,0.9959867387890421,43.21116640889791,Hog,1185.0,13.0,Office,Office,12033.9,129532.0,44.97878184783975,-93.2553976421019,US/Central,Yes,,Yes,Yes,,,,,,,,,,,,52,122.5,182.5,121.4,,,0.5,0.8,0.9839915547383002,0.8837940883168101
Fox_education_Elvira,17502,0.9976060191518468,0.9999428636727231,53.59828048660926,Fox,181.0,2.0,Education,Student Union,13826.7,148829.0,33.42442530000004,-111.9281403999998,US/Mountain,Yes,,Yes,,,,,,Education,College/University,,2014.0,,,,,,,,,,0.3333333333333333,0.9,0.9981902302820659,0.8837331611974462
Hog_office_Marlene,17193,0.9799931600547196,0.9951142906997034,24.764213185951558,Hog,1160.0,13.0,Office,Office,7451.3,80205.0,44.97878184783975,-93.2553976421019,US/Central,Yes,,Yes,,,,,,,,,,,,,71,86.1,130.7,87,,,0.5,0.8,0.9837734427159656,0.8836414099011758
Rat_education_Ulrike,17503,0.9976630186958504,0.999200137119351,31.587577620526574,Rat,373.0,3.0,Education,K-12 School,4318.5,46484.0,38.9035039800032,-77.0053494170663,US/Eastern,Yes,,,,,,,,,,,1932.0,,,,,,,,,,0.3333333333333333,0.9,0.9980472983017256,0.8836331088112079
Fox_education_Rudolph,17542,0.9998860009119928,0.9923611902861703,9.81887547388165,Fox,233.0,2.0,Education,College Classroom,2335.5,25139.0,33.42442530000004,-111.9281403999998,US/Mountain,Yes,Yes,Yes,,,,,,Education,College/University,,1970.0,,,,,,,,,,0.3333333333333333,0.9,0.9980047982555371,0.883603358778876
Hog_office_Marlena,17194,0.9800501595987232,0.9947074560893335,69.36802550967492,Hog,1098.0,13.0,Office,Office,12239.5,131745.0,44.97878184783975,-93.2553976421019,US/Central,Yes,,Yes,Yes,,,,,,,,,,,,79,79.4,121,79.3,,,0.5,0.8,0.9837144837213758,0.883600138604963
Hog_office_Cornell,17162,0.9782261741906064,1.0,415.89095506505265,Hog,1159.0,13.0,Office,Office,62385.0,671507.0,44.97878184783975,-93.2553976421019,US/Central,Yes,,Yes,Yes,,,,,,,,,,,,-,234.1,355.2,224.8,,,0.5,0.8,0.9836696306429549,0.8835687414500684
Rat_education_Robyn,17496,0.9972640218878249,1.0,59.538515206832194,Rat,490.0,3.0,Education,K-12 School,9188.1,98900.0,38.9035039800032,-77.0053494170663,US/Eastern,Yes,,,,,,,,,,,1961.0,,,,,,,,,,0.3333333333333333,0.9,0.9979480164158687,0.8835636114911081
Gator_public_Dewey,16157,0.9209416324669403,1.0,1.2894060724657392,Gator,825.0,8.0,Public services,"Fire Station, Fire Stations",333.7,3592.0,,,US/Eastern,Yes,,,,,,,,,,,,,1.0,4.0,,,,,,,0.5,1.0,0.9407062243502052,0.8834943570451436
Rat_education_Zoe,17492,0.9970360237118103,1.0,30.44552282329612,Rat,461.0,3.0,Education,K-12 School,6447.5,69400.0,38.9035039800032,-77.0053494170663,US/Eastern,Yes,,,,,,,,,,,1959.0,,,,,,,,,,0.3333333333333333,0.9,0.9977770177838577,0.8834439124487005
Rat_education_Dann,17492,0.9970360237118103,1.0,51.65985523704038,Rat,355.0,3.0,Education,K-12 School,16954.8,182500.0,38.9035039800032,-77.0053494170663,US/Eastern,Yes,,,,,,,,,,,1970.0,,,,,,,,,,0.3333333333333333,0.9,0.9977770177838577,0.8834439124487005
Rat_education_Deanna,17492,0.9970360237118103,1.0,26.00900265398927,Rat,542.0,3.0,Education,K-12 School,6215.2,66900.0,38.9035039800032,-77.0053494170663,US/Eastern,Yes,,,,,,,,,,,1969.0,,,,,,,,,,0.3333333333333333,0.9,0.9977770177838577,0.8834439124487005
Rat_education_Renee,17492,0.9970360237118103,1.0,12.255546853118405,Rat,322.0,3.0,Education,K-12 School,3445.1,37083.0,38.9035039800032,-77.0053494170663,US/Eastern,Yes,,,,,,,,,,,1908.0,,,,,,,,,,0.3333333333333333,0.9,0.9977770177838577,0.8834439124487005
Rat_education_Morton,17492,0.9970360237118103,1.0,59.61623069067707,Rat,452.0,3.0,Education,K-12 School,14409.3,155100.0,38.9035039800032,-77.0053494170663,US/Eastern,Yes,,,,,,,,,,,1931.0,,,,,,,,,,0.3333333333333333,0.9,0.9977770177838577,0.8834439124487005
Rat_education_Salvatore,17492,0.9970360237118103,1.0,35.989001942621286,Rat,559.0,3.0,Education,K-12 School,4551.7,48994.0,38.9035039800032,-77.0053494170663,US/Eastern,Yes,,,,,,,,,,,2015.0,,,,,,,,,,0.3333333333333333,0.9,0.9977770177838577,0.8834439124487005
Fox_education_Eldon,17490,0.996922024623803,1.0,13.819623028429652,Fox,213.0,2.0,Education,College Laboratory,4613.7,49662.0,33.42442530000004,-111.9281403999998,US/Mountain,Yes,Yes,Yes,,,,,,Education,College/University,,1964.0,,,,,,,,,,0.3333333333333333,0.9,0.9976915184678522,0.8833840629274966
Rat_education_Brett,17493,0.997093023255814,0.9994283427656777,45.16302474335918,Rat,443.0,3.0,Education,K-12 School,10126.4,109000.0,38.9035039800032,-77.0053494170663,US/Eastern,Yes,,,,,,,,,,,1940.0,,,,,,,,,,0.3333333333333333,0.9,0.9976768531332799,0.883373797193296
Hog_office_Catalina,17193,0.9799931600547196,0.9922642936078636,34.42527663741688,Hog,1167.0,13.0,Office,Office,4900.4,52748.0,44.97878184783975,-93.2553976421019,US/Central,Yes,,Yes,Yes,,,,,,,,,,,,67,75.9,120,74.5,,,0.5,0.8,0.9830609434430055,0.8831426604101038
Rat_education_Irma,17481,0.9964090287277702,0.999942795034609,27.19865887371886,Rat,494.0,3.0,Education,K-12 School,6763.3,72800.0,38.9035039800032,-77.0053494170663,US/Eastern,Yes,,,,,,,,,,,1959.0,,,,,,,,,,0.3333333333333333,0.9,0.9972924703044799,0.8831047292131359
Fox_education_Virgil,17479,0.9962950296397629,1.0,9.628692200272026,Fox,253.0,2.0,Education,College Laboratory,6123.0,65907.0,33.42442530000004,-111.9281403999998,US/Mountain,Yes,Yes,Yes,,,,,,Education,College/University,,1964.0,,,,,,,,,,0.3333333333333333,0.9,0.9972212722298222,0.8830548905608755
Rat_education_Terese,17475,0.9960670314637483,1.0,36.39769283654792,Rat,399.0,3.0,Education,K-12 School,16722.5,180000.0,38.9035039800032,-77.0053494170663,US/Eastern,Yes,,,,,,,,,,,1939.0,,,,,,,,,,0.3333333333333333,0.9,0.9970502735978113,0.8829351915184679
Hog_office_Garrett,17194,0.9800501595987232,0.9898220309410259,180.16204606734857,Hog,1090.0,13.0,Office,Office,28339.8,305047.0,44.97878184783975,-93.2553976421019,US/Central,Yes,,Yes,Yes,,,,,,,,,,,,-,78.6,135.6,76.6,,,0.5,0.8,0.982493127434299,0.8827451892040091
Rat_education_Jacob,17468,0.9956680346557227,1.0,13.487931816355461,Rat,389.0,3.0,Education,K-12 School,5310.8,57165.0,38.9035039800032,-77.0053494170663,US/Eastern,Yes,,,,,,,,,,,2014.0,,,,,,,,,,0.3333333333333333,0.9,0.996751025991792,0.8827257181942544
Rat_education_Willie,17468,0.9956680346557227,1.0,128.6875792279061,Rat,387.0,3.0,Education,K-12 School,9680.5,104200.0,38.9035039800032,-77.0053494170663,US/Eastern,Yes,,,,,,,,,,,2009.0,,,,,,,,,,0.3333333333333333,0.9,0.996751025991792,0.8827257181942544
Rat_education_Colin,17468,0.9956680346557227,1.0,28.425362240523775,Rat,295.0,3.0,Education,K-12 School,7748.1,83400.0,38.9035039800032,-77.0053494170663,US/Eastern,Yes,,,,,,,,,,,1942.0,,,,,,,,,,0.3333333333333333,0.9,0.996751025991792,0.8827257181942544
Rat_education_Fernando,17468,0.9956680346557227,0.9999427524616441,27.34825369380476,Rat,351.0,3.0,Education,K-12 School,5472.7,58908.0,38.9035039800032,-77.0053494170663,US/Eastern,Yes,,,,,,,,,,,1910.0,,,,,,,,,,0.3333333333333333,0.9,0.996736714107203,0.8827156998750421
Rat_education_Esther,17468,0.9956680346557227,0.9999427524616441,30.89955307220973,Rat,488.0,3.0,Education,K-12 School,6466.0,69600.0,38.9035039800032,-77.0053494170663,US/Eastern,Yes,,,,,,,,,,,1908.0,,,,,,,,,,0.3333333333333333,0.9,0.996736714107203,0.8827156998750421
Rat_education_Alfonso,17468,0.9956680346557227,0.9998282573849324,148.28549182825867,Rat,489.0,3.0,Education,K-12 School,7900.4,85039.0,38.9035039800032,-77.0053494170663,US/Eastern,Yes,,,,,,,,,,,1925.0,,,,,,,,,,0.3333333333333333,0.9,0.9967080903380251,0.8826956632366176
Rat_education_Carmela,17466,0.9955540355677155,0.9999427459063323,39.78088052524426,Rat,382.0,3.0,Education,K-12 School,4457.9,47984.0,38.9035039800032,-77.0053494170663,US/Eastern,Yes,,,,,,,,,,,2002.0,,,,,,,,,,0.3333333333333333,0.9,0.9966512131523697,0.8826558492066588
Rat_education_Guillermo,17464,0.9954400364797081,0.999942739349519,24.104126094397596,Rat,457.0,3.0,Education,K-12 School,7404.4,79700.0,38.9035039800032,-77.0053494170663,US/Eastern,Yes,,,,,,,,,,,1932.0,,,,,,,,,,0.3333333333333333,0.9,0.996565712197161,0.8825959985380126
Rat_education_Lincoln,17466,0.9955540355677155,0.9995419672506585,75.39411047499759,Rat,450.0,3.0,Education,K-12 School,10857.8,116872.0,38.9035039800032,-77.0053494170663,US/Eastern,Yes,,,,,,,,,,,1931.0,,,,,,,,,,0.3333333333333333,0.9,0.9965510184884513,0.8825857129419159
Rat_education_Tim,17466,0.9955540355677155,0.999427459063323,24.30170568001143,Rat,495.0,3.0,Education,K-12 School,4412.9,47500.0,38.9035039800032,-77.0053494170663,US/Eastern,Yes,,,,,,,,,,,1968.0,,,,,,,,,,0.3333333333333333,0.9,0.9965223914416175,0.8825656740091322
Fox_education_Wendell,17461,0.9952690378476973,1.0,35.19608076333025,Fox,201.0,2.0,Education,College Laboratory,20402.2,219608.0,33.42442530000004,-111.9281403999998,US/Mountain,Yes,Yes,Yes,,,,,,Education,College/University,,1992.0,,,,,,,,,,0.3333333333333333,0.9,0.9964517783857729,0.8825162448700411
Rat_education_Everett,17459,0.9951550387596899,0.9998854459018272,57.70484352029044,Rat,486.0,3.0,Education,K-12 School,8024.5,86375.0,38.9035039800032,-77.0053494170663,US/Eastern,Yes,,,,,,,,,,,1903.0,,,,,,,,,,0.3333333333333333,0.9,0.9963376405452242,0.882436348381657
Rat_education_Candida,17457,0.9950410396716827,1.0,39.32600960800847,Rat,409.0,3.0,Education,K-12 School,3576.8,38500.0,38.9035039800032,-77.0053494170663,US/Eastern,Yes,,,,,,,,,,,2016.0,,,,,,,,,,0.3333333333333333,0.9,0.9962807797537621,0.8823965458276335
Hog_office_Carri,17122,0.9759461924304605,1.0,11.119194288689174,Hog,1131.0,13.0,Office,Office,2365.6,25463.0,44.97878184783975,-93.2553976421019,US/Central,Yes,,,,,,,,,,,,,,,-,153.8,251.9,151.1,,,0.5,0.8,0.9819596443228454,0.8823717510259917
Rat_education_Stuart,17456,0.9949840401276789,1.0,19.462433418465245,Rat,405.0,3.0,Education,K-12 School,7636.6,82200.0,38.9035039800032,-77.0053494170663,US/Eastern,Yes,,,,,,,,,,,1916.0,,,,,,,,,,0.3333333333333333,0.9,0.9962380300957592,0.8823666210670315
Rat_education_Nona,17456,0.9949840401276789,0.9998854262144822,57.91658870434505,Rat,419.0,3.0,Education,K-12 School,25204.6,271300.0,38.9035039800032,-77.0053494170663,US/Eastern,Yes,,,,,,,,,,,1940.0,,,,,,,,,,0.3333333333333333,0.9,0.9962093866493797,0.8823465706545658
Rat_education_Bryant,17451,0.9946990424076607,1.0,11.600041821885103,Rat,360.0,3.0,Education,K-12 School,6466.0,69600.0,38.9035039800032,-77.0053494170663,US/Eastern,Yes,,,,,,,,,,,1949.0,,,,,,,,,,0.3333333333333333,0.9,0.9960242818057455,0.8822169972640219
Hog_office_Nia,17114,0.9754901960784313,1.0,856.001945641687,Hog,1168.0,13.0,Office,Office,53614.4,577101.0,44.97878184783975,-93.2553976421019,US/Central,Yes,,Yes,Yes,,,,,,,,,,,,-,319.8,458,313.3,,,0.5,0.8,0.9816176470588235,0.8821323529411763
Wolf_education_Eulalia,17447,0.9944710442316461,1.0,43.372948412607286,Wolf,1055.0,12.0,Education,College Classroom,8056.0,86714.0,53.34979999999997,6.2603,Europe/Dublin,Yes,,,,,,,,Education,College/University,,,,4.0,,,,,,,D1,0.3333333333333333,0.9,0.9958532831737346,0.8820972982216142
Fox_education_Janina,17451,0.9946990424076607,0.9991404504039884,36.432119387058904,Fox,214.0,2.0,Education,College Laboratory,8479.5,91273.0,33.42442530000004,-111.9281403999998,US/Mountain,Yes,,Yes,,,,,,Education,College/University,,1951.0,,,,,,,,,,0.3333333333333333,0.9,0.9958093944067427,0.8820665760847198
Fox_education_Dominique,17445,0.9943570451436389,1.0,22.326843066574313,Fox,219.0,2.0,Education,College Laboratory,8930.2,96124.0,33.42442530000004,-111.9281403999998,US/Mountain,Yes,Yes,Yes,,,,,,Education,College/University,,1959.0,,,,,,,,,,0.3333333333333333,0.9,0.9957677838577291,0.8820374487004105
Rat_education_Sherwood,17444,0.9943000455996353,1.0,37.096427884258055,Rat,380.0,3.0,Education,K-12 School,8835.1,95100.0,38.9035039800032,-77.0053494170663,US/Eastern,Yes,,,,,,,,,,,1927.0,,,,,,,,,,0.3333333333333333,0.9,0.9957250341997265,0.8820075239398085
Rat_education_Sina,17444,0.9943000455996353,1.0,60.66925675235983,Rat,540.0,3.0,Education,K-12 School,8203.3,88300.0,38.9035039800032,-77.0053494170663,US/Eastern,Yes,,,,,,,,,,,1909.0,,,,,,,,,,0.3333333333333333,0.9,0.9957250341997265,0.8820075239398085
Rat_education_Adrian,17444,0.9943000455996353,1.0,37.559599534129816,Rat,410.0,3.0,Education,K-12 School,5956.3,64113.0,38.9035039800032,-77.0053494170663,US/Eastern,Yes,,,,,,,,,,,1924.0,,,,,,,,,,0.3333333333333333,0.9,0.9957250341997265,0.8820075239398085
Fox_education_Otilia,17444,0.9943000455996353,1.0,52.60066407275156,Fox,212.0,2.0,Education,College Laboratory,30403.1,327256.0,33.42442530000004,-111.9281403999998,US/Mountain,Yes,Yes,Yes,,,,,,Education,College/University,,2012.0,,,,,,,,,,0.3333333333333333,0.9,0.9957250341997265,0.8820075239398085
Rat_education_Earl,17444,0.9943000455996353,0.9997133684934648,57.698394596645215,Rat,347.0,3.0,Education,K-12 School,7051.3,75900.0,38.9035039800032,-77.0053494170663,US/Eastern,Yes,,,,,,,,,,,1974.0,,,,,,,,,,0.3333333333333333,0.9,0.9956533763230927,0.8819573634261649
Rat_education_Mona,17442,0.9941860465116279,1.0,29.7714054446478,Rat,392.0,3.0,Education,K-12 School,4923.9,53000.0,38.9035039800032,-77.0053494170663,US/Eastern,Yes,,,,,,,,,,,1912.0,,,,,,,,,,0.3333333333333333,0.9,0.9956395348837209,0.8819476744186047
Rat_education_Wilmer,17442,0.9941860465116279,1.0,35.15712128659603,Rat,297.0,3.0,Education,K-12 School,6150.2,66200.0,38.9035039800032,-77.0053494170663,US/Eastern,Yes,,,,,,,,,,,1950.0,,,,,,,,,,0.3333333333333333,0.9,0.9956395348837209,0.8819476744186047
Rat_education_Marvin,17444,0.9943000455996353,0.9990254528777803,28.743046260221437,Rat,393.0,3.0,Education,K-12 School,5518.4,59400.0,38.9035039800032,-77.0053494170663,US/Eastern,Yes,,,,,,,,,,,1900.0,,,,,,,,,,0.3333333333333333,0.9,0.9954813974191715,0.8818369781934201
Rat_education_Debra,17437,0.9939010487916097,1.0,36.43201066267895,Rat,306.0,3.0,Education,K-12 School,4784.5,51500.0,38.9035039800032,-77.0053494170663,US/Eastern,Yes,,,,,,,,,,,1931.0,,,,,,,,,,0.3333333333333333,0.9,0.9954257865937073,0.8817980506155951
Rat_education_Jena,17436,0.993844049247606,1.0,59.24924586674115,Rat,445.0,3.0,Education,K-12 School,3804.4,40950.0,38.9035039800032,-77.0053494170663,US/Eastern,Yes,,,,,,,,,,,1910.0,,,,,,,,,,0.3333333333333333,0.9,0.9953830369357045,0.8817681258549932
Rat_education_Patty,17429,0.9934450524395805,1.0,61.50487054506764,Rat,471.0,3.0,Education,K-12 School,15793.5,170000.0,38.9035039800032,-77.0053494170663,US/Eastern,Yes,,,,,,,,,,,1956.0,,,,,,,,,,0.3333333333333333,0.9,0.9950837893296853,0.8815586525307797
Fox_education_Lilly,17428,0.9933880528955769,1.0,36.74530717231795,Fox,250.0,2.0,Education,College Laboratory,12236.3,131710.0,33.42442530000004,-111.9281403999998,US/Mountain,Yes,Yes,Yes,,,,,,Education,College/University,,1991.0,,,,,,,,,,0.3333333333333333,0.9,0.9950410396716827,0.8815287277701779
Rat_education_Earnest,17427,0.9933310533515732,1.0,21.591133987443474,Rat,333.0,3.0,Education,K-12 School,5564.9,59900.0,38.9035039800032,-77.0053494170663,US/Eastern,Yes,,,,,,,,,,,1962.0,,,,,,,,,,0.3333333333333333,0.9,0.9949982900136799,0.881498803009576
Lamb_office_Maggie,17194,0.9800501595987232,0.9823194137489822,3.2739149225819784,Lamb,686.0,5.0,Office,Office,1134.0,12206.0,51.49783804108846,-3.186245571244898,Europe/London,Yes,,,,,,,,Government,"City, County, State",Gas,1976.0,,2.0,,,,,,,,0.5,0.8,0.980617473136288,0.8814322311954015
Gator_public_Lona,16198,0.9232786137710899,0.9807383627608347,0.9246136120217965,Gator,849.0,8.0,Public services,"Office, Fire Stations",599.0,6448.0,,,US/Eastern,Yes,,,,,,,,,,,,,1.0,100.0,,,,,,,0.5,1.0,0.9376435510185261,0.8813504857129683
Fox_education_Geoffrey,17419,0.992875056999544,1.0,15.11101696295097,Fox,190.0,2.0,Education,College Laboratory,12731.4,137040.0,33.42442530000004,-111.9281403999998,US/Mountain,Yes,Yes,Yes,,,,,,Education,College/University,,1957.0,,,,,,,,,,0.3333333333333333,0.9,0.994656292749658,0.8812594049247606
Fox_education_Theodore,17414,0.9925900592795258,1.0,11.083332133288184,Fox,220.0,2.0,Education,College Laboratory,11389.2,122592.0,33.42442530000004,-111.9281403999998,US/Mountain,Yes,Yes,Yes,,,,,,Education,College/University,,1971.0,,,,,,,,,,0.3333333333333333,0.9,0.9944425444596443,0.881109781121751
Fox_education_Claude,17412,0.9924760601915185,1.0,32.286031300109556,Fox,209.0,2.0,Education,College Laboratory,17957.6,193294.0,33.42442530000004,-111.9281403999998,US/Mountain,Yes,Yes,Yes,,,,,,Education,College/University,,2006.0,,,,,,,,,,0.3333333333333333,0.9,0.9943570451436389,0.8810499316005472
Hog_office_Sonny,17077,0.9733812129502964,1.0,53.660486744113285,Hog,1089.0,13.0,Office,Office,5837.7,62837.0,44.97878184783975,-93.2553976421019,US/Central,Yes,,,Yes,,,,,,,,,,,,-,246.8,490.3,238.5,,,0.5,0.8,0.9800359097127224,0.8810251367989056
Hog_office_Byron,17075,0.9732672138622891,1.0,180.83993447080195,Hog,1148.0,13.0,Office,Office,80038.2,861524.0,44.97878184783975,-93.2553976421019,US/Central,Yes,,Yes,Yes,,,,,,,,,,,,-,168.8,249.5,161.9,,,0.5,0.8,0.9799504103967168,0.8809652872777017
Fox_education_Marlana,17407,0.9921910624715002,1.0,20.50701115604493,Fox,247.0,2.0,Education,College Laboratory,5997.8,64560.0,33.42442530000004,-111.9281403999998,US/Mountain,Yes,Yes,Yes,,,,,,Education,College/University,,1965.0,,,,,,,,,,0.3333333333333333,0.9,0.9941432968536252,0.8809003077975377
Rat_education_Liz,17400,0.9917920656634747,1.0,42.04542819413583,Rat,472.0,3.0,Education,K-12 School,6447.5,69400.0,38.9035039800032,-77.0053494170663,US/Eastern,Yes,,,,,,,,,,,1911.0,,,,,,,,,,0.3333333333333333,0.9,0.9938440492476059,0.8806908344733242
Gator_public_Nettie,16063,0.9155836753305974,1.0,3.5923037823556934,Gator,833.0,8.0,Public services,"Fire Station, Fire Stations",593.8,6392.0,,,US/Eastern,Yes,,,,,,,,,,,,,1.0,10.0,,,,,,,0.5,1.0,0.936687756497948,0.8806814295485635
Rat_education_Tania,17436,0.993844049247606,0.9924294562973159,159.21486575927028,Rat,562.0,3.0,Education,K-12 School,21832.2,235000.0,38.9035039800032,-77.0053494170663,US/Eastern,Yes,,,,,,,,,,,2013.0,,,,,,,,,,0.3333333333333333,0.9,0.9934904010100335,0.8804432807070235
Hog_office_Buford,17061,0.972469220246238,0.9981243772346287,0.5592536091511028,Hog,1110.0,13.0,Office,Office,2521.9,27145.0,44.97878184783975,-93.2553976421019,US/Central,Yes,,,,,,,,,,,,,,,100,4.2,8.5,4.2,,,0.5,0.8,0.9788830094933357,0.880218106645335
Rat_education_Elisa,17382,0.990766073871409,1.0,21.731479527462614,Rat,336.0,3.0,Education,K-12 School,3994.8,43000.0,38.9035039800032,-77.0053494170663,US/Eastern,Yes,,,,,,,,,,,1923.0,,,,,,,,,,0.3333333333333333,0.9,0.9930745554035567,0.8801521887824897
Rat_education_Winnie,17369,0.9900250797993616,0.9999424261615522,25.583569185773946,Rat,325.0,3.0,Education,Other - Education,5499.9,59200.0,38.9035039800032,-77.0053494170663,US/Eastern,Yes,,,,,,,,,,,1959.0,,,,,,,,,,0.3333333333333333,0.9,0.9925044163899093,0.8797530914729365
Gator_public_Kendall,16016,0.9129046967624259,1.0,3.4673873328029607,Gator,824.0,8.0,Public services,"Fire Station, Fire Stations",726.5,7820.0,,,US/Eastern,Yes,,,,,,,,,,,,,1.0,10.0,,,,,,,0.5,1.0,0.9346785225718195,0.8792749658002735
Rat_education_Nydia,17354,0.9891700866393068,0.9997695055894894,50.099732856205925,Rat,350.0,3.0,Education,K-12 School,7785.3,83800.0,38.9035039800032,-77.0053494170663,US/Eastern,Yes,,,,,,,,,,,1944.0,,,,,,,,,,0.3333333333333333,0.9,0.9918199413768525,0.8792739589637968
Rat_education_Paula,17348,0.988828089375285,1.0,35.34184144133457,Rat,344.0,3.0,Education,K-12 School,7200.0,77500.0,38.9035039800032,-77.0053494170663,US/Eastern,Yes,,,,,,,,,,,1942.0,,,,,,,,,,0.3333333333333333,0.9,0.9916210670314638,0.8791347469220246
Rat_education_Adell,17348,0.988828089375285,0.9994235646760433,83.9817289514777,Rat,481.0,3.0,Education,K-12 School,9689.2,104294.0,38.9035039800032,-77.0053494170663,US/Eastern,Yes,,,,,,,,,,,1976.0,,,,,,,,,,0.3333333333333333,0.9,0.9914769582004747,0.8790338707403322
Rat_education_Rogelio,17342,0.9884860921112631,0.9999423365240456,44.90977533769294,Rat,300.0,3.0,Education,K-12 School,5834.3,62800.0,38.9035039800032,-77.0053494170663,US/Eastern,Yes,,,,,,,,,,,2014.0,,,,,,,,,,0.3333333333333333,0.9,0.9913501532144589,0.8789451072501212
Rat_education_Verna,17337,0.9882010943912448,1.0,27.181943164689578,Rat,491.0,3.0,Education,K-12 School,6187.3,66600.0,38.9035039800032,-77.0053494170663,US/Eastern,Yes,,,,,,,,,,,1970.0,,,,,,,,,,0.3333333333333333,0.9,0.9911508207934336,0.8788055745554035
Bear_education_Lidia,17337,0.9882010943912448,1.0,5.561445458698058,Bear,642.0,4.0,Education,Education,2824.3,30401.0,37.87190340000004,-122.26072860000008,US/Pacific,Yes,,,,,,,,,,,,,4.0,,,,,,,,0.3333333333333333,0.9,0.9911508207934336,0.8788055745554035
Fox_education_Jaclyn,17332,0.9879160966712266,1.0,20.229707582358206,Fox,210.0,2.0,Education,College Laboratory,6619.2,71248.0,33.42442530000004,-111.9281403999998,US/Mountain,Yes,Yes,Yes,,,,,,Education,College/University,,2004.0,,,,,,,,,,0.3333333333333333,0.9,0.9909370725034199,0.8786559507523939
Gator_public_Janna,15969,0.9102257181942545,1.0,20.63340483236694,Gator,850.0,8.0,Public services,"Community Center, Community Centers",2656.1,28590.0,,,US/Eastern,Yes,,,,,,,,,,,,,1.0,100.0,,,,,,,0.5,1.0,0.9326692886456909,0.8778685020519835
Hog_office_Sung,16955,0.9664272685818514,1.0,10.832076686619896,Hog,1194.0,13.0,Office,Office,3328.6,35829.0,44.97878184783975,-93.2553976421019,US/Central,Yes,,,,,,,,,,,,,,,-,173.1,271.2,174.1,,,0.5,0.8,0.9748204514363885,0.8773743160054719
Fox_education_John,17339,0.9883150934792522,0.9912336351577369,24.46661456846086,Fox,279.0,2.0,Education,College Laboratory,4587.9,49384.0,33.42442530000004,-111.9281403999998,US/Mountain,Yes,Yes,Yes,,,,,,Education,College/University,,1967.0,,,,,,,,,,0.3333333333333333,0.9,0.9890447288988734,0.8773313102292114
Lamb_education_Logan,17194,0.9800501595987232,0.8719320693265092,3.5711571757129024,Lamb,,5.0,Education,Primary/Secondary Classroom,2152.0,23164.0,51.49783804108846,-3.186245571244898,Europe/London,Yes,,,,,,,,Education,Primary/Secondary School,Gas,1976.0,,1.0,,,,,,,,0.5,0.9,0.9530206370306697,0.8771144459214687
Panther_education_Misty,17524,0.998860009119927,0.8152818991097923,15.092653990131486,Panther,1.0,0.0,Education,Research,252.7,2720.0,28.5176885788321,-81.3790387999998,US/Eastern,Yes,,,,Yes,,,,,,,2004.0,,,,,375,,,,,0.5,0.9,0.9529654816173934,0.8770758371321753
Bobcat_education_Angela,16430,0.9365025079799362,1.0,23.628492324225913,Bobcat,1003.0,10.0,Education,Academic,8802.7,94751.0,,,US/Mountain,Yes,Yes,Yes,,Yes,,,,,,,,,3.0,0.0,,,,,,,0.5,0.9,0.9523768809849521,0.8766638166894664
Panther_education_Mohammad,17532,0.9993160054719562,0.809719370294319,66.71828497262418,Panther,20.0,0.0,Education,Classroom,10244.6,110272.0,28.5176885788321,-81.3790387999998,US/Eastern,Yes,,,,Yes,,,Yes,,,,1977.0,,,,,199,,,,,0.5,0.9,0.951916846677547,0.8763417926742828
Panther_education_Tina,17534,0.9994300045599636,0.8085434013915821,5.065921906829289,Panther,5.0,0.0,Education,Research,743.2,8000.0,28.5176885788321,-81.3790387999998,US/Eastern,Yes,,,,Yes,,,,,,,2000.0,,,,,41,,,,,0.5,0.9,0.9517083537678682,0.8761958476375077
Panther_education_Gina,17532,0.9993160054719562,0.808806753365275,173.73184118600193,Panther,4.0,0.0,Education,Research,10833.1,116607.0,28.5176885788321,-81.3790387999998,US/Eastern,Yes,,,,Yes,,,Yes,,,,1975.0,,,,,546,,,,,0.5,0.9,0.9516886924452859,0.8761820847117
Panther_education_Scarlett,17513,0.9982330141358869,0.812025352595215,11.58271373372192,Panther,94.0,0.0,Education,Classroom,2737.8,29469.0,28.5176885788321,-81.3790387999998,US/Eastern,Yes,,,,,,,Yes,,,,1968.0,,,,,84,,,,,0.5,0.9,0.9516810987507189,0.8761767691255031
Panther_education_Edna,17527,0.999031007751938,0.8094939236606379,59.38717240319255,Panther,52.0,0.0,Education,Classroom,9896.3,106523.0,28.5176885788321,-81.3790387999998,US/Eastern,Yes,,,,Yes,,,Yes,,,,1970.0,,,,,168,,,,,0.5,0.9,0.9516467367291129,0.876152715710379
Panther_education_Emily,17517,0.9984610123119015,0.810412741907861,64.12406144996613,Panther,91.0,0.0,Education,Classroom,6326.1,68094.0,28.5176885788321,-81.3790387999998,US/Eastern,Yes,,Yes,,Yes,,,,,,,2003.0,,,,,164,,,,,0.5,0.9,0.9514489447108914,0.8760142612976238
Panther_education_Aurora,17534,0.9994300045599636,0.8074597924033307,62.35268872929465,Panther,14.0,0.0,Education,Classroom,8012.9,86250.0,28.5176885788321,-81.3790387999998,US/Eastern,Yes,,Yes,,Yes,Yes,,,,,,2013.0,,,,,136,,,Gold,,0.5,0.9,0.9514374515208054,0.8760062160645637
Panther_education_Neal,17534,0.9994300045599636,0.8074027603513174,133.8330175805573,Panther,60.0,0.0,Education,Classroom,7578.7,81576.0,28.5176885788321,-81.3790387999998,US/Eastern,Yes,,Yes,,Yes,,,,,,,1997.0,,,,,181,,,,,0.5,0.9,0.9514231935078021,0.8759962354554615
Panther_education_Teofila,17533,0.9993730050159598,0.8073917755090401,71.78300442772438,Panther,30.0,0.0,Education,Classroom,8723.3,93897.0,28.5176885788321,-81.3790387999998,US/Eastern,Yes,,Yes,,Yes,,,Yes,,,,1999.0,,,,,146,,,,,0.5,0.9,0.9513776976392299,0.8759643883474608
Panther_education_Mattie,17532,0.9993160054719562,0.8075519050878394,4.724446241224132,Panther,2.0,0.0,Education,Classroom,499.4,5376.0,28.5176885788321,-81.3790387999998,US/Eastern,Yes,,,,Yes,,,,,,,1991.0,,,,,49,,,,,0.5,0.9,0.951374980375927,0.8759624862631489
Panther_education_Vincent,17532,0.9993160054719562,0.8073237508555784,71.22776560319765,Panther,7.0,0.0,Education,Classroom,11248.1,121074.0,28.5176885788321,-81.3790387999998,US/Eastern,Yes,,Yes,,Yes,,,,,,,1989.0,,,,,128,,,,,0.5,0.9,0.9513179418178618,0.8759225592725032
Panther_education_Zelda,17532,0.9993160054719562,0.8073237508555784,41.402464008089815,Panther,75.0,0.0,Education,Classroom,7519.8,80942.0,28.5176885788321,-81.3790387999998,US/Eastern,Yes,,Yes,,Yes,,,,,,,2010.0,,,,,92,,,Gold,,0.5,0.9,0.9513179418178618,0.8759225592725032
Panther_education_Diann,17532,0.9993160054719562,0.8072667122975131,50.650512971426004,Panther,3.0,0.0,Education,Classroom,2200.4,23685.0,28.5176885788321,-81.3790387999998,US/Eastern,Yes,,,,Yes,,,,,,,2002.0,,,,,145,,,,,0.5,0.9,0.9513036821783455,0.8759125775248418
Panther_education_Alecia,17531,0.9992590059279526,0.8073698020649136,103.77480835678483,Panther,24.0,0.0,Education,Classroom,9805.4,105545.0,28.5176885788321,-81.3790387999998,US/Eastern,Yes,,,,Yes,,,Yes,,,,2001.0,,,,,186,,,,,0.5,0.9,0.9512867049621928,0.8759006934735349
Panther_education_Janis,17530,0.999202006383949,0.80718767826583,14.970757947254585,Panther,86.0,0.0,Education,Research,1015.6,10932.0,28.5176885788321,-81.3790387999998,US/Eastern,Yes,,,,,,,,,,,1986.0,,,,,67,,,,,0.5,0.9,0.9511984243544193,0.8758388970480934
Panther_education_Annetta,17529,0.9991450068399452,0.8073478236065947,48.11308578793697,Panther,13.0,0.0,Education,Classroom,9232.7,99380.0,28.5176885788321,-81.3790387999998,US/Eastern,Yes,,Yes,,Yes,,,,,,,2000.0,,,,,95,,,,,0.5,0.9,0.9511957110316076,0.8758369977221252
Gator_public_Erika,15899,0.906235750113999,1.0,1.4043422812736261,Gator,872.0,8.0,Public services,"Fire Station, Fire Stations",337.0,3627.0,,,US/Eastern,Yes,,,,,,,,,,,,,1.0,4.0,,,,,,,0.5,1.0,0.9296768125854993,0.8757737688098495
Panther_education_Rosalie,17524,0.998860009119927,0.8075211139009358,28.25214954712556,Panther,0.0,0.0,Education,Research,690.5,7432.0,28.5176885788321,-81.3790387999998,US/Eastern,Yes,,,,Yes,,,,,,,2008.0,,,,,276,,,,,0.5,0.9,0.9510252853151792,0.8757176997206253
Fox_education_Yolande,17230,0.9821021431828545,1.0,48.631701170745735,Fox,169.0,2.0,Education,College Laboratory,16681.6,179559.0,33.42442530000004,-111.9281403999998,US/Mountain,Yes,Yes,Yes,,,,,,Education,College/University,,2006.0,,,,,,,,,,0.3333333333333333,0.9,0.9865766073871409,0.8756036251709987
Panther_education_Cleopatra,17465,0.9954970360237118,0.8168336673346693,16.3344919717613,Panther,103.0,0.0,Education,Classroom,2012.0,21657.0,28.5176885788321,-81.3790387999998,US/Eastern,Yes,,Yes,,Yes,,,,,,,2016.0,,,,,100,,,Gold,,0.5,0.9,0.9508311938514511,0.8755818356960157
Panther_education_Enriqueta,17495,0.9972070223438213,0.8096599028293798,48.0953306969677,Panther,78.0,0.0,Education,Classroom,7084.5,76257.0,28.5176885788321,-81.3790387999998,US/Eastern,Yes,,Yes,,,,,,,,,2007.0,,,,,90,,,,,0.5,0.9,0.9503202424652109,0.8752241697256475
Rat_education_Marianna,17217,0.9813611491108071,1.0,30.99905106065304,Rat,515.0,3.0,Education,K-12 School,5936.5,63900.0,38.9035039800032,-77.0053494170663,US/Eastern,Yes,,,,,,,,,,,1921.0,,,,,,,,,,0.3333333333333333,0.9,0.9860208618331053,0.8752146032831738
Rat_education_Lonnie,17216,0.9813041495668035,0.9998838289962825,30.960508923089115,Rat,311.0,3.0,Education,K-12 School,4645.2,50000.0,38.9035039800032,-77.0053494170663,US/Eastern,Yes,,,,,,,,,,,1928.0,,,,,,,,,,0.3333333333333333,0.9,0.9859490694241732,0.8751643485969213
Panther_education_Ivan,17506,0.9978340173278614,0.8070947103850109,57.09548852706215,Panther,31.0,0.0,Education,Classroom,5751.1,61904.0,28.5176885788321,-81.3790387999998,US/Eastern,Yes,,Yes,,Yes,,,Yes,,,,2001.0,,,,,202,,,,,0.5,0.9,0.9501491905921488,0.8751044334145041
Gator_public_Tiffany,15875,0.9048677610579116,1.0,3.300893399383046,Gator,819.0,8.0,Public services,"Fire Station, Fire Stations",590.0,6351.0,,,US/Eastern,Yes,,,,,,,,,,,,,1.0,11.0,,,,,,,0.5,1.0,0.9286508207934336,0.8750555745554035
Rat_public_Kimber,17540,0.9997720018239854,1.0,160.47632150598156,Rat,432.0,3.0,Public services,Police Station,9587.6,103200.0,38.9035039800032,-77.0053494170663,US/Eastern,Yes,,,,,,,,,,,,,,,,,,,,,0.16666666666666666,1.0,0.999829001367989,0.8748803009575923
Fox_public_Rhonda,17541,0.999829001367989,0.9997719628299413,38.870209968302795,Fox,197.0,2.0,Public services,Library,9555.6,102856.0,33.42442530000004,-111.9281403999998,US/Mountain,Yes,,Yes,,,,,,Education,College/University,,,,,,,,,,,,0.16666666666666666,1.0,0.9998147417334771,0.874870319213434
Wolf_public_Norma,17539,0.9997150022799818,1.0,73.02697040963977,Wolf,1047.0,12.0,Public services,Library,23500.0,252952.0,53.34979999999997,6.2603,Europe/Dublin,Yes,,,,,,,,Education,College/University,,,,,,,,,,,,0.16666666666666666,1.0,0.9997862517099864,0.8748503761969905
Fox_public_Belle,17542,0.9998860009119928,0.9990308972751112,77.21908874507062,Fox,218.0,2.0,Public services,Library,1524.6,16411.0,33.42442530000004,-111.9281403999998,US/Mountain,Yes,,,,,,,,Education,College/University,,,,,,,,,,,,0.16666666666666666,1.0,0.9996722250027723,0.8747705575019407
Peacock_public_Kelvin,17533,0.9993730050159598,1.0,79.63673427824328,Peacock,788.0,6.0,Public services,Library,37324.1,401753.0,40.349999999999966,-74.69999999999995,US/Eastern,Yes,,Yes,Yes,,,,,Education,College/University,,,,,,,,,,,,0.16666666666666666,1.0,0.9995297537619698,0.8746708276333789
Robin_education_Jasper,17194,0.9800501595987232,1.0,23.484247986324252,Robin,116.0,1.0,Education,College Laboratory,3462.0,37265.0,51.51878965384613,-0.1345562307692307,Europe/London,Yes,,,,,,,,Education,College/University,Oil,,,5.0,,,,,,,,0.3333333333333333,0.9,0.9850376196990425,0.8745263337893298
Wolf_education_Katie,17193,0.9799931600547196,0.9999418367940441,11.249958836858985,Wolf,1039.0,12.0,Education,College Classroom,2803.0,30171.0,53.34979999999997,6.2603,Europe/Dublin,Yes,,,,,,,Yes,Education,College/University,,,,3.0,,,,,,,,0.3333333333333333,0.9,0.9849803292395507,0.8744862304676855
Hog_office_Thomas,17194,0.9800501595987232,0.9425380946841921,55.95230913684733,Hog,,13.0,Office,Office,2092.9,22528.0,44.97878184783975,-93.2553976421019,US/Central,Yes,,,,,,,,,,,,,,,36,78.1,167.3,76.7,,,0.5,0.8,0.9706721433700904,0.8744705003590633
Fox_education_Stacia,17192,0.9799361605107159,1.0,7.587398291100213,Fox,231.0,2.0,Education,College Laboratory,3134.5,33739.0,33.42442530000004,-111.9281403999998,US/Mountain,Yes,Yes,Yes,,,,,,Education,College/University,,1939.0,,,,,,,,,,0.3333333333333333,0.9,0.9849521203830369,0.8744664842681259
Fox_education_Gloria,17191,0.9798791609667122,1.0,40.82183755659405,Fox,192.0,2.0,Education,College Laboratory,14087.5,151637.0,33.42442530000004,-111.9281403999998,US/Mountain,Yes,Yes,Yes,,,,,,Education,College/University,,1983.0,,,,,,,,,,0.3333333333333333,0.9,0.9849093707250342,0.874436559507524
Wolf_education_Cody,17190,0.9798221614227086,0.9991855730075625,20.336038638157582,Wolf,1051.0,12.0,Education,College Classroom,2639.0,28406.0,53.34979999999997,6.2603,Europe/Dublin,Yes,,,,Yes,,,Yes,Education,College/University,,,,1.0,,,,,,,,0.3333333333333333,0.9,0.9846630143189221,0.8742641100232454
Rat_public_Joann,17516,0.9984040127678978,1.0,4.960899516333159,Rat,369.0,3.0,Public services,Library,597.5,6431.0,38.9035039800032,-77.0053494170663,US/Eastern,Yes,,,,,,,,,,,,,,,,,,,,,0.16666666666666666,1.0,0.9988030095759234,0.8741621067031464
Rat_public_Deidre,17516,0.9984040127678978,1.0,2.8014956671002067,Rat,416.0,3.0,Public services,Fire Station,657.7,7079.0,38.9035039800032,-77.0053494170663,US/Eastern,Yes,,,,,,,,,,,,,,,,,,,,,0.16666666666666666,1.0,0.9988030095759234,0.8741621067031464
Rat_public_Allie,17516,0.9984040127678978,0.9999429093400319,5.596918691911238,Rat,422.0,3.0,Public services,Library,810.7,8726.0,38.9035039800032,-77.0053494170663,US/Eastern,Yes,,,,,,,,,,,,,,,,,,,,,0.16666666666666666,1.0,0.9987887369109314,0.874152115837652
Rat_public_Tricia,17515,0.9983470132238942,1.0,15.63573389723627,Rat,502.0,3.0,Public services,Other - Public Services,558.3,6010.0,38.9035039800032,-77.0053494170663,US/Eastern,Yes,,,,,,,,,,,,,,,,,,,,,0.16666666666666666,1.0,0.9987602599179206,0.8741321819425444
Rat_public_Mark,17516,0.9984040127678978,0.9993720027403517,12.957150271032143,Rat,441.0,3.0,Public services,Other - Public Services,303.5,3267.0,38.9035039800032,-77.0053494170663,US/Eastern,Yes,,,,,,,,,,,,,,,,,,,,,0.16666666666666666,1.0,0.9986460102610113,0.8740522071827079
Fox_public_Lauren,17512,0.9981760145918832,1.0,18.472437842656447,Fox,207.0,2.0,Public services,Library,9262.4,99700.0,33.42442530000004,-111.9281403999998,US/Mountain,Yes,,Yes,,,,,,Education,College/University,,,,,,,,,,,,0.16666666666666666,1.0,0.9986320109439124,0.8740424076607387
Rat_public_Sharron,17516,0.9984040127678978,0.9990294587805435,9.70842843114584,Rat,388.0,3.0,Public services,Other - Public Services,2862.3,30810.0,38.9035039800032,-77.0053494170663,US/Eastern,Yes,,,,,,,,,,,,,,,,,,,,,0.16666666666666666,1.0,0.9985603742710593,0.8739922619897414
Rat_education_Humberto,17173,0.9788531691746466,0.999126535841146,117.16017633488882,Rat,500.0,3.0,Education,K-12 School,9288.0,99975.0,38.9035039800032,-77.0053494170663,US/Eastern,Yes,,,,,,,,,,,1968.0,,,,,,,,,,0.3333333333333333,0.9,0.9839215108412714,0.87374505758889
Lamb_education_Traci,17194,0.9800501595987232,0.8526230080260556,3.1227962799918036,Lamb,737.0,5.0,Education,Primary/Secondary Classroom,1374.0,14790.0,51.49783804108846,-3.186245571244898,Europe/London,Yes,,,,,,,,Government,Primary/Secondary School,Gas,1976.0,,1.0,,,,,,,D,0.5,0.9,0.9481933717055564,0.8737353601938894
Robin_education_Della,17194,0.9800501595987232,0.9942421775037804,2.7932863728801656,Robin,106.0,1.0,Education,College Classroom,499.3,5374.0,51.51878965384613,-0.1345562307692307,Europe/London,Yes,Yes,,,,,,,Education,College/University,Heat network,,,4.0,,,,,,,,0.3333333333333333,0.9,0.9835981640749876,0.8735187148524913
Rat_public_Grover,17492,0.9970360237118103,1.0,3.9610791027112,Rat,511.0,3.0,Public services,Police Station,1144.2,12316.0,38.9035039800032,-77.0053494170663,US/Eastern,Yes,,,,,,,,,,,,,,,,,,,,,0.16666666666666666,1.0,0.9977770177838577,0.8734439124487005
Rat_public_Jason,17492,0.9970360237118103,1.0,9.983909830135081,Rat,424.0,3.0,Public services,Social/Meeting Hall,3021.9,32527.0,38.9035039800032,-77.0053494170663,US/Eastern,Yes,,,,,,,,,,,,,,,,,,,,,0.16666666666666666,1.0,0.9977770177838577,0.8734439124487005
Rat_public_Johnny,17492,0.9970360237118103,1.0,4.446296589429815,Rat,526.0,3.0,Public services,Other - Public Services,709.4,7636.0,38.9035039800032,-77.0053494170663,US/Eastern,Yes,,,,,,,,,,,,,,,,,,,,,0.16666666666666666,1.0,0.9977770177838577,0.8734439124487005
Rat_public_Stella,17492,0.9970360237118103,1.0,12.172244612012124,Rat,438.0,3.0,Public services,Fire Station,3396.7,36562.0,38.9035039800032,-77.0053494170663,US/Eastern,Yes,,,,,,,,,,,,,,,,,,,,,0.16666666666666666,1.0,0.9977770177838577,0.8734439124487005
Rat_public_Lynda,17492,0.9970360237118103,0.999942831008461,3.647860096143642,Rat,308.0,3.0,Public services,Fire Station,467.6,5033.0,38.9035039800032,-77.0053494170663,US/Eastern,Yes,,,,,,,,,,,,,,,,,,,,,0.16666666666666666,1.0,0.997762725535973,0.8734339078751812
Rat_public_Wilma,17491,0.9969790241678067,1.0,15.105212005275105,Rat,496.0,3.0,Public services,Library,1505.0,16200.0,38.9035039800032,-77.0053494170663,US/Eastern,Yes,,,,,,,,,,,,,,,,,,,,,0.16666666666666666,1.0,0.997734268125855,0.8734139876880985
Rat_public_Ramon,17491,0.9969790241678067,0.9998284832199417,13.349421266808246,Rat,310.0,3.0,Public services,Other - Public Services,2043.9,22000.0,38.9035039800032,-77.0053494170663,US/Eastern,Yes,,,,,,,,,,,,,,,,,,,,,0.16666666666666666,1.0,0.9976913889308404,0.8733839722515883
Rat_education_Elsie,17166,0.978454172366621,0.9980775952464174,190.37739112673572,Rat,499.0,3.0,Education,K-12 School,34978.6,376507.0,38.9035039800032,-77.0053494170663,US/Eastern,Yes,,,,,,,,,,,2011.0,,,,,,,,,,0.3333333333333333,0.9,0.9833600280865701,0.873352019660599
Rat_public_Desiree,17492,0.9970360237118103,0.9993139721015322,3.12743637120572,Rat,525.0,3.0,Public services,Fire Station,841.9,9062.0,38.9035039800032,-77.0053494170663,US/Eastern,Yes,,,,,,,,,,,,,,,,,,,,,0.16666666666666666,1.0,0.9976055108092408,0.8733238575664686
Rat_public_Margart,17485,0.9966370269037848,1.0,21.041437866805683,Rat,343.0,3.0,Public services,Library,2043.9,22000.0,38.9035039800032,-77.0053494170663,US/Eastern,Yes,,,,,,,,,,,,,,,,,,,,,0.16666666666666666,1.0,0.9974777701778386,0.873234439124487
Rat_public_Sue,17484,0.9965800273597811,1.0,11.565302661305285,Rat,557.0,3.0,Public services,Library,1765.2,19000.0,38.9035039800032,-77.0053494170663,US/Eastern,Yes,,,,,,,,,,,,,,,,,,,,,0.16666666666666666,1.0,0.9974350205198359,0.8732045143638851
Fox_education_Marcelina,17171,0.9787391700866394,0.9958651214256595,3.2744846051981487,Fox,252.0,2.0,Education,College Classroom,400.8,4314.0,33.42442530000004,-111.9281403999998,US/Mountain,Yes,,Yes,,,,,,Education,College/University,,1907.0,,,,,,,,,,0.3333333333333333,0.9,0.9830206579213944,0.8731144605449761
Rat_education_Alfred,17145,0.9772571819425444,0.9995333916593759,166.45871160297997,Rat,483.0,3.0,Education,K-12 School,19230.9,207000.0,38.9035039800032,-77.0053494170663,US/Eastern,Yes,,,,,,,,,,,1935.0,,,,,,,,,,0.3333333333333333,0.9,0.9828262343717523,0.8729783640602267
Fox_education_Gayla,17541,0.999829001367989,0.9303916538395759,27.8448892860035,Fox,191.0,2.0,Education,College Classroom,7271.3,78268.0,33.42442530000004,-111.9281403999998,US/Mountain,Yes,Yes,Yes,,,,,,Education,College/University,,1964.0,,,,,,,,,,0.3333333333333333,0.9,0.9824696644858858,0.8727287651401201
Rat_public_Roberta,17468,0.9956680346557227,1.0,4.530426593116823,Rat,307.0,3.0,Public services,Fire Station,1010.1,10873.0,38.9035039800032,-77.0053494170663,US/Eastern,Yes,,,,,,,,,,,,,,,,,,,,,0.16666666666666666,1.0,0.996751025991792,0.8727257181942544
Rat_public_Angelina,17468,0.9956680346557227,1.0,11.469635950886987,Rat,400.0,3.0,Public services,Fire Station,1794.4,19315.0,38.9035039800032,-77.0053494170663,US/Eastern,Yes,,,,,,,,,,,,,,,,,,,,,0.16666666666666666,1.0,0.996751025991792,0.8727257181942544
Rat_public_Tamra,17468,0.9956680346557227,1.0,4.653966373411415,Rat,527.0,3.0,Public services,Fire Station,872.5,9392.0,38.9035039800032,-77.0053494170663,US/Eastern,Yes,,,,,,,,,,,,,,,,,,,,,0.16666666666666666,1.0,0.996751025991792,0.8727257181942544
Rat_public_Hortencia,17468,0.9956680346557227,1.0,21.71228948682237,Rat,530.0,3.0,Public services,Other - Public Services,13378.0,144000.0,38.9035039800032,-77.0053494170663,US/Eastern,Yes,,,,,,,,,,,,,,,,,,,,,0.16666666666666666,1.0,0.996751025991792,0.8727257181942544
Rat_public_Clyde,17468,0.9956680346557227,1.0,9.11010030426282,Rat,321.0,3.0,Public services,Fire Station,1478.4,15913.0,38.9035039800032,-77.0053494170663,US/Eastern,Yes,,,,,,,,,,,,,,,,,,,,,0.16666666666666666,1.0,0.996751025991792,0.8727257181942544
Rat_public_Tommy,17468,0.9956680346557227,0.9999427524616441,4.038827756601891,Rat,462.0,3.0,Public services,Police Station,857.1,9226.0,38.9035039800032,-77.0053494170663,US/Eastern,Yes,,,,,,,,,,,,,,,,,,,,,0.16666666666666666,1.0,0.996736714107203,0.872715699875042
Rat_public_Becky,17464,0.9954400364797081,0.999942739349519,6.990331814753185,Rat,464.0,3.0,Public services,Fire Station,911.9,9816.0,38.9035039800032,-77.0053494170663,US/Eastern,Yes,,,,,,,,,,,,,,,,,,,,,0.16666666666666666,1.0,0.996565712197161,0.8725959985380126
Rat_public_Allyson,17465,0.9954970360237118,0.9997709705124534,15.900822363823833,Rat,484.0,3.0,Public services,Library,1672.3,18000.0,38.9035039800032,-77.0053494170663,US/Eastern,Yes,,,,,,,,,,,,,,,,,,,,,0.16666666666666666,1.0,0.9965655196458971,0.8725958637521279
Rat_public_Sean,17462,0.9953260373917009,1.0,12.068041040329424,Rat,316.0,3.0,Public services,Other - Public Services,7297.5,78550.0,38.9035039800032,-77.0053494170663,US/Eastern,Yes,,,,,,,,,,,,,,,,,,,,,0.16666666666666666,1.0,0.9964945280437757,0.872546169630643
Rat_public_Marcellus,17458,0.9950980392156863,0.9997708786802612,3.937780124124125,Rat,531.0,3.0,Public services,Other - Public Services,6336.3,68203.0,38.9035039800032,-77.0053494170663,US/Eastern,Yes,,,,,,,,,,,,,,,,,,,,,0.16666666666666666,1.0,0.99626624908183,0.8723863743572811
Lamb_office_Donita,17194,0.9800501595987232,0.9303245318134233,0.2695075937267022,Lamb,,5.0,Office,Office,972.0,10463.0,51.49783804108846,-3.186245571244898,Europe/London,Yes,,,,,,,,Government,"City, County, State",Gas,1976.0,,2.0,,,,,,,,0.5,0.8,0.9676187526523983,0.8723331268566787
Rat_public_Frederick,17453,0.9948130414956681,0.9995989228212915,6.7521110399534185,Rat,456.0,3.0,Public services,Police Station,1312.3,14125.0,38.9035039800032,-77.0053494170663,US/Eastern,Yes,,,,,,,,,,,,,,,,,,,,,0.16666666666666666,1.0,0.996009511827074,0.8722066582789518
Eagle_public_Henry,17480,0.9963520291837665,0.994279176201373,18.641862763930177,Eagle,1266.0,14.0,Public services,Public Service,1251.3,13469.0,,,US/Eastern,Yes,Yes,Yes,,,,,,,,,,,,,,,,,,,0.16666666666666666,1.0,0.9958338159381681,0.8720836711567177
Rat_public_Michael,17444,0.9943000455996353,1.0,14.413903203692412,Rat,470.0,3.0,Public services,Library,2287.1,24618.0,38.9035039800032,-77.0053494170663,US/Eastern,Yes,,,,,,,,,,,,,,,,,,,,,0.16666666666666666,1.0,0.9957250341997265,0.8720075239398085
Rat_public_Dexter,17444,0.9943000455996353,1.0,3.202031034104347,Rat,497.0,3.0,Public services,Fire Station,718.3,7732.0,38.9035039800032,-77.0053494170663,US/Eastern,Yes,,,,,,,,,,,,,,,,,,,,,0.16666666666666666,1.0,0.9957250341997265,0.8720075239398085
Rat_public_Sade,17444,0.9943000455996353,0.9999426736986929,10.305906231657259,Rat,477.0,3.0,Public services,Fire Station,2006.7,21600.0,38.9035039800032,-77.0053494170663,US/Eastern,Yes,,,,,,,,,,,,,,,,,,,,,0.16666666666666666,1.0,0.9957107026243996,0.8719974918370798
Hog_office_Cortney,17453,0.9948130414956681,0.8831146507763709,51.04248736924703,Hog,1193.0,13.0,Office,Office,9895.2,106511.0,44.97878184783975,-93.2553976421019,US/Central,Yes,,Yes,,,,,,,,,,,,,58,118.8,167.3,119.6,,,0.5,0.8,0.9668884438158438,0.8718219106710906
Rat_public_Fredrick,16602,0.9463064295485636,1.0,8.627773663686853,Rat,444.0,3.0,Public services,Fire Station,1202.6,12945.0,38.9035039800032,-77.0053494170663,US/Eastern,Yes,,,,,,,,,,,1960.0,,,,,,,,,,0.3333333333333333,1.0,0.9597298221614227,0.8718108755129959
Rat_public_Darren,17427,0.9933310533515732,1.0,0.8488650042459722,Rat,402.0,3.0,Public services,Fire Station,261.8,2818.0,38.9035039800032,-77.0053494170663,US/Eastern,Yes,,,,,,,,,,,,,,,,,,,,,0.16666666666666666,1.0,0.9949982900136799,0.8714988030095759
Rat_public_Mabel,17420,0.9929320565435477,1.0,24.887143281182695,Rat,349.0,3.0,Public services,Police Station,4189.7,45098.0,38.9035039800032,-77.0053494170663,US/Eastern,Yes,,,,,,,,,,,,,,,,,,,,,0.16666666666666666,1.0,0.9946990424076607,0.8712893296853625
Rat_public_Emilee,17419,0.992875056999544,1.0,21.950578600081258,Rat,466.0,3.0,Public services,Library,2090.3,22500.0,38.9035039800032,-77.0053494170663,US/Eastern,Yes,,,,,,,,,,,,,,,,,,,,,0.16666666666666666,1.0,0.994656292749658,0.8712594049247606
Rat_education_Milagros,17085,0.9738372093023255,0.9997658764998537,47.611475250561746,Rat,353.0,3.0,Education,K-12 School,9262.4,99700.0,38.9035039800032,-77.0053494170663,US/Eastern,Yes,,,,,,,,,,,1955.0,,,,,,,,,,0.3333333333333333,0.9,0.9803193761017076,0.8712235632711953
Fox_education_Suzan,17082,0.9736662106703147,0.9999414588455684,12.700269285410528,Fox,255.0,2.0,Education,College Classroom,4559.5,49078.0,33.42442530000004,-111.9281403999998,US/Mountain,Yes,Yes,Yes,,,,,,Education,College/University,,1914.0,,,,,,,,,,0.3333333333333333,0.9,0.9802350227141281,0.8711645158998896
Hog_office_Catharine,16745,0.9544573643410853,1.0,111.13885442605151,Hog,1152.0,13.0,Office,Office,11042.3,118858.0,44.97878184783975,-93.2553976421019,US/Central,Yes,,Yes,Yes,,,,,,,,,,,,-,347.4,551.5,341.2,,,0.5,0.8,0.965843023255814,0.8710901162790696
Rat_education_Zina,17072,0.9730962152302781,1.0,24.425781463717847,Rat,334.0,3.0,Education,K-12 School,5304.8,57100.0,38.9035039800032,-77.0053494170663,US/Eastern,Yes,,,,,,,,,,,1960.0,,,,,,,,,,0.3333333333333333,0.9,0.9798221614227086,0.870875512995896
Lamb_office_William,17194,0.9800501595987232,0.9214260788647203,1.6181110255290507,Lamb,,5.0,Office,Office,732.0,7879.0,51.49783804108846,-3.186245571244898,Europe/London,Yes,,,,,,,,Government,"City, County, State",Gas,1919.0,,2.0,,,,,,,,0.5,0.8,0.9653941394152226,0.8707758975906557
Gator_public_Ross,15805,0.9008777929776561,0.9863334387851945,2.665753683179129,Gator,811.0,8.0,Public services,Fire Station,450.4,4848.0,,,US/Eastern,Yes,,,,,,,,,,,,,1.0,6.0,,,,,,,0.5,1.0,0.9222417044295407,0.8705691931006784
Rat_public_Shanta,17392,0.9913360693114455,1.0,5.960372048483901,Rat,377.0,3.0,Public services,Fire Station,1161.8,12506.0,38.9035039800032,-77.0053494170663,US/Eastern,Yes,,,,,,,,,,,,,,,,,,,,,0.16666666666666666,1.0,0.9935020519835841,0.8704514363885089
Rat_education_Yu,17129,0.9763451892384861,0.9873898067604647,27.124492110321864,Rat,545.0,3.0,Education,K-12 School,2034.9,21903.0,38.9035039800032,-77.0053494170663,US/Eastern,Yes,,,,,,,,,,,1931.0,,,,,,,,,,0.3333333333333333,0.9,0.9791063436189809,0.8703744405332866
Rat_education_Maricela,17057,0.9722412220702235,0.9991792226065545,57.89952776146995,Rat,417.0,3.0,Education,K-12 School,6466.0,69600.0,38.9035039800032,-77.0053494170663,US/Eastern,Yes,,,,,,,,,,,1978.0,,,,,,,,,,0.3333333333333333,0.9,0.9789757222043062,0.8702830055430143
Robin_office_Lindsay,17544,1.0,1.0,30.288423687166514,Robin,144.0,1.0,Office,Office,5358.0,57673.0,51.51878965384613,-0.1345562307692307,Europe/London,Yes,Yes,,,,,,,Education,College/University,Heat network,,,5.0,,,,,,,C,0.3333333333333333,0.8,1.0,0.87
Robin_office_Victor,17544,1.0,1.0,20.072598096754213,Robin,143.0,1.0,Office,Office,3724.0,40085.0,51.51878965384613,-0.1345562307692307,Europe/London,Yes,,,,,,,,Education,College/University,Steam,,,4.0,,,,,,,C,0.3333333333333333,0.8,1.0,0.87
Robin_office_Adolph,17543,0.9999430004559964,1.0,6.91575889387972,Robin,145.0,1.0,Office,Office,1321.0,14219.0,51.51878965384613,-0.1345562307692307,Europe/London,Yes,Yes,,,,,,,Education,College/University,Heat network,,,4.0,,,,,,,,0.3333333333333333,0.8,0.9999572503419973,0.8699700752393982
Robin_office_Shirlene,17543,0.9999430004559964,1.0,9.31402835374642,Robin,140.0,1.0,Office,Office,4647.0,50020.0,51.51878965384613,-0.1345562307692307,Europe/London,Yes,,,,,,,,Education,College/University,Heat network,,,11.0,,,,,,,,0.3333333333333333,0.8,0.9999572503419973,0.8699700752393982
Fox_office_Sheila,17541,0.999829001367989,0.9998289721224559,4.574577694535707,Fox,195.0,2.0,Office,Office,901.4,9703.0,33.42442530000004,-111.9281403999998,US/Mountain,Yes,Yes,Yes,,,,,,Education,College/University,,1940.0,,,,,,,,,,0.3333333333333333,0.8,0.9998289940566057,0.869880295839624
Fox_office_Israel,17538,0.9996580027359782,0.9999429809556392,29.056921543465172,Fox,172.0,2.0,Office,Office,11282.1,121440.0,33.42442530000004,-111.9281403999998,US/Mountain,Yes,,Yes,,,,,,Education,College/University,,1983.0,,,,,,,,,,0.3333333333333333,0.8,0.9997292472908934,0.8698104731036254
Fox_office_Joy,17540,0.9997720018239854,0.9996009122006841,42.813232734475285,Fox,276.0,2.0,Office,Office,6581.0,70837.0,33.42442530000004,-111.9281403999998,US/Mountain,Yes,,,,,,,,Education,College/University,,2014.0,,,,,,,,,,0.3333333333333333,0.8,0.9997292294181601,0.869810460592712
Fox_office_Edythe,17537,0.9996010031919744,1.0,22.387784155115625,Fox,264.0,2.0,Office,Office,7772.3,83660.0,33.42442530000004,-111.9281403999998,US/Mountain,Yes,Yes,Yes,,,,,,Education,College/University,,1973.0,,,,,,,,,,0.3333333333333333,0.8,0.9997007523939808,0.8697905266757866
Fox_office_Vicki,17537,0.9996010031919744,0.999543821634259,36.50565568359614,Fox,275.0,2.0,Office,Office,6580.5,70832.0,33.42442530000004,-111.9281403999998,US/Mountain,Yes,,,,,,,,Education,College/University,,2014.0,,,,,,,,,,0.3333333333333333,0.8,0.9995867078025455,0.8697106954617819
Fox_office_Yong,17534,0.9994300045599636,0.9996578076879206,42.681778869830104,Fox,198.0,2.0,Office,Office,15232.3,163959.0,33.42442530000004,-111.9281403999998,US/Mountain,Yes,,Yes,,,,,,Education,College/University,,2004.0,,,,,,,,,,0.3333333333333333,0.8,0.9994869553419529,0.869640868739367
Panther_education_Jonathan,17532,0.9993160054719562,0.7711613050422085,4.452027978947429,Panther,22.0,0.0,Education,Research,331.6,3569.0,28.5176885788321,-81.3790387999998,US/Eastern,Yes,,,,,,,,,,,1996.0,,,,,66,,,,,0.5,0.9,0.9422773303645193,0.8695941312551635
Rat_public_Laurie,17365,0.989797081623347,0.9997120644975526,45.80474348346827,Rat,524.0,3.0,Public services,Other - Public Services,12459.6,134114.0,38.9035039800032,-77.0053494170663,US/Eastern,Yes,,,,,,,,,,,,,,,,,,,,,0.16666666666666666,1.0,0.9922758273418983,0.8695930791393288
Panther_education_Violet,17182,0.9793661650706794,0.8306949132813409,60.27863698013323,Panther,54.0,0.0,Education,Research,730.9,7867.0,28.5176885788321,-81.3790387999998,US/Eastern,Yes,,,,Yes,,,,,,,2011.0,,,,,575,,,,,0.5,0.9,0.9421983521233448,0.8695388464863413
Fox_office_Rowena,17534,0.9994300045599636,0.9989163910117486,13.192214032225426,Fox,287.0,2.0,Office,Office,3132.0,33713.0,33.42442530000004,-111.9281403999998,US/Mountain,Yes,Yes,Yes,,,,,,Education,College/University,,1956.0,,,,,,,,,,0.3333333333333333,0.8,0.9993016011729099,0.8695111208210369
Rat_public_Sharonda,17359,0.9894550843593252,0.9998847859899764,10.75358393775605,Rat,430.0,3.0,Public services,Fire Station,2222.1,23918.0,38.9035039800032,-77.0053494170663,US/Eastern,Yes,,,,,,,,,,,,,,,,,,,,,0.16666666666666666,1.0,0.992062509766988,0.8694437568368916
Robin_office_Dina,17522,0.9987460100319198,1.0,10.912462698357634,Robin,142.0,1.0,Office,Office,4213.0,45348.0,51.51878965384613,-0.1345562307692307,Europe/London,Yes,,,,,,,,Education,College/University,Heat network,,,4.0,,,,,,,C,0.3333333333333333,0.8,0.9990595075239398,0.8693416552667579
Rat_office_Lora,17517,0.9984610123119015,0.9999429125991893,222.781320714357,Rat,335.0,3.0,Office,Office,21274.8,229000.0,38.9035039800032,-77.0053494170663,US/Eastern,Yes,,,,,,,,,,,2010.0,,,,,,,,,,0.3333333333333333,0.8,0.9988314873837235,0.8691820411686064
Rat_office_Adele,17517,0.9984610123119015,0.9998858251983788,233.2579639445319,Rat,293.0,3.0,Office,Office,37904.4,408000.0,38.9035039800032,-77.0053494170663,US/Eastern,Yes,,,,,,,,,,,2010.0,,,,,,,,,,0.3333333333333333,0.8,0.9988172155335209,0.8691720508734646
Rat_office_Loyd,17516,0.9984040127678978,1.0,18.788268830655888,Rat,435.0,3.0,Office,Office,2779.3,29916.0,38.9035039800032,-77.0053494170663,US/Eastern,Yes,,,,,,,,,,,2002.0,,,,,,,,,,0.3333333333333333,0.8,0.9988030095759234,0.8691621067031464
Panther_education_Sophia,17184,0.9794801641586868,0.8280959031657356,54.236999888170864,Panther,11.0,0.0,Education,Research,4559.0,49073.0,28.5176885788321,-81.3790387999998,US/Eastern,Yes,,,,Yes,,,Yes,,,,1968.0,,,,,466,,,,,0.5,0.9,0.941634098910449,0.8691438692373142
Rat_public_Loretta,17340,0.9883720930232558,1.0,63.53847484359911,Rat,446.0,3.0,Public services,Police Station,4087.0,43992.0,38.9035039800032,-77.0053494170663,US/Eastern,Yes,,,,,,,,,,,,,,,,,,,,,0.16666666666666666,1.0,0.9912790697674418,0.8688953488372093
Bobcat_education_Coleman,16176,0.9220246238030095,0.9987636003956478,44.68705223469271,Bobcat,999.0,10.0,Education,Academic,10551.9,113580.0,,,US/Mountain,Yes,,,,Yes,,Yes,,,,,,,2.0,0.0,,,,,,,0.5,0.9,0.941209367951169,0.8688465575658183
Fox_office_Alice,17501,0.9975490196078431,1.0,37.1132385115838,Fox,246.0,2.0,Office,Office,18806.8,202435.0,33.42442530000004,-111.9281403999998,US/Mountain,Yes,Yes,Yes,,,,,,Education,College/University,,1967.0,,,,,,,,,,0.3333333333333333,0.8,0.9981617647058824,0.8687132352941177
Fox_office_Carson,17492,0.9970360237118103,0.999942831008461,15.947547944381594,Fox,226.0,2.0,Office,Office,6891.5,74180.0,33.42442530000004,-111.9281403999998,US/Mountain,Yes,Yes,Yes,,,,,,Education,College/University,,1930.0,,,,,,,,,,0.3333333333333333,0.8,0.997762725535973,0.8684339078751812
Panther_education_Jerome,17184,0.9794801641586868,0.8238477653631285,188.77120441817647,Panther,76.0,0.0,Education,Research,11974.0,128887.0,28.5176885788321,-81.3790387999998,US/Eastern,Yes,,Yes,,Yes,,,Yes,,,,2009.0,,,,,515,,,Gold,,0.5,0.9,0.9405720644597972,0.868400445121858
Panther_education_Hugh,17182,0.9793661650706794,0.8238272610871843,231.57317678753867,Panther,18.0,0.0,Education,Research,10395.0,111891.0,28.5176885788321,-81.3790387999998,US/Eastern,Yes,,,,Yes,,,Yes,,,,1996.0,,,,,495,,,,,0.5,0.9,0.9404814390748056,0.8683370073523639
Rat_public_Amber,17321,0.9872891016871865,1.0,4.766698804047618,Rat,362.0,3.0,Public services,Social/Meeting Hall,1985.2,21368.0,38.9035039800032,-77.0053494170663,US/Eastern,Yes,,,,,,,,,,,,,,,,,,,,,0.16666666666666666,1.0,0.99046682626539,0.868326778385773
Panther_education_Shelton,17182,0.9793661650706794,0.8237108602025376,50.36445083974475,Panther,8.0,0.0,Education,Classroom,5649.3,60809.0,28.5176885788321,-81.3790387999998,US/Eastern,Yes,,,,,,,,,,,2003.0,,,,,133,,,,,0.5,0.9,0.9404523388536439,0.8683166371975506
Fox_office_Margarita,17541,0.999829001367989,0.9903084202725044,6.001009209236901,Fox,188.0,2.0,Office,Office,2187.8,23549.0,33.42442530000004,-111.9281403999998,US/Mountain,Yes,,Yes,,,,,,Education,College/University,,1941.0,,,,,,,,,,0.3333333333333333,0.8,0.9974488560941179,0.8682141992658825
Gator_public_Maude,15592,0.8887368901048791,1.0,18.08843223656953,Gator,868.0,8.0,Public services,"Fire Station, Fire Stations",5574.2,60000.0,,,US/Eastern,Yes,,,,,,,,,,,,,1.0,70.0,,,,,,,0.5,1.0,0.9165526675786593,0.8665868673050614
Gator_office_Julie,16702,0.9520063839489284,0.9813196024428212,3.0640462668049633,Gator,841.0,8.0,Office,Office,527.7,5680.0,,,US/Eastern,Yes,,,,,,,,,,,,,1.0,100.0,,,,,,,0.5,0.8,0.9593346885724017,0.866534282000681
Rat_education_Leonardo,16927,0.9648312813497492,0.9996455367164885,28.201445596917555,Rat,328.0,3.0,Education,K-12 School,4385.0,47200.0,38.9035039800032,-77.0053494170663,US/Eastern,Yes,,,,,,,,,,,1935.0,,,,,,,,,,0.3333333333333333,0.9,0.9735348451914341,0.8664743916340039
Rat_public_Wilbur,17215,0.9812471500227998,1.0,23.856761197945158,Rat,404.0,3.0,Public services,Fire Station,537.3,5783.0,38.9035039800032,-77.0053494170663,US/Eastern,Yes,,,,,,,,,,,,,,,,,,,,,0.16666666666666666,1.0,0.9859353625170999,0.8651547537619699
Eagle_public_Ola,17210,0.9809621523027816,0.9973271353864033,37.59616496215699,Eagle,1244.0,14.0,Public services,Library,8874.7,95526.0,,,US/Eastern,Yes,Yes,Yes,,,,,,,,,,,,,,,,,,,0.16666666666666666,1.0,0.985053398073687,0.8645373786515809
Eagle_public_Preston,17193,0.9799931600547196,1.0,76.78844007755222,Eagle,1235.0,14.0,Public services,Library,25861.3,278369.0,,,US/Eastern,Yes,Yes,Yes,,,,,,,,,,,,,,,,,,,0.16666666666666666,1.0,0.9849948700410397,0.8644964090287278
Eagle_public_Minnie,17194,0.9800501595987232,0.9986041642433408,35.60124466614366,Eagle,1240.0,14.0,Public services,Library,6807.7,73277.0,,,US/Eastern,Yes,Yes,Yes,,,,,,,,,,,,,,,,,,,0.16666666666666666,1.0,0.9846886607598777,0.8642820625319144
Bull_public_Hyun,17168,0.9785681714546284,1.0,62.81267811144695,Bull,962.0,9.0,Public services,Library,45791.7,492898.0,30.26719999999989,-97.7430999999998,US/Central,Yes,,Yes,Yes,,,,,,,,,,,,,,,,,,0.16666666666666666,1.0,0.9839261285909713,0.8637482900136799
Rat_public_Nell,17166,0.978454172366621,1.0,19.887972500004658,Rat,301.0,3.0,Public services,Police Station,4754.4,51176.0,38.9035039800032,-77.0053494170663,US/Eastern,Yes,,,,,,,,,,,,,,,,,,,,,0.16666666666666666,1.0,0.9838406292749657,0.8636884404924761
Rat_public_Caroline,17166,0.978454172366621,1.0,41.4677970238698,Rat,467.0,3.0,Public services,Police Station,4407.2,47439.0,38.9035039800032,-77.0053494170663,US/Eastern,Yes,,,,,,,,,,,,,,,,,,,,,0.16666666666666666,1.0,0.9838406292749657,0.8636884404924761
Rat_public_Tammara,17166,0.978454172366621,0.9999417453104975,4.246485038541814,Rat,359.0,3.0,Public services,Library,457.5,4925.0,38.9035039800032,-77.0053494170663,US/Eastern,Yes,,,,,,,,,,,,,,,,,,,,,0.16666666666666666,1.0,0.9838260656025901,0.8636782459218131
Rat_public_Duane,17165,0.9783971728226174,1.0,46.5528684698382,Rat,513.0,3.0,Public services,Police Station,10431.4,112283.0,38.9035039800032,-77.0053494170663,US/Eastern,Yes,,,,,,,,,,,,,,,,,,,,,0.16666666666666666,1.0,0.9837978796169631,0.8636585157318741
Rat_public_Neil,17166,0.978454172366621,0.9991261796574624,12.40981153251595,Rat,427.0,3.0,Public services,Social/Meeting Hall,1325.6,14269.0,38.9035039800032,-77.0053494170663,US/Eastern,Yes,,,,,,,,,,,,,,,,,,,,,0.16666666666666666,1.0,0.9836221741893314,0.863535521932532
Rat_public_Kathleen,17155,0.977827177382581,1.0,8.736885987457711,Rat,521.0,3.0,Public services,Other - Public Services,1114.8,12000.0,38.9035039800032,-77.0053494170663,US/Eastern,Yes,,,,,,,,,,,,,,,,,,,,,0.16666666666666666,1.0,0.9833703830369357,0.863359268125855
Rat_public_Julieann,17166,0.978454172366621,0.9976698124198998,4.70373998472916,Rat,356.0,3.0,Public services,Social/Meeting Hall,402.8,4336.0,38.9035039800032,-77.0053494170663,US/Eastern,Yes,,,,,,,,,,,,,,,,,,,,,0.16666666666666666,1.0,0.9832580823799407,0.8632806576659585
Rat_office_Colby,17313,0.9868331053351573,1.0,316.10365971000385,Rat,375.0,3.0,Office,Office,79000.4,850354.0,38.9035039800032,-77.0053494170663,US/Eastern,Yes,,,,,,,,,,,1989.0,,,,,,,,,,0.3333333333333333,0.8,0.990124829001368,0.8630873803009576
Panther_office_Clementine,17533,0.9993730050159598,0.8191410483089032,20.87146440424559,Panther,93.0,0.0,Office,Office,3100.2,33370.0,28.5176885788321,-81.3790387999998,US/Eastern,Yes,,Yes,,Yes,,,,,,,1982.0,,,,,119,,,,,0.5,0.8,0.9543150158391956,0.8630205110874368
Rat_public_Stacey,17143,0.9771431828545372,1.0,6.695662596727341,Rat,564.0,3.0,Public services,Other - Public Services,8297.6,89315.0,38.9035039800032,-77.0053494170663,US/Eastern,Yes,,,,,,,,,,,,,,,,,,,,,0.16666666666666666,1.0,0.9828573871409029,0.863000170998632
Rat_office_Jessica,17310,0.9866621067031464,1.0,136.45472060186853,Rat,448.0,3.0,Office,Office,30542.8,328760.0,38.9035039800032,-77.0053494170663,US/Eastern,Yes,,,,,,,,,,,1904.0,,,,,,,,,,0.3333333333333333,0.8,0.9899965800273598,0.8629976060191519
Rat_public_Vickie,17143,0.9771431828545372,0.9997083357638686,36.62646702272627,Rat,516.0,3.0,Public services,Other - Public Services,836.1,9000.0,38.9035039800032,-77.0053494170663,US/Eastern,Yes,,,,,,,,,,,,,,,,,,,,,0.16666666666666666,1.0,0.9827844710818701,0.8629491297573091
Eagle_public_Alvin,17194,0.9800501595987232,0.9909852274049087,23.177687931775516,Eagle,1283.0,14.0,Public services,Library,7110.5,76537.0,,,US/Eastern,Yes,,Yes,Yes,,,,,,,,,,,,,,,,,,0.16666666666666666,1.0,0.9827839265502696,0.8629487485851887
Rat_public_Chrissy,17139,0.9769151846785226,0.9997666141548515,15.64695714737857,Rat,296.0,3.0,Public services,Library,2043.9,22000.0,38.9035039800032,-77.0053494170663,US/Eastern,Yes,,,,,,,,,,,,,,,,,,,,,0.16666666666666666,1.0,0.9826280420476048,0.8628396294333234
Lamb_education_Camille,17544,1.0,0.5873233014135887,30.51457224540379,Lamb,,5.0,Education,Primary/Secondary Classroom,6382.0,68695.0,51.49783804108846,-3.186245571244898,Europe/London,Yes,,,,,,,Yes,Education,Primary/Secondary School,Gas,1966.0,,2.0,909.0,,,,,,D,0.6666666666666666,0.9,0.8968308253533972,0.862781577747378
Rat_public_Courtney,17119,0.9757751937984496,1.0,12.252651512074019,Rat,460.0,3.0,Public services,Library,1665.5,17927.0,38.9035039800032,-77.0053494170663,US/Eastern,Yes,,,,,,,,,,,,,,,,,,,,,0.16666666666666666,1.0,0.9818313953488371,0.8622819767441859
Eagle_public_Missy,17194,0.9800501595987232,0.9824357333953705,9.615355210643699,Eagle,1271.0,14.0,Public services,Public Service,1908.2,20540.0,,,US/Eastern,Yes,Yes,Yes,,,,,,,,,,,,,,,,,,,0.16666666666666666,1.0,0.9806465530478851,0.8614525871335196
Rat_office_Jill,17251,0.9832991336069311,1.0,418.1898413626284,Rat,560.0,3.0,Office,Office,31587.0,340000.0,38.9035039800032,-77.0053494170663,US/Eastern,Yes,,,,,,,,,,,2010.0,,,,,,,,,,0.3333333333333333,0.8,0.9874743502051984,0.8612320451436388
Rat_public_Muriel,17079,0.9734952120383037,1.0,45.69291135649196,Rat,292.0,3.0,Public services,Social/Meeting Hall,3134.8,33743.0,38.9035039800032,-77.0053494170663,US/Eastern,Yes,,,,,,,,,,,,,,,,,,,,,0.16666666666666666,1.0,0.9801214090287278,0.8610849863201094
Panther_office_Jeane,17533,0.9993730050159598,0.8075628814236012,11.707018772538708,Panther,21.0,0.0,Office,Office,654.3,7043.0,28.5176885788321,-81.3790387999998,US/Eastern,Yes,,,,,,,,,,,1990.0,,,,,86,,,,,0.5,0.8,0.9514204741178701,0.860994331882509
Panther_office_Jesus,17533,0.9993730050159598,0.8073917755090401,54.285774735241276,Panther,25.0,0.0,Office,Office,9595.6,103286.0,28.5176885788321,-81.3790387999998,US/Eastern,Yes,,,,,,,,,,,1969.0,,,,,28,,,,,0.5,0.8,0.9513776976392299,0.8609643883474608
Panther_office_Karla,17533,0.9993730050159598,0.8073917755090401,19.936821657725172,Panther,9.0,0.0,Office,Office,2508.4,27000.0,28.5176885788321,-81.3790387999998,US/Eastern,Yes,,Yes,,Yes,,,,,,,2010.0,,,,,120,,,Gold,,0.5,0.8,0.9513776976392299,0.8609643883474608
Panther_office_Kristen,17533,0.9993730050159598,0.8073917755090401,25.005517695566446,Panther,41.0,0.0,Office,Office,8719.9,93860.0,28.5176885788321,-81.3790387999998,US/Eastern,Yes,,,,Yes,Yes,,Yes,,,,1968.0,,,,,562,,,,,0.5,0.8,0.9513776976392299,0.8609643883474608
Panther_office_Garth,17533,0.9993730050159598,0.8073917755090401,30.11760239638942,Panther,28.0,0.0,Office,Office,4919.9,52957.0,28.5176885788321,-81.3790387999998,US/Eastern,Yes,,Yes,,,,,,,,,2016.0,,,,,73,,,Gold,,0.5,0.8,0.9513776976392299,0.8609643883474608
Bear_education_Nanette,15905,0.906577747378021,1.0,37.55972843562361,Bear,593.0,4.0,Education,Education,6150.5,66203.0,37.87190340000004,-122.26072860000008,US/Pacific,Yes,,,,,,,,,,,2015.0,,6.0,,,,,,,,0.5,0.9,0.9299333105335157,0.8609533173734609
Panther_office_Lois,17532,0.9993160054719562,0.8074948665297741,61.14104554383912,Panther,38.0,0.0,Office,Office,1186.3,12769.0,28.5176885788321,-81.3790387999998,US/Eastern,Yes,,,,Yes,,,,,,,2013.0,,,,,368,,,,,0.5,0.8,0.9513607207364108,0.8609525045154874
Panther_office_Valarie,17532,0.9993160054719562,0.8073807894136437,16.05663373212842,Panther,17.0,0.0,Office,Office,1416.8,15250.0,28.5176885788321,-81.3790387999998,US/Eastern,Yes,,,,,Yes,,,,,,1980.0,,,,,204,,,,,0.5,0.8,0.9513322014573781,0.8609325410201646
Panther_office_Patti,17532,0.9993160054719562,0.8073807894136437,205.78542370909724,Panther,80.0,0.0,Office,Office,14503.2,156111.0,28.5176885788321,-81.3790387999998,US/Eastern,Yes,,,,Yes,,,Yes,,,,2001.0,,,,,124,,,Gold,,0.5,0.8,0.9513322014573781,0.8609325410201646
Panther_office_Catherine,17532,0.9993160054719562,0.8073807894136437,24.0239428997801,Panther,26.0,0.0,Office,Office,2504.0,26953.0,28.5176885788321,-81.3790387999998,US/Eastern,Yes,,,,Yes,Yes,,,,,,2005.0,,,,,162,,,Gold,,0.5,0.8,0.9513322014573781,0.8609325410201646
Panther_office_Taryn,17532,0.9993160054719562,0.8073237508555784,40.316445221660416,Panther,39.0,0.0,Office,Office,6003.3,64619.0,28.5176885788321,-81.3790387999998,US/Eastern,Yes,,,,,,,Yes,,,,1969.0,,,,,118,,,,,0.5,0.8,0.9513179418178618,0.8609225592725032
Panther_office_Christian,17532,0.9993160054719562,0.8073237508555784,17.06671726453175,Panther,55.0,0.0,Office,Office,1553.9,16726.0,28.5176885788321,-81.3790387999998,US/Eastern,Yes,,Yes,,Yes,,,,,,,2011.0,,,,,177,,,Gold,,0.5,0.8,0.9513179418178618,0.8609225592725032
Panther_office_Shauna,17532,0.9993160054719562,0.8073237508555784,52.06530879433375,Panther,32.0,0.0,Office,Office,4495.8,48392.0,28.5176885788321,-81.3790387999998,US/Eastern,Yes,,,,Yes,,,Yes,,,,2005.0,,,,,165,,,,,0.5,0.8,0.9513179418178618,0.8609225592725032
Panther_office_Larry,17532,0.9993160054719562,0.8073237508555784,25.566282462678796,Panther,19.0,0.0,Office,Office,1738.9,18717.0,28.5176885788321,-81.3790387999998,US/Eastern,Yes,,,,Yes,Yes,,,,,,2004.0,,,,,173,,,,,0.5,0.8,0.9513179418178618,0.8609225592725032
Panther_office_Antonette,17531,0.9992590059279526,0.8073127602532656,15.501226487641055,Panther,101.0,0.0,Office,Office,1752.2,18860.0,28.5176885788321,-81.3790387999998,US/Eastern,Yes,,,,,Yes,,,,,,1986.0,,,,,208,,,,,0.5,0.8,0.9512724445092808,0.8608907111564965
Rat_public_Frank,17073,0.9731532147742818,0.9998828559714169,4.521673678763691,Rat,510.0,3.0,Public services,Other - Public Services,425.6,4581.0,38.9035039800032,-77.0053494170663,US/Eastern,Yes,,,,,,,,,,,,,,,,,,,,,0.16666666666666666,1.0,0.9798356250735656,0.8608849375514959
Bull_public_Jefferson,17165,0.9783971728226174,0.9840372851733178,12.469354249541457,Bull,898.0,9.0,Public services,Library,6015.4,64749.0,30.26719999999989,-97.7430999999998,US/Central,Yes,,Yes,Yes,,,,,,,,,,,,,,,,,,0.16666666666666666,1.0,0.9798072009102925,0.8608650406372047
Panther_office_Lavinia,17528,0.9990880072959416,0.807336832496577,10.070569290034605,Panther,92.0,0.0,Office,Office,1001.4,10779.0,28.5176885788321,-81.3790387999998,US/Eastern,Yes,,Yes,,,,,,,,,1970.0,,,,,101,,,,,0.5,0.8,0.9511502135961004,0.8608051495172702
Panther_office_Hannah,17524,0.998860009119927,0.8072357909153162,4.203721862962359,Panther,84.0,0.0,Office,Office,375.1,4038.0,28.5176885788321,-81.3790387999998,US/Eastern,Yes,,,,Yes,,,,,,,1986.0,,,,,64,,,,,0.5,0.8,0.9509539545687743,0.860667768198142
Rat_public_Kermit,17059,0.9723552211582307,1.0,11.07585037732785,Rat,463.0,3.0,Public services,Library,2322.6,25000.0,38.9035039800032,-77.0053494170663,US/Eastern,Yes,,,,,,,,,,,,,,,,,,,,,0.16666666666666666,1.0,0.979266415868673,0.8604864911080711
Panther_office_Danica,17517,0.9984610123119015,0.8071587600616544,2.8134009297590916,Panther,99.0,0.0,Office,Office,210.0,2260.0,28.5176885788321,-81.3790387999998,US/Eastern,Yes,,,,Yes,,,,,,,2016.0,,,,,79,,,Silver,,0.5,0.8,0.9506354492493397,0.8604448144745377
Eagle_public_Pearle,17194,0.9800501595987232,0.975456554612074,136.0156207034449,Eagle,1272.0,14.0,Public services,Library,22990.8,247471.0,,,US/Eastern,Yes,Yes,Yes,,,,,,,,,,,,,,,,,,,0.16666666666666666,1.0,0.978901758352061,0.8602312308464427
Bear_education_Destiny,15876,0.9049247606019152,1.0,50.02461986145544,Bear,625.0,4.0,Education,Education,5157.6,55516.0,37.87190340000004,-122.26072860000008,US/Pacific,Yes,,,,,,,,,,,1978.0,,5.0,,,,,,,,0.5,0.9,0.9286935704514364,0.8600854993160054
Wolf_education_Vivian,17543,0.9999430004559964,0.9998859944137263,36.150972708908434,Wolf,1049.0,12.0,Education,College Classroom,8770.0,94399.0,53.34979999999997,6.2603,Europe/Dublin,Yes,,,,Yes,,,,Education,College/University,,,,,,,,,,,,0.16666666666666666,0.9,0.9999287489454289,0.8599501242618003
Wolf_education_Dorris,17541,0.999829001367989,1.0,69.48159449917163,Wolf,1067.0,12.0,Education,College Classroom,11678.0,125701.0,53.34979999999997,6.2603,Europe/Dublin,Yes,,,,Yes,,,Yes,Education,College/University,,,,,,,,,,,,0.16666666666666666,0.9,0.9998717510259918,0.8599102257181942
Fox_education_Tamika,17543,0.9999430004559964,0.9996009804480419,49.23521185584355,Fox,261.0,2.0,Education,College Laboratory,8339.9,89770.0,33.42442530000004,-111.9281403999998,US/Mountain,Yes,,,,,,,,Education,College/University,,,,,,,,,,,,0.16666666666666666,0.9,0.9998574954540078,0.8599002468178054
Peacock_education_Robbie,17540,0.9997720018239854,1.0,15.546589732040477,Peacock,764.0,6.0,Education,College Classroom,5416.9,58307.0,40.349999999999966,-74.69999999999995,US/Eastern,Yes,,,Yes,,,,,Education,College/University,,,,,,,,,,,,0.16666666666666666,0.9,0.999829001367989,0.8598803009575923
Peacock_education_Yolanda,17540,0.9997720018239854,1.0,8.060525793854715,Peacock,753.0,6.0,Education,College Laboratory,3675.1,39558.0,40.349999999999966,-74.69999999999995,US/Eastern,Yes,,Yes,Yes,,,,,Education,College/University,,,,,,,,,,,,0.16666666666666666,0.9,0.999829001367989,0.8598803009575923
Fox_education_Heriberto,17539,0.9997150022799818,1.0,14.793291242086605,Fox,184.0,2.0,Education,College Classroom,3174.6,34171.0,33.42442530000004,-111.9281403999998,US/Mountain,Yes,Yes,Yes,,,,,,Education,College/University,,,,,,,,,,,,0.16666666666666666,0.9,0.9997862517099864,0.8598503761969905
Fox_education_Carleen,17543,0.9999430004559964,0.9993159664823577,38.135348670186026,Fox,271.0,2.0,Education,College Laboratory,6635.2,71421.0,33.42442530000004,-111.9281403999998,US/Mountain,Yes,,Yes,,,,,,Education,College/University,,,,,,,,,,,,0.16666666666666666,0.9,0.9997862419625867,0.8598503693738107
Peacock_education_Lyle,17534,0.9994300045599636,1.0,139.1764019849388,Peacock,784.0,6.0,Education,Student Union,17727.5,190817.0,40.349999999999966,-74.69999999999995,US/Eastern,Yes,,Yes,Yes,,,,,Education,College/University,,,,,,,,,,,,0.16666666666666666,0.9,0.9995725034199727,0.8597007523939809
Fox_education_Burton,17535,0.9994870041039672,0.9997718848018249,12.357915403583817,Fox,257.0,2.0,Education,College Classroom,7028.1,75650.0,33.42442530000004,-111.9281403999998,US/Mountain,Yes,,Yes,,,,,,Education,College/University,,,,,,,,,,,,0.16666666666666666,0.9,0.9995582242784316,0.859690756994902
Bobcat_office_Alma,16428,0.9363885088919288,0.9890430971512053,1.8053976297359098,Bobcat,1010.0,10.0,Office,Office,1060.9,11419.0,,,US/Mountain,Yes,,,,,,,,,,,,,1.0,0.0,,,,,,,0.5,0.8,0.949552155956748,0.8596865091697236
Peacock_education_Ophelia,17531,0.9992590059279526,1.0,42.34896217308927,Peacock,780.0,6.0,Education,College Laboratory,11226.0,120836.0,40.349999999999966,-74.69999999999995,US/Eastern,Yes,,Yes,,,,,,Education,College/University,,,,,,,,,,,,0.16666666666666666,0.9,0.9994442544459644,0.8596109781121751
Peacock_education_Patience,17530,0.999202006383949,1.0,9.598475887603888,Peacock,747.0,6.0,Education,College Classroom,2836.4,30531.0,40.349999999999966,-74.69999999999995,US/Eastern,Yes,,Yes,Yes,,,,,Education,College/University,,,,,,,,,,,,0.16666666666666666,0.9,0.9994015047879617,0.8595810533515732
Fox_education_Dewayne,17532,0.9993160054719562,0.9996577686516085,30.53138714926071,Fox,244.0,2.0,Education,College Classroom,8892.4,95717.0,33.42442530000004,-111.9281403999998,US/Mountain,Yes,Yes,Yes,,,,,,Education,College/University,,,,,,,,,,,,0.16666666666666666,0.9,0.9994014462668693,0.8595810123868085
Fox_office_Karima,17193,0.9799931600547196,1.0,39.0785920007757,Fox,290.0,2.0,Office,Office,4806.1,51732.0,33.42442530000004,-111.9281403999998,US/Mountain,Yes,,Yes,,,,,,Education,College/University,,1966.0,,,,,,,,,,0.3333333333333333,0.8,0.9849948700410397,0.8594964090287278
Fox_office_Thelma,17193,0.9799931600547196,1.0,45.87175495113279,Fox,265.0,2.0,Office,Office,11052.3,118966.0,33.42442530000004,-111.9281403999998,US/Mountain,Yes,,Yes,,,,,,Education,College/University,,1988.0,,,,,,,,,,0.3333333333333333,0.8,0.9849948700410397,0.8594964090287278
Peacock_education_Gilberto,17527,0.999031007751938,1.0,94.90336792365645,Peacock,785.0,6.0,Education,College Laboratory,23225.8,250000.0,40.349999999999966,-74.69999999999995,US/Eastern,Yes,,,,,,,,Education,College/University,,,,,,,,,,,,0.16666666666666666,0.9,0.9992732558139534,0.8594912790697674
Wolf_office_Bobbie,17193,0.9799931600547196,0.9999418367940441,11.698874338341039,Wolf,1050.0,12.0,Office,Office,4691.0,50493.0,53.34979999999997,6.2603,Europe/Dublin,Yes,,,,Yes,,,,Education,College/University,,,,2.0,,,,,,,,0.3333333333333333,0.8,0.9849803292395507,0.8594862304676855
Fox_education_Etta,17528,0.9990880072959416,0.9997717937015062,53.54332970941581,Fox,211.0,2.0,Education,College Laboratory,4497.5,48411.0,33.42442530000004,-111.9281403999998,US/Mountain,Yes,,,,,,,,Education,College/University,,,,,,,,,,,,0.16666666666666666,0.9,0.9992589538973328,0.8594812677281329
Fox_office_Brandy,17193,0.9799931600547196,0.9994765311463968,20.07945847043397,Fox,274.0,2.0,Office,Office,3921.8,42214.0,33.42442530000004,-111.9281403999998,US/Mountain,Yes,,,,,,,,Education,College/University,,1985.0,,,,,,,,,,0.3333333333333333,0.8,0.9848640028276389,0.8594048019793472
Fox_office_Essie,17193,0.9799931600547196,0.9989530622927936,32.857879977255365,Fox,171.0,2.0,Office,Office,12244.3,131797.0,33.42442530000004,-111.9281403999998,US/Mountain,Yes,Yes,Yes,,,,,,Education,College/University,,1968.0,,,,,,,,,,0.3333333333333333,0.8,0.9847331356142381,0.8593131949299667
Fox_office_Molly,17191,0.9798791609667122,0.9991856203827584,4.668704100683571,Fox,193.0,2.0,Office,Office,576.3,6203.0,33.42442530000004,-111.9281403999998,US/Mountain,Yes,,,,,,,,Education,College/University,,1999.0,,,,,,,,,,0.3333333333333333,0.8,0.9847057758207237,0.8592940430745066
Wolf_education_Roderick,17522,0.9987460100319198,0.999714644446981,2.775922562659737,Wolf,1037.0,12.0,Education,College Classroom,818.0,8805.0,53.34979999999997,6.2603,Europe/Dublin,Yes,,,,Yes,,,Yes,Education,College/University,,,,,,,,,,,,0.16666666666666666,0.9,0.9989881686356851,0.8592917180449795
Rat_public_Laura,17018,0.9700182398540812,1.0,3.669626294833184,Rat,514.0,3.0,Public services,Other - Public Services,1184.5,12750.0,38.9035039800032,-77.0053494170663,US/Eastern,Yes,,,,,,,,,,,,,,,,,,,,,0.16666666666666666,1.0,0.9775136798905609,0.8592595759233926
Rat_education_Cedric,17516,0.9984040127678978,1.0,25.81974373481254,Rat,501.0,3.0,Education,K-12 School,6169.1,66404.0,38.9035039800032,-77.0053494170663,US/Eastern,Yes,,,,,,,,,,,,,,,,,,,,,0.16666666666666666,0.9,0.9988030095759234,0.8591621067031464
Rat_education_Kandice,17517,0.9984610123119015,0.9996003881943255,41.57320866453196,Rat,313.0,3.0,Education,K-12 School,9643.3,103800.0,38.9035039800032,-77.0053494170663,US/Eastern,Yes,,,,,,,,,,,,,,,,,,,,,0.16666666666666666,0.9,0.9987458562825076,0.8591220993977553
Panther_education_Karri,16867,0.9614113087095303,0.8239758107547281,157.75609937093375,Panther,16.0,0.0,Education,Classroom,5076.6,54644.0,28.5176885788321,-81.3790387999998,US/Eastern,Yes,,,,,Yes,,,,,,1996.0,,,,,436,,,,,0.5,0.9,0.9270524342208297,0.8589367039545808
Peacock_education_Pasquale,17506,0.9978340173278614,1.0,13.102727545483438,Peacock,750.0,6.0,Education,College Laboratory,3343.6,35990.0,40.349999999999966,-74.69999999999995,US/Eastern,Yes,,Yes,Yes,,,,,Education,College/University,,,,,,,,,,,,0.16666666666666666,0.9,0.998375512995896,0.8588628590971272
Peacock_education_Anita,17504,0.9977200182398541,1.0,4.555409830659794,Peacock,745.0,6.0,Education,College Classroom,1255.3,13512.0,40.349999999999966,-74.69999999999995,US/Eastern,Yes,,Yes,Yes,,,,,Education,College/University,,,,,,,,,,,,0.16666666666666666,0.9,0.9982900136798906,0.8588030095759234
Peacock_education_Dustin,17504,0.9977200182398541,0.9998857404021938,12.761970849111725,Peacock,770.0,6.0,Education,College Classroom,7462.4,80325.0,40.349999999999966,-74.69999999999995,US/Eastern,Yes,,Yes,Yes,,,,,Education,College/University,,,,,,,,,,,,0.16666666666666666,0.9,0.998261448780439,0.8587830141463073
Peacock_education_Forest,17502,0.9976060191518468,1.0,18.215588382258694,Peacock,769.0,6.0,Education,College Classroom,7178.0,77263.0,40.349999999999966,-74.69999999999995,US/Eastern,Yes,,Yes,Yes,,,,,Education,College/University,,,,,,,,,,,,0.16666666666666666,0.9,0.9982045143638851,0.8587431600547196
Fox_education_Willis,17497,0.9973210214318285,1.0,235.05379697760876,Fox,223.0,2.0,Education,College Laboratory,24265.1,261188.0,33.42442530000004,-111.9281403999998,US/Mountain,Yes,,,,,,,,Education,College/University,,,,,,,,,,,,0.16666666666666666,0.9,0.9979907660738714,0.85859353625171
Fox_education_Kris,17498,0.9973780209758322,0.9995999542804892,56.17921110230267,Fox,266.0,2.0,Education,Student Union,2837.5,30543.0,33.42442530000004,-111.9281403999998,US/Mountain,Yes,,,,,,,,Education,College/University,,,,,,,,,,,,0.16666666666666666,0.9,0.9979335043019965,0.8585534530113975
Peacock_education_Karyn,17492,0.9970360237118103,1.0,22.514940335119572,Peacock,782.0,6.0,Education,College Laboratory,12016.4,129344.0,40.349999999999966,-74.69999999999995,US/Eastern,Yes,,,,,,,,Education,College/University,,,,,,,,,,,,0.16666666666666666,0.9,0.9977770177838577,0.8584439124487004
Rat_education_Lynn,17492,0.9970360237118103,1.0,34.72748510391765,Rat,364.0,3.0,Education,K-12 School,7785.3,83800.0,38.9035039800032,-77.0053494170663,US/Eastern,Yes,,,,,,,,,,,,,,,,,,,,,0.16666666666666666,0.9,0.9977770177838577,0.8584439124487004
Rat_education_Royal,17492,0.9970360237118103,1.0,19.403687882082956,Rat,358.0,3.0,Education,K-12 School,7218.6,77700.0,38.9035039800032,-77.0053494170663,US/Eastern,Yes,,,,,,,,,,,,,,,,,,,,,0.16666666666666666,0.9,0.9977770177838577,0.8584439124487004
Rat_education_Rosalyn,17491,0.9969790241678067,1.0,21.4592319817912,Rat,330.0,3.0,Education,K-12 School,6038.7,65000.0,38.9035039800032,-77.0053494170663,US/Eastern,Yes,,,,,,,,,,,,,,,,,,,,,0.16666666666666666,0.9,0.997734268125855,0.8584139876880985
Rat_education_Mose,17492,0.9970360237118103,0.999771324033844,42.69250596223684,Rat,412.0,3.0,Education,K-12 School,10219.3,110000.0,38.9035039800032,-77.0053494170663,US/Eastern,Yes,,,,,,,,,,,,,,,,,,,,,0.16666666666666666,0.9,0.9977198487923188,0.8584038941546231
Hog_education_Cathleen,17544,1.0,0.7049703602371181,253.72052719342443,Hog,1169.0,13.0,Education,College Laboratory,14440.7,155439.0,44.97878184783975,-93.2553976421019,US/Central,Yes,,Yes,Yes,,,,,,,,,,,,-,367.7,594.4,362.6,,,0.5,0.9,0.9262425900592796,0.8583698130414956
Fox_education_Miguelina,17488,0.9968080255357957,0.9997140896614821,41.27873527656335,Fox,185.0,2.0,Education,College Classroom,7831.7,84300.0,33.42442530000004,-111.9281403999998,US/Mountain,Yes,,,,,,,,Education,College/University,,,,,,,,,,,,0.16666666666666666,0.9,0.9975345415672173,0.8582741790970522
Fox_education_Tonya,17486,0.9966940264477884,1.0,17.78448374990527,Fox,174.0,2.0,Education,College Classroom,8444.9,90900.0,33.42442530000004,-111.9281403999998,US/Mountain,Yes,,Yes,,,,,,Education,College/University,,,,,,,,,,,,0.16666666666666666,0.9,0.9975205198358412,0.8582643638850889
Eagle_education_Lino,17532,0.9993160054719562,0.9901323294547114,51.67601222918519,Eagle,1267.0,14.0,Education,Classroom,12911.4,138977.0,,,US/Eastern,Yes,Yes,Yes,,,,,,,,,,,,,,,,,,,0.16666666666666666,0.9,0.9970200864676451,0.8579140605273515
Fox_education_Charles,17475,0.9960670314637483,0.9997138769670959,6.735384107101206,Fox,159.0,2.0,Education,College Laboratory,909.3,9788.0,33.42442530000004,-111.9281403999998,US/Mountain,Yes,,,,,,,,Education,College/University,,,,,,,,,,,,0.16666666666666666,0.9,0.9969787428395853,0.8578851199877097
Fox_education_Kendrick,17470,0.9957820337437301,0.9998282770463652,6.967552549816601,Fox,161.0,2.0,Education,Auditorium,1052.5,11329.0,33.42442530000004,-111.9281403999998,US/Mountain,Yes,,Yes,,,,,,Education,College/University,,,,,,,,,,,,0.16666666666666666,0.9,0.9967935945693889,0.8577555161985722
Rat_education_Shellie,17468,0.9956680346557227,1.0,30.46330660288928,Rat,398.0,3.0,Education,K-12 School,5778.6,62200.0,38.9035039800032,-77.0053494170663,US/Eastern,Yes,,,,,,,,,,,,,,,,,,,,,0.16666666666666666,0.9,0.996751025991792,0.8577257181942544
Eagle_education_Will,17461,0.9952690378476973,1.0,11.480946897904278,Eagle,1301.0,14.0,Education,Research,5782.5,62242.0,,,US/Eastern,Yes,Yes,Yes,Yes,,,,,,,,,,,,,,,,,,0.16666666666666666,0.9,0.9964517783857729,0.8575162448700411
Wolf_education_Clarissa,17458,0.9950980392156863,1.0,13.679869866683445,Wolf,1056.0,12.0,Education,College Classroom,6778.0,72958.0,53.34979999999997,6.2603,Europe/Dublin,Yes,,,,,,,,Education,College/University,,,,,,,,,,,,0.16666666666666666,0.9,0.9963235294117647,0.8574264705882353
Cockatoo_public_Valerie,16119,0.9187756497948016,1.0,50.38181073419732,Cockatoo,1382.0,15.0,Public services,Library,22582.1,243072.0,42.45983685925793,-76.4852915864667,US/Eastern,Yes,,Yes,Yes,,,,,Education,College/University,,1965.0,,,,,,,,,,0.3333333333333333,1.0,0.9390817373461012,0.8573572161422709
Cockatoo_public_Leah,16118,0.918718650250798,1.0,40.433692055916886,Cockatoo,1376.0,15.0,Public services,Library,22299.1,240026.0,42.45983685925793,-76.4852915864667,US/Eastern,Yes,,Yes,Yes,,,,,Education,College/University,,1960.0,,,,,,,,,,0.3333333333333333,1.0,0.9390389876880985,0.857327291381669
Peacock_education_Joshua,17451,0.9946990424076607,1.0,36.056862171610426,Peacock,768.0,6.0,Education,College Laboratory,7054.0,75929.0,40.349999999999966,-74.69999999999995,US/Eastern,Yes,,,,,,,,Education,College/University,,,,,,,,,,,,0.16666666666666666,0.9,0.9960242818057455,0.8572169972640219
Cockatoo_public_Chiquita,16114,0.9184906520747834,1.0,23.267904548257487,Cockatoo,1442.0,15.0,Public services,Library,9247.7,99541.0,42.45983685925793,-76.4852915864667,US/Eastern,Yes,,,Yes,,,,,Education,College/University,,1993.0,,,,,,,,,,0.3333333333333333,1.0,0.9388679890560876,0.8572075923392614
Cockatoo_public_Shad,16113,0.9184336525307798,1.0,37.264064740848966,Cockatoo,1431.0,15.0,Public services,Library,10345.7,111360.0,42.45983685925793,-76.4852915864667,US/Eastern,Yes,,,Yes,,,,,Education,College/University,,2000.0,,,,,,,,,,0.3333333333333333,1.0,0.9388252393980848,0.8571776675786594
Cockatoo_public_Caleb,16110,0.9182626538987688,1.0,54.15086438596103,Cockatoo,1335.0,15.0,Public services,Library,12710.7,136817.0,42.45983685925793,-76.4852915864667,US/Eastern,Yes,,,,,,,,Education,College/University,,1953.0,,,,,,,,,,0.3333333333333333,1.0,0.9386969904240766,0.8570878932968536
Cockatoo_public_Harland,16107,0.9180916552667578,1.0,11.618699777676467,Cockatoo,1371.0,15.0,Public services,Library,4698.8,50577.0,42.45983685925793,-76.4852915864667,US/Eastern,Yes,,,,,,,,Education,College/University,,1956.0,,,,,,,,,,0.3333333333333333,1.0,0.9385687414500684,0.856998119015048
Rat_education_Cecil,17444,0.9943000455996353,0.9998853473973859,26.11949470379921,Rat,507.0,3.0,Education,K-12 School,5681.1,61151.0,38.9035039800032,-77.0053494170663,US/Eastern,Yes,,,,,,,,,,,,,,,,,,,,,0.16666666666666666,0.9,0.9956963710490729,0.8569874597343511
Gator_office_Betty,16270,0.9273825809393524,1.0,9.25247049013938,Gator,827.0,8.0,Office,Office,542.5,5839.0,,,US/Eastern,Yes,,,,,,,,,,,,,1.0,100.0,,,,,,,0.5,0.8,0.9455369357045144,0.85687585499316
Rat_education_Jesse,17438,0.9939580483356133,1.0,10.055282736357945,Rat,415.0,3.0,Education,K-12 School,3839.6,41329.0,38.9035039800032,-77.0053494170663,US/Eastern,Yes,,,,,,,,,,,,,,,,,,,,,0.16666666666666666,0.9,0.99546853625171,0.8568279753761969
Eagle_education_Sherrill,17436,0.993844049247606,1.0,65.78097101570111,Eagle,1289.0,14.0,Education,Research,18064.2,194441.0,,,US/Eastern,Yes,,Yes,Yes,,,,,,,,,,,,,,,,,,0.16666666666666666,0.9,0.9953830369357045,0.8567681258549932
Panther_education_Genevieve,16814,0.958390332877337,0.8194956583799214,105.02797297807167,Panther,23.0,0.0,Education,Classroom,12159.6,130885.0,28.5176885788321,-81.3790387999998,US/Eastern,Yes,,,,Yes,,,,,,,1985.0,,,,,151,,,,,0.5,0.9,0.9236666642529832,0.8565666649770881
Rat_education_Jame,17425,0.9932170542635659,1.0,16.722944755312003,Rat,553.0,3.0,Education,K-12 School,3511.7,37800.0,38.9035039800032,-77.0053494170663,US/Eastern,Yes,,,,,,,,,,,,,,,,,,,,,0.16666666666666666,0.9,0.9949127906976745,0.8564389534883721
Panther_office_Graham,17391,0.9912790697674418,0.8057616008280145,36.52336847945894,Panther,15.0,0.0,Office,Office,7799.9,83957.0,28.5176885788321,-81.3790387999998,US/Eastern,Yes,,Yes,,Yes,,,Yes,,,,1974.0,,,,,104,,,,,0.5,0.8,0.9448997025325849,0.8564297917728093
Eagle_education_Teresa,17423,0.9931030551755586,1.0,17.059790463187937,Eagle,1287.0,14.0,Education,Research,5628.2,60582.0,,,US/Eastern,Yes,,Yes,Yes,,,,,,,,,,,,,,,,,,0.16666666666666666,0.9,0.9948272913816689,0.8563791039671682
Bull_education_Mario,17514,0.9982900136798906,0.9844124700239808,37.64411433220067,Bull,908.0,9.0,Education,College Classroom,8477.8,91254.0,30.26719999999989,-97.7430999999998,US/Central,Yes,,Yes,Yes,,,,,,,,,,,,,,,,,,0.16666666666666666,0.9,0.9948206277659132,0.8563744394361392
Bull_education_Dakota,17513,0.9982330141358869,0.9843544795294924,23.911224710098153,Bull,884.0,9.0,Education,College Classroom,3585.9,38598.0,30.26719999999989,-97.7430999999998,US/Central,Yes,,,,,,,,,,,,,,,,,,,,,0.16666666666666666,0.9,0.9947633804842883,0.8563343663390017
Bull_education_Brady,17510,0.998062015503876,0.984351798972016,15.656808012445989,Bull,882.0,9.0,Education,College Classroom,3636.5,39143.0,30.26719999999989,-97.7430999999998,US/Central,Yes,,,,,,,,,,,,,,,,,,,,,0.16666666666666666,0.9,0.9946344613709109,0.8562441229596377
Bull_education_Myra,17512,0.9981760145918832,0.9839538602101416,18.274267737488735,Bull,976.0,9.0,Education,College Classroom,5527.5,59498.0,30.26719999999989,-97.7430999999998,US/Central,Yes,,Yes,Yes,,,,,,,,,,,,,,,,,,0.16666666666666666,0.9,0.9946204759964479,0.8562343331975135
Wolf_education_Arnulfo,17543,0.9999430004559964,0.9783959414011286,17.990544562200306,Wolf,1066.0,12.0,Education,College Classroom,5184.0,55800.0,53.34979999999997,6.2603,Europe/Dublin,Yes,,,,,,,,Education,College/University,,,,,,,,,,,,0.16666666666666666,0.9,0.9945562356922795,0.8561893649845956
Bull_education_Bryon,17509,0.9980050159598723,0.9841795647952482,10.737614622836546,Bull,891.0,9.0,Education,College Classroom,4723.7,50846.0,30.26719999999989,-97.7430999999998,US/Central,Yes,,Yes,Yes,,,,,,,,,,,,,,,,,,0.16666666666666666,0.9,0.9945486531687162,0.8561840572181013
Bull_education_Reynaldo,17508,0.9979480164158687,0.9842928946767192,10.015662232899217,Bull,893.0,9.0,Education,College Classroom,4384.2,47191.0,30.26719999999989,-97.7430999999998,US/Central,Yes,,Yes,Yes,,,,,,,,,,,,,,,,,,0.16666666666666666,0.9,0.9945342359810814,0.8561739651867569
Bull_education_Tracey,17508,0.9979480164158687,0.984178661183459,56.887786543298546,Bull,978.0,9.0,Education,College Classroom,24014.6,258491.0,30.26719999999989,-97.7430999999998,US/Central,Yes,,Yes,Yes,,,,,,,,,,,,,,,,,,0.16666666666666666,0.9,0.9945056776077663,0.8561539743254364
Bull_education_Linnie,17510,0.998062015503876,0.9829240434037693,70.78331596629867,Bull,968.0,9.0,Education,Student Union,14307.0,153999.0,30.26719999999989,-97.7430999999998,US/Central,Yes,,Yes,Yes,,,,,,,,,,,,,,,,,,0.16666666666666666,0.9,0.9942775224788493,0.8559942657351944
Bull_education_Nichole,17510,0.998062015503876,0.9829240434037693,52.74145645003648,Bull,915.0,9.0,Education,Student Union,19058.2,205141.0,30.26719999999989,-97.7430999999998,US/Central,Yes,,Yes,Yes,,,,,,,,,,,,,,,,,,0.16666666666666666,0.9,0.9942775224788493,0.8559942657351944
Bull_education_Fabiola,17509,0.9980050159598723,0.9828659546518933,53.95232390692211,Bull,900.0,9.0,Education,College Classroom,10370.1,111623.0,30.26719999999989,-97.7430999999998,US/Central,Yes,,Yes,Yes,,,,,,,,,,,,,,,,,,0.16666666666666666,0.9,0.9942202506328776,0.8559541754430143
Rat_public_Sana,16604,0.9464204286365709,0.9089978318477475,544.2246672939125,Rat,546.0,3.0,Public services,Library,37161.2,400000.0,38.9035039800032,-77.0053494170663,US/Eastern,Yes,,,,,,,,,,,1971.0,,,,,,,,,,0.3333333333333333,1.0,0.9370647794393651,0.8559453456075555
Bull_education_Brandi,17500,0.9974920200638395,0.9843428571428572,10.975934829013694,Bull,919.0,9.0,Education,College Classroom,2901.6,31233.0,30.26719999999989,-97.7430999999998,US/Central,Yes,,,,,,,,,,,,,,,,,,,,,0.16666666666666666,0.9,0.9942047293335938,0.8559433105335157
Bull_education_Gregory,17509,0.9980050159598723,0.9826946141984122,23.406497757530584,Bull,974.0,9.0,Education,College Classroom,17333.1,186572.0,30.26719999999989,-97.7430999999998,US/Central,Yes,,Yes,Yes,,,,,,,,,,,,,,,,,,0.16666666666666666,0.9,0.9941774155195072,0.855924190863655
Bull_education_Pablo,17508,0.9979480164158687,0.9828078592643363,14.002588655899334,Bull,916.0,9.0,Education,College Classroom,4810.3,51778.0,30.26719999999989,-97.7430999999998,US/Central,Yes,,Yes,Yes,,,,,,,,,,,,,,,,,,0.16666666666666666,0.9,0.9941629771279856,0.8559140839895899
Bull_education_Sebastian,17507,0.997891016871865,0.9829211172673787,12.622765170374276,Bull,895.0,9.0,Education,College Classroom,5117.7,55087.0,30.26719999999989,-97.7430999999998,US/Central,Yes,,Yes,Yes,,,,,,,,,,,,,,,,,,0.16666666666666666,0.9,0.9941485419707434,0.8559039793795203
Gator_office_Lucy,16366,0.9328545371637027,0.9780031773188317,192.1403022389045,Gator,804.0,8.0,Office,Office,16315.4,175618.0,,,US/Eastern,Yes,,,,,,,,,,,,,1.0,100.0,,,,,,,0.5,0.8,0.944141697202485,0.8558991880417394
Bull_education_Olive,17509,0.9980050159598723,0.9824661602604375,27.39236180904263,Bull,991.0,9.0,Education,College Classroom,5370.8,57811.0,30.26719999999989,-97.7430999999998,US/Central,Yes,,Yes,Yes,,,,,,,,,,,,,,,,,,0.16666666666666666,0.9,0.9941203020350136,0.8558842114245094
Bull_education_Magaret,17507,0.997891016871865,0.982692637230822,30.088945017241418,Bull,920.0,9.0,Education,College Classroom,7954.6,85623.0,30.26719999999989,-97.7430999999998,US/Central,Yes,,Yes,Yes,,,,,,,,,,,,,,,,,,0.16666666666666666,0.9,0.9940914219616043,0.855863995373123
Eagle_education_Luther,17404,0.9920200638394893,1.0,32.253496288216176,Eagle,1252.0,14.0,Education,Research,10799.9,116249.0,,,US/Eastern,Yes,Yes,Yes,,,,,,,,,,,,,,,,,,,0.16666666666666666,0.9,0.9940150478796169,0.8558105335157319
Bull_education_Kendra,17507,0.997891016871865,0.9820071971211516,131.6151039500612,Bull,928.0,9.0,Education,College Classroom,16640.3,179115.0,30.26719999999989,-97.7430999999998,US/Central,Yes,,Yes,Yes,,,,,,,,,,,,,,,,,,0.16666666666666666,0.9,0.9939200619341867,0.8557440433539307
Rat_office_Avis,17190,0.9798221614227086,0.9790575916230366,299.33693973933765,Rat,475.0,3.0,Office,Office,44099.2,474680.0,38.9035039800032,-77.0053494170663,US/Eastern,Yes,,,,,,,,,,,1986.0,,,,,,,,,,0.3333333333333333,0.8,0.9796310189727906,0.8557417132809534
Bull_education_Juan,17504,0.9977200182398541,0.9824040219378428,68.50254257156598,Bull,972.0,9.0,Education,College Classroom,26212.8,282152.0,30.26719999999989,-97.7430999999998,US/Central,Yes,,Yes,Yes,,,,,,,,,,,,,,,,,,0.16666666666666666,0.9,0.9938910191643513,0.8557237134150459
Bull_education_Patrina,17500,0.9974920200638395,0.9826857142857143,6.003347846740172,Bull,925.0,9.0,Education,College Classroom,5054.4,54405.0,30.26719999999989,-97.7430999999998,US/Central,Yes,,Yes,Yes,,,,,,,,,,,,,,,,,,0.16666666666666666,0.9,0.9937904436193081,0.8556533105335157
Rat_education_Davis,17398,0.9916780665754674,1.0,28.139949832505366,Rat,391.0,3.0,Education,K-12 School,8092.5,87107.0,38.9035039800032,-77.0053494170663,US/Eastern,Yes,,,,,,,,,,,,,,,,,,,,,0.16666666666666666,0.9,0.9937585499316006,0.8556309849521204
Bull_education_Roland,17497,0.9973210214318285,0.9822255243756073,64.83354038099297,Bull,931.0,9.0,Education,College Classroom,20071.7,216050.0,30.26719999999989,-97.7430999999998,US/Central,Yes,,Yes,Yes,,,,,,,,,,,,,,,,,,0.16666666666666666,0.9,0.9935471471677733,0.8554830030174413
Bull_education_Dora,17505,0.9977770177838577,0.9807483576121109,43.098065171694756,Bull,989.0,9.0,Education,College Classroom,15672.4,168696.0,30.26719999999989,-97.7430999999998,US/Central,Yes,,Yes,Yes,,,,,,,,,,,,,,,,,,0.16666666666666666,0.9,0.993519852740921,0.8554638969186447
Fox_education_Eddy,17389,0.9911650706794346,1.0,83.47883155198825,Fox,229.0,2.0,Education,College Classroom,13015.0,140092.0,33.42442530000004,-111.9281403999998,US/Mountain,Yes,,Yes,,,,,,Education,College/University,,,,,,,,,,,,0.16666666666666666,0.9,0.993373803009576,0.8553616621067032
Wolf_education_Anisa,17534,0.9994300045599636,0.9740504163339797,151.20188369887103,Wolf,1033.0,12.0,Education,College Classroom,11008.0,118489.0,53.34979999999997,6.2603,Europe/Dublin,Yes,,,,,,,,Education,College/University,,,,,,,,,,,,0.16666666666666666,0.9,0.9930851075034677,0.8551595752524274
Bull_education_Joseph,17485,0.9966370269037848,0.9815270231627109,37.68958884567953,Bull,981.0,9.0,Education,College Classroom,15519.9,167055.0,30.26719999999989,-97.7430999999998,US/Central,Yes,,Yes,Yes,,,,,,,,,,,,,,,,,,0.16666666666666666,0.9,0.9928595259685162,0.8550016681779613
Eagle_education_Norah,17376,0.9904240766073872,1.0,32.0127862685748,Eagle,1263.0,14.0,Education,Research,9089.4,97838.0,,,US/Eastern,Yes,,Yes,Yes,,,,,,,,,,,,,,,,,,0.16666666666666666,0.9,0.9928180574555404,0.8549726402188783
Gator_office_Merle,16822,0.9588463292293662,0.8944834145761503,0.6885628752071382,Gator,848.0,8.0,Office,Office,794.5,8552.0,,,US/Eastern,Yes,,,,,,,,,,,,,1.0,100.0,,,,,,,0.5,0.8,0.9427556005660622,0.8549289203962435
Bull_education_Lyn,17467,0.9956110351117191,0.9837980191217724,7.278861370518437,Bull,926.0,9.0,Education,College Classroom,2418.5,26033.0,30.26719999999989,-97.7430999999998,US/Central,Yes,,Yes,Yes,,,,,,,,,,,,,,,,,,0.16666666666666666,0.9,0.9926577811142324,0.8548604467799626
Eagle_education_Wesley,17364,0.9897400820793434,1.0,34.83999421176904,Eagle,1259.0,14.0,Education,Classroom,6604.3,71088.0,,,US/Eastern,Yes,Yes,Yes,Yes,,,,,,,,,,,,,,,,,,0.16666666666666666,0.9,0.9923050615595075,0.8546135430916553
Peacock_education_Shelly,17358,0.9893980848153214,1.0,9.101737911258418,Peacock,762.0,6.0,Education,College Laboratory,4984.3,53651.0,40.349999999999966,-74.69999999999995,US/Eastern,Yes,,,Yes,,,,,Education,College/University,,,,,,,,,,,,0.16666666666666666,0.9,0.9920485636114911,0.8544339945280437
Rat_education_Barney,17357,0.9893410852713178,1.0,11.540091679364036,Rat,354.0,3.0,Education,Other - Education,7200.0,77500.0,38.9035039800032,-77.0053494170663,US/Eastern,Yes,,,,,,,,,,,,,,,,,,,,,0.16666666666666666,0.9,0.9920058139534884,0.8544040697674419
Bull_education_Reina,17428,0.9933880528955769,0.9871471195776911,21.329629861009494,Bull,894.0,9.0,Education,College Classroom,9434.8,101555.0,30.26719999999989,-97.7430999999998,US/Central,Yes,,Yes,Yes,,,,,,,,,,,,,,,,,,0.16666666666666666,0.9,0.9918278195661054,0.8542794736962738
Bull_education_Genie,17423,0.9931030551755586,0.9877747804626069,35.32083562948213,Bull,922.0,9.0,Education,College Classroom,13675.8,147205.0,30.26719999999989,-97.7430999999998,US/Central,Yes,,Yes,Yes,,,,,,,,,,,,,,,,,,0.16666666666666666,0.9,0.9917709864973207,0.8542396905481244
Bull_education_Miquel,17420,0.9929320565435477,0.9878874856486797,69.25237255531535,Bull,896.0,9.0,Education,College Classroom,22820.4,245637.0,30.26719999999989,-97.7430999999998,US/Central,Yes,,Yes,Yes,,,,,,,,,,,,,,,,,,0.16666666666666666,0.9,0.9916709138198306,0.8541696396738815
Bull_education_Luke,17419,0.992875056999544,0.9878867902864688,77.34613261798283,Bull,987.0,9.0,Education,Student Union,15458.6,166395.0,30.26719999999989,-97.7430999999998,US/Central,Yes,,Yes,Yes,,,,,,,,,,,,,,,,,,0.16666666666666666,0.9,0.9916279903212752,0.8541395932248926
Bull_education_Krista,17398,0.9916780665754674,0.9891366823772847,83.09092862633504,Bull,911.0,9.0,Education,College Laboratory,22263.1,239638.0,30.26719999999989,-97.7430999999998,US/Central,Yes,,Yes,Yes,,,,,,,,,,,,,,,,,,0.16666666666666666,0.9,0.9910427205259218,0.8537299043681452
Eagle_education_Roman,17333,0.9879730962152303,1.0,53.08836330006665,Eagle,1290.0,14.0,Education,Research,18621.7,200442.0,,,US/Eastern,Yes,,Yes,Yes,,,,,,,,,,,,,,,,,,0.16666666666666666,0.9,0.9909798221614228,0.8536858755129959
Eagle_education_Raul,17327,0.9876310989512084,1.0,47.75046227213788,Eagle,1288.0,14.0,Education,Research,15255.2,164206.0,,,US/Eastern,Yes,,Yes,Yes,,,,,,,,,,,,,,,,,,0.16666666666666666,0.9,0.9907233242134063,0.8535063269493843
Fox_education_Elizabeth,17192,0.9799361605107159,0.8800604932526757,205.0669392223997,Fox,224.0,2.0,Education,Student Union,25295.4,272278.0,33.42442530000004,-111.9281403999998,US/Mountain,Yes,Yes,Yes,,,,,,Education,College/University,,1955.0,,,,,,,,,,0.3333333333333333,0.9,0.9549672436962058,0.853477070587344
Panther_office_Ruthie,17184,0.9794801641586868,0.8237895716945997,47.79490852983613,Panther,104.0,0.0,Office,Office,4211.3,45330.0,28.5176885788321,-81.3790387999998,US/Eastern,Yes,,,,Yes,,,,,,,2003.0,,,,,211,,,,,0.5,0.8,0.940557516042665,0.8533902612298654
Panther_office_Lauretta,17183,0.979423164614683,0.8237211197113427,69.57981616315537,Panther,79.0,0.0,Office,Office,3366.8,36240.0,28.5176885788321,-81.3790387999998,US/Eastern,Yes,,,,Yes,,,Yes,,,,2010.0,,,,,178,,,Gold,,0.5,0.8,0.9404976533888479,0.8533483573721935
Bull_education_Summer,17425,0.9932170542635659,0.9802008608321378,8.500501353790073,Bull,897.0,9.0,Education,College Classroom,3509.4,37775.0,30.26719999999989,-97.7430999999998,US/Central,Yes,,,,,,,,,,,,,,,,,,,,,0.16666666666666666,0.9,0.989963005905709,0.8529741041339962
Bull_education_Pamela,17347,0.9887710898312814,0.9934859053438635,41.0767691558348,Bull,899.0,9.0,Education,College Classroom,20904.5,225014.0,30.26719999999989,-97.7430999999998,US/Central,Yes,,Yes,Yes,,,,,,,,,,,,,,,,,,0.16666666666666666,0.9,0.9899497937094269,0.8529648555965988
Moose_education_Florence,17511,0.9981190150478796,0.6775169893209982,202.93284236298163,Moose,802.0,7.0,Education,College Classroom,26999.9,290625.0,45.4215,-75.6972,US/Eastern,Yes,,Yes,Yes,,,,,Education,College/University,,1995.0,,19.0,,,,,,,,0.5,0.9,0.9179685086161593,0.8525779560313115
Wolf_education_Bobby,17329,0.9877450980392157,0.9942870332967857,45.08317210042059,Wolf,1068.0,12.0,Education,College Classroom,10494.0,112956.0,53.34979999999997,6.2603,Europe/Dublin,Yes,,,,Yes,,,Yes,Education,College/University,,,,,,,,,,,,0.16666666666666666,0.9,0.9893805818536082,0.8525664072975258
Eagle_education_Peter,17295,0.9858071135430917,1.0,151.50813346296647,Eagle,1284.0,14.0,Education,Research,41103.8,442438.0,,,US/Eastern,Yes,,Yes,Yes,,,,,,,,,,,,,,,,,,0.16666666666666666,0.9,0.9893553351573188,0.8525487346101231
Lamb_public_Bradly,17544,1.0,0.5856703146374829,8.41554093394527,Lamb,,5.0,Public services,Library,1892.0,20365.0,51.49783804108846,-3.186245571244898,Europe/London,Yes,,,,,,,,Government,Library,Gas,1976.0,,2.0,,,,,,,,0.5,1.0,0.8964175786593707,0.8524923050615594
Rat_education_Marcos,17292,0.9856361149110807,1.0,108.56052006231447,Rat,332.0,3.0,Education,K-12 School,8398.4,90400.0,38.9035039800032,-77.0053494170663,US/Eastern,Yes,,,,,,,,,,,,,,,,,,,,,0.16666666666666666,0.9,0.9892270861833106,0.8524589603283174
Bull_education_Venita,17317,0.9870611035111719,0.9935901137610441,8.59821692244282,Bull,912.0,9.0,Education,College Laboratory,4882.9,52559.0,30.26719999999989,-97.7430999999998,US/Central,Yes,,Yes,Yes,,,,,,,,,,,,,,,,,,0.16666666666666666,0.9,0.98869335607364,0.852085349251548
Bear_public_Arlean,15092,0.8602371181030551,0.9998674794593162,42.41520247936789,Bear,626.0,4.0,Public services,Public services,12131.4,130581.0,37.87190340000004,-122.26072860000008,US/Pacific,Yes,,,,,,,,,,,1970.0,,5.0,,,,,,,,0.5,1.0,0.8951447084421205,0.8516012959094843
Eagle_education_Brooke,17257,0.9836411308709531,1.0,68.74378508975643,Eagle,1258.0,14.0,Education,Research,25384.3,273234.0,,,US/Eastern,Yes,Yes,Yes,Yes,,,,,,,,,,,,,,,,,,0.16666666666666666,0.9,0.9877308481532148,0.8514115937072503
Eagle_education_Brianne,17544,1.0,0.950296397628819,127.2446341354392,Eagle,1314.0,14.0,Education,Research,6857.4,73813.0,,,US/Eastern,Yes,,,,,,,,,,,,,,,,,,,,,0.16666666666666666,0.9,0.9875740994072048,0.8513018695850433
Fox_education_Lesley,17237,0.9825011399908801,0.9998839705285142,7.023604411220994,Fox,256.0,2.0,Education,Primary/Secondary Classroom,1555.6,16744.0,33.42442530000004,-111.9281403999998,US/Mountain,Yes,,Yes,,,,,,Education,College/University,,,,,,,,,,,,0.16666666666666666,0.9,0.9868468476252885,0.850792793337702
Bull_education_Nolan,17234,0.9823301413588691,1.0,12.593440424537961,Bull,947.0,9.0,Education,College Classroom,8512.6,91629.0,30.26719999999989,-97.7430999999998,US/Central,Yes,,,,,,,,,,,,,,,,,,,,,0.16666666666666666,0.9,0.9867476060191518,0.8507233242134062
Bull_education_Stewart,17225,0.9818171454628363,1.0,17.765421576562698,Bull,996.0,9.0,Education,College Laboratory,7212.2,77632.0,30.26719999999989,-97.7430999999998,US/Central,Yes,,Yes,Yes,,,,,,,,,,,,,,,,,,0.16666666666666666,0.9,0.9863628590971272,0.850454001367989
Fox_education_Cynthia,17222,0.9816461468308254,1.0,36.0191922152989,Fox,259.0,2.0,Education,College Laboratory,7197.1,77469.0,33.42442530000004,-111.9281403999998,US/Mountain,Yes,,Yes,,,,,,Education,College/University,,,,,,,,,,,,0.16666666666666666,0.9,0.9862346101231191,0.8503642270861833
Bull_education_Clarice,17219,0.9814751481988144,1.0,5.983277302262592,Bull,876.0,9.0,Education,College Classroom,5132.0,55240.0,30.26719999999989,-97.7430999999998,US/Central,Yes,,,Yes,,,,,,,,,,,,,,,,,,0.16666666666666666,0.9,0.9861063611491108,0.8502744528043775
Bobcat_office_Nikita,16057,0.9152416780665754,0.9976957090365572,15.429242733967136,Bobcat,1007.0,10.0,Office,Office,3895.7,41933.0,,,US/Mountain,Yes,,,,Yes,,,Yes,,,,,,2.0,0.0,,,,,,,0.5,0.8,0.9358551858090709,0.8500986300663496
Bull_education_Lydia,17482,0.9964660282717738,0.9536666285322045,31.935570295807,Bull,889.0,9.0,Education,College Classroom,11712.9,126077.0,30.26719999999989,-97.7430999999998,US/Central,Yes,,Yes,Yes,,,,,,,,,,,,,,,,,,0.16666666666666666,0.9,0.9857661783368815,0.850036324835817
Bull_education_Dania,17210,0.9809621523027816,1.0,8.794344537259798,Bull,960.0,9.0,Education,College Classroom,5215.3,56137.0,30.26719999999989,-97.7430999999998,US/Central,Yes,,Yes,Yes,,,,,,,,,,,,,,,,,,0.16666666666666666,0.9,0.9857216142270862,0.8500051299589603
Bull_education_Brenda,17207,0.9807911536707706,1.0,27.615780351328294,Bull,880.0,9.0,Education,College Classroom,14652.9,157723.0,30.26719999999989,-97.7430999999998,US/Central,Yes,,Yes,Yes,,,,,,,,,,,,,,,,,,0.16666666666666666,0.9,0.985593365253078,0.8499153556771546
Bull_education_Mervin,17205,0.9806771545827634,1.0,32.33090723840523,Bull,952.0,9.0,Education,College Classroom,20255.1,218024.0,30.26719999999989,-97.7430999999998,US/Central,Yes,,Yes,Yes,,,,,,,,,,,,,,,,,,0.16666666666666666,0.9,0.9855078659370725,0.8498555061559507
Bull_education_Racheal,17203,0.980563155494756,1.0,94.44034558966783,Bull,966.0,9.0,Education,College Laboratory,36560.1,393530.0,30.26719999999989,-97.7430999999998,US/Central,Yes,,Yes,Yes,,,,,,,,,,,,,,,,,,0.16666666666666666,0.9,0.9854223666210671,0.849795656634747
Bull_education_Hayley,17200,0.9803921568627451,1.0,26.700238277210353,Bull,969.0,9.0,Education,College Classroom,17997.4,193723.0,30.26719999999989,-97.7430999999998,US/Central,Yes,,Yes,Yes,,,,,,,,,,,,,,,,,,0.16666666666666666,0.9,0.9852941176470588,0.8497058823529411
Bull_education_Brain,17199,0.9803351573187414,1.0,46.95219175060452,Bull,914.0,9.0,Education,College Laboratory,21365.2,229973.0,30.26719999999989,-97.7430999999998,US/Central,Yes,,Yes,Yes,,,,,,,,,,,,,,,,,,0.16666666666666666,0.9,0.9852513679890561,0.8496759575923393
Bull_education_Nina,17197,0.9802211582307342,1.0,30.527518808988216,Bull,964.0,9.0,Education,College Laboratory,12131.0,130577.0,30.26719999999989,-97.7430999999998,US/Central,Yes,,Yes,Yes,,,,,,,,,,,,,,,,,,0.16666666666666666,0.9,0.9851658686730507,0.8496161080711354
Eagle_education_Shanna,17194,0.9800501595987232,1.0,53.89011315163089,Eagle,1251.0,14.0,Education,Research,9718.0,104604.0,,,US/Eastern,Yes,Yes,Yes,,,,,,,,,,,,,,,,,,,0.16666666666666666,0.9,0.9850376196990425,0.8495263337893297
Eagle_education_Petra,17194,0.9800501595987232,1.0,7.69081160978265,Eagle,1254.0,14.0,Education,Research,2320.6,24979.0,,,US/Eastern,Yes,,Yes,Yes,,,,,,,,,,,,,,,,,,0.16666666666666666,0.9,0.9850376196990425,0.8495263337893297
Eagle_education_Samantha,17193,0.9799931600547196,1.0,28.77687668032851,Eagle,1253.0,14.0,Education,Research,12518.5,134748.0,,,US/Eastern,Yes,Yes,Yes,,,,,,,,,,,,,,,,,,,0.16666666666666666,0.9,0.9849948700410397,0.8494964090287278
Wolf_education_Laurinda,17193,0.9799931600547196,1.0,107.88478094865718,Wolf,1046.0,12.0,Education,College Classroom,18706.0,201350.0,53.34979999999997,6.2603,Europe/Dublin,Yes,,,,,,,Yes,Education,College/University,,,,,,,,,,,,0.16666666666666666,0.9,0.9849948700410397,0.8494964090287278
Wolf_education_Cheryl,17193,0.9799931600547196,1.0,62.67678105711404,Wolf,1048.0,12.0,Education,College Classroom,25605.0,275610.0,53.34979999999997,6.2603,Europe/Dublin,Yes,,,,,,,,Education,College/University,,,,,,,,,,,C1,0.16666666666666666,0.9,0.9849948700410397,0.8494964090287278
Eagle_education_Maragret,17193,0.9799931600547196,1.0,4.4428077922899725,Eagle,1231.0,14.0,Education,Research,1228.2,13220.0,,,US/Eastern,Yes,Yes,,,,,,,,,,,,,,,,,,,,0.16666666666666666,0.9,0.9849948700410397,0.8494964090287278
Wolf_education_Miguel,17193,0.9799931600547196,0.9999418367940441,16.98211169407568,Wolf,1063.0,12.0,Education,College Classroom,5403.0,58157.0,53.34979999999997,6.2603,Europe/Dublin,Yes,,,,Yes,,,,Education,College/University,,,,,,,,,,,,0.16666666666666666,0.9,0.9849803292395507,0.8494862304676855
Wolf_education_Josefa,17193,0.9799931600547196,0.9999418367940441,5.132450613232428,Wolf,1041.0,12.0,Education,School,750.0,8073.0,53.34979999999997,6.2603,Europe/Dublin,Yes,,,,Yes,,,,Education,College/University,,,,,,,,,,,,0.16666666666666666,0.9,0.9849803292395507,0.8494862304676855
Wolf_education_Tammie,17192,0.9799361605107159,1.0,22.022778982534795,Wolf,1058.0,12.0,Education,College Classroom,7836.0,84346.0,53.34979999999997,6.2603,Europe/Dublin,Yes,,,,,,,,Education,College/University,,,,,,,,,,,,0.16666666666666666,0.9,0.9849521203830369,0.8494664842681259
Bull_education_Kristal,17192,0.9799361605107159,1.0,40.06003981523437,Bull,890.0,9.0,Education,College Laboratory,18853.5,202937.0,30.26719999999989,-97.7430999999998,US/Central,Yes,,Yes,Yes,,,,,,,,,,,,,,,,,,0.16666666666666666,0.9,0.9849521203830369,0.8494664842681259
Wolf_education_Dolores,17193,0.9799931600547196,0.9998255103821323,18.911117883505103,Wolf,1062.0,12.0,Education,College Classroom,6117.0,65843.0,53.34979999999997,6.2603,Europe/Dublin,Yes,,,,,,,,Education,College/University,,,,,,,,,,,,0.16666666666666666,0.9,0.9849512476365727,0.8494658733456009
Wolf_education_Loren,17192,0.9799361605107159,0.9999418334108888,83.13863384478111,Wolf,1064.0,12.0,Education,College Classroom,12190.0,131212.0,53.34979999999997,6.2603,Europe/Dublin,Yes,,,,Yes,,,Yes,Education,College/University,,,,,,,,,,,,0.16666666666666666,0.9,0.9849375787357592,0.8494563051150315
Fox_education_Rosie,17191,0.9798791609667122,1.0,24.45775724092318,Fox,173.0,2.0,Education,College Classroom,8445.2,90903.0,33.42442530000004,-111.9281403999998,US/Mountain,Yes,,Yes,,,,,,Education,College/University,,,,,,,,,,,,0.16666666666666666,0.9,0.9849093707250342,0.849436559507524
Fox_education_Shawanda,17192,0.9799361605107159,0.9998255002326664,9.164648851529682,Fox,230.0,2.0,Education,Primary/Secondary Classroom,960.1,10334.0,33.42442530000004,-111.9281403999998,US/Mountain,Yes,,,,,,,,Education,College/University,,,,,,,,,,,,0.16666666666666666,0.9,0.9849084954412035,0.8494359468088425
Bull_education_Lenny,17189,0.979765161878705,1.0,7.441272966676241,Bull,995.0,9.0,Education,College Classroom,4294.9,46230.0,30.26719999999989,-97.7430999999998,US/Central,Yes,,Yes,Yes,,,,,,,,,,,,,,,,,,0.16666666666666666,0.9,0.9848238714090287,0.8493767099863201
Gator_office_Lisa,16016,0.9129046967624259,1.0,31.948639928242084,Gator,873.0,8.0,Office,Office,3729.3,40142.0,,,US/Eastern,Yes,,,,,,,,,,,,,1.0,100.0,,,,,,,0.5,0.8,0.9346785225718195,0.8492749658002735
Bull_education_Carl,17185,0.9795371637026904,1.0,51.093453285795135,Bull,903.0,9.0,Education,College Laboratory,25622.0,275793.0,30.26719999999989,-97.7430999999998,US/Central,Yes,,Yes,Yes,,,,,,,,,,,,,,,,,,0.16666666666666666,0.9,0.9846528727770179,0.8492570109439125
Fox_education_Henrietta,17194,0.9800501595987232,0.9980225660113993,21.422955858231944,Fox,272.0,2.0,Education,College Laboratory,425.8,4583.0,33.42442530000004,-111.9281403999998,US/Mountain,Yes,,,,,,,,Education,College/University,,,,,,,,,,,,0.16666666666666666,0.9,0.9845432612018923,0.8491802828413246
Bull_education_Arthur,17181,0.9793091655266758,1.0,49.35505296453286,Bull,917.0,9.0,Education,College Classroom,22083.2,237702.0,30.26719999999989,-97.7430999999998,US/Central,Yes,,Yes,Yes,,,,,,,,,,,,,,,,,,0.16666666666666666,0.9,0.9844818741450069,0.8491373119015048
Bull_education_Elva,17169,0.978625170998632,1.0,9.40165934774977,Bull,918.0,9.0,Education,College Classroom,5631.9,60621.0,30.26719999999989,-97.7430999999998,US/Central,Yes,,Yes,Yes,,,,,,,,,,,,,,,,,,0.16666666666666666,0.9,0.9839688782489739,0.8487782147742817
Bull_education_Dan,17168,0.9785681714546284,1.0,23.92231755156692,Bull,959.0,9.0,Education,College Laboratory,11941.4,128536.0,30.26719999999989,-97.7430999999998,US/Central,Yes,,Yes,Yes,,,,,,,,,,,,,,,,,,0.16666666666666666,0.9,0.9839261285909713,0.8487482900136799
Bull_education_Jae,17167,0.9785111719106248,1.0,45.948704506421784,Bull,946.0,9.0,Education,College Laboratory,16463.9,177216.0,30.26719999999989,-97.7430999999998,US/Central,Yes,,Yes,Yes,,,,,,,,,,,,,,,,,,0.16666666666666666,0.9,0.9838833789329686,0.848718365253078
Lamb_education_Alina,17194,0.9800501595987232,0.5665929975572874,4.288639748242493,Lamb,,5.0,Education,Primary/Secondary Classroom,1877.0,20204.0,51.49783804108846,-3.186245571244898,Europe/London,Yes,,,,,,,Yes,Education,Primary/Secondary School,Gas,1976.0,,1.0,396.0,,,,,,C,0.6666666666666666,0.9,0.8766858690883643,0.8486801083618549
Bull_education_Miranda,17164,0.9783401732786138,1.0,22.613848237958983,Bull,901.0,9.0,Education,College Classroom,10008.4,107730.0,30.26719999999989,-97.7430999999998,US/Central,Yes,,Yes,Yes,,,,,,,,,,,,,,,,,,0.16666666666666666,0.9,0.9837551299589603,0.8486285909712722
Bull_education_Barry,17164,0.9783401732786138,1.0,59.5629689002234,Bull,955.0,9.0,Education,College Laboratory,18440.1,198488.0,30.26719999999989,-97.7430999999998,US/Central,Yes,,Yes,Yes,,,,,,,,,,,,,,,,,,0.16666666666666666,0.9,0.9837551299589603,0.8486285909712722
Rat_education_Conrad,16343,0.9315435476516188,0.9968793979073609,144.55448929816677,Rat,299.0,3.0,Education,K-12 School,33073.5,356000.0,38.9035039800032,-77.0053494170663,US/Eastern,Yes,,,,,,,,,,,2014.0,,,,,,,,,,0.3333333333333333,0.9,0.9478775102155543,0.848514257150888
Rat_education_Dreama,17151,0.9775991792065664,0.9999416943618448,25.299372316776754,Rat,320.0,3.0,Education,K-12 School,9801.3,105500.0,38.9035039800032,-77.0053494170663,US/Eastern,Yes,,,,,,,,,,,,,,,,,,,,,0.16666666666666666,0.9,0.9831848079953859,0.8482293655967701
Bull_education_Shona,17167,0.9785111719106248,0.9970874351954331,12.966196188452196,Bull,902.0,9.0,Education,College Laboratory,1352.8,14561.0,30.26719999999989,-97.7430999999998,US/Central,Yes,,,,,,,,,,,,,,,,,,,,,0.16666666666666666,0.9,0.9831552377318269,0.8482086664122788
Fox_education_Virginia,17150,0.9775421796625627,0.9996501457725947,6.422206483419931,Fox,251.0,2.0,Education,College Classroom,1186.7,12773.0,33.42442530000004,-111.9281403999998,US/Mountain,Yes,,,,,,,,Education,College/University,,,,,,,,,,,,0.16666666666666666,0.9,0.9830691711900708,0.8481484198330496
Bull_education_Roseann,17159,0.9780551755585956,0.9973774695495076,27.22527159956228,Bull,879.0,9.0,Education,College Laboratory,10241.2,110235.0,30.26719999999989,-97.7430999999998,US/Central,Yes,,Yes,Yes,,,,,,,,,,,,,,,,,,0.16666666666666666,0.9,0.9828857490563235,0.8480200243394265
Rat_education_Imelda,17142,0.9770861833105335,1.0,0.4917439674905683,Rat,434.0,3.0,Education,K-12 School,3669.7,39500.0,38.9035039800032,-77.0053494170663,US/Eastern,Yes,,,,,,,,,,,,,,,,,,,,,0.16666666666666666,0.9,0.9828146374829001,0.8479702462380301
Bobcat_education_Toni,15470,0.8817829457364341,0.9988364576599871,8.94115927661271,Bobcat,1009.0,10.0,Education,Academic,2033.8,21892.0,,,US/Mountain,Yes,Yes,Yes,,Yes,,,,,,,,,2.0,0.0,,,,,,,0.5,0.9,0.9110463237173223,0.8477324266021256
Bull_education_Antonia,17171,0.9787391700866394,0.9919049560305165,99.59775807495716,Bull,883.0,9.0,Education,College Classroom,37099.0,399331.0,30.26719999999989,-97.7430999999998,US/Central,Yes,,Yes,,,,,,,,,,,,,,,,,,,0.16666666666666666,0.9,0.9820306165726086,0.8474214316008261
Gator_office_Hunter,15982,0.9109667122663019,0.9924915529971218,11.628225817576812,Gator,839.0,8.0,Office,Office,1314.6,14150.0,,,US/Eastern,Yes,,,,,,,,,,,,,1.0,100.0,,,,,,,0.5,0.8,0.9313479224490068,0.8469435457143046
Bobcat_education_Jayne,15448,0.8805289557683539,0.9974106680476437,34.153779570848684,Bobcat,1013.0,10.0,Education,Academic,6259.5,67377.0,,,US/Mountain,Yes,,Yes,,,,,,,,,,,3.0,0.0,,,,,,,0.5,0.9,0.9097493838381764,0.8468245686867234
Bear_education_Liliana,15416,0.8787049703602371,1.0,72.37522925486108,Bear,583.0,4.0,Education,Education,19143.0,206054.0,37.87190340000004,-122.26072860000008,US/Pacific,Yes,,,,,,,,,,,1950.0,,9.0,,,,,,,,0.5,0.9,0.9090287277701778,0.8463201094391244
Bull_education_Dottie,17185,0.9795371637026904,0.9822519639220251,264.68362823074034,Bull,993.0,9.0,Education,College Laboratory,39822.6,428647.0,30.26719999999989,-97.7430999999998,US/Central,Yes,,Yes,Yes,,,,,,,,,,,,,,,,,,0.16666666666666666,0.9,0.9802158637575241,0.8461511046302669
Eagle_education_Edith,17194,0.9800501595987232,0.9783063859485868,65.51584766764744,Eagle,1278.0,14.0,Education,Classroom,7427.5,79949.0,,,US/Eastern,Yes,,,,,,,,,,,,,,,,,,,,,0.16666666666666666,0.9,0.9796142161861892,0.8457299513303324
Panther_office_Brent,17052,0.9719562243502052,0.8018414262256627,8.274302059660203,Panther,82.0,0.0,Office,Office,998.1,10743.0,28.5176885788321,-81.3790387999998,US/Eastern,Yes,,Yes,,,,,,,,,1974.0,,,,,100,,,,,0.5,0.8,0.9294275248190697,0.8455992673733487
Eagle_education_Shante,17194,0.9800501595987232,0.9772595091310923,104.93617948494358,Eagle,1250.0,14.0,Education,Research,21566.4,232139.0,,,US/Eastern,Yes,,Yes,Yes,,,,,,,,,,,,,,,,,,0.16666666666666666,0.9,0.9793524969818155,0.8455467478872708
Fox_education_Shirley,17050,0.9718422252621979,0.9997653958944281,32.41395683938436,Fox,245.0,2.0,Education,College Classroom,8220.6,88486.0,33.42442530000004,-111.9281403999998,US/Mountain,Yes,,Yes,,,,,,Education,College/University,,,,,,,,,,,,0.16666666666666666,0.9,0.9788230179202555,0.8451761125441788
Hog_office_Alisha,17544,1.0,0.7148312813497492,5.912117981679779,Hog,1113.0,13.0,Office,Office,3103.1,33401.0,44.97878184783975,-93.2553976421019,US/Central,Yes,,,,,,,,,,,,,,,-,275.2,349.1,274.1,,,0.5,0.8,0.9287078203374373,0.845095474236206
Bull_education_Violeta,17162,0.9782261741906064,0.9797226430485957,87.25511834644138,Bull,957.0,9.0,Education,College Classroom,10330.3,111195.0,30.26719999999989,-97.7430999999998,US/Central,Yes,,Yes,Yes,,,,,,,,,,,,,,,,,,0.16666666666666666,0.9,0.9786002914051037,0.8450202039835726
Fox_office_Clayton,17543,0.9999430004559964,0.9999429972068631,38.992518769328726,Fox,157.0,2.0,Office,Office,488.5,5258.0,33.42442530000004,-111.9281403999998,US/Mountain,Yes,,,,,,,,Education,College/University,,,,,,,,,,,,0.16666666666666666,0.8,0.9999429996437131,0.8449600997505992
Wolf_office_Joana,17541,0.999829001367989,0.9998859814149706,4.982479651606005,Wolf,1035.0,12.0,Office,Office,1355.0,14585.0,53.34979999999997,6.2603,Europe/Dublin,Yes,,,,,,,Yes,Education,College/University,,,,,,,,,,,,0.16666666666666666,0.8,0.9998432463797344,0.844890272465814
Rat_office_Jamal,17539,0.9997150022799818,1.0,513.8568446639924,Rat,561.0,3.0,Office,Office,27406.4,295000.0,38.9035039800032,-77.0053494170663,US/Eastern,Yes,,,,,,,,,,,,,,,,,,,,,0.16666666666666666,0.8,0.9997862517099864,0.8448503761969904
Wolf_office_Elisabeth,17539,0.9997150022799818,1.0,14.186605562318794,Wolf,1043.0,12.0,Office,Office,2591.0,27889.0,53.34979999999997,6.2603,Europe/Dublin,Yes,,,,,,,,Education,College/University,,,,,,,,,,,,0.16666666666666666,0.8,0.9997862517099864,0.8448503761969904
Peacock_office_Burl,17535,0.9994870041039672,1.0,8.842558162756356,Peacock,746.0,6.0,Office,Office,1661.0,17879.0,40.349999999999966,-74.69999999999995,US/Eastern,Yes,,,,,,,,Education,College/University,,,,,,,,,,,,0.16666666666666666,0.8,0.9996152530779754,0.8447306771545827
Peacock_office_Annie,17535,0.9994870041039672,1.0,34.843678176177164,Peacock,766.0,6.0,Office,Office,6021.8,64818.0,40.349999999999966,-74.69999999999995,US/Eastern,Yes,,,Yes,,,,,Education,College/University,,,,,,,,,,,,0.16666666666666666,0.8,0.9996152530779754,0.8447306771545827
Peacock_office_Effie,17534,0.9994300045599636,1.0,29.724501381496403,Peacock,776.0,6.0,Office,Office,9723.9,104667.0,40.349999999999966,-74.69999999999995,US/Eastern,Yes,,Yes,Yes,,,,,Education,College/University,,,,,,,,,,,,0.16666666666666666,0.8,0.9995725034199727,0.8447007523939809
Peacock_office_Julian,17533,0.9993730050159598,1.0,10.910977512111884,Peacock,755.0,6.0,Office,Office,3913.9,42129.0,40.349999999999966,-74.69999999999995,US/Eastern,Yes,,Yes,,,,,,Education,College/University,,,,,,,,,,,,0.16666666666666666,0.8,0.9995297537619698,0.8446708276333789
Wolf_office_Cary,17526,0.9989740082079344,1.0,78.82557747524443,Wolf,1040.0,12.0,Office,Office,11795.0,126960.0,53.34979999999997,6.2603,Europe/Dublin,Yes,,,,Yes,,,,Education,College/University,,,,,,,,,,,,0.16666666666666666,0.8,0.9992305061559508,0.8444613543091655
Bull_education_Geneva,17164,0.9783401732786138,0.9761710556979725,12.370016347038504,Bull,923.0,9.0,Education,Auditorium,2321.8,24992.0,30.26719999999989,-97.7430999999998,US/Central,Yes,,Yes,,,,,,,,,,,,,,,,,,,0.16666666666666666,0.9,0.9777978938834534,0.8444585257184174
Peacock_office_Norman,17522,0.9987460100319198,1.0,9.17366401664702,Peacock,748.0,6.0,Office,Office,3044.1,32766.0,40.349999999999966,-74.69999999999995,US/Eastern,Yes,,Yes,Yes,,,,,Education,College/University,,,,,,,,,,,,0.16666666666666666,0.8,0.9990595075239398,0.8443416552667579
Fox_office_Susanne,17522,0.9987460100319198,0.9998858577787924,9.498220083014624,Fox,158.0,2.0,Office,Office,941.6,10135.0,33.42442530000004,-111.9281403999998,US/Mountain,Yes,,,,,,,,Education,College/University,,,,,,,,,,,,0.16666666666666666,0.8,0.9990309719686379,0.8443216803780464
Peacock_office_Elton,17516,0.9984040127678978,1.0,21.819045331203263,Peacock,775.0,6.0,Office,Office,9694.9,104355.0,40.349999999999966,-74.69999999999995,US/Eastern,Yes,,,,,,,,Education,College/University,,,,,,,,,,,,0.16666666666666666,0.8,0.9988030095759234,0.8441621067031464
Rat_office_Sammy,17512,0.9981760145918832,1.0,22.118355772226028,Rat,563.0,3.0,Office,Office,2912.1,31346.0,38.9035039800032,-77.0053494170663,US/Eastern,Yes,,,,,,,,,,,,,,,,,,,,,0.16666666666666666,0.8,0.9986320109439124,0.8440424076607387
Panther_office_Christin,17183,0.979423164614683,0.7699470406797416,18.374231906023383,Panther,102.0,0.0,Office,Office,1474.9,15876.0,28.5176885788321,-81.3790387999998,US/Eastern,Yes,,,,,,,Yes,,,,1983.0,,,,,64,,,,,0.5,0.8,0.9270541336309477,0.8439378935416633
Peacock_office_Dara,17506,0.9978340173278614,1.0,64.07905815162208,Peacock,760.0,6.0,Office,Office,4644.2,49990.0,40.349999999999966,-74.69999999999995,US/Eastern,Yes,,Yes,Yes,,,,,Education,College/University,,,,,,,,,,,,0.16666666666666666,0.8,0.998375512995896,0.8438628590971272
Eagle_office_Mable,17544,1.0,0.992875056999544,4.925539724984231,Eagle,1229.0,14.0,Office,Office,2568.4,27646.0,,,US/Eastern,Yes,Yes,Yes,,,,,,,,,,,,,,,,,,,0.16666666666666666,0.8,0.998218764249886,0.8437531349749202
Bull_education_Matilda,17510,0.998062015503876,0.9126784694460308,38.27728636491212,Bull,994.0,9.0,Education,College Classroom,10069.9,108392.0,30.26719999999989,-97.7430999999998,US/Central,Yes,,Yes,Yes,,,,,,,,,,,,,,,,,,0.16666666666666666,0.9,0.9767161289894146,0.8437012902925902
Rat_office_Olivia,17492,0.9970360237118103,1.0,31.49322828548329,Rat,520.0,3.0,Office,Office,2564.1,27600.0,38.9035039800032,-77.0053494170663,US/Eastern,Yes,,,,,,,,,,,,,,,,,,,,,0.16666666666666666,0.8,0.9977770177838577,0.8434439124487004
Rat_office_Rosemary,17491,0.9969790241678067,0.9999428277399806,6.487108072858786,Rat,480.0,3.0,Office,Office,2787.1,30000.0,38.9035039800032,-77.0053494170663,US/Eastern,Yes,,,,,,,,,,,,,,,,,,,,,0.16666666666666666,0.8,0.9977199750608501,0.8434039825425951
Rat_office_Tracy,17492,0.9970360237118103,0.9993711410930711,5.276723025031237,Rat,384.0,3.0,Office,Office,1275.4,13728.0,38.9035039800032,-77.0053494170663,US/Eastern,Yes,,,,,,,,,,,,,,,,,,,,,0.16666666666666666,0.8,0.9976198030571255,0.8433338621399878
Eagle_office_Henriette,17497,0.9973210214318285,0.9978853517745899,8.109888965928429,Eagle,1224.0,14.0,Office,Office,2181.5,23481.0,,,US/Eastern,Yes,Yes,Yes,Yes,,,,,,,,,,,,,,,,,,0.16666666666666666,0.8,0.9974621040175189,0.8432234728122632
Fox_office_Demetrius,17476,0.9961240310077519,0.9991416800183108,45.636515657013966,Fox,194.0,2.0,Office,Office,14463.3,155682.0,33.42442530000004,-111.9281403999998,US/Mountain,Yes,,Yes,,,,,,Education,College/University,,,,,,,,,,,,0.16666666666666666,0.8,0.9968784432603917,0.8428149102822742
Eagle_office_Dallas,17522,0.9987460100319198,0.9908115511927862,18.907029000923735,Eagle,1256.0,14.0,Office,Office,3522.6,37917.0,,,US/Eastern,Yes,,,Yes,,,,,,,,,,,,,,,,,,0.16666666666666666,0.8,0.9967623953221363,0.8427336767254954
Rat_office_Randy,17468,0.9956680346557227,1.0,39.757182452869166,Rat,439.0,3.0,Office,Office,5779.0,62205.0,38.9035039800032,-77.0053494170663,US/Eastern,Yes,,,,,,,,,,,,,,,,,,,,,0.16666666666666666,0.8,0.996751025991792,0.8427257181942543
Rat_office_Kasey,17468,0.9956680346557227,1.0,41.408161273332595,Rat,390.0,3.0,Office,Office,3195.9,34400.0,38.9035039800032,-77.0053494170663,US/Eastern,Yes,,,,,,,,,,,,,,,,,,,,,0.16666666666666666,0.8,0.996751025991792,0.8427257181942543
Rat_education_Pat,16967,0.9671112631098951,0.9997642482465964,85.08654412475424,Rat,352.0,3.0,Education,K-12 School,13461.6,144900.0,38.9035039800032,-77.0053494170663,US/Eastern,Yes,,,,,,,,,,,,,,,,,,,,,0.16666666666666666,0.9,0.9752745093940705,0.8426921565758493
Cockatoo_education_Sheryl,16119,0.9187756497948016,1.0,50.98027306991169,Cockatoo,1432.0,15.0,Education,College Laboratory,14927.0,160673.0,42.45983685925793,-76.4852915864667,US/Eastern,Yes,,,Yes,,,,,Education,College/University,,1968.0,,,,,,,,,,0.3333333333333333,0.9,0.9390817373461012,0.8423572161422709
Cockatoo_education_Julio,16119,0.9187756497948016,1.0,21.532083209553488,Cockatoo,1327.0,15.0,Education,College Laboratory,9116.1,98125.0,42.45983685925793,-76.4852915864667,US/Eastern,Yes,,,Yes,,,,,Education,College/University,,2011.0,,,,,,,,,,0.3333333333333333,0.9,0.9390817373461012,0.8423572161422709
Cockatoo_education_Joel,16119,0.9187756497948016,1.0,1.3698400285896324,Cockatoo,1435.0,15.0,Education,College Laboratory,887.4,9552.0,42.45983685925793,-76.4852915864667,US/Eastern,Yes,,,Yes,,,,,Education,College/University,,1961.0,,,,,,,,,,0.3333333333333333,0.9,0.9390817373461012,0.8423572161422709
Cockatoo_education_Brigitte,16118,0.918718650250798,1.0,113.80424419612653,Cockatoo,1328.0,15.0,Education,College Laboratory,25998.0,279840.0,42.45983685925793,-76.4852915864667,US/Eastern,Yes,,Yes,,,,,,Education,College/University,,2008.0,,,,,,,,,,0.3333333333333333,0.9,0.9390389876880985,0.842327291381669
Cockatoo_education_Janet,16116,0.9186046511627907,1.0,115.89767079511545,Cockatoo,1347.0,15.0,Education,College Laboratory,29946.4,322341.0,42.45983685925793,-76.4852915864667,US/Eastern,Yes,,Yes,Yes,,,,,Education,College/University,,1995.0,,,,,,,,,,0.3333333333333333,0.9,0.938953488372093,0.8422674418604651
Cockatoo_education_Claudine,16115,0.918547651618787,1.0,5.860912207689982,Cockatoo,1433.0,15.0,Education,College Laboratory,2609.1,28084.0,42.45983685925793,-76.4852915864667,US/Eastern,Yes,,,Yes,,,,,Education,College/University,,1913.0,,,,,,,,,,0.3333333333333333,0.9,0.9389107387140903,0.8422375170998632
Cockatoo_education_Collin,16114,0.9184906520747834,1.0,42.188089522884255,Cockatoo,1439.0,15.0,Education,College Laboratory,5248.7,56497.0,42.45983685925793,-76.4852915864667,US/Eastern,Yes,,,,,,,,Education,College/University,,1957.0,,,,,,,,,,0.3333333333333333,0.9,0.9388679890560876,0.8422075923392613
Cockatoo_education_Oliver,16114,0.9184906520747834,1.0,28.8239345202775,Cockatoo,1427.0,15.0,Education,College Classroom,16780.6,180625.0,42.45983685925793,-76.4852915864667,US/Eastern,Yes,,,Yes,,,,,Education,College/University,,1933.0,,,,,,,,,,0.3333333333333333,0.9,0.9388679890560876,0.8422075923392613
Fox_office_Bernard,17449,0.9945850433196535,1.0,16.65616227885762,Fox,238.0,2.0,Office,Office,4182.2,45017.0,33.42442530000004,-111.9281403999998,US/Mountain,Yes,Yes,Yes,,,,,,Education,College/University,,,,,,,,,,,,0.16666666666666666,0.8,0.9959387824897401,0.842157147742818
Cockatoo_education_Brendan,16112,0.9183766529867761,1.0,12.230795808317806,Cockatoo,1342.0,15.0,Education,College Laboratory,10856.1,116854.0,42.45983685925793,-76.4852915864667,US/Eastern,Yes,,Yes,Yes,,,,,Education,College/University,,1978.0,,,,,,,,,,0.3333333333333333,0.9,0.938782489740082,0.8421477428180575
Rat_office_Jeannie,17448,0.9945280437756497,1.0,19.6650060389587,Rat,317.0,3.0,Office,Office,1495.6,16098.0,38.9035039800032,-77.0053494170663,US/Eastern,Yes,,,,,,,,,,,,,,,,,,,,,0.16666666666666666,0.8,0.9958960328317373,0.8421272229822161
Cockatoo_education_Tyler,16111,0.9183196534427724,1.0,47.66403931856635,Cockatoo,1378.0,15.0,Education,College Laboratory,19928.2,214505.0,42.45983685925793,-76.4852915864667,US/Eastern,Yes,,,Yes,,,,,Education,College/University,,1990.0,,,,,,,,,,0.3333333333333333,0.9,0.9387397400820794,0.8421178180574556
Cockatoo_education_Gussie,16111,0.9183196534427724,1.0,34.663549584868576,Cockatoo,1441.0,15.0,Education,College Laboratory,2800.4,30143.0,42.45983685925793,-76.4852915864667,US/Eastern,Yes,,,Yes,,,,,Education,College/University,,1951.0,,,,,,,,,,0.3333333333333333,0.9,0.9387397400820794,0.8421178180574556
Cockatoo_education_Eunice,16111,0.9183196534427724,1.0,96.77502906948901,Cockatoo,1348.0,15.0,Education,College Laboratory,12195.5,131271.0,42.45983685925793,-76.4852915864667,US/Eastern,Yes,,Yes,Yes,,,,,Education,College/University,,2010.0,,,,,,,,,,0.3333333333333333,0.9,0.9387397400820794,0.8421178180574556
Fox_office_Zachary,17452,0.9947560419516643,0.9991404996561999,58.280521744017975,Fox,273.0,2.0,Office,Office,13038.5,140345.0,33.42442530000004,-111.9281403999998,US/Mountain,Yes,,Yes,,,,,,Education,College/University,,,,,,,,,,,,0.16666666666666666,0.8,0.9958521563777982,0.8420965094644587
Bull_education_Clarita,17097,0.9745212038303693,0.9739720418786921,67.245469278211,Bull,929.0,9.0,Education,College Laboratory,18546.0,199628.0,30.26719999999989,-97.7430999999998,US/Central,Yes,,Yes,Yes,,,,,,,,,,,,,,,,,,0.16666666666666666,0.9,0.9743839133424501,0.842068739339715
Rat_office_Ronald,17446,0.9944140446876425,1.0,18.31344732461133,Rat,305.0,3.0,Office,Office,802.4,8637.0,38.9035039800032,-77.0053494170663,US/Eastern,Yes,,,,,,,,,,,,,,,,,,,,,0.16666666666666666,0.8,0.9958105335157319,0.8420673734610123
Cockatoo_education_Nelda,16107,0.9180916552667578,1.0,18.84944854333765,Cockatoo,1377.0,15.0,Education,College Laboratory,6930.5,74599.0,42.45983685925793,-76.4852915864667,US/Eastern,Yes,,Yes,Yes,,,,,Education,College/University,,1984.0,,,,,,,,,,0.3333333333333333,0.9,0.9385687414500684,0.841998119015048
Rat_office_Jacinta,17443,0.9942430460556315,1.0,44.05970561632593,Rat,551.0,3.0,Office,Office,2835.9,30525.0,38.9035039800032,-77.0053494170663,US/Eastern,Yes,,,,,,,,,,,,,,,,,,,,,0.16666666666666666,0.8,0.9956822845417237,0.8419775991792066
Eagle_office_Efrain,17485,0.9966370269037848,0.9921647126108093,16.626609741143568,Eagle,1268.0,14.0,Office,Office,3995.5,43007.0,,,US/Eastern,Yes,Yes,Yes,,,,,,,,,,,,,,,,,,,0.16666666666666666,0.8,0.9955189483305409,0.8418632638313785
Cockatoo_education_Charity,16102,0.9178066575467396,1.0,27.238608679764653,Cockatoo,1361.0,15.0,Education,College Laboratory,21726.6,233863.0,42.45983685925793,-76.4852915864667,US/Eastern,Yes,,Yes,Yes,,,,,Education,College/University,,1921.0,,,,,,,,,,0.3333333333333333,0.9,0.9383549931600548,0.8418484952120383
Cockatoo_education_Arlen,16102,0.9178066575467396,0.9999378959135511,21.811356632771904,Cockatoo,1443.0,15.0,Education,College Classroom,3745.0,40311.0,42.45983685925793,-76.4852915864667,US/Eastern,Yes,,,,,,,,Education,College/University,,1913.0,,,,,,,,,,0.3333333333333333,0.9,0.9383394671384425,0.8418376269969098
Cockatoo_education_Helene,16101,0.917749658002736,1.0,18.758760274983487,Cockatoo,1367.0,15.0,Education,College Classroom,3130.4,33695.0,42.45983685925793,-76.4852915864667,US/Eastern,Yes,,Yes,Yes,,,,,Education,College/University,,1948.0,,,,,,,,,,0.3333333333333333,0.9,0.938312243502052,0.8418185704514364
Cockatoo_education_June,16099,0.9176356589147286,1.0,16.38247899941195,Cockatoo,1383.0,15.0,Education,College Laboratory,9811.7,105612.0,42.45983685925793,-76.4852915864667,US/Eastern,Yes,,Yes,Yes,,,,,Education,College/University,,1967.0,,,,,,,,,,0.3333333333333333,0.9,0.9382267441860465,0.8417587209302325
Eagle_education_Alberto,17194,0.9800501595987232,0.9552750959637083,108.99750819664598,Eagle,1298.0,14.0,Education,Research,15894.2,171084.0,,,US/Eastern,Yes,Yes,Yes,Yes,,,,,,,,,,,,,,,,,,0.16666666666666666,0.9,0.9738563936899696,0.8416994755829786
Cockatoo_education_Magdalena,16087,0.916951664386685,0.9999378380058432,4.783214107726015,Cockatoo,1411.0,15.0,Education,College Classroom,846.4,9111.0,42.45983685925793,-76.4852915864667,US/Eastern,Yes,,Yes,,,,,,Education,College/University,,1958.0,,,,,,,,,,0.3333333333333333,0.9,0.9376982077914746,0.8413887454540322
Bull_office_Efren,17513,0.9982330141358869,0.9842402786501456,22.92901580095574,Bull,956.0,9.0,Office,Office,8005.2,86167.0,30.26719999999989,-97.7430999999998,US/Central,Yes,,Yes,Yes,,,,,,,,,,,,,,,,,,0.16666666666666666,0.8,0.9947348302644516,0.8413143811851161
Rat_office_Craig,17420,0.9929320565435477,1.0,58.432245499701416,Rat,318.0,3.0,Office,Office,9754.8,105000.0,38.9035039800032,-77.0053494170663,US/Eastern,Yes,,,,,,,,,,,,,,,,,,,,,0.16666666666666666,0.8,0.9946990424076607,0.8412893296853625
Cockatoo_education_Erik,16082,0.9166666666666666,1.0,27.93582013044157,Cockatoo,1339.0,15.0,Education,College Classroom,13051.8,140488.0,42.45983685925793,-76.4852915864667,US/Eastern,Yes,,Yes,Yes,,,,,Education,College/University,,1961.0,,,,,,,,,,0.3333333333333333,0.9,0.9375,0.84125
Eagle_education_Shana,17194,0.9800501595987232,0.9526579039199721,11.781871435531931,Eagle,1299.0,14.0,Education,Research,2359.8,25401.0,,,US/Eastern,Yes,,Yes,Yes,,,,,,,,,,,,,,,,,,0.16666666666666666,0.9,0.9732020956790355,0.8412414669753249
Cockatoo_education_Julia,16078,0.916438668490652,1.0,7.681064308200269,Cockatoo,1429.0,15.0,Education,College Classroom,3758.9,40461.0,42.45983685925793,-76.4852915864667,US/Eastern,Yes,,,,,,,,Education,College/University,,2002.0,,,,,,,,,,0.3333333333333333,0.9,0.937329001367989,0.8411303009575923
Bobcat_education_Hollis,15240,0.8686730506155951,1.0,25.302890371449976,Bobcat,1023.0,10.0,Education,Academic,8173.2,87976.0,,,US/Mountain,Yes,,,,,,,,,,,,,2.0,0.0,,,,,,,0.5,0.9,0.9015047879616963,0.8410533515731874
Eagle_education_Eileen,17194,0.9800501595987232,0.950913109224148,12.929213785317284,Eagle,1226.0,14.0,Education,Classroom,2600.8,27995.0,,,US/Eastern,Yes,,Yes,Yes,,,,,,,,,,,,,,,,,,0.16666666666666666,0.9,0.9727658970050794,0.8409361279035555
Rat_education_Vicky,16933,0.9651732786137711,0.9953345538297999,72.48709346709302,Rat,492.0,3.0,Education,K-12 School,18004.6,193800.0,38.9035039800032,-77.0053494170663,US/Eastern,Yes,,,,,,,,,,,,,,,,,,,,,0.16666666666666666,0.9,0.9727135974177783,0.8408995181924448
Bull_office_Yvonne,17506,0.9978340173278614,0.9828058951216726,49.23436277783741,Bull,973.0,9.0,Office,Office,18019.5,193960.0,30.26719999999989,-97.7430999999998,US/Central,Yes,,Yes,Yes,,,,,,,,,,,,,,,,,,0.16666666666666666,0.8,0.9940769867763142,0.8408538907434199
Eagle_office_Bridgett,17405,0.9920770633834929,1.0,37.31294001619487,Eagle,1257.0,14.0,Office,Office,5692.5,61274.0,,,US/Eastern,Yes,,,,,,,,,,,,,,,,,,,,,0.16666666666666666,0.8,0.9940577975376197,0.8408404582763338
Bull_office_Debbie,17504,0.9977200182398541,0.981489945155393,11.95501702471541,Bull,992.0,9.0,Office,Office,4782.9,51483.0,30.26719999999989,-97.7430999999998,US/Central,Yes,,Yes,Yes,,,,,,,,,,,,,,,,,,0.16666666666666666,0.8,0.9936624999687388,0.8405637499781171
Eagle_office_Freida,17415,0.9926470588235294,0.9962101636520241,19.38238774740525,Eagle,1248.0,14.0,Office,Office,7246.6,78002.0,,,US/Eastern,Yes,,Yes,Yes,,,,,,,,,,,,,,,,,,0.16666666666666666,0.8,0.9935378350306531,0.8404764845214572
Bull_education_Bernice,17173,0.9788531691746466,0.9517265474873348,70.99546255538849,Bull,961.0,9.0,Education,College Laboratory,14481.9,155882.0,30.26719999999989,-97.7430999999998,US/Central,Yes,,Yes,Yes,,,,,,,,,,,,,,,,,,0.16666666666666666,0.9,0.9720715137528186,0.8404500596269731
Eagle_office_Isidro,17429,0.9934450524395805,0.9935165528716507,11.884059004940797,Eagle,1242.0,14.0,Office,Office,2217.7,23871.0,,,US/Eastern,Yes,Yes,Yes,,,,,,,,,,,,,,,,,,,0.16666666666666666,0.8,0.993462927547598,0.8404240492833186
Eagle_office_Yadira,17409,0.9923050615595075,0.9967258314664829,48.26899829744334,Eagle,1228.0,14.0,Office,Office,15101.3,162549.0,,,US/Eastern,Yes,Yes,Yes,,,,,,,,,,,,,,,,,,,0.16666666666666666,0.8,0.9934102540362513,0.8403871778253759
Cockatoo_education_Rita,16053,0.9150136798905609,1.0,5.532337147630098,Cockatoo,1341.0,15.0,Education,College Laboratory,1704.0,18342.0,42.45983685925793,-76.4852915864667,US/Eastern,Yes,,Yes,Yes,,,,,Education,College/University,,1960.0,,,,,,,,,,0.3333333333333333,0.9,0.9362602599179207,0.8403821819425445
Fox_education_Maris,17540,0.9997720018239854,0.8880843785632839,8.99732210362431,Fox,180.0,2.0,Education,College Classroom,2284.1,24586.0,33.42442530000004,-111.9281403999998,US/Mountain,Yes,,Yes,,,,,,Education,College/University,,,,,,,,,,,,0.16666666666666666,0.9,0.97185009600881,0.840295067206167
Cockatoo_education_Deloris,16049,0.9147856817145463,1.0,8.478908619789678,Cockatoo,1434.0,15.0,Education,College Laboratory,3079.5,33148.0,42.45983685925793,-76.4852915864667,US/Eastern,Yes,,,Yes,,,,,Education,College/University,,1967.0,,,,,,,,,,0.3333333333333333,0.9,0.9360892612859097,0.8402624829001368
Bull_office_Rob,17504,0.9977200182398541,0.9790333638025595,85.2834105148962,Bull,945.0,9.0,Office,Office,30885.3,332447.0,30.26719999999989,-97.7430999999998,US/Central,Yes,,Yes,Yes,,,,,,,,,,,,,,,,,,0.16666666666666666,0.8,0.9930483546305304,0.8401338482413713
Cockatoo_education_Joeann,16043,0.9144436844505244,1.0,178.399322814067,Cockatoo,1437.0,15.0,Education,College Laboratory,10360.4,111518.0,42.45983685925793,-76.4852915864667,US/Eastern,Yes,,,Yes,,,,,Education,College/University,,1968.0,,,,,,,,,,0.3333333333333333,0.9,0.9358327633378933,0.8400829343365254
Eagle_office_Elvis,17387,0.9910510715914272,0.9968367170874791,18.533482986747103,Eagle,1237.0,14.0,Office,Office,3972.1,42755.0,,,US/Eastern,Yes,Yes,Yes,,,,,,,,,,,,,,,,,,,0.16666666666666666,0.8,0.9924974829654403,0.8397482380758081
Bull_office_Ivette,17496,0.9972640218878249,0.977366255144033,6.451083173682888,Bull,985.0,9.0,Office,Office,3229.1,34758.0,30.26719999999989,-97.7430999999998,US/Central,Yes,,,,,,,,,,,,,,,,,,,,,0.16666666666666666,0.8,0.992289580201877,0.8396027061413138
Cockatoo_education_Clifton,16026,0.9134746922024624,1.0,0.13682205469028064,Cockatoo,1384.0,15.0,Education,College Classroom,5292.6,56969.0,42.45983685925793,-76.4852915864667,US/Eastern,Yes,,Yes,Yes,,,,,Education,College/University,,1967.0,,,,,,,,,,0.3333333333333333,0.9,0.9351060191518468,0.8395742134062928
Lamb_office_Kent,17465,0.9954970360237118,0.6962496421414257,0.31083797655395223,Lamb,,5.0,Office,Office,1200.0,12917.0,51.49783804108846,-3.186245571244898,Europe/London,Yes,,,,,,,,Government,"City, County, State",Gas,1919.0,,2.0,,,,,,,,0.5,0.8,0.9206851875531402,0.839479631287198
Eagle_office_Lane,17375,0.9903670770633834,0.9972949640287769,11.942389797452647,Eagle,1246.0,14.0,Office,Office,4675.5,50327.0,,,US/Eastern,Yes,Yes,Yes,,,,,,,,,,,,,,,,,,,0.16666666666666666,0.8,0.9920990488047319,0.8394693341633123
Eagle_office_Francis,17359,0.9894550843593252,1.0,35.162525434606145,Eagle,1249.0,14.0,Office,Office,14807.3,159384.0,,,US/Eastern,Yes,Yes,Yes,Yes,,,,,,,,,,,,,,,,,,0.16666666666666666,0.8,0.9920913132694938,0.8394639192886457
Eagle_office_Sonya,17356,0.9892840857273142,1.0,34.94131128452522,Eagle,1323.0,14.0,Office,Office,8101.1,87200.0,,,US/Eastern,Yes,Yes,Yes,,,,,,,,,,,,,,,,,,,0.16666666666666666,0.8,0.9919630642954856,0.8393741450068399
Eagle_office_Jackie,17355,0.9892270861833106,1.0,15.2310940093511,Eagle,1236.0,14.0,Office,Office,5737.3,61756.0,,,US/Eastern,Yes,Yes,Yes,,,,,,,,,,,,,,,,,,,0.16666666666666666,0.8,0.9919203146374829,0.839344220246238
Rat_office_Arron,17353,0.9891130870953032,1.0,20.824277534234618,Rat,468.0,3.0,Office,Office,3716.1,40000.0,38.9035039800032,-77.0053494170663,US/Eastern,Yes,,,,,,,,,,,,,,,,,,,,,0.16666666666666666,0.8,0.9918348153214774,0.8392843707250341
Cockatoo_education_Flora,16014,0.9127906976744186,1.0,43.0672004136122,Cockatoo,1350.0,15.0,Education,College Laboratory,13913.3,149762.0,42.45983685925793,-76.4852915864667,US/Eastern,Yes,,Yes,Yes,,,,,Education,College/University,,2004.0,,,,,,,,,,0.3333333333333333,0.9,0.934593023255814,0.8392151162790698
Eagle_office_Patrice,17347,0.9887710898312814,1.0,23.898491021343535,Eagle,1238.0,14.0,Office,Office,12050.2,129707.0,,,US/Eastern,Yes,,Yes,Yes,,,,,,,,,,,,,,,,,,0.16666666666666666,0.8,0.991578317373461,0.8391048221614227
Bull_office_Myron,17453,0.9948130414956681,0.9812639660803301,18.618676555217633,Bull,910.0,9.0,Office,Office,5583.1,60096.0,30.26719999999989,-97.7430999999998,US/Central,Yes,,Yes,Yes,,,,,,,,,,,,,,,,,,0.16666666666666666,0.8,0.9914257726418336,0.8389980408492835
Fox_office_Berniece,17349,0.9888850889192886,0.9990201164332239,13.47639720213346,Fox,178.0,2.0,Office,Office,2173.2,23392.0,33.42442530000004,-111.9281403999998,US/Mountain,Yes,,Yes,,,,,,Education,College/University,,,,,,,,,,,,0.16666666666666666,0.8,0.9914188457977724,0.8389931920584407
Bull_office_Chantel,17487,0.9967510259917921,0.9752387487848115,40.42315454324362,Bull,951.0,9.0,Office,Office,9654.9,103924.0,30.26719999999989,-97.7430999999998,US/Central,Yes,,Yes,Yes,,,,,,,,,,,,,,,,,,0.16666666666666666,0.8,0.991372956690047,0.8389610696830329
Shrew_office_Nora,17544,1.0,0.5348837209302325,102.12380321649094,Shrew,,,Office,Office,10203.0,109824.0,51.49984,-0.124663,Europe/London,Yes,,,,,,,Yes,Government,Other Government Buildings,Gas,1906.0,,9.0,393.0,,,,,,F,0.6666666666666666,0.8,0.8837209302325582,0.8386046511627906
Shrew_office_Sherill,17544,1.0,0.5348837209302325,172.5458020283842,Shrew,,,Office,Office,18098.0,194805.0,51.49984,-0.124663,Europe/London,Yes,,,,,,,,Government,Other Government Buildings,Gas,2000.0,,10.0,721.0,,,,,,E,0.6666666666666666,0.8,0.8837209302325582,0.8386046511627906
Shrew_office_Lin,17544,1.0,0.5347697218422253,199.03521447965966,Shrew,,,Office,Office,13995.0,150641.0,51.49984,-0.124663,Europe/London,Yes,,,,,,,,Government,Other Government Buildings,Gas,1915.0,,10.0,818.0,,,,,,E,0.6666666666666666,0.8,0.8836924304605563,0.8385847013223894
Bull_office_Sally,17442,0.9941860465116279,0.9797041623667011,33.23827245028234,Bull,990.0,9.0,Office,Office,7705.3,82939.0,30.26719999999989,-97.7430999999998,US/Central,Yes,,Yes,,,,,,,,,,,,,,,,,,,0.16666666666666666,0.8,0.9905655754753961,0.8383959028327773
Cockatoo_education_Lionel,15986,0.9111947104423165,1.0,39.21135566511062,Cockatoo,1344.0,15.0,Education,College Laboratory,11660.0,125507.0,42.45983685925793,-76.4852915864667,US/Eastern,Yes,,Yes,Yes,,,,,Education,College/University,,1974.0,,,,,,,,,,0.3333333333333333,0.9,0.9333960328317373,0.8383772229822162
Shrew_office_Kenneth,17544,1.0,0.533515731874145,17.220627649778844,Shrew,,,Office,Office,1719.0,18503.0,51.49984,-0.124663,Europe/London,Yes,,,,,,,,Government,Other Government Buildings,Electricity,1937.0,,7.0,97.0,,,,,,F,0.6666666666666666,0.8,0.8833789329685362,0.8383652530779753
Shrew_office_Katherine,17544,1.0,0.533515731874145,29.264458252370538,Shrew,,,Office,Office,3410.0,36705.0,51.49984,-0.124663,Europe/London,Yes,,,,,,,,Government,Other Government Buildings,Gas,1902.0,,7.0,264.0,,,,,,E,0.6666666666666666,0.8,0.8833789329685362,0.8383652530779753
Shrew_office_Doug,17544,1.0,0.5330027359781122,39.72966445737592,Shrew,,,Office,Office,5630.0,60601.0,51.49984,-0.124663,Europe/London,Yes,,,,,,,Yes,Government,Other Government Buildings,Gas,1906.0,,10.0,283.0,,,,,,E,0.6666666666666666,0.8,0.883250683994528,0.8382754787961695
Bull_education_Jeffery,17183,0.979423164614683,0.9370889832974452,136.77473389966775,Bull,904.0,9.0,Education,College Laboratory,2783.5,29961.0,30.26719999999989,-97.7430999999998,US/Central,Yes,,,,,,,,,,,,,,,,,,,,,0.16666666666666666,0.9,0.9688396192853737,0.8381877334997615
Fox_office_Easter,17317,0.9870611035111719,0.9996535196627592,10.338700587962762,Fox,270.0,2.0,Office,Office,2766.5,29778.0,33.42442530000004,-111.9281403999998,US/Mountain,Yes,,Yes,,,,,,Education,College/University,,,,,,,,,,,,0.16666666666666666,0.8,0.9902092075490687,0.8381464452843481
Bobcat_education_Whitney,15159,0.8640560875512996,0.9970974338676694,155.84841323720062,Bobcat,1004.0,10.0,Education,Academic,6957.1,74886.0,,,US/Mountain,Yes,,Yes,,Yes,,,,,,,,,2.0,0.0,,,,,,,0.5,0.9,0.897316424130392,0.8381214968912744
Eagle_office_Ryan,17329,0.9877450980392157,0.9969992498124531,7.765253594499927,Eagle,1230.0,14.0,Office,Office,2092.5,22524.0,,,US/Eastern,Yes,Yes,Yes,,,,,,,,,,,,,,,,,,,0.16666666666666666,0.8,0.9900586359825251,0.8380410451877676
Rat_office_Ramiro,17309,0.9866051071591427,1.0,12.65081912302326,Rat,558.0,3.0,Office,Office,8297.6,89315.0,38.9035039800032,-77.0053494170663,US/Eastern,Yes,,,,,,,,,,,,,,,,,,,,,0.16666666666666666,0.8,0.989953830369357,0.8379676812585499
Fox_office_Gaylord,17357,0.9893410852713178,0.9913003399204932,78.75553589480967,Fox,278.0,2.0,Office,Office,13759.0,148101.0,33.42442530000004,-111.9281403999998,US/Mountain,Yes,,,,,,,,Education,College/University,,,,,,,,,,,,0.16666666666666666,0.8,0.9898308989336118,0.8378816292535282
Peacock_office_Major,17293,0.9856931144550843,1.0,26.026986881385128,Peacock,767.0,6.0,Office,Office,6507.1,70042.0,40.349999999999966,-74.69999999999995,US/Eastern,Yes,,Yes,Yes,,,,,Education,College/University,,,,,,,,,,,,0.16666666666666666,0.8,0.9892698358413132,0.8374888850889193
Cockatoo_education_Jon,15956,0.909484724122207,1.0,39.16469184385123,Cockatoo,1362.0,15.0,Education,Student Union,10589.8,113988.0,42.45983685925793,-76.4852915864667,US/Eastern,Yes,,Yes,,,,,,Education,College/University,,1923.0,,,,,,,,,,0.3333333333333333,0.9,0.9321135430916553,0.8374794801641587
Lamb_office_Kerry,17194,0.9800501595987232,0.5874142142607887,1.0652136143764717,Lamb,691.0,5.0,Office,Office,3962.0,42647.0,51.49783804108846,-3.186245571244898,Europe/London,Yes,,,,,,,,Government,"City, County, State",Gas,1976.0,,1.0,40.0,,,,,,C,0.6666666666666666,0.8,0.8818911732642396,0.8373238212849676
Cockatoo_education_Jack,15939,0.908515731874145,1.0,2.6407274699063397,Cockatoo,1338.0,15.0,Education,College Classroom,2918.5,31415.0,42.45983685925793,-76.4852915864667,US/Eastern,Yes,,,Yes,,,,,Education,College/University,,1912.0,,,,,,,,,,0.3333333333333333,0.9,0.9313867989056088,0.8369707592339262
Rat_education_Barbara,17119,0.9757751937984496,0.9334657398212513,1.3052390412703196,Rat,314.0,3.0,Education,K-12 School,20903.2,225000.0,38.9035039800032,-77.0053494170663,US/Eastern,Yes,,,,,,,,,,,,,,,,,,,,,0.16666666666666666,0.9,0.96519783030415,0.835638481212905
Bull_office_Lilla,17229,0.9820451436388509,1.0,75.51358248353117,Bull,874.0,9.0,Office,Office,16890.2,181805.0,30.26719999999989,-97.7430999999998,US/Central,Yes,,Yes,,,,,,,,,,,,,,,,,,,0.16666666666666666,0.8,0.9865338577291382,0.8355737004103967
Rat_education_Francisca,16719,0.9529753761969905,1.0,28.032419857502816,Rat,339.0,3.0,Education,K-12 School,6605.4,71100.0,38.9035039800032,-77.0053494170663,US/Eastern,Yes,,,,,,,,,,,,,,,,,,,,,0.16666666666666666,0.9,0.9647315321477429,0.83531207250342
Cockatoo_education_Terrence,15875,0.9048677610579116,1.0,44.1468499107759,Cockatoo,1380.0,15.0,Education,College Laboratory,18954.9,204029.0,42.45983685925793,-76.4852915864667,US/Eastern,Yes,,Yes,,,,,,Education,College/University,,2010.0,,,,,,,,,,0.3333333333333333,0.9,0.9286508207934336,0.8350555745554036
Eagle_office_Donovan,17226,0.9818741450068399,0.9973296180192732,26.31220206480433,Eagle,1260.0,14.0,Office,Office,8031.9,86455.0,,,US/Eastern,Yes,Yes,Yes,,,,,,,,,,,,,,,,,,,0.16666666666666666,0.8,0.9857380132599483,0.8350166092819638
Bull_office_Claudia,17208,0.9808481532147743,1.0,2.3883142095000034,Bull,988.0,9.0,Office,Office,2272.7,24463.0,30.26719999999989,-97.7430999999998,US/Central,Yes,,,,,,,,,,,,,,,,,,,,,0.16666666666666666,0.8,0.9856361149110807,0.8349452804377565
Bull_office_Ella,17197,0.9802211582307342,1.0,10.6137032932568,Bull,977.0,9.0,Office,Office,821.0,8837.0,30.26719999999989,-97.7430999999998,US/Central,Yes,,,,,,,,,,,,,,,,,,,,,0.16666666666666666,0.8,0.9851658686730507,0.8346161080711354
Eagle_office_Randolph,17194,0.9800501595987232,1.0,34.96560548615089,Eagle,1262.0,14.0,Office,Office,6038.7,65000.0,,,US/Eastern,Yes,Yes,Yes,,,,,,,,,,,,,,,,,,,0.16666666666666666,0.8,0.9850376196990425,0.8345263337893297
Wolf_office_Darleen,17193,0.9799931600547196,1.0,19.050070058753764,Wolf,1036.0,12.0,Office,Office,5036.0,54207.0,53.34979999999997,6.2603,Europe/Dublin,Yes,,,,,,,,Education,College/University,,,,,,,,,,,,0.16666666666666666,0.8,0.9849948700410397,0.8344964090287278
Wolf_office_Haydee,17193,0.9799931600547196,0.9999418367940441,5.298677199043534,Wolf,1065.0,12.0,Office,Office,1129.0,12152.0,53.34979999999997,6.2603,Europe/Dublin,Yes,,,,,,,,Education,College/University,,,,,,,,,,,,0.16666666666666666,0.8,0.9849803292395507,0.8344862304676854
Wolf_office_Emanuel,17193,0.9799931600547196,0.9998836735880882,6.160712906178559,Wolf,1053.0,12.0,Office,Office,2005.0,21582.0,53.34979999999997,6.2603,Europe/Dublin,Yes,,,,,,,,Education,College/University,,,,,,,,,,,,0.16666666666666666,0.8,0.9849657884380617,0.8344760519066432
Wolf_office_Nadia,17191,0.9798791609667122,1.0,22.449959324849765,Wolf,1042.0,12.0,Office,Office,2745.0,29547.0,53.34979999999997,6.2603,Europe/Dublin,Yes,,,,,,,,Education,College/University,,,,,,,,,,,,0.16666666666666666,0.8,0.9849093707250342,0.8344365595075239
Wolf_office_Rochelle,17191,0.9798791609667122,0.9997673201093595,8.901221088383533,Wolf,1045.0,12.0,Office,Office,3115.0,33530.0,53.34979999999997,6.2603,Europe/Dublin,Yes,,,,Yes,,,Yes,Education,College/University,,,,,,,,,,,,0.16666666666666666,0.8,0.984851200752374,0.8343958405266617
Eagle_office_Sheree,17194,0.9800501595987232,0.998720483889729,17.92782980842721,Eagle,1239.0,14.0,Office,Office,2907.9,31300.0,,,US/Eastern,Yes,,Yes,Yes,,,,,,,,,,,,,,,,,,0.16666666666666666,0.8,0.9847177406714747,0.8343024184700323
Bobcat_education_Dylan,15024,0.8563611491108071,0.9980031948881789,38.3883951338119,Bobcat,1018.0,10.0,Education,Student Center,17358.0,186840.0,,,US/Mountain,Yes,Yes,Yes,,Yes,,Yes,,,,,,,2.0,0.0,,,,,,,0.5,0.9,0.89177166055515,0.8342401623886049
Eagle_office_Demetra,17194,0.9800501595987232,0.9973246481330696,60.65431561125216,Eagle,1273.0,14.0,Office,Office,9670.2,104089.0,,,US/Eastern,Yes,Yes,Yes,,,,,,,,,,,,,,,,,,,0.16666666666666666,0.8,0.9843687817323099,0.834058147212617
Cockatoo_education_Marva,15835,0.9025877792977656,1.0,59.857097077116364,Cockatoo,1438.0,15.0,Education,College Classroom,10123.7,108971.0,42.45983685925793,-76.4852915864667,US/Eastern,Yes,,,Yes,,,,,Education,College/University,,1990.0,,,,,,,,,,0.3333333333333333,0.9,0.9269408344733242,0.833858584131327
Bull_office_Nicolas,17203,0.980563155494756,0.9933732488519444,5.133926829522558,Bull,930.0,9.0,Office,Office,1943.3,20917.0,30.26719999999989,-97.7430999999998,US/Central,Yes,,,,,,,,,,,,,,,,,,,,,0.16666666666666666,0.8,0.9837656788340532,0.8336359751838373
Bull_office_Anne,17163,0.9782831737346102,1.0,2.4445438061966374,Bull,935.0,9.0,Office,Office,1499.0,16135.0,30.26719999999989,-97.7430999999998,US/Central,Yes,,Yes,,,,,,,,,,,,,,,,,,,0.16666666666666666,0.8,0.9837123803009576,0.8335986662106704
Cockatoo_education_Orlando,15819,0.9016757865937073,1.0,43.5337413012173,Cockatoo,1331.0,15.0,Education,College Laboratory,15887.2,171008.0,42.45983685925793,-76.4852915864667,US/Eastern,Yes,Yes,Yes,Yes,,,,,Education,College/University,,1930.0,,,,,,,,,,0.3333333333333333,0.9,0.9262568399452804,0.8333797879616963
Rat_office_Mei,17153,0.9777131782945736,1.0,5.305738910906132,Rat,522.0,3.0,Office,Office,743.2,8000.0,38.9035039800032,-77.0053494170663,US/Eastern,Yes,,,,,,,,,,,,,,,,,,,,,0.16666666666666666,0.8,0.9832848837209303,0.8332994186046512
Rat_office_Annis,17143,0.9771431828545372,1.0,10.736498006105153,Rat,465.0,3.0,Office,Office,594.6,6400.0,38.9035039800032,-77.0053494170663,US/Eastern,Yes,,,,,,,,,,,,,,,,,,,,,0.16666666666666666,0.8,0.9828573871409029,0.833000170998632
Eagle_office_Jeff,17194,0.9800501595987232,0.9912760265208794,13.839972978482928,Eagle,1274.0,14.0,Office,Office,1586.5,17077.0,,,US/Eastern,Yes,Yes,Yes,,,,,,,,,,,,,,,,,,,0.16666666666666666,0.8,0.9828566263292623,0.8329996384304836
Cockatoo_education_Laurence,15796,0.9003647970816233,1.0,32.32161111565511,Cockatoo,1332.0,15.0,Education,College Classroom,4403.4,47398.0,42.45983685925793,-76.4852915864667,US/Eastern,Yes,,Yes,Yes,,,,,Education,College/University,,1912.0,,,,,,,,,,0.3333333333333333,0.9,0.9252735978112174,0.8326915184678522
Cockatoo_education_Melanie,15793,0.9001937984496124,0.9999366808079528,9.579538947327837,Cockatoo,1346.0,15.0,Education,College Classroom,3240.0,34875.0,42.45983685925793,-76.4852915864667,US/Eastern,Yes,,,Yes,,,,,Education,College/University,,1993.0,,,,,,,,,,0.3333333333333333,0.9,0.9251295190391975,0.8325906633274383
Bull_office_Hilton,17160,0.9781121751025992,0.9944638694638694,1.2185675589617397,Bull,877.0,9.0,Office,Office,743.6,8004.0,30.26719999999989,-97.7430999999998,US/Central,Yes,,,,,,,,,,,,,,,,,,,,,0.16666666666666666,0.8,0.9822000986929167,0.8325400690850416
Eagle_office_Elia,17194,0.9800501595987232,0.978422705594975,55.21051239916301,Eagle,1279.0,14.0,Office,Office,6014.8,64743.0,,,US/Eastern,Yes,,,,,,,,,,,,,,,,,,,,,0.16666666666666666,0.8,0.9796432960977862,0.8307503072684503
Eagle_office_Elias,17194,0.9800501595987232,0.975456554612074,25.140598633362693,Eagle,1276.0,14.0,Office,Office,5003.8,53860.0,,,US/Eastern,Yes,Yes,Yes,,,,,,,,,,,,,,,,,,,0.16666666666666666,0.8,0.978901758352061,0.8302312308464427
Eagle_office_Damian,17194,0.9800501595987232,0.975456554612074,53.28996414042545,Eagle,1275.0,14.0,Office,Office,10606.4,114166.0,,,US/Eastern,Yes,Yes,Yes,,,,,,,,,,,,,,,,,,,0.16666666666666666,0.8,0.978901758352061,0.8302312308464427
Bull_office_Marco,17509,0.9980050159598723,0.9196413273173797,23.55536153289286,Bull,986.0,9.0,Office,Office,3165.4,34072.0,30.26719999999989,-97.7430999999998,US/Central,Yes,,,,,,,,,,,,,,,,,,,,,0.16666666666666666,0.8,0.9784140937992492,0.8298898656594744
Crow_education_Winston,16536,0.9425444596443229,1.0,124.80047986017102,Crow,1031.0,11.0,Education,Academic,8659.1,93206.0,45.3876,-75.696,US/Eastern,Yes,Yes,Yes,,,,,,Education,College/University,,,,,,,,,,,,0.16666666666666666,0.9,0.9569083447332422,0.8298358413132695
Eagle_office_Chantelle,17385,0.99093707250342,0.9363819384526891,12.16637710760624,Eagle,1255.0,14.0,Office,Office,2202.0,23702.0,,,US/Eastern,Yes,Yes,Yes,,,,,,,,,,,,,,,,,,,0.16666666666666666,0.8,0.9772982889907373,0.8291088022935161
Fox_office_Juana,17010,0.969562243502052,0.9998824221046443,7.91389703500899,Fox,282.0,2.0,Office,Office,2671.0,28750.0,33.42442530000004,-111.9281403999998,US/Mountain,Yes,,Yes,,,,,,Education,College/University,,,,,,,,,,,,0.16666666666666666,0.8,0.9771422881527001,0.82899960170689
Eagle_office_Lillian,17194,0.9800501595987232,0.9667907409561475,36.328260234625105,Eagle,1223.0,14.0,Office,Office,4844.1,52141.0,,,US/Eastern,Yes,Yes,Yes,,,,,,,,,,,,,,,,,,,0.16666666666666666,0.8,0.9767353049380794,0.8287147134566555
Shrew_office_Rose,17544,1.0,0.6194140446876425,5.927764737057905,Shrew,,,Office,Office,1058.0,11388.0,51.49984,-0.124663,Europe/London,Yes,,,,,,,Yes,Government,Other Government Buildings,Gas,,,5.0,46.0,,,,,,E,0.5,0.8,0.9048535111719106,0.8283974578203374
Cockatoo_office_Paige,16119,0.9187756497948016,1.0,23.959614437049897,Cockatoo,1334.0,15.0,Office,Office,12151.2,130794.0,42.45983685925793,-76.4852915864667,US/Eastern,Yes,,Yes,Yes,,,,,Education,College/University,,1933.0,,,,,,,,,,0.3333333333333333,0.8,0.9390817373461012,0.8273572161422709
Cockatoo_office_Rodney,16119,0.9187756497948016,1.0,38.56875794160757,Cockatoo,1326.0,15.0,Office,Office,4364.7,46981.0,42.45983685925793,-76.4852915864667,US/Eastern,Yes,,Yes,Yes,,,,,Education,College/University,,1962.0,,,,,,,,,,0.3333333333333333,0.8,0.9390817373461012,0.8273572161422709
Cockatoo_office_Delores,16119,0.9187756497948016,1.0,15.795908087368739,Cockatoo,1381.0,15.0,Office,Office,7861.0,84615.0,42.45983685925793,-76.4852915864667,US/Eastern,Yes,,Yes,Yes,,,,,Education,College/University,,1963.0,,,,,,,,,,0.3333333333333333,0.8,0.9390817373461012,0.8273572161422709
Cockatoo_office_Georgia,16117,0.9186616507067944,1.0,41.28338282483287,Cockatoo,1363.0,15.0,Office,Office,14672.4,157933.0,42.45983685925793,-76.4852915864667,US/Eastern,Yes,,Yes,Yes,,,,,Education,College/University,,1932.0,,,,,,,,,,0.3333333333333333,0.8,0.9389962380300958,0.827297366621067
Eagle_office_Katheleen,17194,0.9800501595987232,0.9584157264161917,41.16023913931375,Eagle,1277.0,14.0,Office,Office,4202.9,45240.0,,,US/Eastern,Yes,,,,,,,,,,,,,,,,,,,,,0.16666666666666666,0.8,0.9746415513030904,0.8272490859121633
Cockatoo_office_Kristin,16112,0.9183766529867761,1.0,13.220788440619586,Cockatoo,1379.0,15.0,Office,Office,4603.6,49553.0,42.45983685925793,-76.4852915864667,US/Eastern,Yes,,Yes,Yes,,,,,Education,College/University,,1963.0,,,,,,,,,,0.3333333333333333,0.8,0.938782489740082,0.8271477428180575
Cockatoo_office_Laila,16109,0.9182056543547652,1.0,26.989732560134918,Cockatoo,1343.0,15.0,Office,Office,10254.6,110380.0,42.45983685925793,-76.4852915864667,US/Eastern,Yes,,Yes,Yes,,,,,Education,College/University,,1985.0,,,,,,,,,,0.3333333333333333,0.8,0.9386542407660738,0.8270579685362517
Cockatoo_office_Christy,16108,0.9181486548107615,1.0,36.09156177394969,Cockatoo,1387.0,15.0,Office,Office,17376.7,187041.0,42.45983685925793,-76.4852915864667,US/Eastern,Yes,,,Yes,,,,,Education,College/University,,1973.0,,,,,,,,,,0.3333333333333333,0.8,0.9386114911080711,0.8270280437756498
Cockatoo_office_Pansy,16107,0.9180916552667578,1.0,20.110002437671625,Cockatoo,1366.0,15.0,Office,Office,8173.3,87977.0,42.45983685925793,-76.4852915864667,US/Eastern,Yes,,Yes,Yes,,,,,Education,College/University,,1947.0,,,,,,,,,,0.3333333333333333,0.8,0.9385687414500684,0.8269981190150479
Eagle_education_Sheena,17194,0.9800501595987232,0.8708270326858206,13.14603517980487,Eagle,1234.0,14.0,Education,Classroom,4277.0,46037.0,,,US/Eastern,Yes,Yes,Yes,,,,,,,,,,,,,,,,,,,0.16666666666666666,0.9,0.9527443778704976,0.8269210645093483
Eagle_education_Paul,17194,0.9800501595987232,0.8708270326858206,12.319741200384168,Eagle,1233.0,14.0,Education,Classroom,4008.1,43143.0,,,US/Eastern,Yes,Yes,Yes,,,,,,,,,,,,,,,,,,,0.16666666666666666,0.9,0.9527443778704976,0.8269210645093483
Eagle_office_Chauncey,17194,0.9800501595987232,0.956031173665232,141.02508784415312,Eagle,1291.0,14.0,Office,Office,22068.7,237546.0,,,US/Eastern,Yes,,Yes,Yes,,,,,,,,,,,,,,,,,,0.16666666666666666,0.8,0.9740454131153504,0.8268317891807453
Cockatoo_office_Margaret,16099,0.9176356589147286,1.0,0.8233138389207503,Cockatoo,1448.0,15.0,Office,Office,8572.3,92271.0,42.45983685925793,-76.4852915864667,US/Eastern,Yes,,,,,,,,Education,College/University,,2001.0,,,,,,,,,,0.3333333333333333,0.8,0.9382267441860465,0.8267587209302325
Eagle_office_Nereida,17194,0.9800501595987232,0.9553914156100966,45.903432655329794,Eagle,1295.0,14.0,Office,Office,10746.6,115676.0,,,US/Eastern,Yes,Yes,Yes,Yes,,,,,,,,,,,,,,,,,,0.16666666666666666,0.8,0.9738854736015666,0.8267198315210966
Cockatoo_office_Jimmy,16096,0.9174646602827178,1.0,6.167813717854292,Cockatoo,1337.0,15.0,Office,Office,1369.8,14744.0,42.45983685925793,-76.4852915864667,US/Eastern,Yes,,Yes,Yes,,,,,Education,College/University,,1910.0,,,,,,,,,,0.3333333333333333,0.8,0.9380984952120384,0.8266689466484268
Cockatoo_education_Amira,15593,0.8887938896488828,1.0,12.812017257629849,Cockatoo,1428.0,15.0,Education,College Laboratory,2641.4,28432.0,42.45983685925793,-76.4852915864667,US/Eastern,Yes,,,,,,,,Education,College/University,,1933.0,,,,,,,,,,0.3333333333333333,0.9,0.9165954172366622,0.8266167920656635
Eagle_office_Norbert,17194,0.9800501595987232,0.9538211003838548,33.86266138515485,Eagle,1292.0,14.0,Office,Office,5406.6,58196.0,,,US/Eastern,Yes,,Yes,Yes,,,,,,,,,,,,,,,,,,0.16666666666666666,0.8,0.9734928947950061,0.8264450263565043
Rat_education_Tristan,15587,0.8884518923848609,1.0,12.112552656383388,Rat,,3.0,Education,K-12 School,10228.6,110100.0,38.9035039800032,-77.0053494170663,US/Eastern,Yes,,,,,,,,,,,1907.0,,,,,,,,,,0.3333333333333333,0.9,0.9163389192886456,0.8264372435020519
Eagle_office_Amanda,17194,0.9800501595987232,0.9531813423287193,86.81137744810331,Eagle,1304.0,14.0,Office,Office,8487.9,91363.0,,,US/Eastern,Yes,,,,,,,,,,,,,,,,,,,,,0.16666666666666666,0.8,0.9733329552812223,0.8263330686968556
Eagle_office_Remedios,17194,0.9800501595987232,0.9531231825055252,23.540822940070672,Eagle,1293.0,14.0,Office,Office,4781.8,51471.0,,,US/Eastern,Yes,Yes,Yes,Yes,,,,,,,,,,,,,,,,,,0.16666666666666666,0.8,0.9733184153254237,0.8263228907277966
Eagle_office_Mandi,17194,0.9800501595987232,0.9526579039199721,4.098469926680721,Eagle,1296.0,14.0,Office,Office,820.9,8836.0,,,US/Eastern,Yes,Yes,Yes,Yes,,,,,,,,,,,,,,,,,,0.16666666666666666,0.8,0.9732020956790355,0.8262414669753249
Eagle_office_Phyllis,17194,0.9800501595987232,0.9526579039199721,9.958055617239896,Eagle,1297.0,14.0,Office,Office,1994.5,21469.0,,,US/Eastern,Yes,Yes,Yes,Yes,,,,,,,,,,,,,,,,,,0.16666666666666666,0.8,0.9732020956790355,0.8262414669753249
Gator_office_August,15264,0.8700410396716827,0.9968553459119497,19.1300609685944,Gator,855.0,8.0,Office,Office,4487.2,48300.0,,,US/Eastern,Yes,,,,,,,,,,,,,1.0,100.0,,,,,,,0.5,0.8,0.9017446162317495,0.8262212313622246
Cockatoo_office_Giovanni,16081,0.916609667122663,1.0,25.95394437584361,Cockatoo,1375.0,15.0,Office,Office,10710.6,115288.0,42.45983685925793,-76.4852915864667,US/Eastern,Yes,,Yes,Yes,,,,,Education,College/University,,1957.0,,,,,,,,,,0.3333333333333333,0.8,0.9374572503419972,0.8262200752393981
Eagle_office_Lamont,17194,0.9800501595987232,0.9524834244503897,9.839835430571473,Eagle,1294.0,14.0,Office,Office,1453.8,15649.0,,,US/Eastern,Yes,Yes,Yes,Yes,,,,,,,,,,,,,,,,,,0.16666666666666666,0.8,0.9731584758116398,0.8262109330681479
Eagle_office_Flossie,17194,0.9800501595987232,0.9524252646271956,44.46680019043111,Eagle,1261.0,14.0,Office,Office,3989.4,42942.0,,,US/Eastern,Yes,,,,,,,,,,,,,,,,,,,,,0.16666666666666666,0.8,0.9731439358558414,0.826200755099089
Fox_education_Shaun,17193,0.9799931600547196,0.8668062583609608,43.24376560963684,Fox,258.0,2.0,Education,College Classroom,6616.9,71224.0,33.42442530000004,-111.9281403999998,US/Mountain,Yes,,Yes,,,,,,Education,College/University,,,,,,,,,,,,0.16666666666666666,0.9,0.95169643463128,0.8261875042418959
Cockatoo_office_Jodie,16077,0.9163816689466484,1.0,11.66804636316685,Cockatoo,1336.0,15.0,Office,Office,2884.9,31053.0,42.45983685925793,-76.4852915864667,US/Eastern,Yes,,Yes,Yes,,,,,Education,College/University,,1915.0,,,,,,,,,,0.3333333333333333,0.8,0.9372862517099863,0.8261003761969904
Eagle_office_Marisela,17193,0.9799931600547196,0.951550049438725,42.138383809799464,Eagle,1302.0,14.0,Office,Office,8399.5,90411.0,,,US/Eastern,Yes,Yes,Yes,,,,,,,,,,,,,,,,,,,0.16666666666666666,0.8,0.9728823824007209,0.8260176676805046
Eagle_office_Tia,17194,0.9800501595987232,0.950913109224148,56.68902416350009,Eagle,1225.0,14.0,Office,Office,11403.5,122746.0,,,US/Eastern,Yes,,Yes,Yes,,,,,,,,,,,,,,,,,,0.16666666666666666,0.8,0.9727658970050794,0.8259361279035555
Cockatoo_office_Lorraine,16053,0.9150136798905609,1.0,2.263466313860813,Cockatoo,1410.0,15.0,Office,Office,1070.6,11524.0,42.45983685925793,-76.4852915864667,US/Eastern,Yes,,Yes,,,,,,Education,College/University,,1994.0,,,,,,,,,,0.3333333333333333,0.8,0.9362602599179207,0.8253821819425445
Bull_education_Annette,17520,0.9986320109439124,0.7896689497716894,67.77813498617863,Bull,886.0,9.0,Education,College Laboratory,6484.5,69799.0,30.26719999999989,-97.7430999999998,US/Central,Yes,,Yes,Yes,,,,,,,,,,,,,,,,,,0.16666666666666666,0.9,0.9463912456508567,0.8224738719555997
Crow_education_Omer,16278,0.9278385772913816,1.0,116.35783872345405,Crow,1032.0,11.0,Education,Academic,11857.4,127632.0,45.3876,-75.696,US/Eastern,Yes,Yes,Yes,,,,,,Education,College/University,,,,,,,,,,,,0.16666666666666666,0.9,0.9458789329685362,0.8221152530779753
Crow_education_Keisha,16271,0.9274395804833562,1.0,51.56751760827155,Crow,1029.0,11.0,Education,Academic,14173.2,152559.0,45.3876,-75.696,US/Eastern,Yes,Yes,Yes,,,,,,Education,College/University,,,,,,,,,,,,0.16666666666666666,0.9,0.9455796853625171,0.821905779753762
Bear_education_Deborah,17359,0.9894550843593252,0.5170804769860015,0.8960391814616449,Bear,590.0,4.0,Education,Education,791.2,8516.0,37.87190340000004,-122.26072860000008,US/Pacific,Yes,,,,,,,,,,,1920.0,,2.0,,,,,,,,0.5,0.9,0.8713614325159942,0.8199530027611959
Cockatoo_education_Mayra,16104,0.9179206566347469,0.870715350223547,32.28573504348143,Cockatoo,1359.0,15.0,Education,College Classroom,11546.8,124289.0,42.45983685925793,-76.4852915864667,US/Eastern,Yes,,Yes,Yes,,,,,Education,College/University,,1904.0,,,,,,,,,,0.3333333333333333,0.9,0.9061193300319468,0.8192835310223627
Eagle_education_Jewell,16207,0.9237916096671227,0.9900043191213673,38.6651160731222,Eagle,1232.0,14.0,Education,Research,16845.9,181328.0,,,US/Eastern,Yes,Yes,Yes,Yes,,,,,,,,,,,,,,,,,,0.16666666666666666,0.9,0.9403447870306839,0.8182413509214788
Moose_education_Diane,16919,0.9643752849977201,0.5795259767125717,746.7968256510858,Moose,803.0,7.0,Education,College Classroom,16999.9,182986.0,45.4215,-75.6972,US/Eastern,Yes,,Yes,Yes,,,,,Education,College/University,,1962.0,,3.0,,,,,,,,0.5,0.9,0.8681629579264329,0.817714070548503
Cockatoo_office_Gail,15792,0.9001367989056087,0.9998733535967579,7.714489459479825,Cockatoo,1333.0,15.0,Office,Office,2909.4,31316.0,42.45983685925793,-76.4852915864667,US/Eastern,Yes,,Yes,,,,,,Education,College/University,,1913.0,,,,,,,,,,0.3333333333333333,0.8,0.9250709375783961,0.8175496563048773
Cockatoo_education_Shawn,16119,0.9187756497948016,1.0,28.75862473935637,Cockatoo,1421.0,15.0,Education,College Classroom,4453.2,47934.0,42.45983685925793,-76.4852915864667,US/Eastern,Yes,,,Yes,,,,,Education,College/University,,,,,,,,,,,,0.16666666666666666,0.9,0.9390817373461012,0.8173572161422709
Cockatoo_education_Doreen,16119,0.9187756497948016,1.0,16.926758656371476,Cockatoo,1356.0,15.0,Education,College Classroom,8477.7,91253.0,42.45983685925793,-76.4852915864667,US/Eastern,Yes,,Yes,Yes,,,,,Education,College/University,,,,,,,,,,,,0.16666666666666666,0.9,0.9390817373461012,0.8173572161422709
Rat_education_Cinthia,17143,0.9771431828545372,0.680277664352797,27.033552017087906,Rat,363.0,3.0,Education,K-12 School,6438.2,69300.0,38.9035039800032,-77.0053494170663,US/Eastern,Yes,,,,,,,,,,,2017.0,,,,,,,,,,0.3333333333333333,0.9,0.9029268032291021,0.8170487622603715
Cockatoo_education_Maynard,16101,0.917749658002736,1.0,8.617710978136131,Cockatoo,1370.0,15.0,Education,Student Union,443.4,4773.0,42.45983685925793,-76.4852915864667,US/Eastern,Yes,,Yes,Yes,,,,,Education,College/University,,,,,,,,,,,,0.16666666666666666,0.9,0.938312243502052,0.8168185704514364
Cockatoo_education_Minh,16075,0.9162676698586412,1.0,8.606313431617922,Cockatoo,1355.0,15.0,Education,College Classroom,4697.8,50567.0,42.45983685925793,-76.4852915864667,US/Eastern,Yes,,Yes,Yes,,,,,Education,College/University,,,,,,,,,,,,0.16666666666666666,0.9,0.9372007523939809,0.8160405266757866
Cockatoo_education_Victoria,16058,0.9152986776105791,1.0,1.23123343699009,Cockatoo,1445.0,15.0,Education,College Classroom,399.3,4298.0,42.45983685925793,-76.4852915864667,US/Eastern,Yes,,,,,,,,Education,College/University,,,,,,,,,,,,0.16666666666666666,0.9,0.9364740082079344,0.8155318057455541
Bobcat_education_Rosalva,14385,0.8199384404924761,0.9995828988529718,28.317019793362928,Bobcat,1022.0,10.0,Education,Student Center,7836.0,84346.0,,,US/Mountain,Yes,Yes,Yes,,Yes,,,,,,,,,2.0,0.0,,,,,,,0.5,0.9,0.8648495550826001,0.8153946885578199
Rat_public_Norene,14674,0.8364113087095303,1.0,5.8049556394267405,Rat,469.0,3.0,Public services,Fire Station,1211.8,13044.0,38.9035039800032,-77.0053494170663,US/Eastern,Yes,,,,,,,,,,,1913.0,,,,,,,,,,0.3333333333333333,1.0,0.8773084815321477,0.8141159370725034
Shrew_office_Ila,17544,1.0,0.5348837209302325,79.84208940747995,Shrew,,,Office,Office,10905.0,117380.0,51.49984,-0.124663,Europe/London,Yes,,,,,,,,Government,Other Government Buildings,Gas,,,10.0,525.0,,,,,,E,0.5,0.8,0.8837209302325582,0.8136046511627906
Shrew_office_Doris,17544,1.0,0.5348837209302325,105.5290988042835,Shrew,,,Office,Office,22568.9,242930.0,51.49984,-0.124663,Europe/London,Yes,,,,,,,Yes,Government,Other Government Buildings,Gas,,,11.0,410.0,,,,,,G,0.5,0.8,0.8837209302325582,0.8136046511627906
Bear_education_Merrill,14317,0.816062471500228,1.0,8.851737658905185,Bear,607.0,4.0,Education,Education,3235.3,34825.0,37.87190340000004,-122.26072860000008,US/Pacific,Yes,,,,,,,,,,,1999.0,,2.0,,,,,,,,0.5,0.9,0.8620468536251711,0.8134327975376197
Crow_education_Marlin,15982,0.9109667122663019,1.0,125.33850198585004,Crow,1028.0,11.0,Education,Academic,7561.4,81390.0,45.3876,-75.696,US/Eastern,Yes,Yes,Yes,,,,,,Education,College/University,,,,,,,,,,,,0.16666666666666666,0.9,0.9332250341997264,0.8132575239398084
Fox_education_Jacqueline,17193,0.9799931600547196,0.6363054731576805,82.35078427333481,Fox,260.0,2.0,Education,College Classroom,11797.3,126985.0,33.42442530000004,-111.9281403999998,US/Mountain,Yes,Yes,Yes,,,,,,Education,College/University,,1979.0,,,,,,,,,,0.3333333333333333,0.9,0.8940712383304599,0.8108498668313219
Hog_office_Concetta,17215,0.9812471500227998,0.5699099622422306,10.097448001409106,Hog,1221.0,13.0,Office,Office,2699.9,29062.0,44.97878184783975,-93.2553976421019,US/Central,Yes,,,,,,,,,,,,,,,92,27.1,63.1,25.8,,,0.5,0.8,0.8784128530776576,0.8098889971543602
Eagle_education_April,17194,0.9800501595987232,0.7625916017215307,22.709817230642585,Eagle,1227.0,14.0,Education,Classroom,7144.5,76903.0,,,US/Eastern,Yes,Yes,Yes,,,,,,,,,,,,,,,,,,,0.16666666666666666,0.9,0.9256855201294252,0.8079798640905976
Bobcat_office_Kassandra,14596,0.8319653442772458,0.9999314880789257,28.587820827381996,Bobcat,1014.0,10.0,Office,Office,4003.6,43094.0,,,US/Mountain,Yes,,Yes,,Yes,,,,,,,,,3.0,0.0,,,,,,,0.5,0.8,0.8739568802276658,0.8067698161593659
Cockatoo_office_Alton,16114,0.9184906520747834,1.0,25.22619853676292,Cockatoo,1352.0,15.0,Office,Office,3972.1,42755.0,42.45983685925793,-76.4852915864667,US/Eastern,Yes,,Yes,Yes,,,,,Education,College/University,,,,,,,,,,,,0.16666666666666666,0.8,0.9388679890560876,0.8022075923392613
Cockatoo_office_Roxanna,16095,0.917407660738714,1.0,1.7801042559885865,Cockatoo,1357.0,15.0,Office,Office,2008.4,21618.0,42.45983685925793,-76.4852915864667,US/Eastern,Yes,,Yes,Yes,,,,,Education,College/University,,,,,,,,,,,,0.16666666666666666,0.8,0.9380557455540355,0.8016390218878248
Cockatoo_office_Elbert,16085,0.9168376652986776,1.0,6.905532400645632,Cockatoo,1351.0,15.0,Office,Office,3772.9,40611.0,42.45983685925793,-76.4852915864667,US/Eastern,Yes,,Yes,Yes,,,,,Education,College/University,,,,,,,,,,,,0.16666666666666666,0.8,0.9376282489740082,0.8013397742818057
Bull_office_Trevor,17521,0.9986890104879161,0.7444209805376405,24.62262729286964,Bull,997.0,9.0,Office,Office,3546.4,38173.0,30.26719999999989,-97.7430999999998,US/Central,Yes,,Yes,Yes,,,,,,,,,,,,,,,,,,0.16666666666666666,0.8,0.9351220030003473,0.7995854021002431
Bull_education_Delia,17189,0.979765161878705,0.7037058583978125,385.4465903668254,Bull,954.0,9.0,Education,College Laboratory,28356.2,305224.0,30.26719999999989,-97.7430999999998,US/Central,Yes,,Yes,Yes,,,,,,,,,,,,,,,,,,0.16666666666666666,0.9,0.9107503360084819,0.7975252352059373
Lamb_office_Corine,17194,0.9800501595987232,0.5011631964638827,0.2128787317667681,Lamb,,5.0,Office,Office,501.0,5393.0,51.49783804108846,-3.186245571244898,Europe/London,Yes,,,,,,,,Government,"City, County, State",Gas,1919.0,,2.0,,,,,,,,0.5,0.8,0.8603284188150131,0.7972298931705091
Crow_education_Kate,15420,0.8789329685362517,1.0,19.542487217429493,Crow,1030.0,11.0,Education,Academic,6320.2,68030.0,45.3876,-75.696,US/Eastern,Yes,Yes,Yes,,,,,,Education,College/University,,,,,,,,,,,,0.16666666666666666,0.9,0.9091997264021887,0.7964398084815321
Rat_public_Johnna,14847,0.8462722298221614,1.0,22.43121254088954,Rat,,3.0,Public services,Fire Station,1465.5,15775.0,38.9035039800032,-77.0053494170663,US/Eastern,Yes,,,,,,,,,,,,,,,,,,,,,0.16666666666666666,1.0,0.8847041723666211,0.7942929206566348
Hog_office_Bryan,17194,0.9800501595987232,0.48406420844480635,52.49347875091547,Hog,1132.0,13.0,Office,Office,9655.0,103926.0,44.97878184783975,-93.2553976421019,US/Central,Yes,,Yes,,,,,,,,,,,,,67,79.2,129.7,78.6,,,0.5,0.8,0.856053671810244,0.7942375702671708
Bobcat_education_Marisha,13602,0.7753077975376197,0.9961035141890898,26.65057266761407,Bobcat,1008.0,10.0,Education,Academic,6913.8,74420.0,,,US/Mountain,Yes,Yes,Yes,,Yes,,,,,,,,,2.0,0.0,,,,,,,0.5,0.9,0.8305067267004872,0.791354708690341
Hog_education_Darryl,17194,0.9800501595987232,0.3666976852390369,3.532250113252867,Hog,,13.0,Education,College Laboratory,994.3,10703.0,44.97878184783975,-93.2553976421019,US/Central,Yes,,,,,,,,,,,,,,,-,-,-,-,,,0.5,0.9,0.8267120410088017,0.7886984287061611
Bobcat_office_Melody,13932,0.7941176470588235,0.9998564455928797,12.238747442986096,Bobcat,1006.0,10.0,Office,Office,2503.6,26948.0,,,US/Mountain,Yes,,,,Yes,,,,,,,,,1.0,0.0,,,,,,,0.5,0.8,0.8455523466923376,0.7868866426846363
Bobcat_office_Justine,13837,0.788702690378477,0.9987714099877141,8.804354388763791,Bobcat,1005.0,10.0,Office,Office,2445.7,26325.0,,,US/Mountain,Yes,,,,Yes,,Yes,Yes,,,,,,1.0,0.0,,,,,,,0.5,0.8,0.8412198702807863,0.7838539091965503
Cockatoo_education_Evangeline,13954,0.7953716370269038,1.0,24.376419573596255,Cockatoo,1373.0,15.0,Education,College Classroom,9795.1,105434.0,42.45983685925793,-76.4852915864667,US/Eastern,Yes,,Yes,Yes,,,,,Education,College/University,,2014.0,,,,,,,,,,0.3333333333333333,0.9,0.8465287277701778,0.7775701094391245
Bobcat_education_Monte,12990,0.7404240766073872,0.9946112394149346,11.43428921503912,Bobcat,1012.0,10.0,Education,Academic,2147.2,23112.0,,,US/Mountain,Yes,Yes,Yes,,Yes,,,,,,,,,2.0,0.0,,,,,,,0.5,0.9,0.803970867309274,0.7727796071164917
Rat_public_Lea,13219,0.7534769721842225,1.0,15.530280164413647,Rat,544.0,3.0,Public services,Other - Public Services,10293.7,110800.0,38.9035039800032,-77.0053494170663,US/Eastern,Yes,,,,,,,,,,,1972.0,,,,,,,,,,0.3333333333333333,1.0,0.8151077291381669,0.7705754103967168
Rat_public_Elmira,13965,0.7959986320109439,1.0,8.415269421432075,Rat,528.0,3.0,Public services,Fire Station,1035.2,11143.0,38.9035039800032,-77.0053494170663,US/Eastern,Yes,,,,,,,,,,,,,,,,,,,,,0.16666666666666666,1.0,0.8469989740082079,0.7678992818057455
Lamb_education_Renae,17140,0.9769721842225262,0.11161026837806301,4.262905901926849,Lamb,,5.0,Education,Primary/Secondary Classroom,6993.0,75272.0,51.49783804108846,-3.186245571244898,Europe/London,Yes,,,,,,,,Education,Primary/Secondary School,Gas,1966.0,,2.0,741.0,,,,,,C,0.6666666666666666,0.9,0.7606317052614104,0.7674421936829873
Bull_office_Mai,17477,0.9961810305517556,0.5159924472163415,3.669051454348011,Bull,933.0,9.0,Office,office,792.0,8525.0,30.26719999999989,-97.7430999999998,US/Central,Yes,,Yes,Yes,,,,,,,,,,,,,,,,,,0.16666666666666666,0.8,0.876133884717902,0.7582937193025314
Eagle_education_Cassie,17194,0.9800501595987232,0.4727812027451437,35.82942650322168,Eagle,1264.0,14.0,Education,Research,3066.9,33012.0,,,US/Eastern,Yes,Yes,Yes,Yes,,,,,,,,,,,,,,,,,,0.16666666666666666,0.9,0.8532329203853284,0.7572630442697299
Cockatoo_office_Ada,13741,0.7832307341541268,1.0,41.9531457518717,Cockatoo,1430.0,15.0,Office,Office,4952.0,53303.0,42.45983685925793,-76.4852915864667,US/Eastern,Yes,,,Yes,,,,,Education,College/University,,1981.0,,,,,,,,,,0.3333333333333333,0.8,0.8374230506155951,0.7561961354309166
Panther_education_Quintin,12464,0.7104423164614683,0.9790596919127086,88.4398659360778,Panther,29.0,0.0,Education,Classroom,10578.5,113866.0,28.5176885788321,-81.3790387999998,US/Eastern,Yes,,Yes,,Yes,,,,,,,2006.0,,,,,212,,,,,0.5,0.9,0.7775966603242783,0.7543176622269947
Bobcat_education_Miki,12124,0.691062471500228,0.9995051138238206,31.38698404243896,Bobcat,998.0,10.0,Education,Academic,16116.7,173479.0,,,US/Mountain,Yes,Yes,Yes,,Yes,,,,,,,,,1.0,0.0,,,,,,,0.5,0.9,0.7681731320811263,0.7477211924567883
Eagle_office_Amie,14193,0.8089945280437757,1.0,59.61473273004922,Eagle,1281.0,14.0,Office,Office,9581.8,103138.0,,,US/Eastern,Yes,,,,,,,,,,,,,,,,,,,,,0.16666666666666666,0.8,0.8567458960328318,0.7447221272229823
Bear_education_Carlo,11996,0.6837665298677611,1.0,3.0185019628071528,Bear,568.0,4.0,Education,Education,1314.6,14150.0,37.87190340000004,-122.26072860000008,US/Pacific,Yes,,,,,,,,,,,1974.0,,2.0,,,,,,,,0.5,0.9,0.7628248974008208,0.7439774281805746
Hog_office_Judith,17194,0.9800501595987232,0.16302198441316737,116.09833383973621,Hog,,13.0,Office,Office,18626.2,200491.0,44.97878184783975,-93.2553976421019,US/Central,Yes,,,,,,,,,,,,,,,-,207.3,310.7,209.6,,,0.5,0.8,0.7757931158023343,0.7380551810616339
Gator_office_Carrie,12299,0.7010373917008664,1.0,146.67088540921412,Gator,,8.0,Office,Office,24987.5,268963.0,,,US/Eastern,Yes,,,,,,,,,,,,,1.0,100.0,,,,,,,0.5,0.8,0.7757780437756499,0.7380446306429548
Rat_office_Chris,13149,0.7494870041039672,0.9944482470149821,269.518646990744,Rat,376.0,3.0,Office,Office,54437.0,585955.0,38.9035039800032,-77.0053494170663,US/Eastern,Yes,,,,,,,,,,,1942.0,,,,,,,,,,0.3333333333333333,0.8,0.8107273148317209,0.7375091203822046
Rat_education_Gricelda,13391,0.76328089375285,0.9999253229781196,12.819800746244557,Rat,555.0,3.0,Education,K-12 School,2081.0,22400.0,38.9035039800032,-77.0053494170663,US/Eastern,Yes,,,,,,,,,,,,,,,,,,,,,0.16666666666666666,0.9,0.8224420010591674,0.7357094007414172
Rat_education_Dianne,12573,0.716655266757866,0.9700946472600016,40.90523624331901,Rat,537.0,3.0,Education,K-12 School,6800.5,73200.0,38.9035039800032,-77.0053494170663,US/Eastern,Yes,,,,,,,,,,,1959.0,,,,,,,,,,0.3333333333333333,0.9,0.7800151118833999,0.7310105783183799
Cockatoo_education_Christi,12557,0.7157432740538076,1.0,1.8810212507820876,Cockatoo,1354.0,15.0,Education,College Classroom,2158.3,23232.0,42.45983685925793,-76.4852915864667,US/Eastern,Yes,,Yes,Yes,,,,,Education,College/University,,,,,,,,,,,,0.16666666666666666,0.9,0.7868074555403557,0.710765218878249
Rat_education_Willy,12430,0.7085043319653442,0.7858407079646018,46.87631094648566,Rat,,3.0,Education,K-12 School,8138.3,87600.0,38.9035039800032,-77.0053494170663,US/Eastern,Yes,,,,,,,,,,,1946.0,,,,,,,,,,0.3333333333333333,0.9,0.7278384259651587,0.6944868981756112
Gator_public_Jolene,9288,0.5294117647058824,0.9870801033591732,2.0187750307680092,Gator,,8.0,Public services,Fire Station,811.4,8734.0,,,US/Eastern,Yes,,,,,,,,,,,,,1.0,10.0,,,,,,,0.5,1.0,0.643828849369205,0.6756801945584435
Moose_education_Sasha,8567,0.48831509347925217,1.0,0.889525165194108,Moose,790.0,7.0,Education,College Classroom,8000.0,86111.0,45.4215,-75.6972,US/Eastern,Yes,,Yes,Yes,,,,,Education,College/University,,1911.0,,8.0,200.0,,,,,,,0.6666666666666666,0.9,0.6162363201094392,0.6663654240766074
Cockatoo_education_Latrice,15282,0.8710670314637483,0.08225363172359638,0.17552614114866497,Cockatoo,1345.0,15.0,Education,College Laboratory,1940.7,20889.0,42.45983685925793,-76.4852915864667,US/Eastern,Yes,,Yes,Yes,,,,,Education,College/University,,1976.0,,,,,,,,,,0.3333333333333333,0.9,0.6738636815287103,0.6567045770700972
Panther_office_Otto,10434,0.594733242134063,0.8480927736246885,92.91978803417574,Panther,53.0,0.0,Office,Office,8151.5,87742.0,28.5176885788321,-81.3790387999998,US/Eastern,Yes,,,,,,,,,,,1971.0,,,,,184,,,,,0.5,0.8,0.6580731250067193,0.6556511875047035
Rat_public_Maxine,10199,0.5813383492932056,0.9993136582017845,50.55960098296127,Rat,,3.0,Public services,Other - Public Services,9519.4,102466.0,38.9035039800032,-77.0053494170663,US/Eastern,Yes,,,,,,,,,,,,,,,,,,,,,0.16666666666666666,1.0,0.6858321765203503,0.6550825235642452
Rat_office_Ashlee,10917,0.6222640218878249,0.9996335989740771,22.17806311326211,Rat,,3.0,Office,Office,2186.9,23540.0,38.9035039800032,-77.0053494170663,US/Eastern,Yes,,,,,,,,,,,,,,,,,,,,,0.16666666666666666,0.8,0.716606416159388,0.6466244913115716
Bear_education_Benjamin,9726,0.5543775649794802,0.9696689286448694,0.7990190080373972,Bear,604.0,4.0,Education,Education,786.2,8463.0,37.87190340000004,-122.26072860000008,US/Pacific,Yes,,,,,,,,,,,,,3.0,,,,,,,,0.3333333333333333,0.9,0.6582004058958275,0.6457402841270793
Rat_education_Susana,10632,0.6060191518467852,0.9113995485327314,6.092402958118386,Rat,,3.0,Education,K-12 School,28056.7,302000.0,38.9035039800032,-77.0053494170663,US/Eastern,Yes,,,,,,,,,,,,,,,,,,,,,0.16666666666666666,0.9,0.6823642510182718,0.6376549757127903
Rat_education_Jeanne,9165,0.5224008207934336,1.0,16.259377290462883,Rat,403.0,3.0,Education,K-12 School,4598.7,49500.0,38.9035039800032,-77.0053494170663,US/Eastern,Yes,,,,,,,,,,,1962.0,,,,,,,,,,0.3333333333333333,0.9,0.6418006155950753,0.6342604309165527
Rat_education_Donnell,9031,0.5147628818969449,1.0,49.781854249427724,Rat,,3.0,Education,K-12 School,7413.7,79800.0,38.9035039800032,-77.0053494170663,US/Eastern,Yes,,,,,,,,,,,1924.0,,,,,,,,,,0.3333333333333333,0.9,0.6360721614227086,0.630250512995896
Rat_education_Alyson,9743,0.5553465572275422,1.0,19.835254401472334,Rat,,3.0,Education,K-12 School,15561.3,167500.0,38.9035039800032,-77.0053494170663,US/Eastern,Yes,,,,,,,,,,,,,,,,,,,,,0.16666666666666666,0.9,0.6665099179206566,0.6265569425444597
Rat_education_Matt,9647,0.549874601003192,1.0,66.28720374086203,Rat,,3.0,Education,K-12 School,10405.1,112000.0,38.9035039800032,-77.0053494170663,US/Eastern,Yes,,,,,,,,,,,,,,,,,,,,,0.16666666666666666,0.9,0.662405950752394,0.6236841655266758
Fox_education_Maureen,8760,0.4993160054719562,0.9997716894977169,41.91373197780185,Fox,,2.0,Education,College Classroom,22757.9,244964.0,33.42442530000004,-111.9281403999998,US/Mountain,Yes,,Yes,,,,,,Education,College/University,,2008.0,,,,,,,,,,0.3333333333333333,0.9,0.6244299264783963,0.6221009485348774
Bobcat_education_Karin,7866,0.4483584131326949,0.9997457411645054,17.919665085325832,Bobcat,1011.0,10.0,Education,Academic,6052.1,65144.0,,,US/Mountain,Yes,Yes,Yes,,Yes,,,,,,,,,4.0,0.0,,,,,,,0.5,0.9,0.5862052451406475,0.6203436715984533
Rat_education_Mavis,9405,0.5360807113543091,0.8723019670388091,111.32898188375759,Rat,341.0,3.0,Education,K-12 School,14678.7,158000.0,38.9035039800032,-77.0053494170663,US/Eastern,Yes,,,,,,,,,,,1959.0,,,,,,,,,,0.3333333333333333,0.9,0.6201360252754341,0.6190952176928038
Rat_public_Yetta,7895,0.45001139990880074,0.9989867004433186,8.532017529901823,Rat,,3.0,Public services,Library,1980.5,21318.0,38.9035039800032,-77.0053494170663,US/Eastern,Yes,,,,,,,,,,,1954.0,,,,,,,,,,0.3333333333333333,1.0,0.5872552250424302,0.6110786575297011
Robin_office_Erma,8784,0.5006839945280438,0.8497267759562842,10.851309975211935,Robin,,1.0,Office,Office,4434.0,47727.0,51.51878965384613,-0.1345562307692307,Europe/London,Yes,,,,,,,,Education,College/University,Gas,1928.0,,6.0,,,,,,,,0.5,0.8,0.5879446898851038,0.6065612829195727
Rat_education_Eleonora,8183,0.46642726858185135,0.9997555908590982,111.46273222748059,Rat,,3.0,Education,K-12 School,10683.8,115000.0,38.9035039800032,-77.0053494170663,US/Eastern,Yes,,,,,,,,,,,2004.0,,,,,,,,,,0.3333333333333333,0.9,0.599759349151163,0.6048315444058141
Rat_education_Romana,8757,0.4991450068399453,0.8985954093867763,23.190005622731274,Rat,,3.0,Education,K-12 School,4403.6,47400.0,38.9035039800032,-77.0053494170663,US/Eastern,Yes,,,,,,,,,,,1929.0,,,,,,,,,,0.3333333333333333,0.9,0.599007607476653,0.6043053252336571
Rat_education_Denise,7996,0.45576835385316916,1.0,30.77967422818979,Rat,,3.0,Education,K-12 School,6085.1,65500.0,38.9035039800032,-77.0053494170663,US/Eastern,Yes,,,,,,,,,,,1971.0,,,,,,,,,,0.3333333333333333,0.9,0.5918262653898769,0.5992783857729138
Rat_public_Angle,7292,0.415640674874601,0.9987657707076248,75.77062995211004,Rat,420.0,3.0,Public services,Social/Meeting Hall,7562.0,81397.0,38.9035039800032,-77.0053494170663,US/Eastern,Yes,,,,,,,,,,,2004.0,,,,,,,,,,0.3333333333333333,1.0,0.561421948832857,0.5929953641829999
Rat_education_Edmund,7538,0.42966256269949843,0.9982754046166091,33.11469903612205,Rat,487.0,3.0,Education,K-12 School,6187.3,66600.0,38.9035039800032,-77.0053494170663,US/Eastern,Yes,,,,,,,,,,,1959.0,,,,,,,,,,0.3333333333333333,0.9,0.5718157731787761,0.5852710412251432
Fox_education_Vernon,8732,0.49772001823985407,0.8469995419147962,33.804812087198975,Fox,,2.0,Education,College Classroom,3825.7,41179.0,33.42442530000004,-111.9281403999998,US/Mountain,Yes,,Yes,,,,,,Education,College/University,,,,,,,,,,,,0.16666666666666666,0.9,0.5850398991585897,0.5695279294110127
Eagle_office_Michele,8099,0.46163930688554494,0.9969131991603901,27.18623581167616,Eagle,,14.0,Office,Office,6737.0,72517.0,,,US/Eastern,Yes,,,,,,,,,,,,,,,,,,,,,0.16666666666666666,0.8,0.5954577799542562,0.5618204459679793
Eagle_office_Joette,8099,0.46163930688554494,0.9967897271268058,57.72077597104869,Eagle,,14.0,Office,Office,6414.0,69040.0,,,US/Eastern,Yes,,,,,,,,,,,,,,,,,,,,,0.16666666666666666,0.8,0.5954269119458602,0.5617988383621021
Peacock_education_Weldon,7575,0.4317715458276334,1.0,80.842702725365,Peacock,,6.0,Education,College Laboratory,22419.7,241324.0,40.349999999999966,-74.69999999999995,US/Eastern,Yes,,Yes,,,,,,Education,College/University,,,,,,,,,,,,0.16666666666666666,0.9,0.573828659370725,0.5616800615595074
Rat_public_Andrea,7079,0.40349977200182396,0.9984461082073739,75.20265166302853,Rat,,3.0,Public services,Other - Public Services,12792.7,137700.0,38.9035039800032,-77.0053494170663,US/Eastern,Yes,,,,,,,,,,,,,,,,,,,,,0.16666666666666666,1.0,0.5522363560532115,0.561565449237248
Peacock_education_Karl,7570,0.43148654810761516,1.0,15.603204655991592,Peacock,,6.0,Education,College Laboratory,44381.9,477723.0,40.349999999999966,-74.69999999999995,US/Eastern,Yes,,,,,,,,Education,College/University,,,,,,,,,,,,0.16666666666666666,0.9,0.5736149110807114,0.561530437756498
Peacock_education_Bianca,7540,0.4297765617875057,1.0,22.76964685008208,Peacock,757.0,6.0,Education,College Laboratory,4349.1,46813.0,40.349999999999966,-74.69999999999995,US/Eastern,Yes,,,Yes,,,,,Education,College/University,,,,,,,,,,,,0.16666666666666666,0.9,0.5723324213406292,0.5606326949384405
Peacock_education_Lucie,7413,0.4225376196990424,1.0,96.99327275749549,Peacock,786.0,6.0,Education,College Laboratory,23876.1,257000.0,40.349999999999966,-74.69999999999995,US/Eastern,Yes,,Yes,Yes,,,,,Education,College/University,,,,,,,,,,,,0.16666666666666666,0.9,0.5669032147742818,0.5568322503419973
Rat_education_Roxanne,6527,0.3720360237118103,0.9995403707675808,267.33175509289737,Rat,,3.0,Education,K-12 School,15115.3,162700.0,38.9035039800032,-77.0053494170663,US/Eastern,Yes,,,,,,,,,,,1977.0,,,,,,,,,,0.3333333333333333,0.9,0.5289121104757529,0.555238477333027
Rat_education_Penny,6359,0.36246010031919745,1.0,63.433688914058244,Rat,,3.0,Education,K-12 School,7014.2,75500.0,38.9035039800032,-77.0053494170663,US/Eastern,Yes,,,,,,,,,,,2007.0,,,,,,,,,,0.3333333333333333,0.9,0.5218450752393982,0.5502915526675787
Peacock_office_Glenn,7461,0.4252735978112175,1.0,32.89675089279785,Peacock,,6.0,Office,Office,2179.3,23458.0,40.349999999999966,-74.69999999999995,US/Eastern,Yes,,,,,,,,Education,College/University,,,,,,,,,,,,0.16666666666666666,0.8,0.5689551983584131,0.5432686388508892
Peacock_office_Jonathon,7409,0.4223096215230278,1.0,9.51830585466431,Peacock,751.0,6.0,Office,Office,3482.5,37485.0,40.349999999999966,-74.69999999999995,US/Eastern,Yes,,Yes,Yes,,,,,Education,College/University,,,,,,,,,,,,0.16666666666666666,0.8,0.5667322161422709,0.5417125512995896
Lamb_office_Joanna,8531,0.48626310989512084,0.2555386238424569,0.6359180227857487,Lamb,,5.0,Office,Office,1103.0,11873.0,51.49783804108846,-3.186245571244898,Europe/London,Yes,,,,,,,,Government,"City, County, State",Gas,1966.0,,1.0,12.0,,,,,,G,0.6666666666666666,0.8,0.4285819883819548,0.5200073918673683
Rat_education_Abigail,5425,0.30922252621979024,0.9714285714285714,43.092116333719595,Rat,,3.0,Education,K-12 School,8825.8,95000.0,38.9035039800032,-77.0053494170663,US/Eastern,Yes,,,,,,,,,,,1976.0,,,,,,,,,,0.3333333333333333,0.9,0.47477403752198555,0.5173418262653899
Rat_public_Percy,5567,0.3173164614683083,0.9992814801508891,3.4973816967176137,Rat,,3.0,Public services,Police Station,3945.6,42470.0,38.9035039800032,-77.0053494170663,US/Eastern,Yes,,,,,,,,,,,,,,,,,,,,,0.16666666666666666,1.0,0.48780771613895346,0.5164654012972674
Rat_education_Moises,5008,0.28545371637026906,1.0,20.556207689450538,Rat,,3.0,Education,K-12 School,7794.6,83900.0,38.9035039800032,-77.0053494170663,US/Eastern,Yes,,,,,,,,,,,1950.0,,,,,,,,,,0.3333333333333333,0.9,0.4640902872777018,0.5098632010943913
Bobcat_education_Rodrick,3920,0.22343821249430004,0.9959183673469387,21.43993191288155,Bobcat,,10.0,Education,Academic,11088.0,119350.0,,,US/Mountain,Yes,Yes,,,Yes,,,,,,,,,3.0,0.0,,,,,,,0.5,0.9,0.4165582512074597,0.5015907758452218
Peacock_office_Naomi,5690,0.32432740538075694,1.0,55.50569800594413,Peacock,763.0,6.0,Office,Office,5072.2,54597.0,40.349999999999966,-74.69999999999995,US/Eastern,Yes,,Yes,Yes,,,,,Education,College/University,,,,,,,,,,,,0.16666666666666666,0.8,0.4932455540355677,0.4902718878248974
Bobcat_public_Angie,2980,0.16985864113087096,1.0,81.05228763346175,Bobcat,,10.0,Public services,Library,14777.3,159062.0,,,US/Mountain,Yes,Yes,Yes,,Yes,,,,,,,,,2.0,0.0,,,,,,,0.5,1.0,0.37739398084815323,0.4891757865937072
Rat_public_Alexander,6620,0.37733698130414955,0.6351963746223565,66.10708360325728,Rat,,3.0,Public services,Police Station,2787.1,30000.0,38.9035039800032,-77.0053494170663,US/Eastern,Yes,,,,,,,,,,,,,,,,,,,,,0.16666666666666666,1.0,0.4418018296337013,0.48426128074359087
Bobcat_education_Emile,3001,0.17105563155494757,0.9993335554815062,5.566995922136539,Bobcat,1024.0,10.0,Education,Academic,5003.3,53855.0,,,US/Mountain,Yes,Yes,Yes,,Yes,,,,,,,,,2.0,0.0,,,,,,,0.5,0.9,0.3781251125365872,0.474687578775611
Rat_education_Veronica,3960,0.22571819425444598,0.9696969696969697,97.94259170186913,Rat,,3.0,Education,K-12 School,14307.1,154000.0,38.9035039800032,-77.0053494170663,US/Eastern,Yes,,,,,,,,,,,2015.0,,,,,,,,,,0.3333333333333333,0.9,0.4117128881150769,0.4731990216805538
Rat_education_Alonzo,5591,0.3186844505243958,0.635306742979789,81.64845278570115,Rat,,3.0,Education,K-12 School,6015.5,64750.0,38.9035039800032,-77.0053494170663,US/Eastern,Yes,,,,,,,,,,,1932.0,,,,,,,,,,0.3333333333333333,0.9,0.3978400236382441,0.46348801654677085
Peacock_public_Linda,2878,0.16404468764249885,0.9562195969423211,9.732615417708299,Peacock,752.0,6.0,Public services,Library,3592.7,38671.0,40.349999999999966,-74.69999999999995,US/Eastern,Yes,,Yes,,,,,,Education,College/University,,,,,,,,,,,,0.16666666666666666,1.0,0.3620884149674544,0.42846189047721805
Rat_education_Kristie,1530,0.0872093023255814,1.0,50.58956135473102,Rat,,3.0,Education,K-12 School,5778.6,62200.0,38.9035039800032,-77.0053494170663,US/Eastern,Yes,,,,,,,,,,,2004.0,,,,,,,,,,0.3333333333333333,0.9,0.31540697674418605,0.40578488372093025
Bobcat_education_Seth,659,0.03756269949840401,1.0,62.868339103114174,Bobcat,,10.0,Education,Academic,17179.3,184917.0,,,US/Mountain,Yes,Yes,Yes,,Yes,,,Yes,,,,,,4.0,0.0,,,,,,,0.5,0.9,0.278172024623803,0.40472041723666213
Rat_education_Angelica,1483,0.08453032375740994,1.0,14.200848053072965,Rat,,3.0,Education,K-12 School,5202.6,56000.0,38.9035039800032,-77.0053494170663,US/Eastern,Yes,,,,,,,,,,,1964.0,,,,,,,,,,0.3333333333333333,0.9,0.31339774281805743,0.4043784199726402
Bobcat_education_Barbra,110,0.006269949840401277,1.0,13.15750963845318,Bobcat,,10.0,Education,Academic,2538.0,27319.0,,,US/Mountain,Yes,,,,,,,,,,,,,2.0,0.0,,,,,,,0.5,0.9,0.254702462380301,0.3882917236662107
Rat_education_Chance,1753,0.0999202006383949,0.8214489446662864,33.10106518342543,Rat,,3.0,Education,K-12 School,5592.8,60200.0,38.9035039800032,-77.0053494170663,US/Eastern,Yes,,,,,,,,,,,1964.0,,,,,,,,,,0.3333333333333333,0.9,0.2803023866453678,0.38121167065175743
Rat_education_Mac,913,0.0520405836753306,1.0,65.03821219516584,Rat,,3.0,Education,K-12 School,6108.5,65751.0,38.9035039800032,-77.0053494170663,US/Eastern,Yes,,,,,,,,,,,,,,,,,,,,,0.16666666666666666,0.9,0.28903043775649795,0.3623213064295485
