building_id,timestamp,anomaly_label,anomaly_type,electricity_original,electricity_observed,digital_twin_expected,contextual_residual,residual_dynamics,persistence_3h,persistence_6h,persistence_12h,anomaly_score,threshold,prediction
Robin_public_Cami,2016-07-10 00:00:00,0,normal,37.6667,37.6667,32.28398,0.9577157453662384,0.0,0.0,0.0,0.0,0.6704010217563668,2.7528132303289414,0
Robin_public_Cami,2016-07-10 01:00:00,0,normal,36.9167,36.9167,32.31487,0.6958314884351215,0.38047420093149714,1.533688750262742,0.0,0.0,0.8318672120502832,2.7528132303289414,0
Robin_public_Cami,2016-07-10 02:00:00,1,spike,38.75,121.89056629141707,32.548912,10.0,10.0,1.1522567813659923,0.0,0.0,8.230451356273198,2.7528132303289414,1
Robin_public_Cami,2016-07-10 03:00:00,0,normal,37.5,37.5,67.76113,7.901587764513465,10.0,0.0,0.0,0.0,6.531111435159425,2.7528132303289414,1
Robin_public_Cami,2016-07-10 04:00:00,0,normal,39.0,39.0,56.37285,4.978814591041626,10.0,0.0,0.0,0.0,4.485170213729138,2.7528132303289414,1
Robin_public_Cami,2016-07-10 05:00:00,0,normal,39.0,39.0,51.09681,3.209402989738273,6.453342206846382,0.0,0.0,0.0,2.891916313501429,2.7528132303289414,1
Robin_public_Cami,2016-07-10 06:00:00,0,normal,37.75,37.75,48.138206,2.1681439918109815,3.520078896582839,1.005751247589011,0.0,0.0,2.0708589334437733,2.7528132303289414,0
Robin_public_Cami,2016-07-10 07:00:00,0,normal,47.5,47.5,45.171616,0.0,8.059581182394831,1.1036756474946474,0.0,0.0,1.0266932477384128,2.7528132303289414,0
Robin_public_Cami,2016-07-10 08:00:00,0,normal,65.0,65.0,53.883465,1.5239253642021118,5.464434429650894,0.0,0.0,0.0,1.6131911979065676,2.7528132303289414,0
Robin_public_Cami,2016-07-10 09:00:00,0,normal,71.75,71.75,64.35698,0.6567203940856058,2.818926018169944,0.0,0.0,0.0,0.7415968776769184,2.7528132303289414,0
Robin_public_Cami,2016-07-10 10:00:00,0,normal,71.75,71.75,77.55316,0.28644290137187295,0.8171215467320129,0.0,0.0,0.0,0.28222218563351237,2.7528132303289414,0
Robin_public_Cami,2016-07-10 11:00:00,0,normal,75.75,75.75,83.972534,0.8499137500346298,1.5953745944647644,0.0,0.0,0.0,0.7544770844707173,2.7528132303289414,0
Robin_public_Cami,2016-07-10 12:00:00,0,normal,82.75,82.75,85.86583,0.0,2.749270699737106,0.3237223068458619,0.0,0.0,0.339671531342883,2.7528132303289414,0
Robin_public_Cami,2016-07-10 13:00:00,0,normal,81.25,81.25,89.280716,0.6455984378719956,1.9262143704552923,0.0,0.0,0.0,0.644540343555926,2.7528132303289414,0
Robin_public_Cami,2016-07-10 14:00:00,0,normal,79.5,79.5,85.070045,0.14555025433900362,1.3398850503750748,0.0,0.1344530385362503,0.0,0.23587368307481,2.7528132303289414,0
Robin_public_Cami,2016-07-10 15:00:00,0,normal,79.75,79.75,81.041336,0.0,0.0,0.5620573596475303,0.45415816403075115,0.0,0.11241147192950607,2.7528132303289414,0
Robin_public_Cami,2016-07-10 16:00:00,0,normal,79.75,79.75,78.807556,0.0,0.0,0.924445907589442,0.646075730696074,0.0,0.1848891815178884,2.7528132303289414,0
Robin_public_Cami,2016-07-10 17:00:00,0,normal,80.75,80.75,76.30699,0.0,0.0,1.5743929855812138,1.3148330197495952,0.11156544996533223,0.3148785971162428,2.7528132303289414,0
Robin_public_Cami,2016-07-10 18:00:00,0,normal,80.25,80.25,75.725136,0.3322187005556148,0.663806900663656,1.1817790814402442,2.075784993136087,0.4918717553226596,0.5352895967433449,2.7528132303289414,0
Robin_public_Cami,2016-07-10 19:00:00,0,normal,80.0,80.0,76.2945,0.11712750537324747,0.19197474276006773,1.243726638209818,2.6778661959955654,1.619914339800628,0.3499320556792436,2.7528132303289414,0
Robin_public_Cami,2016-07-10 20:00:00,0,normal,79.25,79.25,73.7747,0.5817177576065161,1.1970476170443476,1.3448897558409982,2.9932343821359226,4.304735936673996,0.7958851431971957,2.7528132303289414,0
Robin_public_Cami,2016-07-10 21:00:00,0,normal,76.75,76.75,70.8629,0.6898181268937175,0.0,1.226438552962996,2.9015601374602653,6.329649169625024,0.7281603994182014,2.7528132303289414,0
Robin_public_Cami,2016-07-10 22:00:00,0,normal,36.25,36.25,63.267254,7.26461270692996,10.0,0.51945261128355,1.9215458786822812,7.411887348319307,6.1891194171076815,2.7528132303289414,1
Robin_public_Cami,2016-07-10 23:00:00,0,normal,38.25,38.25,46.11158,1.4063656733969536,10.0,0.0,0.0,0.865925715407372,1.9844559713778676,2.7528132303289414,0
Robin_public_Cami,2016-07-11 00:00:00,0,normal,58.25,58.25,46.35686,3.1410985401068072,6.313643661022541,0.0,0.0,0.10898896628842188,2.8301333441770193,2.7528132303289414,1
Robin_public_Cami,2016-07-11 01:00:00,0,normal,37.75,37.75,53.56581,4.456634999028437,4.624968186872754,0.0,0.0,0.008974201495386436,3.5821413180071815,2.7528132303289414,1
Robin_public_Cami,2016-07-11 02:00:00,0,normal,38.5,38.5,45.017784,1.338379708256073,10.0,0.0,0.0,0.0,1.936865795779251,2.7528132303289414,0
Robin_public_Cami,2016-07-11 03:00:00,0,normal,38.25,38.25,44.89892,1.3823577899651864,0.0,0.0,0.0,0.0,0.9676504529756305,2.7528132303289414,0
Robin_public_Cami,2016-07-11 04:00:00,0,normal,38.25,38.25,43.565083,0.935032792403996,1.1274968967184773,1.2828197373460988,0.0,0.0,1.0238365918238648,2.7528132303289414,0
Robin_public_Cami,2016-07-11 05:00:00,0,normal,39.0,39.0,44.39697,0.962494786294147,0.0,1.5463263084957384,0.0,0.0,0.9830116121050505,2.7528132303289414,0
Robin_public_Cami,2016-07-11 06:00:00,0,normal,58.0,58.0,48.0777,2.026415324901415,3.6113678180567486,1.2330467172221715,0.0,0.0,2.0262368526811,2.7528132303289414,0
Robin_public_Cami,2016-07-11 07:00:00,0,normal,72.0,72.0,60.95974,2.36649798118492,0.6954857722397592,0.0,0.0,0.0,1.7260971640534197,2.7528132303289414,0
Robin_public_Cami,2016-07-11 08:00:00,0,normal,79.75,79.75,74.958206,0.46572201245740014,6.982525619024998,0.0,0.0,0.0,1.02425797062268,2.7528132303289414,0
Robin_public_Cami,2016-07-11 09:00:00,0,normal,80.75,80.75,84.89116,0.2677997016693737,0.12281223693562957,0.0,0.0,0.0,0.19974101486212456,2.7528132303289414,0
Robin_public_Cami,2016-07-11 10:00:00,1,spike,86.75,159.40799989282613,89.18114,10.0,10.0,0.0,0.0,0.0,8.0,2.7528132303289414,1
Robin_public_Cami,2016-07-11 11:00:00,0,normal,96.5,96.5,100.70099,0.0,10.0,0.0,0.0,0.0,1.0,2.7528132303289414,0
Robin_public_Cami,2016-07-11 12:00:00,0,normal,100.0,100.0,94.4551,0.1404400805139521,0.0,0.0,0.0,0.0,0.09830805635976646,2.7528132303289414,0
Robin_public_Cami,2016-07-11 13:00:00,0,normal,95.75,95.75,91.677795,0.0,0.0,0.0,0.0,0.0,0.0,2.7528132303289414,0
Robin_public_Cami,2016-07-11 14:00:00,0,normal,92.5,92.5,89.6728,0.0,0.0,0.47236931680466,0.0,0.0,0.094473863360932,2.7528132303289414,0
Robin_public_Cami,2016-07-11 15:00:00,0,normal,92.75,92.75,86.47677,0.2884490714225438,0.4874869278384372,0.08604508216161647,0.0,0.0,0.2678720592119477,2.7528132303289414,0
Robin_public_Cami,2016-07-11 16:00:00,0,normal,95.75,95.75,84.96903,1.2044942420675042,3.0156720953133935,0.6535905570509466,0.0,0.0,1.2754312903887817,2.7528132303289414,0
Robin_public_Cami,2016-07-11 17:00:00,0,normal,92.5,92.5,90.425064,0.0,4.177649782628426,0.6624782062719793,1.4258288904493628,0.0,0.5502606195172385,2.7528132303289414,0
Robin_public_Cami,2016-07-11 18:00:00,0,normal,89.0,89.0,91.37751,0.0,0.0,0.6681459079523169,1.3485198580218307,0.0,0.1336291815904634,2.7528132303289414,0
Robin_public_Cami,2016-07-11 19:00:00,0,normal,86.5,86.5,89.230774,0.0,0.0,0.1990419026149005,1.5542064464070415,0.12019107904531912,0.03980838052298011,2.7528132303289414,0
Robin_public_Cami,2016-07-11 20:00:00,0,normal,82.25,82.25,86.23311,0.19000287614218486,0.0909098761159709,0.2905650770016565,1.2370342357375714,0.25235050687567306,0.20020601631145782,2.7528132303289414,0
Robin_public_Cami,2016-07-11 21:00:00,0,normal,78.5,78.5,81.64693,0.0,0.0909098761159709,0.1936758734209985,0.730775961054198,0.27678924324093035,0.047826162295796795,2.7528132303289414,0
Robin_public_Cami,2016-07-11 22:00:00,0,normal,74.75,74.75,77.37749,0.0,0.0,0.06822806493198418,0.4194930540051239,0.2561769672075271,0.013645612986396835,2.7528132303289414,0
Robin_public_Cami,2016-07-11 23:00:00,0,normal,78.5,78.5,74.815636,0.12887677991422783,0.0,0.08999781519546135,0.3327669151620418,3.582946815835595,0.10821330897905174,2.7528132303289414,0
Robin_public_Cami,2016-07-12 00:00:00,1,contextual_after_hours,78.75,122.62136695805432,78.7306,10.0,10.0,0.4869132334720057,0.5267658703101765,3.2339362108949166,8.0973826466944,2.7528132303289414,1
Robin_public_Cami,2016-07-12 01:00:00,1,contextual_after_hours,78.25,122.12136695805432,96.60722,7.709139627135557,10.0,0.0,0.0,1.670970157558383,6.39639773899489,2.7528132303289414,1
Robin_public_Cami,2016-07-12 02:00:00,1,contextual_after_hours,78.25,122.12136695805432,100.70099,6.336224155451086,4.856111702855573,0.0,0.0,0.9324584081428904,4.920968079101318,2.7528132303289414,1
Robin_public_Cami,2016-07-12 03:00:00,1,contextual_after_hours,78.75,122.62136695805432,100.70099,6.503907862856745,0.0010001532544543145,1.4825226088156558,0.0,0.4816834908754117,4.849340041088298,2.7528132303289414,1
Robin_public_Cami,2016-07-12 04:00:00,1,contextual_after_hours,78.25,122.12136695805432,100.70099,6.336224155451086,0.0010001532544543145,1.4730518014967713,0.0,0.1386731633066121,4.73006728444056,2.7528132303289414,1
Robin_public_Cami,2016-07-12 05:00:00,1,contextual_after_hours,77.75,121.62136695805432,100.70099,5.548601430640672,2.498339812445438,1.4571830731132753,0.0,0.0,4.4252915973156695,2.7528132303289414,1
Robin_public_Cami,2016-07-12 06:00:00,0,normal,79.25,79.25,100.70099,4.568193760607292,3.2749476333497616,1.2462091105279314,3.1039370580188836,0.0,3.7744722178656667,2.7528132303289414,1
Robin_public_Cami,2016-07-12 07:00:00,0,normal,79.5,79.5,86.95982,1.2773334544346047,10.0,0.0,0.0,0.0,1.8941334181042233,2.7528132303289414,0
Robin_public_Cami,2016-07-12 08:00:00,0,normal,82.75,82.75,79.40648,0.02515920274504691,4.3697221891664695,0.0,0.0,0.0,0.4545836608381798,2.7528132303289414,0
Robin_public_Cami,2016-07-12 09:00:00,0,normal,83.5,83.5,82.6127,0.0,0.0,0.36268577833074656,0.0,0.0,0.07253715566614931,2.7528132303289414,0
Robin_public_Cami,2016-07-12 10:00:00,0,normal,87.75,87.75,82.122444,0.7199598118860394,2.225769009256094,0.2928304821640945,0.0,0.0,0.7851148656786558,2.7528132303289414,0
Robin_public_Cami,2016-07-12 11:00:00,0,normal,93.5,93.5,87.015755,0.44506700304879765,0.4328773755531061,0.0,0.0,0.0,0.35483463968946893,2.7528132303289414,0
Robin_public_Cami,2016-07-12 12:00:00,0,normal,95.5,95.5,96.056625,0.0,1.1184008742263927,0.0,0.0,0.0,0.11184008742263928,2.7528132303289414,0
Robin_public_Cami,2016-07-12 13:00:00,0,normal,98.0,98.0,100.536606,0.0,0.0,0.0,0.0,0.0,0.0,2.7528132303289414,0
Robin_public_Cami,2016-07-12 14:00:00,0,normal,96.75,96.75,100.70099,0.0,0.0,0.06707444421306225,0.0,0.0,0.01341488884261245,2.7528132303289414,0
Robin_public_Cami,2016-07-12 15:00:00,0,normal,98.0,98.0,100.70099,0.0,0.0,0.5246507187148207,0.0,0.0,0.10493014374296415,2.7528132303289414,0
Robin_public_Cami,2016-07-12 16:00:00,0,normal,97.0,97.0,100.70099,0.0,0.0,0.9002366366963965,0.32957409271110005,0.0,0.1800473273392793,2.7528132303289414,0
Robin_public_Cami,2016-07-12 17:00:00,0,normal,93.5,93.5,100.70099,0.22128072545200822,0.21690842007375924,0.9525711046808242,1.3141949226347696,0.24246527438839197,0.36710157075994654,2.7528132303289414,0
Robin_public_Cami,2016-07-12 18:00:00,0,normal,91.5,91.5,98.39483,1.1107108840414461,2.90845715437557,0.028963429076980515,1.3135874600902224,1.6176243899903897,1.0741360200819654,2.7528132303289414,0
Robin_public_Cami,2016-07-12 19:00:00,0,normal,88.5,88.5,94.74978,0.9134396975077603,0.12018927180878038,0.0,0.761415857015104,2.0750438859733737,0.6514267154363103,2.7528132303289414,0
Robin_public_Cami,2016-07-12 20:00:00,0,normal,83.75,83.75,91.50078,1.372479958276209,1.1746902344564778,0.0,0.376750842785829,2.7778672950883827,1.078204994238994,2.7528132303289414,0
Robin_public_Cami,2016-07-12 21:00:00,0,normal,80.5,80.5,85.539795,0.5433987287289612,2.665349736298084,0.0,0.0,2.883924346642684,0.6469140837400812,2.7528132303289414,0
Robin_public_Cami,2016-07-12 22:00:00,0,normal,76.0,76.0,81.2558,0.6094575572422521,0.0,0.0,0.0,2.489816152428093,0.42662029006957647,2.7528132303289414,0
Robin_public_Cami,2016-07-12 23:00:00,0,normal,79.5,79.5,78.08656,0.0,1.7806257690270686,0.0,0.0,1.57585132953306,0.17806257690270688,2.7528132303289414,0
Robin_public_Cami,2016-07-13 00:00:00,0,normal,83.4167,83.4167,78.17873,0.9091730314853179,2.9879886213183213,0.012893686588181371,0.0,1.278117856005929,0.9377987214891909,2.7528132303289414,0
Robin_public_Cami,2016-07-13 01:00:00,0,normal,79.0,79.0,82.4446,0.3077348899476849,1.7483206481677234,0.0,0.15802509159027928,1.1284345923533432,0.39024648778015175,2.7528132303289414,0
Robin_public_Cami,2016-07-13 02:00:00,0,normal,79.75,79.75,80.48279,0.0,0.5651772136740025,0.0,0.5207486377050453,1.0009859706737092,0.056517721367400256,2.7528132303289414,0
Robin_public_Cami,2016-07-13 03:00:00,0,normal,79.5,79.5,81.005295,0.0,0.0,0.0,0.6592522209301483,0.8954257388853024,0.0,2.7528132303289414,0
Robin_public_Cami,2016-07-13 04:00:00,0,normal,79.25,79.25,80.698456,0.0,0.0,1.0812650310696854,0.5379180199617091,0.9060886080791227,0.2162530062139371,2.7528132303289414,0
Robin_public_Cami,2016-07-13 05:00:00,0,normal,79.75,79.75,78.74591,0.0,0.0,1.199622151767105,0.7463054100851493,0.9675275248754227,0.23992443035342104,2.7528132303289414,0
Robin_public_Cami,2016-07-13 06:00:00,0,normal,80.25,80.25,77.58543,0.0,0.0,1.041194021766788,0.3817653043833359,0.6694679882243038,0.20823880435335762,2.7528132303289414,0
Robin_public_Cami,2016-07-13 07:00:00,0,normal,79.5,79.5,78.667465,0.0,0.0,0.5947683780031232,1.982606213548526,1.7273641844109424,0.11895367560062464,2.7528132303289414,0
Robin_public_Cami,2016-07-13 08:00:00,0,normal,81.75,81.75,80.54006,0.0,0.0,0.7826194681154847,2.257712016481091,3.5515870400587515,0.15652389362309693,2.7528132303289414,0
Robin_public_Cami,2016-07-13 09:00:00,0,normal,82.75,82.75,84.66246,0.0,0.0,0.0,1.0707110379689408,4.250362353529891,0.0,2.7528132303289414,0
Robin_public_Cami,2016-07-13 10:00:00,0,normal,86.0,86.0,86.199814,0.0,0.0,0.0,0.5648764261684588,3.7723319481088966,0.0,2.7528132303289414,0
Robin_public_Cami,2016-07-13 11:00:00,0,normal,95.25,95.25,89.04798,0.37933655565565993,0.8536147444898998,0.0,0.0,3.2298727369126765,0.35089706340795196,2.7528132303289414,0
Robin_public_Cami,2016-07-13 12:00:00,0,normal,99.75,99.75,95.42437,0.0,0.8536147444898998,0.0,0.0,0.5588183126970376,0.08536147444898999,2.7528132303289414,0
Robin_public_Cami,2016-07-13 13:00:00,0,normal,96.75,96.75,99.917496,0.0,0.0,0.0,0.0,0.0,0.0,2.7528132303289414,0
Robin_public_Cami,2016-07-13 14:00:00,0,normal,92.75,92.75,99.622375,0.1772633078124009,0.03959026509337402,0.0,0.0,0.0,0.12804334197801803,2.7528132303289414,0
Robin_public_Cami,2016-07-13 15:00:00,0,normal,109.0,109.0,97.84438,0.7509991568397244,1.6367257464205782,0.0,0.0,0.0,0.6893719844298649,2.7528132303289414,0
Robin_public_Cami,2016-07-13 16:00:00,0,normal,108.25,108.25,100.70099,0.2678979831379371,1.2716163359241905,0.0,0.0,0.0,0.314690221788975,2.7528132303289414,0
Robin_public_Cami,2016-07-13 17:00:00,0,normal,107.0,107.0,100.70099,0.10046174367672642,3.2624398778723995e-06,0.0,0.0,0.0,0.07032354681769627,2.7528132303289414,0
Robin_public_Cami,2016-07-13 18:00:00,0,normal,105.0,105.0,100.70099,0.31684998567560985,0.19719971870733619,0.3042381497619319,0.0,0.0,0.30236259179604685,2.7528132303289414,0
Robin_public_Cami,2016-07-13 19:00:00,0,normal,97.25,97.25,100.44279,0.0,0.6018961318572199,0.0,0.0,0.0,0.060189613185721996,2.7528132303289414,0
Robin_public_Cami,2016-07-13 20:00:00,0,normal,93.25,93.25,93.11217,0.0,0.0,0.0,0.0,0.0,0.0,2.7528132303289414,0
Robin_public_Cami,2016-07-13 21:00:00,0,normal,89.0,89.0,86.82588,0.0,0.0,0.0,0.0,0.0,0.0,2.7528132303289414,0
Robin_public_Cami,2016-07-13 22:00:00,0,normal,84.75,84.75,82.266426,0.0,0.0,0.0,0.0,0.19321452163730546,0.0,2.7528132303289414,0
Robin_public_Cami,2016-07-13 23:00:00,0,normal,89.25,89.25,78.35892,2.332857542658859,8.723107225102366,0.0,0.0,0.05883846424082513,2.505311002371438,2.7528132303289414,0
Robin_public_Cami,2016-07-14 00:00:00,0,normal,80.5833,80.5833,81.36621,0.0,8.723107225102366,0.0,0.0,0.0,0.8723107225102367,2.7528132303289414,0
Robin_public_Cami,2016-07-14 01:00:00,0,normal,87.1667,87.1667,78.992966,1.8937314402204837,6.954147698089209,0.0,0.0,0.0,2.0210267779632596,2.7528132303289414,0
Robin_public_Cami,2016-07-14 02:00:00,0,normal,86.5,86.5,81.299164,0.6645303201467181,4.2771780661652965,0.0,0.0,0.0,0.8928890307192323,2.7528132303289414,0
Robin_public_Cami,2016-07-14 03:00:00,0,normal,87.0,87.0,82.92587,0.3144611643080436,0.7357150217230777,0.0,0.0,0.0,0.29369431718793826,2.7528132303289414,0
Robin_public_Cami,2016-07-14 04:00:00,0,normal,86.25,86.25,83.12737,0.01882956374994308,0.5164207654578388,1.004754581100902,0.04148618790971693,0.0,0.26577368739092444,2.7528132303289414,0
Robin_public_Cami,2016-07-14 05:00:00,0,normal,85.0,85.0,83.215256,0.0,0.0,0.9335030915176047,0.031901604502940537,0.0,0.18670061830352094,2.7528132303289414,0
Robin_public_Cami,2016-07-14 06:00:00,0,normal,87.25,87.25,82.90656,0.20075915399755176,0.1342400723438804,0.22217240661579188,0.1656045396106248,0.18655532030188096,0.19838989635583265,2.7528132303289414,0
Robin_public_Cami,2016-07-14 07:00:00,0,normal,87.0,87.0,84.74599,0.0,0.1342400723438804,0.11341634854282787,1.4130226982289942,1.3600518818410832,0.03610727694295361,2.7528132303289414,0
Robin_public_Cami,2016-07-14 08:00:00,0,normal,90.75,90.75,88.700836,0.0,0.0,0.014657194794983225,1.4023565549967578,2.4875408946255453,0.0029314389589966453,2.7528132303289414,0
Robin_public_Cami,2016-07-14 09:00:00,0,normal,93.75,93.75,95.53917,0.0,0.0,0.0,0.3388097355485929,2.9833192672007995,0.0,2.7528132303289414,0
Robin_public_Cami,2016-07-14 10:00:00,0,normal,90.75,90.75,98.90915,1.490067446595159,5.328042432948647,0.0,0.0,1.954872312152071,1.5758514559114758,2.7528132303289414,0
Robin_public_Cami,2016-07-14 11:00:00,0,normal,94.5,94.5,98.58331,0.2502029971619298,4.320133832072539,0.0,0.0,1.8296444216341863,0.6071554812206048,2.7528132303289414,0
Robin_public_Cami,2016-07-14 12:00:00,0,normal,98.5,98.5,99.76445,0.0,0.3334178413995133,0.0,0.0,1.3033239835276313,0.033341784139951335,2.7528132303289414,0
Robin_public_Cami,2016-07-14 13:00:00,0,normal,98.0,98.0,100.70099,0.0,0.0,0.0,0.0,1.040398475671378,0.0,2.7528132303289414,0
Robin_public_Cami,2016-07-14 14:00:00,0,normal,93.75,93.75,100.70099,0.42618034925884596,1.0423185690078758,0.0,0.0,0.664606967513825,0.4025581013819797,2.7528132303289414,0
Robin_public_Cami,2016-07-14 15:00:00,0,normal,92.0,92.0,99.78298,0.5952548534444325,0.006602788124782717,0.0,0.0,0.7183726544310857,0.417338676223581,2.7528132303289414,0
Robin_public_Cami,2016-07-14 16:00:00,0,normal,94.0,94.0,97.06764,0.0,1.7234121166092538,0.0,0.0,0.5362594204664701,0.1723412116609254,2.7528132303289414,0
Robin_public_Cami,2016-07-14 17:00:00,0,normal,93.75,93.75,97.19901,0.0,0.0,0.0,0.0,0.3654361993264206,0.0,2.7528132303289414,0
Robin_public_Cami,2016-07-14 18:00:00,0,normal,86.0,86.0,96.2932,1.8464590322993197,6.763717259332201,0.0,0.0,0.4003754170939506,1.968893048542744,2.7528132303289414,0
Robin_public_Cami,2016-07-14 19:00:00,0,normal,85.0,85.0,91.47281,0.8435720009127716,3.365502670288014,0.0,0.0,0.0,0.9270506676677415,2.7528132303289414,0
Robin_public_Cami,2016-07-14 20:00:00,0,normal,80.5,80.5,87.10152,0.8773589991503832,0.0,0.0,0.0,0.0,0.6141512994052681,2.7528132303289414,0
Robin_public_Cami,2016-07-14 21:00:00,0,normal,75.75,75.75,81.882034,0.7541155656263958,0.0,0.0,0.0,0.0,0.527880895938477,2.7528132303289414,0
Robin_public_Cami,2016-07-14 22:00:00,0,normal,72.25,72.25,75.32587,0.0,2.363360798142745,0.0,0.0,0.0,0.2363360798142745,2.7528132303289414,0
Robin_public_Cami,2016-07-14 23:00:00,0,normal,78.0,78.0,72.104935,0.8049601441710681,2.5681812383628495,0.0,0.0,0.0,0.8202902247560326,2.7528132303289414,0
Robin_public_Cami,2016-07-15 00:00:00,0,normal,78.9167,78.9167,75.6563,0.2459580751546945,1.577372726013545,0.0,0.0,0.0,0.32990792520964063,2.7528132303289414,0
Robin_public_Cami,2016-07-15 01:00:00,0,normal,73.4167,73.4167,78.661766,0.9115515405417488,2.006761607841658,0.0,0.0,0.0,0.83876223916339,2.7528132303289414,0
Robin_public_Cami,2016-07-15 02:00:00,0,normal,72.75,72.75,75.36552,0.029686359616677187,2.877982675093391,0.0,0.0,0.0,0.3085787192410131,2.7528132303289414,0
Robin_public_Cami,2016-07-15 03:00:00,0,normal,75.5,75.5,74.728195,0.0,0.0,0.0,0.0,0.0,0.0,2.7528132303289414,0
Robin_public_Cami,2016-07-15 04:00:00,0,normal,74.5,74.5,74.99448,0.0,0.0,0.0,0.0,0.0,0.0,2.7528132303289414,0
Robin_public_Cami,2016-07-15 05:00:00,0,normal,73.75,73.75,75.110886,0.0,0.0,0.0,0.10525863180909557,0.041896062150516875,0.0,2.7528132303289414,0
Robin_public_Cami,2016-07-15 06:00:00,0,normal,76.5,76.5,74.587975,0.0,0.0,0.3127547765146074,0.25645148984818344,1.0833987769080289,0.06255095530292148,2.7528132303289414,0
Robin_public_Cami,2016-07-15 07:00:00,0,normal,77.75,77.75,77.73923,0.0,0.0,0.0,0.8106954751455496,1.897083643391625,0.0,2.7528132303289414,0
Robin_public_Cami,2016-07-15 08:00:00,0,normal,78.5,78.5,81.19455,0.0,0.0,0.0,0.4977624302540692,3.369372418753309,0.0,2.7528132303289414,0
Robin_public_Cami,2016-07-15 09:00:00,0,normal,79.0,79.0,85.576416,1.0086019304413405,3.3885243605787023,0.21973320043313893,0.4846332065821303,3.8671455889673716,1.0888204274534363,2.7528132303289414,0
Robin_public_Cami,2016-07-15 10:00:00,0,normal,87.5,87.5,86.46521,0.0,3.3885243605787023,0.5651305423646399,0.28880503565046883,3.3891825518823135,0.45187854453079823,2.7528132303289414,0
Robin_public_Cami,2016-07-15 11:00:00,0,normal,96.25,96.25,91.35381,0.07520885466856347,0.0,0.0,0.0,1.564557977830588,0.05264619826799443,2.7528132303289414,0
Robin_public_Cami,2016-07-15 12:00:00,0,normal,99.5,99.5,97.39472,0.0,0.0,0.0,0.0,0.02406678784503701,0.0,2.7528132303289414,0
Robin_public_Cami,2016-07-15 13:00:00,0,normal,96.25,96.25,100.43788,0.0,0.0,0.0,0.0,0.0,0.0,2.7528132303289414,0
Robin_public_Cami,2016-07-15 14:00:00,0,normal,96.25,96.25,99.306305,0.0,0.0,0.0,0.0,0.0,0.0,2.7528132303289414,0
Robin_public_Cami,2016-07-15 15:00:00,0,normal,101.25,101.25,98.58108,0.0,0.0,0.0,0.0,0.0,0.0,2.7528132303289414,0
Robin_public_Cami,2016-07-15 16:00:00,0,normal,101.25,101.25,99.979744,0.0,0.0,0.0,0.0,0.0,0.0,2.7528132303289414,0
Robin_public_Cami,2016-07-15 17:00:00,0,normal,100.5,100.5,99.064476,0.0,0.0,0.0,0.2568934317970017,0.0,0.0,2.7528132303289414,0
Robin_public_Cami,2016-07-15 18:00:00,0,normal,97.25,97.25,98.016754,0.0,0.0,0.9220919630953667,0.365102764662634,0.0,0.18441839261907333,2.7528132303289414,0
Robin_public_Cami,2016-07-15 19:00:00,0,normal,92.5,92.5,95.85225,0.024396515130232926,0.0,0.0,0.3485262334683893,0.0,0.017077560591163048,2.7528132303289414,0
Robin_public_Cami,2016-07-15 20:00:00,0,normal,89.75,89.75,89.948845,0.0,0.0,0.0,0.0016640271023344734,0.0929316463960523,0.0,2.7528132303289414,0
Robin_public_Cami,2016-07-15 21:00:00,0,normal,85.25,85.25,82.98341,0.0,0.0,0.0,0.0,0.6025178363496402,0.0,2.7528132303289414,0
Robin_public_Cami,2016-07-15 22:00:00,0,normal,82.5,82.5,77.210625,0.5329098650723967,1.47226384614698,0.0,0.0,1.1599424561312943,0.5202632901653756,2.7528132303289414,0
Robin_public_Cami,2016-07-15 23:00:00,0,normal,85.25,85.25,76.88576,1.3400906660626972,2.5771268510576895,0.0,0.0,0.6470705822046613,1.195776151349657,2.7528132303289414,0
Robin_public_Cami,2016-08-28 00:00:00,0,normal,51.4167,51.4167,53.07543,0.0,4.723881456681264,0.0,0.0,0.0,0.4723881456681264,2.7528132303289414,0
Robin_public_Cami,2016-08-28 01:00:00,0,normal,51.3333,51.3333,48.523575,0.0,0.0,0.0,0.0,0.0,0.0,2.7528132303289414,0
Robin_public_Cami,2016-08-28 02:00:00,0,normal,52.0,52.0,48.577656,0.15515012071841958,0.0,0.876347150574124,0.0,0.0,0.2838745146177185,2.7528132303289414,0
Robin_public_Cami,2016-08-28 03:00:00,0,normal,51.0,51.0,50.594826,0.0,0.0,1.3075938627593453,0.0,0.0,0.26151877255186906,2.7528132303289414,0
Robin_public_Cami,2016-08-28 04:00:00,0,normal,51.25,51.25,52.396797,0.0,0.0,1.200622047763128,0.40225603187628367,0.0,0.2401244095526256,2.7528132303289414,0
Robin_public_Cami,2016-08-28 05:00:00,0,normal,51.5,51.5,55.050644,0.3432975707526051,0.7084366160795333,1.2160289729152636,2.7021414482020143,0.0,0.5543577557178295,2.7528132303289414,0
Robin_public_Cami,2016-08-28 06:00:00,0,normal,49.5,49.5,59.42134,2.0261240578985555,6.104545900419222,1.4726424859669902,3.1792928389426174,0.0,2.323269927764309,2.7528132303289414,0
Robin_public_Cami,2016-08-28 07:00:00,0,normal,55.0,55.0,59.90562,0.5003479730085489,5.471889805167204,0.8726905418956841,2.533131182794396,0.0,1.0719706700018414,2.7528132303289414,0
Robin_public_Cami,2016-08-28 08:00:00,0,normal,75.75,75.75,72.3508,0.04209678511056072,1.1715115621708676,0.20885578905941554,1.731346603162372,0.0,0.1883900636063624,2.7528132303289414,0
Robin_public_Cami,2016-08-28 09:00:00,0,normal,89.75,89.75,85.63495,0.0,0.0,0.0,0.0,0.589433034025224,0.0,2.7528132303289414,0
Robin_public_Cami,2016-08-28 10:00:00,0,normal,90.0,90.0,96.11161,0.3582804948422764,0.7687932793791341,0.0,0.0,1.1620797753613714,0.3276756743275069,2.7528132303289414,0
Robin_public_Cami,2016-08-28 11:00:00,0,normal,93.5,93.5,100.09889,0.47176822041949085,0.0,0.0,0.0,0.49696484624666487,0.33023775429364355,2.7528132303289414,0
Robin_public_Cami,2016-08-28 12:00:00,0,normal,100.75,100.75,100.70099,0.0,1.225963081502298,0.4173084914101783,0.0,0.09192584208894809,0.20605800643226546,2.7528132303289414,0
Robin_public_Cami,2016-08-28 13:00:00,0,normal,102.75,102.75,100.70099,0.0,0.0,0.0,0.0,0.0,0.0,2.7528132303289414,0
Robin_public_Cami,2016-08-28 14:00:00,0,normal,100.75,100.75,100.70099,0.0,0.0,0.0,0.0,0.0,0.0,2.7528132303289414,0
Robin_public_Cami,2016-08-28 15:00:00,0,normal,100.5,100.5,100.70099,0.0,0.0,0.8296117822095155,0.2766717509912159,0.0,0.16592235644190312,2.7528132303289414,0
Robin_public_Cami,2016-08-28 16:00:00,0,normal,102.25,102.25,100.058075,0.0,0.0,0.7819875816977571,0.42895562643560087,0.0,0.15639751633955143,2.7528132303289414,0
Robin_public_Cami,2016-08-28 17:00:00,0,normal,101.25,101.25,98.95686,0.0,0.0,0.9461528440662419,0.9139581781885131,0.0,0.1892305688132484,2.7528132303289414,0
Robin_public_Cami,2016-08-28 18:00:00,0,normal,103.5,103.5,97.73543,0.6576533852401286,1.974776079440683,0.9857233312145702,2.433389058901526,0.0,0.8549796438550723,2.7528132303289414,0
Robin_public_Cami,2016-08-28 19:00:00,0,normal,102.0,102.0,99.32976,0.0,1.974776079440683,0.8321496065320562,2.160573558385521,0.5746496557716111,0.36390752925047953,2.7528132303289414,0
Robin_public_Cami,2016-08-28 20:00:00,0,normal,101.0,101.0,95.775764,0.5158100790052521,1.4033796934960745,0.8179796430715165,2.228463869584032,2.44038697928212,0.6650009532675871,2.7528132303289414,0
Robin_public_Cami,2016-08-28 21:00:00,0,normal,96.25,96.25,88.38693,1.2085276598843506,2.1160274024392143,0.7534070626535626,2.2626708251753485,4.74939738554376,1.2082535146936793,2.7528132303289414,0
Robin_public_Cami,2016-08-28 22:00:00,0,normal,54.75,54.75,82.71893,6.486501403070462,10.0,0.0752826247817073,1.2443495374290283,5.647095446879105,5.555607507105664,2.7528132303289414,1
Robin_public_Cami,2016-08-28 23:00:00,0,normal,52.25,52.25,56.77809,0.38690799588117886,10.0,0.0,0.0,0.7623989800705293,1.2708355971168253,2.7528132303289414,0
Robin_public_Cami,2016-08-29 00:00:00,0,normal,50.4167,50.4167,62.335976,3.1498639582340875,10.0,0.0,0.0,0.0,3.204904770763861,2.7528132303289414,1
Robin_public_Cami,2016-08-29 01:00:00,0,normal,52.3333,52.3333,55.677185,0.132504577727067,10.0,0.3588684588727127,0.0,0.0,1.1645268961834894,2.7528132303289414,0
Robin_public_Cami,2016-08-29 02:00:00,0,normal,51.75,51.75,52.948494,0.0,0.0,0.8557422393384319,0.0,0.0,0.17114844786768638,2.7528132303289414,0
Robin_public_Cami,2016-08-29 03:00:00,0,normal,51.0,51.0,52.73182,0.0,0.0,0.916560045568191,0.0,0.0,0.1833120091136382,2.7528132303289414,0
Robin_public_Cami,2016-08-29 04:00:00,0,normal,51.75,51.75,54.09205,0.0,0.0,1.1273558384535,1.893805503200431,0.0,0.22547116769070003,2.7528132303289414,0
Robin_public_Cami,2016-08-29 05:00:00,0,normal,51.0,51.0,57.793423,1.430819906361013,5.089371809254634,1.3116544282690323,2.625207839409174,0.0,1.7728420010319788,2.7528132303289414,0
Robin_public_Cami,2016-08-29 06:00:00,0,normal,51.25,51.25,62.33052,2.378745120420713,3.144096495974044,1.3120436215420481,2.687593106555871,0.0,2.2419399582003128,2.7528132303289414,0
Robin_public_Cami,2016-08-29 07:00:00,0,normal,50.75,50.75,68.99437,4.55797930644019,8.104256515044407,1.3544705795266616,2.9016278314175796,0.0,4.271905281917906,2.7528132303289414,1
Robin_public_Cami,2016-08-29 08:00:00,0,normal,53.75,53.75,71.76494,4.488186626679197,0.0,1.476325388971244,3.059204487421755,0.0,3.4369957164696867,2.7528132303289414,1
Robin_public_Cami,2016-08-29 09:00:00,0,normal,56.75,56.75,73.53118,4.112879229870536,0.8373838283847712,0.6054561849652941,2.257675621089078,0.9874562343604605,3.0838450807409115,2.7528132303289414,1
Robin_public_Cami,2016-08-29 10:00:00,0,normal,58.25,58.25,76.052124,4.423448763908076,0.5765961902290198,0.13258108126424445,1.4001845838007205,10.0,3.180589970011404,2.7528132303289414,1
Robin_public_Cami,2016-08-29 11:00:00,0,normal,61.25,61.25,75.95398,2.3594396301323988,7.640088129732208,0.34629995294948357,0.993793933224743,8.7758723098375,2.4848765446557968,2.7528132303289414,0
Robin_public_Cami,2016-08-29 12:00:00,0,normal,63.5,63.5,77.08911,1.7751546090617059,1.6792216451717539,0.3399383056333922,0.6781935332108925,6.757994389944926,1.478518051987048,2.7528132303289414,0
Robin_public_Cami,2016-08-29 13:00:00,0,normal,61.5,61.5,77.39897,2.244555703395731,1.216427437373484,0.20922327831997048,0.4964805337471153,5.357571901040572,1.7346763917783543,2.7528132303289414,0
Robin_public_Cami,2016-08-29 14:00:00,0,normal,59.75,59.75,74.34672,1.9799166075145969,0.3915716933806147,0.7474106855451229,0.7697617438187556,4.744802570479377,1.5745809317073036,2.7528132303289414,0
Robin_public_Cami,2016-08-29 15:00:00,0,normal,59.25,59.25,71.74542,1.5528992576755452,1.0456903115261387,0.4128283284222355,1.2043529419529022,4.512775847808917,1.2741641772099426,2.7528132303289414,0
Robin_public_Cami,2016-08-29 16:00:00,0,normal,59.25,59.25,69.475235,1.0915603307839554,1.183950096977457,0.715449388916791,1.4644992285770067,4.448526287395624,1.0255771190298726,2.7528132303289414,0
Robin_public_Cami,2016-08-29 17:00:00,0,normal,58.75,58.75,66.07609,0.5024065920102592,1.6988346094597822,1.382609579124077,1.528768768425516,4.325223036661684,0.7980899911779751,2.7528132303289414,0
Robin_public_Cami,2016-08-29 18:00:00,0,normal,55.5,55.5,65.12455,1.670932872693954,4.032757762764814,1.3546139432309934,1.3081098428350268,4.4063689584303205,1.8438515758084477,2.7528132303289414,0
Robin_public_Cami,2016-08-29 19:00:00,0,normal,54.75,54.75,64.03773,1.5825138805069905,0.0,0.08282591045954464,1.0477003381569368,4.371845690305812,1.1243248984468022,2.7528132303289414,0
Robin_public_Cami,2016-08-29 20:00:00,0,normal,53.0,53.0,63.05167,1.7830558374737602,0.13336512377054965,0.0,0.6949429194626697,4.411796664264871,1.261475598608687,2.7528132303289414,0
Robin_public_Cami,2016-08-29 21:00:00,0,normal,50.0,50.0,59.06304,1.5235318355693697,0.3709662359243519,0.040469209341550946,0.09633337463591346,2.750902730835463,1.111662750359304,2.7528132303289414,0
Robin_public_Cami,2016-08-29 22:00:00,0,normal,44.25,44.25,54.467255,1.8265233013889945,0.5460689774398032,0.0,0.0,0.0,1.3331732087162764,2.7528132303289414,0
Robin_public_Cami,2016-08-29 23:00:00,0,normal,48.75,48.75,50.32183,0.0,6.683408890219163,0.0,0.0,0.0,0.6683408890219164,2.7528132303289414,0
Robin_public_Cami,2016-08-30 00:00:00,0,normal,68.25,68.25,49.84392,5.325326207323973,10.0,0.0,0.0,0.0,4.72772834512678,2.7528132303289414,1
Robin_public_Cami,2016-08-30 01:00:00,0,normal,48.5833,48.5833,60.360138,3.102094992491611,8.28149253642108,0.0,0.0,0.0,2.9996157483862356,2.7528132303289414,1
Robin_public_Cami,2016-08-30 02:00:00,0,normal,48.5,48.5,54.492035,1.1620605560186565,7.140672994342937,0.0,0.0,0.0,1.5275096886473534,2.7528132303289414,0
Robin_public_Cami,2016-08-30 03:00:00,0,normal,48.25,48.25,53.924637,1.0556155853843454,0.0,0.0,0.0,0.0,0.7389309097690417,2.7528132303289414,0
Robin_public_Cami,2016-08-30 04:00:00,0,normal,48.75,48.75,52.863228,0.5319698867374967,1.4349444170187413,1.1071852652841294,0.0,0.0,0.7373104154749477,2.7528132303289414,0
Robin_public_Cami,2016-08-30 05:00:00,0,normal,48.5,48.5,51.92019,0.29954720892201797,0.26179225338142265,0.9141025489058643,0.0,0.0,0.4186827813647277,2.7528132303289414,0
Robin_public_Cami,2016-08-30 06:00:00,0,normal,73.25,73.25,52.390495,5.353500277255418,10.0,0.9230958020650932,0.0,0.0,4.93206935449181,2.7528132303289414,1
Robin_public_Cami,2016-08-30 07:00:00,0,normal,90.25,90.25,67.73333,5.857608031496103,1.3562384765073017,0.0,0.0,0.0,4.235949469698002,2.7528132303289414,1
Robin_public_Cami,2016-08-30 08:00:00,0,normal,91.75,91.75,83.145905,1.625419570952074,10.0,0.0,0.0,0.0,2.1377936996664517,2.7528132303289414,0
Robin_public_Cami,2016-08-30 09:00:00,0,normal,98.0,98.0,90.33106,1.3409457036886974,0.47147336082401026,0.0,0.0,0.0,0.9858093286644891,2.7528132303289414,0
Robin_public_Cami,2016-08-30 10:00:00,0,normal,103.25,103.25,95.74086,0.6837645498307279,1.9728737598158952,0.0,0.0,0.0,0.675922560863099,2.7528132303289414,0
Robin_public_Cami,2016-08-30 11:00:00,0,normal,112.5,112.5,98.83319,2.1178830789750482,5.1026598606051525,0.0,0.0,0.0,1.9927841413430492,2.7528132303289414,0
Robin_public_Cami,2016-08-30 12:00:00,0,normal,116.75,116.75,100.70099,2.2750462004962966,0.0,0.0,0.0,0.0,1.5925323403474074,2.7528132303289414,0
Robin_public_Cami,2016-08-30 13:00:00,0,normal,111.5,111.5,100.70099,1.2081609778369966,3.6233106428382955,0.0,0.0,0.0,1.208043748769727,2.7528132303289414,0
Robin_public_Cami,2016-08-30 14:00:00,0,normal,110.25,110.25,100.70099,0.9541406867276397,0.34879528869361626,0.18682205926424775,0.0,0.0,0.740142421431559,2.7528132303289414,0
Robin_public_Cami,2016-08-30 15:00:00,0,normal,112.25,112.25,99.50304,1.6040165000942188,1.943445193423321,0.06137548212605123,0.1792625317218941,0.0,1.3294311658334954,2.7528132303289414,0
Robin_public_Cami,2016-08-30 16:00:00,0,normal,113.0,113.0,100.020905,1.6511894821333628,0.0,0.9767628296530768,0.7205240710668581,0.0,1.3511852034239693,2.7528132303289414,0
Robin_public_Cami,2016-08-30 17:00:00,0,normal,112.75,112.75,99.84112,1.6369209961770674,0.0,0.7885551757237783,1.6351794270594309,0.12226541529697696,1.3035557324687028,2.7528132303289414,0
Robin_public_Cami,2016-08-30 18:00:00,0,normal,110.25,110.25,99.99263,1.8370539496837994,0.1317175091942408,1.4157536193684732,1.670171009826842,1.4838685060504608,1.5822602395717784,2.7528132303289414,0
Robin_public_Cami,2016-08-30 19:00:00,0,normal,105.75,105.75,99.1208,0.8846271092039869,3.1622306831669595,0.7698841200282669,2.3584237422787155,3.002431918232049,1.0894388687651402,2.7528132303289414,0
Robin_public_Cami,2016-08-30 20:00:00,0,normal,101.75,101.75,97.305786,0.3110472507411636,1.6360973597369708,0.1346490227482326,1.4206234825036215,3.9216400579009405,0.40827261604215814,2.7528132303289414,0
Robin_public_Cami,2016-08-30 21:00:00,0,normal,96.75,96.75,95.42621,0.0,0.5785206067221333,0.0,0.7508526812559928,5.152880946286333,0.05785206067221334,2.7528132303289414,0
Robin_public_Cami,2016-08-30 22:00:00,0,normal,91.75,91.75,91.51936,0.0,0.0,0.0,0.30781740373733124,4.791194353784924,0.0,2.7528132303289414,0
Robin_public_Cami,2016-08-30 23:00:00,0,normal,89.75,89.75,87.82851,0.0,0.0,0.0,0.04092882033728835,3.304046897590939,0.0,2.7528132303289414,0
Robin_public_Cami,2016-08-31 00:00:00,0,normal,92.0833,92.0833,84.29642,1.763994039976817,6.431518300983033,0.0014251922070705899,0.0,2.3325486844878567,1.8782326965234892,2.7528132303289414,0
Robin_public_Cami,2016-08-31 01:00:00,0,normal,87.1667,87.1667,87.01424,0.0,6.431518300983033,0.7793294932301731,0.20717474588745582,2.202285827671751,0.799017728744338,2.7528132303289414,0
Robin_public_Cami,2016-08-31 02:00:00,0,normal,88.25,88.25,85.79552,0.0,0.0,0.23234774386349485,0.3322602431586349,1.6148395884015885,0.046469548772698974,2.7528132303289414,0
Robin_public_Cami,2016-08-31 03:00:00,0,normal,81.5,81.5,85.75416,0.5792332754581591,1.6588713779484725,0.12160744748580649,0.7166172468048642,1.191790595134858,0.5956719201127199,2.7528132303289414,0
Robin_public_Cami,2016-08-31 04:00:00,0,normal,78.0,78.0,83.149765,0.8795906779337885,0.5354580130237886,0.0,0.43588332618549913,0.6985712199896057,0.6692592758560307,2.7528132303289414,0
Robin_public_Cami,2016-08-31 05:00:00,0,normal,75.5,75.5,79.43956,0.4737273294914791,0.9604743061522192,0.0,0.0,0.27482193776033603,0.4276565612592573,2.7528132303289414,0
Robin_public_Cami,2016-08-31 06:00:00,0,normal,77.0,77.0,78.36007,0.0,1.2338550848200418,0.0,0.0,0.0,0.12338550848200419,2.7528132303289414,0
Robin_public_Cami,2016-08-31 07:00:00,0,normal,78.75,78.75,79.4162,0.0,0.0,0.3208916349958799,0.0,0.06712337802513109,0.06417832699917599,2.7528132303289414,0
Robin_public_Cami,2016-08-31 08:00:00,0,normal,81.25,81.25,83.59114,0.0,0.0,0.14857324674915012,0.0,0.5223444209365044,0.029714649349830025,2.7528132303289414,0
Robin_public_Cami,2016-08-31 09:00:00,0,normal,88.75,88.75,88.632034,0.0,0.0,0.0,0.6780581731415495,1.1444087939892262,0.0,2.7528132303289414,0
Robin_public_Cami,2016-08-31 10:00:00,0,normal,95.0,95.0,94.39125,0.0,0.0,0.0,0.0,1.6381679558200701,0.0,2.7528132303289414,0
Robin_public_Cami,2016-08-31 11:00:00,0,normal,103.0,103.0,99.19499,0.0,0.0,0.0,0.0,1.388443556957831,0.0,2.7528132303289414,0
Robin_public_Cami,2016-08-31 12:00:00,0,normal,113.0,113.0,100.70099,1.5129853271682252,5.420363984670489,0.0,0.0,0.5455476254828904,1.6011261274848065,2.7528132303289414,0
Robin_public_Cami,2016-08-31 13:00:00,0,normal,114.5,114.5,100.70099,1.8178096764994538,0.5534524983276594,0.0,0.0,0.0,1.3278120233823836,2.7528132303289414,0
Robin_public_Cami,2016-08-31 14:00:00,0,normal,112.75,112.75,100.70099,1.4621812689463538,0.7581097079617019,0.0,0.0,0.0,1.0993378590586178,2.7528132303289414,0
Robin_public_Cami,2016-08-31 15:00:00,0,normal,117.0,117.0,100.70099,2.325850258718168,2.804681804302126,0.5707175630138807,0.0,0.0,2.0227068741357064,2.7528132303289414,0
Robin_public_Cami,2016-08-31 16:00:00,0,normal,118.5,118.5,100.70099,2.630674608049397,0.5534524983276594,0.0,0.0,0.0,1.8968174754673437,2.7528132303289414,0
Robin_public_Cami,2016-08-31 17:00:00,0,normal,116.75,116.75,100.70099,2.2750462004962966,0.7581097079617025,0.0,0.0,0.0,1.6683433111435777,2.7528132303289414,0
Robin_public_Cami,2016-08-31 18:00:00,0,normal,112.25,112.25,100.70099,2.176121598031824,0.0,0.6145330843852979,0.7347417268317286,0.0,1.6461917354993363,2.7528132303289414,0
Robin_public_Cami,2016-08-31 19:00:00,0,normal,109.25,109.25,100.70099,1.3885941351390743,2.497956062821178,0.0,0.6593373912972172,0.0,1.2218115008794697,2.7528132303289414,0
Robin_public_Cami,2016-08-31 20:00:00,0,normal,105.5,105.5,99.38004,0.7509451555368796,1.8941910635671957,0.0,0.27938845282876645,0.0,0.7150807152325352,2.7528132303289414,0
Robin_public_Cami,2016-08-31 21:00:00,0,normal,105.0,105.0,94.72008,1.84297418482253,3.7245990336446724,0.0,0.0,0.5011843686697444,1.6625418327402384,2.7528132303289414,0
Robin_public_Cami,2016-08-31 22:00:00,0,normal,98.0,98.0,92.55986,0.6658334195811237,4.067460037223231,0.0,0.0,1.3971372937581001,0.8728293974291097,2.7528132303289414,0
Robin_public_Cami,2016-08-31 23:00:00,0,normal,98.0,98.0,88.54334,1.8941771765501647,4.273724295998162,0.0,0.0,1.6809731017982457,1.7532964531849315,2.7528132303289414,0
Robin_public_Cami,2016-09-01 00:00:00,0,normal,88.3333,88.3333,88.8193,0.0,6.9559432860138335,0.0,0.0,1.3212158297151142,0.6955943286013834,2.7528132303289414,0
Robin_public_Cami,2016-09-01 01:00:00,0,normal,94.9167,94.9167,84.308365,2.710217226701271,10.0,0.0,0.0,0.4872830980036353,2.8971520586908897,2.7528132303289414,1
Robin_public_Cami,2016-09-01 02:00:00,0,normal,93.25,93.25,87.27654,1.1558302424881879,5.587144905360374,0.0,0.0,0.3301782553008308,1.367795660277769,2.7528132303289414,0
Robin_public_Cami,2016-09-01 03:00:00,0,normal,91.75,91.75,88.952194,0.09082019172488338,3.6157567689697436,0.0,0.0,0.1950787480302545,0.42514981110439276,2.7528132303289414,0
Robin_public_Cami,2016-09-01 04:00:00,0,normal,91.75,91.75,88.258255,0.3235447902781836,0.2630084998368406,0.20477854350815408,0.1819033858756148,0.16955715447423256,0.29373791188004333,2.7528132303289414,0
Robin_public_Cami,2016-09-01 05:00:00,0,normal,91.25,91.25,90.087875,0.0,0.6288652378098235,0.6309936970075517,0.2795189044678765,0.2998223713489778,0.1890852631824927,2.7528132303289414,0
Robin_public_Cami,2016-09-01 06:00:00,0,normal,91.5,91.5,90.67244,0.0,0.0,1.2269957767802226,0.6588106249838489,0.5262927498063245,0.24539915535604453,2.7528132303289414,0
Robin_public_Cami,2016-09-01 07:00:00,0,normal,92.25,92.25,91.128265,0.0,0.0,1.2587349151839744,1.114558516853478,0.7865426325021815,0.2517469830367949,2.7528132303289414,0
Robin_public_Cami,2016-09-01 08:00:00,0,normal,92.0,92.0,95.80373,0.1651530323268217,0.0,0.8409630510677094,1.8766405090726055,1.2064738777367752,0.2837997328423171,2.7528132303289414,0
Robin_public_Cami,2016-09-01 09:00:00,0,normal,93.0,93.0,98.63922,0.7235083955304449,1.5747675599751627,0.9918863296192622,2.560135307163469,1.7141837275195442,0.8623098987926802,2.7528132303289414,0
Robin_public_Cami,2016-09-01 10:00:00,0,normal,94.0,94.0,100.426315,0.9629414761443934,0.29003270356120503,0.7902011081028746,1.949804018453043,3.525282174482289,0.8611025252777708,2.7528132303289414,0
Robin_public_Cami,2016-09-01 11:00:00,0,normal,100.25,100.25,100.70099,0.0,3.2045874568332273,0.31494255122068743,1.346231776665967,4.364716907589587,0.38344725592746026,2.7528132303289414,0
Robin_public_Cami,2016-09-01 12:00:00,0,normal,103.25,103.25,100.70099,0.0,0.0,0.0,0.005232628618865964,3.452516328308312,0.0,2.7528132303289414,0
Robin_public_Cami,2016-09-01 13:00:00,0,normal,100.75,100.75,100.70099,0.0,0.0,0.0,0.0,2.1395210751296436,0.0,2.7528132303289414,0
Robin_public_Cami,2016-09-01 14:00:00,0,normal,99.75,99.75,100.70099,0.0,0.0,0.0,0.0,1.5648435007922532,0.0,2.7528132303289414,0
Robin_public_Cami,2016-09-01 15:00:00,0,normal,101.5,101.5,100.70099,0.0,0.0,0.0,0.0,1.2607861708866388,0.0,2.7528132303289414,0
Robin_public_Cami,2016-09-01 16:00:00,0,normal,99.75,99.75,100.70099,0.0,0.0,0.2632856879110484,0.0,0.8521047468333675,0.05265713758220968,2.7528132303289414,0
Robin_public_Cami,2016-09-01 17:00:00,0,normal,95.75,95.75,100.70099,0.019747883483874552,0.0,0.046533328541576255,0.60308667558216,0.5157097155499212,0.023130184147027437,2.7528132303289414,0
Robin_public_Cami,2016-09-01 18:00:00,0,normal,94.25,94.25,99.14499,0.4293798532231461,0.9756556823217245,0.0,0.0,0.2647669049806847,0.3981314654883747,2.7528132303289414,0
Robin_public_Cami,2016-09-01 19:00:00,0,normal,91.25,91.25,96.53017,0.530492502483612,0.0,0.0,0.0,0.07191181513149754,0.3713447517385284,2.7528132303289414,0
Robin_public_Cami,2016-09-01 20:00:00,0,normal,88.75,88.75,93.084305,0.28219511697643135,0.3257413451203407,0.0,0.0,0.0,0.23011071639553599,2.7528132303289414,0
Robin_public_Cami,2016-09-01 21:00:00,0,normal,85.5,85.5,88.53736,0.0,0.46229372652900375,0.0,0.0,0.0,0.04622937265290038,2.7528132303289414,0
Robin_public_Cami,2016-09-01 22:00:00,0,normal,83.0,83.0,83.80171,0.0,0.0,0.0,0.0,0.0,0.0,2.7528132303289414,0
Robin_public_Cami,2016-09-01 23:00:00,0,normal,82.0,82.0,81.211105,0.0,0.0,0.0,0.0,0.0,0.0,2.7528132303289414,0
Robin_public_Cami,2016-09-02 00:00:00,0,normal,85.5,85.5,80.85896,0.7089798745614541,2.181537831404264,0.0,0.0,0.0,0.7144396953334442,2.7528132303289414,0
Robin_public_Cami,2016-09-02 01:00:00,0,normal,79.9167,79.9167,84.27804,0.6151779566151703,0.0,0.0,0.0,0.0,0.4306245696306192,2.7528132303289414,0
Robin_public_Cami,2016-09-02 02:00:00,0,normal,79.25,79.25,81.30286,0.0,1.8036696165980832,0.0,0.0,0.0,0.18036696165980834,2.7528132303289414,0
Robin_public_Cami,2016-09-02 03:00:00,0,normal,80.75,80.75,79.97666,0.0,0.0,0.0,0.0,0.0,0.0,2.7528132303289414,0
Robin_public_Cami,2016-09-02 04:00:00,0,normal,80.0,80.0,80.34736,0.0,0.0,0.2708243060885178,0.015222556003736539,0.0,0.054164861217703565,2.7528132303289414,0
Robin_public_Cami,2016-09-02 05:00:00,0,normal,78.0,78.0,80.016174,0.0,0.0,0.31149480549579217,0.06489406033078089,0.03246531094424513,0.06229896109915844,2.7528132303289414,0
Robin_public_Cami,2016-09-02 06:00:00,0,normal,79.25,79.25,78.976555,0.0,0.0,0.0,0.0030245354147713887,0.4727076699161025,0.0,2.7528132303289414,0
Robin_public_Cami,2016-09-02 07:00:00,0,normal,79.5,79.5,79.397865,0.0,0.0,0.1522896798593785,1.2112255772734064,1.2177675145230138,0.0304579359718757,2.7528132303289414,0
Robin_public_Cami,2016-09-02 08:00:00,0,normal,81.25,81.25,83.05634,0.0,0.0,0.3549120934045348,1.274608565931243,2.1707619196942587,0.07098241868090696,2.7528132303289414,0
Robin_public_Cami,2016-09-02 09:00:00,0,normal,87.75,87.75,88.63488,0.0,0.0,0.12842464752423413,1.0004793695874126,3.479644659108073,0.025684929504846826,2.7528132303289414,0
Robin_public_Cami,2016-09-02 10:00:00,0,normal,90.0,90.0,93.168076,0.0,0.0,0.0,0.0,2.7751932793115426,0.0,2.7528132303289414,0
Robin_public_Cami,2016-09-02 11:00:00,0,normal,98.0,98.0,95.84564,0.0,0.0,0.0,0.0,1.6573728300719928,0.0,2.7528132303289414,0
Robin_public_Cami,2016-09-02 12:00:00,0,normal,113.0,113.0,100.70099,1.5129853271682252,5.420363984670489,0.0,0.0,0.2281666555898799,1.6011261274848065,2.7528132303289414,0
Robin_public_Cami,2016-09-02 13:00:00,0,normal,113.0,113.0,100.70099,1.5129853271682252,0.0,0.0,0.0,0.0,1.0590897290177577,2.7528132303289414,0
Robin_public_Cami,2016-09-02 14:00:00,0,normal,111.25,111.25,100.70099,1.1573569196151252,0.7581097079617019,0.0,0.0,0.0,0.8859608145267578,2.7528132303289414,0
Robin_public_Cami,2016-09-02 15:00:00,0,normal,112.5,112.5,100.70099,1.4113772107244824,0.348795288693617,0.37472958957330055,0.0,0.0,1.0977894942911595,2.7528132303289414,0
Robin_public_Cami,2016-09-02 16:00:00,0,normal,112.75,112.75,100.70099,1.4621812689463538,0.0,0.508120864584399,0.0,0.0,1.1251510611793274,2.7528132303289414,0
Robin_public_Cami,2016-09-02 17:00:00,0,normal,110.5,110.5,100.70099,1.0049447449495112,1.167424127229786,0.6355834084045225,0.0,0.0,0.9473204158685409,2.7528132303289414,0
Robin_public_Cami,2016-09-02 18:00:00,0,normal,107.0,107.0,100.70099,0.9284961265977669,0.0,0.34888492380572156,1.6326027984215008,0.0,0.7197242733795811,2.7528132303289414,0
Robin_public_Cami,2016-09-02 19:00:00,0,normal,104.25,104.25,100.598564,0.11880649509283184,2.587233332125156,0.0,0.709763176987766,0.0,0.3418878797774979,2.7528132303289414,0
Robin_public_Cami,2016-09-02 20:00:00,0,normal,101.5,101.5,97.439735,0.24383575423076634,0.0,0.0,0.26839170424762826,0.0,0.17068502796153642,2.7528132303289414,0
Robin_public_Cami,2016-09-02 21:00:00,0,normal,98.5,98.5,92.92112,0.7082634773839703,1.1963928908438313,0.0,0.0,0.40163094488292694,0.6154237232531623,2.7528132303289414,0
Robin_public_Cami,2016-09-02 22:00:00,0,normal,93.75,93.75,89.686844,0.24472005403320127,1.1928306098690336,0.0,0.0,0.889818442194971,0.2905870988101442,2.7528132303289414,0
Robin_public_Cami,2016-09-02 23:00:00,0,normal,93.5,93.5,87.01732,0.9846666633888436,2.3062830930284157,0.0,0.0,1.134114173770528,0.919894973675032,2.7528132303289414,0
Robin_public_Cami,2016-09-03 00:00:00,0,normal,67.6667,67.6667,78.02429,2.6261261481756977,5.937904581397728,0.0,0.0,0.8267329156052822,2.432078761862761,2.7528132303289414,0
Robin_public_Cami,2016-09-03 01:00:00,0,normal,90.3333,90.3333,68.31449,6.536918258428773,10.0,0.0,0.0,0.0,5.575842780900141,2.7528132303289414,1
Robin_public_Cami,2016-09-03 02:00:00,0,normal,90.0,90.0,75.16184,4.128761871005925,9.02643833677782,0.0,0.0,0.0,3.7927771433819295,2.7528132303289414,1
Robin_public_Cami,2016-09-03 03:00:00,0,normal,94.25,94.25,79.966225,3.9428401041155934,0.0744696849003729,0.0,0.0,0.0,2.7674350413709528,2.7528132303289414,1
Robin_public_Cami,2016-09-03 04:00:00,0,normal,94.0,94.0,86.9231,1.5258878383451278,9.061871331343776,0.0,0.0,0.0,1.974308619975967,2.7528132303289414,0
Robin_public_Cami,2016-09-03 05:00:00,0,normal,90.25,90.25,90.18855,0.0,5.472339988697666,0.0,0.0,0.0,0.5472339988697666,2.7528132303289414,0
Robin_public_Cami,2016-09-03 06:00:00,0,normal,89.25,89.25,89.25195,0.0,0.0,0.0,0.0,0.0,0.0,2.7528132303289414,0
Robin_public_Cami,2016-09-03 07:00:00,0,normal,87.5,87.5,86.5645,0.0,0.0,0.0,0.6104597968455037,0.046507962507701284,0.0,2.7528132303289414,0
Robin_public_Cami,2016-09-03 08:00:00,0,normal,87.0,87.0,83.92764,0.0,0.0,0.15901714242882514,0.33502117306753215,0.17746295753240565,0.03180342848576503,2.7528132303289414,0
Robin_public_Cami,2016-09-03 09:00:00,0,normal,92.5,92.5,94.141106,0.0,0.0,0.2686287950124959,0.15054075127507488,0.32438567771042676,0.053725759002499186,2.7528132303289414,0
Robin_public_Cami,2016-09-03 10:00:00,0,normal,92.75,92.75,98.94153,0.3768933418481998,0.8437725913652329,0.0,0.27035042051626,0.4522334174565297,0.3482025984302631,2.7528132303289414,0
Robin_public_Cami,2016-09-03 11:00:00,0,normal,96.25,96.25,100.15299,0.0,0.8437725913652329,0.0,0.40129308594273383,0.45571956317900075,0.08437725913652329,2.7528132303289414,0
Robin_public_Cami,2016-09-03 12:00:00,0,normal,99.75,99.75,100.70099,0.0,0.0,0.0,0.002523767619326242,0.38442807678370366,0.0,2.7528132303289414,0
Robin_public_Cami,2016-09-03 13:00:00,0,normal,101.0,101.0,100.70099,0.0,0.0,0.0,0.0,2.5275851128890543,0.0,2.7528132303289414,0
Robin_public_Cami,2016-09-03 14:00:00,0,normal,97.25,97.25,100.70099,0.0,0.0,0.0,0.0,1.6354522765569568,0.0,2.7528132303289414,0
Robin_public_Cami,2016-09-03 15:00:00,0,normal,86.25,86.25,100.70099,1.9503020959149888,7.182034858029148,0.0,0.0,1.4178148013419605,2.0834149529434067,2.7528132303289414,0
Robin_public_Cami,2016-09-03 16:00:00,0,normal,88.0,88.0,94.98029,0.4321355002485373,5.441236017148305,0.0,0.0,0.9585144476899795,0.8466184518888067,2.7528132303289414,0
Robin_public_Cami,2016-09-03 17:00:00,0,normal,88.25,88.25,90.65959,0.0,1.0663080814042487,0.0,0.0,0.6203573350568642,0.10663080814042487,2.7528132303289414,0
Robin_public_Cami,2016-09-03 18:00:00,0,normal,88.25,88.25,91.40719,0.0,0.0,0.03626197017955133,0.0,0.33047636606510683,0.007252394035910267,2.7528132303289414,0
Robin_public_Cami,2016-09-03 19:00:00,0,normal,85.5,85.5,90.72977,0.6014965257754765,1.7485558410956483,1.2841963149359392,0.0,0.11839266883172611,0.8527424151395863,2.7528132303289414,0
Robin_public_Cami,2016-09-03 20:00:00,0,normal,84.0,84.0,85.68168,0.0,1.7485558410956483,0.0,0.0,0.0,0.17485558410956484,2.7528132303289414,0
Robin_public_Cami,2016-09-03 21:00:00,0,normal,81.75,81.75,73.96883,1.1870297559671887,4.1072964857053,0.0,0.2036408513094069,0.0,1.241650477747562,2.7528132303289414,0
Robin_public_Cami,2016-09-03 22:00:00,0,normal,44.5,44.5,71.476875,6.226077148901234,10.0,0.0,0.0,0.0,5.358254004230863,2.7528132303289414,1
Robin_public_Cami,2016-09-03 23:00:00,0,normal,44.75,44.75,57.03363,2.36896584736811,10.0,0.0,0.0,0.0,2.658276093157677,2.7528132303289414,0
Robin_public_Cami,2016-09-04 00:00:00,0,normal,41.4167,41.4167,47.862976,1.0279429028122173,4.727637013258772,0.0,0.0,0.0,1.1923237332944294,2.7528132303289414,0
Robin_public_Cami,2016-09-04 01:00:00,0,normal,44.5833,44.5833,46.988777,0.0,3.4664368261487994,0.2101206317238943,0.0,0.0,0.38866780895965886,2.7528132303289414,0
Robin_public_Cami,2016-09-04 02:00:00,0,normal,45.25,45.25,47.669655,0.0,0.0,0.2842821961356396,0.0,0.0,0.05685643922712792,2.7528132303289414,0
Robin_public_Cami,2016-09-04 03:00:00,0,normal,45.0,45.0,47.908287,0.006778597105117032,0.0,0.2757574319869065,0.0,0.0,0.05989650437096322,2.7528132303289414,0
Robin_public_Cami,2016-09-04 04:00:00,0,normal,44.5,44.5,47.71558,0.23092804530112784,0.22846467783248556,1.3601784534642323,1.830527139427655,0.0,0.45653179018688445,2.7528132303289414,0
Robin_public_Cami,2016-09-04 05:00:00,0,normal,45.75,45.75,50.142635,0.6256740581007739,0.9156896379421299,1.331365921451209,1.8787846318333645,0.0,0.7958139887549965,2.7528132303289414,0
Robin_public_Cami,2016-09-04 06:00:00,0,normal,46.25,46.25,55.11165,1.7037669134424844,3.6684590603400693,1.137157607898067,1.8159680286127138,0.0,1.7869142670233595,2.7528132303289414,0
Robin_public_Cami,2016-09-04 07:00:00,0,normal,56.75,56.75,59.381157,0.0,6.1889015476724385,0.9574471410054934,2.688022702486278,0.0,0.8103795829683426,2.7528132303289414,0
Robin_public_Cami,2016-09-04 08:00:00,0,normal,78.75,78.75,69.435455,1.8415373662215513,6.743890999748218,0.0,0.47907824177140496,0.44607833770677824,1.9634652563299078,2.7528132303289414,0
Robin_public_Cami,2016-09-04 09:00:00,0,normal,79.5,79.5,81.82085,0.0,6.743890999748218,0.0,0.0,0.614026292754736,0.6743890999748219,2.7528132303289414,0
Robin_public_Cami,2016-09-04 10:00:00,1,spike,79.5,0.01,88.55522,10.0,10.0,0.0,0.0,0.6592153824541187,8.0,2.7528132303289414,1
Robin_public_Cami,2016-09-04 11:00:00,0,normal,81.75,81.75,57.90558,4.4882446929036215,10.0,0.0,0.0,0.017717633581329228,4.141771285032535,2.7528132303289414,1
Robin_public_Cami,2016-09-04 12:00:00,0,normal,89.75,89.75,67.303246,3.5751714776820758,3.0036999788053644,0.0,0.0,0.0,2.802990032257989,2.7528132303289414,1
Robin_public_Cami,2016-09-04 13:00:00,0,normal,90.0,90.0,79.433334,1.1609445841270092,9.05089254161045,0.0,0.0,0.0,1.7177504630499514,2.7528132303289414,0
Robin_public_Cami,2016-09-04 14:00:00,0,normal,88.0,88.0,82.50392,0.13051896330930868,3.476438116539646,0.0,0.0,0.0,0.4390070859704807,2.7528132303289414,0
Robin_public_Cami,2016-09-04 15:00:00,0,normal,90.75,90.75,90.808075,0.0,0.0,0.8738542973398181,0.0,0.0,0.17477085946796364,2.7528132303289414,0
Robin_public_Cami,2016-09-04 16:00:00,0,normal,91.0,91.0,92.61147,0.0,0.0,0.7033739502399988,0.0,0.0,0.14067479004799976,2.7528132303289414,0
Robin_public_Cami,2016-09-04 17:00:00,0,normal,90.0,90.0,93.23372,0.0,0.0,0.5948524389332004,0.9070390161593287,0.0,0.11897048778664009,2.7528132303289414,0
Robin_public_Cami,2016-09-04 18:00:00,0,normal,89.5,89.5,91.31968,0.0,0.0,1.2607678721519668,2.3373657592929966,0.0,0.2521535744303934,2.7528132303289414,0
Robin_public_Cami,2016-09-04 19:00:00,0,normal,90.25,90.25,88.43933,0.0,0.0,1.0865038111309493,2.3271557889715733,0.0,0.21730076222618988,2.7528132303289414,0
Robin_public_Cami,2016-09-04 20:00:00,0,normal,88.75,88.75,85.00355,0.12787846011773468,0.0,1.3749734197257153,2.3245160398986955,0.0,0.36450960602755733,2.7528132303289414,0
Robin_public_Cami,2016-09-04 21:00:00,0,normal,85.5,85.5,77.32803,1.2896164556546186,4.005412083207498,1.1029071210708072,2.5888885225644223,0.0,1.523854151493144,2.7528132303289414,0
Robin_public_Cami,2016-09-04 22:00:00,0,normal,46.25,46.25,66.16454,5.0924399047570805,10.0,0.3268832889597694,1.6653495544608958,0.0,4.630084591121911,2.7528132303289414,1
Robin_public_Cami,2016-09-04 23:00:00,0,normal,39.0,39.0,46.907417,1.4203838085236793,10.0,0.0,0.0,1.2026750676268887,1.9942686659665756,2.7528132303289414,0
Robin_public_Cami,2016-09-05 00:00:00,0,normal,58.0,58.0,50.534035,1.6563687700904122,0.2761424269300098,0.0,0.0,0.1482373903548152,1.1870723817562896,2.7528132303289414,0
Robin_public_Cami,2016-09-05 01:00:00,0,normal,37.5833,37.5833,56.02064,5.335810794883131,10.0,0.0,0.0,0.0,4.735067556418191,2.7528132303289414,1
Robin_public_Cami,2016-09-05 02:00:00,0,normal,38.0,38.0,46.912674,2.1415477198185493,10.0,0.0,0.0,0.0,2.4990834038729846,2.7528132303289414,0
Robin_public_Cami,2016-09-05 03:00:00,0,normal,37.75,37.75,45.222466,1.658548740163496,1.2712046611647763,0.0,0.0,0.0,1.2881045842309247,2.7528132303289414,0
Robin_public_Cami,2016-09-05 04:00:00,0,normal,38.0,38.0,44.58684,1.3615393316322681,0.5219710766940067,1.5322881090716158,0.014428683718353402,0.0,1.3117322616263114,2.7528132303289414,0
Robin_public_Cami,2016-09-05 05:00:00,0,normal,37.25,37.25,46.955986,2.4075987387966347,3.5394166895455714,1.5932883809328073,0.02542499271806587,0.0,2.3579184622987626,2.7528132303289414,0
Robin_public_Cami,2016-09-05 06:00:00,0,normal,51.75,51.75,50.538048,0.0,9.02419192545181,1.3931364290993848,0.0222812493142136,0.0,1.181046478365058,2.7528132303289414,0
Robin_public_Cami,2016-09-05 07:00:00,0,normal,65.0,65.0,63.434174,0.0,0.0,0.0,0.39770757209487273,0.0,0.0,2.7528132303289414,0
Robin_public_Cami,2016-09-05 08:00:00,0,normal,70.0,70.0,75.938354,0.8145043847585984,2.606628907999584,0.0,0.0,0.1589096073574724,0.8308159601309772,2.7528132303289414,0
Robin_public_Cami,2016-09-05 09:00:00,0,normal,80.0,80.0,84.62065,0.4136606466553714,0.9402534914889422,0.0,0.0,0.5641581370301845,0.38358780180765417,2.7528132303289414,0
Robin_public_Cami,2016-09-05 10:00:00,0,normal,89.5,89.5,92.50714,0.0,0.9918846570340466,0.0,0.0,0.7583511066952212,0.09918846570340467,2.7528132303289414,0
Robin_public_Cami,2016-09-05 11:00:00,0,normal,96.75,96.75,98.85695,0.0,0.0,0.0,0.0,0.0,0.0,2.7528132303289414,0
Robin_public_Cami,2016-09-05 12:00:00,0,normal,100.0,100.0,100.70099,0.0,0.0,0.0,0.0,0.0,0.0,2.7528132303289414,0
Robin_public_Cami,2016-09-05 13:00:00,0,normal,99.0,99.0,100.70099,0.0,0.0,0.0,0.0,0.0,0.0,2.7528132303289414,0
Robin_public_Cami,2016-09-05 14:00:00,0,normal,96.5,96.5,100.70099,0.0,0.0,0.5731361595292478,0.0,0.0,0.11462723190584956,2.7528132303289414,0
Robin_public_Cami,2016-09-05 15:00:00,0,normal,97.25,97.25,99.050644,0.0,0.0,0.5242255435611964,0.01924271016441607,0.0,0.10484510871223929,2.7528132303289414,0
Robin_public_Cami,2016-09-05 16:00:00,0,normal,96.0,96.0,96.232834,0.0,0.0,0.7731652969631589,0.831958359985035,0.0,0.1546330593926318,2.7528132303289414,0
Robin_public_Cami,2016-09-05 17:00:00,0,normal,95.5,95.5,95.44682,0.0,0.0,1.179364304763696,1.898771436654054,0.0,0.23587286095273918,2.7528132303289414,0
Robin_public_Cami,2016-09-05 18:00:00,0,normal,93.75,93.75,91.68065,0.0,0.0,1.0005367966268304,1.7639332758659785,0.44322487064892524,0.20010735932536608,2.7528132303289414,0
Robin_public_Cami,2016-09-05 19:00:00,0,normal,91.75,91.75,91.00008,0.0,0.0,0.8413744713543705,1.7810595880718183,1.3887379461130809,0.1682748942708741,2.7528132303289414,0
Robin_public_Cami,2016-09-05 20:00:00,0,normal,86.75,86.75,89.687935,0.0,0.0,0.5203243061212129,1.6085257950646976,2.47343392018087,0.10406486122424259,2.7528132303289414,0
Robin_public_Cami,2016-09-05 21:00:00,0,normal,84.5,84.5,85.263824,0.0,0.0,0.010591435692843747,0.8163308692128232,4.347783608969832,0.0021182871385687497,2.7528132303289414,0
Robin_public_Cami,2016-09-05 22:00:00,0,normal,78.0,78.0,81.23748,0.0,0.0,0.0,0.5555285090642831,5.184109733415093,0.0,2.7528132303289414,0
Robin_public_Cami,2016-09-05 23:00:00,0,normal,77.75,77.75,76.547,0.0,0.0,0.0,0.17274275701796898,3.5621084091202473,0.0,2.7528132303289414,0
Robin_public_Cami,2016-09-06 00:00:00,0,normal,78.8333,78.8333,74.021324,0.5562373521583842,1.5662354417613056,0.0,0.10399205635255677,2.654028505025858,0.5459896906869994,2.7528132303289414,0
Robin_public_Cami,2016-09-06 01:00:00,0,normal,78.1667,78.1667,73.216934,0.5960074535594132,0.0,1.1951843871420047,0.26082542236366973,2.4719780086509893,0.6562420949199902,2.7528132303289414,0
Robin_public_Cami,2016-09-06 02:00:00,0,normal,77.25,77.25,71.46517,0.8370302209022913,0.2964365394263273,1.1821770754298906,0.6067263922106838,2.1923106803110293,0.8520002236602147,2.7528132303289414,0
Robin_public_Cami,2016-09-06 03:00:00,0,normal,75.75,75.75,72.04639,0.23633237878723704,1.745338453055337,0.9433177647199913,0.9583174072465163,1.864601981338531,0.5286300634005979,2.7528132303289414,0
Robin_public_Cami,2016-09-06 04:00:00,0,normal,76.0,76.0,69.79181,0.9592247520483658,2.2375824322209543,0.5871977400063937,1.9849306851660098,1.601918475176361,1.0126551176572303,2.7528132303289414,0
Robin_public_Cami,2016-09-06 05:00:00,0,normal,75.5,75.5,69.47745,0.9056442194963071,0.0,0.7771417700637566,1.6406586446307467,1.354636492915066,0.7893793076601663,2.7528132303289414,0
Robin_public_Cami,2016-09-06 06:00:00,0,normal,76.5,76.5,71.722984,0.047453945815816606,2.7826115448214623,1.272982411336087,1.190260353126501,1.040337892450044,0.5660753988204352,2.7528132303289414,0
Robin_public_Cami,2016-09-06 07:00:00,0,normal,77.5,77.5,77.61742,0.0,0.0,0.8235195846135873,1.363536767799986,1.1961109616958319,0.16470391692271746,2.7528132303289414,0
Robin_public_Cami,2016-09-06 08:00:00,0,normal,80.75,80.75,80.97324,0.0,0.0,0.26137287965209977,1.5398015562196592,2.2968637355592114,0.05227457593041995,2.7528132303289414,0
Robin_public_Cami,2016-09-06 09:00:00,0,normal,102.75,102.75,84.91094,3.0895980744780838,10.0,0.0,0.39950640071674426,3.466404830394205,3.1627186521346586,2.7528132303289414,1
Robin_public_Cami,2016-09-06 10:00:00,0,normal,109.25,109.25,97.234856,1.733211058949145,4.7895290747202965,0.0,0.0,0.0,1.692200648736431,2.7528132303289414,0
Robin_public_Cami,2016-09-06 11:00:00,0,normal,114.25,114.25,100.70099,2.0904480090207325,0.7645895017996994,0.0,0.0,0.0,1.5397725564944826,2.7528132303289414,0
Robin_public_Cami,2016-09-06 12:00:00,0,normal,117.5,117.5,100.70099,2.427458375161911,0.683109471020502,0.0,0.0,0.0,1.7675318097153878,2.7528132303289414,0
Robin_public_Cami,2016-09-06 13:00:00,0,normal,116.75,116.75,100.70099,2.2750462004962966,0.0,0.0,0.0,0.0,1.5925323403474074,2.7528132303289414,0
Robin_public_Cami,2016-09-06 14:00:00,0,normal,116.25,116.25,100.70099,2.173438084052554,0.0,0.1490381570565405,0.0,0.0,1.5512142902480957,2.7528132303289414,0
Robin_public_Cami,2016-09-06 15:00:00,0,normal,113.75,113.75,100.70099,1.6653975018338398,1.3720813368638278,0.9164675929524124,0.0,0.0,1.4862799035605532,2.7528132303289414,0
Robin_public_Cami,2016-09-06 16:00:00,0,normal,115.25,115.25,100.70099,1.970221851165068,0.553452498327658,0.2803472923889704,0.547477834635099,0.0,1.4905700041261074,2.7528132303289414,0
Robin_public_Cami,2016-09-06 17:00:00,0,normal,114.75,114.75,100.70099,1.8686137347213252,0.0,0.5034226338262242,1.4897742575323227,0.0,1.4087141410701722,2.7528132303289414,0
Robin_public_Cami,2016-09-06 18:00:00,0,normal,110.75,110.75,100.70099,1.782357866585449,0.0,0.8753063286450893,1.6080305804088881,0.0,1.422711772338832,2.7528132303289414,0
Robin_public_Cami,2016-09-06 19:00:00,0,normal,106.75,106.75,100.07259,0.8972807105593651,2.8909216780902853,0.026005893325002725,1.0767281173788092,0.0,0.9223898438655846,2.7528132303289414,0
Robin_public_Cami,2016-09-06 20:00:00,0,normal,103.0,103.0,97.78368,0.5137311872346154,0.8705861093298675,0.0,0.48759361083200015,0.7499078409814024,0.4466704419972175,2.7528132303289414,0
Robin_public_Cami,2016-09-06 21:00:00,0,normal,101.5,101.5,94.64217,0.9446425916692073,1.0613769786070526,0.0,0.13794165160095084,3.185310692644131,0.7673875120291503,2.7528132303289414,0
Robin_public_Cami,2016-09-06 22:00:00,0,normal,79.0,79.0,91.93489,2.539927657893244,5.751897242805388,0.0,0.0,2.996460940892411,2.353139084805809,2.7528132303289414,0
Robin_public_Cami,2016-09-06 23:00:00,0,normal,81.0,81.0,80.52213,0.0,9.5572609023026,0.0,0.0,0.5386832918115242,0.95572609023026,2.7528132303289414,0
Robin_public_Cami,2016-09-07 00:00:00,0,normal,82.0833,82.0833,74.52434,1.3490957890713522,4.76015736478518,0.0,0.0,0.0,1.4203827888284644,2.7528132303289414,0
Robin_public_Cami,2016-09-07 01:00:00,0,normal,79.9167,79.9167,77.1763,0.0,4.76015736478518,0.3751681373400518,0.0,0.0,0.5510493639465284,2.7528132303289414,0
Robin_public_Cami,2016-09-07 02:00:00,0,normal,79.5,79.5,74.93909,0.4837734967310853,1.2743246974205877,0.6461004828874379,0.0,0.0,0.5952940140313061,2.7528132303289414,0
Robin_public_Cami,2016-09-07 03:00:00,0,normal,79.75,79.75,75.95903,0.26154596984925704,0.22072248031788896,0.45957936128669935,0.0,0.0,0.2970702991836087,2.7528132303289414,0
Robin_public_Cami,2016-09-07 04:00:00,0,normal,80.0,80.0,77.06439,0.01466417523551822,0.32003883055014726,1.4367574983801907,1.8396969264959886,0.0,0.32962030539591564,2.7528132303289414,0
Robin_public_Cami,2016-09-07 05:00:00,0,normal,78.0,78.0,79.02224,0.0,0.0,1.3827339624786834,1.9929983814647816,0.0,0.2765467924957367,2.7528132303289414,0
Robin_public_Cami,2016-09-07 06:00:00,0,normal,80.0,80.0,80.9627,0.0,0.0,0.6161115676314534,1.6400853600367926,0.0,0.12322231352629068,2.7528132303289414,0
Robin_public_Cami,2016-09-07 07:00:00,0,normal,82.5,82.5,84.65876,0.0,0.0,0.5664762543884531,2.2392043250233145,0.3662295871764257,0.11329525087769061,2.7528132303289414,0
Robin_public_Cami,2016-09-07 08:00:00,0,normal,85.0,85.0,88.37216,0.0,0.0,0.03782840782582302,1.481162146325234,0.9713635852689672,0.007565681565164605,2.7528132303289414,0
Robin_public_Cami,2016-09-07 09:00:00,0,normal,103.5,103.5,90.906845,1.8678294744160435,6.84980516658469,0.0,0.8017798836172517,2.0257779541904966,1.9924611487496995,2.7528132303289414,0
Robin_public_Cami,2016-09-07 10:00:00,0,normal,110.25,110.25,100.70099,1.1588496957948078,2.1815374449221987,0.0,0.0,1.7215327389778834,1.0293485315485853,2.7528132303289414,0
Robin_public_Cami,2016-09-07 11:00:00,0,normal,115.75,115.75,100.70099,2.4397973764804544,4.485632017948762,0.0,0.0,0.42859275532987356,2.156421365331194,2.7528132303289414,0
Robin_public_Cami,2016-09-07 12:00:00,0,normal,118.5,118.5,100.70099,2.630674608049397,0.09443209753157392,0.0,0.0,0.0,1.850915435387735,2.7528132303289414,0
Robin_public_Cami,2016-09-07 13:00:00,0,normal,116.75,116.75,100.70099,2.2750462004962966,0.7581097079617025,0.0,0.0,0.0,1.6683433111435777,2.7528132303289414,0
Robin_public_Cami,2016-09-07 14:00:00,0,normal,114.75,114.75,100.70099,1.8686137347213252,0.9627669175957443,0.4162331332263462,0.0,0.0,1.4875529327097712,2.7528132303289414,0
Robin_public_Cami,2016-09-07 15:00:00,0,normal,117.0,117.0,100.70099,2.325850258718168,1.1674241272297874,0.1794991376950508,0.0,0.0,1.7807374213647065,2.7528132303289414,0
Robin_public_Cami,2016-09-07 16:00:00,0,normal,116.75,116.75,100.70099,2.2750462004962966,0.0,0.5119541629661087,0.6474978791474776,0.0,1.694923172940629,2.7528132303289414,0
Robin_public_Cami,2016-09-07 17:00:00,0,normal,116.0,116.0,100.70099,2.1226340258306826,0.0,0.5153637879732456,1.6687968439763639,0.0,1.5889165756761268,2.7528132303289414,0
Robin_public_Cami,2016-09-07 18:00:00,0,normal,112.0,112.0,100.70099,2.110494309457428,0.0,1.07335249218628,1.701883318334849,0.0,1.6920165150574558,2.7528132303289414,0
Robin_public_Cami,2016-09-07 19:00:00,0,normal,109.0,109.0,100.66313,1.332904670231248,2.4579228975068426,0.0,1.1523549018991956,0.024872171193060684,1.1788255589125578,2.7528132303289414,0
Robin_public_Cami,2016-09-07 20:00:00,0,normal,104.75,104.75,99.44383,0.5373179968519451,2.530421491524299,0.0,0.5513108775745631,0.8188402413327822,0.6291647469487915,2.7528132303289414,0
Robin_public_Cami,2016-09-07 21:00:00,0,normal,102.5,102.5,97.32198,0.5036772019854862,0.0,0.0,0.06677784932366362,3.078367929077263,0.3525740413898403,2.7528132303289414,0
Robin_public_Cami,2016-09-07 22:00:00,0,normal,82.25,82.25,93.38195,2.066639306469344,5.621688606165312,0.0,0.0,2.934075875240096,2.008816375145072,2.7528132303289414,0
Robin_public_Cami,2016-09-07 23:00:00,0,normal,84.0,84.0,82.72245,0.0,7.650683421194765,0.0,0.0,0.5251588312347234,0.7650683421194766,2.7528132303289414,0
Robin_public_Cami,2016-09-08 00:00:00,0,normal,78.4167,78.4167,78.8255,0.0,0.0,0.0,0.0,0.0,0.0,2.7528132303289414,0
Robin_public_Cami,2016-09-08 01:00:00,0,normal,84.4167,84.4167,77.537476,1.459595005736418,5.2052883669318595,0.0,0.0,0.0,1.5422453407086785,2.7528132303289414,0
Robin_public_Cami,2016-09-08 02:00:00,0,normal,83.5,83.5,80.73266,0.08060350099504336,4.880588172149414,0.0,0.0,0.0,0.5444812679114718,2.7528132303289414,0
Robin_public_Cami,2016-09-08 03:00:00,0,normal,83.25,83.25,83.99582,0.0,0.0,0.0,0.0,0.0,0.0,2.7528132303289414,0
Robin_public_Cami,2016-09-08 04:00:00,0,normal,83.25,83.25,85.1118,0.0,0.0,0.965884876333369,0.9445205717344872,0.0,0.1931769752666738,2.7528132303289414,0
Robin_public_Cami,2016-09-08 05:00:00,0,normal,82.25,82.25,85.45635,0.22783335773845778,0.24330480426901585,1.509253994094149,0.9315029624360365,0.0,0.4856646296626518,2.7528132303289414,0
Robin_public_Cami,2016-09-08 06:00:00,0,normal,82.75,82.75,85.65155,0.0,0.24330480426901585,0.9882161625572228,0.9576771309152605,0.0,0.22197371293834614,2.7528132303289414,0
Robin_public_Cami,2016-09-08 07:00:00,0,normal,84.0,84.0,86.52891,0.0,0.0,1.0623816041575425,2.233063388831822,0.3051162123456764,0.2124763208315085,2.7528132303289414,0
Robin_public_Cami,2016-09-08 08:00:00,0,normal,86.0,86.0,91.395805,0.19156979968335097,0.09722201358822681,0.6974793070707026,2.422655944017445,0.9682122918705409,0.28331692255130886,2.7528132303289414,0
Robin_public_Cami,2016-09-08 09:00:00,0,normal,102.75,102.75,92.03852,1.429587992668462,4.312696440136435,0.24671818319052605,1.5342074543490767,2.1256617597007255,1.481324875519672,2.7528132303289414,0
Robin_public_Cami,2016-09-08 10:00:00,0,normal,106.75,106.75,100.70099,0.34370117172212356,3.6998559862639935,0.0,0.0,2.0794204877009204,0.6105764188318858,2.7528132303289414,0
Robin_public_Cami,2016-09-08 11:00:00,0,normal,111.25,111.25,100.70099,1.391749274101289,3.5474278765986975,0.0,0.0,0.8112064742437242,1.3289672795307719,2.7528132303289414,0
Robin_public_Cami,2016-09-08 12:00:00,0,normal,114.25,114.25,100.70099,1.7670056182775822,0.8371781698281446,0.0,0.0,0.10311112518810636,1.320621749777122,2.7528132303289414,0
Robin_public_Cami,2016-09-08 13:00:00,0,normal,115.0,115.0,100.70099,1.9194177929431968,0.0,0.0,0.0,0.0,1.3435924550602376,2.7528132303289414,0
Robin_public_Cami,2016-09-08 14:00:00,0,normal,112.25,112.25,100.70099,1.360573152502611,1.5767385464978716,0.06418739864505106,0.0,0.0,1.1229125411306249,2.7528132303289414,0
Robin_public_Cami,2016-09-08 15:00:00,0,normal,115.0,115.0,100.70099,1.9194177929431968,1.5767385464978716,0.3204525157605576,0.0,0.0,1.5653568128621362,2.7528132303289414,0
Robin_public_Cami,2016-09-08 16:00:00,0,normal,112.75,112.75,100.70099,1.4621812689463538,1.1674241272297867,0.2280339304436368,0.3984377030831321,0.0,1.1858760870741534,2.7528132303289414,0
Robin_public_Cami,2016-09-08 17:00:00,0,normal,112.0,112.0,100.70099,1.3097690942807396,0.0,0.2802605962907033,1.2348889763356738,0.0,0.9728904852546584,2.7528132303289414,0
Robin_public_Cami,2016-09-08 18:00:00,0,normal,107.0,107.0,100.70099,0.7979485379695118,1.3873084462196272,0.21922564193283475,1.3799242736842126,0.0,0.7411399495871879,2.7528132303289414,0
Robin_public_Cami,2016-09-08 19:00:00,0,normal,102.5,102.5,100.11799,0.0,2.5399359404380966,0.0,0.4396561772057757,0.0,0.25399359404380967,2.7528132303289414,0
Robin_public_Cami,2016-09-08 20:00:00,0,normal,98.75,98.75,97.82497,0.0,0.0,0.0,0.0,0.6429677383138903,0.0,2.7528132303289414,0
Robin_public_Cami,2016-09-08 21:00:00,0,normal,97.0,97.0,94.1398,0.0,0.0,0.0,0.0,1.9405318188835106,0.0,2.7528132303289414,0
Robin_public_Cami,2016-09-08 22:00:00,0,normal,73.75,73.75,90.30098,4.063784575998038,10.0,0.0,0.0,1.4458225823714628,3.8446492031986264,2.7528132303289414,1
Robin_public_Cami,2016-09-08 23:00:00,0,normal,71.75,71.75,77.548615,0.7754632626344397,10.0,0.0,0.0,0.0,1.5428242838441077,2.7528132303289414,0
Robin_public_Cami,2016-09-09 00:00:00,0,normal,76.6667,76.6667,74.12417,0.0052095491962407,2.428371122424349,0.0,0.0,0.0,0.2464837966798034,2.7528132303289414,0
Robin_public_Cami,2016-09-09 01:00:00,0,normal,73.5,73.5,75.24556,0.0,0.0,0.0,0.0,0.0,0.0,2.7528132303289414,0
Robin_public_Cami,2016-09-09 02:00:00,0,normal,74.25,74.25,73.864586,0.0,0.0,0.0,0.0,0.0,0.0,2.7528132303289414,0
Robin_public_Cami,2016-09-09 03:00:00,0,normal,74.5,74.5,74.3714,0.0,0.0,0.2628675466258394,0.0,0.0,0.05257350932516788,2.7528132303289414,0
Robin_public_Cami,2016-09-09 04:00:00,0,normal,75.25,75.25,75.574554,0.0,0.0,1.0659633409293072,1.3617334010953415,0.0,0.21319266818586147,2.7528132303289414,0
Robin_public_Cami,2016-09-09 05:00:00,0,normal,72.75,72.75,77.89345,0.8774721154683972,2.8602858109142293,1.0762515351421138,1.342909727463475,0.0,1.1155093689477238,2.7528132303289414,0
Robin_public_Cami,2016-09-09 06:00:00,0,normal,72.5,72.5,78.01889,0.6869039081271996,0.0931872356372071,0.5109598254790128,1.6090211297306425,0.0,0.592343424348563,2.7528132303289414,0
Robin_public_Cami,2016-09-09 07:00:00,0,normal,75.75,75.75,76.02734,0.0,2.092607815800427,0.40021149109781273,1.9403159023960623,0.32433057681618344,0.28930307979960523,2.7528132303289414,0
Robin_public_Cami,2016-09-09 08:00:00,0,normal,77.75,77.75,80.9461,0.0,0.0,0.2775982854385162,1.7124578704939677,0.9942242539400075,0.05551965708770325,2.7528132303289414,0
Robin_public_Cami,2016-09-09 09:00:00,0,normal,101.75,101.75,87.42278,2.2716918283478154,8.476709499127356,0.0,1.221050961724626,2.1711225785405364,2.4378552297562064,2.7528132303289414,0
Robin_public_Cami,2016-09-09 10:00:00,0,normal,110.25,110.25,99.764046,1.3770633380149924,2.929397923805979,0.0,0.0,1.5137511178860057,1.2568841289910926,2.7528132303289414,0
Robin_public_Cami,2016-09-09 11:00:00,0,normal,115.25,115.25,100.70099,2.323347587327214,3.1374860936148457,0.0,0.0,0.23281254324362316,1.9400919204905342,2.7528132303289414,0
Robin_public_Cami,2016-09-09 12:00:00,0,normal,117.5,117.5,100.70099,2.427458375161911,0.0,0.0,0.0,0.0,1.6992208626133376,2.7528132303289414,0
Robin_public_Cami,2016-09-09 13:00:00,0,normal,114.25,114.25,100.70099,1.7670056182775822,1.9860529657659571,0.0,0.0,0.0,1.435509229370903,2.7528132303289414,0
Robin_public_Cami,2016-09-09 14:00:00,0,normal,114.5,114.5,100.70099,1.8178096764994538,0.0,0.3712219169515681,0.0,0.0,1.3467111569399313,2.7528132303289414,0
Robin_public_Cami,2016-09-09 15:00:00,0,normal,114.25,114.25,100.70099,1.7670056182775822,0.0,0.3112827039776332,0.041474613214601726,0.0,1.299160473589834,2.7528132303289414,0
Robin_public_Cami,2016-09-09 16:00:00,0,normal,114.5,114.5,100.70099,1.8178096764994538,0.0,1.5383387697770006,1.0350844774595287,0.0,1.5801345275050176,2.7528132303289414,0
Robin_public_Cami,2016-09-09 17:00:00,0,normal,110.75,110.75,100.70099,1.0557488031713826,2.3953673850340405,1.5391719342577905,1.8154579748095536,0.0,1.2863952875749298,2.7528132303289414,0
Robin_public_Cami,2016-09-09 18:00:00,0,normal,108.0,108.0,100.54821,1.1005634800387711,0.0,0.19489484185930508,1.1530317604657172,0.0,0.8093734043990007,2.7528132303289414,0
Robin_public_Cami,2016-09-09 19:00:00,0,normal,105.5,105.5,98.89963,0.877058581264453,0.22586819852095513,0.0,0.8545596799462006,0.0,0.6365278267372126,2.7528132303289414,0
Robin_public_Cami,2016-09-09 20:00:00,0,normal,102.75,102.75,97.50415,0.5214839714775197,0.7578929910084982,0.022310702415703435,0.4522049911251398,0.7289945867060771,0.44529021961825427,2.7528132303289414,0
Robin_public_Cami,2016-09-09 21:00:00,0,normal,100.5,100.5,92.39642,1.2716634827914326,2.347504940938526,0.025205713689873586,0.22700595365540682,3.410500008847794,1.1299560747858302,2.7528132303289414,0
Robin_public_Cami,2016-09-09 22:00:00,0,normal,81.75,81.75,90.46436,1.4320005140841694,0.0,0.06426988026552276,0.14056919180634847,3.249524048456471,1.0152543359120232,2.7528132303289414,0
Robin_public_Cami,2016-09-09 23:00:00,0,normal,80.75,80.75,82.42093,0.0,5.094127726217771,0.0,0.0,0.9267772413661627,0.5094127726217771,2.7528132303289414,0
Robin_public_Cami,2016-09-10 00:00:00,0,normal,61.8333,61.8333,70.21994,1.5879871980516942,5.722498777629516,0.0,0.0,0.24583979580411378,1.6838409163991375,2.7528132303289414,0
Robin_public_Cami,2016-09-10 01:00:00,0,normal,80.6667,80.6667,66.59525,3.2287842075312834,5.93523589010452,0.0,0.0,0.0,2.8536725342823503,2.7528132303289414,1
Robin_public_Cami,2016-09-10 02:00:00,0,normal,79.5,79.5,74.411125,0.6361582753409408,9.769548702680142,0.0,0.0,0.0,1.4222656630066728,2.7528132303289414,0
Robin_public_Cami,2016-09-10 03:00:00,0,normal,82.75,82.75,78.51403,0.3899855441614352,0.3171824653505414,0.0,0.0,0.0,0.30470812744805875,2.7528132303289414,0
Robin_public_Cami,2016-09-10 04:00:00,0,normal,82.5,82.5,81.9237,0.0,0.8965127402267585,0.3666415940174452,0.0,0.0,0.16297959282616492,2.7528132303289414,0
Robin_public_Cami,2016-09-10 05:00:00,0,normal,80.0,80.0,85.18699,0.6644767715031745,2.002263159050576,0.28115806379483876,0.0,0.0,0.7215916687162475,2.7528132303289414,0
Robin_public_Cami,2016-09-10 06:00:00,0,normal,78.0,78.0,83.11658,0.12653766721845455,1.4925234494109787,0.4010295667340801,0.0,0.0,0.31803462534083204,2.7528132303289414,0
Robin_public_Cami,2016-09-10 07:00:00,0,normal,78.0,78.0,80.43017,0.0,0.0,0.07971671467832772,1.265206640196857,0.14691277568432728,0.015943342935665544,2.7528132303289414,0
Robin_public_Cami,2016-09-10 08:00:00,0,normal,78.0,78.0,83.43371,0.20039735328005048,0.1327826075688415,0.5908757106462142,1.0797944031744202,0.5415554076013243,0.27173155018216233,2.7528132303289414,0
Robin_public_Cami,2016-09-10 09:00:00,0,normal,96.5,96.5,89.17146,0.6417021809214947,1.1032454644427836,1.7324198128666874,0.9806000951288976,1.217536270468823,0.9060000356626621,2.7528132303289414,0
Robin_public_Cami,2016-09-10 10:00:00,0,normal,100.5,100.5,100.56231,0.0,1.9105188314882204,0.0,0.0,1.5561802035257395,0.19105188314882204,2.7528132303289414,0
Robin_public_Cami,2016-09-10 11:00:00,0,normal,103.5,103.5,100.70099,0.0,0.0,0.0,0.0,0.7474054587093975,0.0,2.7528132303289414,0
Robin_public_Cami,2016-09-10 12:00:00,0,normal,107.0,107.0,100.70099,0.29368792984331116,0.5085909534534712,0.0,0.0,0.18892213899794952,0.2564406462356649,2.7528132303289414,0
Robin_public_Cami,2016-09-10 13:00:00,0,normal,106.75,106.75,100.70099,0.2428838716214397,0.0,0.0,0.0,0.18357468507608615,0.17001871013500777,2.7528132303289414,0
Robin_public_Cami,2016-09-10 14:00:00,0,normal,104.5,104.5,100.70099,0.0,0.3039337438194287,0.10807357639488414,0.0,0.0,0.0520080896609197,2.7528132303289414,0
Robin_public_Cami,2016-09-10 15:00:00,0,normal,94.25,94.25,100.70099,0.3245722328151031,0.6330041497397909,0.3584218759301227,0.16884728529122853,0.0,0.3621853531305758,2.7528132303289414,0
Robin_public_Cami,2016-09-10 16:00:00,0,normal,89.5,89.5,99.7778,1.1022427026451826,2.458248512554657,0.0,0.0,0.0,1.0173947431070935,2.7528132303289414,0
Robin_public_Cami,2016-09-10 17:00:00,0,normal,88.5,88.5,92.267586,0.0,3.765743421771043,0.0,0.0,0.0,0.37657434217710434,2.7528132303289414,0
Robin_public_Cami,2016-09-10 18:00:00,0,normal,88.25,88.25,89.132484,0.0,0.0,0.0,0.0,0.0,0.0,2.7528132303289414,0
Robin_public_Cami,2016-09-10 19:00:00,0,normal,87.5,87.5,87.76732,0.0,0.0,0.7509669346373251,0.0,0.0,0.15019338692746503,2.7528132303289414,0
Robin_public_Cami,2016-09-10 20:00:00,0,normal,87.75,87.75,85.89134,0.0,0.0,0.8811274734248563,0.0,0.0,0.17622549468497128,2.7528132303289414,0
Robin_public_Cami,2016-09-10 21:00:00,0,normal,81.5,81.5,76.79439,0.44119793731404305,1.1028148713581283,1.0420392057377916,0.3775745882866061,0.24177778055431418,0.6275278844032013,2.7528132303289414,0
Robin_public_Cami,2016-09-10 22:00:00,0,normal,40.0,40.0,61.41047,5.549928557692761,10.0,0.0,0.22168481906487816,0.0,4.884949990384932,2.7528132303289414,1
Robin_public_Cami,2016-09-10 23:00:00,0,normal,43.0,43.0,48.538548,0.695928778424677,10.0,0.0,0.0,0.0,1.487150144897274,2.7528132303289414,0
Robin_public_Cami,2016-09-11 00:00:00,0,normal,37.8333,37.8333,45.62636,1.7660663031529298,3.6364120975176064,0.0,0.0,0.0,1.5998876219588114,2.7528132303289414,0
Robin_public_Cami,2016-09-11 01:00:00,0,normal,42.9167,42.9167,41.985985,0.0,6.439866130154445,0.05568368212888978,0.0,0.0,0.6551233494412225,2.7528132303289414,0
Robin_public_Cami,2016-09-11 02:00:00,0,normal,44.5,44.5,42.845932,0.0,0.0,0.019331235481202354,0.0,0.0,0.003866247096240471,2.7528132303289414,0
Robin_public_Cami,2016-09-11 03:00:00,0,normal,43.75,43.75,41.844353,0.0,0.0,0.0,0.0,0.0,0.0,2.7528132303289414,0
Robin_public_Cami,2016-09-11 04:00:00,0,normal,45.5,45.5,41.757816,0.21132611645588376,0.17680763735188396,1.0358700566098011,1.2313153520347901,0.0,0.37278305657626726,2.7528132303289414,0
Robin_public_Cami,2016-09-11 05:00:00,0,normal,44.75,44.75,46.396236,0.0,0.17680763735188396,1.0005593558045278,1.221328629588924,0.0,0.21779263489609396,2.7528132303289414,0
Robin_public_Cami,2016-09-11 06:00:00,0,normal,44.5,44.5,46.78817,0.0,0.0,1.019998550366569,1.2170655796953522,0.0,0.2039997100733138,2.7528132303289414,0
Robin_public_Cami,2016-09-11 07:00:00,0,normal,47.25,47.25,53.252,0.8525039566300175,2.759704993231391,1.2792905089479183,2.553731516763672,0.04831395045522559,1.1285813707537349,2.7528132303289414,0
Robin_public_Cami,2016-09-11 08:00:00,1,spike,69.5,0.01,60.55655,10.0,10.0,0.7094849535416222,2.259661207482195,0.5630465449721066,8.141896990708325,2.7528132303289414,1
Robin_public_Cami,2016-09-11 09:00:00,0,normal,86.5,86.5,45.986214,10.0,10.0,0.0,0.0,0.7333583867273586,8.0,2.7528132303289414,1
Robin_public_Cami,2016-09-11 10:00:00,0,normal,88.75,88.75,69.15013,4.970320548385396,10.0,0.0,0.0,0.5422269041618537,4.479224383869777,2.7528132303289414,1
Robin_public_Cami,2016-09-11 11:00:00,0,normal,91.75,91.75,82.65637,1.7743347579760294,10.0,0.0,0.0,0.0,2.2420343305832207,2.7528132303289414,0
Robin_public_Cami,2016-09-11 12:00:00,0,normal,98.75,98.75,91.8794,0.40984360727020275,4.822175476402534,0.37295588642117344,0.0,0.0,0.84369925001363,2.7528132303289414,0
Robin_public_Cami,2016-09-11 13:00:00,0,normal,99.0,99.0,100.70099,0.0,0.9765082352092336,0.0,0.0,0.0,0.09765082352092336,2.7528132303289414,0
Robin_public_Cami,2016-09-11 14:00:00,0,normal,97.0,97.0,100.49264,0.0,0.0,0.0,0.0,0.0,0.0,2.7528132303289414,0
Robin_public_Cami,2016-09-11 15:00:00,0,normal,96.0,96.0,100.13308,0.0,0.0,0.9545297505195406,0.5334277543762223,0.0,0.19090595010390812,2.7528132303289414,0
Robin_public_Cami,2016-09-11 16:00:00,0,normal,97.25,97.25,97.560555,0.0,0.0,0.7421466689064378,0.8579309175582264,0.0,0.14842933378128756,2.7528132303289414,0
Robin_public_Cami,2016-09-11 17:00:00,0,normal,97.25,97.25,96.4544,0.0,0.0,1.2156241054197858,1.4252464017235054,0.0,0.24312482108395717,2.7528132303289414,0
Robin_public_Cami,2016-09-11 18:00:00,0,normal,99.0,99.0,94.27415,0.3849800924685752,0.876348961735974,1.1822605023923134,2.4110349715754538,0.0,0.5935730613800627,2.7528132303289414,0
Robin_public_Cami,2016-09-11 19:00:00,0,normal,95.25,95.25,92.95874,0.0,0.876348961735974,1.0203991914642996,2.3768003499682853,0.0,0.29171473446645735,2.7528132303289414,0
Robin_public_Cami,2016-09-11 20:00:00,0,normal,85.5,85.5,89.68586,0.28224563113758305,0.46249721592788523,0.6309551373811327,2.3126667032400725,0.0,0.3700126908653232,2.7528132303289414,0
Robin_public_Cami,2016-09-11 21:00:00,0,normal,81.75,81.75,75.97797,0.7673342375376502,1.2796224371019564,0.0,0.7116721174010426,5.901655823523127,0.6650962099865507,2.7528132303289414,0
Robin_public_Cami,2016-09-11 22:00:00,0,normal,36.0,36.0,61.266983,6.729339503430496,10.0,0.0,0.26174586210941486,5.105772254932412,5.710537652401347,2.7528132303289414,1
Robin_public_Cami,2016-09-11 23:00:00,0,normal,32.25,32.25,41.41794,1.8058801912637679,10.0,0.0,0.0,0.6128958204604591,2.264116133884637,2.7528132303289414,0
Robin_public_Cami,2016-09-12 00:00:00,0,normal,57.0833,57.0833,48.790836,1.62510082996447,0.05375420633621377,0.0,0.0,0.0,1.1429460016087503,2.7528132303289414,0
Robin_public_Cami,2016-09-12 01:00:00,0,normal,32.6667,32.6667,57.230225,6.68052920421015,10.0,0.0,0.0,0.0,5.676370442947105,2.7528132303289414,1
Robin_public_Cami,2016-09-12 02:00:00,0,normal,34.25,34.25,47.17829,3.065455257163707,10.0,0.0,0.0,0.0,3.1458186800145946,2.7528132303289414,1
Robin_public_Cami,2016-09-12 03:00:00,0,normal,37.0,37.0,45.537113,1.7011135834835514,4.821573328620468,0.0,0.0,0.0,1.6729368413005326,2.7528132303289414,0
Robin_public_Cami,2016-09-12 04:00:00,0,normal,36.25,36.25,46.258606,2.1583072670584356,1.1672515504411511,0.5463004570016591,0.031089186675022307,0.0,1.7368003333853517,2.7528132303289414,0
Robin_public_Cami,2016-09-12 05:00:00,0,normal,37.75,37.75,50.0511,2.8705870617815976,2.1948311090664707,0.8535808340337994,0.04330255088497386,0.0,2.3996102209605255,2.7528132303289414,0
Robin_public_Cami,2016-09-12 06:00:00,0,normal,59.0,59.0,52.86416,0.6583470202616828,8.237216095926781,1.202166994124942,0.09869102528516398,0.0,1.5249979226008445,2.7528132303289414,0
Robin_public_Cami,2016-09-12 07:00:00,0,normal,75.0,75.0,64.96269,2.0614010176074906,4.977520637106377,0.0,0.009013950290772597,0.021770952628452862,1.940732776035881,2.7528132303289414,0
Robin_public_Cami,2016-09-12 08:00:00,0,normal,78.75,78.75,83.4314,0.43213927515553874,5.88876764239191,0.0,0.0,0.3258124697945429,0.891374256848068,2.7528132303289414,0
Robin_public_Cami,2016-09-12 09:00:00,0,normal,88.75,88.75,91.53156,0.0,1.0663232881015203,0.0,0.0,0.11887230932124673,0.10663232881015204,2.7528132303289414,0
Robin_public_Cami,2016-09-12 10:00:00,0,normal,95.5,95.5,99.85169,0.0,0.0,0.0,0.0,0.0,0.0,2.7528132303289414,0
Robin_public_Cami,2016-09-12 11:00:00,0,normal,102.0,102.0,100.70099,0.0,0.0,0.0,0.0,0.0,0.0,2.7528132303289414,0
Robin_public_Cami,2016-09-12 12:00:00,0,normal,103.0,103.0,100.70099,0.0,0.0,0.0,0.0,0.0,0.0,2.7528132303289414,0
Robin_public_Cami,2016-09-12 13:00:00,0,normal,112.75,112.75,100.70099,1.4621812689463538,5.2157067750364465,0.0,0.0,0.0,1.5450975657660924,2.7528132303289414,0
Robin_public_Cami,2016-09-12 14:00:00,0,normal,115.0,115.0,100.70099,1.9194177929431968,1.1674241272297867,0.0,0.0,0.0,1.4603348677832162,2.7528132303289414,0
Robin_public_Cami,2016-09-12 15:00:00,0,normal,119.25,119.25,100.70099,2.783086782715011,2.8046818043021253,0.0,0.0,0.0,2.2286289283307203,2.7528132303289414,0
Robin_public_Cami,2016-09-12 16:00:00,0,normal,119.75,119.75,100.70099,2.8846948991587538,0.0,0.2274665660931712,0.058417312832721204,0.0,2.064779742629762,2.7528132303289414,0
Robin_public_Cami,2016-09-12 17:00:00,0,normal,117.5,117.5,100.70099,2.427458375161911,1.167424127229786,0.436433049826231,0.2529287281858047,0.0,1.9032498853015625,2.7528132303289414,0
Robin_public_Cami,2016-09-12 18:00:00,0,normal,112.0,112.0,100.70099,2.110494309457428,0.6023556876722724,0.9910414769210665,0.5281535497702258,0.5444102954949973,1.73578988077164,2.7528132303289414,0
Robin_public_Cami,2016-09-12 19:00:00,0,normal,110.25,110.25,100.70099,1.6511032894366573,1.1761032201971062,0.1385631446855119,1.3278955966474952,1.3119853778495936,1.3010952535624731,2.7528132303289414,0
Robin_public_Cami,2016-09-12 20:00:00,0,normal,105.75,105.75,100.660645,0.48040282696952386,4.041516157125605,0.1917671433524487,1.136007865948629,2.0319253566246704,0.7787870232617169,2.7528132303289414,0
Robin_public_Cami,2016-09-12 21:00:00,0,normal,102.75,102.75,96.62067,0.7534065794156006,0.42526756989213366,0.32777221925742017,0.6986409676740671,3.266534856919364,0.6354658064316178,2.7528132303289414,0
Robin_public_Cami,2016-09-12 22:00:00,0,normal,79.5,79.5,94.26592,3.020590267023776,8.458549069887962,0.21211918594685075,0.5320914566245237,4.34339418495988,3.0026919310948093,2.7528132303289414,1
Robin_public_Cami,2016-09-12 23:00:00,0,normal,81.5,81.5,82.84914,0.0,10.0,0.0,0.0,2.5821496792119256,1.0,2.7528132303289414,0
Robin_public_Cami,2016-09-13 00:00:00,0,normal,81.25,81.25,77.92101,0.1282046091873796,0.0,0.0,0.0,1.6374937508658312,0.08974322643116572,2.7528132303289414,0
Robin_public_Cami,2016-09-13 01:00:00,0,normal,80.9167,80.9167,79.35908,0.0,0.0,1.003571352766827,0.0,1.1470530854056578,0.20071427055336544,2.7528132303289414,0
Robin_public_Cami,2016-09-13 02:00:00,0,normal,80.25,80.25,79.4229,0.0,0.0,1.4808163884513652,0.0,0.700889095543253,0.29616327769027306,2.7528132303289414,0
Robin_public_Cami,2016-09-13 03:00:00,0,normal,81.0,81.0,80.44644,0.0,0.0,1.2879958432545677,0.0,0.37501711969067536,0.25759916865091353,2.7528132303289414,0
Robin_public_Cami,2016-09-13 04:00:00,0,normal,80.5,80.5,81.6676,0.0,0.0,1.331064407115887,2.635266837846671,0.2050035878767807,0.2662128814231774,2.7528132303289414,0
Robin_public_Cami,2016-09-13 05:00:00,0,normal,80.0,80.0,83.304596,0.26078109791580556,0.3760302755098258,1.3104877263820889,2.900899801368228,0.0791770270570567,0.48224734136846426,2.7528132303289414,0
Robin_public_Cami,2016-09-13 06:00:00,0,normal,80.75,80.75,82.61044,0.0,0.3760302755098258,1.119329273413558,2.735644774032972,0.0,0.2614688822336942,2.7528132303289414,0
Robin_public_Cami,2016-09-13 07:00:00,0,normal,81.75,81.75,85.81082,0.2433611236604863,0.30585628847475677,1.2051847776641722,2.8302928976449877,0.09294477026266675,0.44197537094265055,2.7528132303289414,0
Robin_public_Cami,2016-09-13 08:00:00,0,normal,86.0,86.0,89.49014,0.0,0.30585628847475677,0.7227216046936972,2.408049820703219,0.6812284646287291,0.17512994978621513,2.7528132303289414,0
Robin_public_Cami,2016-09-13 09:00:00,0,normal,103.75,103.75,91.9572,1.681427364410374,6.09890972557374,0.0,0.888498665197629,1.7799642685626935,1.7868901276446358,2.7528132303289414,0
Robin_public_Cami,2016-09-13 10:00:00,0,normal,112.0,112.0,100.70099,1.5664239578311498,0.0,0.0,0.0,1.6309786539065645,1.0964967704818047,2.7528132303289414,0
Robin_public_Cami,2016-09-13 11:00:00,0,normal,119.0,119.0,100.70099,3.196721005976518,5.892938229973861,0.0,0.0,0.31107359387887956,2.826998527180949,2.7528132303289414,1
Robin_public_Cami,2016-09-13 12:00:00,0,normal,121.75,121.75,100.70099,3.2911273649337254,0.0,0.0,0.0,0.0,2.3037891554536074,2.7528132303289414,0
Robin_public_Cami,2016-09-13 13:00:00,0,normal,124.25,124.25,100.70099,3.7991679471524393,1.3720813368638278,0.0,0.0,0.0,2.79662569669309,2.7528132303289414,1
Robin_public_Cami,2016-09-13 14:00:00,0,normal,123.25,123.25,100.70099,3.5959517142649533,0.14413807905957454,0.0,0.0,0.0,2.531580007891425,2.7528132303289414,0
Robin_public_Cami,2016-09-13 15:00:00,0,normal,123.75,123.75,100.70099,3.6975598307086965,0.0,0.5666252510248648,0.0,0.0,2.7016169317010608,2.7528132303289414,0
Robin_public_Cami,2016-09-13 16:00:00,0,normal,124.0,124.0,100.70099,3.748363888930568,0.0,1.1428700819535524,0.22441438987445997,0.0,2.852428738642108,2.7528132303289414,1
Robin_public_Cami,2016-09-13 17:00:00,0,normal,119.5,119.5,100.70099,2.833890840936882,3.00933901393617,1.266266899872129,1.234619607269912,0.0,2.53791087002386,2.7528132303289414,0
Robin_public_Cami,2016-09-13 18:00:00,0,normal,119.75,119.75,100.70099,4.144940255263698,4.606892740571447,0.049895290312957044,1.3595279862355802,0.0,3.3721265108043252,2.7528132303289414,1
Robin_public_Cami,2016-09-13 19:00:00,0,normal,117.25,117.25,100.70099,3.4886673695197405,1.9692149257715497,0.062058898140890585,1.1491905427281064,0.0,2.6514004308691517,2.7528132303289414,0
Robin_public_Cami,2016-09-13 20:00:00,0,normal,114.25,114.25,100.70099,2.7011399066269908,2.4979560628211774,0.5425213435096612,0.8583686028898732,0.6828100597989626,2.2490978096229433,2.7528132303289414,0
Robin_public_Cami,2016-09-13 21:00:00,0,normal,107.25,107.25,100.68093,0.8688411506913102,6.706674520038163,0.011816448210019783,0.5177197321396672,2.876301452849685,1.2812195471297374,2.7528132303289414,0
Robin_public_Cami,2016-09-13 22:00:00,0,normal,83.25,83.25,97.45854,2.8742727370744463,7.404116480691732,0.0,0.06532031289573843,3.4460803138821023,2.7524025640212857,2.7528132303289414,0
Robin_public_Cami,2016-09-13 23:00:00,0,normal,81.25,81.25,84.08952,0.0,10.0,0.0,0.0,0.6070178059613539,1.0,2.7528132303289414,0
Robin_public_Cami,2016-09-14 00:00:00,0,normal,81.6667,81.6667,75.66082,0.9008320622879933,2.954388166131986,0.0,0.0,0.0,0.9260212602147939,2.7528132303289414,0
Robin_public_Cami,2016-09-14 01:00:00,0,normal,81.0833,81.0833,76.43505,0.5089811369452009,0.9040271735386247,0.7341892134366653,0.0,0.0,0.5935273559028361,2.7528132303289414,0
Robin_public_Cami,2016-09-14 02:00:00,0,normal,80.75,80.75,76.45735,0.4063446505369589,0.0,1.3648724571720896,0.0,0.0,0.5574157468102892,2.7528132303289414,0
Robin_public_Cami,2016-09-14 03:00:00,0,normal,80.5,80.5,78.63967,0.0,0.9624131659033793,1.1981593409154776,0.0,0.0,0.3358731847734335,2.7528132303289414,0
Robin_public_Cami,2016-09-14 04:00:00,0,normal,80.0,80.0,79.52642,0.0,0.0,1.3733824763889213,2.133514471230103,0.0,0.27467649527778426,2.7528132303289414,0
Robin_public_Cami,2016-09-14 05:00:00,0,normal,79.0,79.0,81.86412,0.0,0.0,1.2800925033887374,2.646219281930098,0.0,0.2560185006777475,2.7528132303289414,0
Robin_public_Cami,2016-09-14 06:00:00,0,normal,78.75,78.75,83.27699,0.0,0.0,0.9427286670086381,2.2077356280617324,0.0,0.18854573340172764,2.7528132303289414,0
Robin_public_Cami,2016-09-14 07:00:00,0,normal,81.5,81.5,84.77614,0.0,0.0,1.0275710285698616,2.1783295040844823,0.0,0.20551420571397233,2.7528132303289414,0
Robin_public_Cami,2016-09-14 08:00:00,0,normal,83.5,83.5,87.67103,0.0,0.0,0.4768580146956703,2.0651221655089875,0.5629667513227306,0.09537160293913406,2.7528132303289414,0
Robin_public_Cami,2016-09-14 09:00:00,0,normal,107.25,107.25,90.63909,2.8035625938455753,10.0,0.13026742530607938,1.4557691632308485,1.9645933485213805,2.9885473007531185,2.7528132303289414,1
Robin_public_Cami,2016-09-14 10:00:00,0,normal,116.25,116.25,100.70099,2.556247165633695,0.32178566427377664,0.0,0.0,1.9714842220286135,1.8215515823709643,2.7528132303289414,0
Robin_public_Cami,2016-09-14 11:00:00,0,normal,120.25,120.25,100.70099,3.487845478859619,3.078325805923664,0.0,0.0,0.4982149196815811,2.7493244157940997,2.7528132303289414,0
Robin_public_Cami,2016-09-14 12:00:00,0,normal,124.25,124.25,100.70099,3.7991679471524393,0.5796292830392556,0.0,0.0,0.0,2.717380491310633,2.7528132303289414,0
Robin_public_Cami,2016-09-14 13:00:00,0,normal,121.5,121.5,100.70099,3.2403233067118538,1.576738546497871,0.0,0.0,0.0,2.4259001693480844,2.7528132303289414,0
Robin_public_Cami,2016-09-14 14:00:00,0,normal,121.0,121.0,100.70099,3.138715190268111,0.0,0.2590035427066723,0.0,0.0,2.2489013417290122,2.7528132303289414,0
Robin_public_Cami,2016-09-14 15:00:00,0,normal,121.75,121.75,100.70099,3.2911273649337254,0.0,0.37678798979965217,0.02602008382539537,0.0,2.3791467534135378,2.7528132303289414,0
Robin_public_Cami,2016-09-14 16:00:00,0,normal,121.5,121.5,100.70099,3.2403233067118538,0.0,1.2850382182352056,0.9590565768738598,0.0,2.5252339583453387,2.7528132303289414,0
Robin_public_Cami,2016-09-14 17:00:00,0,normal,118.75,118.75,100.70099,2.681478666271268,1.576738546497871,1.2825756030496254,1.7724575398752571,0.0,2.2912240416496,2.7528132303289414,0
Robin_public_Cami,2016-09-14 18:00:00,0,normal,116.5,116.5,100.70099,3.291785503796553,1.784046978650985,0.4053058299177544,1.4506065735907117,0.0,2.5637157165062363,2.7528132303289414,0
Robin_public_Cami,2016-09-14 19:00:00,0,normal,112.5,112.5,100.70099,2.24174888660622,3.555438336920435,0.08007816665051327,1.2132728541725344,0.0,1.9407836876465,2.7528132303289414,0
Robin_public_Cami,2016-09-14 20:00:00,0,normal,104.5,104.5,100.3954,0.2218952389125303,7.462213784889339,0.0,0.5406102112611703,0.6917295107961915,0.9015480457277051,2.7528132303289414,0
Robin_public_Cami,2016-09-14 21:00:00,0,normal,101.75,101.75,95.34621,0.825454799605277,1.7568664954867248,0.0,0.0,2.707642172843388,0.7535050092723664,2.7528132303289414,0
Robin_public_Cami,2016-09-14 22:00:00,0,normal,80.25,80.25,92.841774,2.4498563673336644,5.869189092329734,0.0,0.0,2.1339799642863557,2.3018183663665384,2.7528132303289414,0
Robin_public_Cami,2016-09-14 23:00:00,1,spike,82.5,178.022072720754,81.51706,10.0,10.0,0.0,0.0,0.3014734434745746,8.0,2.7528132303289414,1
Robin_public_Cami,2016-09-15 00:00:00,0,normal,80.6667,80.6667,100.70099,4.949830011125411,10.0,0.0,0.0,0.0,4.464881007787788,2.7528132303289414,1
Robin_public_Cami,2016-09-15 01:00:00,0,normal,81.5833,81.5833,89.65249,1.8586702548783856,10.0,0.0,0.0,0.0,2.3010691784148696,2.7528132303289414,0
Robin_public_Cami,2016-09-15 02:00:00,0,normal,80.5,80.5,80.67045,0.0,6.812908501660474,0.0,0.0,0.0,0.6812908501660475,2.7528132303289414,0
Robin_public_Cami,2016-09-15 03:00:00,0,normal,80.25,80.25,82.41555,0.0,0.0,1.2041655580746182,0.0,0.0,0.24083311161492366,2.7528132303289414,0
Robin_public_Cami,2016-09-15 04:00:00,0,normal,81.0,81.0,76.534134,0.6502332632022939,1.9448851312653348,1.113105486618229,0.0,0.0,0.872272894691785,2.7528132303289414,0
Robin_public_Cami,2016-09-15 05:00:00,0,normal,79.25,79.25,77.6206,0.0,1.9448851312653348,1.3649369168045604,0.0,0.0,0.4674758964874456,2.7528132303289414,0
Robin_public_Cami,2016-09-15 06:00:00,0,normal,81.0,81.0,78.16283,0.0,0.0,0.9983247870828591,2.6044313690042062,0.0,0.19966495741657184,2.7528132303289414,0
Robin_public_Cami,2016-09-15 07:00:00,0,normal,82.75,82.75,85.1623,0.0,0.0,0.9138103127312917,2.575516709155902,0.0,0.18276206254625835,2.7528132303289414,0
Robin_public_Cami,2016-09-15 08:00:00,0,normal,83.75,83.75,91.86571,0.825033837502225,2.6490453702450436,0.5393360517152223,2.2133799025088985,0.0,0.9502954336191063,2.7528132303289414,0
Robin_public_Cami,2016-09-15 09:00:00,0,normal,103.75,103.75,94.1764,1.1645765889594941,0.6933108393884756,0.7036013778262465,1.807545195279284,0.0,1.0252549717757427,2.7528132303289414,0
Robin_public_Cami,2016-09-15 10:00:00,0,normal,112.0,112.0,100.70099,1.5664239578311498,0.9442964809617999,0.0,0.0,0.0,1.1909264185779846,2.7528132303289414,0
Robin_public_Cami,2016-09-15 11:00:00,0,normal,115.75,115.75,100.70099,2.4397973764804544,2.843774770586149,0.0,0.0,0.0,1.9922356405949329,2.7528132303289414,0
Robin_public_Cami,2016-09-15 12:00:00,0,normal,121.0,121.0,100.70099,3.138715190268111,2.141004193871997,0.0,0.0,0.7858316335528397,2.4112010525748775,2.7528132303289414,0
Robin_public_Cami,2016-09-15 13:00:00,0,normal,122.0,122.0,100.70099,3.341931423155597,0.14413807905957596,0.0,0.0,0.2844238793739806,2.3537658041148752,2.7528132303289414,0
Robin_public_Cami,2016-09-15 14:00:00,0,normal,119.75,119.75,100.70099,2.8846948991587538,1.1674241272297874,0.02326472385985558,0.0,0.027943613652010577,2.1406817869060775,2.7528132303289414,0
Robin_public_Cami,2016-09-15 15:00:00,0,normal,118.75,118.75,100.70099,2.681478666271268,0.14413807905957454,0.8348873679633416,0.08659686659835955,0.0,2.0584263478885134,2.7528132303289414,0
Robin_public_Cami,2016-09-15 16:00:00,0,normal,117.5,117.5,100.70099,2.427458375161911,0.34879528869361626,0.5624339478437712,0.7729088373473543,0.0,1.8465871810514534,2.7528132303289414,0
Robin_public_Cami,2016-09-15 17:00:00,0,normal,115.25,115.25,100.70099,1.970221851165068,1.1674241272297874,0.8290177206297961,1.3700806124022809,0.03149156787250945,1.6617012526644857,2.7528132303289414,0
Robin_public_Cami,2016-09-15 18:00:00,0,normal,114.0,114.0,100.70099,2.6355126180525947,2.0055422282794355,0.5085733793316836,1.2849990841442869,0.28034444803232145,2.1471277313310964,2.7528132303289414,0
Robin_public_Cami,2016-09-15 19:00:00,0,normal,108.0,108.0,100.70099,1.0604576922670952,5.670402885118951,0.5067178070010326,1.049266155257199,0.7105038271865802,1.4107042344990681,2.7528132303289414,0
Robin_public_Cami,2016-09-15 20:00:00,0,normal,103.25,103.25,99.13846,0.22371777408717322,2.6962017174168738,0.0,0.5933910364422976,1.5097270952668,0.42622261360270863,2.7528132303289414,0
Robin_public_Cami,2016-09-15 21:00:00,0,normal,101.0,101.0,96.47406,0.3325010933683892,0.0,0.0,0.217852812872742,3.5165995735889317,0.2327507653578724,2.7528132303289414,0
Robin_public_Cami,2016-09-15 22:00:00,0,normal,81.0,81.0,94.20255,2.610191395840495,8.500873532854307,0.0,0.09050802717071377,3.2154383693796538,2.677221330373777,2.7528132303289414,0
Robin_public_Cami,2016-09-15 23:00:00,0,normal,79.75,79.75,83.73319,0.1900249067871531,9.07481939083425,0.0,0.0,1.1496475367880878,1.0404993738344321,2.7528132303289414,0
Robin_public_Cami,2016-09-16 00:00:00,0,normal,79.0833,79.0833,77.70577,0.0,0.09099862356023888,0.0,0.0,0.0,0.00909986235602389,2.7528132303289414,0
Robin_public_Cami,2016-09-16 01:00:00,0,normal,78.5833,78.5833,78.621445,0.0,0.0,0.7235018900203474,0.0,0.0,0.14470037800406949,2.7528132303289414,0
Robin_public_Cami,2016-09-16 02:00:00,0,normal,78.25,78.25,79.1992,0.0,0.0,1.0411713219025494,0.0,0.0,0.20823426438050988,2.7528132303289414,0
Robin_public_Cami,2016-09-16 03:00:00,0,normal,78.75,78.75,80.00704,0.0,0.0,1.206967853519432,0.0,0.0,0.2413935707038864,2.7528132303289414,0
Robin_public_Cami,2016-09-16 04:00:00,0,normal,79.25,79.25,81.16418,0.0,0.0,1.3923400331382116,2.0243161680385144,0.0,0.2784680066276423,2.7528132303289414,0
Robin_public_Cami,2016-09-16 05:00:00,0,normal,77.0,77.0,82.6837,1.0586552619651244,3.590157370245148,1.1295260568409864,2.669794023876092,0.0,1.3259796317682992,2.7528132303289414,0
Robin_public_Cami,2016-09-16 06:00:00,0,normal,78.75,78.75,81.21694,0.0,3.590157370245148,0.6066803794591397,2.2707616631237073,0.0,0.48035181291634277,2.7528132303289414,0
Robin_public_Cami,2016-09-16 07:00:00,0,normal,82.0,82.0,79.69916,0.0,0.0,0.6107049117962409,2.327460246966388,0.4396442391864654,0.12214098235924818,2.7528132303289414,0
Robin_public_Cami,2016-09-16 08:00:00,0,normal,83.5,83.5,87.05713,0.09013843418786076,0.0,0.02273986110196463,1.4392531739956087,1.1661059185170686,0.06764487615189545,2.7528132303289414,0
Robin_public_Cami,2016-09-16 09:00:00,0,normal,102.75,102.75,93.44777,1.8377915101050895,6.365690959148247,0.05759831202748765,0.9751539900239868,2.3791612745503814,1.9345428153938848,2.7528132303289414,0
Robin_public_Cami,2016-09-16 10:00:00,0,normal,108.25,108.25,100.70099,1.3044642214739108,1.4739453799410465,0.0,0.0,2.0939781653631404,1.0605194930258421,2.7528132303289414,0
Robin_public_Cami,2016-09-16 11:00:00,0,normal,112.5,112.5,100.70099,2.597309094343691,4.5335582317219085,0.0,0.0,0.7277331962566721,2.2714721892127745,2.7528132303289414,0
Robin_public_Cami,2016-09-16 12:00:00,0,normal,112.5,112.5,100.70099,0.8371811973060534,6.415944072197543,0.0,0.0,0.07466397410772438,1.2276212453339919,2.7528132303289414,0
Robin_public_Cami,2016-09-16 13:00:00,0,normal,112.0,112.0,100.70099,0.7702067015215692,0.0,0.01940863704144311,0.0,0.0,0.5430264184733871,2.7528132303289414,0
Robin_public_Cami,2016-09-16 14:00:00,0,normal,109.5,109.5,100.70099,0.4353342225991478,0.6744972843563511,1.3351640255233372,0.0,0.0,0.639216489359706,2.7528132303289414,0
Robin_public_Cami,2016-09-16 15:00:00,0,normal,109.25,109.25,100.70099,0.40184697470690567,0.0,0.3049647529261523,0.32661472811670716,0.0,0.3422858328800644,2.7528132303289414,0
Robin_public_Cami,2016-09-16 16:00:00,0,normal,108.5,108.5,100.70099,0.3013852310301792,0.0,0.3256289426217912,1.1210866144357947,0.0,0.27609545024548365,2.7528132303289414,0
Robin_public_Cami,2016-09-16 17:00:00,0,normal,106.0,106.0,100.70099,0.0,0.5395984799730562,1.036116278448571,1.1283299692644435,0.0,0.2611831036870198,2.7528132303289414,0
Robin_public_Cami,2016-09-16 18:00:00,0,normal,103.25,103.25,100.70099,0.0,0.0,0.19429280070563149,0.7597169179142275,0.0,0.0388585601411263,2.7528132303289414,0
Robin_public_Cami,2016-09-16 19:00:00,0,normal,100.75,100.75,99.21558,0.0,0.0,0.0,0.43686314504965845,0.13401307280613112,0.0,2.7528132303289414,0
Robin_public_Cami,2016-09-16 20:00:00,0,normal,95.75,95.75,96.339264,0.0,0.0,0.0,0.24772585365176464,0.8315302074307915,0.0,2.7528132303289414,0
Robin_public_Cami,2016-09-16 21:00:00,0,normal,90.0,90.0,90.34923,0.0,0.0,0.0,0.0,2.2746041315825747,0.0,2.7528132303289414,0
Robin_public_Cami,2016-09-16 22:00:00,0,normal,76.5,76.5,80.392204,0.1924390364259214,0.10072361508370076,0.0,0.0,1.1793813966948474,0.14477968700651503,2.7528132303289414,0
Robin_public_Cami,2016-09-16 23:00:00,0,normal,79.5,79.5,73.7957,0.746619689658977,1.5579503110483839,0.0,0.0,0.009778338582110555,0.6784288138661222,2.7528132303289414,0
Robin_public_Cami,2016-09-17 00:00:00,0,normal,59.5833,59.5833,65.24016,1.0496531686831958,0.5462382218962684,0.0,0.0,0.0,0.7893810402678638,2.7528132303289414,0
Robin_public_Cami,2016-09-17 01:00:00,0,normal,79.25,79.25,61.213287,5.2014529900314335,10.0,0.0,0.0,0.0,4.641017093022003,2.7528132303289414,1
Robin_public_Cami,2016-09-17 02:00:00,1,spike,80.75,0.01,70.09477,10.0,10.0,0.0,0.0,0.0,8.0,2.7528132303289414,1
Robin_public_Cami,2016-09-17 03:00:00,0,normal,82.25,82.25,46.07755,10.0,10.0,0.0,0.0,0.0,8.0,2.7528132303289414,1
Robin_public_Cami,2016-09-17 04:00:00,0,normal,82.75,82.75,57.85203,7.502494558306821,10.0,0.0,0.0,0.0,6.2517461908147745,2.7528132303289414,1
Robin_public_Cami,2016-09-17 05:00:00,0,normal,80.75,80.75,71.789345,2.1576390716843057,10.0,0.0,0.0,0.0,2.510347350179014,2.7528132303289414,0
Robin_public_Cami,2016-09-17 06:00:00,0,normal,79.75,79.75,77.26298,0.0,8.017263546446047,0.9007191581972808,0.0,0.0,0.9818701862840609,2.7528132303289414,0
Robin_public_Cami,2016-09-17 07:00:00,0,normal,79.25,79.25,84.48476,0.6004707151350833,1.7444235030379494,0.6452006773322299,0.0,0.0,0.7238119863647993,2.7528132303289414,0
Robin_public_Cami,2016-09-17 08:00:00,0,normal,80.25,80.25,87.742096,1.2871506609851833,2.0917056143563157,1.0766235273309048,0.0,0.0,1.325500729591441,2.7528132303289414,0
Robin_public_Cami,2016-09-17 09:00:00,0,normal,94.0,94.0,88.74137,0.6077326629593766,2.062451849396491,1.270637717709325,2.0202586035804084,0.0,0.8857855925530778,2.7528132303289414,0
Robin_public_Cami,2016-09-17 10:00:00,0,normal,94.0,94.0,98.21384,0.2899081436553814,0.6058219074755545,0.0,0.3280454007758625,0.0,0.2635178913063224,2.7528132303289414,0
Robin_public_Cami,2016-09-17 11:00:00,0,normal,93.75,93.75,99.21459,0.6703864000845355,0.8582139301203061,0.0,0.05297775715546374,0.0,0.5550918730712054,2.7528132303289414,0
Robin_public_Cami,2016-09-17 12:00:00,0,normal,97.0,97.0,99.38819,0.0,2.0260692906425257,1.577766066155391,0.0,0.0,0.5181601422953308,2.7528132303289414,0
Robin_public_Cami,2016-09-17 13:00:00,0,normal,95.75,95.75,99.87427,0.0,0.0,0.477966910054288,0.0,0.0,0.0955933820108576,2.7528132303289414,0
Robin_public_Cami,2016-09-17 14:00:00,0,normal,93.25,93.25,98.206566,0.0,0.0,0.5339661350045176,0.1554127791290182,0.0,0.10679322700090353,2.7528132303289414,0
Robin_public_Cami,2016-09-17 15:00:00,0,normal,95.5,95.5,95.29908,0.0,0.0,0.4018747616438466,1.8577594475841726,2.6451105644296122,0.08037495232876933,2.7528132303289414,0
Robin_public_Cami,2016-09-17 16:00:00,0,normal,95.75,95.75,94.93772,0.0,0.0,0.6296996276615546,1.8321911825589818,2.504903937698274,0.12593992553231093,2.7528132303289414,0
Robin_public_Cami,2016-09-17 17:00:00,0,normal,95.0,95.0,94.93059,0.0,0.0,0.6144645247194536,1.8371145876980464,2.431149799084757,0.12289290494389071,2.7528132303289414,0
Robin_public_Cami,2016-09-17 18:00:00,0,normal,94.5,94.5,94.00111,0.0,0.0,1.3091768549901683,1.9681346596047915,2.627308051196712,0.26183537099803367,2.7528132303289414,0
Robin_public_Cami,2016-09-17 19:00:00,0,normal,94.0,94.0,91.700905,0.0,0.0,1.0839493780920968,2.2237497536836632,3.196564888964573,0.21678987561841936,2.7528132303289414,0
Robin_public_Cami,2016-09-17 20:00:00,0,normal,93.5,93.5,87.89819,0.7152748781921944,2.2068963937473973,1.1899924338116803,2.2389171395901926,4.66029975271191,0.9593805408716118,2.7528132303289414,0
Robin_public_Cami,2016-09-17 21:00:00,0,normal,90.5,90.5,77.951225,2.839817986388807,7.883940977844127,1.1887900894625418,2.31973197329163,10.0,3.014024706149086,2.7528132303289414,1
Robin_public_Cami,2016-09-17 22:00:00,0,normal,44.0,44.0,71.40592,7.383476366521894,10.0,0.3420770630737415,1.458892209767902,9.947095921862545,6.236848869180074,2.7528132303289414,1
Robin_public_Cami,2016-09-17 23:00:00,0,normal,41.25,41.25,53.973415,2.893227127886528,10.0,0.0,0.0,0.3030028704724748,3.0252589895205695,2.7528132303289414,1
Robin_public_Cami,2016-09-18 00:00:00,0,normal,41.75,41.75,46.188034,0.6408993068330335,8.398704240514316,0.0,0.0,0.0,1.288499938834555,2.7528132303289414,0
Robin_public_Cami,2016-09-18 01:00:00,0,normal,40.5833,40.5833,44.52698,0.47510951853538486,0.0,0.6715284598631354,0.0,0.0,0.4668823549473965,2.7528132303289414,0
Robin_public_Cami,2016-09-18 02:00:00,0,normal,40.75,40.75,44.558662,0.42982856594230184,0.0,1.224100856982621,0.0,0.0,0.5457001675561355,2.7528132303289414,0
Robin_public_Cami,2016-09-18 03:00:00,0,normal,42.0,42.0,44.304962,0.0,1.0570149116369576,1.098438728060411,0.0,0.0,0.325389236775778,2.7528132303289414,0
Robin_public_Cami,2016-09-18 04:00:00,0,normal,42.0,42.0,44.081215,0.0,0.0,1.024062938932334,2.051354007622995,0.0,0.2048125877864668,2.7528132303289414,0
Robin_public_Cami,2016-09-18 05:00:00,0,normal,41.5,41.5,43.99392,0.0,0.0,1.0885244002624648,2.7718128838842495,0.0,0.21770488005249297,2.7528132303289414,0
Robin_public_Cami,2016-09-18 06:00:00,0,normal,42.0,42.0,45.466743,0.0626432932884031,0.0,1.4502987883441547,2.809729113641498,0.0,0.33391006297071313,2.7528132303289414,0
Robin_public_Cami,2016-09-18 07:00:00,0,normal,51.0,51.0,54.1791,0.0,0.0,1.459188343626462,2.7965762318187033,0.0,0.29183766872529243,2.7528132303289414,0
Robin_public_Cami,2016-09-18 08:00:00,0,normal,69.5,69.5,65.44678,0.24104955445850607,0.2965444476630004,0.0,0.8428057515175316,0.04243935414523238,0.1983891328872543,2.7528132303289414,0
Robin_public_Cami,2016-09-18 09:00:00,0,normal,78.5,78.5,78.73389,0.0,0.2965444476630004,0.0,0.0,0.6333311004116254,0.029654444766300043,2.7528132303289414,0
Robin_public_Cami,2016-09-18 10:00:00,0,normal,80.0,80.0,89.39102,1.864801592808549,6.8376077590826,0.0,0.0,1.1926855147240447,1.9891218908742443,2.7528132303289414,0
Robin_public_Cami,2016-09-18 11:00:00,0,normal,83.75,83.75,92.78686,1.7570652936869382,0.0,0.0,0.0,0.5254444795410329,1.2299457055808567,2.7528132303289414,0
Robin_public_Cami,2016-09-18 12:00:00,0,normal,94.0,94.0,95.14984,0.0,6.403606792895312,0.22354948222070334,0.0,0.13521125625709554,0.6850705757336719,2.7528132303289414,0
Robin_public_Cami,2016-09-18 13:00:00,0,normal,97.25,97.25,99.011765,0.0,0.0,0.0,0.0,0.0,0.0,2.7528132303289414,0
Robin_public_Cami,2016-09-18 14:00:00,0,normal,96.5,96.5,99.87361,0.0,0.0,0.0,0.0,0.0,0.0,2.7528132303289414,0
Robin_public_Cami,2016-09-18 15:00:00,0,normal,95.25,95.25,99.07688,0.0,0.0,0.5805826939353068,0.0,0.0,0.11611653878706137,2.7528132303289414,0
Robin_public_Cami,2016-09-18 16:00:00,0,normal,90.75,90.75,96.43419,0.1687460403209805,0.005279616308422901,0.9291740053508234,0.07202544555122402,0.0,0.3044849909256933,2.7528132303289414,0
Robin_public_Cami,2016-09-18 17:00:00,0,normal,88.75,88.75,91.47485,0.0,0.005279616308422901,0.13090661039746124,0.46280396877697744,0.0,0.026709283710334538,2.7528132303289414,0
Robin_public_Cami,2016-09-18 18:00:00,0,normal,88.5,88.5,85.89659,0.0,0.0,0.04733205725314713,0.9375409409735269,0.06378936557434291,0.009466411450629427,2.7528132303289414,0
Robin_public_Cami,2016-09-18 19:00:00,0,normal,88.25,88.25,83.44603,0.4054866173621676,0.9589566964504995,0.7855079375481385,0.7199848672157243,0.8347956247280052,0.536837889308195,2.7528132303289414,0
Robin_public_Cami,2016-09-18 20:00:00,0,normal,87.25,87.25,81.6556,0.6129812456023144,0.16137301038657448,1.4778564258785143,0.8087133208239354,2.45735588010314,0.7407954581359804,2.7528132303289414,0
Robin_public_Cami,2016-09-18 21:00:00,0,normal,85.0,85.0,74.4299,1.9191481439789806,4.587224191929376,1.1328502702576073,1.0766539534237343,3.7400851362552068,2.0286961740297453,2.7528132303289414,0
Robin_public_Cami,2016-09-18 22:00:00,0,normal,41.75,41.75,71.5146,8.104815348108621,10.0,0.5550401287108041,1.602922608480582,4.3457031233235925,6.784378769418195,2.7528132303289414,1
Robin_public_Cami,2016-09-18 23:00:00,0,normal,43.5,43.5,45.92446,0.0,10.0,0.0,0.0,0.5045087759950982,1.0,2.7528132303289414,0
Robin_public_Cami,2016-09-19 00:00:00,0,normal,62.4167,62.4167,53.292015,2.2126492921211693,8.238864706077727,0.0,0.0,0.0,2.3727409750925914,2.7528132303289414,0
Robin_public_Cami,2016-09-19 01:00:00,0,normal,42.9167,42.9167,60.747498,5.13239577933491,10.0,0.0,0.0,0.0,4.592677045534437,2.7528132303289414,1
Robin_public_Cami,2016-09-19 02:00:00,0,normal,42.25,42.25,52.207054,2.491798803544337,9.96279349984931,0.0,0.0,0.0,2.740538512465967,2.7528132303289414,0
Robin_public_Cami,2016-09-19 03:00:00,0,normal,43.5,43.5,50.221687,1.406762196722315,3.6964310147880104,0.0,0.0,0.0,1.3543766391844216,2.7528132303289414,0
Robin_public_Cami,2016-09-19 04:00:00,0,normal,43.25,43.25,49.526268,1.2573830737096632,0.0,1.1356636155324331,0.0,0.0,1.107300874703251,2.7528132303289414,0
Robin_public_Cami,2016-09-19 05:00:00,0,normal,43.5,43.5,51.409996,1.8052822187447295,1.532646113212858,1.1066440280066383,0.0,0.0,1.638290970043924,2.7528132303289414,0
Robin_public_Cami,2016-09-19 06:00:00,0,normal,65.25,65.25,57.139984,1.4751211557711104,0.655517988700555,1.5700642890077496,0.0,0.0,1.4121494657113827,2.7528132303289414,0
Robin_public_Cami,2016-09-19 07:00:00,0,normal,78.25,78.25,71.195694,1.1539754963787279,0.6192006667141321,0.0,0.0,0.0,0.8697029141365227,2.7528132303289414,0
Robin_public_Cami,2016-09-19 08:00:00,0,normal,83.25,83.25,87.509865,0.30390984746617133,2.749882603620202,0.0,0.0,0.0,0.4877251535883401,2.7528132303289414,0
Robin_public_Cami,2016-09-19 09:00:00,0,normal,88.25,88.25,93.94493,0.7404552613064084,1.0840728159942101,0.0,0.0,0.0,0.6267259645139068,2.7528132303289414,0
Robin_public_Cami,2016-09-19 10:00:00,0,normal,93.25,93.25,99.85459,1.0171728391390442,0.44022820822070796,0.0,0.0,0.0,0.7560438082194016,2.7528132303289414,0
Robin_public_Cami,2016-09-19 11:00:00,0,normal,98.75,98.75,100.70099,0.0,3.4230510956367506,0.0,0.0,0.0,0.3423051095636751,2.7528132303289414,0
Robin_public_Cami,2016-09-19 12:00:00,1,stuck,101.25,101.25,100.70099,0.0,0.0,0.0,0.0,0.0,0.0,2.7528132303289414,0
Robin_public_Cami,2016-09-19 13:00:00,1,stuck,101.25,101.25,100.70099,0.0,0.0,0.0,0.0,0.0,0.0,2.7528132303289414,0
Robin_public_Cami,2016-09-19 14:00:00,1,stuck,100.0,101.25,100.70099,0.0,0.0,0.6401801344972177,0.0,0.0,0.12803602689944354,2.7528132303289414,0
Robin_public_Cami,2016-09-19 15:00:00,1,stuck,99.25,101.25,100.70099,0.0,0.0,1.7324198128666874,0.31005614921436075,0.0,0.3464839625733375,2.7528132303289414,0
Robin_public_Cami,2016-09-19 16:00:00,1,stuck,98.25,101.25,100.70099,0.0,0.0,1.7324198128666874,0.9337469150685995,0.0,0.3464839625733375,2.7528132303289414,0
Robin_public_Cami,2016-09-19 17:00:00,1,stuck,94.75,101.25,100.330734,0.0,0.0,1.7324198128666874,2.3272794459347286,0.0,0.3464839625733375,2.7528132303289414,0
Robin_public_Cami,2016-09-19 18:00:00,1,stuck,94.25,101.25,99.94619,0.0,0.0,1.7324198128666874,3.773193253278219,1.235662240655486,0.3464839625733375,2.7528132303289414,0
Robin_public_Cami,2016-09-19 19:00:00,1,stuck,95.0,101.25,99.92593,0.0,0.0,1.7324198128666874,3.773193253278219,2.6356453413400196,0.3464839625733375,2.7528132303289414,0
Robin_public_Cami,2016-09-19 20:00:00,1,stuck,88.5,101.25,100.644005,0.0,0.0,1.7324198128666874,3.773193253278219,3.9736145058764953,0.3464839625733375,2.7528132303289414,0
Robin_public_Cami,2016-09-19 21:00:00,1,stuck,85.0,101.25,99.786316,0.0,0.0,1.7324198128666874,3.773193253278219,6.02415291506358,0.3464839625733375,2.7528132303289414,0
Robin_public_Cami,2016-09-19 22:00:00,1,stuck,78.0,101.25,99.17288,0.0,0.0,1.7324198128666874,3.773193253278219,9.35102612872375,0.3464839625733375,2.7528132303289414,0
Robin_public_Cami,2016-09-19 23:00:00,1,stuck,81.5,101.25,98.740746,0.0,0.0,1.7324198128666874,3.773193253278219,10.0,0.3464839625733375,2.7528132303289414,0
Robin_public_Cami,2016-09-20 00:00:00,1,contextual_after_hours,76.6667,119.25860514606242,96.05971,6.932681580629134,10.0,1.7324198128666874,3.773193253278219,10.0,6.199361069013731,2.7528132303289414,1
Robin_public_Cami,2016-09-20 01:00:00,1,contextual_after_hours,82.0,124.59190514606242,100.70099,7.164762160755997,0.2604141595671713,0.0,0.06497222568900216,4.739591949128682,5.041374928485914,2.7528132303289414,1
Robin_public_Cami,2016-09-20 02:00:00,1,contextual_after_hours,81.75,124.34190514606242,100.70099,7.080920307053167,0.0,0.0,0.0,2.604500082237058,4.956644214937216,2.7528132303289414,1
Robin_public_Cami,2016-09-20 03:00:00,1,contextual_after_hours,81.75,124.34190514606242,100.70099,7.080920307053167,0.0,0.08032058088646782,0.0,1.706492315649266,4.97270833111451,2.7528132303289414,1
Robin_public_Cami,2016-09-20 04:00:00,1,contextual_after_hours,81.0,123.59190514606242,100.70099,6.829394745944679,0.3387456096199777,1.562846109108851,0.0,1.1117394281843678,5.127020104945044,2.7528132303289414,1
Robin_public_Cami,2016-09-20 05:00:00,1,contextual_after_hours,81.0,123.59190514606242,100.70099,6.829394745944679,0.0,1.2221709502329698,0.0,0.5966571938220969,5.025010512207869,2.7528132303289414,1
Robin_public_Cami,2016-09-20 06:00:00,0,normal,82.25,82.25,100.70099,4.620832636890018,8.222400047329364,1.1251218488454375,0.9850021289569263,0.006010704179812231,4.281847220325036,2.7528132303289414,1
Robin_public_Cami,2016-09-20 07:00:00,0,normal,81.75,81.75,92.1486,2.171304993069111,9.193096792614257,0.0,0.0,0.0,2.4392231744098036,2.7528132303289414,0
Robin_public_Cami,2016-09-20 08:00:00,0,normal,84.5,84.5,83.8438,0.0,8.072314844227774,0.0,0.0,0.0,0.8072314844227775,2.7528132303289414,0
Robin_public_Cami,2016-09-20 09:00:00,0,normal,92.5,92.5,88.31518,0.2810819411703103,0.4578094498336673,0.22247750632091048,0.0,0.0,0.287033805066766,2.7528132303289414,0
Robin_public_Cami,2016-09-20 10:00:00,0,normal,99.75,99.75,92.51274,1.2096295420247982,3.0660364278073016,0.0,0.0,0.0,1.1533443221980888,2.7528132303289414,0
Robin_public_Cami,2016-09-20 11:00:00,0,normal,103.0,103.0,100.70099,0.0,4.198336637117564,0.0,0.0,0.0,0.41983366371175646,2.7528132303289414,0
Robin_public_Cami,2016-09-20 12:00:00,0,normal,105.0,105.0,100.70099,0.0,0.0,0.0,0.0,0.0,0.0,2.7528132303289414,0
Robin_public_Cami,2016-09-20 13:00:00,0,normal,102.5,102.5,100.70099,0.0,0.0,0.0,0.0,0.0,0.0,2.7528132303289414,0
Robin_public_Cami,2016-09-20 14:00:00,0,normal,101.75,101.75,100.70099,0.0,0.0,0.2779794837007836,0.0,0.0,0.055595896740156726,2.7528132303289414,0
Robin_public_Cami,2016-09-20 15:00:00,0,normal,103.75,103.75,100.70099,0.0,0.0,0.07935975979519512,0.0,0.0,0.015871951959039024,2.7528132303289414,0
Robin_public_Cami,2016-09-20 16:00:00,0,normal,103.0,103.0,100.70099,0.0,0.0,0.4846098125933064,0.9288761972771807,0.0,0.09692196251866128,2.7528132303289414,0
Robin_public_Cami,2016-09-20 17:00:00,0,normal,100.75,100.75,100.70099,0.0,0.0,0.48379676349366874,1.5240530237688341,0.0,0.09675935269873376,2.7528132303289414,0
Robin_public_Cami,2016-09-20 18:00:00,0,normal,95.5,95.5,100.70099,0.592695526158631,1.7131022161960834,0.14579532030721215,1.155703333138893,0.24005029478105783,0.6153561539920924,2.7528132303289414,0
Robin_public_Cami,2016-09-20 19:00:00,0,normal,91.5,91.5,100.29292,1.6911918733511409,3.7506517405141473,0.0,0.34219397965097226,0.656329955016705,1.5588994853972133,2.7528132303289414,0
Robin_public_Cami,2016-09-20 20:00:00,0,normal,86.0,86.0,95.917694,2.035172830274015,0.7111895439283078,0.0,0.0,1.3632315746218966,1.4957399355846412,2.7528132303289414,0
Robin_public_Cami,2016-09-20 21:00:00,0,normal,83.0,83.0,89.02533,0.8447979669330039,4.120771793879755,0.0,0.0,1.6539591031711602,1.0034357562410783,2.7528132303289414,0
Robin_public_Cami,2016-09-20 22:00:00,0,normal,72.25,72.25,84.482704,2.743156318274629,6.972786577588599,0.0,0.0,1.1073550879650196,2.6174880805511,2.7528132303289414,0
Robin_public_Cami,2016-09-20 23:00:00,0,normal,74.0,74.0,77.24439,0.0,10.0,0.0,0.0,0.35032678126253475,1.0,2.7528132303289414,0
Robin_public_Cami,2016-09-21 00:00:00,0,normal,74.25,74.25,75.23365,0.0,0.0,0.0,0.0,0.17633606460266946,0.0,2.7528132303289414,0
Robin_public_Cami,2016-09-21 01:00:00,0,normal,71.1667,71.1667,76.00126,0.7738808013958004,2.442982350867127,0.6266311450800082,0.0,0.1070500286661442,0.9113410250797747,2.7528132303289414,0
Robin_public_Cami,2016-09-21 02:00:00,0,normal,72.5,72.5,73.98448,0.0,2.442982350867127,0.2796978048686083,0.0,0.0,0.3002377960604344,2.7528132303289414,0
Robin_public_Cami,2016-09-21 03:00:00,0,normal,73.5,73.5,75.04662,0.0,0.0,0.3368170538456239,0.18985674067496844,0.0,0.06736341076912478,2.7528132303289414,0
Robin_public_Cami,2016-09-21 04:00:00,1,spike,73.5,134.94569678374037,76.09741,10.0,10.0,0.5083802878967864,1.6749771694519469,0.0,8.101676057579358,2.7528132303289414,1
Robin_public_Cami,2016-09-21 05:00:00,0,normal,73.0,73.0,97.390594,7.332337915366379,10.0,0.0,0.0,0.0,6.132636540756465,2.7528132303289414,1
Robin_public_Cami,2016-09-21 06:00:00,0,normal,73.75,73.75,85.82537,2.6813773385237414,10.0,0.0,0.0,0.0,2.8769641369666186,2.7528132303289414,1
Robin_public_Cami,2016-09-21 07:00:00,0,normal,77.0,77.0,81.38085,0.3407139281940856,8.754552096874246,0.0,0.0,0.0,1.1139549594232845,2.7528132303289414,0
Robin_public_Cami,2016-09-21 08:00:00,0,normal,79.0,79.0,82.18876,0.0,0.6980287649112435,0.07325767350114351,0.0,0.0,0.08445441119135307,2.7528132303289414,0
Robin_public_Cami,2016-09-21 09:00:00,0,normal,92.75,92.75,80.15556,2.8392765460104132,10.0,0.0,0.0,0.0,2.9874935822072892,2.7528132303289414,1
Robin_public_Cami,2016-09-21 10:00:00,0,normal,96.75,96.75,89.85639,0.5404074249055829,8.586189511073796,0.0,0.0,0.0,1.2369041485412877,2.7528132303289414,0
Robin_public_Cami,2016-09-21 11:00:00,0,normal,100.75,100.75,96.574814,0.0,1.5024667419043034,0.0,0.0,0.0,0.15024667419043036,2.7528132303289414,0
Robin_public_Cami,2016-09-21 12:00:00,0,normal,102.75,102.75,100.70099,0.0,0.0,0.0,0.0,0.0,0.0,2.7528132303289414,0
Robin_public_Cami,2016-09-21 13:00:00,0,normal,95.75,95.75,100.70099,0.019747883483874552,0.0,0.0,0.0,0.0,0.013823518438712186,2.7528132303289414,0
Robin_public_Cami,2016-09-21 14:00:00,0,normal,100.25,100.25,99.12638,0.0,0.0,0.0,0.0,0.0,0.0,2.7528132303289414,0
Robin_public_Cami,2016-09-21 15:00:00,0,normal,97.25,97.25,100.23181,0.0,0.0,0.0,0.3019788683973519,0.0,0.0,2.7528132303289414,0
Robin_public_Cami,2016-09-21 16:00:00,0,normal,98.25,98.25,96.79765,0.0,0.0,0.0,0.6356508102751767,0.0,0.0,2.7528132303289414,0
Robin_public_Cami,2016-09-21 17:00:00,0,normal,97.75,97.75,96.28931,0.0,0.0,0.29565335859496783,0.7014241066314003,0.05944158110372881,0.05913067171899357,2.7528132303289414,0
Robin_public_Cami,2016-09-21 18:00:00,0,normal,90.0,90.0,95.284004,0.5314999037944311,1.4665840097138294,1.0511014477008125,0.7317562024222554,0.35204029351051025,0.7289286231676472,2.7528132303289414,0
Robin_public_Cami,2016-09-21 19:00:00,0,normal,88.25,88.25,90.72005,0.0,1.4665840097138294,0.0,0.3218165706640719,0.9110215114587611,0.14665840097138294,2.7528132303289414,0
Robin_public_Cami,2016-09-21 20:00:00,0,normal,85.0,85.0,86.46225,0.0,0.0,0.0,0.0,1.629222647603387,0.0,2.7528132303289414,0
Robin_public_Cami,2016-09-21 21:00:00,1,spike,82.5,184.54531435484023,83.187706,10.0,10.0,0.0,0.0,2.3778322564448975,8.0,2.7528132303289414,1
Robin_public_Cami,2016-09-21 22:00:00,0,normal,73.75,73.75,100.70099,7.244347308687088,10.0,0.0,0.0,0.0,6.071043116080961,2.7528132303289414,1
Robin_public_Cami,2016-09-21 23:00:00,0,normal,76.75,76.75,85.700874,1.7394970417147557,10.0,0.0,0.0,0.0,2.2176479292003286,2.7528132303289414,0
Robin_public_Cami,2016-09-22 00:00:00,0,normal,77.0,77.0,76.24068,0.0,6.332835489329906,0.0,0.0,0.0,0.6332835489329907,2.7528132303289414,0
Robin_public_Cami,2016-09-22 01:00:00,0,normal,75.8333,75.8333,75.27392,0.0,0.0,0.5328347515961557,0.0,0.0,0.10656695031923114,2.7528132303289414,0
Robin_public_Cami,2016-09-22 02:00:00,0,normal,76.0,76.0,69.13524,1.4547445661830438,5.185749033673147,1.1855282849941082,0.0,0.0,1.774001756694267,2.7528132303289414,0
Robin_public_Cami,2016-09-22 03:00:00,0,normal,75.5,75.5,69.81317,1.0597043085965379,0.9168749628774947,1.1711308313473934,0.0,0.0,1.0677066785748046,2.7528132303289414,0
Robin_public_Cami,2016-09-22 04:00:00,0,normal,75.25,75.25,71.0608,0.5574489266292441,1.3487764478043922,1.4784554545328317,2.2247407673618307,0.0,0.8207829843274763,2.7528132303289414,0
Robin_public_Cami,2016-09-22 05:00:00,0,normal,78.25,78.25,73.09296,0.8820316303395656,0.6330463303110438,1.3447775201425318,2.6621975087581533,0.0,0.9496822782973066,2.7528132303289414,0
Robin_public_Cami,2016-09-22 06:00:00,0,normal,78.75,78.75,76.174614,0.0,2.8786531938257087,0.5315048096919367,2.175574022311918,0.0,0.3941662813209582,2.7528132303289414,0
Robin_public_Cami,2016-09-22 07:00:00,0,normal,80.25,80.25,79.86068,0.0,0.0,0.42986610541783704,1.8369660811992692,0.0,0.08597322108356742,2.7528132303289414,0
Robin_public_Cami,2016-09-22 08:00:00,0,normal,84.5,84.5,83.68917,0.0,0.0,0.8505996663006493,1.4593772259071183,0.0,0.17011993326012986,2.7528132303289414,0
Robin_public_Cami,2016-09-22 09:00:00,0,normal,91.75,91.75,90.72972,0.0,0.0,0.068095211212119,0.8107278732824408,0.0,0.013619042242423801,2.7528132303289414,0
Robin_public_Cami,2016-09-22 10:00:00,0,normal,95.75,95.75,95.423615,0.0,0.0,0.0,0.19372364797919028,4.455605590943302,0.0,2.7528132303289414,0
Robin_public_Cami,2016-09-22 11:00:00,0,normal,99.0,99.0,99.05949,0.0,0.0,0.0,0.0,3.0588750839629912,0.0,2.7528132303289414,0
Robin_public_Cami,2016-09-22 12:00:00,0,normal,101.75,101.75,100.70099,0.0,0.0,0.0,0.0,2.1365329175699377,0.0,2.7528132303289414,0
Robin_public_Cami,2016-09-22 13:00:00,0,normal,99.0,99.0,100.70099,0.0,0.0,0.06025074063338852,0.0,1.5537209105804106,0.012050148126677705,2.7528132303289414,0
Robin_public_Cami,2016-09-22 14:00:00,0,normal,97.0,97.0,100.70099,0.0,0.0,0.5554881831601264,0.12226381682546665,1.4165744900054038,0.11109763663202528,2.7528132303289414,0
Robin_public_Cami,2016-09-22 15:00:00,0,normal,100.0,100.0,98.58606,0.0,0.0,0.24168573051211958,0.8017629420896982,1.4505806217092976,0.04833714610242392,2.7528132303289414,0
Robin_public_Cami,2016-09-22 16:00:00,0,normal,100.75,100.75,98.49767,0.0,0.0,0.5836128895851089,1.3969940618634755,1.556397164133119,0.11672257791702179,2.7528132303289414,0
Robin_public_Cami,2016-09-22 17:00:00,0,normal,97.75,97.75,98.82888,0.0,0.0,0.38806818271882443,1.718734058677854,1.8464281881543876,0.0776136365437649,2.7528132303289414,0
Robin_public_Cami,2016-09-22 18:00:00,0,normal,95.0,95.0,95.87785,0.0,0.0,0.5690009485933968,1.6053660612136402,2.2926727101643984,0.11380018971867936,2.7528132303289414,0
Robin_public_Cami,2016-09-22 19:00:00,0,normal,93.75,93.75,94.41294,0.0,0.0,0.09760705955508638,1.4141005048322164,3.147241267749587,0.019521411911017278,2.7528132303289414,0
Robin_public_Cami,2016-09-22 20:00:00,0,normal,90.5,90.5,92.95524,0.0,0.0,0.3646692414678764,1.0885456382830314,4.7120191643065645,0.07293384829357528,2.7528132303289414,0
Robin_public_Cami,2016-09-22 21:00:00,0,normal,86.25,86.25,88.71029,0.0,0.0,0.2643376818983083,0.639947556995899,6.2093912191701675,0.05286753637966166,2.7528132303289414,0
Robin_public_Cami,2016-09-22 22:00:00,0,normal,79.75,79.75,82.454124,0.0,0.0,0.0,0.0,1.5997539577904696,0.0,2.7528132303289414,0
Robin_public_Cami,2016-09-22 23:00:00,0,normal,78.0,78.0,76.811745,0.0,0.0,0.0,0.0,0.35414205315849245,0.0,2.7528132303289414,0
Robin_public_Cami,2016-09-23 00:00:00,0,normal,71.0,71.0,74.070724,0.18234823099055752,0.06007418360831244,0.0,0.0,0.0,0.1336511800542215,2.7528132303289414,0
Robin_public_Cami,2016-09-23 01:00:00,0,normal,76.9167,76.9167,70.70696,1.2350708814603872,3.566258655123467,0.0,0.0,0.0,1.2211754825346177,2.7528132303289414,0
Robin_public_Cami,2016-09-23 02:00:00,0,normal,77.25,77.25,73.58992,0.37999885095015706,2.7700501281055203,0.0,0.0,0.0,0.543004208475662,2.7528132303289414,0
Robin_public_Cami,2016-09-23 03:00:00,0,normal,78.5,78.5,76.07732,0.0,0.8562827106262584,0.0,0.0,0.0,0.08562827106262584,2.7528132303289414,0
Robin_public_Cami,2016-09-23 04:00:00,0,normal,78.75,78.75,78.06843,0.0,0.0,0.43394839568099386,0.040906151168090654,0.0,0.08678967913619878,2.7528132303289414,0
Robin_public_Cami,2016-09-23 05:00:00,0,normal,76.5,76.5,80.03869,0.14810009018890757,0.0,0.44995450951701466,0.0777800637257074,0.0,0.19366096503563823,2.7528132303289414,0
Robin_public_Cami,2016-09-23 06:00:00,0,normal,77.5,77.5,79.29471,0.0,0.0,0.12222230710660525,0.10911981284518879,0.0,0.02444446142132105,2.7528132303289414,0
Robin_public_Cami,2016-09-23 07:00:00,0,normal,79.25,79.25,80.84702,0.0,0.0,0.1972806837505454,1.484071234968655,0.40668368358202034,0.03945613675010908,2.7528132303289414,0
Robin_public_Cami,2016-09-23 08:00:00,0,normal,81.5,81.5,83.624374,0.0,0.0,0.03399034340140235,1.2870421972369903,1.2277838344623215,0.00679806868028047,2.7528132303289414,0
Robin_public_Cami,2016-09-23 09:00:00,0,normal,89.0,89.0,89.519226,0.0,0.0,0.0,0.6881007711015672,2.4525856715276317,0.0,2.7528132303289414,0
Robin_public_Cami,2016-09-23 10:00:00,0,normal,94.25,94.25,94.56269,0.0,0.0,0.0,0.0,1.8473307328583386,0.0,2.7528132303289414,0
Robin_public_Cami,2016-09-23 11:00:00,0,normal,98.0,98.0,99.42095,0.0,0.0,0.0,0.0,0.5670849555683418,0.0,2.7528132303289414,0
Robin_public_Cami,2016-09-23 12:00:00,0,normal,98.75,98.75,100.70099,0.0,0.0,0.0,0.0,0.0,0.0,2.7528132303289414,0
Robin_public_Cami,2016-09-23 13:00:00,0,normal,94.0,94.0,100.70099,0.3753762910369745,0.8376613593738333,0.0,0.0,0.0,0.3465295396632655,2.7528132303289414,0
Robin_public_Cami,2016-09-23 14:00:00,0,normal,89.25,89.25,99.86354,1.1704703450436102,2.528437041664379,0.0,0.0,0.0,1.072172945696965,2.7528132303289414,0
Robin_public_Cami,2016-09-23 15:00:00,0,normal,90.0,90.0,94.61947,0.0,4.040589160514807,0.0,0.0,0.0,0.40405891605148075,2.7528132303289414,0
Robin_public_Cami,2016-09-23 16:00:00,0,normal,90.5,90.5,91.991745,0.0,0.0,0.0,0.0,0.0,0.0,2.7528132303289414,0
Robin_public_Cami,2016-09-23 17:00:00,0,normal,88.75,88.75,90.8623,0.0,0.0,0.5181308928329807,0.0,0.0,0.10362617856659616,2.7528132303289414,0
Robin_public_Cami,2016-09-23 18:00:00,0,normal,86.0,86.0,89.467705,0.05470467424877332,0.0,0.20665232483512275,0.0,0.0,0.07962373694116588,2.7528132303289414,0
Robin_public_Cami,2016-09-23 19:00:00,0,normal,80.75,80.75,87.13121,0.9536345067334758,2.946725293179514,0.0,0.0,0.027761444047646838,0.9622166840313845,2.7528132303289414,0
Robin_public_Cami,2016-09-23 20:00:00,0,normal,76.5,76.5,82.15523,0.7316122587110578,0.21989554247012313,0.0,0.0,0.07198150614705975,0.5341181353447528,2.7528132303289414,0
Robin_public_Cami,2016-09-23 21:00:00,0,normal,73.75,73.75,75.153015,0.0,2.27270929977782,0.0,0.0,0.0,0.22727092997778203,2.7528132303289414,0
Robin_public_Cami,2016-09-23 22:00:00,0,normal,63.25,63.25,70.96655,1.362013021828391,4.812192672687235,0.0,0.0,0.0,1.4346283825485973,2.7528132303289414,0
Robin_public_Cami,2016-09-23 23:00:00,0,normal,64.0,64.0,65.86095,0.0,4.812192672687235,0.0,0.0,0.0,0.48121926726872355,2.7528132303289414,0
Robin_public_Cami,2016-10-02 00:00:00,0,normal,36.4167,36.4167,42.801136,1.3546501861276314,4.782532494696521,0.0,0.0,0.0,1.4265083797589941,2.7528132303289414,0
Robin_public_Cami,2016-10-02 01:00:00,0,normal,39.4167,39.4167,39.764133,0.0,4.782532494696521,0.0,0.0,0.0,0.4782532494696521,2.7528132303289414,0
Robin_public_Cami,2016-10-02 02:00:00,0,normal,38.25,38.25,38.275864,0.0,0.0,0.07519058661129982,0.0,0.0,0.015038117322259965,2.7528132303289414,0
Robin_public_Cami,2016-10-02 03:00:00,0,normal,38.25,38.25,37.482334,0.0,0.0,0.6142563276494488,0.0,0.0,0.12285126552988977,2.7528132303289414,0
Robin_public_Cami,2016-10-02 04:00:00,0,normal,38.25,38.25,38.28558,0.0,0.0,1.1459872228608314,1.0186369151743966,0.0,0.2291974445721663,2.7528132303289414,0
Robin_public_Cami,2016-10-02 05:00:00,0,normal,38.5,38.5,38.96717,0.0,0.0,1.7324198128666874,1.7621540252700194,0.0,0.3464839625733375,2.7528132303289414,0
Robin_public_Cami,2016-10-02 06:00:00,0,normal,37.75,37.75,41.884388,0.14739039370925666,0.0,1.5985993111224628,2.511041985511677,0.0,0.4228931378209722,2.7528132303289414,0
Robin_public_Cami,2016-10-02 07:00:00,1,spike,37.75,0.01,45.382404,10.0,10.0,1.412742265864974,2.9951321714910213,0.0,8.282548453172994,2.7528132303289414,1
Robin_public_Cami,2016-10-02 08:00:00,0,normal,38.25,38.25,39.98561,0.0,10.0,0.0,0.0,0.0,1.0,2.7528132303289414,0
Robin_public_Cami,2016-10-02 09:00:00,0,normal,59.25,59.25,49.559616,1.5657961101351152,5.63310501085764,0.0,0.0,0.6830164376060447,1.6593677781803446,2.7528132303289414,0
Robin_public_Cami,2016-10-02 10:00:00,0,normal,63.5,63.5,62.789963,0.0,5.63310501085764,0.0,0.0,1.830644561741537,0.563310501085764,2.7528132303289414,0
Robin_public_Cami,2016-10-02 11:00:00,0,normal,80.0,80.0,73.30304,1.0452714017177336,3.5362423172310606,0.0,0.0,1.3171775621921629,1.0853142129255196,2.7528132303289414,0
Robin_public_Cami,2016-10-02 12:00:00,0,normal,91.75,91.75,86.14453,0.007562427807696284,3.505778109698212,0.0,0.0,0.542024632879375,0.3558715104352086,2.7528132303289414,0
Robin_public_Cami,2016-10-02 13:00:00,0,normal,98.25,98.25,94.28921,0.0,0.0,0.0,0.0,0.0,0.0,2.7528132303289414,0
Robin_public_Cami,2016-10-02 14:00:00,0,normal,100.0,100.0,99.58578,0.0,0.0,0.0,0.0,0.0,0.0,2.7528132303289414,0
Robin_public_Cami,2016-10-02 15:00:00,0,normal,98.5,98.5,98.98251,0.0,0.0,0.014361967993057563,0.0,0.0,0.002872393598611513,2.7528132303289414,0
Robin_public_Cami,2016-10-02 16:00:00,0,normal,89.5,89.5,98.54814,0.4687049682251633,1.2136231884221316,1.0774625421102968,0.0,0.0,0.6649483050218868,2.7528132303289414,0
Robin_public_Cami,2016-10-02 17:00:00,0,normal,85.75,85.75,92.26281,0.12909984022470924,0.6935621147731919,0.0,0.22591339651256215,0.0,0.15972609963461565,2.7528132303289414,0
Robin_public_Cami,2016-10-02 18:00:00,0,normal,85.75,85.75,84.287506,0.0,0.0,0.0,0.505671585883019,0.0,0.0,2.7528132303289414,0
Robin_public_Cami,2016-10-02 19:00:00,0,normal,83.25,83.25,80.972595,0.0,0.0,0.5133252845537116,0.3233818199108498,0.0,0.10266505691074233,2.7528132303289414,0
Robin_public_Cami,2016-10-02 20:00:00,0,normal,82.5,82.5,76.49953,0.8371962551748694,2.698040008673664,0.7906710759274665,0.2443760062771828,0.384941323601744,1.0139755946752682,2.7528132303289414,0
Robin_public_Cami,2016-10-02 21:00:00,0,normal,79.25,79.25,71.763336,1.7339238632486873,2.9378539329241717,0.668226082084408,0.4319239708693223,1.4661958945210132,1.6411773139833798,2.7528132303289414,0
Robin_public_Cami,2016-10-02 22:00:00,0,normal,36.25,36.25,66.11893,9.353603770446137,10.0,0.49660941407932324,1.0446471615348085,2.2392933866055533,7.64684452212816,2.7528132303289414,1
Robin_public_Cami,2016-10-02 23:00:00,0,normal,32.5,32.5,46.154736,3.833744241998135,10.0,0.0,0.0,0.6297887807484545,3.6836209693986945,2.7528132303289414,1
Robin_public_Cami,2016-10-03 00:00:00,0,normal,51.9167,51.9167,46.014908,1.1774217361229646,10.0,0.0,0.0,0.0,1.8241952152860752,2.7528132303289414,0
Robin_public_Cami,2016-10-03 01:00:00,0,normal,32.5,32.5,50.23551,5.522803468677504,10.0,0.0,0.0,0.0,4.865962428074252,2.7528132303289414,1
Robin_public_Cami,2016-10-03 02:00:00,0,normal,33.0,33.0,41.444576,2.1111406290282018,10.0,0.0,0.0,0.0,2.477798440319741,2.7528132303289414,0
Robin_public_Cami,2016-10-03 03:00:00,0,normal,32.25,32.25,40.022297,1.864277382672942,0.3199641114242196,0.0,0.0,0.0,1.3369905790134813,2.7528132303289414,0
Robin_public_Cami,2016-10-03 04:00:00,0,normal,30.75,30.75,38.446476,1.8364356842233966,0.0,1.4153134855126206,0.1635097572325014,0.0,1.5685676760589016,2.7528132303289414,0
Robin_public_Cami,2016-10-03 05:00:00,0,normal,26.5,26.5,38.684708,3.484529478391851,5.964629990615188,0.9465536842935791,0.13066276257681636,0.0,3.2249443707945296,2.7528132303289414,1
Robin_public_Cami,2016-10-03 06:00:00,0,normal,42.5,42.5,40.191647,0.0,10.0,0.28400358583314633,0.05703340935174231,0.0,1.0568007171666292,2.7528132303289414,0
Robin_public_Cami,2016-10-03 07:00:00,0,normal,52.75,52.75,49.899498,0.0,0.0,0.0,0.6163131051539575,0.046341259550695485,0.0,2.7528132303289414,0
Robin_public_Cami,2016-10-03 08:00:00,0,normal,62.25,62.25,59.70556,0.0,0.0,0.0,0.0,0.15235462406432418,0.0,2.7528132303289414,0
Robin_public_Cami,2016-10-03 09:00:00,0,normal,79.75,79.75,70.900345,1.6935975971993389,6.147935846131054,0.0,0.0,0.5637235421297248,1.8003119026526426,2.7528132303289414,0
Robin_public_Cami,2016-10-03 10:00:00,0,normal,91.5,91.5,85.67795,0.5782388564727998,3.8185795897689108,0.0,0.0,0.565065544604726,0.786625158507851,2.7528132303289414,0
Robin_public_Cami,2016-10-03 11:00:00,0,normal,105.25,105.25,92.911644,2.761377128074202,8.119983590583917,0.0,0.0,0.0,2.744962348710333,2.7528132303289414,0
Robin_public_Cami,2016-10-03 12:00:00,0,normal,115.5,115.5,99.5183,1.3974477492380477,4.819912455153404,0.0,0.0,0.0,1.4602046699819737,2.7528132303289414,0
Robin_public_Cami,2016-10-03 13:00:00,0,normal,114.75,114.75,100.70099,1.1385664283362327,0.368377283284043,0.0,0.0,0.0,0.8338342281637671,2.7528132303289414,0
Robin_public_Cami,2016-10-03 14:00:00,0,normal,114.75,114.75,100.70099,1.1385664283362327,0.0,0.0,0.0,0.0,0.7969964998353628,2.7528132303289414,0
Robin_public_Cami,2016-10-03 15:00:00,0,normal,115.0,115.0,100.70099,1.9194177929431968,2.4710623127108113,1.399665476678668,0.0,0.0,1.8706317816670526,2.7528132303289414,0
Robin_public_Cami,2016-10-03 16:00:00,0,normal,113.25,113.25,100.70099,1.5637893853900968,0.7581097079617019,1.6162542839911807,0.046343667860487936,0.0,1.4937143973674742,2.7528132303289414,0
Robin_public_Cami,2016-10-03 17:00:00,0,normal,110.75,110.75,100.394455,1.1180414499987248,1.1211439171654474,1.1157557510575882,1.111195400601319,0.0,1.1178945569271697,2.7528132303289414,0
Robin_public_Cami,2016-10-03 18:00:00,0,normal,105.5,105.5,97.764275,1.3678764661648526,0.3319354802174543,0.6345650987959924,2.1135591858144163,0.0,1.1176200940963406,2.7528132303289414,0
Robin_public_Cami,2016-10-03 19:00:00,0,normal,98.0,98.0,94.24036,0.4651200258586137,2.96214026014336,0.17815543266607622,1.2333446669593486,0.4185466360259207,0.6574291306485808,2.7528132303289414,0
Robin_public_Cami,2016-10-03 20:00:00,0,normal,90.25,90.25,88.705414,0.0,1.199181737736583,0.0,0.5307332318961079,1.258078504795023,0.11991817377365831,2.7528132303289414,0
Robin_public_Cami,2016-10-03 21:00:00,0,normal,87.25,87.25,81.17372,1.2537810304033628,4.376194877758208,0.0,0.13116595911847087,2.4906738214430217,1.3152662090581746,2.7528132303289414,0
Robin_public_Cami,2016-10-03 22:00:00,0,normal,73.25,73.25,77.51766,0.6380667147977771,1.8058302655340635,0.0,0.028005239568017745,2.967426836405542,0.6272297269118503,2.7528132303289414,0
Robin_public_Cami,2016-10-03 23:00:00,0,normal,72.0,72.0,70.12298,0.0,1.8958738527475496,0.0,0.0,1.885776904345593,0.18958738527475497,2.7528132303289414,0
Robin_public_Cami,2016-10-04 00:00:00,0,normal,81.2172,81.2172,70.371414,2.4184195501580987,9.067782086094926,0.0,0.0,1.1356033632797116,2.5996718937201617,2.7528132303289414,0
Robin_public_Cami,2016-10-04 01:00:00,0,normal,73.4167,73.4167,77.246635,0.23859063823580673,8.106652287115123,0.0,0.010430595846341541,1.053740239578363,0.977678675476577,2.7528132303289414,0
Robin_public_Cami,2016-10-04 02:00:00,0,normal,77.0,77.0,75.51572,0.0,0.28663903950320746,0.0,0.21132975379303742,0.8190975943345362,0.028663903950320747,2.7528132303289414,0
Robin_public_Cami,2016-10-04 03:00:00,0,normal,78.25,78.25,77.90478,0.0,0.0,0.055674806211735345,0.4655003918241518,0.7547580055297404,0.01113496124234707,2.7528132303289414,0
Robin_public_Cami,2016-10-04 04:00:00,0,normal,76.0,76.0,81.765854,0.8400816577895983,2.709663459013443,0.3468089318950172,0.9838118095202715,0.808181525747618,0.9283852927330667,2.7528132303289414,0
Robin_public_Cami,2016-10-04 05:00:00,0,normal,75.0,75.0,80.07714,0.6260980935512926,0.1875128027842098,0.8522539905104768,0.9500344362937228,0.9195377833027614,0.6274707438664212,2.7528132303289414,0
Robin_public_Cami,2016-10-04 06:00:00,0,normal,76.5,76.5,79.71041,0.0,1.847659896752638,0.47495016950638286,1.0164787645334707,1.0986898026519472,0.2797560235765404,2.7528132303289414,0
Robin_public_Cami,2016-10-04 07:00:00,0,normal,79.5,79.5,81.84912,0.0,0.0,0.9339266730499715,1.49079928083366,1.7439198525054327,0.1867853346099943,2.7528132303289414,0
Robin_public_Cami,2016-10-04 08:00:00,0,normal,81.75,81.75,88.42457,0.7958800908799962,2.531603483850334,0.07557633918013881,1.428462175635571,2.80080691411202,0.8253916798370585,2.7528132303289414,0
Robin_public_Cami,2016-10-04 09:00:00,0,normal,93.75,93.75,89.17739,0.39904623775490006,0.9241002175320908,0.0,0.8094836746744446,3.6706902861959967,0.37174238818163907,2.7528132303289414,0
Robin_public_Cami,2016-10-04 10:00:00,0,normal,101.5,101.5,95.689026,0.7757554295414679,0.8430307679935065,0.0,0.0,2.375369464469473,0.6273318774783782,2.7528132303289414,0
Robin_public_Cami,2016-10-04 11:00:00,0,normal,112.25,112.25,100.70099,2.521259395939586,6.357033564979886,0.0,0.0,0.9951426630816181,2.400584933655699,2.7528132303289414,0
Robin_public_Cami,2016-10-04 12:00:00,0,normal,121.25,121.25,100.70099,2.0092348735345285,1.388130095770554,0.0,0.0,0.10931641071477044,1.5452774210512252,2.7528132303289414,0
Robin_public_Cami,2016-10-04 13:00:00,0,normal,122.5,122.5,100.70099,2.176671112995739,3.262439877428308e-06,0.0,0.0,0.0,1.5236701053410049,2.7528132303289414,0
Robin_public_Cami,2016-10-04 14:00:00,0,normal,121.75,121.75,100.70099,3.2911273649337254,3.814944036947823,0.0,0.0,0.0,2.68528355914839,2.7528132303289414,0
Robin_public_Cami,2016-10-04 15:00:00,0,normal,122.75,122.75,100.70099,3.494343597821211,0.14413807905957454,1.0179025823410353,0.0,0.0,2.664034842849012,2.7528132303289414,0
Robin_public_Cami,2016-10-04 16:00:00,0,normal,116.5,116.5,100.70099,1.3729771635819277,7.871144180683065,1.1301217079588246,0.0,0.0,1.9742227741674208,2.7528132303289414,0
Robin_public_Cami,2016-10-04 17:00:00,1,persistent_shift,116.25,147.2719789155203,100.70099,5.494852707897433,10.0,0.0,0.35109057786799824,0.0,4.846396895528203,2.7528132303289414,1
Robin_public_Cami,2016-10-04 18:00:00,1,persistent_shift,112.5,143.5219789155203,100.70099,10.0,10.0,0.0,0.0,0.0,8.0,2.7528132303289414,1
Robin_public_Cami,2016-10-04 19:00:00,1,persistent_shift,105.0,136.0219789155203,100.70099,9.804086829398864,8.565257761538394,0.0,0.0,0.0,7.719386556733044,2.7528132303289414,1
Robin_public_Cami,2016-10-04 20:00:00,1,persistent_shift,98.25,129.2719789155203,100.70099,7.739781103786584,7.641282909436899,0.0,0.0,0.0,6.181975063594298,2.7528132303289414,1
Robin_public_Cami,2016-10-04 21:00:00,1,persistent_shift,92.75,123.7719789155203,100.70099,6.057754216250652,6.101324822601063,0.0,0.0,0.5707720270026608,4.850560433635563,2.7528132303289414,1
Robin_public_Cami,2016-10-04 22:00:00,1,persistent_shift,82.25,113.2719789155203,100.60051,2.877340811232726,10.0,0.0,0.0,1.2100270587527588,3.0141385678629082,2.7528132303289414,1
Robin_public_Cami,2016-10-04 23:00:00,1,persistent_shift,79.75,110.7719789155203,95.16876,3.7739368140867193,2.9373237792709936,0.0,0.0,1.576055027061028,2.9354881477878028,2.7528132303289414,1
Robin_public_Cami,2016-10-05 00:00:00,1,persistent_shift,90.101,121.12297891552028,91.99455,8.921252324916763,10.0,0.0,0.0,1.4061857393594759,7.244876627441734,2.7528132303289414,1
Robin_public_Cami,2016-10-05 01:00:00,1,persistent_shift,90.101,121.12297891552028,96.96514,7.254278847845785,6.040684214565802,0.0,0.0,1.3605615890813663,5.68206361494863,2.7528132303289414,1
Robin_public_Cami,2016-10-05 02:00:00,1,persistent_shift,90.101,121.12297891552028,100.66062,6.014935157493788,4.318036025240036,0.0,0.07817249913800266,1.2231999663542266,4.642258212769655,2.7528132303289414,1
Robin_public_Cami,2016-10-05 03:00:00,1,persistent_shift,90.101,121.12297891552028,100.70099,6.001397338647911,0.0,1.7324198128666874,0.31895237362039086,1.0942890854162988,4.547462099626875,2.7528132303289414,1
Robin_public_Cami,2016-10-05 04:00:00,1,persistent_shift,90.101,121.12297891552028,100.70099,6.001397338647911,0.0,1.7324198128666874,0.3657644233964498,0.9410863593720337,4.547462099626875,2.7528132303289414,1
Robin_public_Cami,2016-10-05 05:00:00,0,normal,90.101,90.101,100.70099,2.7074181287520678,10.0,1.7324198128666874,0.424679405883454,0.8055551468241365,3.241676652699785,2.7528132303289414,1
Robin_public_Cami,2016-10-05 06:00:00,0,normal,90.101,90.101,91.69919,0.0,10.0,0.0,0.0,0.2026896491228632,1.0,2.7528132303289414,0
Robin_public_Cami,2016-10-05 07:00:00,0,normal,90.101,90.101,85.426094,0.28538073666166597,0.4751265603331096,0.0,0.0,0.0,0.24727917169647712,2.7528132303289414,0
Robin_public_Cami,2016-10-05 08:00:00,0,normal,90.101,90.101,90.23604,0.0,0.4751265603331096,1.7324198128666874,0.0,0.0,0.3939966186066485,2.7528132303289414,0
Robin_public_Cami,2016-10-05 09:00:00,0,normal,90.101,90.101,91.308815,0.0,0.0,1.7324198128666874,0.0,0.0,0.3464839625733375,2.7528132303289414,0
Robin_public_Cami,2016-10-05 10:00:00,0,normal,90.101,90.101,95.57014,0.6717689969696337,2.031638893356489,1.7324198128666874,0.0,0.0,1.0198861497877298,2.7528132303289414,0
Robin_public_Cami,2016-10-05 11:00:00,0,normal,90.101,90.101,99.09495,1.7440121873227217,3.6448944838915276,1.7324198128666874,3.773193253278219,0.0,1.9317819420883955,2.7528132303289414,0
Robin_public_Cami,2016-10-05 12:00:00,0,normal,90.101,90.101,99.90245,0.5696099601029948,4.056428210837513,1.7324198128666874,3.773193253278219,0.0,1.1508537557291851,2.7528132303289414,0
Robin_public_Cami,2016-10-05 13:00:00,0,normal,90.101,90.101,100.37896,0.6334378727496551,0.0,1.7324198128666874,3.773193253278219,0.0,0.789890473498096,2.7528132303289414,0
Robin_public_Cami,2016-10-05 14:00:00,0,normal,90.101,90.101,99.8866,0.5674863486186172,0.0,1.7324198128666874,3.773193253278219,0.07765127275181838,0.7437244066063695,2.7528132303289414,0
Robin_public_Cami,2016-10-05 15:00:00,0,normal,90.101,90.101,99.270874,0.4850109197277631,0.0,1.7324198128666874,3.773193253278219,0.5163791175406394,0.6859916063827717,2.7528132303289414,0
Robin_public_Cami,2016-10-05 16:00:00,0,normal,90.101,90.101,99.77156,0.5520773909855843,0.0,1.7324198128666874,3.773193253278219,1.4729701459813815,0.7329381362632466,2.7528132303289414,0
Robin_public_Cami,2016-10-05 17:00:00,0,normal,90.101,90.101,99.064186,0.45732528030366854,0.0,1.7324198128666874,3.773193253278219,10.0,0.6666116587859054,2.7528132303289414,0
Robin_public_Cami,2016-10-05 18:00:00,0,normal,90.101,90.101,98.893654,1.6911095751383933,4.295640759711287,1.7324198128666874,3.773193253278219,10.0,1.9598247411413416,2.7528132303289414,0
Robin_public_Cami,2016-10-05 19:00:00,0,normal,90.101,90.101,95.77288,0.7367050976006865,3.1701973239453385,1.7324198128666874,3.773193253278219,10.0,1.1791972632883518,2.7528132303289414,0
Robin_public_Cami,2016-10-05 20:00:00,0,normal,90.101,90.101,92.73293,0.08120920121887834,1.9660849302487797,1.7324198128666874,3.773193253278219,10.0,0.5999388964514303,2.7528132303289414,0
Robin_public_Cami,2016-10-05 21:00:00,0,normal,90.101,90.101,89.82036,0.0,0.0,1.7324198128666874,3.773193253278219,10.0,0.3464839625733375,2.7528132303289414,0
Robin_public_Cami,2016-10-05 22:00:00,0,normal,90.101,90.101,87.64759,0.020433697919770667,0.0,1.7324198128666874,3.773193253278219,10.0,0.360787551117177,2.7528132303289414,0
Robin_public_Cami,2016-10-05 23:00:00,0,normal,90.101,90.101,86.327675,0.4697776985990479,1.135630175020488,1.7324198128666874,3.773193253278219,10.0,0.7888913690947198,2.7528132303289414,0
Robin_public_Cami,2016-10-06 00:00:00,0,normal,90.101,90.101,87.16098,0.0,1.217944536217816,1.7324198128666874,3.773193253278219,10.0,0.4682784161951191,2.7528132303289414,0
Robin_public_Cami,2016-10-06 01:00:00,0,normal,90.101,90.101,86.1263,0.28357000761736606,0.46783228569088814,1.7324198128666874,3.773193253278219,10.0,0.5917661964745825,2.7528132303289414,0
Robin_public_Cami,2016-10-06 02:00:00,0,normal,90.101,90.101,85.77516,0.3926679411785738,0.0,1.7324198128666874,3.773193253278219,10.0,0.6213515213983392,2.7528132303289414,0
Robin_public_Cami,2016-10-06 03:00:00,0,normal,90.101,90.101,85.03771,0.8695201453133631,1.246443215519426,1.7324198128666874,3.773193253278219,10.0,1.0797923858446343,2.7528132303289414,0
Robin_public_Cami,2016-10-06 04:00:00,0,normal,90.101,90.101,84.517654,1.0604870777759556,0.09479344533012776,1.7324198128666874,3.773193253278219,10.0,1.0983042615495193,2.7528132303289414,0
Robin_public_Cami,2016-10-06 05:00:00,0,normal,90.101,90.101,84.22477,0.8743757104462103,0.07523346437457,1.7324198128666874,3.773193253278219,10.0,0.9660703063231416,2.7528132303289414,0
Robin_public_Cami,2016-10-06 06:00:00,0,normal,90.101,90.101,85.102936,0.3678807121924525,1.3658551629597344,1.7324198128666874,3.773193253278219,10.0,0.7405859774040278,2.7528132303289414,0
Robin_public_Cami,2016-10-06 07:00:00,0,normal,90.101,90.101,88.1314,0.0,0.8074664437587766,1.7324198128666874,3.773193253278219,10.0,0.4272306069492152,2.7528132303289414,0
Robin_public_Cami,2016-10-06 08:00:00,0,normal,90.101,90.101,90.733086,0.0,0.0,1.7324198128666874,3.773193253278219,10.0,0.3464839625733375,2.7528132303289414,0
Robin_public_Cami,2016-10-06 09:00:00,0,normal,90.101,90.101,94.22607,0.1450107124262529,0.0,1.7324198128666874,3.773193253278219,10.0,0.4479914612717145,2.7528132303289414,0
Robin_public_Cami,2016-10-06 10:00:00,0,normal,90.101,90.101,95.354744,0.6062466860155111,1.1835353636605679,1.7324198128666874,3.773193253278219,10.0,0.8892101791502521,2.7528132303289414,0
Robin_public_Cami,2016-10-06 11:00:00,0,normal,90.101,90.101,95.55931,0.6684757071125955,0.0,1.7324198128666874,3.773193253278219,10.0,0.8144169575521544,2.7528132303289414,0
Robin_public_Cami,2016-10-06 12:00:00,0,normal,90.101,90.101,95.79458,0.019364646965901903,1.9403644895284295,1.7324198128666874,3.773193253278219,10.0,0.5540756644023118,2.7528132303289414,0
Robin_public_Cami,2016-10-06 13:00:00,0,normal,90.101,90.101,96.15893,0.06816887701784025,0.0,1.7324198128666874,3.773193253278219,10.0,0.3942021764858257,2.7528132303289414,0
Robin_public_Cami,2016-10-06 14:00:00,0,normal,90.101,90.101,96.51722,0.11616167900500685,0.0,1.7324198128666874,3.773193253278219,10.0,0.4277971378768423,2.7528132303289414,0
Robin_public_Cami,2016-10-06 15:00:00,0,normal,90.101,90.101,96.55881,0.12173232684010854,0.0,1.7324198128666874,3.773193253278219,10.0,0.4316965913614135,2.7528132303289414,0
Robin_public_Cami,2016-10-06 16:00:00,0,normal,90.101,90.101,96.31953,0.08968091828162494,0.0,1.7324198128666874,3.773193253278219,10.0,0.409260605370475,2.7528132303289414,0
Robin_public_Cami,2016-10-06 17:00:00,0,normal,90.101,90.101,95.68366,0.004507542172889935,0.0,1.7324198128666874,3.773193253278219,10.0,0.3496392420943605,2.7528132303289414,0
Robin_public_Cami,2016-10-06 18:00:00,0,normal,90.101,90.101,95.51114,0.6566584661438671,1.9526101657543011,1.7324198128666874,3.773193253278219,10.0,1.0014059054494746,2.7528132303289414,0
Robin_public_Cami,2016-10-06 19:00:00,0,normal,90.101,90.101,93.32034,0.0,1.9707681837492943,1.7324198128666874,3.773193253278219,10.0,0.543560780948267,2.7528132303289414,0
Robin_public_Cami,2016-10-06 20:00:00,0,normal,90.101,90.101,91.048836,0.0,0.0,1.7324198128666874,3.773193253278219,10.0,0.3464839625733375,2.7528132303289414,0
Robin_public_Cami,2016-10-06 21:00:00,0,normal,90.101,90.101,88.993416,0.0,0.0,1.7324198128666874,3.773193253278219,10.0,0.3464839625733375,2.7528132303289414,0
Robin_public_Cami,2016-10-06 22:00:00,0,normal,90.101,90.101,86.98576,0.24574203776697223,0.31544747576305815,1.7324198128666874,3.773193253278219,10.0,0.5500481365865239,2.7528132303289414,0
Robin_public_Cami,2016-10-06 23:00:00,0,normal,90.101,90.101,86.40543,0.44330597508442854,0.12136857835675328,1.7324198128666874,3.773193253278219,10.0,0.6689350029681128,2.7528132303289414,0
Robin_public_Cami,2016-10-07 00:00:00,0,normal,82.7172,82.7172,84.29533,0.0,1.1113068135964066,1.7324198128666874,3.773193253278219,10.0,0.4576146439329782,2.7528132303289414,0
Robin_public_Cami,2016-10-07 01:00:00,0,normal,82.0505,82.0505,79.985916,0.0,0.0,0.0,0.0,0.0,0.0,2.7528132303289414,0
Robin_public_Cami,2016-10-07 02:00:00,0,normal,76.75,76.75,77.82762,0.0,0.0,0.0,0.0,0.0,0.0,2.7528132303289414,0
Robin_public_Cami,2016-10-07 03:00:00,0,normal,77.75,77.75,74.644066,0.013643002854933469,0.0,0.0,0.0,0.0,0.009550101998453428,2.7528132303289414,0
Robin_public_Cami,2016-10-07 04:00:00,1,stuck,75.75,75.75,74.89878,0.0,0.0,0.0,0.0,0.0,0.0,2.7528132303289414,0
Robin_public_Cami,2016-10-07 05:00:00,1,stuck,75.0,75.75,75.18785,0.0,0.0,0.0,0.0,0.0,0.0,2.7528132303289414,0
Robin_public_Cami,2016-10-07 06:00:00,1,stuck,76.25,75.75,75.65741,0.0,0.0,0.0,0.0,0.0,0.0,2.7528132303289414,0
Robin_public_Cami,2016-10-07 07:00:00,1,stuck,77.25,75.75,77.90166,0.0,0.0,1.7324198128666874,0.0,0.0,0.3464839625733375,2.7528132303289414,0
Robin_public_Cami,2016-10-07 08:00:00,1,stuck,81.0,75.75,79.482086,0.04468564692062341,0.0,1.7324198128666874,0.9576323353305939,0.0,0.37776391541777393,2.7528132303289414,0
Robin_public_Cami,2016-10-07 09:00:00,1,stuck,96.25,75.75,83.605034,1.097244474900972,3.565598718599772,1.7324198128666874,1.0425209033569984,0.0,1.4711149668639951,2.7528132303289414,0
Robin_public_Cami,2016-10-07 10:00:00,1,stuck,102.0,75.75,85.99414,1.707166207733518,1.7824956369946017,1.7324198128666874,3.773193253278219,0.0,1.71974987168626,2.7528132303289414,0
Robin_public_Cami,2016-10-07 11:00:00,1,stuck,112.75,75.75,85.8177,1.6621230169002443,0.0,1.7324198128666874,3.773193253278219,0.3702136706956341,1.5099700744035085,2.7528132303289414,0
Robin_public_Cami,2016-10-07 12:00:00,1,stuck,120.5,75.75,86.01542,0.6317580654070213,3.4761937184523175,1.7324198128666874,3.773193253278219,2.2512782064859107,1.1363339802034842,2.7528132303289414,0
Robin_public_Cami,2016-10-07 13:00:00,1,stuck,119.5,75.75,84.77543,0.4656626239571211,0.0,1.7324198128666874,3.773193253278219,3.625973480058596,0.6724477993433222,2.7528132303289414,0
Robin_public_Cami,2016-10-07 14:00:00,1,stuck,117.25,75.75,84.789665,0.4675695821043051,0.0,1.7324198128666874,3.773193253278219,9.432796654898134,0.6737826700463511,2.7528132303289414,0
Robin_public_Cami,2016-10-07 15:00:00,1,stuck,116.5,75.75,83.422264,0.2844075806019011,0.06335234696899586,1.7324198128666874,3.773193253278219,9.789713483685247,0.5519045036915678,2.7528132303289414,0
Robin_public_Cami,2016-10-07 16:00:00,0,normal,115.5,115.5,83.22929,3.579345113018727,10.0,1.7324198128666874,3.773193253278219,10.0,3.852025541686446,2.7528132303289414,1
Robin_public_Cami,2016-10-07 17:00:00,0,normal,112.75,112.75,98.961105,1.1037240751368278,9.298210466704667,0.0,0.0,0.0,1.702427899266246,2.7528132303289414,0
Robin_public_Cami,2016-10-07 18:00:00,0,normal,106.75,106.75,100.70099,0.8520403589824972,0.33938271562104566,0.0,0.0,0.0,0.6303665228498526,2.7528132303289414,0
Robin_public_Cami,2016-10-07 19:00:00,0,normal,101.5,101.5,100.70099,0.0,2.757837453427384,0.0,0.0,0.0,0.2757837453427384,2.7528132303289414,0
Robin_public_Cami,2016-10-07 20:00:00,0,normal,95.25,95.25,98.44372,0.0,0.0,0.0,0.0,0.0,0.0,2.7528132303289414,0
Robin_public_Cami,2016-10-07 21:00:00,0,normal,94.0,94.0,88.60941,0.6506789942069423,1.9466806977387912,0.0,0.0,0.0,0.6501433657187388,2.7528132303289414,0
Robin_public_Cami,2016-10-07 22:00:00,0,normal,74.5,74.5,84.74017,2.67131169588352,7.465352097454761,0.0,0.0,0.0,2.61645339686394,2.7528132303289414,0
Robin_public_Cami,2016-10-07 23:00:00,0,normal,75.75,75.75,73.502304,0.0,10.0,0.0,0.0,0.0,1.0,2.7528132303289414,0
Robin_public_Cami,2016-11-27 00:00:00,0,normal,37.5,37.5,42.920692,1.0007602975195833,3.356935413378214,0.0,0.0,0.0,1.0362257496015297,2.7528132303289414,0
Robin_public_Cami,2016-11-27 01:00:00,0,normal,38.25,38.25,40.16258,0.0,3.356935413378214,0.1263272649727885,0.0,0.0,0.3609589943323791,2.7528132303289414,0
Robin_public_Cami,2016-11-27 02:00:00,0,normal,37.0,37.0,39.303192,0.0,0.0,0.8329639558682186,0.0,0.0,0.16659279117364373,2.7528132303289414,0
Robin_public_Cami,2016-11-27 03:00:00,0,normal,37.25,37.25,38.468178,0.0,0.0,0.8802811379849911,0.0,0.0,0.17605622759699824,2.7528132303289414,0
Robin_public_Cami,2016-11-27 04:00:00,0,normal,38.0,38.0,39.145267,0.0,0.0,0.8870510810452009,1.5308544992700017,0.0,0.17741021620904018,2.7528132303289414,0
Robin_public_Cami,2016-11-27 05:00:00,0,normal,39.25,39.25,40.830235,0.0,0.0,1.0526135492857533,2.362469594316311,0.0,0.21052270985715069,2.7528132303289414,0
Robin_public_Cami,2016-11-27 06:00:00,0,normal,36.25,36.25,43.382755,1.1864880878660842,4.105114449742037,0.6604637088134055,2.1737612331229146,0.0,1.3731458482431438,2.7528132303289414,0
Robin_public_Cami,2016-11-27 07:00:00,0,normal,38.75,38.75,44.26255,0.7079387337126981,1.253279952569437,0.39331254238696195,1.928969058964326,0.0,0.6995476173332248,2.7528132303289414,0
Robin_public_Cami,2016-11-27 08:00:00,0,normal,45.0,45.0,48.24353,0.03775308188464004,2.025260603709876,0.36459988727984904,1.883178405927055,0.20036531833198368,0.3018731951462055,2.7528132303289414,0
Robin_public_Cami,2016-11-27 09:00:00,0,normal,53.75,53.75,54.428596,0.0,0.0,0.0,0.6556038676550432,1.3947861298067756,0.0,2.7528132303289414,0
Robin_public_Cami,2016-11-27 10:00:00,0,normal,54.25,54.25,60.247856,0.8512803362842176,2.7547758057926788,0.0,0.0,3.469126079361097,0.8713738159782203,2.7528132303289414,0
Robin_public_Cami,2016-11-27 11:00:00,0,normal,53.25,53.25,63.88114,2.219783640671396,4.838337889520446,0.0,0.0,2.313867067494262,2.0376823374220217,2.7528132303289414,0
Robin_public_Cami,2016-11-27 12:00:00,0,normal,67.75,67.75,63.629635,0.4947862990089133,6.274425428065326,1.120273145537788,0.0,1.818410993101879,1.1978475812203295,2.7528132303289414,0
Robin_public_Cami,2016-11-27 13:00:00,0,normal,71.0,71.0,70.63479,0.0,1.3186882672477993,0.0,0.0,0.7017695875814968,0.13186882672477993,2.7528132303289414,0
Robin_public_Cami,2016-11-27 14:00:00,0,normal,71.5,71.5,75.89938,0.5811394033609312,1.6665499538622957,0.0,0.0,0.138525765656162,0.5734525777388814,2.7528132303289414,0
Robin_public_Cami,2016-11-27 15:00:00,0,normal,76.25,76.25,76.29445,0.0,1.6665499538622957,0.14330349184216193,0.0,0.0,0.19531569375466196,2.7528132303289414,0
Robin_public_Cami,2016-11-27 16:00:00,0,normal,77.0,77.0,77.0392,0.0,0.0,0.0,0.0,0.0,0.0,2.7528132303289414,0
Robin_public_Cami,2016-11-27 17:00:00,0,normal,76.75,76.75,76.46904,0.0,0.0,0.0,0.0,0.0,0.0,2.7528132303289414,0
Robin_public_Cami,2016-11-27 18:00:00,0,normal,78.75,78.75,72.46268,0.9114298842729703,2.9970800445282277,1.2250053119136783,0.3358228801547657,0.0,1.1827099858266377,2.7528132303289414,0
Robin_public_Cami,2016-11-27 19:00:00,0,normal,75.0,75.0,71.642975,0.0928892709168409,2.6228883036291286,0.6202542641088941,0.5510300693102302,0.0,0.45136217282648033,2.7528132303289414,0
Robin_public_Cami,2016-11-27 20:00:00,0,normal,75.0,75.0,66.49204,1.5317352543658547,5.121703764587108,0.2093783812033237,0.8632954713581349,0.21215292689902937,1.6262607307554737,2.7528132303289414,0
Robin_public_Cami,2016-11-27 21:00:00,0,normal,67.25,67.25,63.027782,0.334569524786135,4.148127871013251,0.10166583581037926,1.5697031342545666,0.736596873785383,0.6693446216136956,2.7528132303289414,0
Robin_public_Cami,2016-11-27 22:00:00,0,normal,42.0,42.0,55.711807,2.9853630480998046,10.0,0.0,0.30093872259603777,1.153465749302886,3.0897541336698633,2.7528132303289414,1
Robin_public_Cami,2016-11-27 23:00:00,0,normal,39.0,39.0,44.069508,0.5712489831200193,9.050438027105262,0.0,0.0,0.4013696925972645,1.3049180908945397,2.7528132303289414,0
Robin_public_Cami,2016-11-28 00:00:00,0,normal,53.0,53.0,39.972305,3.7940771685797294,10.0,0.0,0.0,0.0,3.6558540180058103,2.7528132303289414,1
Robin_public_Cami,2016-11-28 01:00:00,0,normal,40.0,40.0,41.997417,0.0,10.0,0.0,0.0,0.0,1.0,2.7528132303289414,0
Robin_public_Cami,2016-11-28 02:00:00,0,normal,37.5,37.5,39.060368,0.0,0.0,0.0,0.0,0.0,0.0,2.7528132303289414,0
Robin_public_Cami,2016-11-28 03:00:00,0,normal,41.25,41.25,38.9571,0.0,0.0,0.0,0.0,0.0,0.0,2.7528132303289414,0
Robin_public_Cami,2016-11-28 04:00:00,0,normal,38.25,38.25,40.077007,0.0,0.0,0.16526033767368092,0.0,0.0,0.03305206753473618,2.7528132303289414,0
Robin_public_Cami,2016-11-28 05:00:00,0,normal,41.75,41.75,42.750847,0.0,0.0,0.1343149978831133,0.0,0.0,0.02686299957662266,2.7528132303289414,0
Robin_public_Cami,2016-11-28 06:00:00,0,normal,50.0,50.0,47.5962,0.0,0.0,0.16627187211291108,0.0,0.0,0.033254374422582215,2.7528132303289414,0
Robin_public_Cami,2016-11-28 07:00:00,0,normal,56.75,56.75,54.65455,0.0,0.0,0.0,0.09785416029320075,0.0,0.0,2.7528132303289414,0
Robin_public_Cami,2016-11-28 08:00:00,0,normal,60.0,60.0,62.988792,0.0,0.0,0.0,0.0,0.0,0.0,2.7528132303289414,0
Robin_public_Cami,2016-11-28 09:00:00,0,normal,66.75,66.75,68.74828,0.0,0.0,0.0,0.0,0.331611085820171,0.0,2.7528132303289414,0
Robin_public_Cami,2016-11-28 10:00:00,0,normal,76.0,76.0,72.31297,0.1687458087747899,0.005278683556219074,0.0,0.0,0.3678476223260146,0.11864993449797483,2.7528132303289414,0
Robin_public_Cami,2016-11-28 11:00:00,0,normal,85.75,85.75,80.24583,0.7054644516874894,1.487606987466678,0.0,0.0,0.0,0.6425858149279103,2.7528132303289414,0
Robin_public_Cami,2016-11-28 12:00:00,0,normal,91.75,91.75,87.33203,0.5868913184369197,0.0,0.0,0.0,0.0,0.41082392290584374,2.7528132303289414,0
Robin_public_Cami,2016-11-28 13:00:00,0,normal,90.75,90.75,91.70875,0.0,1.689720758138656,0.0,0.0,0.0,0.1689720758138656,2.7528132303289414,0
Robin_public_Cami,2016-11-28 14:00:00,0,normal,92.75,92.75,90.624,0.0,0.0,0.0,0.0,0.0,0.0,2.7528132303289414,0
Robin_public_Cami,2016-11-28 15:00:00,0,normal,93.75,93.75,90.58573,0.19888497818165707,0.12669021104796757,0.7712034766827881,0.0,0.0,0.3061292011685143,2.7528132303289414,0
Robin_public_Cami,2016-11-28 16:00:00,0,normal,94.5,94.5,90.21642,0.5452985499379303,0.7209890005335974,0.49919695346839454,0.0,0.0,0.5536472757035898,2.7528132303289414,0
Robin_public_Cami,2016-11-28 17:00:00,0,normal,94.25,94.25,90.27959,0.4483778364222888,0.0,0.9062255905103336,0.8204500886195993,0.0,0.49510960359766887,2.7528132303289414,0
Robin_public_Cami,2016-11-28 18:00:00,0,normal,90.25,90.25,88.07229,0.0,1.1317381142717216,1.3230759127378964,1.7920163845375496,0.0,0.3777889939747514,2.7528132303289414,0
Robin_public_Cami,2016-11-28 19:00:00,0,normal,85.75,85.75,84.182465,0.0,0.0,0.22674114693851719,1.5693557892184513,0.42289448407038216,0.04534822938770344,2.7528132303289414,0
Robin_public_Cami,2016-11-28 20:00:00,0,normal,80.0,80.0,79.385895,0.0,0.0,0.0,0.8146408247835676,1.0565093048672645,0.0,2.7528132303289414,0
Robin_public_Cami,2016-11-28 21:00:00,0,normal,73.25,73.25,73.10865,0.0,0.0,0.0,0.19747957630530766,2.069327491598776,0.0,2.7528132303289414,0
Robin_public_Cami,2016-11-28 22:00:00,0,normal,66.5,66.5,66.75612,0.0,0.0,0.0,0.0,2.7020322215864057,0.0,2.7528132303289414,0
Robin_public_Cami,2016-11-28 23:00:00,0,normal,64.25,64.25,61.438095,0.0,0.0,0.0,0.0,1.7993621307915644,0.0,2.7528132303289414,0
Robin_public_Cami,2016-11-29 00:00:00,0,normal,60.5,60.5,60.527214,0.0,0.0,0.0,0.0,0.9657801736853837,0.0,2.7528132303289414,0
Robin_public_Cami,2016-11-29 01:00:00,0,normal,59.75,59.75,58.7005,0.0,0.0,0.0,0.0,0.5110116583251213,0.0,2.7528132303289414,0
Robin_public_Cami,2016-11-29 02:00:00,0,normal,60.5,60.5,58.60646,0.0,0.0,0.1346742444191257,0.0,0.16590549603473548,0.026934848883825142,2.7528132303289414,0
Robin_public_Cami,2016-11-29 03:00:00,0,normal,57.5,57.5,59.484184,0.0,0.0,1.2157937941153358,0.12939808681056697,0.0,0.24315875882306717,2.7528132303289414,0
Robin_public_Cami,2016-11-29 04:00:00,0,normal,59.75,59.75,58.85688,0.0,0.0,0.3891894670275081,0.5772024300732999,0.0,0.07783789340550162,2.7528132303289414,0
Robin_public_Cami,2016-11-29 05:00:00,0,normal,56.75,56.75,60.311584,0.3180895837854504,0.6068896835360971,0.32940140496021114,0.9676823859570223,0.0,0.3492319579954672,2.7528132303289414,0
Robin_public_Cami,2016-11-29 06:00:00,0,normal,61.0,61.0,60.718155,0.0,0.6068896835360971,0.279958363831187,1.282672079848658,0.018739670043034434,0.1166806411198471,2.7528132303289414,0
Robin_public_Cami,2016-11-29 07:00:00,0,normal,59.0,59.0,65.583466,1.0242479732686876,3.45155230714304,0.0,1.160184957010793,0.47376058701933926,1.0621288120023853,2.7528132303289414,0
Robin_public_Cami,2016-11-29 08:00:00,0,normal,68.0,68.0,68.94627,0.0,3.45155230714304,0.00026949368277784266,1.1659748399065133,1.3465486154599866,0.3452091294508596,2.7528132303289414,0
Robin_public_Cami,2016-11-29 09:00:00,0,normal,77.0,77.0,75.07811,0.0,0.0,0.0,0.1217119264747862,2.599452724778822,0.0,2.7528132303289414,0
Robin_public_Cami,2016-11-29 10:00:00,0,normal,85.5,85.5,82.77507,0.0,0.0,0.0,0.0,1.966736984087152,0.0,2.7528132303289414,0
Robin_public_Cami,2016-11-29 11:00:00,0,normal,94.5,94.5,89.72592,0.48982108337933716,1.2986865742424376,0.0,0.0,0.6093868337263847,0.47274341578977974,2.7528132303289414,0
Robin_public_Cami,2016-11-29 12:00:00,0,normal,93.75,93.75,96.69333,0.1305066084421034,0.7729585269687451,0.0,0.0,0.0,0.1686504786063469,2.7528132303289414,0
Robin_public_Cami,2016-11-29 13:00:00,0,normal,94.0,94.0,98.4235,0.588603197923821,1.170888783566261,0.0,0.0,0.0,0.5291111169033008,2.7528132303289414,0
Robin_public_Cami,2016-11-29 14:00:00,0,normal,92.0,92.0,98.329636,1.1785310363885408,1.7019529643370952,1.1805873291461209,0.0,0.0,1.231284487734912,2.7528132303289414,0
Robin_public_Cami,2016-11-29 15:00:00,0,normal,97.0,97.0,95.670204,0.0,4.073060554653644,0.5414816105080126,0.0,0.0,0.5156023775669669,2.7528132303289414,0
Robin_public_Cami,2016-11-29 16:00:00,0,normal,100.75,100.75,97.86432,0.1126652823689632,0.0,0.0,0.21575130982728652,0.0,0.07886569765827424,2.7528132303289414,0
Robin_public_Cami,2016-11-29 17:00:00,0,normal,96.75,96.75,98.70932,0.0,0.0,0.0,0.49798159799740405,0.0,0.0,2.7528132303289414,0
Robin_public_Cami,2016-11-29 18:00:00,0,normal,90.0,90.0,95.525085,0.6985087334731781,2.139356269698071,0.01696269804786234,0.5022058384832427,0.0,0.7062842800106042,2.7528132303289414,0
Robin_public_Cami,2016-11-29 19:00:00,0,normal,84.0,84.0,89.12337,0.5862939931699765,0.0,0.0,0.26200985741227556,0.0,0.41040579521898357,2.7528132303289414,0
Robin_public_Cami,2016-11-29 20:00:00,0,normal,75.75,75.75,80.31509,0.43034546842946736,0.0,0.0,0.0,0.6346834069897704,0.30124182790062715,2.7528132303289414,0
Robin_public_Cami,2016-11-29 21:00:00,0,normal,72.5,72.5,72.38532,0.0,1.0590971827070008,0.0,0.0,1.1373488139349406,0.10590971827070009,2.7528132303289414,0
Robin_public_Cami,2016-11-29 22:00:00,0,normal,58.75,58.75,68.43405,1.8602618404174258,6.819319986622785,0.0,0.0,0.86125624994711,1.9841152869544767,2.7528132303289414,0
Robin_public_Cami,2016-11-29 23:00:00,0,normal,57.0,57.0,61.326332,0.3636525660279711,5.354395292722959,0.0,0.0,0.0,0.7899963254918756,2.7528132303289414,0
Robin_public_Cami,2016-11-30 00:00:00,0,normal,57.75,57.75,57.844788,0.0,0.7904339344232307,0.0,0.0,0.0,0.07904339344232308,2.7528132303289414,0
Robin_public_Cami,2016-11-30 01:00:00,0,normal,54.25,54.25,57.400536,0.16715104611528092,0.0,0.7552440611990395,0.0,0.0,0.2680545445205046,2.7528132303289414,0
Robin_public_Cami,2016-11-30 02:00:00,0,normal,52.0,52.0,55.914703,0.4477560328736721,0.4558881041285718,0.21492948813961762,0.0,0.0,0.40200393105235116,2.7528132303289414,0
Robin_public_Cami,2016-11-30 03:00:00,0,normal,51.0,51.0,55.349255,0.6073247126321716,0.0,0.0,0.0,0.0,0.4251272988425201,2.7528132303289414,0
Robin_public_Cami,2016-11-30 04:00:00,0,normal,49.25,49.25,54.671463,1.0010432529978892,0.9115506055761455,0.32926761916894126,0.5900465211279448,0.0,0.8577388614899253,2.7528132303289414,0
Robin_public_Cami,2016-11-30 05:00:00,0,normal,50.0,50.0,54.233524,0.564828161637892,1.082742156998623,0.4889953174397159,0.5560045590669852,0.0,0.6014529923343299,2.7528132303289414,0
Robin_public_Cami,2016-11-30 06:00:00,0,normal,49.0,49.0,55.643837,1.0420794793392494,1.2480509900106718,0.8266218782739757,0.6610730015890882,0.0,1.0195851101933369,2.7528132303289414,0
Robin_public_Cami,2016-11-30 07:00:00,0,normal,50.25,50.25,56.115242,0.8121109645518146,0.2519059928170983,1.1382724469873153,1.2733091591835912,0.5233384109133011,0.8213227638654432,2.7528132303289414,0
Robin_public_Cami,2016-11-30 08:00:00,0,normal,59.0,59.0,59.59353,0.0,2.596987341594339,1.0248170457855574,1.9944786246386357,1.40341140054708,0.46466214331654543,2.7528132303289414,0
Robin_public_Cami,2016-11-30 09:00:00,0,normal,74.5,74.5,67.93887,1.0176498878681308,3.424972821285673,0.0,0.5172503199758267,2.5168118672514335,1.0548522036362589,2.7528132303289414,0
Robin_public_Cami,2016-11-30 10:00:00,0,normal,82.25,82.25,79.36195,0.0,3.424972821285673,0.0,0.0,2.2381142547546116,0.34249728212856734,2.7528132303289414,0
Robin_public_Cami,2016-11-30 11:00:00,0,normal,94.25,94.25,87.974174,0.9333823320095871,3.085512481929045,0.0,0.0,0.8770588195104319,0.9619188805996155,2.7528132303289414,0
Robin_public_Cami,2016-11-30 12:00:00,0,normal,94.75,94.75,96.673935,0.0,3.085512481929045,0.0,0.0,0.0,0.3085512481929045,2.7528132303289414,0
Robin_public_Cami,2016-11-30 13:00:00,0,normal,96.75,96.75,98.63447,0.0,0.0,0.0,0.0,0.0,0.0,2.7528132303289414,0
Robin_public_Cami,2016-11-30 14:00:00,0,normal,92.75,92.75,100.05696,1.48100243262587,5.291525262289835,0.5865777470169694,0.0,0.0,1.6831697784704864,2.7528132303289414,0
Robin_public_Cami,2016-11-30 15:00:00,0,normal,96.25,96.25,96.92875,0.0,5.291525262289835,0.27297491848999766,0.0,0.0,0.5837475099269831,2.7528132303289414,0
Robin_public_Cami,2016-11-30 16:00:00,0,normal,97.75,97.75,96.63406,0.0,0.0,0.20374885984373495,0.13974578987726613,0.0,0.04074977196874699,2.7528132303289414,0
Robin_public_Cami,2016-11-30 17:00:00,0,normal,95.0,95.0,95.91853,0.0,0.0,0.0676753479992386,1.3982561896263779,0.0,0.013535069599847722,2.7528132303289414,0
Robin_public_Cami,2016-11-30 18:00:00,0,normal,91.25,91.25,92.20468,0.0,0.0,0.5463390073108313,1.441712013286379,0.0,0.10926780146216626,2.7528132303289414,0
Robin_public_Cami,2016-11-30 19:00:00,0,normal,85.0,85.0,87.74213,0.0,0.0,0.0,1.006137852046186,0.0,0.0,2.7528132303289414,0
Robin_public_Cami,2016-11-30 20:00:00,0,normal,76.75,76.75,80.02532,0.07006654797258244,0.0,0.0,0.30038835470870495,0.6189641657434382,0.049046583580807705,2.7528132303289414,0
Robin_public_Cami,2016-11-30 21:00:00,0,normal,74.0,74.0,71.2139,0.0,0.0,0.0,0.0,1.763449091088051,0.0,2.7528132303289414,0
Robin_public_Cami,2016-11-30 22:00:00,1,spike,61.75,0.01,67.48816,10.0,10.0,0.0,0.0,1.7259188004724975,8.0,2.7528132303289414,1
Robin_public_Cami,2016-11-30 23:00:00,0,normal,64.75,64.75,44.03671,4.941136566809448,10.0,0.0,0.0,0.0,4.458795596766613,2.7528132303289414,1
Robin_public_Cami,2016-12-01 00:00:00,0,normal,61.0,61.0,49.873215,3.0960568205323487,6.758160993977135,0.0,0.0,0.0,2.843055873770357,2.7528132303289414,1
Robin_public_Cami,2016-12-01 01:00:00,0,normal,59.5,59.5,55.665424,0.418332865438942,10.0,0.0,0.0,0.0,1.2928330058072595,2.7528132303289414,0
Robin_public_Cami,2016-12-01 02:00:00,0,normal,60.75,60.75,55.124744,1.075876572391633,1.974334255439805,0.19638026046735774,0.0,0.0,0.9898230783115951,2.7528132303289414,0
Robin_public_Cami,2016-12-01 03:00:00,0,normal,57.25,57.25,56.978516,0.0,3.6595310671797288,1.0331456081932113,0.0,0.0,0.5725822283566151,2.7528132303289414,0
Robin_public_Cami,2016-12-01 04:00:00,0,normal,57.25,57.25,56.366066,0.0,0.0,0.508505971356435,0.0,0.0,0.10170119427128702,2.7528132303289414,0
Robin_public_Cami,2016-12-01 05:00:00,0,normal,54.5,54.5,58.511047,0.4831338722800774,1.2717480576808,0.4004330324033952,1.0962811851387628,0.0,0.5454551228448132,2.7528132303289414,0
Robin_public_Cami,2016-12-01 06:00:00,0,normal,58.25,58.25,60.60288,0.0,1.2717480576808,0.5764788858409924,1.231853035732883,0.0,0.2424705829362785,2.7528132303289414,0
Robin_public_Cami,2016-12-01 07:00:00,0,normal,57.5,57.5,63.32075,0.7989700031401528,2.5440507733644107,0.4144632085491748,1.4027539448740498,0.0,0.8965767212443829,2.7528132303289414,0
Robin_public_Cami,2016-12-01 08:00:00,0,normal,66.25,66.25,64.033844,0.0,2.5440507733644107,0.38891055009098124,1.4748902973715423,0.0,0.3321871873546373,2.7528132303289414,0
Robin_public_Cami,2016-12-01 09:00:00,0,normal,71.25,71.25,69.02687,0.0,0.0,0.0,0.6140537057795449,0.0,0.0,2.7528132303289414,0
Robin_public_Cami,2016-12-01 10:00:00,0,normal,77.75,77.75,77.22924,0.0,0.0,0.0,0.0935981529935452,0.0,0.0,2.7528132303289414,0
Robin_public_Cami,2016-12-01 11:00:00,0,normal,87.75,87.75,83.83537,0.2359705641263631,0.2760844288079089,0.0,0.0,3.030994996139878,0.19278783776924507,2.7528132303289414,0
Robin_public_Cami,2016-12-01 12:00:00,0,normal,92.0,92.0,90.08076,0.0,0.2760844288079089,0.0,0.0,1.474373167917979,0.027608442880790892,2.7528132303289414,0
Robin_public_Cami,2016-12-01 13:00:00,1,gradual_drift,91.0,91.0,93.539825,0.005626770782463493,0.0,0.0,0.0,0.6976154707074064,0.003938739547724445,2.7528132303289414,0
Robin_public_Cami,2016-12-01 14:00:00,1,gradual_drift,90.25,87.69079275578515,93.48581,1.0130723632596252,3.3838662110247992,0.2717767457428758,0.0,0.3524281489459477,1.101892624532793,2.7528132303289414,0
Robin_public_Cami,2016-12-01 15:00:00,1,gradual_drift,91.25,86.13158551157031,89.533134,0.2723206503691826,2.309526342655821,0.2531452660508783,0.0,0.21713364179421385,0.4722061427341856,2.7528132303289414,0
Robin_public_Cami,2016-12-01 16:00:00,1,gradual_drift,92.5,84.82237826735546,86.39935,0.0,0.42251578647471777,0.16109153739745272,0.28296032906682084,0.1994464208953567,0.07446988612696233,2.7528132303289414,0
Robin_public_Cami,2016-12-01 17:00:00,1,gradual_drift,83.0,72.76317102314061,83.323456,2.4878700845322843,9.34755407813817,0.5633300273856751,0.9562264242680968,0.25563433893478354,2.788930472463551,2.7528132303289414,1
Robin_public_Cami,2016-12-01 18:00:00,1,gradual_drift,81.25,68.45396377892577,74.52504,0.851024066772414,5.91931985959543,0.0,0.0,0.5056444919718421,1.1876488327002328,2.7528132303289414,0
Robin_public_Cami,2016-12-01 19:00:00,1,gradual_drift,77.25,61.89475653471092,69.79008,1.3606031326072918,1.37827890798259,0.0,0.0,0.7061832831087437,1.0902500836233633,2.7528132303289414,0
Robin_public_Cami,2016-12-01 20:00:00,1,gradual_drift,68.75,50.83554929049608,62.258087,2.345885404514987,3.2945843012182485,0.0,0.0,0.8546531125916585,1.9715782132823156,2.7528132303289414,0
Robin_public_Cami,2016-12-01 21:00:00,1,gradual_drift,64.75,44.27634204628123,52.161705,1.3578215774500033,3.305789416259409,0.0,0.0,0.3172013312974321,1.2810540458409432,2.7528132303289414,0
Robin_public_Cami,2016-12-01 22:00:00,1,gradual_drift,60.5,37.46713480206638,48.109398,2.1279257872125004,2.427768867286275,0.0,0.0,0.0,1.7323249377773777,2.7528132303289414,0
Robin_public_Cami,2016-12-01 23:00:00,1,gradual_drift,61.25,35.65792755785154,45.160248,1.8094975728392184,0.6082538106083814,0.0,0.0,0.0,1.3274736820482909,2.7528132303289414,0
Robin_public_Cami,2016-12-02 00:00:00,1,gradual_drift,58.75,30.598720313636694,43.1525,3.6200540333334525,6.619088652455448,0.0,0.0,0.0,3.1959466885789616,2.7528132303289414,1
Robin_public_Cami,2016-12-02 01:00:00,1,gradual_drift,58.25,27.53951306942185,41.26097,4.048829390068355,1.0527722021942196,0.0,0.0,0.0,2.93945779326727,2.7528132303289414,1
Robin_public_Cami,2016-12-02 02:00:00,1,gradual_drift,55.75,22.480305825207004,40.24897,5.534977151529441,5.312252516743923,0.0,0.0,0.0,4.405709257745,2.7528132303289414,1
Robin_public_Cami,2016-12-02 03:00:00,1,gradual_drift,54.75,18.92109858099216,37.90457,5.981059017840924,1.1224891122682108,0.0,0.0,0.0,4.298990223715468,2.7528132303289414,1
Robin_public_Cami,2016-12-02 04:00:00,1,gradual_drift,54.5,16.111891336777312,36.568333,6.521937973233362,1.5043662380680833,0.0,0.008466766238792759,0.0,4.7157932050701605,2.7528132303289414,1
Robin_public_Cami,2016-12-02 05:00:00,1,gradual_drift,53.5,12.552684092562464,34.33696,7.009523244825666,1.28967991182971,0.09183372879895399,0.061662601384044204,0.0,5.054001008320728,2.7528132303289414,1
Robin_public_Cami,2016-12-02 06:00:00,1,gradual_drift,56.0,12.49347684834762,32.58648,5.014471673186706,7.362302009016542,0.14521496544443463,0.20428060471321424,0.2920043856637825,4.275403365221235,2.7528132303289414,1
Robin_public_Cami,2016-12-02 07:00:00,1,gradual_drift,56.0,9.934269604132773,30.625504,5.191167435544973,0.037303985747808355,0.5226444787344392,0.42625931945746265,0.8063385932956361,3.7420764992031494,2.7528132303289414,1
Robin_public_Cami,2016-12-02 08:00:00,1,gradual_drift,61.0,12.375062359917926,29.6451,4.180670908641091,3.396156483660537,0.7893432575927134,0.7592104650194169,1.4772109181295423,3.42395393593336,2.7528132303289414,1
Robin_public_Cami,2016-12-02 09:00:00,1,gradual_drift,69.25,18.06585511570308,29.364548,2.4169538081742785,6.430402687991896,0.8330166484545996,1.264840854976189,2.132885430812897,2.5015112642121045,2.7528132303289414,0
Robin_public_Cami,2016-12-02 10:00:00,1,gradual_drift,75.0,21.256647871488237,33.945557,2.8275728803602713,0.9796320897080539,0.05300637920123553,1.3891898307633948,2.9508608815038646,2.0878655010632423,2.7528132303289414,0
Robin_public_Cami,2016-12-02 11:00:00,1,gradual_drift,79.25,22.947440627273387,37.04665,3.244124145106706,1.0035291172078995,0.0,0.9155969371181419,3.670411110609536,2.371239813295484,2.7528132303289414,0
Robin_public_Cami,2016-12-02 12:00:00,1,gradual_drift,87.25,28.38823338305854,39.32668,2.604906742929768,1.900509239691476,0.4291391429502501,0.608481734272061,4.5601366959432195,2.099313472610035,2.7528132303289414,0
Robin_public_Cami,2016-12-02 13:00:00,0,normal,85.0,85.0,41.551052,10.0,10.0,0.061434535226840316,0.25588387516382993,4.524501313717013,8.012286907045368,2.7528132303289414,1
Robin_public_Cami,2016-12-02 14:00:00,0,normal,83.25,83.25,65.04397,4.8541440815172665,10.0,0.0,0.0,0.07842518556162724,4.397900857062087,2.7528132303289414,1
Robin_public_Cami,2016-12-02 15:00:00,0,normal,83.5,83.5,75.27021,1.7666076837943214,10.0,0.0,0.0,0.0,2.236625378656025,2.7528132303289414,0
Robin_public_Cami,2016-12-02 16:00:00,0,normal,85.5,85.5,82.417694,0.17351846600540702,5.743051567297562,1.0111504338723645,0.0,0.0,0.897998169708014,2.7528132303289414,0
Robin_public_Cami,2016-12-02 17:00:00,0,normal,86.75,86.75,85.07379,0.0,0.02450468135135856,0.8546957492103213,0.0,0.0,0.17338961797720012,2.7528132303289414,0
Robin_public_Cami,2016-12-02 18:00:00,0,normal,82.5,82.5,83.59066,0.0,0.0,0.6864300698911181,0.0,0.0,0.13728601397822363,2.7528132303289414,0
Robin_public_Cami,2016-12-02 19:00:00,0,normal,80.0,80.0,75.3721,0.44789140904017616,1.1297786080000372,0.4974365371662937,2.0348241559184244,0.0,0.5259891545613857,2.7528132303289414,0
Robin_public_Cami,2016-12-02 20:00:00,0,normal,73.0,73.0,66.89205,0.8613238949982984,0.990965542827791,0.17306754349845593,1.6069114294174371,0.0,0.7366367894812791,2.7528132303289414,0
Robin_public_Cami,2016-12-02 21:00:00,0,normal,68.75,68.75,58.47957,2.024059472320481,4.009430705177998,0.0,0.7139556143907464,0.0,1.8177847011421364,2.7528132303289414,0
Robin_public_Cami,2016-12-02 22:00:00,0,normal,57.5,57.5,52.97666,0.41868369422543505,5.792546297369554,0.0,0.30938719205986787,0.0,0.8723332156947599,2.7528132303289414,0
Robin_public_Cami,2016-12-02 23:00:00,0,normal,61.0,61.0,47.92433,2.807665911196987,8.949197809958642,0.0,0.0,0.0996579284562839,2.860285918833755,2.7528132303289414,1
Robin_public_Cami,2016-12-25 00:00:00,0,normal,32.75,32.75,31.808125,0.0,10.0,0.0,0.0,0.3319020483864931,1.0,2.7528132303289414,0
Robin_public_Cami,2016-12-25 01:00:00,0,normal,33.0,33.0,31.635967,0.0,0.0,0.0,0.0,0.29739367084360974,0.0,2.7528132303289414,0
Robin_public_Cami,2016-12-25 02:00:00,0,normal,34.0,34.0,31.733902,0.0,0.0,0.0,0.0,1.2246456506701133,0.0,2.7528132303289414,0
Robin_public_Cami,2016-12-25 03:00:00,0,normal,32.5,32.5,32.007523,0.0,0.0,0.0,0.0,1.039508227182623,0.0,2.7528132303289414,0
Robin_public_Cami,2016-12-25 04:00:00,0,normal,35.5,35.5,31.680435,0.23536848111659445,0.2736590196366733,0.0,0.0,1.2993268729929297,0.19212383874528344,2.7528132303289414,0
Robin_public_Cami,2016-12-25 05:00:00,0,normal,32.0,32.0,33.152424,0.0,0.2736590196366733,0.0,0.0,0.8313315863287997,0.027365901963667328,2.7528132303289414,0
Robin_public_Cami,2016-12-25 06:00:00,0,normal,35.25,35.25,32.794445,0.0,0.0,0.0,0.0,0.5372954458979787,0.0,2.7528132303289414,0
Robin_public_Cami,2016-12-25 07:00:00,0,normal,33.0,33.0,34.671406,0.0,0.0,0.0,0.0,0.2523845286179093,0.0,2.7528132303289414,0
Robin_public_Cami,2016-12-25 08:00:00,0,normal,32.0,32.0,35.52905,0.0,0.0,0.0,0.0,0.0,0.0,2.7528132303289414,0
Robin_public_Cami,2016-12-25 09:00:00,0,normal,33.5,33.5,37.580257,0.13357125339264003,0.0,0.0,0.0,0.0,0.09349987737484802,2.7528132303289414,0
Robin_public_Cami,2016-12-25 10:00:00,0,normal,32.25,32.25,40.827557,1.2816993213892576,3.950586348980753,0.0,0.0,0.0,1.2922481598705557,2.7528132303289414,0
Robin_public_Cami,2016-12-25 11:00:00,1,gradual_drift,33.75,33.75,42.524147,1.3318874395158846,0.0,0.0,0.0,0.0,0.9323212076611191,2.7528132303289414,0
Robin_public_Cami,2016-12-25 12:00:00,1,gradual_drift,34.5,32.4602253231141,43.438965,1.7201328791591737,0.8895029668421188,0.0,0.0,0.0,1.2930433120956335,2.7528132303289414,0
Robin_public_Cami,2016-12-25 13:00:00,1,gradual_drift,32.75,28.670450646228204,43.20879,2.534029914280903,2.6041822829403993,0.0,0.0,0.0,2.0342391682906715,2.7528132303289414,0
Robin_public_Cami,2016-12-25 14:00:00,1,gradual_drift,32.75,26.630675969342303,41.31746,1.22399533208091,4.602804627956197,0.0,0.0,0.0,1.3170771952522569,2.7528132303289414,0
Robin_public_Cami,2016-12-25 15:00:00,1,gradual_drift,32.5,24.340901292456408,39.0922,1.232637292828995,0.0,0.0,0.0,0.0,0.8628461049802965,2.7528132303289414,0
Robin_public_Cami,2016-12-25 16:00:00,1,gradual_drift,34.75,24.55112661557051,36.112244,1.85329261035643,1.825734416925001,0.0,0.0,0.0,1.479878268942001,2.7528132303289414,0
Robin_public_Cami,2016-12-25 17:00:00,1,gradual_drift,33.5,21.26135193868461,35.274742,2.414001127704706,1.5842469200487268,0.0,0.0,0.0,1.848225481398167,2.7528132303289414,0
Robin_public_Cami,2016-12-25 18:00:00,1,gradual_drift,32.75,18.471577261798718,31.82523,3.731245336724175,4.631847624894216,0.0,0.0,0.0,3.0750564981963437,2.7528132303289414,1
Robin_public_Cami,2016-12-25 19:00:00,1,gradual_drift,31.25,14.931802584912816,28.012188,3.638215997855446,0.0,0.0,0.0,0.0,2.546751198498812,2.7528132303289414,0
Robin_public_Cami,2016-12-25 20:00:00,1,gradual_drift,34.0,15.642027908026918,23.552517,1.8782083092377653,6.4154598289960365,0.0,0.0,0.0,1.9562917993660394,2.7528132303289414,0
Robin_public_Cami,2016-12-25 21:00:00,1,gradual_drift,34.0,13.60225323114102,21.426304,1.8487817534759816,0.0,0.0,0.0,0.0,1.294147227433187,2.7528132303289414,0
Robin_public_Cami,2016-12-25 22:00:00,1,gradual_drift,31.0,8.562478554255122,19.509716,2.912020259410844,3.6086203425892505,0.0,0.0,0.0,2.3992762158465157,2.7528132303289414,0
Robin_public_Cami,2016-12-25 23:00:00,1,gradual_drift,33.75,9.272703877369224,17.249523,1.900789373386333,3.399114749077861,0.0,0.0,0.0,1.670464036278219,2.7528132303289414,0
Robin_public_Cami,2016-12-26 00:00:00,1,gradual_drift,34.5,7.982929200483326,17.414783,1.9791101749503102,0.0,0.0,0.0,0.0,1.385377122465217,2.7528132303289414,0
Robin_public_Cami,2016-12-26 01:00:00,1,gradual_drift,31.5,2.9431545235974284,15.935131,3.085242295808566,3.7814114118184348,0.5820456090082554,0.0,0.0,2.6542198700494906,2.7528132303289414,0
Robin_public_Cami,2016-12-26 02:00:00,1,gradual_drift,33.25,2.6533798467115304,14.356888,2.6849143371825503,0.9381757443111174,0.0,0.0,0.10416585774984577,1.973257610458897,2.7528132303289414,0
Robin_public_Cami,2016-12-26 03:00:00,1,gradual_drift,32.5,0.01,11.421814,3.200720315003281,1.4033631724343774,0.0,0.0,0.2603174268448101,2.3808405377457342,2.7528132303289414,0
Robin_public_Cami,2016-12-26 04:00:00,1,gradual_drift,32.25,0.01,9.673576,2.558761571672528,1.9115523581121465,0.04623738415825424,0.0,0.38443519206679044,1.9915358128136351,2.7528132303289414,0
Robin_public_Cami,2016-12-26 05:00:00,1,gradual_drift,31.5,0.01,8.034889,1.957030132430829,1.7495021579094068,0.11812777278513904,0.0,0.6588146255173191,1.5684968630495486,2.7528132303289414,0
Robin_public_Cami,2016-12-26 06:00:00,1,gradual_drift,32.0,0.01,7.4738083,1.2842690544378625,2.0356353562587146,1.7324198128666874,0.2566496328951906,0.9781630866151333,1.4490358363057125,2.7528132303289414,0
Robin_public_Cami,2016-12-26 07:00:00,1,gradual_drift,32.25,0.01,6.9994736,1.1441679050104687,0.0,1.7324198128666874,1.1734037433008482,1.2724304175820038,1.1474014960806656,2.7528132303289414,0
Robin_public_Cami,2016-12-26 08:00:00,1,gradual_drift,37.5,0.01,8.477753,1.5807975584589864,1.0844121637505664,1.7324198128666874,1.5394809982824127,1.5081395872754078,1.5614834698696844,2.7528132303289414,0
Robin_public_Cami,2016-12-26 09:00:00,1,gradual_drift,38.0,0.01,9.12545,1.7721037265191835,0.09616000960164908,1.7324198128666874,3.773193253278219,2.1188060265104047,1.5965725720969308,2.7528132303289414,0
Robin_public_Cami,2016-12-26 10:00:00,1,gradual_drift,37.0,0.01,10.309738,2.121899150860785,0.7346123317738763,1.7324198128666874,3.773193253278219,2.995580312718855,1.9052746013532746,2.7528132303289414,0
Robin_public_Cami,2016-12-26 11:00:00,0,normal,39.75,39.75,8.79007,8.224165294623665,10.0,1.7324198128666874,3.773193253278219,3.3902490315034637,7.103399668809903,2.7528132303289414,1
Robin_public_Cami,2016-12-26 12:00:00,0,normal,40.25,40.25,26.310307,3.5337596272048235,10.0,0.0,0.0,0.0,3.4736317390433764,2.7528132303289414,1
Robin_public_Cami,2016-12-26 13:00:00,0,normal,40.25,40.25,33.836727,1.204415834837032,8.708952561969351,0.0,0.0,0.0,1.7139863405828575,2.7528132303289414,0
Robin_public_Cami,2016-12-26 14:00:00,0,normal,40.5,40.5,35.7781,0.6809549641192498,1.4341998629506396,1.2634641581713395,0.0,0.0,0.8727812928128067,2.7528132303289414,0
Robin_public_Cami,2016-12-26 15:00:00,0,normal,40.0,40.0,37.0133,0.14392892422595274,1.488845294218164,1.4928745898509335,0.0,0.0,0.54820969435017,2.7528132303289414,0
Robin_public_Cami,2016-12-26 16:00:00,0,normal,41.75,41.75,35.56835,1.1327305861714019,3.3087616833005042,1.3578676780379189,0.0,0.0,1.3953611142576154,2.7528132303289414,0
Robin_public_Cami,2016-12-26 17:00:00,0,normal,39.0,39.0,35.279594,0.37100324482743285,2.3940237969905036,0.7387366966570414,2.3352545187891898,0.0,0.6468519904096617,2.7528132303289414,0
Robin_public_Cami,2016-12-26 18:00:00,0,normal,41.5,41.5,33.31233,1.4422675803942941,3.6409513010790207,0.45383843816438946,2.128979325993555,0.0,1.464450124016786,2.7528132303289414,0
Robin_public_Cami,2016-12-26 19:00:00,0,normal,40.5,40.5,32.700336,1.3338825565100705,0.0,0.4211372060781631,2.030686126831716,0.0,1.017945230772682,2.7528132303289414,0
Robin_public_Cami,2016-12-26 20:00:00,0,normal,35.5,35.5,31.78823,0.19198238406831963,3.9254981223555308,0.5896796700719735,2.0791385158028497,0.0,0.6448734150977715,2.7528132303289414,0
Robin_public_Cami,2016-12-26 21:00:00,0,normal,32.75,32.75,27.521687,0.6156093321801314,1.0320325412353264,0.0,1.0958694921214924,0.0,0.5341297866496246,2.7528132303289414,0
Robin_public_Cami,2016-12-26 22:00:00,0,normal,34.0,34.0,24.83234,1.7160145165663974,3.7583412304366592,0.0,0.5498647941985652,0.5863111019736512,1.577044284640144,2.7528132303289414,0
Robin_public_Cami,2016-12-26 23:00:00,0,normal,33.0,33.0,24.608246,1.499275370794653,0.1986132866292172,0.5477034682687332,0.5578387848781733,6.317120532370264,1.1788947818729252,2.7528132303289414,0
Robin_public_Cami,2016-12-27 00:00:00,0,normal,33.75,33.75,25.56408,2.016161439886955,1.4077141726010292,1.025776798463541,0.4885374357723027,5.628385700369321,1.7572397848736796,2.7528132303289414,0
Robin_public_Cami,2016-12-27 01:00:00,0,normal,33.25,33.25,27.207554,1.229070349270082,2.4961981967083458,1.1470608987950424,0.8194531557808366,5.363115309276254,1.3393812439189003,2.7528132303289414,0
Robin_public_Cami,2016-12-27 02:00:00,0,normal,35.5,35.5,28.345924,1.6372644436596273,0.9698633978630421,1.2734264502736725,2.106856566186099,5.102323774165731,1.4977567404027778,2.7528132303289414,0
Robin_public_Cami,2016-12-27 03:00:00,0,normal,34.0,34.0,30.300282,0.36881285519601986,4.435293217171798,0.628144953083921,2.082149981892435,5.1814464302068615,0.8273273109711778,2.7528132303289414,0
Robin_public_Cami,2016-12-27 04:00:00,1,persistent_shift,35.5,0.526091131733267,31.353855,10.0,10.0,0.6213570267410735,2.1765462384845584,5.097538836033647,8.124271405348214,2.7528132303289414,1
Robin_public_Cami,2016-12-27 05:00:00,1,persistent_shift,35.25,0.276091131733267,20.348732,6.381005146029985,10.0,0.0,0.0,0.6209022845307107,5.4667036022209885,2.7528132303289414,1
Robin_public_Cami,2016-12-27 06:00:00,1,persistent_shift,34.5,0.01,16.985374,4.09363827194947,8.539854279934632,0.0,0.0,0.0,3.719532218358092,2.7528132303289414,1
Robin_public_Cami,2016-12-27 07:00:00,1,persistent_shift,34.25,0.01,14.228699,3.2794169566539333,2.605488601329795,1.3873299352964235,0.0,0.0,2.8336067168500176,2.7528132303289414,1
Robin_public_Cami,2016-12-27 08:00:00,1,persistent_shift,42.5,7.526091131733267,14.128647,1.0298865041153715,8.387435423521705,1.5174886147872355,0.0,0.0,1.8631618181903777,2.7528132303289414,0
Robin_public_Cami,2016-12-27 09:00:00,1,persistent_shift,43.5,8.526091131733267,17.329197,1.6798486185707193,1.9437928455722624,0.0,0.0,0.0,1.3702733175567297,2.7528132303289414,0
Robin_public_Cami,2016-12-27 10:00:00,1,persistent_shift,43.5,8.526091131733267,20.639923,2.6577161978113137,3.264715224521349,0.0,0.27444397213923405,0.0,2.1868728609200545,2.7528132303289414,0
Robin_public_Cami,2016-12-27 11:00:00,1,persistent_shift,44.25,9.276091131733269,22.817623,3.079406641163181,1.024231596301312,1.0050858405486645,0.14465211632163924,0.0,2.459024976554091,2.7528132303289414,0
Robin_public_Cami,2016-12-27 12:00:00,1,persistent_shift,44.75,9.776091131733269,24.2081,3.6861255983152965,1.7695936926070475,1.1592349434683515,0.16812719499679804,0.0,2.9890942767750825,2.7528132303289414,1
Robin_public_Cami,2016-12-27 13:00:00,1,persistent_shift,40.25,5.276091131733267,24.174828,5.06852849492182,4.89433049834392,0.9646913329149207,0.37351041321344625,0.0,4.230341262862649,2.7528132303289414,1
Robin_public_Cami,2016-12-27 14:00:00,1,persistent_shift,44.0,9.026091131733269,22.97314,3.5360362691495846,5.4989448614082495,0.0,1.377212851346978,0.07629841861682748,3.025119874545534,2.7528132303289414,1
Robin_public_Cami,2016-12-27 15:00:00,1,persistent_shift,41.75,6.776091131733267,21.907928,3.902714952211142,0.8026242335803399,0.0,1.3651135300161852,0.8128000982333903,2.812162889905833,2.7528132303289414,1
Robin_public_Cami,2016-12-27 16:00:00,0,normal,40.75,40.75,19.298859,5.858469538892555,7.2039994723703575,0.17419963653876783,1.256404354392749,3.908168207317452,4.856168551769578,2.7528132303289414,1
Robin_public_Cami,2016-12-27 17:00:00,0,normal,42.75,42.75,33.81805,1.9839183882877505,10.0,0.0,0.0,0.3457051053535163,2.3887428718014254,2.7528132303289414,0
Robin_public_Cami,2016-12-27 18:00:00,0,normal,42.0,42.0,38.12137,0.23859325095728,6.356313176505673,0.0,0.0,0.0,0.8026465933206633,2.7528132303289414,0
Robin_public_Cami,2016-12-27 19:00:00,0,normal,42.25,42.25,38.424442,0.2237677516425229,0.0,0.6574724809497849,0.0,0.0,0.288131922339723,2.7528132303289414,0
Robin_public_Cami,2016-12-27 20:00:00,0,normal,33.75,33.75,37.130226,0.09937016553571194,0.0,1.2193629341051757,0.0,0.0,0.3134317026960335,2.7528132303289414,0
Robin_public_Cami,2016-12-27 21:00:00,0,normal,35.5,35.5,31.032135,0.4031879412580522,0.5493976540239484,0.0,0.0,0.0,0.3371713242830313,2.7528132303289414,0
Robin_public_Cami,2016-12-27 22:00:00,0,normal,33.0,33.0,28.167,0.5051837109274205,0.0,0.0,0.313349177617444,0.0,0.35362859764919435,2.7528132303289414,0
Robin_public_Cami,2016-12-27 23:00:00,0,normal,36.0,36.0,25.493351,2.0900437599699964,5.70990148495811,0.48673261708238125,0.13200982230270145,0.0,2.1313673038912846,2.7528132303289414,0
Robin_public_Cami,2016-12-28 00:00:00,0,normal,35.5,35.5,24.24947,3.1414963886549487,3.561142545825026,0.31845773916118286,0.2680553531890881,0.0,2.618853274473203,2.7528132303289414,0
Robin_public_Cami,2016-12-28 01:00:00,0,normal,36.5,36.5,23.595596,3.748804292050785,1.7719661821105048,0.32137020027783686,0.5096563074207742,0.0,2.8656336627021677,2.7528132303289414,1
Robin_public_Cami,2016-12-28 02:00:00,0,normal,34.75,34.75,24.391384,2.813982426364339,3.091311446732085,1.1015046654379888,1.595552032752161,0.1290397313643968,2.4992197762158432,2.7528132303289414,0
Robin_public_Cami,2016-12-28 03:00:00,0,normal,35.0,35.0,24.751236,2.773644461469413,0.0,0.7689636210529961,1.7213419134445622,0.7728043528878635,2.0953438472391883,2.7528132303289414,0
Robin_public_Cami,2016-12-28 04:00:00,0,normal,34.75,34.75,25.763973,2.3099630779380194,1.1933863636138227,0.7193662137790638,1.7305756335665856,4.702268262115173,1.8801860336738083,2.7528132303289414,0
Robin_public_Cami,2016-12-28 05:00:00,0,normal,38.75,38.75,26.91188,3.3572611470207563,3.5444064699049793,1.5152905838829716,2.3055914867418585,4.732172848135586,3.0075815666816212,2.7528132303289414,1
Robin_public_Cami,2016-12-28 06:00:00,0,normal,39.25,39.25,30.17863,1.7590838201443106,5.763548319813279,0.0258220379053747,1.36881788988804,5.329055528043512,1.8128779136634203,2.7528132303289414,0
Robin_public_Cami,2016-12-28 07:00:00,0,normal,33.25,33.25,32.748035,0.0,6.411738151034739,0.0,0.9731073137711391,5.834254762883159,0.6411738151034739,2.7528132303289414,0
Robin_public_Cami,2016-12-28 08:00:00,0,normal,42.75,42.75,34.78341,1.432772667319752,5.097238240065191,0.0,0.6775929080623326,7.091881594461398,1.5126646911303454,2.7528132303289414,0
Robin_public_Cami,2016-12-28 09:00:00,0,normal,44.25,44.25,42.647697,0.0,5.097238240065191,0.0,0.22326294568046717,5.065281323008481,0.509723824006519,2.7528132303289414,0
Robin_public_Cami,2016-12-28 10:00:00,0,normal,43.0,43.0,47.0633,0.27988343646264985,0.4529814373128593,0.0,0.009816777800502604,3.678805128513189,0.24121654925514083,2.7528132303289414,0
Robin_public_Cami,2016-12-28 11:00:00,0,normal,44.5,44.5,48.510876,0.26439889280488854,0.0,0.6566123419946994,0.024545607240946257,3.289049926666446,0.31640169336236185,2.7528132303289414,0
Robin_public_Cami,2016-12-28 12:00:00,0,normal,44.0,44.0,49.781197,1.0087952337459147,2.324208228967518,0.617531200278492,0.0,2.616953002371422,1.0620837265745906,2.7528132303289414,0
Robin_public_Cami,2016-12-28 13:00:00,0,normal,44.0,44.0,49.88345,1.0404413921227358,0.0,0.5994313925907804,0.0,2.167878095121492,0.8481952530040711,2.7528132303289414,0
Robin_public_Cami,2016-12-28 14:00:00,0,normal,43.0,43.0,50.29443,1.4771241401331314,1.0846260479413374,1.1009546652169824,1.7261851669459616,1.4737421921037062,1.362640435930722,2.7528132303289414,0
Robin_public_Cami,2016-12-28 15:00:00,0,normal,44.25,44.25,50.725594,1.2237034039249681,0.34638006366248053,0.5229339424647185,1.5812263455306335,0.9471130328266919,0.9958171776066693,2.7528132303289414,0
Robin_public_Cami,2016-12-28 16:00:00,0,normal,42.25,42.25,51.570686,2.104228098020635,2.872582706987319,0.0,0.815194606380342,0.0,1.7602179393131765,2.7528132303289414,0
Robin_public_Cami,2016-12-28 17:00:00,0,normal,44.0,44.0,50.67492,1.2853924569936368,2.624076782305796,0.0,0.4748645082740101,0.0,1.1621823981261254,2.7528132303289414,0
Robin_public_Cami,2016-12-28 18:00:00,0,normal,42.5,42.5,50.277428,1.3276712551727803,0.0,0.0,0.5952491894838112,0.05031865375480382,0.9293698786209461,2.7528132303289414,0
Robin_public_Cami,2016-12-28 19:00:00,0,normal,42.75,42.75,48.189575,0.6746225556079014,1.9562267321144733,0.0,0.4922802237754601,0.17935142123518388,0.6678584621369783,2.7528132303289414,0
Robin_public_Cami,2016-12-28 20:00:00,0,normal,36.25,36.25,46.048534,1.8922411446605925,4.230519421910528,0.0,0.5560143638235918,5.4270547945701,1.7476207434534674,2.7528132303289414,0
Robin_public_Cami,2016-12-28 21:00:00,0,normal,35.5,35.5,41.389984,0.8004384368047677,3.7236873286760215,0.0,0.0,0.9942847108790388,0.9326756386309395,2.7528132303289414,0
Robin_public_Cami,2016-12-28 22:00:00,0,normal,35.5,35.5,38.88884,0.10177625893416818,2.1399743994953617,0.0,0.0,0.14050566938853218,0.2852408212034539,2.7528132303289414,0
Robin_public_Cami,2016-12-28 23:00:00,0,normal,35.5,35.5,37.026527,0.0,0.0,0.2450566538183038,0.0,0.0,0.049011330763660765,2.7528132303289414,0
Robin_public_Cami,2016-12-29 00:00:00,0,normal,35.0,35.0,36.413834,0.0,0.0,1.7324198128666874,0.0,0.0,0.3464839625733375,2.7528132303289414,0
Robin_public_Cami,2016-12-29 01:00:00,0,normal,36.0,36.0,36.07006,0.0,0.0,0.5640123218763237,0.0,0.0,0.11280246437526474,2.7528132303289414,0
Robin_public_Cami,2016-12-29 02:00:00,0,normal,37.5,37.5,36.36291,0.0,0.0,0.14373137897901747,1.2582943222951832,0.0,0.028746275795803494,2.7528132303289414,0
Robin_public_Cami,2016-12-29 03:00:00,0,normal,35.75,35.75,37.002583,0.0,0.0,0.0,0.3963289228442867,0.0,0.0,2.7528132303289414,0
Robin_public_Cami,2016-12-29 04:00:00,0,normal,34.25,34.25,37.31907,0.13723620851775192,0.0,0.0,0.4032523542881363,0.0,0.09606534596242634,2.7528132303289414,0
Robin_public_Cami,2016-12-29 05:00:00,0,normal,37.5,37.5,37.11759,0.0,0.0,0.0,0.15917194373019797,0.0,0.0,2.7528132303289414,0
Robin_public_Cami,2016-12-29 06:00:00,0,normal,37.75,37.75,38.307285,0.0,0.0,0.0,0.0,0.25203473252387165,0.0,2.7528132303289414,0
Robin_public_Cami,2016-12-29 07:00:00,0,normal,39.5,39.5,39.514675,0.0,0.0,0.0,0.0,0.910423062043281,0.0,2.7528132303289414,0
Robin_public_Cami,2016-12-29 08:00:00,0,normal,43.25,43.25,42.389645,0.0,0.0,0.0,0.0,2.120775048302553,0.0,2.7528132303289414,0
Robin_public_Cami,2016-12-29 09:00:00,0,normal,46.25,46.25,46.041946,0.0,0.0,0.0,0.0,0.43265979631554397,0.0,2.7528132303289414,0
Robin_public_Cami,2016-12-29 10:00:00,0,normal,45.75,45.75,49.85782,0.2930322849299477,0.5059497774691883,0.0,0.0,0.0,0.25571757719788224,2.7528132303289414,0
Robin_public_Cami,2016-12-29 11:00:00,0,normal,45.0,45.0,53.419746,1.5666182549056342,4.455976371829831,0.0,0.0,0.0,1.5422304156169269,2.7528132303289414,0
Robin_public_Cami,2016-12-29 12:00:00,0,normal,42.0,42.0,54.133957,2.9749041723371774,4.9985967125863855,0.0,0.0,0.0,2.582292591894663,2.7528132303289414,0
Robin_public_Cami,2016-12-29 13:00:00,0,normal,43.75,43.75,52.889313,2.0480949793418683,3.0590334891815787,0.0,0.0,0.0,1.7395698344574657,2.7528132303289414,0
Robin_public_Cami,2016-12-29 14:00:00,0,normal,41.75,41.75,53.250156,2.778749937088764,2.268852943593639,0.0,0.0,0.0,2.1720102503214984,2.7528132303289414,0
Robin_public_Cami,2016-12-29 15:00:00,0,normal,39.75,39.75,51.920296,2.986150630262848,0.16099460580276653,0.0,0.0,0.0,2.1064049017642703,2.7528132303289414,0
Robin_public_Cami,2016-12-29 16:00:00,0,normal,42.5,42.5,50.04179,1.55367939078736,5.096023979164148,0.0,0.0,0.0,1.5971779714675667,2.7528132303289414,0
Robin_public_Cami,2016-12-29 17:00:00,0,normal,39.0,39.0,49.621666,2.506866875766005,3.1652948356402644,0.0,0.0,0.02970312639181207,2.0713362966002298,2.7528132303289414,0
Robin_public_Cami,2016-12-29 18:00:00,0,normal,43.25,43.25,47.625946,0.3775115787561915,7.903326223220408,0.0,0.0,0.12259676371626112,1.0545907274513748,2.7528132303289414,0
Robin_public_Cami,2016-12-29 19:00:00,0,normal,39.0,39.0,48.45903,1.7974050479514663,5.045356149485569,0.0,0.0,0.518377970773763,1.7627191485145832,2.7528132303289414,0
Robin_public_Cami,2016-12-29 20:00:00,0,normal,36.25,36.25,45.2588,1.6716392493009806,0.0,0.0,0.0,0.40661933068753053,1.1701474745106863,2.7528132303289414,0
Robin_public_Cami,2016-12-29 21:00:00,0,normal,35.5,35.5,40.820232,0.641285694681992,3.4761478077010697,0.0,0.0,0.0,0.7965147670475015,2.7528132303289414,0
Robin_public_Cami,2016-12-29 22:00:00,0,normal,34.75,34.75,38.162136,0.10828379320536935,1.4726346022309011,0.0,0.0,0.0,0.22306211546684865,2.7528132303289414,0
Robin_public_Cami,2016-12-29 23:00:00,0,normal,37.0,37.0,36.037327,0.0,0.0,0.0,0.0,0.0,0.0,2.7528132303289414,0
Robin_public_Cami,2016-12-30 00:00:00,0,normal,25.5,25.5,35.15798,2.556707258869239,9.624855233045286,0.0,0.0,0.0,2.752180604512996,2.7528132303289414,0
Robin_public_Cami,2016-12-30 01:00:00,0,normal,45.5,45.5,31.871033,4.014866487840009,5.199504536332505,0.0,0.0,0.0,3.3303569951212566,2.7528132303289414,1
Robin_public_Cami,2016-12-30 02:00:00,0,normal,34.25,34.25,38.243427,0.47666371706079547,10.0,0.0,0.0,0.0,1.3336646019425569,2.7528132303289414,0
Robin_public_Cami,2016-12-30 03:00:00,0,normal,36.5,36.5,34.54175,0.0,1.2456839210857567,0.0,0.0,0.0,0.12456839210857568,2.7528132303289414,0
Robin_public_Cami,2016-12-30 04:00:00,0,normal,34.5,34.5,35.748158,0.0,0.0,0.0,0.0,0.0,0.0,2.7528132303289414,0
Robin_public_Cami,2016-12-30 05:00:00,0,normal,35.75,35.75,35.392044,0.0,0.0,0.0,0.0,0.0,0.0,2.7528132303289414,0
Robin_public_Cami,2016-12-30 06:00:00,0,normal,35.75,35.75,35.63263,0.0,0.0,0.0,0.0,0.0,0.0,2.7528132303289414,0
Robin_public_Cami,2016-12-30 07:00:00,0,normal,33.75,33.75,35.787735,0.0,0.0,0.0,0.0,0.0,0.0,2.7528132303289414,0
Robin_public_Cami,2016-12-30 08:00:00,0,normal,44.0,44.0,36.148552,1.3987636834177024,4.960237693426061,0.0,0.43202491872160204,0.0,1.4751583477349977,2.7528132303289414,0
Robin_public_Cami,2016-12-30 09:00:00,0,normal,42.25,42.25,42.871685,0.0,4.960237693426061,0.0,0.0,0.0,0.4960237693426061,2.7528132303289414,0
Robin_public_Cami,2016-12-30 10:00:00,0,normal,42.75,42.75,43.552803,0.0,0.0,0.0,0.0,0.0,0.0,2.7528132303289414,0
Robin_public_Cami,2016-12-30 11:00:00,0,normal,44.75,44.75,47.05773,0.0,0.0,0.0,0.0,0.0,0.0,2.7528132303289414,0
Robin_public_Cami,2016-12-30 12:00:00,0,normal,41.0,41.0,48.7996,1.6334683227620184,5.90571327662845,0.0,0.0,0.0,1.7339991535962578,2.7528132303289414,0
Robin_public_Cami,2016-12-30 13:00:00,0,normal,42.25,42.25,48.660286,1.2034914199141054,1.0576124666010822,0.0,0.0,0.0,0.9482052405999819,2.7528132303289414,0
Robin_public_Cami,2016-12-30 14:00:00,0,normal,43.75,43.75,49.337914,0.9489762614408678,0.3507887942791038,0.0,0.09778034648411499,0.0,0.6993622624365179,2.7528132303289414,0
Robin_public_Cami,2016-12-30 15:00:00,0,normal,41.75,41.75,51.11406,2.1176515944110275,4.033358199543,0.0,0.14417092200674494,0.0,1.8856919360420192,2.7528132303289414,0
Robin_public_Cami,2016-12-30 16:00:00,0,normal,43.0,43.0,49.07927,1.1010454677786718,3.4207681717062033,0.0,0.1096570202010153,0.0,1.1128086446156906,2.7528132303289414,0
Robin_public_Cami,2016-12-30 17:00:00,0,normal,41.25,41.25,48.02952,1.317764688394213,0.19853302085886587,0.0,0.1095187811429748,0.0,0.9422885839618355,2.7528132303289414,0
Robin_public_Cami,2016-12-30 18:00:00,0,normal,42.5,42.5,45.93003,0.11328245756859262,4.1776013969810135,0.0,0.3885039164078563,0.2679178792233076,0.4970578599961162,2.7528132303289414,0
Robin_public_Cami,2016-12-30 19:00:00,0,normal,42.0,42.0,44.625362,0.0,0.0,0.0,0.5779678874784486,0.7048256189440614,0.0,2.7528132303289414,0
Robin_public_Cami,2016-12-30 20:00:00,0,normal,35.75,35.75,41.44693,0.7465112557998639,2.332727874617341,0.08747539346314774,0.5686174609648454,4.284903107585112,0.7733257452142683,2.7528132303289414,0
Robin_public_Cami,2016-12-30 21:00:00,0,normal,34.25,34.25,37.654358,0.10611106316132493,1.9052739495183149,0.0,0.0,1.5018947015912176,0.26480513916475895,2.7528132303289414,0
Robin_public_Cami,2016-12-30 22:00:00,0,normal,34.5,34.5,34.538208,0.0,0.0,0.0,0.0,0.4669832784516735,0.0,2.7528132303289414,0
Robin_public_Cami,2016-12-30 23:00:00,0,normal,33.25,33.25,33.692917,0.0,0.0,0.0,0.0,0.08264839441782576,0.0,2.7528132303289414,0
Bear_public_Valorie,2016-07-10 00:00:00,0,normal,38.75,38.75,74.774475,1.5222658307849422,0.0,0.0,0.0,0.0,0.45667974923548255,1.7303566186202008,0
Bear_public_Valorie,2016-07-10 01:00:00,0,normal,38.25,38.25,65.609055,0.8052451055778311,1.101337199264164,0.3363416339722358,0.0,0.0,0.43496997120738484,1.7303566186202008,0
Bear_public_Valorie,2016-07-10 02:00:00,0,normal,38.5,38.5,56.495285,0.030439451887995427,1.2444517397313408,1.4024483635759488,0.0,0.0,0.8155396446225691,1.7303566186202008,0
Bear_public_Valorie,2016-07-10 03:00:00,0,normal,38.0,38.0,55.47017,0.0,0.0,1.5347553271386833,0.04945627104361067,0.0,0.8886663469851942,1.7303566186202008,0
Bear_public_Valorie,2016-07-10 04:00:00,0,normal,45.0,45.0,56.40924,0.0,0.0,1.534766098412815,3.4795889675895597,0.0,1.3174391275360635,1.7303566186202008,0
Bear_public_Valorie,2016-07-10 05:00:00,0,normal,56.0,56.0,59.289764,0.0,0.0,0.8037505917834954,4.640743980784563,0.6310265578761329,1.0422495878735802,1.7303566186202008,0
Bear_public_Valorie,2016-07-10 06:00:00,0,normal,54.75,54.75,63.11003,0.0,0.0,0.24417172993853128,2.983096326180987,1.4621701528599058,0.5132857854872789,1.7303566186202008,0
Bear_public_Valorie,2016-07-10 07:00:00,0,normal,54.75,54.75,70.21593,0.0,0.0,0.5444581167380815,2.700211344978211,2.0323940320338756,0.6505898352466735,1.7303566186202008,0
Bear_public_Valorie,2016-07-10 08:00:00,0,normal,88.75,88.75,86.18931,0.0,0.0,1.419826308769601,2.7374083710606545,3.0474852527956906,1.1585761739251028,1.7303566186202008,0
Bear_public_Valorie,2016-07-10 09:00:00,0,normal,144.0,144.0,122.007126,0.5511686356790105,0.690575324125195,0.0,1.2919103898522841,4.6270480847064945,0.3268393894352391,1.7303566186202008,0
Bear_public_Valorie,2016-07-10 10:00:00,0,normal,150.75,150.75,175.63655,0.9224660751293382,0.24509266510892172,0.0,0.0199926602906201,3.673289745540094,0.27923890507512933,1.7303566186202008,0
Bear_public_Valorie,2016-07-10 11:00:00,0,normal,149.75,149.75,200.24893,3.3500066274048557,5.337740452477074,0.0,0.0,2.069700121043754,1.0050019882214567,1.7303566186202008,0
Bear_public_Valorie,2016-07-10 12:00:00,0,normal,218.75,218.75,213.1514,0.0,7.62238996066438,0.8048619984749906,0.0,1.3409516882128356,0.46279564912311977,1.7303566186202008,0
Bear_public_Valorie,2016-07-10 13:00:00,0,normal,242.25,242.25,244.9499,0.0,0.0,0.0,0.0,0.2900553037392784,3.2202607662599015e-17,1.7303566186202008,0
Bear_public_Valorie,2016-07-10 14:00:00,0,normal,239.5,239.5,264.63644,0.9701776888610715,1.7283249531770861,0.0,0.0,0.0,0.29105330665832135,1.7303566186202008,0
Bear_public_Valorie,2016-07-10 15:00:00,0,normal,240.5,240.5,270.09906,1.3659050887119615,0.3055977595714519,0.0,0.0,0.0,0.40977152661358834,1.7303566186202008,0
Bear_public_Valorie,2016-07-10 16:00:00,0,normal,239.75,239.75,268.48523,1.2893039591280888,0.0,1.2264516793302087,0.0,0.0,1.0920009033532967,1.7303566186202008,0
Bear_public_Valorie,2016-07-10 17:00:00,0,normal,238.25,238.25,251.29718,0.0,2.5186972997297388,1.4498323699362172,0.0,0.0,0.8336536127133248,1.7303566186202008,0
Bear_public_Valorie,2016-07-10 18:00:00,0,normal,237.0,237.0,248.57977,0.0,0.0,1.2923230533266965,2.417684218668548,0.0,1.045296282996419,1.7303566186202008,0
Bear_public_Valorie,2016-07-10 19:00:00,0,normal,234.5,234.5,242.19438,0.0,0.0,1.2501701868013877,5.193265891555664,0.1460444360352561,1.3680060938552558,1.7303566186202008,0
Bear_public_Valorie,2016-07-10 20:00:00,0,normal,231.5,231.5,241.69551,0.0,0.0,1.1486663829107644,4.990176981047506,1.0617395607738416,1.284255292804628,1.7303566186202008,0
Bear_public_Valorie,2016-07-10 21:00:00,0,normal,194.0,194.0,228.56223,1.179853192967778,2.247623223597652,1.0037052279446472,4.410599990952101,2.42001670881227,1.4824114628275182,1.7303566186202008,0
Bear_public_Valorie,2016-07-10 22:00:00,0,normal,142.5,142.5,182.22575,1.5271646058793165,0.1856870509484995,0.0,1.2795690657365604,3.2439130890081036,0.6180955149808652,1.7303566186202008,0
Bear_public_Valorie,2016-07-10 23:00:00,0,normal,142.75,142.75,131.12234,0.0,3.107801034022746,0.0,0.0,2.905580086137057,3.2258419115217064e-16,1.7303566186202008,0
Bear_public_Valorie,2016-07-11 00:00:00,0,normal,145.0,145.0,143.44308,0.0,0.0,0.0,0.0,2.566517092962885,2.8494063697014184e-16,1.7303566186202008,0
Bear_public_Valorie,2016-07-11 01:00:00,0,normal,145.0,145.0,134.47595,0.0,0.0,1.2427701134467137,0.0,1.7643243013439627,0.7145928152318606,1.7303566186202008,0
Bear_public_Valorie,2016-07-11 02:00:00,0,normal,52.0,52.0,100.239174,2.7761116260437575,6.201038034603629,1.2466373916245719,0.0,1.3198851231006856,1.549649987997256,1.7303566186202008,0
Bear_public_Valorie,2016-07-11 03:00:00,0,normal,40.75,40.75,73.345184,1.4697384973215324,2.5609721009065103,0.0,0.0,0.19235313265728635,0.4409215491964596,1.7303566186202008,0
Bear_public_Valorie,2016-07-11 04:00:00,0,normal,46.0,46.0,75.09432,0.9488299271605577,0.6156309487520375,0.0,0.0,0.0,0.28464897814816725,1.7303566186202008,0
Bear_public_Valorie,2016-07-11 05:00:00,0,normal,57.0,57.0,85.48696,1.1266756192751528,0.0,0.49839800397441186,0.0,0.0,0.6245815380678326,1.7303566186202008,0
Bear_public_Valorie,2016-07-11 06:00:00,0,normal,129.75,129.75,107.38146,0.6841050666128805,0.42161306779561847,0.22480835197274276,0.0,0.0,0.33449632236819116,1.7303566186202008,0
Bear_public_Valorie,2016-07-11 07:00:00,0,normal,147.75,147.75,144.16702,0.0,1.019815780486323,0.0,0.0,0.0,0.0,1.7303566186202008,0
Bear_public_Valorie,2016-07-11 08:00:00,0,normal,191.25,191.25,173.96721,0.20178199682409423,0.0,0.0,0.0,0.0,0.06053459904722826,1.7303566186202008,0
Bear_public_Valorie,2016-07-11 09:00:00,0,normal,247.25,247.25,209.87267,2.106342106122193,4.0424873867506035,0.0,0.0,0.11720454178711935,0.6319026318366577,1.7303566186202008,0
Bear_public_Valorie,2016-07-11 10:00:00,0,normal,252.75,252.75,257.37717,0.0,4.542235997820753,0.0,0.0,0.0,0.0,1.7303566186202008,0
Bear_public_Valorie,2016-07-11 11:00:00,0,normal,253.25,253.25,275.32883,0.6563500950428215,0.9510757109521698,0.0,0.0,0.0,0.19690502851284641,1.7303566186202008,0
Bear_public_Valorie,2016-07-11 12:00:00,0,normal,249.25,249.25,287.90878,2.1692860234408067,3.07256121124084,0.806983289123403,0.0,0.0,1.1148011982781987,1.7303566186202008,0
Bear_public_Valorie,2016-07-11 13:00:00,0,normal,250.0,250.0,287.87354,2.0996533072208314,0.0,1.0332881212146214,0.0,0.0,1.2240366618646565,1.7303566186202008,0
Bear_public_Valorie,2016-07-11 14:00:00,0,normal,248.75,248.75,284.04077,1.870623885934097,0.0,1.0463346734729846,0.42013807498653516,0.0,1.2153468624005122,1.7303566186202008,0
Bear_public_Valorie,2016-07-11 15:00:00,0,normal,248.5,248.5,279.1659,1.4605077273042395,0.34123405184722394,1.4137681547784706,4.728002399145243,0.0,1.8420693070820477,1.7303566186202008,1
Bear_public_Valorie,2016-07-11 16:00:00,0,normal,245.25,245.25,269.81635,0.9196235412684648,0.6651040754225243,1.3662469414565461,4.906941532556997,0.0,1.674846745287678,1.7303566186202008,0
Bear_public_Valorie,2016-07-11 17:00:00,0,normal,242.75,242.75,250.79001,0.0,1.603118713567588,1.0883900592347473,4.597313214335079,0.0,1.2004884358518646,1.7303566186202008,0
Bear_public_Valorie,2016-07-11 18:00:00,0,normal,240.25,240.25,239.60255,0.0,0.0,0.9035274116550465,4.470607342137099,1.3333433111473836,1.0783541794687894,1.7303566186202008,0
Bear_public_Valorie,2016-07-11 19:00:00,0,normal,240.25,240.25,239.85783,0.0,0.0,0.977043823653598,3.94398395080954,2.773184333594536,1.0547981924520113,1.7303566186202008,0
Bear_public_Valorie,2016-07-11 20:00:00,0,normal,244.0,244.0,227.70581,0.010525565063912916,0.0,1.2062203811018266,3.953254843516401,6.713863906108853,1.1908912440922748,1.7303566186202008,0
Bear_public_Valorie,2016-07-11 21:00:00,1,stuck,170.5,170.5,216.68674,2.235983654932547,4.837247685535553,1.0481938927343264,4.29443476617022,10.0,1.81031093057328,1.7303566186202008,1
Bear_public_Valorie,2016-07-11 22:00:00,1,stuck,146.0,170.5,168.91553,0.0,4.8633160989927,0.0,0.17227477113682713,4.801928688350518,0.021534346392103925,1.7303566186202008,0
Bear_public_Valorie,2016-07-11 23:00:00,1,stuck,144.0,170.5,150.05566,0.8592310335836206,1.4535460445011055,0.0,0.0,3.1715596703573996,0.25776931007508647,1.7303566186202008,0
Bear_public_Valorie,2016-07-12 00:00:00,1,stuck,129.75,170.5,137.7612,1.250392458045084,0.29428931830830174,1.6039571270742827,0.0,2.4602689439806875,1.2973930854812379,1.7303566186202008,0
Bear_public_Valorie,2016-07-12 01:00:00,1,stuck,129.0,170.5,133.30008,1.6195281416363898,0.23973869644460735,1.6039571270742827,0.0,2.071614559193327,1.4081337905586295,1.7303566186202008,0
Bear_public_Valorie,2016-07-12 02:00:00,1,stuck,49.25,170.5,113.529785,3.2554222825566566,3.3770888544143114,1.6039571270742827,0.11620319949443611,1.8926648581057601,1.913427432771514,1.7303566186202008,1
Bear_public_Valorie,2016-07-12 03:00:00,1,stuck,39.0,170.5,115.35612,3.1043023275112844,0.0,1.6039571270742827,6.590377803524825,1.5358919750340525,2.677363271761701,1.7303566186202008,1
Bear_public_Valorie,2016-07-12 04:00:00,1,stuck,45.5,170.5,125.29799,2.2816615810043372,1.3629237618741439,1.6039571270742827,6.590377803524825,1.1616477493193942,2.4305710478096167,1.7303566186202008,1
Bear_public_Valorie,2016-07-12 05:00:00,1,stuck,57.0,170.5,142.57312,0.8522298444426819,2.865748390743673,1.6039571270742827,6.590377803524825,0.7721453510926908,2.00174152684112,1.7303566186202008,1
Bear_public_Valorie,2016-07-12 06:00:00,1,stuck,137.75,170.5,160.90645,0.0,1.4362063679982822,1.6039571270742827,6.590377803524825,0.3708062682181397,1.7460725735083156,1.7303566186202008,1
Bear_public_Valorie,2016-07-12 07:00:00,1,stuck,158.0,170.5,178.72768,0.0,0.0,1.6039571270742827,6.590377803524825,0.6496055866250606,1.7460725735083156,1.7303566186202008,1
Bear_public_Valorie,2016-07-12 08:00:00,1,stuck,188.0,170.5,193.75859,0.4252923057397049,0.3788204498357139,1.6039571270742827,6.590377803524825,1.5909515035561455,1.8736602652302274,1.7303566186202008,1
Bear_public_Valorie,2016-07-12 09:00:00,0,normal,230.25,230.25,197.62234,1.4034334926039214,1.7480479568591296,1.6039571270742827,6.590377803524825,10.0,2.1671026212894926,1.7303566186202008,1
Bear_public_Valorie,2016-07-12 10:00:00,0,normal,241.5,241.5,224.93854,0.11589860964169604,2.51431587140272,0.0,0.0,2.543884290926516,0.03476958289250909,1.7303566186202008,0
Bear_public_Valorie,2016-07-12 11:00:00,0,normal,248.25,248.25,248.03679,0.0,0.0,0.0,0.0,0.808716030530072,8.97855157477947e-17,1.7303566186202008,0
Bear_public_Valorie,2016-07-12 12:00:00,0,normal,252.0,252.0,255.70004,0.0,0.0,0.0,0.0,0.05777526825537657,6.414343307101397e-18,1.7303566186202008,0
Bear_public_Valorie,2016-07-12 13:00:00,0,normal,251.25,251.25,265.06967,0.0,0.0,0.04894437931749626,0.0,0.0,0.02814301810756035,1.7303566186202008,0
Bear_public_Valorie,2016-07-12 14:00:00,0,normal,250.0,250.0,270.53104,0.5617880730374925,0.7168762288331323,0.7287811426620738,0.0,0.0,0.5875855789419401,1.7303566186202008,0
Bear_public_Valorie,2016-07-12 15:00:00,0,normal,248.25,248.25,271.70657,0.8212133074905544,0.0,1.0810176866185321,1.0837948185938868,0.0,1.003423514377058,1.7303566186202008,0
Bear_public_Valorie,2016-07-12 16:00:00,0,normal,247.25,247.25,265.51877,0.3611789535556694,0.46486524374470317,0.8876657423741103,2.6569727726129706,0.0,0.9508830845084355,1.7303566186202008,0
Bear_public_Valorie,2016-07-12 17:00:00,0,normal,240.5,240.5,251.05429,0.0,0.22003245482466816,0.9307392182604585,4.007993859276442,0.0,1.0361742829093188,1.7303566186202008,0
Bear_public_Valorie,2016-07-12 18:00:00,0,normal,239.0,239.0,239.57716,0.0,0.0,0.21867401848604445,2.449632041550257,0.0,0.43194156582325766,1.7303566186202008,0
Bear_public_Valorie,2016-07-12 19:00:00,0,normal,239.5,239.5,224.42929,0.0,0.0,0.18783924824224293,2.0446882991614723,0.2928456552865315,0.36359360513447375,1.7303566186202008,0
Bear_public_Valorie,2016-07-12 20:00:00,0,normal,238.0,238.0,211.75826,0.7511070720696114,1.1857580334768416,1.1895553200258393,2.1023263653089552,1.3377293351176816,1.1721172262993604,1.7303566186202008,0
Bear_public_Valorie,2016-07-12 21:00:00,0,normal,167.0,167.0,196.66785,1.0061755195895032,0.0,1.187370962263413,2.2919971059505433,8.365476416703798,1.271090597422132,1.7303566186202008,0
Bear_public_Valorie,2016-07-12 22:00:00,0,normal,147.25,147.25,165.26286,0.1384784031162394,1.474513788065425,0.0,0.0,1.1798968019962537,0.041543520934871944,1.7303566186202008,0
Bear_public_Valorie,2016-07-12 23:00:00,0,normal,141.75,141.75,137.67505,0.0,0.0,0.0,0.0,0.0,0.0,1.7303566186202008,0
Bear_public_Valorie,2016-07-13 00:00:00,0,normal,130.0,130.0,116.44156,0.0,0.0,0.0,0.0,0.0,0.0,1.7303566186202008,0
Bear_public_Valorie,2016-07-13 01:00:00,0,normal,130.75,130.75,103.22838,0.8186967329087671,1.3531557183977456,0.0,0.0,0.0,0.24560901987263006,1.7303566186202008,0
Bear_public_Valorie,2016-07-13 02:00:00,0,normal,47.75,47.75,96.733604,2.8382763348824507,4.327353393705259,0.019226378990920258,0.0,0.0,0.8625380683845141,1.7303566186202008,0
Bear_public_Valorie,2016-07-13 03:00:00,0,normal,40.0,40.0,85.96071,2.344440050513329,0.5485816706404368,0.0,0.0,0.0,0.7033320151539986,1.7303566186202008,0
Bear_public_Valorie,2016-07-13 04:00:00,0,normal,47.5,47.5,87.863754,2.11846374643839,0.0,0.0,0.0,0.0,0.6355391239315169,1.7303566186202008,0
Bear_public_Valorie,2016-07-13 05:00:00,0,normal,59.75,59.75,95.51315,1.7342841383786594,0.2769976218020246,0.6070626712947353,0.0,0.0,0.8693462775080705,1.7303566186202008,0
Bear_public_Valorie,2016-07-13 06:00:00,0,normal,135.5,135.5,120.83484,0.0,3.6207689911308294,0.07916836669078593,0.0,0.0,0.04552181084720191,1.7303566186202008,0
Bear_public_Valorie,2016-07-13 07:00:00,0,normal,147.75,147.75,165.17006,0.18470603392269283,0.0,0.0,0.0,0.0,0.05541181017680784,1.7303566186202008,0
Bear_public_Valorie,2016-07-13 08:00:00,0,normal,183.5,183.5,197.48952,0.0,0.0,0.0,0.0,0.22476673405878747,2.495412033218652e-17,1.7303566186202008,0
Bear_public_Valorie,2016-07-13 09:00:00,0,normal,243.25,243.25,230.3158,0.0,0.0,0.0,0.0,0.7449808895008107,8.270949364295295e-17,1.7303566186202008,0
Bear_public_Valorie,2016-07-13 10:00:00,0,normal,247.75,247.75,262.51746,0.0,0.0,0.0,0.0,0.12090186435395643,1.342280335258699e-17,1.7303566186202008,0
Bear_public_Valorie,2016-07-13 11:00:00,0,normal,247.75,247.75,274.22098,1.0726379980683767,1.9820859329576903,0.0,0.0,0.0,0.32179139942051294,1.7303566186202008,0
Bear_public_Valorie,2016-07-13 12:00:00,0,normal,247.7252,247.7252,285.29443,2.0726690300626243,1.8022620090166674,0.9612982305294262,0.0,0.0,1.174547191573207,1.7303566186202008,0
Bear_public_Valorie,2016-07-13 13:00:00,0,normal,247.8281,247.8281,287.06174,2.2202618458278334,0.0,1.5993965537870736,0.0,0.0,1.585731572175917,1.7303566186202008,0
Bear_public_Valorie,2016-07-13 14:00:00,0,normal,246.0,246.0,285.48492,2.242545020789956,0.0,1.5868956040863555,0.34795643880552596,0.0,1.6287230334373317,1.7303566186202008,0
Bear_public_Valorie,2016-07-13 15:00:00,0,normal,245.25,245.25,280.1118,1.832583114417086,0.34085201899792555,1.3087015161852487,5.06837664816894,0.0,1.935825387152761,1.7303566186202008,1
Bear_public_Valorie,2016-07-13 16:00:00,0,normal,244.25,244.25,266.4795,0.7124005179958206,2.099838494458297,1.2332641283361794,5.581867511808863,0.0,1.620580468168157,1.7303566186202008,0
Bear_public_Valorie,2016-07-13 17:00:00,0,normal,240.25,240.25,249.40962,0.0,1.0898944433541233,1.3470246664080903,5.280586172974481,0.06274695667008728,1.434612454806462,1.7303566186202008,0
Bear_public_Valorie,2016-07-13 18:00:00,0,normal,237.25,237.25,234.85934,0.0,0.0,0.9474061672637097,4.471085883048201,1.507803085482683,1.1036442815576584,1.7303566186202008,0
Bear_public_Valorie,2016-07-13 19:00:00,0,normal,237.0,237.0,218.32272,0.11139311781410861,0.0,0.7924554336692955,3.8870717403903394,2.784502706303644,0.9749637772528702,1.7303566186202008,0
Bear_public_Valorie,2016-07-13 20:00:00,0,normal,240.75,240.75,201.49489,1.4955080804968708,2.753513428454645,1.1195346080921136,3.8468207598568465,6.180859066810784,1.573237418784133,1.7303566186202008,0
Bear_public_Valorie,2016-07-13 21:00:00,0,normal,168.25,168.25,178.96992,0.0,3.0293980801409104,1.0575767533158236,4.135535507749925,10.0,1.1250485716253402,1.7303566186202008,0
Bear_public_Valorie,2016-07-13 22:00:00,1,spike,146.75,554.8492476925039,145.85176,10.0,10.0,0.0,0.16097109788213665,4.810197244493786,3.0201213872352666,1.7303566186202008,1
Bear_public_Valorie,2016-07-13 23:00:00,0,normal,143.0,143.0,231.38718,5.377746966991326,10.0,0.0,0.0,0.0,1.6133240900973975,1.7303566186202008,0
Bear_public_Valorie,2016-07-14 00:00:00,0,normal,136.25,136.25,171.73517,1.7110706457346494,8.406678163582791,0.0,0.0,0.0,0.5133211937203948,1.7303566186202008,0
Bear_public_Valorie,2016-07-14 01:00:00,0,normal,130.75,130.75,132.08716,0.0,3.563276693059043,0.0,0.0,0.0,0.0,1.7303566186202008,0
Bear_public_Valorie,2016-07-14 02:00:00,0,normal,46.0,46.0,79.13188,1.5145561598952373,3.0765739995624344,0.6679121164371555,0.0,0.0,0.8384163149199355,1.7303566186202008,0
Bear_public_Valorie,2016-07-14 03:00:00,0,normal,39.5,39.5,65.093796,0.8850777988224992,0.8845231347067146,0.0,0.0,0.0,0.2655233396467497,1.7303566186202008,0
Bear_public_Valorie,2016-07-14 04:00:00,0,normal,48.25,48.25,73.74746,0.8770330965605628,0.0,0.0,0.0,0.0,0.2631099289681688,1.7303566186202008,0
Bear_public_Valorie,2016-07-14 05:00:00,0,normal,61.25,61.25,83.62746,0.3930424979900707,0.5241970977828916,0.847508708941753,0.0,0.0,0.6052302570385291,1.7303566186202008,0
Bear_public_Valorie,2016-07-14 06:00:00,0,normal,132.25,132.25,113.03414,0.10525283352601007,0.03827097031061542,0.27300124179757623,0.08072342582354057,0.0,0.1986419923193519,1.7303566186202008,0
Bear_public_Valorie,2016-07-14 07:00:00,0,normal,144.0,144.0,150.73274,0.0,0.0,0.0,0.11394783348725074,0.0,0.014243479185906342,1.7303566186202008,0
Bear_public_Valorie,2016-07-14 08:00:00,0,normal,188.5,188.5,187.21867,0.0,0.0,0.0,0.01154177306455833,0.0,0.0014427216330697914,1.7303566186202008,0
Bear_public_Valorie,2016-07-14 09:00:00,0,normal,242.75,242.75,226.72466,0.08260128257425768,0.0,0.0,0.0,0.0,0.0247803847722773,1.7303566186202008,0
Bear_public_Valorie,2016-07-14 10:00:00,0,normal,252.75,252.75,255.47429,0.0,0.0,0.0,0.0,0.0,0.0,1.7303566186202008,0
Bear_public_Valorie,2016-07-14 11:00:00,0,normal,269.75,269.75,275.38654,0.0,0.0,0.0,0.0,0.7552743384846531,8.385229604941958e-17,1.7303566186202008,0
Bear_public_Valorie,2016-07-14 12:00:00,0,normal,334.75,334.75,291.31158,2.5931252205826345,5.747840011919594,0.11924222998691487,0.0,0.3068591562981315,0.8465018484172662,1.7303566186202008,0
Bear_public_Valorie,2016-07-14 13:00:00,0,normal,312.25,312.25,304.60324,0.0,5.747840011919594,0.0,0.0,0.0,0.0,1.7303566186202008,0
Bear_public_Valorie,2016-07-14 14:00:00,0,normal,305.5,305.5,307.6244,0.0,0.0,0.0,0.0,0.0,0.0,1.7303566186202008,0
Bear_public_Valorie,2016-07-14 15:00:00,0,normal,306.5,306.5,303.60748,0.0,0.0,0.08029779902333216,0.4563251051330418,0.0,0.10321187258004622,1.7303566186202008,0
Bear_public_Valorie,2016-07-14 16:00:00,0,normal,305.75,305.75,283.2691,0.7346940284003971,1.1451082435737607,1.0037826239121466,0.794653388828313,0.0,0.8969148908731425,1.7303566186202008,0
Bear_public_Valorie,2016-07-14 17:00:00,0,normal,296.75,296.75,266.15436,1.4542781010659127,1.1076857801692515,1.5008795716531007,1.478980779253331,0.44342841285738815,1.4841617814269727,1.7303566186202008,0
Bear_public_Valorie,2016-07-14 18:00:00,0,normal,270.25,270.25,259.48807,0.0,2.927284783219607,0.8058517056823907,2.4489643544009607,1.4015972356267625,0.7694852750674949,1.7303566186202008,0
Bear_public_Valorie,2016-07-14 19:00:00,0,normal,222.75,222.75,244.1292,0.38909715678740786,0.28917679628342746,0.0,2.1409838240787025,2.3190987426658785,0.3843521250460604,1.7303566186202008,0
Bear_public_Valorie,2016-07-14 20:00:00,0,normal,213.75,213.75,206.21397,0.0,0.28917679628342746,0.0,0.6682931719427531,3.6751213628497985,0.08353664649284454,1.7303566186202008,0
Bear_public_Valorie,2016-07-14 21:00:00,0,normal,132.5,132.5,201.77664,5.6257185582665805,10.0,0.0,0.3150489270838801,4.2700992615692295,1.7270966833654593,1.7303566186202008,0
Bear_public_Valorie,2016-07-14 22:00:00,0,normal,112.5,112.5,170.66264,7.367360965207991,3.638993037636434,0.0,0.0,2.273252380615113,2.2102082895623973,1.7303566186202008,1
Bear_public_Valorie,2016-07-14 23:00:00,0,normal,113.75,113.75,93.03258,0.885886822190862,10.0,0.0,0.0,0.40143402564682384,0.2657660466572586,1.7303566186202008,0
Bear_public_Valorie,2016-07-15 00:00:00,0,normal,115.0,115.0,76.015144,1.767222691674363,1.5082925591196967,0.18773653686844907,0.0,0.0,0.6381153162016671,1.7303566186202008,0
Bear_public_Valorie,2016-07-15 01:00:00,0,normal,111.5,111.5,73.44709,2.0691157840850547,0.0732005905869037,1.325285118709422,0.0,0.0,1.3827736784834337,1.7303566186202008,0
Bear_public_Valorie,2016-07-15 02:00:00,0,normal,43.5,43.5,55.548706,0.0,4.450038462727828,1.22594774542145,0.10083267965840403,0.0,0.7175240385746342,1.7303566186202008,0
Bear_public_Valorie,2016-07-15 03:00:00,0,normal,39.75,39.75,44.327698,0.0,0.0,0.0,0.47960926510781493,0.0,0.059951158138476866,1.7303566186202008,0
Bear_public_Valorie,2016-07-15 04:00:00,0,normal,48.75,48.75,47.475723,0.0,0.0,0.0,0.2189612531792964,0.0,0.02737015664741205,1.7303566186202008,0
Bear_public_Valorie,2016-07-15 05:00:00,0,normal,70.6,70.6,64.48347,0.0,0.0,0.8037360104418745,0.17557025175079802,0.0,0.48409448747292755,1.7303566186202008,0
Bear_public_Valorie,2016-07-15 06:00:00,0,normal,128.5,128.5,104.88316,0.45365253487687557,0.4490595462070701,0.0,0.32967495675818287,0.3411479844655946,0.17730513005783555,1.7303566186202008,0
Bear_public_Valorie,2016-07-15 07:00:00,0,normal,139.75,139.75,161.42119,0.29962694422687824,0.0,0.0,0.183788247145039,1.1875977561133948,0.11286161416119347,1.7303566186202008,0
Bear_public_Valorie,2016-07-15 08:00:00,0,normal,177.0,177.0,196.215,0.3285512016073237,0.0,0.0,0.0,1.966354776054897,0.09856536048219731,1.7303566186202008,0
Bear_public_Valorie,2016-07-15 09:00:00,0,normal,227.0,227.0,224.71599,0.0,0.13922408750168147,0.0,0.0,2.6401625992387547,2.9311693064290653e-16,1.7303566186202008,0
Bear_public_Valorie,2016-07-15 10:00:00,0,normal,235.25,235.25,252.57834,0.17735560247103968,0.0,0.0,0.0,1.4487806029983206,0.05320668074131205,1.7303566186202008,0
Bear_public_Valorie,2016-07-15 11:00:00,0,normal,244.5,244.5,268.58075,0.8460922480880362,0.9817531823957223,0.0,0.0,0.7511377638393247,0.2538276744264109,1.7303566186202008,0
Bear_public_Valorie,2016-07-15 12:00:00,0,normal,247.75,247.75,283.55963,1.9166343573954479,1.976895095748547,0.3608164288373161,0.0,0.2874401526690875,0.7824597538000909,1.7303566186202008,0
Bear_public_Valorie,2016-07-15 13:00:00,0,normal,248.25,248.25,275.8517,1.1887883173512999,1.1281479957641236,0.5372518765489772,0.0,0.0,0.6655563242210518,1.7303566186202008,0
Bear_public_Valorie,2016-07-15 14:00:00,0,normal,288.75,288.75,270.55673,0.35448386436643387,1.3918109827561504,1.1425418082405692,0.5329087093307655,0.0,0.8299202877146031,1.7303566186202008,0
Bear_public_Valorie,2016-07-15 15:00:00,0,normal,301.0,301.0,271.03638,1.3982331143605498,1.9105378664656483,0.0,0.9198529229618434,0.0,0.5344515496783953,1.7303566186202008,0
Bear_public_Valorie,2016-07-15 16:00:00,0,normal,291.0,291.0,265.18988,1.0299166111942868,0.2377098520180761,0.0,0.5230010154801165,0.0,0.37435011029330056,1.7303566186202008,0
Bear_public_Valorie,2016-07-15 17:00:00,0,normal,248.75,248.75,246.0098,0.0,1.8762789031465568,0.49468830722977647,0.5686196992217005,0.08131796197686522,0.355523239059834,1.7303566186202008,0
Bear_public_Valorie,2016-07-15 18:00:00,0,normal,146.5,146.5,219.32324,3.75338173423424,8.621419371370397,0.0,0.5759233348905143,0.8598109834561222,1.1980049371315862,1.7303566186202008,0
Bear_public_Valorie,2016-07-15 19:00:00,1,spike,126.75,428.2260283676541,157.32487,10.0,10.0,0.0,0.0,0.9591477294500845,2.999999999999999,1.7303566186202008,1
Bear_public_Valorie,2016-07-15 20:00:00,0,normal,121.5,121.5,220.15207,6.141953769624266,10.0,0.0,0.0,0.5685103471643969,1.8425861308872793,1.7303566186202008,1
Bear_public_Valorie,2016-07-15 21:00:00,0,normal,116.75,116.75,132.23732,0.37538013933797776,10.0,0.0,0.0,0.251827778863114,0.11261404180139332,1.7303566186202008,0
Bear_public_Valorie,2016-07-15 22:00:00,0,normal,61.25,61.25,80.74046,0.7661241825357086,0.2932556001861695,0.0,0.0,0.0,0.2298372547607125,1.7303566186202008,0
Bear_public_Valorie,2016-07-15 23:00:00,0,normal,39.25,39.25,68.37564,1.7066071892871868,1.6547808492728329,0.0,0.0,0.0,0.5119821567861559,1.7303566186202008,0
Bear_public_Valorie,2016-08-28 00:00:00,1,persistent_shift,56.0,0.01,66.09062,4.265986585882704,5.664262542509967,0.0,0.0,0.0,1.279795975764811,1.7303566186202008,0
Bear_public_Valorie,2016-08-28 01:00:00,1,persistent_shift,47.75,0.01,58.390648,3.622989531747796,0.9180045561795764,1.273310780265264,0.0,0.0,1.8190505581768655,1.7303566186202008,1
Bear_public_Valorie,2016-08-28 02:00:00,1,persistent_shift,39.0,0.01,50.33008,2.949880431385901,0.9925823357400368,1.6039571270742827,0.0,0.0,1.8072394774834826,1.7303566186202008,1
Bear_public_Valorie,2016-08-28 03:00:00,1,persistent_shift,40.0,0.01,38.35414,1.9498131479785945,1.8023517920181777,1.6039571270742827,0.0,0.0,1.5072192924612908,1.7303566186202008,0
Bear_public_Valorie,2016-08-28 04:00:00,0,normal,43.5,43.5,34.650208,0.0,4.154564497608995,1.6039571270742827,5.885278693433838,1.0619405759652683,1.6579351847469426,1.7303566186202008,0
Bear_public_Valorie,2016-08-28 05:00:00,0,normal,56.0,56.0,48.681076,0.0,0.0,0.0,1.554439120215532,1.395937214059463,0.19430489002694168,1.7303566186202008,0
Bear_public_Valorie,2016-08-28 06:00:00,0,normal,57.75,57.75,61.69606,0.0,0.0,0.0,0.8630441832901703,1.7520741773322241,0.10788052291127148,1.7303566186202008,0
Bear_public_Valorie,2016-08-28 07:00:00,0,normal,60.25,60.25,67.94419,0.0,0.0,0.5038996356524932,0.6890088225035403,2.252232420660215,0.3758683933131264,1.7303566186202008,0
Bear_public_Valorie,2016-08-28 08:00:00,0,normal,60.25,60.25,87.294975,0.956040940831128,1.693312809853062,1.1885589676562653,0.7273137850384548,2.8893696502721293,1.061147911781498,1.7303566186202008,0
Bear_public_Valorie,2016-08-28 09:00:00,0,normal,61.25,61.25,108.71091,2.5921612615823704,3.377649028553538,1.3102708659423705,1.07526761434469,3.8339507648179745,1.6654625781846604,1.7303566186202008,0
Bear_public_Valorie,2016-08-28 10:00:00,0,normal,138.75,138.75,131.04538,0.0,5.745452597883196,1.4756059636078775,3.5196469715597667,5.021476505121656,1.2884293005195009,1.7303566186202008,0
Bear_public_Valorie,2016-08-28 11:00:00,0,normal,157.5,157.5,179.4654,0.6455988399494654,0.9244483364354558,0.0,0.4207530044167156,2.795835577128613,0.24627377753692933,1.7303566186202008,0
Bear_public_Valorie,2016-08-28 12:00:00,0,normal,229.5,229.5,214.42749,0.07774719679148841,0.731893726893082,0.0,0.0,1.6124302912034356,0.0233241590374467,1.7303566186202008,0
Bear_public_Valorie,2016-08-28 13:00:00,0,normal,273.0,273.0,264.1598,0.0,0.0,0.0,0.0,0.39539664419923237,4.389784582495086e-17,1.7303566186202008,0
Bear_public_Valorie,2016-08-28 14:00:00,0,normal,279.25,279.25,280.32675,0.0,0.0,0.0,0.0,0.0,0.0,1.7303566186202008,0
Bear_public_Valorie,2016-08-28 15:00:00,0,normal,279.0,279.0,283.6556,0.0,0.0,0.0,0.0,0.0,0.0,1.7303566186202008,0
Bear_public_Valorie,2016-08-28 16:00:00,0,normal,279.0,279.0,282.50095,0.0,0.0,0.8978105426551802,0.0,0.0,0.5162410620267286,1.7303566186202008,0
Bear_public_Valorie,2016-08-28 17:00:00,0,normal,277.75,277.75,282.1263,0.0,0.0,1.5688642707849447,0.0,0.0,0.9020969557013432,1.7303566186202008,0
Bear_public_Valorie,2016-08-28 18:00:00,0,normal,275.75,275.75,281.1282,0.0,0.0,1.4457451492183078,1.3509318511377164,0.0,1.0001699421927415,1.7303566186202008,0
Bear_public_Valorie,2016-08-28 19:00:00,0,normal,274.25,274.25,281.4999,0.0,0.0,1.2821336068154536,5.157489319144686,0.0,1.3819129888119717,1.7303566186202008,0
Bear_public_Valorie,2016-08-28 20:00:00,0,normal,274.0,274.0,280.9218,0.0,0.0,1.2738855169833325,5.403091318219851,0.33124115774115526,1.4078705870428976,1.7303566186202008,0
Bear_public_Valorie,2016-08-28 21:00:00,0,normal,253.25,253.25,279.9428,0.7846882310847028,1.2689276811166545,1.421992445312741,5.336653593819244,1.0756102478977225,1.7201338246076425,1.7303566186202008,0
Bear_public_Valorie,2016-08-28 22:00:00,0,normal,246.5,246.5,254.83759,0.0,1.2689276811166545,0.2871718234191944,3.0971702940918355,2.92941405709199,0.5522700852275165,1.7303566186202008,0
Bear_public_Valorie,2016-08-28 23:00:00,0,normal,238.25,238.25,243.23895,0.0,0.0,0.15211844394377566,2.3728582941748138,4.719913543892601,0.38407539203952323,1.7303566186202008,0
Bear_public_Valorie,2016-08-29 00:00:00,0,normal,234.25,234.25,233.74127,0.0,0.0,0.5856830680866003,1.912787911010338,9.266774160582878,0.5758662530260884,1.7303566186202008,0
Bear_public_Valorie,2016-08-29 01:00:00,0,normal,232.0,232.0,217.91377,0.0,0.0,0.6803359222056418,1.7294732927570236,9.336381930863745,0.607377316862873,1.7303566186202008,0
Bear_public_Valorie,2016-08-29 02:00:00,1,spike,127.75,430.3382376035706,187.3189,10.0,10.0,1.0253625639618364,1.8292171233840209,8.02255140179859,3.8182356147010585,1.7303566186202008,1
Bear_public_Valorie,2016-08-29 03:00:00,0,normal,40.75,40.75,239.10663,10.0,8.562574854815873,0.0,0.0,2.2387384453838495,2.9999999999999996,1.7303566186202008,1
Bear_public_Valorie,2016-08-29 04:00:00,0,normal,45.75,45.75,125.42346,5.401075611790826,10.0,0.0,0.0,0.21800292590728113,1.6203226835372473,1.7303566186202008,0
Bear_public_Valorie,2016-08-29 05:00:00,0,normal,58.0,58.0,114.48532,3.46471762494207,4.1212404241426,0.0,0.0,0.0,1.0394152874826208,1.7303566186202008,0
Bear_public_Valorie,2016-08-29 06:00:00,0,normal,146.5,146.5,130.13187,0.10040535286371476,7.6578204062371675,0.42401579315893445,0.0,0.0,0.2739306869255017,1.7303566186202008,0
Bear_public_Valorie,2016-08-29 07:00:00,0,normal,165.0,165.0,175.36787,0.0,0.0,0.0,0.0,0.0,0.0,1.7303566186202008,0
Bear_public_Valorie,2016-08-29 08:00:00,0,normal,187.0,187.0,205.05708,0.013519366406985887,0.0,0.0,0.0,0.0,0.004055809922095766,1.7303566186202008,0
Bear_public_Valorie,2016-08-29 09:00:00,0,normal,245.5,245.5,239.55315,0.0,0.0,0.0,0.0,0.0,0.0,1.7303566186202008,0
Bear_public_Valorie,2016-08-29 10:00:00,0,normal,254.75,254.75,279.92334,0.8060492178825253,1.3218319225817925,0.0,0.0,0.0,0.24181476536475752,1.7303566186202008,0
Bear_public_Valorie,2016-08-29 11:00:00,0,normal,270.5,270.5,297.5374,1.1263248546160716,0.11872819531811592,0.0,0.0,0.0,0.3378974563848214,1.7303566186202008,0
Bear_public_Valorie,2016-08-29 12:00:00,0,normal,291.0,291.0,310.4088,0.4622737178411471,0.9701486955096906,0.02225525829515749,0.0,0.0,0.15147888887205965,1.7303566186202008,0
Bear_public_Valorie,2016-08-29 13:00:00,0,normal,292.25,292.25,316.31467,0.875136649117356,0.34803691749700927,0.0,0.0,0.0,0.26254099473520676,1.7303566186202008,0
Bear_public_Valorie,2016-08-29 14:00:00,0,normal,290.75,290.75,311.7443,0.6028678846351462,0.0,0.058425403787012484,0.0015837219043954073,0.0,0.21465293780612543,1.7303566186202008,0
Bear_public_Valorie,2016-08-29 15:00:00,0,normal,288.5,288.5,307.66125,0.4403211861099108,0.0,1.4009136762990986,0.9967607954160647,0.0,1.062216819131963,1.7303566186202008,0
Bear_public_Valorie,2016-08-29 16:00:00,0,normal,285.0,285.0,304.91238,0.5069283931489788,0.0,1.1694264634384488,1.5385876279150539,0.0,1.0168221879111834,1.7303566186202008,0
Bear_public_Valorie,2016-08-29 17:00:00,0,normal,281.75,281.75,304.27005,0.7381660572725836,0.0,0.9874445775786225,2.813247882188014,0.012790592218069182,1.1408864345629848,1.7303566186202008,0
Bear_public_Valorie,2016-08-29 18:00:00,0,normal,278.5,278.5,306.61234,0.7460179809602625,0.0,0.9107120609520252,4.1442432882684646,1.2531841214514536,1.2654952403690514,1.7303566186202008,0
Bear_public_Valorie,2016-08-29 19:00:00,0,normal,279.25,279.25,300.08545,0.2565570277169215,0.5377453934328775,0.9308488572225162,3.6508717750673103,2.2332466162324867,1.0685641731014373,1.7303566186202008,0
Bear_public_Valorie,2016-08-29 20:00:00,0,normal,279.75,279.75,292.76492,0.0,0.0,1.2078248024562444,3.781527978065245,4.043339397708572,1.1671902586704965,1.7303566186202008,0
Bear_public_Valorie,2016-08-29 21:00:00,0,normal,271.5,271.5,288.60382,0.005558674019949622,0.0,1.4438227970760882,4.22018216944028,8.904653773100469,1.3593884817047714,1.7303566186202008,0
Bear_public_Valorie,2016-08-29 22:00:00,0,normal,268.25,268.25,292.87476,0.5114349581855717,0.5784008481205342,0.7353213164432613,3.9871076878336775,10.0,1.0746287053897574,1.7303566186202008,0
Bear_public_Valorie,2016-08-29 23:00:00,0,normal,267.75,267.75,285.9066,0.1491783434688373,0.22270147226389983,0.5794554141066323,3.6680589494393794,10.0,0.8364477348318882,1.7303566186202008,0
Bear_public_Valorie,2016-08-30 00:00:00,1,persistent_shift,267.25,60.91177097884466,282.01422,10.0,10.0,1.1460738432399873,3.5705858081818924,10.0,4.105315685885729,1.7303566186202008,1
Bear_public_Valorie,2016-08-30 01:00:00,1,persistent_shift,265.75,59.41177097884466,199.2885,10.0,10.0,0.0,0.0,0.8811907647542503,2.999999999999999,1.7303566186202008,1
Bear_public_Valorie,2016-08-30 02:00:00,1,persistent_shift,147.0,0.01,163.82231,10.0,4.275825413723417,0.0,0.0,0.08463173631107108,2.999999999999999,1.7303566186202008,1
Bear_public_Valorie,2016-08-30 03:00:00,1,persistent_shift,64.0,0.01,51.219574,3.0241590207036033,10.0,0.0,0.0,0.0,0.9072477062110808,1.7303566186202008,0
Bear_public_Valorie,2016-08-30 04:00:00,1,persistent_shift,68.75,0.01,47.555664,2.7181991224329733,0.08327275070021643,0.0,0.0,0.0,0.8154597367298918,1.7303566186202008,0
Bear_public_Valorie,2016-08-30 05:00:00,1,persistent_shift,84.5,0.01,57.80168,3.5738070750665023,1.4445728471836983,1.6039571270742827,0.0,0.0,1.994417470587663,1.7303566186202008,1
Bear_public_Valorie,2016-08-30 06:00:00,1,persistent_shift,155.0,0.01,79.47817,5.1572039922642405,3.2470702449580693,1.6039571270742827,0.700778582568634,0.0,2.557033868568064,1.7303566186202008,1
Bear_public_Valorie,2016-08-30 07:00:00,1,persistent_shift,171.75,0.01,117.941574,8.239637564275812,6.959698219591159,1.6039571270742827,1.2367691869563202,0.0,3.5487627657199954,1.7303566186202008,1
Bear_public_Valorie,2016-08-30 08:00:00,1,persistent_shift,199.25,0.01,124.01514,8.726369170285073,0.5309856848819295,1.6039571270742827,6.590377803524825,0.0,4.363983324593837,1.7303566186202008,1
Bear_public_Valorie,2016-08-30 09:00:00,1,persistent_shift,266.0,59.66177097884466,134.56915,5.663438641377121,6.911395502519865,1.6039571270742827,6.590377803524825,0.0,3.4451041659214514,1.7303566186202008,1
Bear_public_Valorie,2016-08-30 10:00:00,1,persistent_shift,280.0,73.66177097884466,160.70956,6.814106396952484,2.1753403538178993,0.0,1.4241039550380494,0.37765366671047823,2.222244913465501,1.7303566186202008,1
Bear_public_Valorie,2016-08-30 11:00:00,1,persistent_shift,290.75,84.41177097884466,180.60338,7.680756768682174,1.4719213405726863,0.0,0.787074867504503,1.382971676054011,2.4026113890427148,1.7303566186202008,1
Bear_public_Valorie,2016-08-30 12:00:00,0,normal,281.0,281.0,207.23598,5.282281942769639,5.265754068120353,0.3347124703389443,0.5204855624532553,5.417506709939329,1.8422049485824417,1.7303566186202008,1
Bear_public_Valorie,2016-08-30 13:00:00,0,normal,281.25,281.25,271.9839,0.0,10.0,0.0,0.0,1.119965629693574,1.2434116288746178e-16,1.7303566186202008,0
Bear_public_Valorie,2016-08-30 14:00:00,0,normal,279.5,279.5,286.36044,0.0,0.0,0.0,0.0,0.16471815146015426,1.828738843247571e-17,1.7303566186202008,0
Bear_public_Valorie,2016-08-30 15:00:00,0,normal,278.0,278.0,298.2466,0.5365664759301055,0.6544105068075166,1.4391722678890704,0.0,0.0,0.9884939968152471,1.7303566186202008,0
Bear_public_Valorie,2016-08-30 16:00:00,0,normal,276.25,276.25,297.24173,0.6026405655195861,0.0,1.3310652477979654,0.0,0.0,0.946154687139706,1.7303566186202008,0
Bear_public_Valorie,2016-08-30 17:00:00,0,normal,274.25,274.25,285.82727,0.0,0.8180546129209748,1.3303487529960512,0.0,0.0,0.7649505329727293,1.7303566186202008,0
Bear_public_Valorie,2016-08-30 18:00:00,0,normal,278.0,278.0,277.40118,0.0,0.0,1.2921840856208069,5.2297822762693205,0.0,1.3967286337656288,1.7303566186202008,0
Bear_public_Valorie,2016-08-30 19:00:00,0,normal,275.25,275.25,261.66263,0.0,0.0,1.2921383674834943,5.362476883686774,0.0,1.4132891717638558,1.7303566186202008,0
Bear_public_Valorie,2016-08-30 20:00:00,0,normal,279.5,279.5,258.20737,0.28730831851930894,0.037078832403765506,1.2820969802851765,5.570866689046469,0.0,1.5197565953505778,1.7303566186202008,0
Bear_public_Valorie,2016-08-30 21:00:00,0,normal,271.75,271.75,258.71796,0.0,0.037078832403765506,1.2510065614888308,5.570792199696941,0.5487785466670845,1.4156777978181951,1.7303566186202008,0
Bear_public_Valorie,2016-08-30 22:00:00,0,normal,272.25,272.25,261.6247,0.0,0.0,1.0251869614560514,5.231995816389734,1.2459074930935508,1.2434819798859464,1.7303566186202008,0
Bear_public_Valorie,2016-08-30 23:00:00,0,normal,268.75,268.75,251.68564,0.0029045508634522577,0.0,0.972660612469128,5.095396206550695,2.7251262243288554,1.1970757432476213,1.7303566186202008,0
Bear_public_Valorie,2016-08-31 00:00:00,0,normal,268.0,268.0,201.89276,2.5990144219344122,5.755232023890667,1.2897460464113726,4.728304094774889,10.0,2.112346315113725,1.7303566186202008,1
Bear_public_Valorie,2016-08-31 01:00:00,0,normal,265.25,265.25,203.94774,3.8669629316902827,2.465806772673211,1.236750445984713,4.664957518597631,10.0,2.4543400757729996,1.7303566186202008,1
Bear_public_Valorie,2016-08-31 02:00:00,0,normal,140.25,140.25,166.01991,0.8997846893756423,6.6742481207665065,1.2979405674212197,4.445930775180111,10.0,1.5719925799774088,1.7303566186202008,0
Bear_public_Valorie,2016-08-31 03:00:00,0,normal,58.5,58.5,102.62403,2.432470895383806,3.1214762480592184,0.0,0.06006968459460503,4.530447326966912,0.7372499791894679,1.7303566186202008,0
Bear_public_Valorie,2016-08-31 04:00:00,0,normal,63.0,63.0,84.51144,0.5441747006658767,4.002206941270184,0.0,0.0,1.41662647200823,0.16325241019976314,1.7303566186202008,0
Bear_public_Valorie,2016-08-31 05:00:00,0,normal,80.75,80.75,91.09609,0.0,0.6732536137459707,0.0,0.0,0.5160278048355713,5.72905950275228e-17,1.7303566186202008,0
Bear_public_Valorie,2016-08-31 06:00:00,0,normal,163.0,163.0,110.04496,3.032457730554641,6.835924256857826,0.26912718216790965,0.0,0.1019324325751455,1.06448544891294,1.7303566186202008,0
Bear_public_Valorie,2016-08-31 07:00:00,0,normal,190.25,190.25,150.14229,2.00288068162559,1.8754379174635207,0.0,0.0,0.0,0.6008642044876769,1.7303566186202008,0
Bear_public_Valorie,2016-08-31 08:00:00,0,normal,203.0,203.0,199.60762,0.0,4.28599557991771,0.0,0.0,0.0,0.0,1.7303566186202008,0
Bear_public_Valorie,2016-08-31 09:00:00,0,normal,256.25,256.25,211.51866,2.3734153074600983,5.203689762395353,0.0,0.0,0.0,0.7120245922380294,1.7303566186202008,0
Bear_public_Valorie,2016-08-31 10:00:00,0,normal,267.75,267.75,255.30019,0.0,5.203689762395353,0.0,0.0,0.0,0.0,1.7303566186202008,0
Bear_public_Valorie,2016-08-31 11:00:00,0,normal,278.75,278.75,282.76657,0.0,0.0,0.0,0.0,0.0,0.0,1.7303566186202008,0
Bear_public_Valorie,2016-08-31 12:00:00,0,normal,288.75,288.75,304.61212,0.14776689674390564,0.0,0.0,0.0,0.0,0.04433006902317168,1.7303566186202008,0
Bear_public_Valorie,2016-08-31 13:00:00,0,normal,287.5,287.5,305.7165,0.3565432673062109,0.0,0.047302899325358784,0.0,0.0,0.13416214730394455,1.7303566186202008,0
Bear_public_Valorie,2016-08-31 14:00:00,0,normal,287.75,287.75,306.557,0.40890784928345725,0.0,0.5148199719593995,0.03982230680831726,0.0,0.42367162701273153,1.7303566186202008,0
Bear_public_Valorie,2016-08-31 15:00:00,0,normal,286.0,286.0,304.74698,0.40358479332742403,0.0,1.4066840575607302,1.4985162396041758,0.0,1.117233301046169,1.7303566186202008,0
Bear_public_Valorie,2016-08-31 16:00:00,0,normal,283.25,283.25,299.23962,0.15907331656307544,0.0,1.3305085973576964,2.47113099700039,0.0,1.1216558130746468,1.7303566186202008,0
Bear_public_Valorie,2016-08-31 17:00:00,0,normal,283.25,283.25,294.01172,0.0,0.0,1.0263924579276578,4.000164348268939,0.0,1.0901962068420206,1.7303566186202008,0
Bear_public_Valorie,2016-08-31 18:00:00,0,normal,279.75,279.75,287.7734,0.0,0.0,1.175005178353374,4.745511218193464,1.321393297204844,1.2688168798273731,1.7303566186202008,0
Bear_public_Valorie,2016-08-31 19:00:00,0,normal,274.8,274.8,280.96707,0.0,0.0,1.0795615532588496,4.341337944722194,2.5566107043288504,1.163415136214113,1.7303566186202008,0
Bear_public_Valorie,2016-08-31 20:00:00,0,normal,278.75,278.75,265.52658,0.0,0.0,0.6858798186855221,3.61519736944396,4.412488835337365,0.8462805669246707,1.7303566186202008,0
Bear_public_Valorie,2016-08-31 21:00:00,0,normal,272.25,272.25,261.74008,0.0,0.0,0.959129061116087,3.888788040746611,10.0,1.0375977152350775,1.7303566186202008,0
Bear_public_Valorie,2016-08-31 22:00:00,0,normal,268.5,268.5,261.04453,0.0,0.0,0.8401168671876895,3.691988230092341,10.0,0.9445657273944652,1.7303566186202008,0
Bear_public_Valorie,2016-08-31 23:00:00,0,normal,265.25,265.25,252.8457,0.0,0.0,0.5556136738941114,3.3223302263360597,10.0,0.7347691407811225,1.7303566186202008,0
Bear_public_Valorie,2016-09-01 00:00:00,0,normal,263.75,263.75,251.46432,0.0,0.0,0.8006075048825978,3.2128217867768876,10.0,0.8619520386546058,1.7303566186202008,0
Bear_public_Valorie,2016-09-01 01:00:00,0,normal,266.75,266.75,253.08873,0.0,0.0,0.994544504593145,3.184956243170384,10.0,0.9699826205373574,1.7303566186202008,0
Bear_public_Valorie,2016-09-01 02:00:00,0,normal,138.25,138.25,205.75465,4.3849023591761265,10.0,1.1945378511543359,3.275313436342602,10.0,2.4117441517094074,1.7303566186202008,1
Bear_public_Valorie,2016-09-01 03:00:00,0,normal,49.25,49.25,90.46603,2.1896339091831942,4.762477731654373,0.0,0.0,1.7637218239658439,0.6568901727549583,1.7303566186202008,0
Bear_public_Valorie,2016-09-01 04:00:00,0,normal,47.75,47.75,83.57278,1.7392630999829224,0.44093177527304694,0.0,0.0,0.0,0.5217789299948766,1.7303566186202008,0
Bear_public_Valorie,2016-09-01 05:00:00,0,normal,61.75,61.75,99.60737,1.9091645104373973,0.0,0.0,0.0,0.0,0.5727493531312191,1.7303566186202008,0
Bear_public_Valorie,2016-09-01 06:00:00,0,normal,148.5,148.5,130.58998,0.22397110694092326,3.499187150530987,0.319697769402415,0.0,0.0,0.25101754948866556,1.7303566186202008,0
Bear_public_Valorie,2016-09-01 07:00:00,0,normal,172.5,172.5,163.31352,0.0,0.0,0.0,0.0,0.0,0.0,1.7303566186202008,0
Bear_public_Valorie,2016-09-01 08:00:00,0,normal,186.4,186.4,195.60101,0.0,0.0,0.0,0.0,0.0,0.0,1.7303566186202008,0
Bear_public_Valorie,2016-09-01 09:00:00,0,normal,247.75,247.75,244.23984,0.0,0.0,0.0,0.0,0.0,0.0,1.7303566186202008,0
Bear_public_Valorie,2016-09-01 10:00:00,0,normal,252.75,252.75,283.96664,1.2903559518956746,2.5213027448771332,0.0,0.0,0.0,0.3871067855687023,1.7303566186202008,0
Bear_public_Valorie,2016-09-01 11:00:00,0,normal,260.2,260.2,291.2655,1.2782435756496409,0.0,0.0,0.0,0.0,0.38347307269489217,1.7303566186202008,0
Bear_public_Valorie,2016-09-01 12:00:00,0,normal,270.25,270.25,302.6024,1.6429169775967294,0.2286870709824734,0.4682229828059093,0.0,0.0,0.7621033083924165,1.7303566186202008,0
Bear_public_Valorie,2016-09-01 13:00:00,0,normal,275.5,275.5,301.22318,1.059032850937168,0.7716009925958128,0.22466798644273628,0.0,0.0,0.44689394748572375,1.7303566186202008,0
Bear_public_Valorie,2016-09-01 14:00:00,0,normal,288.5,288.5,300.9144,0.0,1.9483903927745199,0.30878276125662407,0.11533501272356453,0.0,0.19196696431300442,1.7303566186202008,0
Bear_public_Valorie,2016-09-01 15:00:00,0,normal,295.25,295.25,297.213,0.0,0.0,0.1730071502162602,1.3465685233626994,0.0,0.26780017679468704,1.7303566186202008,0
Bear_public_Valorie,2016-09-01 16:00:00,0,normal,291.75,291.75,289.53003,0.0,0.0,0.12821719277702967,1.231024988126033,0.0,0.22760300936254618,1.7303566186202008,0
Bear_public_Valorie,2016-09-01 17:00:00,0,normal,291.5,291.5,281.42438,0.0,0.0,0.8543894574285777,1.5493003282873183,0.0,0.6849364790573469,1.7303566186202008,0
Bear_public_Valorie,2016-09-01 18:00:00,0,normal,285.75,285.75,267.02,0.11494015943392877,0.0,1.0889807913004685,2.1723048489021672,1.035851098930557,0.9321841089407189,1.7303566186202008,0
Bear_public_Valorie,2016-09-01 19:00:00,0,normal,283.25,283.25,261.79102,0.39503727655635723,0.019219023605363175,0.8544740800708216,2.94714905220893,1.9646339088853997,0.978227410533746,1.7303566186202008,0
Bear_public_Valorie,2016-09-01 20:00:00,0,normal,268.75,268.75,257.6538,0.0,0.3038885478313651,0.7278317928872116,3.841672522387584,3.421063633270971,0.898712346208595,1.7303566186202008,0
Bear_public_Valorie,2016-09-01 21:00:00,0,normal,249.0,249.0,248.60037,0.0,0.0,0.19919730724113507,2.2982269731439464,7.474299282960272,0.4018168233066468,1.7303566186202008,0
Bear_public_Valorie,2016-09-01 22:00:00,0,normal,246.0,246.0,227.85767,0.1481173237969691,0.0,0.0,1.1933228572168217,7.524908848617931,0.19360055429119427,1.7303566186202008,0
Bear_public_Valorie,2016-09-01 23:00:00,0,normal,246.25,246.25,221.14655,0.6663629537594458,0.6090357089065205,0.0,0.9012934713765048,7.057510897603835,0.3125705700498976,1.7303566186202008,0
Bear_public_Valorie,2016-09-02 00:00:00,0,normal,238.75,238.75,206.94492,1.4037600886539052,1.1518029623159887,1.1750813777759292,0.9789008036410316,6.414079457138083,1.2191624192724604,1.7303566186202008,0
Bear_public_Valorie,2016-09-02 01:00:00,0,normal,235.75,235.75,195.01212,2.1497060137640283,1.1729755451224333,0.7101036276441247,1.1302294923145666,5.478878376184874,1.1945000765639013,1.7303566186202008,0
Bear_public_Valorie,2016-09-02 02:00:00,0,normal,116.25,116.25,126.61017,0.0,4.649634343340515,0.5525099054974023,1.8508476646724548,4.779204031229304,0.5490491537450637,1.7303566186202008,0
Bear_public_Valorie,2016-09-02 03:00:00,0,normal,41.75,41.75,58.68792,0.16225680900987405,0.0,0.0,0.0,1.1583715610052612,0.04867704270296234,1.7303566186202008,0
Bear_public_Valorie,2016-09-02 04:00:00,0,normal,48.75,48.75,49.643906,0.0,0.0,0.0,0.0,0.0,0.0,1.7303566186202008,0
Bear_public_Valorie,2016-09-02 05:00:00,0,normal,68.25,68.25,63.97483,0.0,0.0,0.0,0.0,0.0,0.0,1.7303566186202008,0
Bear_public_Valorie,2016-09-02 06:00:00,0,normal,146.75,146.75,114.862495,1.3441182866133017,2.654454624261322,0.0,0.0,0.0,0.4032354859839904,1.7303566186202008,0
Bear_public_Valorie,2016-09-02 07:00:00,0,normal,160.75,160.75,171.69855,0.0,2.654454624261322,0.0,0.0,0.0,0.0,1.7303566186202008,0
Bear_public_Valorie,2016-09-02 08:00:00,0,normal,194.5,194.5,208.18764,0.0,0.0,0.0,0.0,0.0,0.0,1.7303566186202008,0
Bear_public_Valorie,2016-09-02 09:00:00,0,normal,261.0,261.0,238.49988,0.5918191751478687,0.7912535360497408,0.0,0.0,0.0,0.17754575254436059,1.7303566186202008,0
Bear_public_Valorie,2016-09-02 10:00:00,0,normal,268.0,268.0,281.25543,0.0,0.7912535360497408,0.0,0.0,0.0,0.0,1.7303566186202008,0
Bear_public_Valorie,2016-09-02 11:00:00,0,normal,283.5,283.5,296.2381,0.0,0.0,0.0,0.0,0.0,0.0,1.7303566186202008,0
Bear_public_Valorie,2016-09-02 12:00:00,0,normal,283.25,283.25,310.2708,1.137276182057404,2.1421737662581686,0.04201705033246935,0.0,0.0,0.36534265855839104,1.7303566186202008,0
Bear_public_Valorie,2016-09-02 13:00:00,0,normal,285.75,285.75,308.9767,0.8008303601286619,0.15877650348849717,0.23245160453597152,0.0,0.0,0.3739087806467821,1.7303566186202008,0
Bear_public_Valorie,2016-09-02 14:00:00,0,normal,287.0,287.0,302.42676,0.10916053361794195,1.0385512391076395,1.2495198919108916,0.05396809649708497,0.0,0.757968109996281,1.7303566186202008,0
Bear_public_Valorie,2016-09-02 15:00:00,0,normal,288.75,288.75,297.13422,0.0,0.0,1.1345019734889346,2.068170469221705,0.0,0.9108599434088505,1.7303566186202008,0
Bear_public_Valorie,2016-09-02 16:00:00,0,normal,287.5,287.5,286.4057,0.0,0.0,1.219333974362691,2.8136986797781667,0.0,1.052829370230818,1.7303566186202008,0
Bear_public_Valorie,2016-09-02 17:00:00,0,normal,280.5,280.5,270.53903,0.0,0.0,1.36045360089297,4.93172410850347,0.0,1.3987263340763914,1.7303566186202008,0
Bear_public_Valorie,2016-09-02 18:00:00,0,normal,276.0,276.0,266.4566,0.0,0.0,0.6994284469539944,4.459097990557364,0.9210093028828726,0.9595586058182174,1.7303566186202008,0
Bear_public_Valorie,2016-09-02 19:00:00,0,normal,276.5,276.5,261.554,0.0,0.0,0.5249593819309945,3.6136470621805743,1.9170861534842016,0.7535575273828938,1.7303566186202008,0
Bear_public_Valorie,2016-09-02 20:00:00,0,normal,274.25,274.25,244.91579,0.8282044542792258,1.3767032628968265,1.0178106034480983,3.315488315246609,4.306255341913116,1.2481384726722509,1.7303566186202008,0
Bear_public_Valorie,2016-09-02 21:00:00,0,normal,266.75,266.75,240.97827,0.7161150068099158,0.0,1.2904346629955519,3.1752292145870507,10.0,1.3537380850887994,1.7303566186202008,0
Bear_public_Valorie,2016-09-02 22:00:00,0,normal,128.5,128.5,226.91707,6.1244583049921,10.0,0.6112670867976859,2.9769173648423464,10.0,2.560930737011593,1.7303566186202008,1
Bear_public_Valorie,2016-09-02 23:00:00,0,normal,58.5,58.5,143.08661,5.094800057193793,1.8756390207471147,0.0,0.0,1.7275084830815868,1.5284400171581378,1.7303566186202008,0
Bear_public_Valorie,2016-09-03 00:00:00,1,contextual_after_hours,57.5,259.6367612798569,80.30888,10.0,10.0,0.0,0.0,0.06022612758525032,2.999999999999999,1.7303566186202008,1
Bear_public_Valorie,2016-09-03 01:00:00,1,contextual_after_hours,58.0,260.1367612798569,100.429344,10.0,3.3833789437050408,0.0,0.0,0.10186128380219811,2.999999999999999,1.7303566186202008,1
Bear_public_Valorie,2016-09-03 02:00:00,1,contextual_after_hours,57.75,259.8867612798569,80.286224,10.0,3.439769868847468,0.0,0.0,0.15310522437117646,2.999999999999999,1.7303566186202008,1
Bear_public_Valorie,2016-09-03 03:00:00,1,contextual_after_hours,57.25,259.3867612798569,91.660866,10.0,2.608882141676652,1.5371997810073428,0.0,0.12742752760841064,3.8838898740792214,1.7303566186202008,1
Bear_public_Valorie,2016-09-03 04:00:00,1,contextual_after_hours,64.5,266.6367612798569,134.17374,9.809341548864708,5.791035075375989,1.4932798588702354,0.0,0.0,3.801438383509797,1.7303566186202008,1
Bear_public_Valorie,2016-09-03 05:00:00,1,contextual_after_hours,76.0,278.1367612798569,179.09918,6.736288785333341,6.936464997190332,0.6691150699450189,0.0,0.0,2.4056278008183876,1.7303566186202008,1
Bear_public_Valorie,2016-09-03 06:00:00,0,normal,141.0,141.0,228.97806,5.548754085916825,2.266647825589422,0.0,2.225770132465161,0.0,1.9428474923331924,1.7303566186202008,1
Bear_public_Valorie,2016-09-03 07:00:00,0,normal,154.5,154.5,184.45918,0.9557389971531889,10.0,0.0,0.0,0.0,0.2867216991459566,1.7303566186202008,0
Bear_public_Valorie,2016-09-03 08:00:00,0,normal,193.0,193.0,161.73624,1.0590150219653827,0.0,0.0,0.0,0.0,0.31770450658961474,1.7303566186202008,0
Bear_public_Valorie,2016-09-03 09:00:00,1,spike,258.75,0.01,186.79594,10.0,10.0,0.0,0.0,0.0,2.999999999999999,1.7303566186202008,1
Bear_public_Valorie,2016-09-03 10:00:00,0,normal,264.5,264.5,158.3998,7.2914788147734075,10.0,0.0,0.0,0.0,2.187443644432022,1.7303566186202008,1
Bear_public_Valorie,2016-09-03 11:00:00,0,normal,277.0,277.0,201.33138,4.85271057793348,5.365547788388658,0.0,0.0,0.0,1.4558131733800437,1.7303566186202008,0
Bear_public_Valorie,2016-09-03 12:00:00,0,normal,282.25,282.25,231.85805,3.209737793169327,3.394620361114218,0.0,0.0,0.0,0.9629213379507979,1.7303566186202008,0
Bear_public_Valorie,2016-09-03 13:00:00,0,normal,283.75,283.75,252.37222,1.5570758560505067,3.4186172513616357,0.19031756890260723,0.0,0.0,0.5765553589341511,1.7303566186202008,0
Bear_public_Valorie,2016-09-03 14:00:00,0,normal,285.5,285.5,252.78644,1.6420869893977421,0.0,0.8189487670890692,0.0,0.0,0.9635216378955372,1.7303566186202008,0
Bear_public_Valorie,2016-09-03 15:00:00,0,normal,285.0,285.0,260.98892,0.9082356753050855,1.143021113346829,1.1812688034778078,0.0,0.0,0.9517002645912651,1.7303566186202008,0
Bear_public_Valorie,2016-09-03 16:00:00,0,normal,288.5,288.5,258.76404,1.3780450119548517,0.48907470797780417,1.3530245832595194,2.602459412201011,0.0,1.5167100654858054,1.7303566186202008,0
Bear_public_Valorie,2016-09-03 17:00:00,0,normal,274.0,274.0,244.58165,1.349880444154945,0.0,1.1231731598427686,4.020872332193647,0.0,1.553397741680281,1.7303566186202008,0
Bear_public_Valorie,2016-09-03 18:00:00,0,normal,270.5,270.5,233.82516,1.3219524424895774,0.0,0.3210980254050777,3.5660700444130478,0.0,1.0269758529064237,1.7303566186202008,0
Bear_public_Valorie,2016-09-03 19:00:00,0,normal,271.0,271.0,227.63759,2.025716592657984,1.0685049591861993,0.15324235984888085,2.820906057648829,0.0,1.0484425919166052,1.7303566186202008,0
Bear_public_Valorie,2016-09-03 20:00:00,0,normal,263.25,263.25,228.20773,1.4062935354204114,0.8596194059072965,1.1211063993228474,2.5715532636076106,0.0,1.3879683981877118,1.7303566186202008,0
Bear_public_Valorie,2016-09-03 21:00:00,0,normal,259.25,259.25,201.63524,3.0867839763315414,3.4875394363794148,0.6925235291914124,2.2327313810904688,0.0,1.603327644820833,1.7303566186202008,0
Bear_public_Valorie,2016-09-03 22:00:00,0,normal,124.5,124.5,117.25942,0.0,6.970472761179198,0.4812423789529999,2.1100800698635678,10.0,0.540474376630922,1.7303566186202008,0
Bear_public_Valorie,2016-09-03 23:00:00,0,normal,57.0,57.0,67.276344,0.0,0.0,0.0,0.0,1.4436007601207923,1.602718802252481e-16,1.7303566186202008,0
Bear_public_Valorie,2016-09-04 00:00:00,0,normal,58.25,58.25,78.058685,0.4019840944311627,0.32109356432903496,0.0,0.0,0.0,0.12059522832934877,1.7303566186202008,0
Bear_public_Valorie,2016-09-04 01:00:00,0,normal,57.0,57.0,65.407555,0.0,0.32109356432903496,0.0,0.0,0.0,0.0,1.7303566186202008,0
Bear_public_Valorie,2016-09-04 02:00:00,0,normal,57.5,57.5,58.84172,0.0,0.0,1.4265651658257505,0.0,0.0,0.8202749703498065,1.7303566186202008,0
Bear_public_Valorie,2016-09-04 03:00:00,0,normal,56.75,56.75,61.971977,0.0,0.0,1.4554818528010267,0.0,0.0,0.8369020653605903,1.7303566186202008,0
Bear_public_Valorie,2016-09-04 04:00:00,0,normal,65.25,65.25,71.031906,0.0,0.0,1.5154592718815836,0.7150889692862272,0.0,0.9607752024926889,1.7303566186202008,0
Bear_public_Valorie,2016-09-04 05:00:00,0,normal,74.0,74.0,82.984375,0.0,0.0,0.8081962174077361,4.712047292658408,0.0,1.0537187365917493,1.7303566186202008,0
Bear_public_Valorie,2016-09-04 06:00:00,0,normal,77.25,77.25,90.643135,0.0,0.0,0.42330612105518894,3.451058754931453,0.0,0.6747833639731653,1.7303566186202008,0
Bear_public_Valorie,2016-09-04 07:00:00,0,normal,78.75,78.75,107.9862,0.8985045565337642,1.5508138327829106,0.6555856980528788,2.9331875335836886,0.003814842148032886,1.0131615850384956,1.7303566186202008,0
Bear_public_Valorie,2016-09-04 08:00:00,0,normal,79.0,79.0,116.59019,1.5598409893484069,0.9634252536022343,1.1468018603275942,2.827346519102974,0.5980759431740952,1.4807816813807604,1.7303566186202008,0
Bear_public_Valorie,2016-09-04 09:00:00,0,normal,79.5,79.5,118.35737,1.660156330899028,0.0,1.4095100320980987,3.035271066933062,1.7919973317687299,1.6879240510927478,1.7303566186202008,0
Bear_public_Valorie,2016-09-04 10:00:00,0,normal,174.0,174.0,148.52026,0.8306036453570211,1.3800423947895666,1.518984726983207,3.9156593986247765,8.085167789990027,1.6120547364505482,1.7303566186202008,0
Bear_public_Valorie,2016-09-04 11:00:00,0,normal,178.0,178.0,198.2669,0.4128506598362483,0.360147997054364,0.0,0.20014097496994074,4.472110661771721,0.14887281982211756,1.7303566186202008,0
Bear_public_Valorie,2016-09-04 12:00:00,0,normal,254.5,254.5,223.92506,1.452441957971775,1.900239967252975,0.0,0.0,2.7784858735131124,0.43573258739153276,1.7303566186202008,0
Bear_public_Valorie,2016-09-04 13:00:00,0,normal,284.75,284.75,271.60956,0.0,2.92273725184682,0.0,0.0,0.9872731632910576,1.0960933974802441e-16,1.7303566186202008,0
Bear_public_Valorie,2016-09-04 14:00:00,0,normal,290.0,290.0,283.61316,0.0,0.0,0.0,0.0,0.1649916103056761,1.8317748463134288e-17,1.7303566186202008,0
Bear_public_Valorie,2016-09-04 15:00:00,0,normal,286.5,286.5,291.9942,0.0,0.0,0.0,0.0,0.0,0.0,1.7303566186202008,0
Bear_public_Valorie,2016-09-04 16:00:00,0,normal,287.5,287.5,293.89386,0.0,0.0,1.077034847606048,0.0,0.0,0.6192950373734776,1.7303566186202008,0
Bear_public_Valorie,2016-09-04 17:00:00,0,normal,285.0,285.0,289.3388,0.0,0.0,1.2259468324454883,0.006836480736553212,0.0,0.705773988748225,1.7303566186202008,0
Bear_public_Valorie,2016-09-04 18:00:00,0,normal,282.5,282.5,281.0197,0.0,0.0,1.3305944277889992,2.062674019967637,0.0,1.0229260484746292,1.7303566186202008,0
Bear_public_Valorie,2016-09-04 19:00:00,0,normal,282.5,282.5,279.22455,0.0,0.0,1.1096490863450077,5.012719701602687,0.0,1.2646381873487154,1.7303566186202008,0
Bear_public_Valorie,2016-09-04 20:00:00,0,normal,275.25,275.25,274.86166,0.0,0.0,1.2977631324805494,4.84569232512918,0.17882654901428693,1.3519253418174633,1.7303566186202008,0
Bear_public_Valorie,2016-09-04 21:00:00,0,normal,264.5,264.5,258.02148,0.0,0.0,0.867906951392778,4.240132426050289,0.886559597948787,1.0290630503071334,1.7303566186202008,0
Bear_public_Valorie,2016-09-04 22:00:00,0,normal,256.5,256.5,224.67381,1.9702056379140744,4.205070086224029,0.3775632411830745,3.029404472438985,3.0246418735747707,1.1868361141093635,1.7303566186202008,0
Bear_public_Valorie,2016-09-04 23:00:00,0,normal,251.0,251.0,194.01016,3.040259286115951,1.9756853358943725,0.35858577151930665,2.4176561614563132,4.70727466347712,1.420471624640426,1.7303566186202008,0
Bear_public_Valorie,2016-09-05 00:00:00,0,normal,243.5,243.5,215.45462,0.8620351136234637,4.720264580126455,0.5705047558923577,2.0648124687796785,10.0,0.8447523273226056,1.7303566186202008,0
Bear_public_Valorie,2016-09-05 01:00:00,0,normal,243.25,243.25,191.50809,2.822806129757091,4.18170358571873,0.5787172389561374,1.817225352482968,8.982227601827141,1.406757420387278,1.7303566186202008,0
Bear_public_Valorie,2016-09-05 02:00:00,0,normal,242.25,242.25,154.93054,6.329641430694186,8.010803758759732,0.8007175751254386,2.0772263904236814,7.886371909116408,2.6189583337083437,1.7303566186202008,1
Bear_public_Valorie,2016-09-05 03:00:00,0,normal,242.75,242.75,150.05612,6.79441632988369,0.4766060379879899,1.438806856678008,2.668668068868195,7.306577933474191,3.1992223501634864,1.7303566186202008,1
Bear_public_Valorie,2016-09-05 04:00:00,0,normal,243.25,243.25,177.84676,4.434347457981878,5.170634966933071,1.4698380843382772,3.3974234646397665,6.859666770310832,2.6001390689690442,1.7303566186202008,1
Bear_public_Valorie,2016-09-05 05:00:00,0,normal,242.75,242.75,219.26073,0.8096659072483284,8.302670726985571,1.4607053549023463,4.313745272366362,6.73435602662501,1.6220235102891436,1.7303566186202008,0
Bear_public_Valorie,2016-09-05 06:00:00,0,normal,240.75,240.75,232.49242,0.0,1.3307892900163512,1.5126628190955478,6.141055580778469,6.763557288492511,1.637413068577249,1.7303566186202008,0
Bear_public_Valorie,2016-09-05 07:00:00,0,normal,242.25,242.25,233.04892,0.0,0.0,1.1935808666200816,5.641218741778747,6.906605986076795,1.3914613410288907,1.7303566186202008,0
Bear_public_Valorie,2016-09-05 08:00:00,0,normal,243.5,243.5,243.18283,0.0,0.0,1.2276140849639088,5.592434022937426,7.833703918433537,1.4049323517214267,1.7303566186202008,0
Bear_public_Valorie,2016-09-05 09:00:00,0,normal,247.5,247.5,251.38422,0.0,0.0,1.0341319255505255,5.249179267291118,9.313534281064841,1.250773265602943,1.7303566186202008,0
Bear_public_Valorie,2016-09-05 10:00:00,0,normal,259.25,259.25,266.45297,0.0,0.0,0.3607044449177049,3.2231522965045696,9.555061821067877,0.6102990928907526,1.7303566186202008,0
Bear_public_Valorie,2016-09-05 11:00:00,0,normal,262.25,262.25,275.08978,0.0,0.0,0.0,0.700893976673829,7.144745468411749,0.08761174708422942,1.7303566186202008,0
Bear_public_Valorie,2016-09-05 12:00:00,0,normal,263.25,263.25,285.5217,0.7161431648627214,1.0991637666976242,0.0,0.0,3.3593053823313976,0.21484294945881674,1.7303566186202008,0
Bear_public_Valorie,2016-09-05 13:00:00,0,normal,263.5,263.5,289.63373,1.0586129433538072,0.17369589160319868,0.20486571079738614,0.0,2.379279073636177,0.4353816667146394,1.7303566186202008,0
Bear_public_Valorie,2016-09-05 14:00:00,0,normal,263.0,263.0,288.47552,1.0002460542537943,0.0,0.9195308582634257,0.0,1.7116678100076703,0.8288040597776083,1.7303566186202008,0
Bear_public_Valorie,2016-09-05 15:00:00,0,normal,263.0,263.0,285.7758,0.7608438452296545,0.0,1.28150739575723,0.22330550293069898,1.236277647875071,0.993033093995641,1.7303566186202008,0
Bear_public_Valorie,2016-09-05 16:00:00,0,normal,262.2262,262.2262,269.9341,0.0,1.2098728650258554,1.2167510046419057,2.5955216657265274,0.923249709220912,1.0240720358849116,1.7303566186202008,0
Bear_public_Valorie,2016-09-05 17:00:00,0,normal,263.7467,263.7467,256.93817,0.0,0.0,1.0057319307757395,4.498162620668616,0.6618824758795545,1.1405661877796271,1.7303566186202008,0
Bear_public_Valorie,2016-09-05 18:00:00,0,normal,265.5,265.5,249.22523,0.0,0.0,0.6595005882004393,4.351630056945444,0.493439486832168,0.9231665953334331,1.7303566186202008,0
Bear_public_Valorie,2016-09-05 19:00:00,0,normal,266.0,266.0,244.84598,0.2779850181505456,0.013988038957306015,0.06462939680573285,2.784740065792265,0.5819639847031969,0.46864991683249324,1.7303566186202008,0
Bear_public_Valorie,2016-09-05 20:00:00,0,normal,263.25,263.25,244.22,0.2142027182201594,0.0,0.22108483222272068,1.9403691277299882,0.8429952546021068,0.43393073496036083,1.7303566186202008,0
Bear_public_Valorie,2016-09-05 21:00:00,0,normal,259.0,259.0,241.04926,0.133853765981148,0.0,0.015312630575075266,1.8309163348292676,2.1650610102835692,0.27782543422867134,1.7303566186202008,0
Bear_public_Valorie,2016-09-05 22:00:00,0,normal,248.5,248.5,237.97166,0.0,0.0,0.0,0.8033312246938548,7.042307720348289,0.10041640308673262,1.7303566186202008,0
Bear_public_Valorie,2016-09-05 23:00:00,0,normal,249.25,249.25,218.83826,1.832142742650876,3.8631330391431855,0.0,0.0,2.351461817702487,0.5496428227952629,1.7303566186202008,0
Bear_public_Valorie,2016-09-06 00:00:00,0,normal,248.25,248.25,199.15009,3.024450561987007,2.2784692967208553,0.0,0.0,1.2809326073041527,0.907335168596102,1.7303566186202008,0
Bear_public_Valorie,2016-09-06 01:00:00,0,normal,244.5,244.5,185.25702,3.9016135899629596,1.4979577830721034,0.7111229684265898,0.0,0.639155103655153,1.5793797838341768,1.7303566186202008,0
Bear_public_Valorie,2016-09-06 02:00:00,0,normal,125.75,125.75,166.8165,2.3297280907462086,3.2185601933281354,0.0,0.0,0.10653991819558352,0.6989184272238624,1.7303566186202008,0
Bear_public_Valorie,2016-09-06 03:00:00,0,normal,75.75,75.75,106.11888,1.4046080754463708,1.6167316984036746,0.0,0.0,0.0,0.4213824226339111,1.7303566186202008,0
Bear_public_Valorie,2016-09-06 04:00:00,0,normal,85.0,85.0,102.65109,0.3047854384653722,2.0494134733371703,0.0,0.0,0.0,0.09143563153961164,1.7303566186202008,0
Bear_public_Valorie,2016-09-06 05:00:00,0,normal,93.25,93.25,121.158936,1.1918742419317978,1.5225407121402617,0.0,0.0,0.0,0.35756227257953926,1.7303566186202008,0
Bear_public_Valorie,2016-09-06 06:00:00,0,normal,167.0,167.0,154.73323,0.0,2.277395466007426,0.048213783640157465,0.0,0.0,0.02772292559309054,1.7303566186202008,0
Bear_public_Valorie,2016-09-06 07:00:00,0,normal,186.25,186.25,183.7472,0.0,0.0,0.0,0.0,0.0,0.0,1.7303566186202008,0
Bear_public_Valorie,2016-09-06 08:00:00,0,normal,219.5,219.5,216.44438,0.0,0.0,0.0,0.0,0.0,0.0,1.7303566186202008,0
Bear_public_Valorie,2016-09-06 09:00:00,0,normal,280.0,280.0,254.39294,0.9907554905521495,1.7792894989534778,0.0,0.0,0.0,0.2972266471656448,1.7303566186202008,0
Bear_public_Valorie,2016-09-06 10:00:00,0,normal,286.75,286.75,287.9393,0.0,1.7792894989534778,0.0,0.0,0.0,0.0,1.7303566186202008,0
Bear_public_Valorie,2016-09-06 11:00:00,0,normal,294.75,294.75,299.68994,0.0,0.0,0.0,0.0,0.0,0.0,1.7303566186202008,0
Bear_public_Valorie,2016-09-06 12:00:00,0,normal,292.75,292.75,307.2785,0.029506833053690243,0.0,0.21964860657675186,0.0,0.0,0.1351499986977394,1.7303566186202008,0
Bear_public_Valorie,2016-09-06 13:00:00,0,normal,293.2383,293.2383,307.228,0.0,0.0,0.6260810925274876,0.0,0.0,0.3599966282033053,1.7303566186202008,0
Bear_public_Valorie,2016-09-06 14:00:00,0,normal,290.5298,290.5298,308.62106,0.34543849469714855,0.181048439521211,1.2796067911237998,0.05744968841345539,0.0,0.8465866643570114,1.7303566186202008,0
Bear_public_Valorie,2016-09-06 15:00:00,0,normal,293.25,293.25,303.37476,0.0,0.181048439521211,1.1778474980057898,3.1161889365758206,0.0,1.0667859284253067,1.7303566186202008,0
Bear_public_Valorie,2016-09-06 16:00:00,0,normal,290.25,290.25,300.33408,0.0,0.0,1.1520339970168978,4.340831553906463,0.0,1.2050234925230239,1.7303566186202008,0
Bear_public_Valorie,2016-09-06 17:00:00,0,normal,288.25,288.25,293.05887,0.0,0.0,1.1345811449591734,5.068239884708998,0.0,1.2859141439401494,1.7303566186202008,0
Bear_public_Valorie,2016-09-06 18:00:00,0,normal,284.75,284.75,289.66748,0.0,0.0,0.9511843187356763,4.880791355619266,0.9541693791745118,1.157029902725422,1.7303566186202008,0
Bear_public_Valorie,2016-09-06 19:00:00,0,normal,256.5,256.5,285.5921,0.8119194689257286,1.336370631939652,0.9023429082812089,4.183835401820133,2.207401981608661,1.2854024381669304,1.7303566186202008,0
Bear_public_Valorie,2016-09-06 20:00:00,0,normal,155.5,155.5,263.5203,6.12082058879356,10.0,0.0,1.353351564079749,4.655020489372177,2.0054151221480367,1.7303566186202008,1
Bear_public_Valorie,2016-09-06 21:00:00,0,normal,225.0,225.0,200.92352,0.4745563993072796,10.0,0.0,0.0,1.7371278355434443,0.14236691979218405,1.7303566186202008,0
Bear_public_Valorie,2016-09-06 22:00:00,0,normal,276.5,276.5,192.58493,5.044804901134993,10.0,0.0,0.0,1.4526361461308517,1.513441470340498,1.7303566186202008,0
Bear_public_Valorie,2016-09-06 23:00:00,0,normal,274.75,274.75,219.88106,2.882361610215182,4.68118045086054,0.0,0.0,1.5092591877712678,0.8647084830645546,1.7303566186202008,0
Bear_public_Valorie,2016-09-07 00:00:00,0,normal,272.75,272.75,238.14612,1.6374775794734007,2.4086835330692535,0.0,0.0,1.6068882726348301,0.49124327384202027,1.7303566186202008,0
Bear_public_Valorie,2016-09-07 01:00:00,0,normal,267.5,267.5,248.29105,0.35190268511728845,2.509461614833576,1.1044565067101972,0.0,1.7033768426924776,0.7406332968935501,1.7303566186202008,0
Bear_public_Valorie,2016-09-07 02:00:00,0,normal,116.5,116.5,193.22307,4.889873283807385,10.0,0.7563640657088769,0.0,1.8171001771107977,1.9018713229248199,1.7303566186202008,1
Bear_public_Valorie,2016-09-07 03:00:00,0,normal,57.75,57.75,106.7078,2.5924347014682874,5.015520037392688,0.0,0.0,0.4036823347285303,0.7777304104404861,1.7303566186202008,0
Bear_public_Valorie,2016-09-07 04:00:00,0,normal,66.5,66.5,88.33898,0.3484863498114461,4.883042071518539,0.0,0.0,0.0,0.10454590494343381,1.7303566186202008,0
Bear_public_Valorie,2016-09-07 05:00:00,0,normal,84.0,84.0,99.84487,0.0,0.18859698886697396,0.0,0.0,0.0,0.0,1.7303566186202008,0
Bear_public_Valorie,2016-09-07 06:00:00,0,normal,178.0,178.0,136.52534,1.8673516134229615,3.9503340012837147,0.0,0.0,0.0,0.5602054840268883,1.7303566186202008,0
Bear_public_Valorie,2016-09-07 07:00:00,0,normal,198.25,198.25,184.29846,0.0,3.9503340012837147,0.0,0.0,0.0,0.0,1.7303566186202008,0
Bear_public_Valorie,2016-09-07 08:00:00,0,normal,236.25,236.25,228.01234,0.0,0.0,0.0,0.0,0.0,0.0,1.7303566186202008,0
Bear_public_Valorie,2016-09-07 09:00:00,0,normal,282.25,282.25,263.63235,0.3282994230847722,0.13860051369964346,0.0,0.0,0.0,0.09848982692543165,1.7303566186202008,0
Bear_public_Valorie,2016-09-07 10:00:00,0,normal,282.5,282.5,295.05365,0.0,0.13860051369964346,0.0,0.0,0.0,0.0,1.7303566186202008,0
Bear_public_Valorie,2016-09-07 11:00:00,0,normal,288.0,288.0,301.92523,0.0,0.0,0.0,0.0,0.0,0.0,1.7303566186202008,0
Bear_public_Valorie,2016-09-07 12:00:00,0,normal,285.25,285.25,305.4545,0.5328319476030461,0.6451612904560841,0.8651688100198689,0.0,0.0,0.6573216500423383,1.7303566186202008,0
Bear_public_Valorie,2016-09-07 13:00:00,0,normal,281.75,281.75,303.66675,0.6846675858974836,0.0,0.9516383844414291,0.0,0.0,0.7525923468230667,1.7303566186202008,0
Bear_public_Valorie,2016-09-07 14:00:00,0,normal,281.75,281.75,304.76196,0.781786971840606,0.0,0.8810717198198982,0.8541487057621984,0.0,0.847920918668898,1.7303566186202008,0
Bear_public_Valorie,2016-09-07 15:00:00,0,normal,282.0,282.0,301.5981,0.47906015205328456,0.07526546309802815,1.090617392851026,4.687325922769716,0.0,1.35673878685154,1.7303566186202008,0
Bear_public_Valorie,2016-09-07 16:00:00,0,normal,284.25,284.25,299.2132,0.06805366022081674,0.34343911864405074,1.5598258569252095,4.66414761384707,0.0,1.5003344175291242,1.7303566186202008,0
Bear_public_Valorie,2016-09-07 17:00:00,0,normal,278.75,278.75,294.91708,0.1748097529557208,0.0,1.2308121813207982,4.685434742919575,0.11466618303789697,1.345839273011122,1.7303566186202008,0
Bear_public_Valorie,2016-09-07 18:00:00,0,normal,278.5,278.5,289.90112,0.0,0.0,0.9391517082263399,4.823964840921755,2.097980432054409,1.143007837345365,1.7303566186202008,0
Bear_public_Valorie,2016-09-07 19:00:00,0,normal,281.0,281.0,279.2701,0.0,0.0,0.8515859414830657,4.875033719621124,3.8551438711639436,1.0990411313054036,1.7303566186202008,0
Bear_public_Valorie,2016-09-07 20:00:00,1,persistent_shift,286.0,94.32225040392473,263.53677,10.0,10.0,1.2310999731283836,4.89618851706535,8.41221664809218,4.319906049181989,1.7303566186202008,1
Bear_public_Valorie,2016-09-07 21:00:00,1,persistent_shift,280.25,88.57225040392473,187.60703,5.516432816039366,10.0,0.0,0.0,0.8066266152395816,1.6549298448118095,1.7303566186202008,0
Bear_public_Valorie,2016-09-07 22:00:00,1,persistent_shift,278.25,86.57225040392473,157.13144,3.6010960272924115,4.069177729156169,0.0,0.0,0.0,1.0803288081877231,1.7303566186202008,0
Bear_public_Valorie,2016-09-07 23:00:00,1,persistent_shift,278.25,86.57225040392473,171.96301,4.598703535552949,1.7962597261624988,0.8146913550456406,0.0,0.0,1.8480585898171278,1.7303566186202008,1
Bear_public_Valorie,2016-09-08 00:00:00,1,persistent_shift,273.25,81.57225040392473,179.90268,6.959051626662601,5.17132650241938,1.3298299378241303,0.0,0.0,2.852367702247655,1.7303566186202008,1
Bear_public_Valorie,2016-09-08 01:00:00,1,persistent_shift,256.25,64.57225040392473,158.29506,6.574285883647537,0.27844928812725556,1.015399009212282,0.0,0.0,2.5561401953913228,1.7303566186202008,1
Bear_public_Valorie,2016-09-08 02:00:00,1,persistent_shift,150.75,0.01,82.55222,5.640635517456174,1.6378586129801878,0.16404502944240215,2.5198437387227224,0.0,2.1014970145065734,1.7303566186202008,1
Bear_public_Valorie,2016-09-08 03:00:00,1,persistent_shift,41.5,0.01,50.294983,2.9469497566092393,5.996895879720122,0.0,0.39244296297014875,0.0,0.9331402973540402,1.7303566186202008,0
Bear_public_Valorie,2016-09-08 04:00:00,1,persistent_shift,47.25,0.01,50.883865,2.996125205155198,0.0,0.0,0.15741241076815182,0.0,0.9185141128925781,1.7303566186202008,0
Bear_public_Valorie,2016-09-08 05:00:00,1,persistent_shift,63.75,0.01,69.26208,4.271685707411878,2.4846592111445798,1.6039571270742827,0.17147021782236066,0.0,2.225214837519071,1.7303566186202008,1
Bear_public_Valorie,2016-09-08 06:00:00,1,persistent_shift,153.5,0.01,102.812904,6.722350497500894,5.395011695260077,1.6039571270742827,0.4062528366128655,0.013844645819115743,2.989762101894588,1.7303566186202008,1
Bear_public_Valorie,2016-09-08 07:00:00,1,persistent_shift,189.5,0.01,108.36939,7.162225164861859,0.41493623360754395,1.6039571270742827,1.097365380130321,0.8529226758519748,3.2081135700425594,1.7303566186202008,1
Bear_public_Valorie,2016-09-08 08:00:00,0,normal,205.0,205.0,107.8306,6.57576983558415,0.7779690281858238,1.6039571270742827,6.590377803524825,3.774075505211218,3.7188035241835604,1.7303566186202008,1
Bear_public_Valorie,2016-09-08 09:00:00,0,normal,264.5,264.5,178.36452,5.691518190119505,1.5155139912578603,0.0,0.0,1.9277248742796507,1.7074554570358513,1.7303566186202008,0
Bear_public_Valorie,2016-09-08 10:00:00,0,normal,272.0,272.0,218.633,3.6218424371785156,4.451425324104959,0.0,0.0,0.5863779351385426,1.0865527311535546,1.7303566186202008,0
Bear_public_Valorie,2016-09-08 11:00:00,0,normal,277.5,277.5,252.44894,0.9380578536014221,5.972373872472488,0.0,0.0,0.0,0.28141735608042656,1.7303566186202008,0
Bear_public_Valorie,2016-09-08 12:00:00,0,normal,279.25,279.25,276.27048,0.0,1.648774530882449,0.7181295658283975,0.0,0.0,0.41292450035132855,1.7303566186202008,0
Bear_public_Valorie,2016-09-08 13:00:00,0,normal,283.0,283.0,292.68213,0.0,0.0,1.013259868062451,0.0,0.0,0.5826244241359092,1.7303566186202008,0
Bear_public_Valorie,2016-09-08 14:00:00,0,normal,282.5,282.5,295.04874,0.0,0.0,1.1409893719540662,0.9340176108512689,0.0,0.7728210902299967,1.7303566186202008,0
Bear_public_Valorie,2016-09-08 15:00:00,0,normal,279.0,279.0,280.63748,0.0,0.0,1.2530499414885186,3.7234854771820585,0.0,1.1859394010036555,1.7303566186202008,0
Bear_public_Valorie,2016-09-08 16:00:00,0,normal,278.0,278.0,266.75345,0.0,0.0,1.231192243636529,4.6840405009302195,0.0,1.2934406027072816,1.7303566186202008,0
Bear_public_Valorie,2016-09-08 17:00:00,0,normal,284.25,284.25,259.3641,0.9479599514950151,1.6732988182167532,1.2033863243635394,5.357884575096095,0.0,1.6460706938445515,1.7303566186202008,0
Bear_public_Valorie,2016-09-08 18:00:00,0,normal,286.5,286.5,258.7774,0.7198031264887793,0.0,1.0671287820661768,5.252830247536724,0.0,1.4861437685767758,1.7303566186202008,0
Bear_public_Valorie,2016-09-08 19:00:00,0,normal,270.25,270.25,256.77765,0.0,1.108228305496826,0.9398525468589058,4.988624889947992,0.853403568234573,1.16399332568737,1.7303566186202008,0
Bear_public_Valorie,2016-09-08 20:00:00,0,normal,269.5,269.5,224.56146,2.143056962000897,4.633166796999127,0.5221469184160691,4.089178249330407,8.23601615206456,1.4542988478558103,1.7303566186202008,0
Bear_public_Valorie,2016-09-08 21:00:00,0,normal,259.75,259.75,222.64148,1.5601232119154416,0.7692472178271094,0.47009910801525295,3.763807733771847,10.0,1.2088199174048848,1.7303566186202008,0
Bear_public_Valorie,2016-09-08 22:00:00,0,normal,250.5,250.5,222.03802,0.9164000778032089,0.9198028209698198,0.789052043460048,3.0543971326995676,10.0,1.1104245899179372,1.7303566186202008,0
Bear_public_Valorie,2016-09-08 23:00:00,0,normal,244.0,244.0,209.10811,2.26944691367176,2.676567747133588,0.47782250067699683,2.4073286703489902,10.0,1.2564980957844258,1.7303566186202008,0
Bear_public_Valorie,2016-09-09 00:00:00,0,normal,236.75,236.75,152.78593,5.489030027132555,7.299373185281524,0.5956517261139338,2.1882118975942393,10.0,2.2627352378545593,1.7303566186202008,1
Bear_public_Valorie,2016-09-09 01:00:00,0,normal,233.75,233.75,125.18802,7.524385986134623,4.366426317141315,0.6774769212932943,2.3887345805718674,10.0,2.9454568481555157,1.7303566186202008,1
Bear_public_Valorie,2016-09-09 02:00:00,0,normal,140.0,140.0,106.078094,1.3482885887688922,10.0,0.8232821010100343,2.334491242591496,9.054764724559135,1.1696851900353755,1.7303566186202008,0
Bear_public_Valorie,2016-09-09 03:00:00,0,normal,42.0,42.0,76.255875,1.375922882685937,0.0,0.0,0.15781944320971267,3.7106210285557686,0.4325042952069955,1.7303566186202008,0
Bear_public_Valorie,2016-09-09 04:00:00,0,normal,46.5,46.5,64.8718,0.061594476311170876,2.580674745444222,0.0,0.0,0.8690144760145013,0.018478342893351356,1.7303566186202008,0
Bear_public_Valorie,2016-09-09 05:00:00,0,normal,61.75,61.75,75.92999,0.0,0.0,0.0,0.0,0.06351275930443172,7.051332773725574e-18,1.7303566186202008,0
Bear_public_Valorie,2016-09-09 06:00:00,0,normal,140.75,140.75,98.058876,1.9636523361160396,4.188839681514801,0.26980266664938374,0.0,0.0,0.7442322341582074,1.7303566186202008,0
Bear_public_Valorie,2016-09-09 07:00:00,0,normal,159.75,159.75,161.64128,0.0,4.188839681514801,0.0,0.0,0.0,0.0,1.7303566186202008,0
Bear_public_Valorie,2016-09-09 08:00:00,0,normal,178.0,178.0,209.56783,1.083085823823139,2.0079618113404236,0.0,0.0,0.0,0.3249257471469416,1.7303566186202008,0
Bear_public_Valorie,2016-09-09 09:00:00,0,normal,248.25,248.25,238.55823,0.0,2.0079618113404236,0.0,0.0,0.0,0.0,1.7303566186202008,0
Bear_public_Valorie,2016-09-09 10:00:00,0,normal,262.0,262.0,278.94666,0.1467677315125216,0.0,0.0,0.0,0.0,0.04403031945375647,1.7303566186202008,0
Bear_public_Valorie,2016-09-09 11:00:00,0,normal,276.0,276.0,288.74353,0.0,0.0,0.0,0.0,0.0,0.0,1.7303566186202008,0
Bear_public_Valorie,2016-09-09 12:00:00,0,normal,278.0,278.0,305.69702,1.1972397173262321,2.290684009674863,0.0,0.0,0.0,0.35917191519786956,1.7303566186202008,0
Bear_public_Valorie,2016-09-09 13:00:00,0,normal,276.5,276.5,298.03738,0.6510270629745301,0.6783009645500387,0.22736757540941532,0.0,0.0,0.32604447475277276,1.7303566186202008,0
Bear_public_Valorie,2016-09-09 14:00:00,0,normal,280.5,280.5,296.2563,0.13838186468720845,0.5951652546781787,1.3197295655058605,0.0,0.0,0.8003590595720322,1.7303566186202008,0
Bear_public_Valorie,2016-09-09 15:00:00,0,normal,279.25,279.25,291.57382,0.0,0.0,1.0986458646514077,1.709731448800546,0.0,0.8454378032746276,1.7303566186202008,0
Bear_public_Valorie,2016-09-09 16:00:00,0,normal,282.75,282.75,283.09894,0.0,0.0,1.0934179702588183,2.965278219166068,0.0,0.9993751102945789,1.7303566186202008,0
Bear_public_Valorie,2016-09-09 17:00:00,0,normal,274.25,274.25,276.81262,0.0,0.0,1.151511164976798,4.706907006814173,0.0,1.2504822957134305,1.7303566186202008,0
Bear_public_Valorie,2016-09-09 18:00:00,0,normal,269.75,269.75,268.29602,0.0,0.0,0.7089240674859638,4.454515941612353,0.8361972496167853,0.9644458315059734,1.7303566186202008,0
Bear_public_Valorie,2016-09-09 19:00:00,0,normal,258.25,258.25,273.7116,0.0,0.0,0.41625117053469424,3.6597040929286466,1.7613675083706466,0.6968074346735302,1.7303566186202008,0
Bear_public_Valorie,2016-09-09 20:00:00,0,normal,247.5,247.5,262.286,0.0,0.0,0.2552465704286544,2.337872174321215,3.5476291946760004,0.4390007997866286,1.7303566186202008,0
Bear_public_Valorie,2016-09-09 21:00:00,0,normal,236.5,236.5,243.46558,0.0,0.0,0.035573954779418764,1.5452218655755394,9.130084914804746,0.21360775719510924,1.7303566186202008,0
Bear_public_Valorie,2016-09-09 22:00:00,0,normal,136.75,136.75,214.12798,6.416484116150812,10.0,0.04826253318090123,1.0494249587842248,7.914551346164082,2.0838743112722904,1.7303566186202008,1
Bear_public_Valorie,2016-09-09 23:00:00,0,normal,41.0,41.0,155.85513,10.0,8.385485368622492,0.0,0.0,1.8632912274242148,2.999999999999999,1.7303566186202008,1
Bear_public_Valorie,2016-09-10 00:00:00,0,normal,40.75,40.75,95.82481,3.0985865853555543,10.0,0.0,0.0,0.0,0.929575975606666,1.7303566186202008,0
Bear_public_Valorie,2016-09-10 01:00:00,0,normal,40.75,40.75,87.36704,2.3987484391184744,1.0587815198178854,0.0,0.0,0.0,0.7196245317355422,1.7303566186202008,0
Bear_public_Valorie,2016-09-10 02:00:00,1,gradual_drift,40.0,40.0,59.932274,0.1907157051691427,4.794090726266953,1.5684014959181154,0.0,0.0,0.959045571703659,1.7303566186202008,0
Bear_public_Valorie,2016-09-10 03:00:00,1,gradual_drift,41.0,49.94845655079303,45.618576,0.0,0.0,1.5040565808734532,0.0,0.0,0.8648325340022355,1.7303566186202008,0
Bear_public_Valorie,2016-09-10 04:00:00,1,gradual_drift,47.0,64.89691310158605,54.947693,0.0,0.0,0.6936359487790402,0.18474442533035512,0.0,0.4219337237142425,1.7303566186202008,0
Bear_public_Valorie,2016-09-10 05:00:00,1,gradual_drift,65.75,92.59536965237908,73.12919,0.15214883350370317,0.0,0.1239607489803331,2.6467499384695614,0.0,0.44776582302349766,1.7303566186202008,0
Bear_public_Valorie,2016-09-10 06:00:00,1,gradual_drift,113.5,149.2938262031721,99.07155,2.5598497437580443,5.28860408897456,0.0,1.144457039690789,0.0,0.9110120530887618,1.7303566186202008,0
Bear_public_Valorie,2016-09-10 07:00:00,1,gradual_drift,126.5,171.24228275396513,157.39584,0.0,5.665427439997814,0.0,0.028657222176745694,0.0,0.0035821527720932118,1.7303566186202008,0
Bear_public_Valorie,2016-09-10 08:00:00,1,gradual_drift,158.75,212.44073930475813,198.78673,0.0,0.0,0.0,0.0,0.2226811500190887,2.472257399012009e-17,1.7303566186202008,0
Bear_public_Valorie,2016-09-10 09:00:00,1,gradual_drift,239.75,302.3891958555512,238.72667,3.8905491765296305,8.961138671655274,0.0,0.0,0.4584535231340793,1.1671647529588889,1.7303566186202008,0
Bear_public_Valorie,2016-09-10 10:00:00,1,gradual_drift,249.75,321.3376524063442,284.48907,1.7416956622491757,4.6475229784043,0.0,0.0,0.01739706641647897,0.5225086986747526,1.7303566186202008,0
Bear_public_Valorie,2016-09-10 11:00:00,1,gradual_drift,259.25,339.78610895713723,300.89948,1.9050242404992688,0.0,0.0,0.0,0.0,0.5715072721497805,1.7303566186202008,0
Bear_public_Valorie,2016-09-10 12:00:00,1,gradual_drift,268.0,357.48456550793026,316.64578,2.362599938206579,0.45877594908923985,0.0,0.0,0.0,0.7087799814619735,1.7303566186202008,0
Bear_public_Valorie,2016-09-10 13:00:00,1,gradual_drift,273.5,371.9330220587233,315.9193,3.708253394926229,2.6582567430850004,0.0,0.0,0.0,1.1124760184778684,1.7303566186202008,0
Bear_public_Valorie,2016-09-10 14:00:00,1,gradual_drift,273.75,381.1314786095163,319.59888,4.19764716074983,0.5375789919687978,0.04241459817656571,0.0,0.0,1.2836825421764742,1.7303566186202008,0
Bear_public_Valorie,2016-09-10 15:00:00,1,gradual_drift,274.75,391.0799351603093,319.7428,5.067075188910825,1.4788006953487471,0.2880918461701095,0.8237811055973563,0.0,1.7887480064207295,1.7303566186202008,1
Bear_public_Valorie,2016-09-10 16:00:00,1,gradual_drift,269.75,395.0283917111024,319.01605,5.481653903915678,0.3522863577284609,0.4715917157018853,1.145616206653061,0.0,2.0588634335349196,1.7303566186202008,1
Bear_public_Valorie,2016-09-10 17:00:00,1,gradual_drift,259.5,393.7268482618954,315.31454,5.694473372961157,0.0,0.688313132469748,1.6384086620065919,0.1084895586151259,2.308923145809276,1.7303566186202008,1
Bear_public_Valorie,2016-09-10 18:00:00,1,gradual_drift,262.5,405.6753048126884,314.64075,4.978318869164213,1.0991918495628836,1.2807874710813294,2.42420608676324,0.8207619016805725,2.5329742174664336,1.7303566186202008,1
Bear_public_Valorie,2016-09-10 19:00:00,1,gradual_drift,255.5,407.62376136348144,317.1679,5.531757067629015,0.6961962956082178,0.7853761741616914,2.9660641911460965,1.6397225213532527,2.4818764443249384,1.7303566186202008,1
Bear_public_Valorie,2016-09-10 20:00:00,1,gradual_drift,244.25,405.32221791427446,318.2448,5.280236388747506,0.0,0.7231392118676728,3.3961518038918284,3.1626305047713736,2.424394938934642,1.7303566186202008,1
Bear_public_Valorie,2016-09-10 21:00:00,1,gradual_drift,240.5,410.5206744650675,304.55338,9.207068187345689,9.050998967767564,1.4144473320795334,4.014604940537214,6.191341096498002,4.07725328971659,1.7303566186202008,1
Bear_public_Valorie,2016-09-10 22:00:00,1,gradual_drift,134.5,313.4691310158605,256.82208,4.392952707422399,10.0,1.241343993810632,4.1382268889030405,7.792407504232652,2.548936969780714,1.7303566186202008,1
Bear_public_Valorie,2016-09-10 23:00:00,1,gradual_drift,42.75,230.66758756665357,152.743,6.469838913913487,4.469283280729253,0.0,0.8534307608026185,7.350992158806746,2.047630519274374,1.7303566186202008,1
Bear_public_Valorie,2016-09-11 00:00:00,1,gradual_drift,41.0,237.86604411744656,102.0082,10.0,8.29848532281844,0.0,0.0,3.5884439419481287,2.9999999999999996,1.7303566186202008,1
Bear_public_Valorie,2016-09-11 01:00:00,1,gradual_drift,40.75,246.5645006682396,70.008286,10.0,7.742676267129648,0.0,0.0,2.189616807668701,2.9999999999999996,1.7303566186202008,1
Bear_public_Valorie,2016-09-11 02:00:00,0,normal,40.0,40.0,54.03273,0.0,10.0,0.6092028151245529,0.0,1.3912202393838562,0.35029161869661807,1.7303566186202008,0
Bear_public_Valorie,2016-09-11 03:00:00,0,normal,40.6,40.6,10.277405,1.2799627795794475,2.4955622253491443,0.0,0.0,0.0,0.38398883387383415,1.7303566186202008,0
Bear_public_Valorie,2016-09-11 04:00:00,0,normal,46.5,46.5,11.673904,1.6560338476353678,0.25691539609066166,0.0,0.0,0.0,0.4968101542906102,1.7303566186202008,0
Bear_public_Valorie,2016-09-11 05:00:00,0,normal,59.25,59.25,22.790924,1.7923981449934356,0.0,1.0577648011379701,0.0,0.0,1.1459342041523635,1.7303566186202008,0
Bear_public_Valorie,2016-09-11 06:00:00,0,normal,63.0,63.0,35.64044,0.9812514166293325,1.3344568040042166,0.5120803282603619,0.0,0.0,0.5888216137385077,1.7303566186202008,0
Bear_public_Valorie,2016-09-11 07:00:00,0,normal,63.75,63.75,42.331116,0.5051694375560964,0.5046100103744865,0.6007459696302156,0.0,0.0,0.49697976380420283,1.7303566186202008,0
Bear_public_Valorie,2016-09-11 08:00:00,0,normal,62.75,62.75,65.915955,0.0,0.5766502181490305,1.242720564731349,3.117673444636341,0.0,1.1042735053000683,1.7303566186202008,0
Bear_public_Valorie,2016-09-11 09:00:00,0,normal,62.25,62.25,95.26504,1.4344780905874257,2.878246574204239,1.520813189881215,3.417338285373933,0.0,1.7319782970296678,1.7303566186202008,1
Bear_public_Valorie,2016-09-11 10:00:00,0,normal,145.25,145.25,147.42484,0.0,2.878246574204239,1.4875540203983642,4.226482831007797,0.8020660563681553,1.3836539156050338,1.7303566186202008,0
Bear_public_Valorie,2016-09-11 11:00:00,0,normal,167.5,167.5,195.1622,1.1855420850509055,2.2617127655876113,0.0,1.0631029827889629,1.6355419425392739,0.4885504983638921,1.7303566186202008,0
Bear_public_Valorie,2016-09-11 12:00:00,0,normal,225.0,225.0,235.96259,0.0,2.2617127655876113,0.0,0.4514563432938023,1.9890971356199352,0.05643204291172551,1.7303566186202008,0
Bear_public_Valorie,2016-09-11 13:00:00,0,normal,264.0,264.0,266.38403,0.0,0.0,0.0,0.0,2.0443854858319623,2.2697238375801313e-16,1.7303566186202008,0
Bear_public_Valorie,2016-09-11 14:00:00,0,normal,273.5,273.5,293.15338,0.4839610439375633,0.5241239005354198,0.0,0.0,1.7728780221310083,0.14518831318126915,1.7303566186202008,0
Bear_public_Valorie,2016-09-11 15:00:00,1,spike,272.0,708.0833581107577,303.50345,10.0,10.0,0.0,0.0,1.1218597287450363,2.999999999999999,1.7303566186202008,1
Bear_public_Valorie,2016-09-11 16:00:00,0,normal,274.5,274.5,351.14777,5.538001063785086,10.0,0.0,0.0,0.0,1.6614003191355255,1.7303566186202008,0
Bear_public_Valorie,2016-09-11 17:00:00,0,normal,265.0,265.0,333.78094,4.840401997010173,1.0532360456482104,0.0,0.0,0.0,1.4521205991030517,1.7303566186202008,0
Bear_public_Valorie,2016-09-11 18:00:00,0,normal,258.75,258.75,315.8595,3.0491677617763258,3.761815924215259,0.0,0.0,0.0,0.9147503285328975,1.7303566186202008,0
Bear_public_Valorie,2016-09-11 19:00:00,0,normal,252.0,252.0,297.8877,2.213720417749171,1.3946415534709706,0.7624989936519345,0.0,0.0,1.1025530466746134,1.7303566186202008,0
Bear_public_Valorie,2016-09-11 20:00:00,0,normal,249.5,249.5,280.10883,1.076230081821588,2.1427041559899678,0.8590112805388159,0.0,0.0,0.8168005108562955,1.7303566186202008,0
Bear_public_Valorie,2016-09-11 21:00:00,0,normal,238.0,238.0,264.2806,0.7540004522668793,0.12356760227109714,0.9995035107365022,0.0,0.0,0.8009146543535525,1.7303566186202008,0
Bear_public_Valorie,2016-09-11 22:00:00,0,normal,234.75,234.75,254.70737,0.28324397258574907,0.4914204743090866,0.7347097063942932,2.8934674733086982,0.0,0.8691147071160306,1.7303566186202008,0
Bear_public_Valorie,2016-09-11 23:00:00,0,normal,233.25,233.25,263.44415,1.0453582717544683,1.2130193676944243,0.7040847457261715,3.045086171691891,0.0,1.0990919817803753,1.7303566186202008,0
Bear_public_Valorie,2016-09-12 00:00:00,0,normal,229.0,229.0,277.46417,2.794900436878221,3.658558178439641,1.2451923560347915,3.262890733199081,0.0,1.9623170774333563,1.7303566186202008,1
Bear_public_Valorie,2016-09-12 01:00:00,0,normal,232.0,232.0,245.1365,0.0,6.247571829818116,1.1751847264036068,3.497412065784488,0.0,1.112907725905135,1.7303566186202008,0
Bear_public_Valorie,2016-09-12 02:00:00,0,normal,130.0,130.0,184.23163,3.2765198844362535,7.440387114480618,1.276545735046269,3.9617558818177967,0.0,2.212189248209705,1.7303566186202008,1
Bear_public_Valorie,2016-09-12 03:00:00,0,normal,43.0,43.0,94.10984,2.77050525827755,0.5787434764024587,0.0,0.5385729573574207,0.0,0.8984731971529425,1.7303566186202008,0
Bear_public_Valorie,2016-09-12 04:00:00,0,normal,49.75,49.75,63.011887,0.0,6.187152878601564,0.0,0.0,2.220319792838964,2.465050156040776e-16,1.7303566186202008,0
Bear_public_Valorie,2016-09-12 05:00:00,0,normal,75.5,75.5,72.31547,0.0,0.0,0.0,0.0,1.4046180865552214,1.5594393404985378e-16,1.7303566186202008,0
Bear_public_Valorie,2016-09-12 06:00:00,0,normal,143.25,143.25,107.85712,1.3858932980490872,2.7579177888204147,0.13708124492785537,0.0,1.1495014140280733,0.49458970524824303,1.7303566186202008,0
Bear_public_Valorie,2016-09-12 07:00:00,0,normal,165.75,165.75,164.09113,0.0,2.7579177888204147,0.0,0.0,1.197780575514666,1.3298035733851532e-16,1.7303566186202008,0
Bear_public_Valorie,2016-09-12 08:00:00,0,normal,189.5,189.5,189.3322,0.0,0.0,0.0,0.16649523642325711,1.285407668622642,0.02081190455290728,1.7303566186202008,0
Bear_public_Valorie,2016-09-12 09:00:00,0,normal,242.25,242.25,210.53468,1.3303192608744598,2.620278909600717,0.0,0.0,1.375486654573759,0.39909577826233805,1.7303566186202008,0
Bear_public_Valorie,2016-09-12 10:00:00,0,normal,253.5,253.5,260.40656,0.0,2.620278909600717,0.0,0.0,1.2283364301991986,1.3637273867930217e-16,1.7303566186202008,0
Bear_public_Valorie,2016-09-12 11:00:00,0,normal,257.25,257.25,284.9676,1.0099439010049087,1.8268129729171636,0.0,0.0,1.1087483457595146,0.30298317030147265,1.7303566186202008,0
Bear_public_Valorie,2016-09-12 12:00:00,0,normal,259.75,259.75,299.48175,2.264432604202461,2.432471193985999,0.6101898278510404,0.15135874975295602,0.9863982186381496,1.049108775994206,1.7303566186202008,0
Bear_public_Valorie,2016-09-12 13:00:00,0,normal,265.0,265.0,301.43488,1.9720785721525447,0.04957542956539025,1.100287764807073,0.44001478725059606,0.8687316548252504,1.2792908848161548,1.7303566186202008,0
Bear_public_Valorie,2016-09-12 14:00:00,0,normal,263.5,263.5,301.49316,2.110261532613638,0.0,0.997937006335475,1.0391774235494107,0.7465055219347186,1.3367894163706657,1.7303566186202008,0
Bear_public_Valorie,2016-09-12 15:00:00,0,normal,264.5,264.5,303.37344,2.1883212931890217,0.0,1.1597364062117252,3.444985622605331,0.6344564039802095,1.7539680243541147,1.7303566186202008,1
Bear_public_Valorie,2016-09-12 16:00:00,0,normal,259.75,259.75,277.8087,0.3839640359217053,3.794317396782143,1.3675334380797577,3.5207727998118634,0.0,1.341617537648855,1.7303566186202008,0
Bear_public_Valorie,2016-09-12 17:00:00,0,normal,254.25,254.25,272.3492,0.38753358155714446,0.0,0.9471986987026978,4.195355967918327,0.0,1.1853188222109852,1.7303566186202008,0
Bear_public_Valorie,2016-09-12 18:00:00,0,normal,251.75,251.75,262.46423,0.0,0.28530432717356435,0.514826087910492,3.7228397635281847,1.177946725943045,0.761379970989556,1.7303566186202008,0
Bear_public_Valorie,2016-09-12 19:00:00,0,normal,245.5,245.5,259.68143,0.0,0.0,0.6613975891635744,3.091361134026961,2.4620264449644065,0.7667237555224256,1.7303566186202008,0
Bear_public_Valorie,2016-09-12 20:00:00,0,normal,238.25,238.25,253.07341,0.0,0.0,0.5977671220940315,2.537306661967286,4.895280317778125,0.6608794279499793,1.7303566186202008,0
Bear_public_Valorie,2016-09-12 21:00:00,0,normal,234.5,234.5,246.63336,0.0,0.0,0.3168602967278939,2.013375348239365,10.0,0.43386658914846066,1.7303566186202008,0
Bear_public_Valorie,2016-09-12 22:00:00,0,normal,240.5,240.5,231.86797,0.0,0.0,0.4492950672950077,1.968055777828794,9.953335799531674,0.5043516359232297,1.7303566186202008,0
Bear_public_Valorie,2016-09-12 23:00:00,0,normal,238.5,238.5,231.18045,0.0,0.0,0.8383735982513404,2.4222860823198173,9.417801930116346,0.7848505792844989,1.7303566186202008,0
Bear_public_Valorie,2016-09-13 00:00:00,0,normal,236.0,236.0,227.83905,0.0,0.0,0.8346354902995201,2.897164849291819,8.97706081422464,0.8420610130837024,1.7303566186202008,0
Bear_public_Valorie,2016-09-13 01:00:00,0,normal,228.25,228.25,225.11545,0.0,0.0,0.9942151901251531,3.814555171374615,8.690855044446382,1.0484931307437908,1.7303566186202008,0
Bear_public_Valorie,2016-09-13 02:00:00,0,normal,125.75,125.75,174.28609,2.800905771757528,6.262445098058995,0.48286514584771334,3.5970613201109076,8.480573903878641,1.5675518554035577,1.7303566186202008,0
Bear_public_Valorie,2016-09-13 03:00:00,0,normal,44.75,44.75,92.38965,2.726047418516616,0.0,0.0,0.0,1.9116434256157233,0.8178142255549848,1.7303566186202008,0
Bear_public_Valorie,2016-09-13 04:00:00,0,normal,51.25,51.25,77.298256,0.9230281258706309,3.7910036920329815,0.0,0.0,0.0,0.2769084377611892,1.7303566186202008,0
Bear_public_Valorie,2016-09-13 05:00:00,0,normal,74.75,74.75,97.63048,0.43466501972759986,0.5350263819641506,0.0,0.0,0.0,0.13039950591827992,1.7303566186202008,0
Bear_public_Valorie,2016-09-13 06:00:00,0,normal,130.5,130.5,128.03905,0.0,0.4020336248024162,0.0,0.0,0.0,0.0,1.7303566186202008,0
Bear_public_Valorie,2016-09-13 07:00:00,0,normal,152.25,152.25,171.51482,0.10912853823623293,0.0,0.0,0.0,0.0,0.03273856147086987,1.7303566186202008,0
Bear_public_Valorie,2016-09-13 08:00:00,0,normal,177.5,177.5,197.62169,0.4012129862169864,0.048907757194954445,0.0,0.0,0.0,0.1203638958650959,1.7303566186202008,0
Bear_public_Valorie,2016-09-13 09:00:00,0,normal,246.75,246.75,219.61794,1.1352958036803824,1.1435944721687552,0.0,0.0,0.0,0.34058874110411463,1.7303566186202008,0
Bear_public_Valorie,2016-09-13 10:00:00,0,normal,267.0,267.0,262.2063,0.0,2.137269010834558,0.0,0.0,0.0,0.0,1.7303566186202008,0
Bear_public_Valorie,2016-09-13 11:00:00,0,normal,283.75,283.75,284.78644,0.0,0.0,0.0,0.0,0.0,0.0,1.7303566186202008,0
Bear_public_Valorie,2016-09-13 12:00:00,0,normal,295.25,295.25,298.79004,0.0,0.0,0.0,0.0,0.0,0.0,1.7303566186202008,0
Bear_public_Valorie,2016-09-13 13:00:00,0,normal,294.25,294.25,307.65283,0.0,0.0,0.0,0.0,0.0,0.0,1.7303566186202008,0
Bear_public_Valorie,2016-09-13 14:00:00,0,normal,293.5,293.5,307.65863,0.0,0.0,0.4106027742946224,0.0,0.0,0.23609659521940785,1.7303566186202008,0
Bear_public_Valorie,2016-09-13 15:00:00,0,normal,295.25,295.25,301.84024,0.0,0.0,1.3516996881669436,0.8241379773238693,0.0,0.8802445678614762,1.7303566186202008,0
Bear_public_Valorie,2016-09-13 16:00:00,0,normal,292.75,292.75,293.90073,0.0,0.0,1.3550839119116418,1.8827015315391784,0.0,1.0145109407915913,1.7303566186202008,0
Bear_public_Valorie,2016-09-13 17:00:00,0,normal,294.75,294.75,285.735,0.0,0.0,1.2585786479336907,3.7935318324274756,0.0,1.1978742016153066,1.7303566186202008,0
Bear_public_Valorie,2016-09-13 18:00:00,0,normal,292.0,292.0,287.7486,0.0,0.0,1.25410536379034,5.731072949588017,0.307171791437482,1.4374947028779477,1.7303566186202008,0
Bear_public_Valorie,2016-09-13 19:00:00,0,normal,294.5,294.5,283.7978,0.0,0.0,1.2359977870186254,5.572260129494209,1.1760200496009783,1.4072312437224859,1.7303566186202008,0
Bear_public_Valorie,2016-09-13 20:00:00,0,normal,288.5,288.5,280.81168,0.0,0.0,1.219081984005352,5.568948226059985,2.834778149819046,1.3970906690605756,1.7303566186202008,0
Bear_public_Valorie,2016-09-13 21:00:00,0,normal,265.0,265.0,278.2763,0.0,0.0,0.9361936804277996,4.793015579779751,8.28601947316229,1.1374383137184545,1.7303566186202008,0
Bear_public_Valorie,2016-09-13 22:00:00,0,normal,260.5,260.5,266.12762,0.0,0.0,0.0,2.0047442085154152,10.0,0.250593026064428,1.7303566186202008,0
Bear_public_Valorie,2016-09-13 23:00:00,0,normal,256.25,256.25,259.23755,0.0,0.0,0.0,1.4080295515393706,9.949913792802596,0.17600369394242243,1.7303566186202008,0
Bear_public_Valorie,2016-09-14 00:00:00,0,normal,241.5,241.5,242.90868,0.0,0.0,0.7324949658617584,1.2079987622384316,8.262952258586983,0.5721844506503159,1.7303566186202008,0
Bear_public_Valorie,2016-09-14 01:00:00,0,normal,236.5,236.5,232.29895,0.0,0.0,0.17183862061923744,0.9412473432222163,6.518903907495088,0.21646312475883928,1.7303566186202008,0
Bear_public_Valorie,2016-09-14 02:00:00,0,normal,122.5,122.5,160.53569,1.6886839501399902,3.507832103323745,0.15091096245948785,1.0863029932291721,5.477533390320479,0.7291668626098494,1.7303566186202008,0
Bear_public_Valorie,2016-09-14 03:00:00,0,normal,44.5,44.5,72.30138,0.841845046733188,1.4228547541900858,0.0,0.0,1.3871593991614628,0.2525535140199565,1.7303566186202008,0
Bear_public_Valorie,2016-09-14 04:00:00,0,normal,49.75,49.75,64.01036,0.0,1.410486589657064,0.0,0.0,0.0,0.0,1.7303566186202008,0
Bear_public_Valorie,2016-09-14 05:00:00,0,normal,67.0,67.0,81.8032,0.05850229905375949,0.0,0.0,0.0,0.0,0.017550689716127842,1.7303566186202008,0
Bear_public_Valorie,2016-09-14 06:00:00,0,normal,141.5,141.5,117.86197,0.7942085162633175,1.1476151072161098,0.06068178232917724,0.0,0.0,0.27315457971827206,1.7303566186202008,0
Bear_public_Valorie,2016-09-14 07:00:00,0,normal,159.75,159.75,163.49622,0.0,1.292506342096762,0.0,0.0,0.0,0.0,1.7303566186202008,0
Bear_public_Valorie,2016-09-14 08:00:00,0,normal,192.0,192.0,206.90347,0.0,0.0,0.0,0.0,0.0,0.0,1.7303566186202008,0
Bear_public_Valorie,2016-09-14 09:00:00,0,normal,253.5,253.5,246.148,0.0,0.0,0.0,0.0,0.0,0.0,1.7303566186202008,0
Bear_public_Valorie,2016-09-14 10:00:00,0,normal,273.0,273.0,286.03455,0.0,0.0,0.0,0.0,0.0,0.0,1.7303566186202008,0
Bear_public_Valorie,2016-09-14 11:00:00,0,normal,290.75,290.75,294.5866,0.0,0.0,0.0,0.0,0.0,0.0,1.7303566186202008,0
Bear_public_Valorie,2016-09-14 12:00:00,0,normal,292.75,292.75,311.9958,0.4478173045635011,0.4346075718472093,0.0,0.0,0.0,0.1343451913690503,1.7303566186202008,0
Bear_public_Valorie,2016-09-14 13:00:00,0,normal,294.25,294.25,312.31567,0.34316932600742267,0.0,0.11126532651555755,0.0,0.0,0.16692836054867238,1.7303566186202008,0
Bear_public_Valorie,2016-09-14 14:00:00,1,stuck,295.5,295.5,313.24774,0.31497634331807106,0.0,1.1779767296982597,0.0,0.0,0.7718295225719205,1.7303566186202008,0
Bear_public_Valorie,2016-09-14 15:00:00,1,stuck,294.75,295.5,311.9665,0.20136008441715564,0.0,1.2591722359395758,1.2769340610344737,0.0,0.944048818619712,1.7303566186202008,0
Bear_public_Valorie,2016-09-14 16:00:00,1,stuck,295.25,295.5,304.97858,0.0,0.0,1.412356864768113,2.5917798574588096,0.0,1.1360776794240162,1.7303566186202008,0
Bear_public_Valorie,2016-09-14 17:00:00,1,stuck,298.0,295.5,299.88745,0.0,0.0,1.6039571270742827,5.145930960320454,0.0,1.5655167181077694,1.7303566186202008,0
Bear_public_Valorie,2016-09-14 18:00:00,1,stuck,291.25,295.5,294.81082,0.0,0.0,1.6039571270742827,5.680034900488613,0.7387094984572032,1.6322797106287892,1.7303566186202008,0
Bear_public_Valorie,2016-09-14 19:00:00,1,stuck,294.75,295.5,290.1894,0.0,0.0,1.6039571270742827,6.155502366323546,1.6609060484992448,1.6917131438581559,1.7303566186202008,0
Bear_public_Valorie,2016-09-14 20:00:00,1,stuck,286.25,295.5,284.16812,0.0,0.0,1.6039571270742827,6.590377803524825,3.6380932448248466,1.746072573508316,1.7303566186202008,1
Bear_public_Valorie,2016-09-14 21:00:00,1,stuck,279.5,295.5,284.96072,0.0,0.0,1.6039571270742827,6.590377803524825,9.469655966445007,1.7460725735083167,1.7303566186202008,1
Bear_public_Valorie,2016-09-14 22:00:00,1,stuck,278.5,295.5,284.51892,0.0,0.0,1.6039571270742827,6.590377803524825,10.0,1.7460725735083167,1.7303566186202008,1
Bear_public_Valorie,2016-09-14 23:00:00,1,stuck,276.5,295.5,283.94513,0.0,0.0,1.6039571270742827,6.590377803524825,10.0,1.7460725735083167,1.7303566186202008,1
Bear_public_Valorie,2016-09-15 00:00:00,1,stuck,264.0,295.5,280.57214,0.0,0.0,1.6039571270742827,6.590377803524825,10.0,1.7460725735083167,1.7303566186202008,1
Bear_public_Valorie,2016-09-15 01:00:00,1,stuck,258.25,295.5,279.13367,0.11452567344624,0.0,1.6039571270742827,6.590377803524825,10.0,1.7804302755421888,1.7303566186202008,1
Bear_public_Valorie,2016-09-15 02:00:00,0,normal,138.25,138.25,214.80208,4.87572470713473,10.0,1.6039571270742827,6.590377803524825,10.0,3.2087899856487354,1.7303566186202008,1
Bear_public_Valorie,2016-09-15 03:00:00,0,normal,59.75,59.75,97.23667,1.6432553526948293,7.331288227914577,0.0,0.0,1.9021199938626732,0.4929766058084489,1.7303566186202008,0
Bear_public_Valorie,2016-09-15 04:00:00,0,normal,70.5,70.5,62.61431,0.0,3.3953201903017147,0.0,0.0,0.0,0.0,1.7303566186202008,0
Bear_public_Valorie,2016-09-15 05:00:00,0,normal,93.5,93.5,91.04707,0.0,0.0,0.0,0.0,0.0,0.0,1.7303566186202008,0
Bear_public_Valorie,2016-09-15 06:00:00,0,normal,173.25,173.25,148.15852,0.5703911524880202,0.7381832684798625,0.0,0.0,0.0,0.17111734574640602,1.7303566186202008,0
Bear_public_Valorie,2016-09-15 07:00:00,0,normal,187.25,187.25,195.51683,0.0,0.7381832684798625,0.0,0.0,0.0,0.0,1.7303566186202008,0
Bear_public_Valorie,2016-09-15 08:00:00,0,normal,197.75,197.75,227.5211,0.9408498164587189,1.6556893180391539,0.0,0.0,0.0,0.2822549449376156,1.7303566186202008,0
Bear_public_Valorie,2016-09-15 09:00:00,0,normal,253.75,253.75,251.70361,0.0,1.6556893180391539,0.0,0.0,0.0,0.0,1.7303566186202008,0
Bear_public_Valorie,2016-09-15 10:00:00,0,normal,264.25,264.25,285.1001,0.4595872244814294,0.4637578489976494,0.0,0.0,0.0,0.13787616734442878,1.7303566186202008,0
Bear_public_Valorie,2016-09-15 11:00:00,0,normal,276.25,276.25,293.52097,0.17275776146983923,0.035892862502325915,0.0,0.0,0.0,0.05182732844095176,1.7303566186202008,0
Bear_public_Valorie,2016-09-15 12:00:00,0,normal,282.25,282.25,302.66562,0.5515533004773919,0.2636630276703325,0.0451616201432261,0.0,0.0,0.19143392172557253,1.7303566186202008,0
Bear_public_Valorie,2016-09-15 13:00:00,0,normal,297.25,297.25,303.47314,0.0,0.691528014165656,0.19091340298444784,0.0,0.0,0.1097752067160575,1.7303566186202008,0
Bear_public_Valorie,2016-09-15 14:00:00,0,normal,297.0,297.0,303.86237,0.0,0.0,0.07236786241871397,0.017983698325704192,0.0,0.04385948318147355,1.7303566186202008,0
Bear_public_Valorie,2016-09-15 15:00:00,0,normal,295.5,295.5,298.91852,0.0,0.0,0.23882332637165438,1.0923520077793312,0.0,0.27386741363611766,1.7303566186202008,0
Bear_public_Valorie,2016-09-15 16:00:00,0,normal,298.0,298.0,291.44736,0.0,0.0,1.3440405683670373,1.5709273299512878,0.0,0.9691892430549574,1.7303566186202008,0
Bear_public_Valorie,2016-09-15 17:00:00,0,normal,295.75,295.75,275.18292,0.5649840715550701,0.7247916813773653,1.2686455213083623,2.312645922569962,0.12116107515086512,1.1880471365400744,1.7303566186202008,0
Bear_public_Valorie,2016-09-15 18:00:00,0,normal,291.0,291.0,272.06622,0.12864594467440277,0.40617736898711637,1.241050022013626,3.224744356665494,1.3222583116077253,1.1552905906433426,1.7303566186202008,0
Bear_public_Valorie,2016-09-15 19:00:00,0,normal,279.75,279.75,266.61304,0.0,0.0,0.8186717055602765,4.731340340801911,2.1417536600149583,1.062153773297398,1.7303566186202008,0
Bear_public_Valorie,2016-09-15 20:00:00,0,normal,271.75,271.75,260.7199,0.0,0.0,0.26674790111712415,2.9394343081560046,3.616348813775394,0.5208093316618474,1.7303566186202008,0
Bear_public_Valorie,2016-09-15 21:00:00,0,normal,259.0,259.0,255.02417,0.0,0.0,0.14456545728847206,2.0460566628895793,7.920961045522894,0.33888222080206976,1.7303566186202008,0
Bear_public_Valorie,2016-09-15 22:00:00,0,normal,255.5,255.5,242.38924,0.14340611712320145,0.0,0.08095038222966937,1.3035917505164656,8.32546627631681,0.25251727373357946,1.7303566186202008,0
Bear_public_Valorie,2016-09-15 23:00:00,0,normal,256.75,256.75,240.75471,0.424962259399165,0.02283255605856409,0.21880607695439255,1.1436789655613473,7.58606281623864,0.3962620427636944,1.7303566186202008,0
Bear_public_Valorie,2016-09-16 00:00:00,0,normal,250.25,250.25,234.14981,0.0,0.3780030320141557,1.1358082467625883,1.369261410234853,6.72517317738734,0.8242474181678456,1.7303566186202008,0
Bear_public_Valorie,2016-09-16 01:00:00,0,normal,249.0,249.0,220.86655,0.8693227795662235,1.4785400286892743,0.8073730390374116,1.8367323571238114,5.788139797744078,0.9546278759568558,1.7303566186202008,0
Bear_public_Valorie,2016-09-16 02:00:00,0,normal,132.75,132.75,146.87268,0.0,1.4785400286892743,0.686197762638752,2.4485498528017704,5.414518095313739,0.7006324451175042,1.7303566186202008,0
Bear_public_Valorie,2016-09-16 03:00:00,0,normal,61.0,61.0,76.91243,0.0,0.0,0.0,0.0,1.2608150953570318,1.399785948660339e-16,1.7303566186202008,0
Bear_public_Valorie,2016-09-16 04:00:00,0,normal,68.75,68.75,59.78849,0.0,0.0,0.0,0.0,0.0,0.0,1.7303566186202008,0
Bear_public_Valorie,2016-09-16 05:00:00,0,normal,86.75,86.75,72.173225,0.0,0.0,0.0,0.0,0.0,0.0,1.7303566186202008,0
Bear_public_Valorie,2016-09-16 06:00:00,0,normal,163.0,163.0,129.49857,1.2361583426276117,2.387072831498642,0.0,0.0,0.0,0.37084750278828343,1.7303566186202008,0
Bear_public_Valorie,2016-09-16 07:00:00,0,normal,181.25,181.25,181.9732,0.0,2.387072831498642,0.0,0.0,0.0,0.0,1.7303566186202008,0
Bear_public_Valorie,2016-09-16 08:00:00,0,normal,195.75,195.75,214.70665,0.08473279806865903,0.0,0.0,0.0,0.0,0.025419839420597706,1.7303566186202008,0
Bear_public_Valorie,2016-09-16 09:00:00,0,normal,249.0,249.0,246.52637,0.0,0.0,0.0,0.0,0.0,0.0,1.7303566186202008,0
Bear_public_Valorie,2016-09-16 10:00:00,0,normal,259.0,259.0,277.7827,0.07096338619649749,0.0,0.0,0.0,0.0,0.021289015858949243,1.7303566186202008,0
Bear_public_Valorie,2016-09-16 11:00:00,0,normal,267.5,267.5,283.95703,0.10752956075546843,0.0,0.0,0.0,0.0,0.03225886822664052,1.7303566186202008,0
Bear_public_Valorie,2016-09-16 12:00:00,0,normal,288.25,288.25,297.05283,0.0,0.0,0.14557709347408873,0.0,0.0,0.08370682874760102,1.7303566186202008,0
Bear_public_Valorie,2016-09-16 13:00:00,0,normal,296.0,296.0,305.0378,0.0,0.0,0.0,0.0,0.0,0.0,1.7303566186202008,0
Bear_public_Valorie,2016-09-16 14:00:00,0,normal,293.0,293.0,302.72958,0.0,0.0,0.0,0.0,0.0,0.0,1.7303566186202008,0
Bear_public_Valorie,2016-09-16 15:00:00,0,normal,295.75,295.75,295.97974,0.0,0.0,0.7342583377718261,0.7944446817808073,0.0,0.5215041294414009,1.7303566186202008,0
Bear_public_Valorie,2016-09-16 16:00:00,0,normal,292.5,292.5,287.5379,0.0,0.0,1.155980546816478,1.158661550223045,0.0,0.8095215081973555,1.7303566186202008,0
Bear_public_Valorie,2016-09-16 17:00:00,0,normal,289.25,289.25,271.38623,0.32526523947711455,0.13108582424506038,1.1356562490202347,1.9025972038970957,0.0,0.9884065655169062,1.7303566186202008,0
Bear_public_Valorie,2016-09-16 18:00:00,0,normal,286.5,286.5,265.65076,0.2574848418443282,0.0,0.8387834461909357,4.2540623959092105,0.9400792757096372,1.0913037336017377,1.7303566186202008,0
Bear_public_Valorie,2016-09-16 19:00:00,0,normal,269.5,269.5,266.37076,0.0,0.0,0.8812020196658247,4.002413256887176,1.789517077621029,1.0069928184187464,1.7303566186202008,0
Bear_public_Valorie,2016-09-16 20:00:00,0,normal,246.0,246.0,250.44995,0.0,0.0,0.033705068539413525,2.1484282420693313,3.253978519776285,0.28793394466882954,1.7303566186202008,0
Bear_public_Valorie,2016-09-16 21:00:00,0,normal,235.75,235.75,219.99487,0.0,0.0,0.0,0.8241168183726175,5.9000943546286715,0.10301460229657784,1.7303566186202008,0
Bear_public_Valorie,2016-09-16 22:00:00,0,normal,112.25,112.25,190.53181,6.504707225183685,10.0,0.0,0.4327571338116286,5.172705952187937,2.005506809281559,1.7303566186202008,1
Bear_public_Valorie,2016-09-16 23:00:00,0,normal,42.0,42.0,125.81673,7.044966158872925,0.663555527996753,0.0,0.0,0.8138646106991555,2.113489847661877,1.7303566186202008,1
Bear_public_Valorie,2016-09-17 00:00:00,0,normal,41.5,41.5,81.534,1.85403391887349,10.0,0.0,0.0,0.0,0.5562101756620469,1.7303566186202008,0
Bear_public_Valorie,2016-09-17 01:00:00,0,normal,42.0,42.0,78.644775,1.9473416146520486,0.0,0.0,0.0,0.0,0.5842024843956144,1.7303566186202008,0
Bear_public_Valorie,2016-09-17 02:00:00,0,normal,41.25,41.25,50.12584,0.0,4.14844331055269,1.5339536883682328,0.0,0.0,0.8820233708117338,1.7303566186202008,0
Bear_public_Valorie,2016-09-17 03:00:00,0,normal,42.25,42.25,41.399216,0.0,0.0,1.5158540883878349,0.0,0.0,0.871616100823005,1.7303566186202008,0
Bear_public_Valorie,2016-09-17 04:00:00,0,normal,48.25,48.25,48.20926,0.0,0.0,1.486459009632986,0.6632587982592557,0.0,0.9376212803213738,1.7303566186202008,0
Bear_public_Valorie,2016-09-17 05:00:00,0,normal,62.5,62.5,63.122902,0.0,0.0,0.9290018792456634,5.006536521977246,0.0,1.159993145813412,1.7303566186202008,0
Bear_public_Valorie,2016-09-17 06:00:00,0,normal,115.5,115.5,81.11079,1.3064386336040277,2.5611343352694087,0.2958970446901749,3.0924972159803765,0.0,0.9486345427756058,1.7303566186202008,0
Bear_public_Valorie,2016-09-17 07:00:00,0,normal,123.75,123.75,126.49709,0.0,2.5611343352694087,0.0,0.7018824112416149,0.0026359782113337454,0.08773530140520186,1.7303566186202008,0
Bear_public_Valorie,2016-09-17 08:00:00,0,normal,163.25,163.25,171.19669,0.0,0.0,0.0,0.3101719148563389,0.6406729796260504,0.03877148935704243,1.7303566186202008,0
Bear_public_Valorie,2016-09-17 09:00:00,0,normal,236.5,236.5,205.147,1.0660791083438719,1.9658416887655734,0.0,0.0,1.3255918959616955,0.31982373250316165,1.7303566186202008,0
Bear_public_Valorie,2016-09-17 10:00:00,0,normal,248.25,248.25,247.5748,0.0,1.9658416887655734,0.0,0.0,1.3035885880888907,1.4472740651348855e-16,1.7303566186202008,0
Bear_public_Valorie,2016-09-17 11:00:00,0,normal,278.5,278.5,278.85028,0.0,0.0,0.0,0.0,0.48797996946377603,5.4176659765456495e-17,1.7303566186202008,0
Bear_public_Valorie,2016-09-17 12:00:00,0,normal,284.5,284.5,292.97565,0.0,0.0,0.0,0.0,0.005490147061674756,6.095287676449464e-19,1.7303566186202008,0
Bear_public_Valorie,2016-09-17 13:00:00,0,normal,286.5034,286.5034,305.25842,0.40429811205227595,0.3268246360318853,0.0,0.0,0.0,0.12128943361568276,1.7303566186202008,0
Bear_public_Valorie,2016-09-17 14:00:00,0,normal,291.4636,291.4636,306.73355,0.09525551857666366,0.0909075876593601,0.889782880334239,0.0,0.0,0.5402018117651864,1.7303566186202008,0
Bear_public_Valorie,2016-09-17 15:00:00,0,normal,291.75,291.75,299.56573,0.0,0.0,0.9669288061200284,1.116735668487816,0.0,0.6955760220799934,1.7303566186202008,0
Bear_public_Valorie,2016-09-17 16:00:00,0,normal,292.5,292.5,292.144,0.0,0.0,1.0576429412620487,1.7442019105649842,0.0,0.826169930046301,1.7303566186202008,0
Bear_public_Valorie,2016-09-17 17:00:00,0,normal,280.0,280.0,283.3441,0.0,0.0,1.4866482627327955,3.9178337234584077,0.2335318726858278,1.3445519665036583,1.7303566186202008,0
Bear_public_Valorie,2016-09-17 18:00:00,0,normal,278.0,278.0,280.04843,0.0,0.0,0.5717097402711526,4.07465233129212,0.9645580465930187,0.8380646420674279,1.7303566186202008,0
Bear_public_Valorie,2016-09-17 19:00:00,0,normal,278.25,278.25,281.95026,0.0,0.0,0.4925764926775291,3.6262822982953415,1.7681435263720935,0.7365167705764971,1.7303566186202008,0
Bear_public_Valorie,2016-09-17 20:00:00,0,normal,278.0,278.0,279.62894,0.0,0.0,1.373934059881388,3.382822482558462,3.7745440765915084,1.2128648947516063,1.7303566186202008,0
Bear_public_Valorie,2016-09-17 21:00:00,0,normal,262.75,262.75,273.59903,0.0,0.0,1.5715457529120367,3.456106808673238,8.94588415496715,1.3356521590085766,1.7303566186202008,0
Bear_public_Valorie,2016-09-17 22:00:00,0,normal,107.75,107.75,205.81467,6.098222492013732,10.0,0.42214182522983534,2.886740626183582,10.0,2.433040875384223,1.7303566186202008,1
Bear_public_Valorie,2016-09-17 23:00:00,0,normal,40.75,40.75,84.714806,3.1550477710968745,6.614799177510226,0.0,0.0,2.2346981038798948,0.9465143313290624,1.7303566186202008,0
Bear_public_Valorie,2016-09-18 00:00:00,0,normal,40.25,40.25,65.919334,0.8913857577276572,4.931866422624823,0.0,0.0,0.31510181471719984,0.26741572731829716,1.7303566186202008,0
Bear_public_Valorie,2016-09-18 01:00:00,0,normal,40.5,40.5,53.43599,0.0,1.5331828752553112,0.0,0.0,0.0,0.0,1.7303566186202008,0
Bear_public_Valorie,2016-09-18 02:00:00,0,normal,40.25,40.25,47.035355,0.0,0.0,1.5488348657264048,0.0,0.0,0.8905800477926827,1.7303566186202008,0
Bear_public_Valorie,2016-09-18 03:00:00,0,normal,40.0,40.0,44.026886,0.0,0.0,1.5718903003934732,0.0,0.0,0.903836922726247,1.7303566186202008,0
Bear_public_Valorie,2016-09-18 04:00:00,0,normal,50.0,50.0,46.16281,0.0,0.0,1.5489299074717935,0.8168462070594806,0.0,0.9927404726787162,1.7303566186202008,0
Bear_public_Valorie,2016-09-18 05:00:00,0,normal,59.25,59.25,56.11595,0.0,0.0,0.7170757844757484,4.496442217035046,0.0,0.974373853202936,1.7303566186202008,0
Bear_public_Valorie,2016-09-18 06:00:00,0,normal,62.75,62.75,64.09234,0.0,0.0,0.3693189166743553,3.237498118356468,0.0,0.6170456418823128,1.7303566186202008,0
Bear_public_Valorie,2016-09-18 07:00:00,0,normal,63.25,63.25,74.46755,0.0,0.0,0.6388839336476759,2.771781479454428,0.0,0.7138309467792171,1.7303566186202008,0
Bear_public_Valorie,2016-09-18 08:00:00,0,normal,58.75,58.75,96.605736,1.58086292765977,3.2407943741073626,1.1991084454239573,2.7101045034341666,0.3102210260841802,1.5025092973459773,1.7303566186202008,0
Bear_public_Valorie,2016-09-18 09:00:00,0,normal,61.25,61.25,130.54315,5.1313221232316595,8.118846007802466,1.1629866604709913,3.1124941406923265,1.5822074870741405,2.5971757343268584,1.7303566186202008,1
Bear_public_Valorie,2016-09-18 10:00:00,0,normal,169.75,169.75,151.05801,0.33534544337194344,10.0,1.199956061339279,4.282953866984124,8.789448529747986,1.3259476016546847,1.7303566186202008,0
Bear_public_Valorie,2016-09-18 11:00:00,0,normal,178.0,178.0,204.75084,1.0991632562964158,1.217238419179571,0.0,0.17347492619183164,4.471979236979691,0.3514333426629041,1.7303566186202008,0
Bear_public_Valorie,2016-09-18 12:00:00,0,normal,245.75,245.75,238.37747,0.0,2.047780401078628,0.0,0.0,2.6826245844196466,2.9783115800481836e-16,1.7303566186202008,0
Bear_public_Valorie,2016-09-18 13:00:00,0,normal,276.5,276.5,277.14075,0.0,0.0,0.0,0.0,1.0972669700290099,1.2182110542868883e-16,1.7303566186202008,0
Bear_public_Valorie,2016-09-18 14:00:00,0,normal,279.75,279.75,289.1636,0.0,0.0,0.0,0.0,0.29892416054846693,3.3187248565765485e-17,1.7303566186202008,0
Bear_public_Valorie,2016-09-18 15:00:00,0,normal,280.5,280.5,299.67657,0.44167968844337735,0.4194066858435509,0.0,0.0,0.0,0.13250390653301317,1.7303566186202008,0
Bear_public_Valorie,2016-09-18 16:00:00,0,normal,283.75,283.75,295.37006,0.0,0.4194066858435509,1.1981454731294567,0.0,0.0,0.6889336470494376,1.7303566186202008,0
Bear_public_Valorie,2016-09-18 17:00:00,0,normal,278.0,278.0,293.6068,0.1251269953060946,0.0,1.1966496135140392,0.1951339534489357,0.0,0.7500033705435178,1.7303566186202008,0
Bear_public_Valorie,2016-09-18 18:00:00,0,normal,277.75,277.75,291.8845,0.0,0.0,1.077698348262538,2.0946708642065763,0.0,0.8815104082767813,1.7303566186202008,0
Bear_public_Valorie,2016-09-18 19:00:00,0,normal,278.75,278.75,289.69193,0.0,0.0,1.0037687498740004,5.094775681392216,0.0,1.2140139913515773,1.7303566186202008,0
Bear_public_Valorie,2016-09-18 20:00:00,0,normal,279.0,279.0,294.9939,0.0,0.0,1.492273864990567,5.271456534178864,0.22560140577763962,1.516989539141934,1.7303566186202008,0
Bear_public_Valorie,2016-09-18 21:00:00,0,normal,276.5,276.5,288.6353,0.0,0.0,1.4635454327630273,5.261500489321639,0.9642778702598961,1.4992261850039457,1.7303566186202008,0
Bear_public_Valorie,2016-09-18 22:00:00,1,spike,273.25,0.01,264.99707,10.0,10.0,1.3277364814649064,5.138350752839611,3.4331888153633963,4.4057423209472715,1.7303566186202008,1
Bear_public_Valorie,2016-09-18 23:00:00,0,normal,271.75,271.75,127.999954,8.524090105965595,10.0,0.0,0.0,0.5014604792037586,2.5572270317896777,1.7303566186202008,1
Bear_public_Valorie,2016-09-19 00:00:00,0,normal,267.5,267.5,163.05194,4.93808893225991,8.20687196892195,0.0,0.0,0.6046893048716057,1.4814266796779727,1.7303566186202008,0
Bear_public_Valorie,2016-09-19 01:00:00,0,normal,266.75,266.75,167.16948,4.64113297178095,0.06097291485573357,0.0,0.0,0.5648772515222739,1.3923398915342846,1.7303566186202008,0
Bear_public_Valorie,2016-09-19 02:00:00,0,normal,122.0,122.0,169.43765,1.4600311451065184,7.204067509223406,1.1122705114261437,0.0,0.5095791785963505,1.077564887601988,1.7303566186202008,0
Bear_public_Valorie,2016-09-19 03:00:00,0,normal,57.25,57.25,118.576485,2.3073529514859046,1.4240507483502627,0.0,0.0,0.09709628110295651,0.6922058854457712,1.7303566186202008,0
Bear_public_Valorie,2016-09-19 04:00:00,0,normal,67.25,67.25,86.32839,0.3409999378448947,4.195528384487786,0.0,0.0,0.0,0.10229998135346838,1.7303566186202008,0
Bear_public_Valorie,2016-09-19 05:00:00,0,normal,87.5,87.5,103.698875,0.10054189503907755,0.0,0.0,0.0,0.0,0.030162568511723258,1.7303566186202008,0
Bear_public_Valorie,2016-09-19 06:00:00,0,normal,182.25,182.25,139.36205,2.225687654355571,4.588806552750331,0.001921304176196108,0.0,0.0,0.6688110462079838,1.7303566186202008,0
Bear_public_Valorie,2016-09-19 07:00:00,0,normal,200.0,200.0,188.15887,0.0,4.83781624237067,0.0,0.0,0.0,0.0,1.7303566186202008,0
Bear_public_Valorie,2016-09-19 08:00:00,0,normal,237.0,237.0,214.85919,0.5630239730477973,0.7199371526186663,0.0,0.0,0.0,0.16890719191433914,1.7303566186202008,0
Bear_public_Valorie,2016-09-19 09:00:00,0,normal,285.0,285.0,259.8067,0.951539586178805,0.28773650111767,0.0,0.0,0.0,0.2854618758536414,1.7303566186202008,0
Bear_public_Valorie,2016-09-19 10:00:00,0,normal,287.5,287.5,296.76105,0.0,1.6821644132129316,0.0,0.0,0.0,0.0,1.7303566186202008,0
Bear_public_Valorie,2016-09-19 11:00:00,0,normal,283.0,283.0,308.41873,0.9729061509823083,1.7350824695903777,0.0,0.0,0.0,0.2918718452946924,1.7303566186202008,0
Bear_public_Valorie,2016-09-19 12:00:00,0,normal,421.5,421.5,316.67493,8.03665489550288,10.0,1.0972473486333088,0.0,0.0,3.0419136941150158,1.7303566186202008,1
Bear_public_Valorie,2016-09-19 13:00:00,0,normal,371.25,371.25,326.66107,2.695148204589983,10.0,0.0,0.0,0.0,0.8085444613769946,1.7303566186202008,0
Bear_public_Valorie,2016-09-19 14:00:00,0,normal,361.75,361.75,329.1432,1.6326207719426307,1.957045339119699,0.0,0.0,0.0,0.4897862315827891,1.7303566186202008,0
Bear_public_Valorie,2016-09-19 15:00:00,0,normal,345.75,345.75,328.90228,0.23516568431688495,2.7865525945680125,0.0,0.0,0.0,0.07054970529506546,1.7303566186202008,0
Bear_public_Valorie,2016-09-19 16:00:00,0,normal,331.0,331.0,323.19495,0.0,0.0,0.14982032657496994,0.0,0.0,0.0861466877806077,1.7303566186202008,0
Bear_public_Valorie,2016-09-19 17:00:00,0,normal,323.75,323.75,314.80157,0.0,0.0,0.0312818262596946,0.04115090085913262,0.0,0.02313091270671597,1.7303566186202008,0
Bear_public_Valorie,2016-09-19 18:00:00,0,normal,314.5,314.5,309.3933,0.0,0.0,0.26569283478822575,0.42266904728693755,0.8816284204615122,0.2056070109140971,1.7303566186202008,0
Bear_public_Valorie,2016-09-19 19:00:00,0,normal,326.25,326.25,304.45587,0.3210401095716842,0.12062154678194022,0.48459990847391715,1.2225347399860613,1.5720327918203187,0.5277738227422655,1.7303566186202008,0
Bear_public_Valorie,2016-09-19 20:00:00,0,normal,333.0,333.0,302.92346,0.8781350178679499,0.7052527807660772,0.6815018979034277,1.7421141828551072,2.6059225756196787,0.8730683695117445,1.7303566186202008,0
Bear_public_Valorie,2016-09-19 21:00:00,0,normal,314.75,314.75,298.797,0.0,1.5003650870246128,0.41284970379584424,2.763305590058861,3.666638875868819,0.5828017784399685,1.7303566186202008,0
Bear_public_Valorie,2016-09-19 22:00:00,0,normal,307.5,307.5,292.74814,0.0,0.0,0.4270698402283039,3.3398132352810337,4.037171014179917,0.6630418125414044,1.7303566186202008,0
Bear_public_Valorie,2016-09-19 23:00:00,0,normal,297.75,297.75,292.63748,0.0,0.0,0.08326926006374097,2.743639868825634,3.6048802424858435,0.3908348081398557,1.7303566186202008,0
Bear_public_Valorie,2016-09-20 00:00:00,0,normal,281.25,281.25,288.5043,0.0,0.0,0.3941722806185035,2.1258949831951894,3.902005144040528,0.4923859342550386,1.7303566186202008,0
Bear_public_Valorie,2016-09-20 01:00:00,0,normal,267.25,267.25,262.75916,0.0,0.0,0.07816520162451136,1.3330626856827903,5.651762643919973,0.21157782664444344,1.7303566186202008,0
Bear_public_Valorie,2016-09-20 02:00:00,0,normal,122.0,122.0,156.86156,1.6589951033662207,3.434302451655167,0.0,0.9337153748373282,5.458555394250945,0.6144129528645327,1.7303566186202008,0
Bear_public_Valorie,2016-09-20 03:00:00,0,normal,48.75,48.75,56.707428,0.0,3.434302451655167,0.0,0.0,1.2203229625036898,1.354830650450378e-16,1.7303566186202008,0
Bear_public_Valorie,2016-09-20 04:00:00,0,normal,52.25,52.25,41.33403,0.0,0.0,0.0,0.0,0.0,0.0,1.7303566186202008,0
Bear_public_Valorie,2016-09-20 05:00:00,0,normal,70.5,70.5,59.935387,0.0,0.0,0.0,0.0,0.0,0.0,1.7303566186202008,0
Bear_public_Valorie,2016-09-20 06:00:00,0,normal,160.75,160.75,109.99102,2.6023373072738027,5.7706553651296355,0.19530688646169111,0.0,0.0,0.893002651897613,1.7303566186202008,0
Bear_public_Valorie,2016-09-20 07:00:00,0,normal,167.75,167.75,181.71693,0.0,5.7706553651296355,0.0,0.0,0.0,0.0,1.7303566186202008,0
Bear_public_Valorie,2016-09-20 08:00:00,0,normal,191.5,191.5,217.76585,0.893602626883842,1.5386733416951561,0.0,0.0,0.0,0.2680807880651525,1.7303566186202008,0
Bear_public_Valorie,2016-09-20 09:00:00,0,normal,253.25,253.25,255.5775,0.0,1.5386733416951561,0.0,0.0,0.0,0.0,1.7303566186202008,0
Bear_public_Valorie,2016-09-20 10:00:00,0,normal,267.75,267.75,289.2829,0.6046069682295188,0.8229247551465476,0.0,0.0,0.0,0.1813820904688556,1.7303566186202008,0
Bear_public_Valorie,2016-09-20 11:00:00,0,normal,272.0,272.0,304.93854,1.6856330856873847,2.00286058619914,0.0,0.0,0.0,0.5056899257062153,1.7303566186202008,0
Bear_public_Valorie,2016-09-20 12:00:00,0,normal,329.5,329.5,320.1403,0.0,3.500276100822283,0.33602429057423744,0.0,0.0,0.1932139670801865,1.7303566186202008,0
Bear_public_Valorie,2016-09-20 13:00:00,0,normal,331.25,331.25,325.41278,0.0,0.0,0.0,0.0,0.0,0.0,1.7303566186202008,0
Bear_public_Valorie,2016-09-20 14:00:00,0,normal,328.5,328.5,323.81714,0.0,0.0,0.0,0.0,0.0,0.0,1.7303566186202008,0
Bear_public_Valorie,2016-09-20 15:00:00,0,normal,330.0,330.0,322.48557,0.0,0.0,1.2949847274613697,0.2215393294282416,0.0,0.7723086344688178,1.7303566186202008,0
Bear_public_Valorie,2016-09-20 16:00:00,1,gradual_drift,330.25,330.25,313.8551,0.1950113862611546,0.0,1.2962222621882753,0.4481093643892428,0.0,0.85984488718526,1.7303566186202008,0
Bear_public_Valorie,2016-09-20 17:00:00,1,gradual_drift,320.75,312.0165402011788,306.9593,0.0,0.0,1.3850613412623276,0.8890649349353219,0.0,0.9075433880927535,1.7303566186202008,0
Bear_public_Valorie,2016-09-20 18:00:00,1,gradual_drift,315.25,297.78308040235754,295.7152,0.0,0.0,0.2293945904135949,3.1737763927767433,0.6957904647656847,0.5286239385849101,1.7303566186202008,0
Bear_public_Valorie,2016-09-20 19:00:00,1,gradual_drift,279.25,253.04962060353628,278.84955,0.7182143990939045,1.1042935426267275,0.0,1.8955344696983552,1.3040108960469354,0.45240612844046585,1.7303566186202008,0
Bear_public_Valorie,2016-09-20 20:00:00,1,gradual_drift,271.25,236.31616080471505,246.8631,0.0,1.1042935426267275,0.0,0.45617764361652274,2.278138161006148,0.05702220545206559,1.7303566186202008,0
Bear_public_Valorie,2016-09-20 21:00:00,1,gradual_drift,250.75,207.0827010058938,220.5192,0.0,0.0,0.0,0.030309626901278038,3.1686703100039444,0.0037887033626601064,1.7303566186202008,0
Bear_public_Valorie,2016-09-20 22:00:00,1,gradual_drift,253.25,200.84924120707257,196.89346,0.0,0.0,0.0,0.0,2.277141888552056,2.5281353550089045e-16,1.7303566186202008,0
Bear_public_Valorie,2016-09-20 23:00:00,1,gradual_drift,247.5,186.3657814082513,194.03076,0.0,0.0,0.0,0.0,1.5537934698927518,1.725057285787148e-16,1.7303566186202008,0
Bear_public_Valorie,2016-09-21 00:00:00,1,gradual_drift,241.25,171.38232160943008,181.57855,0.0,0.0,0.16948373022035815,0.0,0.9601472442666794,0.09745314487670603,1.7303566186202008,0
Bear_public_Valorie,2016-09-21 01:00:00,1,gradual_drift,239.25,160.64886181060882,166.75401,0.0,0.0,0.0,0.3605996546579689,0.647850139632139,0.04507495683224618,1.7303566186202008,0
Bear_public_Valorie,2016-09-21 02:00:00,1,gradual_drift,147.75,60.41540201178759,101.50362,1.9412652269292632,4.1333940674458685,0.03292388871549784,0.5510170129408994,0.5024733925066164,0.6701879307078026,1.7303566186202008,0
Bear_public_Valorie,2016-09-21 03:00:00,1,gradual_drift,41.5,0.01,55.599625,3.1411852654518824,2.2973222966191833,0.0,0.0,0.0,0.9423555796355645,1.7303566186202008,0
Bear_public_Valorie,2016-09-21 04:00:00,1,gradual_drift,47.75,0.01,55.695602,3.149126952697198,0.0,0.0,0.0,0.0,0.9447380858091592,1.7303566186202008,0
Bear_public_Valorie,2016-09-21 05:00:00,1,gradual_drift,64.5,0.01,68.1487,4.179558978892755,1.8775554190650416,0.0,0.0,0.0,1.2538676936678264,1.7303566186202008,0
Bear_public_Valorie,2016-09-21 06:00:00,1,gradual_drift,136.25,13.981562816502644,108.13284,6.037452001777773,3.926908137934075,1.6039571270742827,0.0,0.0,2.733510948601044,1.7303566186202008,1
Bear_public_Valorie,2016-09-21 07:00:00,1,gradual_drift,167.5,36.49810301768139,121.0871,5.567583533446089,0.48922115799006244,0.535576497280806,0.0,0.0,1.9782315459702897,1.7303566186202008,1
Bear_public_Valorie,2016-09-21 08:00:00,1,gradual_drift,180.5,40.76464321886016,146.49187,7.261588375164006,3.5210102273267587,0.0,1.1734412117786532,0.22208051681243138,2.325156664021533,1.7303566186202008,1
Bear_public_Valorie,2016-09-21 09:00:00,1,gradual_drift,233.75,85.28118342003893,139.77802,3.1560159805937795,9.493681496361777,0.18248281458979113,1.768931870280314,0.6397768335493228,1.2728488963523028,1.7303566186202008,0
Bear_public_Valorie,2016-09-21 10:00:00,1,gradual_drift,248.75,91.54772362121768,166.69287,4.810759417783628,3.423772452449003,0.0,0.7925001715864167,1.0426723410413339,1.5422903467833904,1.7303566186202008,0
Bear_public_Valorie,2016-09-21 11:00:00,1,gradual_drift,267.5,101.56426382239644,171.88603,5.228814351313956,0.36089582441639595,0.0,0.576548533906187,1.5699779099399251,1.6407128721324602,1.7303566186202008,0
Bear_public_Valorie,2016-09-21 12:00:00,1,gradual_drift,315.25,140.58080402357518,186.03119,2.7715388305987942,5.411384332564559,0.5779741898583325,0.6252238247943258,2.175467533668328,1.24194978644747,1.7303566186202008,0
Bear_public_Valorie,2016-09-21 13:00:00,1,gradual_drift,325.5,142.09734422475395,221.23312,5.7586284037197935,6.723562034156464,0.0,0.42103793398999895,2.3690939331784775,1.7802182628646877,1.7303566186202008,1
Bear_public_Valorie,2016-09-21 14:00:00,1,gradual_drift,323.25,131.11388442593272,227.7739,7.312608968411418,3.1742154732784345,0.0,0.39766654865232104,2.3976053269097317,2.2434910091049654,1.7303566186202008,1
Bear_public_Valorie,2016-09-21 15:00:00,1,gradual_drift,319.75,118.8804246271115,221.90573,7.877058598349967,0.7234680426991964,0.6953719453061697,0.9575714968274424,1.814880337621804,2.8826528851594673,1.7303566186202008,1
Bear_public_Valorie,2016-09-21 16:00:00,0,normal,316.5,316.5,195.22495,9.495375190952029,3.333554963897316,0.19021989328574992,1.1955173080040056,1.6795789783226533,3.1074286594254152,1.7303566186202008,1
Bear_public_Valorie,2016-09-21 17:00:00,0,normal,309.0,309.0,235.08417,5.295743834916709,9.726635060558387,0.0,0.0,0.055227644906021,1.5887231504750123,1.7303566186202008,0
Bear_public_Valorie,2016-09-21 18:00:00,0,normal,304.0,304.0,245.56808,2.7853862759780577,5.542851338008495,0.0,0.0,0.0,0.8356158827934171,1.7303566186202008,0
Bear_public_Valorie,2016-09-21 19:00:00,0,normal,299.5,299.5,237.14056,3.0495608218958776,0.0,0.610410315070185,0.0,0.0,1.2658541777341195,1.7303566186202008,0
Bear_public_Valorie,2016-09-21 20:00:00,0,normal,294.0,294.0,237.465,3.0063975362454514,0.0,0.8002250048598849,0.0,0.0,1.362048638668069,1.7303566186202008,0
Bear_public_Valorie,2016-09-21 21:00:00,0,normal,282.5,282.5,236.1393,2.2489351381006077,1.2014981164821845,0.7863920201885455,0.0,0.0,1.1268559530385958,1.7303566186202008,0
Bear_public_Valorie,2016-09-21 22:00:00,0,normal,259.75,259.75,228.18741,1.1472366081704024,2.054059452218526,0.4513132251264117,2.456699360518592,0.0,0.9107635069636313,1.7303566186202008,0
Bear_public_Valorie,2016-09-21 23:00:00,0,normal,238.5,238.5,209.72519,0.9396902547974718,0.0,0.0,1.6554971713061037,0.21222835145633545,0.4888442228525044,1.7303566186202008,0
Bear_public_Valorie,2016-09-22 00:00:00,0,normal,238.0,238.0,161.21637,5.159756205441956,9.77724492880453,0.0,1.01395970242781,0.616404942083147,1.6746718244360626,1.7303566186202008,0
Bear_public_Valorie,2016-09-22 01:00:00,0,normal,229.75,229.75,131.33218,6.685006460827237,3.1030598082664707,0.2268049484585224,0.9287917075958484,0.9461773624436108,2.2520137470613024,1.7303566186202008,1
Bear_public_Valorie,2016-09-22 02:00:00,0,normal,141.25,141.25,97.740486,2.141615797473855,10.0,0.8431891624403358,1.0046350910310482,1.3851333701611996,1.2528978940242308,1.7303566186202008,0
Bear_public_Valorie,2016-09-22 03:00:00,0,normal,43.25,43.25,73.915,1.078795828318548,1.9577698572424205,0.0,0.04385650988335361,1.4244313297097433,0.32912081223098366,1.7303566186202008,0
Bear_public_Valorie,2016-09-22 04:00:00,0,normal,49.75,49.75,59.5841,0.0,1.9973368828103255,0.0,0.0,0.5090088762207976,5.651133741189058e-17,1.7303566186202008,0
Bear_public_Valorie,2016-09-22 05:00:00,0,normal,74.75,74.75,73.201126,0.0,0.0,0.0,0.0,0.0,0.0,1.7303566186202008,0
Bear_public_Valorie,2016-09-22 06:00:00,0,normal,133.25,133.25,90.55274,1.9641379316571057,4.190042344294479,0.0,0.0,0.0,0.5892413794971316,1.7303566186202008,0
Bear_public_Valorie,2016-09-22 07:00:00,0,normal,165.75,165.75,134.80775,1.033562326329071,1.630243426813898,0.0,0.0,0.0,0.3100686978987212,1.7303566186202008,0
Bear_public_Valorie,2016-09-22 08:00:00,0,normal,183.5,183.5,173.24712,0.0,1.8853081580039865,0.0,0.0,0.0,0.0,1.7303566186202008,0
Bear_public_Valorie,2016-09-22 09:00:00,0,normal,243.5,243.5,199.86359,2.2856686913103275,4.986369831791327,0.0,0.0,0.0,0.6857006073930981,1.7303566186202008,0
Bear_public_Valorie,2016-09-22 10:00:00,0,normal,256.0,256.0,235.56732,0.5003281819433546,3.747219075327069,0.0,0.0,0.0,0.15009845458300636,1.7303566186202008,0
Bear_public_Valorie,2016-09-22 11:00:00,0,normal,289.0,289.0,260.43228,1.2713670086801925,1.2351225301510467,0.0,0.0,0.0,0.38141010260405767,1.7303566186202008,0
Bear_public_Valorie,2016-09-22 12:00:00,0,normal,322.0,322.0,288.3623,1.7240355305571724,0.4466224649128378,0.0,0.0,0.0,0.5172106591671516,1.7303566186202008,0
Bear_public_Valorie,2016-09-22 13:00:00,0,normal,327.25,327.25,300.5204,1.1114538130017508,0.8426756247086464,0.0,0.0,0.0,0.3334361439005252,1.7303566186202008,0
Bear_public_Valorie,2016-09-22 14:00:00,0,normal,334.5,334.5,309.02252,1.0004192497704114,0.0,0.0,0.0,0.0,0.30012577493112336,1.7303566186202008,0
Bear_public_Valorie,2016-09-22 15:00:00,0,normal,336.25,336.25,310.52396,1.0224610854399037,0.0,0.5539445916836626,0.05525455990907061,0.0,0.6321632858387108,1.7303566186202008,0
Bear_public_Valorie,2016-09-22 16:00:00,0,normal,324.25,324.25,309.50586,0.0486287005602134,1.73737645077318,0.7263994994296186,0.32293251022687924,0.0,0.47263488611845456,1.7303566186202008,0
Bear_public_Valorie,2016-09-22 17:00:00,0,normal,317.25,317.25,300.17468,0.25534837436268876,0.0,0.5313808595054188,1.3732783233255417,0.0,0.5538082969401151,1.7303566186202008,0
Bear_public_Valorie,2016-09-22 18:00:00,0,normal,312.0,312.0,292.24243,0.18405615386735702,0.0,0.2582309604185583,3.089461225052381,0.23507426694854652,0.5898823015324257,1.7303566186202008,0
Bear_public_Valorie,2016-09-22 19:00:00,0,normal,299.25,299.25,288.25555,0.0,0.0,0.5711588765505906,2.5723544439319928,0.9617130796681184,0.6499606595080888,1.7303566186202008,0
Bear_public_Valorie,2016-09-22 20:00:00,0,normal,282.0,282.0,278.3667,0.0,0.0,0.28703988454308427,1.7732093338892363,2.0108070224554773,0.3866991003484282,1.7303566186202008,0
Bear_public_Valorie,2016-09-22 21:00:00,0,normal,275.75,275.75,268.35242,0.0,0.0,0.0,1.1823631024381678,4.133534369143262,0.14779538780477144,1.7303566186202008,0
Bear_public_Valorie,2016-09-22 22:00:00,0,normal,264.75,264.75,256.00754,0.0,0.0,0.0867179608367622,1.1329906845309095,5.148148650091973,0.19148666304750253,1.7303566186202008,0
Bear_public_Valorie,2016-09-22 23:00:00,0,normal,258.25,258.25,248.52614,0.0,0.0,0.32573908465931567,1.0149843855838285,5.530283951631391,0.3141730218770857,1.7303566186202008,0
Bear_public_Valorie,2016-09-23 00:00:00,0,normal,231.8301,231.8301,232.34778,0.0,0.0,0.3174372358935253,1.0579253667830208,4.698457188766095,0.31476708148665516,1.7303566186202008,0
Bear_public_Valorie,2016-09-23 01:00:00,0,normal,232.64,232.64,195.9877,1.808533471916851,3.8046605270092426,0.0,0.8551242995311237,3.511487465683878,0.6494505790164461,1.7303566186202008,0
Bear_public_Valorie,2016-09-23 02:00:00,0,normal,137.75,137.75,129.81586,0.0,3.8046605270092426,0.0,0.9904391428478913,3.039063038165754,0.12380489285598674,1.7303566186202008,0
Bear_public_Valorie,2016-09-23 03:00:00,0,normal,43.75,43.75,64.599174,0.4888715934238461,0.5362857401642566,0.0,0.0,1.2786056019543341,0.14666147802715393,1.7303566186202008,0
Bear_public_Valorie,2016-09-23 04:00:00,0,normal,49.25,49.25,61.73629,0.0,0.5362857401642566,0.0,0.0,0.0,0.0,1.7303566186202008,0
Bear_public_Valorie,2016-09-23 05:00:00,0,normal,68.75,68.75,69.88848,0.0,0.0,0.0,0.0,0.0,0.0,1.7303566186202008,0
Bear_public_Valorie,2016-09-23 06:00:00,0,normal,131.75,131.75,96.70256,1.7837493329557925,3.7432782470372783,0.038160879738454945,0.0,0.0,0.5570673057363492,1.7303566186202008,0
Bear_public_Valorie,2016-09-23 07:00:00,0,normal,158.5,158.5,158.84827,0.0,3.7432782470372783,0.0,0.0,0.0,0.0,1.7303566186202008,0
Bear_public_Valorie,2016-09-23 08:00:00,0,normal,185.25,185.25,196.87598,0.0,0.0,0.0,0.0,0.0,0.0,1.7303566186202008,0
Bear_public_Valorie,2016-09-23 09:00:00,0,normal,248.0,248.0,238.06876,0.0,0.0,0.0,0.0,0.0,0.0,1.7303566186202008,0
Bear_public_Valorie,2016-09-23 10:00:00,0,normal,268.5,268.5,268.80426,0.0,0.0,0.0,0.0,0.0,0.0,1.7303566186202008,0
Bear_public_Valorie,2016-09-23 11:00:00,0,normal,336.0,336.0,291.17847,2.8119029836591793,6.289681627878281,0.0,0.0,0.0,0.8435708950977536,1.7303566186202008,0
Bear_public_Valorie,2016-09-23 12:00:00,0,normal,331.5,331.5,317.06894,0.0208660004824578,6.238003307097325,0.0,0.0,0.0,0.006259800144737338,1.7303566186202008,0
Bear_public_Valorie,2016-09-23 13:00:00,0,normal,329.5,329.5,319.65826,0.0,0.0,0.0,0.0,0.0,0.0,1.7303566186202008,0
Bear_public_Valorie,2016-09-23 14:00:00,0,normal,325.0,325.0,319.82617,0.0,0.0,0.9504992964952589,0.0,0.0,0.5465370954847738,1.7303566186202008,0
Bear_public_Valorie,2016-09-23 15:00:00,0,normal,325.75,325.75,319.81757,0.0,0.0,0.9483949712590218,0.12542678660377005,0.0,0.5610054567994087,1.7303566186202008,0
Bear_public_Valorie,2016-09-23 16:00:00,0,normal,324.25,324.25,313.61328,0.0,0.0,1.0954782126506823,0.7396451527704301,0.0,0.7223556163704461,1.7303566186202008,0
Bear_public_Valorie,2016-09-23 17:00:00,0,normal,295.5,295.5,306.7755,0.0,0.0,1.4239052691234595,4.039753542370692,0.0,1.3237147225423256,1.7303566186202008,0
Bear_public_Valorie,2016-09-23 18:00:00,0,normal,296.75,296.75,299.9162,0.0,0.0,0.0,1.9267046504301468,0.22253512413575682,0.24083808130376838,1.7303566186202008,0
Bear_public_Valorie,2016-09-23 19:00:00,0,normal,305.75,305.75,292.96838,0.0,0.0,0.0,1.5922425500770023,0.962616753100986,0.1990303187596254,1.7303566186202008,0
Bear_public_Valorie,2016-09-23 20:00:00,0,normal,298.25,298.25,291.0955,0.0,0.0,0.640568748302505,1.7395352106050732,2.2116894756184706,0.5857689315995747,1.7303566186202008,0
Bear_public_Valorie,2016-09-23 21:00:00,0,normal,273.75,273.75,283.95493,0.0,0.0,0.7357634057039418,1.8369924039199623,4.897065655244928,0.6526880087697623,1.7303566186202008,0
Bear_public_Valorie,2016-09-23 22:00:00,0,normal,157.25,157.25,248.96017,5.625139493822981,10.0,0.0,1.5117303249885286,6.02774545966468,1.8765081387704605,1.7303566186202008,1
Bear_public_Valorie,2016-09-23 23:00:00,0,normal,63.5,63.5,193.11795,8.447320045529892,6.315135833099129,0.0,0.0,1.8841724369880133,2.534196013658967,1.7303566186202008,1
Bear_public_Valorie,2016-10-02 00:00:00,0,normal,105.75,105.75,76.100716,1.2237370194653383,10.0,0.0,0.0,0.46898101837922773,0.36712110583960145,1.7303566186202008,0
Bear_public_Valorie,2016-10-02 01:00:00,0,normal,101.25,101.25,64.38359,1.5919317254009602,0.23740819975076194,0.0,0.0,0.0,0.47757951762028794,1.7303566186202008,0
Bear_public_Valorie,2016-10-02 02:00:00,0,normal,93.0,93.0,60.319008,1.2456091381517809,0.18323805024906994,0.8017884590411981,0.0,0.0,0.8347111053942231,1.7303566186202008,0
Bear_public_Valorie,2016-10-02 03:00:00,0,normal,95.25,95.25,58.45977,1.5856282478855013,0.16762637932280441,0.525685357873929,0.0,0.0,0.7779575551431595,1.7303566186202008,0
Bear_public_Valorie,2016-10-02 04:00:00,0,normal,93.8,93.8,67.479095,0.719343321514284,1.4710162508560969,0.7925099419502345,0.4494686799496714,0.0,0.7276797980693789,1.7303566186202008,0
Bear_public_Valorie,2016-10-02 05:00:00,0,normal,94.5,94.5,73.483925,0.28039490416123225,0.41264221252417865,1.331543325684032,3.2189383928548825,0.0,1.2521231826235484,1.7303566186202008,0
Bear_public_Valorie,2016-10-02 06:00:00,0,normal,96.25,96.25,83.655045,0.0,0.019956545591363804,1.425248492151613,3.7939048689868673,0.0,1.293755991610536,1.7303566186202008,0
Bear_public_Valorie,2016-10-02 07:00:00,0,normal,93.75,93.75,105.44839,0.0,0.0,1.3084922831601298,4.707266344678536,0.3103480554799045,1.3407913559018916,1.7303566186202008,0
Bear_public_Valorie,2016-10-02 08:00:00,0,normal,96.0,96.0,122.47163,0.9100931015704612,1.579514903133909,1.306207583710601,5.727620237764961,0.981726016017602,1.740049820825354,1.7303566186202008,1
Bear_public_Valorie,2016-10-02 09:00:00,0,normal,101.0,101.0,143.46365,2.1916844190575975,2.4995955859573846,1.2934511324457316,5.806383967019246,2.6715504301093804,2.127037722750981,1.7303566186202008,1
Bear_public_Valorie,2016-10-02 10:00:00,0,normal,208.5,208.5,154.95258,3.0799310503070623,1.525408276321107,0.9061699329441629,4.890586677471995,6.665849519424729,2.056350361219012,1.7303566186202008,1
Bear_public_Valorie,2016-10-02 11:00:00,0,normal,227.25,227.25,207.77689,0.409380720576555,5.939596914753375,0.0,0.0,4.086093337106798,0.12281421617296694,1.7303566186202008,0
Bear_public_Valorie,2016-10-02 12:00:00,0,normal,250.0,250.0,233.33736,0.21875405602742704,0.0,0.0,0.0,2.0054830635161545,0.06562621680822832,1.7303566186202008,0
Bear_public_Valorie,2016-10-02 13:00:00,0,normal,265.25,265.25,254.12552,0.0,0.0,0.0,0.0,0.8986195348121402,9.976680979263854e-17,1.7303566186202008,0
Bear_public_Valorie,2016-10-02 14:00:00,0,normal,309.25,309.25,268.4667,2.3576794466412196,5.164717134945921,0.0,0.0,0.2610201326697948,0.7073038339923657,1.7303566186202008,0
Bear_public_Valorie,2016-10-02 15:00:00,0,normal,311.75,311.75,284.72888,1.1373032438568753,2.3479855859042624,0.0,0.0,0.0,0.34119097315706254,1.7303566186202008,0
Bear_public_Valorie,2016-10-02 16:00:00,0,normal,303.5,303.5,294.89374,0.0,2.142240789565063,0.0,0.0,0.0,0.0,1.7303566186202008,0
Bear_public_Valorie,2016-10-02 17:00:00,0,normal,292.25,292.25,293.39435,0.0,0.0,0.7875307094338803,0.14614925177208993,0.0,0.4710988143959923,1.7303566186202008,0
Bear_public_Valorie,2016-10-02 18:00:00,0,normal,285.0,285.0,283.6327,0.0,0.0,0.22222306341257797,0.6343237834225439,0.0,0.2070687343900503,1.7303566186202008,0
Bear_public_Valorie,2016-10-02 19:00:00,0,normal,257.75,257.75,275.65863,0.13071841877091653,0.0,0.2543830278571808,1.2712549304646847,0.0,0.3443926329572395,1.7303566186202008,0
Bear_public_Valorie,2016-10-02 20:00:00,0,normal,251.25,251.25,269.19443,0.13338346389961325,0.0,0.0,1.0097557175838794,0.021138392243662003,0.1662345038678689,1.7303566186202008,0
Bear_public_Valorie,2016-10-02 21:00:00,0,normal,241.25,241.25,252.99478,0.0,0.0,0.0,0.6721618074361804,0.8174236204601291,0.08402022592952264,1.7303566186202008,0
Bear_public_Valorie,2016-10-02 22:00:00,0,normal,240.0,240.0,213.47734,0.772020746758148,1.2375544278156312,0.3295830816931764,0.6332010125530085,3.339365603797231,0.5002666225701472,1.7303566186202008,0
Bear_public_Valorie,2016-10-02 23:00:00,0,normal,235.25,235.25,198.82349,1.5093487630355482,1.151631777902026,0.5416338126435506,0.8415964937345065,4.08404197382919,0.8694436328975197,1.7303566186202008,0
Bear_public_Valorie,2016-10-03 00:00:00,0,normal,227.5,227.5,193.62993,1.3439995726206673,0.0,0.9326200049070367,1.1758599426826293,4.199601254204033,1.0864388674430752,1.7303566186202008,0
Bear_public_Valorie,2016-10-03 01:00:00,0,normal,224.75,224.75,179.11597,2.3174092743233525,1.7363296015301573,0.5027709994659647,2.13769725142942,3.67496583426843,1.2515282634186133,1.7303566186202008,0
Bear_public_Valorie,2016-10-03 02:00:00,1,spike,169.25,585.8750036707536,153.05682,10.0,10.0,0.5820439266677686,2.310260778301984,3.0974602513794895,3.6234578551217145,1.7303566186202008,1
Bear_public_Valorie,2016-10-03 03:00:00,1,spike,116.0,385.9101302508223,213.66003,10.0,10.0,0.0,0.0,0.0,2.999999999999999,1.7303566186202008,1
Bear_public_Valorie,2016-10-03 04:00:00,0,normal,127.0,127.0,230.07709,7.692346687648138,10.0,0.0,0.0,0.0,2.3077040062944407,1.7303566186202008,1
Bear_public_Valorie,2016-10-03 05:00:00,0,normal,139.25,139.25,172.9069,1.6889534364925158,10.0,0.0,0.0,0.0,0.5066860309477547,1.7303566186202008,0
Bear_public_Valorie,2016-10-03 06:00:00,0,normal,151.75,151.75,138.89545,0.0,3.5084995336817393,0.0,0.0,0.0,0.0,1.7303566186202008,0
Bear_public_Valorie,2016-10-03 07:00:00,0,normal,158.25,158.25,138.08832,0.4927039215331822,0.5457771748806818,0.1756609984745064,0.0,0.0,0.24881625058279577,1.7303566186202008,0
Bear_public_Valorie,2016-10-03 08:00:00,0,normal,186.75,186.75,183.90608,0.0,0.5457771748806818,0.33157138388271395,0.0,0.0,0.19065354573256052,1.7303566186202008,0
Bear_public_Valorie,2016-10-03 09:00:00,0,normal,238.25,238.25,233.0745,0.0,0.0,0.0,0.0,0.0,0.0,1.7303566186202008,0
Bear_public_Valorie,2016-10-03 10:00:00,0,normal,252.5,252.5,287.9092,1.626345628718504,3.3534402842458984,0.0,0.022851415766322724,0.0,0.49076011558634147,1.7303566186202008,0
Bear_public_Valorie,2016-10-03 11:00:00,0,normal,255.0,255.0,307.16754,2.9693480829079775,2.651691068975063,0.0,0.0,0.0,0.8908044248723931,1.7303566186202008,0
Bear_public_Valorie,2016-10-03 12:00:00,0,normal,259.25,259.25,313.85785,3.603121674072466,0.895161027612742,0.30539403116157593,0.0,0.0,1.2565380701396458,1.7303566186202008,0
Bear_public_Valorie,2016-10-03 13:00:00,0,normal,265.0,265.0,320.1432,3.650273006555051,0.0,0.9225046045934481,0.0,0.0,1.6255220496077476,1.7303566186202008,0
Bear_public_Valorie,2016-10-03 14:00:00,0,normal,273.5,273.5,322.4505,3.081915442635877,0.7331467286558724,0.7020805981167483,0.4893503087111619,0.0,1.3894397652967883,1.7303566186202008,0
Bear_public_Valorie,2016-10-03 15:00:00,0,normal,274.75,274.75,311.90024,2.035514136293559,1.9171061505413032,0.46350090843613756,2.089641295799438,0.1450061734449784,1.1383724252137766,1.7303566186202008,0
Bear_public_Valorie,2016-10-03 16:00:00,0,normal,280.25,280.25,309.88177,1.3688061136153002,0.9767289408282105,0.658623482883132,2.572607503450486,1.0230883016235361,1.1109262746737019,1.7303566186202008,0
Bear_public_Valorie,2016-10-03 17:00:00,0,normal,277.0,277.0,305.5732,1.2749368497886986,0.0,0.88575861432314,2.4730624222723283,1.3259642678380816,1.2009250609564561,1.7303566186202008,0
Bear_public_Valorie,2016-10-03 18:00:00,0,normal,266.25,266.25,314.29175,2.086518495253483,1.3355339527113212,1.0161538323517985,2.9029739687680687,1.859730111692913,1.5731157482743379,1.7303566186202008,0
Bear_public_Valorie,2016-10-03 19:00:00,0,normal,265.75,265.75,308.42313,1.725412005255138,0.21985298607772266,0.4367402117871197,3.4435072372208375,2.814637387008869,1.19918762800674,1.7303566186202008,0
Bear_public_Valorie,2016-10-03 20:00:00,0,normal,256.75,256.75,299.52722,1.7324137176192622,0.0,0.534343886260752,3.505955015451781,5.127724183112441,1.2652162268171843,1.7303566186202008,0
Bear_public_Valorie,2016-10-03 21:00:00,0,normal,253.25,253.25,293.6776,1.5743733076694981,0.0,0.6479261469674349,2.6925061051359367,10.0,1.1814327899491177,1.7303566186202008,0
Bear_public_Valorie,2016-10-03 22:00:00,0,normal,246.25,246.25,288.65918,1.7076583229809341,0.0,0.5243499471181927,2.2875178535437435,10.0,1.09973844818021,1.7303566186202008,0
Bear_public_Valorie,2016-10-03 23:00:00,0,normal,240.5,240.5,283.2991,1.733885493569153,0.0,0.6474636431449978,2.232575679959505,10.0,1.1715292028740587,1.7303566186202008,0
Bear_public_Valorie,2016-10-04 00:00:00,0,normal,236.0,236.0,256.75833,0.48128560547477856,2.4277932111171685,0.5304698589763331,2.351973983716898,10.0,0.7434025985184385,1.7303566186202008,0
Bear_public_Valorie,2016-10-04 01:00:00,0,normal,233.5,233.5,266.17496,1.4764000485095268,1.7900852115699926,0.6718130754124758,2.2255205283308337,8.924412077729963,1.1074025989563867,1.7303566186202008,0
Bear_public_Valorie,2016-10-04 02:00:00,0,normal,173.25,173.25,277.04257,7.4151754810194435,10.0,0.8881612386401123,2.54971535944748,7.979482352200171,3.0539597764548327,1.7303566186202008,1
Bear_public_Valorie,2016-10-04 03:00:00,0,normal,116.75,116.75,172.48328,3.153071736474904,9.881358920363054,0.0,0.0,1.926031007267941,0.9459215209424712,1.7303566186202008,0
Bear_public_Valorie,2016-10-04 04:00:00,0,normal,113.25,113.25,85.45716,0.841138627971065,5.051418281205111,0.0,0.0,0.0,0.2523415883913194,1.7303566186202008,0
Bear_public_Valorie,2016-10-04 05:00:00,0,normal,132.5,132.5,97.12888,1.4682036471102957,0.8785460688718516,0.0,0.0,0.0,0.4404610941330886,1.7303566186202008,0
Bear_public_Valorie,2016-10-04 06:00:00,0,normal,159.5,159.5,148.05447,0.0,2.961773847673364,0.0,0.0,0.0,0.0,1.7303566186202008,0
Bear_public_Valorie,2016-10-04 07:00:00,0,normal,164.0,164.0,173.57709,0.0,0.0,0.0,0.0,0.0,0.0,1.7303566186202008,0
Bear_public_Valorie,2016-10-04 08:00:00,0,normal,200.0,200.0,192.56674,0.0,0.0,0.0,0.0,0.0,0.0,1.7303566186202008,0
Bear_public_Valorie,2016-10-04 09:00:00,0,normal,249.0,249.0,223.07289,0.8664557996959031,1.4714394487034013,0.0,0.0,0.0,0.25993673990877086,1.7303566186202008,0
Bear_public_Valorie,2016-10-04 10:00:00,0,normal,258.25,258.25,264.8524,0.0,1.4714394487034013,0.0,0.0,0.0,0.0,1.7303566186202008,0
Bear_public_Valorie,2016-10-04 11:00:00,0,normal,268.25,268.25,273.6277,0.0,0.0,0.0,0.0,0.0,0.0,1.7303566186202008,0
Bear_public_Valorie,2016-10-04 12:00:00,0,normal,305.5,305.5,284.98215,0.560619003300326,0.7139808219752923,0.0,0.0,0.0,0.16818570099009775,1.7303566186202008,0
Bear_public_Valorie,2016-10-04 13:00:00,0,normal,304.75,304.75,295.49777,0.0,0.7139808219752923,0.0,0.0,0.0,0.0,1.7303566186202008,0
Bear_public_Valorie,2016-10-04 14:00:00,0,normal,307.75,307.75,299.84534,0.0,0.0,0.0,0.0,0.0,0.0,1.7303566186202008,0
Bear_public_Valorie,2016-10-04 15:00:00,0,normal,316.75,316.75,304.67984,0.0,0.0,1.0829478731852262,0.0,0.0,0.622695027081505,1.7303566186202008,0
Bear_public_Valorie,2016-10-04 16:00:00,0,normal,313.5,313.5,301.1297,0.0,0.0,0.2751037778439979,0.1536363025819928,0.0,0.17738921008304787,1.7303566186202008,0
Bear_public_Valorie,2016-10-04 17:00:00,0,normal,311.25,311.25,292.75024,0.38166202957560624,0.27076239581306777,0.5122359094482439,0.6653060002717136,0.0,0.49219750683938623,1.7303566186202008,0
Bear_public_Valorie,2016-10-04 18:00:00,0,normal,298.75,298.75,284.54135,0.0,0.27076239581306777,0.8379227676701765,3.240245779821206,0.0,0.8868363138880022,1.7303566186202008,0
Bear_public_Valorie,2016-10-04 19:00:00,0,normal,286.75,286.75,275.9403,0.0,0.0,0.14514214928737157,2.639465355563761,0.3556153259978657,0.41338990528570885,1.7303566186202008,0
Bear_public_Valorie,2016-10-04 20:00:00,0,normal,279.75,279.75,261.83743,0.1310115055753512,0.0,0.0,1.5558164168503419,1.700782812854242,0.23378050377889828,1.7303566186202008,0
Bear_public_Valorie,2016-10-04 21:00:00,0,normal,256.75,256.75,255.2258,0.0,0.0,0.0192225712944506,0.9868891684975412,3.836914715595257,0.13441412455650215,1.7303566186202008,0
Bear_public_Valorie,2016-10-04 22:00:00,0,normal,249.25,249.25,237.81183,0.0,0.0,0.0,0.43173740335789035,4.1549852368069535,0.05396717541973675,1.7303566186202008,0
Bear_public_Valorie,2016-10-04 23:00:00,0,normal,243.75,243.75,226.38614,0.09016111221306007,0.0,0.0,0.2689105667158226,3.8020320001078463,0.06066215450339626,1.7303566186202008,0
Bear_public_Valorie,2016-10-05 00:00:00,0,normal,239.25,239.25,216.53232,0.6449039040493756,0.699427350586793,0.2978901441112336,0.3692978109304095,3.1179721138287984,0.4109202304450735,1.7303566186202008,0
Bear_public_Valorie,2016-10-05 01:00:00,0,normal,229.75,229.75,204.92522,0.5955466846198963,0.0,0.4835105750126974,0.5694496113811353,2.550843909280368,0.5278637874409121,1.7303566186202008,0
Bear_public_Valorie,2016-10-05 02:00:00,0,normal,194.75,194.75,145.81268,3.010389266636505,5.306291695401724,0.2328078575763901,0.7760073103548548,2.0909535388034026,1.1339822118917326,1.7303566186202008,0
Bear_public_Valorie,2016-10-05 03:00:00,0,normal,112.5,112.5,89.19679,0.7935751193819593,4.815839441075932,0.0,0.374348976556856,1.2724859734346483,0.28486615788419495,1.7303566186202008,0
Bear_public_Valorie,2016-10-05 04:00:00,0,normal,109.5,109.5,71.8964,2.0302598434984462,2.38837650785282,0.0,0.0,0.0,0.6090779530495337,1.7303566186202008,0
Bear_public_Valorie,2016-10-05 05:00:00,0,normal,127.75,127.75,96.68826,1.464525609040616,0.7266495917689325,0.0,0.0,0.0,0.4393576827121847,1.7303566186202008,0
Bear_public_Valorie,2016-10-05 06:00:00,0,normal,145.75,145.75,142.70096,0.0,2.9526645393816633,0.00923280985662855,0.0,0.0,0.005308865667561415,1.7303566186202008,0
Bear_public_Valorie,2016-10-05 07:00:00,0,normal,149.25,149.25,167.38902,0.3172781818737819,0.11130447106872901,0.0,0.0,0.0,0.09518345456213453,1.7303566186202008,0
Bear_public_Valorie,2016-10-05 08:00:00,0,normal,171.75,171.75,178.20209,0.0,0.11130447106872901,0.0,0.0,0.0,0.0,1.7303566186202008,0
Bear_public_Valorie,2016-10-05 09:00:00,0,normal,242.0,242.0,202.89813,1.9222729473282145,4.086356346038273,0.0,0.32626520489508354,0.11550586398811052,0.6174650348103496,1.7303566186202008,0
Bear_public_Valorie,2016-10-05 10:00:00,0,normal,254.5,254.5,231.98715,0.6974865895108627,2.358908110644023,0.0,0.0,0.202999984038929,0.2092459768532588,1.7303566186202008,0
Bear_public_Valorie,2016-10-05 11:00:00,0,normal,300.25,300.25,251.13187,3.219134610199048,5.570814152662319,0.0,0.0,0.16711716098886714,0.9657403830597142,1.7303566186202008,0
Bear_public_Valorie,2016-10-05 12:00:00,0,normal,317.5,317.5,281.98303,1.8906820917023317,2.615655593719289,0.0,0.0,0.0,0.5672046275106993,1.7303566186202008,0
Bear_public_Valorie,2016-10-05 13:00:00,0,normal,314.25,314.25,298.9031,0.10207846069626475,3.755300770089521,0.0,0.0,0.0,0.03062353820887942,1.7303566186202008,0
Bear_public_Valorie,2016-10-05 14:00:00,0,normal,317.5,317.5,307.44574,0.0,0.0,0.10182815674147465,0.0,0.0,0.05855119012634792,1.7303566186202008,0
Bear_public_Valorie,2016-10-05 15:00:00,0,normal,316.5,316.5,307.112,0.0,0.0,1.0816122695394326,0.0,0.0,0.6219270549851736,1.7303566186202008,0
Bear_public_Valorie,2016-10-05 16:00:00,0,normal,313.5,313.5,302.5928,0.0,0.0,1.1308372218632512,0.3192956994960007,0.0,0.6901433650083695,1.7303566186202008,0
Bear_public_Valorie,2016-10-05 17:00:00,0,normal,324.25,324.25,295.55853,1.2854232970838835,2.5090861575210766,1.0356526178787748,2.7870935127325813,0.0,1.329513933497033,1.7303566186202008,0
Bear_public_Valorie,2016-10-05 18:00:00,0,normal,314.75,314.75,291.44513,0.422656283383939,1.462303521281579,0.4695675827963883,3.8672651921191195,0.0,0.8802063941379948,1.7303566186202008,0
Bear_public_Valorie,2016-10-05 19:00:00,0,normal,304.75,304.75,286.3111,0.09535958651062763,0.136117085845086,0.43546597162487677,3.8235349762623545,0.025612898727146883,0.7569426816702867,1.7303566186202008,0
Bear_public_Valorie,2016-10-05 20:00:00,0,normal,293.5,293.5,282.3495,0.0,0.0,0.07986491815380195,2.9142787080539083,1.0513058826106791,0.41020716644517474,1.7303566186202008,0
Bear_public_Valorie,2016-10-05 21:00:00,0,normal,285.0,285.0,275.61725,0.0,0.0,0.02146746995006396,1.863244295894347,3.6847143661603234,0.24524933220808057,1.7303566186202008,0
Bear_public_Valorie,2016-10-05 22:00:00,0,normal,274.75,274.75,263.88193,0.0,0.0,0.07642823848231822,1.2722651931925748,5.508280822349621,0.20297938627640544,1.7303566186202008,0
Bear_public_Valorie,2016-10-05 23:00:00,0,normal,282.5,282.5,247.02328,2.326531140634365,5.087572875749776,0.11756792748665765,0.8431802685759604,7.255122245554764,0.8709584340671334,1.7303566186202008,0
Bear_public_Valorie,2016-10-06 00:00:00,0,normal,277.0,277.0,240.12329,1.5927839732373015,1.1427631757345078,0.5198439380068792,1.2432950603944388,6.646228469457742,0.9321573388744515,1.7303566186202008,0
Bear_public_Valorie,2016-10-06 01:00:00,0,normal,255.5,255.5,229.55434,1.0220922818837097,0.7389276058489341,0.7116689317901839,1.8037166113230971,6.160447516436435,0.9413018967598563,1.7303566186202008,0
Bear_public_Valorie,2016-10-06 02:00:00,0,normal,197.75,197.75,191.20052,0.0,1.856900575213143,0.0,1.5311050929629455,4.893532495982532,0.19138813662036874,1.7303566186202008,0
Bear_public_Valorie,2016-10-06 03:00:00,0,normal,133.75,133.75,113.45219,0.5336714196655522,0.6472403906923423,0.0,0.0,2.308485291777822,0.1601014258996659,1.7303566186202008,0
Bear_public_Valorie,2016-10-06 04:00:00,0,normal,130.0,130.0,86.195694,2.5664912212139206,4.360145077065934,0.0,0.0,0.3900181239408056,0.769947366364176,1.7303566186202008,0
Bear_public_Valorie,2016-10-06 05:00:00,0,normal,134.5,134.5,110.6623,0.839797537192121,3.6019698956617785,0.0,0.0,0.0,0.25193926115763626,1.7303566186202008,0
Bear_public_Valorie,2016-10-06 06:00:00,0,normal,153.0,153.0,146.94116,0.0,1.4054155720964978,0.9623478223000688,0.0,0.0,0.5533499978225395,1.7303566186202008,0
Bear_public_Valorie,2016-10-06 07:00:00,0,normal,157.0,157.0,169.58986,0.0,0.0,0.0,0.0,0.0,0.0,1.7303566186202008,0
Bear_public_Valorie,2016-10-06 08:00:00,0,normal,184.25,184.25,191.30919,0.0,0.0,0.0,0.2560335206901904,0.0,0.0320041900862738,1.7303566186202008,0
Bear_public_Valorie,2016-10-06 09:00:00,0,normal,239.0,239.0,218.85524,0.4030619052578947,0.32376295244161896,0.0,0.5605135344998626,0.0,0.1909827633898512,1.7303566186202008,0
Bear_public_Valorie,2016-10-06 10:00:00,0,normal,258.0,258.0,253.22409,0.0,0.32376295244161896,0.0,0.0,0.0,0.0,1.7303566186202008,0
Bear_public_Valorie,2016-10-06 11:00:00,0,normal,310.75,310.75,272.42548,2.196116677001945,4.764578515055759,0.0,0.0,0.0,0.6588350031005834,1.7303566186202008,0
Bear_public_Valorie,2016-10-06 12:00:00,0,normal,312.75,312.75,292.65994,0.5226837728012542,3.4700602052084935,0.0,0.0,0.0,0.15680513184037623,1.7303566186202008,0
Bear_public_Valorie,2016-10-06 13:00:00,0,normal,313.5,313.5,303.21417,0.0,0.6200275503706703,0.0,0.0,0.0,0.0,1.7303566186202008,0
Bear_public_Valorie,2016-10-06 14:00:00,0,normal,304.0,304.0,304.46088,0.0,0.0,1.1805527914262348,0.0,0.0,0.678817855070085,1.7303566186202008,0
Bear_public_Valorie,2016-10-06 15:00:00,0,normal,303.5,303.5,302.91003,0.0,0.0,0.474328102091133,0.0,0.0,0.27273865870240144,1.7303566186202008,0
Bear_public_Valorie,2016-10-06 16:00:00,0,normal,300.25,300.25,295.89362,0.0,0.0,0.4247089341733448,0.4968644103367776,0.0,0.30631568844177043,1.7303566186202008,0
Bear_public_Valorie,2016-10-06 17:00:00,0,normal,297.5,297.5,279.34924,0.35071415570006154,0.19411454204858922,1.0240226895378421,3.0310790394082754,0.0,1.072912173120312,1.7303566186202008,0
Bear_public_Valorie,2016-10-06 18:00:00,0,normal,308.25,308.25,264.87766,1.7724431496957163,2.8466711937718063,0.8142695132580123,2.6718711351435624,0.0,1.3339218069250172,1.7303566186202008,0
Bear_public_Valorie,2016-10-06 19:00:00,0,normal,300.5,300.5,269.06384,0.9695862900011831,1.3139254859541571,0.41261100502621106,2.938426736185476,0.15460298716847462,0.8954305569136107,1.7303566186202008,0
Bear_public_Valorie,2016-10-06 20:00:00,0,normal,285.0,285.0,271.02234,0.0,1.7268602498662387,0.4157660806958187,3.757543515778431,1.2634034079331966,0.7087584358723997,1.7303566186202008,0
Bear_public_Valorie,2016-10-06 21:00:00,0,normal,268.5,268.5,260.45145,0.0,0.0,0.0,2.2812352989133173,3.8044666023323144,0.2851544123641651,1.7303566186202008,0
Bear_public_Valorie,2016-10-06 22:00:00,0,normal,267.0,267.0,249.44391,0.10447238183425428,0.0,0.0,1.0990232285388468,5.4120532094708516,0.16871961811763275,1.7303566186202008,0
Bear_public_Valorie,2016-10-06 23:00:00,0,normal,233.5,233.5,238.70676,0.0,0.0,0.0,0.7716050348888445,6.061665785309037,0.09645062936110622,1.7303566186202008,0
Bear_public_Valorie,2016-10-07 00:00:00,0,normal,239.5,239.5,197.41245,2.023955723777942,4.338191629167159,0.0,0.08370242297817597,3.5838302668079636,0.6176495200056549,1.7303566186202008,0
Bear_public_Valorie,2016-10-07 01:00:00,0,normal,235.75,235.75,182.18596,3.410504112009381,2.7595402348954305,0.0,0.1434697985345021,2.9019544755711104,1.0410849584196271,1.7303566186202008,0
Bear_public_Valorie,2016-10-07 02:00:00,0,normal,186.5,186.5,149.42017,1.6095915631593423,3.7857859704201733,0.794173270856964,0.40716990020574545,2.5736023801708074,0.9904233372162754,1.7303566186202008,0
Bear_public_Valorie,2016-10-07 03:00:00,0,normal,108.75,108.75,104.1627,0.0,3.3119458936424166,0.0,0.0,1.367514551971605,1.518246142108831e-16,1.7303566186202008,0
Bear_public_Valorie,2016-10-07 04:00:00,0,normal,114.75,114.75,79.66774,1.8122167361622938,3.8137827788445686,0.0,0.0,0.0,0.5436650208486881,1.7303566186202008,0
Bear_public_Valorie,2016-10-07 05:00:00,0,normal,135.0,135.0,88.34806,2.8127519280034465,1.8035106495654467,0.0,0.0,0.0,0.8438255784010338,1.7303566186202008,0
Bear_public_Valorie,2016-10-07 06:00:00,0,normal,146.25,146.25,134.59047,0.0,6.291784187886611,0.0,0.0,0.0,0.0,1.7303566186202008,0
Bear_public_Valorie,2016-10-07 07:00:00,0,normal,150.0,150.0,169.55794,0.4403410116822992,0.41609121735503213,0.0,0.0,0.0,0.13210230350468974,1.7303566186202008,0
Bear_public_Valorie,2016-10-07 08:00:00,0,normal,174.0,174.0,185.43645,0.0,0.41609121735503213,0.20475335750657955,0.11411323062830646,0.0,0.13199733439482153,1.7303566186202008,0
Bear_public_Valorie,2016-10-07 09:00:00,0,normal,251.5,251.5,220.22992,1.2946383027430695,2.531908740068896,0.0,0.33581193661037434,0.047165243038225266,0.4303679828992175,1.7303566186202008,0
Bear_public_Valorie,2016-10-07 10:00:00,0,normal,305.25,305.25,267.6737,2.125199466246254,1.3825400678641018,0.0,0.0,0.15532558775382485,0.637559839873876,1.7303566186202008,0
Bear_public_Valorie,2016-10-07 11:00:00,0,normal,298.5,298.5,292.0325,0.0,4.588939567409593,0.0,0.0,0.0,0.0,1.7303566186202008,0
Bear_public_Valorie,2016-10-07 12:00:00,0,normal,278.75,278.75,298.2264,0.4682679064240722,0.48525708486733554,0.0,0.0,0.0,0.14048037192722163,1.7303566186202008,0
Bear_public_Valorie,2016-10-07 13:00:00,0,normal,278.75,278.75,297.68918,0.42062831463454015,0.0,0.0,0.0,0.0,0.126188494390362,1.7303566186202008,0
Bear_public_Valorie,2016-10-07 14:00:00,0,normal,282.5,282.5,295.67563,0.0,0.36726925541036815,0.0,0.0,0.0,0.0,1.7303566186202008,0
Bear_public_Valorie,2016-10-07 15:00:00,0,normal,281.25,281.25,291.45486,0.0,0.0,0.9925021177034413,0.6730561678288447,0.0,0.6548207386580843,1.7303566186202008,0
Bear_public_Valorie,2016-10-07 16:00:00,0,normal,279.75,279.75,279.3186,0.0,0.0,1.0456633696276767,1.5450386930250724,0.0,0.7943862741640482,1.7303566186202008,0
Bear_public_Valorie,2016-10-07 17:00:00,0,normal,279.75,279.75,262.8764,0.23746052491206351,0.0,1.17452830565762,2.336971532957521,0.0,1.0387133748464406,1.7303566186202008,0
Bear_public_Valorie,2016-10-07 18:00:00,0,normal,281.75,281.75,252.94217,0.7927986976938858,0.7009019162331724,1.3156697275323466,5.156468579695187,0.0,1.6389082751011634,1.7303566186202008,0
Bear_public_Valorie,2016-10-07 19:00:00,0,normal,271.75,271.75,251.75867,0.19977972956632825,0.7942250344222834,1.226689964424709,5.179053089255823,0.37764116522642865,1.4126622845710837,1.7303566186202008,0
Bear_public_Valorie,2016-10-07 20:00:00,0,normal,267.75,267.75,261.88977,0.0,0.0,0.4158298783243305,3.5786748883015562,1.750093232069992,0.6864365410741847,1.7303566186202008,0
Bear_public_Valorie,2016-10-07 21:00:00,0,normal,250.5,250.5,243.60788,0.0,0.0,0.18958311477684245,2.7885158896023525,6.864632819624881,0.45757477719697925,1.7303566186202008,0
Bear_public_Valorie,2016-10-07 22:00:00,0,normal,222.5,222.5,202.78064,0.18148619084188547,0.0,0.0,1.3608146952053326,6.730537077569036,0.22454769415323295,1.7303566186202008,0
Bear_public_Valorie,2016-10-07 23:00:00,0,normal,155.5,155.5,181.68454,0.6163497985968144,0.4025254629861733,0.0,0.2685750736956532,4.472639579421696,0.21847682379100142,1.7303566186202008,0
Bear_public_Valorie,2016-11-27 00:00:00,0,normal,139.5,139.5,104.07552,1.8418113027420047,2.360580229291459,0.0,0.0,0.023778264702341366,0.5525433908226013,1.7303566186202008,0
Bear_public_Valorie,2016-11-27 01:00:00,0,normal,140.5,140.5,96.695656,2.5664945201289338,1.1203147090741112,0.6658191072714195,0.0,0.0,1.152794342719746,1.7303566186202008,0
Bear_public_Valorie,2016-11-27 02:00:00,0,normal,141.0,141.0,102.70023,2.090463722915801,0.5044832494944221,1.2256134439612576,0.0,0.0,1.3318668471524633,1.7303566186202008,0
Bear_public_Valorie,2016-11-27 03:00:00,0,normal,139.6592,139.6592,99.16948,2.279848932793132,0.0,1.0805516194847695,0.0,0.0,1.3052718610416818,1.7303566186202008,0
Bear_public_Valorie,2016-11-27 04:00:00,0,normal,151.5874,151.5874,120.02014,1.5082426281047292,1.2365279891244492,1.1304468315318357,4.379244363386494,0.0,1.6498852619855358,1.7303566186202008,0
Bear_public_Valorie,2016-11-27 05:00:00,0,normal,162.5,162.5,131.41022,1.4669509713580169,0.0,0.0,1.6375218728968333,0.0,0.6447755255195091,1.7303566186202008,0
Bear_public_Valorie,2016-11-27 06:00:00,0,normal,158.75,158.75,157.78862,0.0,2.9586713758117718,0.0,0.4363088055484915,0.0,0.05453860069356144,1.7303566186202008,0
Bear_public_Valorie,2016-11-27 07:00:00,0,normal,155.25,155.25,155.76602,0.0,0.0,0.0,0.3328271211016203,0.0,0.04160339013770254,1.7303566186202008,0
Bear_public_Valorie,2016-11-27 08:00:00,0,normal,156.5,156.5,164.76318,0.0,0.0,0.12210781254905055,0.4256556611854193,0.07313146910600718,0.1234189498638815,1.7303566186202008,0
Bear_public_Valorie,2016-11-27 09:00:00,0,normal,155.75,155.75,165.0911,0.0,0.0,0.6206014277749166,0.6881383342088067,0.7969315538381633,0.44286311274667794,1.7303566186202008,0
Bear_public_Valorie,2016-11-27 10:00:00,0,normal,159.0,159.0,170.30145,0.0,0.0,1.1561832935271383,2.1325373490144237,4.530747439602977,0.931372562404908,1.7303566186202008,0
Bear_public_Valorie,2016-11-27 11:00:00,0,normal,160.75,160.75,176.8685,0.0,0.0,0.6367935167115156,2.717785548489329,4.281793197985749,0.705879465670288,1.7303566186202008,0
Bear_public_Valorie,2016-11-27 12:00:00,0,normal,197.25,197.25,177.25331,0.6904122193504141,1.0354365537465733,0.35174871584065814,3.1348347847501947,4.2478492485047665,0.8012335255072773,1.7303566186202008,0
Bear_public_Valorie,2016-11-27 13:00:00,0,normal,225.0,225.0,206.62416,0.4118981496387995,0.015298328214970684,0.0,0.0,1.5909532121547831,0.12356944489164,1.7303566186202008,0
Bear_public_Valorie,2016-11-27 14:00:00,0,normal,222.75,222.75,221.37233,0.0,0.34564746605500735,0.0,0.0,0.0945931470715461,1.0501948985058419e-17,1.7303566186202008,0
Bear_public_Valorie,2016-11-27 15:00:00,0,normal,228.25,228.25,220.10732,0.0,0.0,0.0,0.0,0.0,0.0,1.7303566186202008,0
Bear_public_Valorie,2016-11-27 16:00:00,0,normal,225.5,225.5,235.00583,0.0,0.0,0.3849843122547066,0.0,0.0,0.22136597954645626,1.7303566186202008,0
Bear_public_Valorie,2016-11-27 17:00:00,0,normal,222.0,222.0,222.3538,0.0,0.0,0.4154451444427971,0.0,0.0,0.23888095805460832,1.7303566186202008,0
Bear_public_Valorie,2016-11-27 18:00:00,0,normal,224.6,224.6,216.45041,0.0,0.0,0.3401428542858858,0.36301832961026337,0.0,0.24095943241566725,1.7303566186202008,0
Bear_public_Valorie,2016-11-27 19:00:00,0,normal,222.75,222.75,197.50566,2.262003142326197,4.927757936670963,0.7240128842926574,3.5300158440063574,0.0,1.5361603316669314,1.7303566186202008,0
Bear_public_Valorie,2016-11-27 20:00:00,0,normal,224.25,224.25,202.99742,1.6429140129205655,0.8587923748894816,0.9124748056074447,3.4735751280046414,0.0,1.4517441081010303,1.7303566186202008,0
Bear_public_Valorie,2016-11-27 21:00:00,0,normal,213.5,213.5,187.64932,2.356041248529434,1.091694287361404,1.07304344321735,3.627304881437885,0.15485652918337206,1.7772254645885417,1.7303566186202008,1
Bear_public_Valorie,2016-11-27 22:00:00,0,normal,210.0,210.0,158.71793,6.300241327598342,9.09401456964749,0.0,2.2605549607653717,0.7410734942657718,2.1726417683751738,1.7303566186202008,1
Bear_public_Valorie,2016-11-27 23:00:00,0,normal,210.0,210.0,156.76248,6.6035146342434645,0.07661893393513235,0.0,1.5575563200473495,1.776233096859945,2.1757489302789574,1.7303566186202008,1
Bear_public_Valorie,2016-11-28 00:00:00,0,normal,208.25,208.25,164.10355,2.596079849746609,9.25062644140231,0.6738017042922794,1.2567941305490091,5.667848345950654,1.32335920121067,1.7303566186202008,0
Bear_public_Valorie,2016-11-28 01:00:00,0,normal,207.5,207.5,151.90274,3.5863349626249152,1.7780502256216169,1.0351661574469295,1.2313856572607276,7.157653219203221,1.8250442364770505,1.7303566186202008,1
Bear_public_Valorie,2016-11-28 02:00:00,0,normal,135.25,135.25,148.49635,0.0,8.207698655898003,0.8970803879133915,1.3666058664302938,6.3267213763282335,0.6866469563539874,1.7303566186202008,0
Bear_public_Valorie,2016-11-28 03:00:00,0,normal,43.5,43.5,126.61398,5.965955844024512,10.0,0.0,0.0,0.4168893981500225,1.789786753207353,1.7303566186202008,1
Bear_public_Valorie,2016-11-28 04:00:00,0,normal,55.0,55.0,107.84098,3.347974497508011,5.809400580293111,0.0,0.0,0.0,1.0043923492524032,1.7303566186202008,0
Bear_public_Valorie,2016-11-28 05:00:00,0,normal,82.5,82.5,107.78171,0.964674006303152,5.228172158864667,0.0,0.0,0.0,0.28940220189094557,1.7303566186202008,0
Bear_public_Valorie,2016-11-28 06:00:00,0,normal,107.75,107.75,124.113434,0.1632809112998694,1.3103002152020609,0.0,0.0,0.0,0.04898427338996081,1.7303566186202008,0
Bear_public_Valorie,2016-11-28 07:00:00,0,normal,118.0,118.0,144.06357,1.0045759474533584,1.4091243917028131,0.0,0.0,0.0,0.30137278423600744,1.7303566186202008,0
Bear_public_Valorie,2016-11-28 08:00:00,0,normal,137.75,137.75,161.21909,0.7795558476791696,0.0,0.0,0.0,0.0,0.23386675430375084,1.7303566186202008,0
Bear_public_Valorie,2016-11-28 09:00:00,0,normal,219.0,219.0,184.8305,1.7076049514234486,1.6239861011990206,0.0,0.0,0.0,0.5122814854270344,1.7303566186202008,0
Bear_public_Valorie,2016-11-28 10:00:00,0,normal,226.25,226.25,230.79576,0.0,3.5546932914390954,0.0,0.0,0.0,0.0,1.7303566186202008,0
Bear_public_Valorie,2016-11-28 11:00:00,0,normal,229.75,229.75,255.98915,0.6612458366316081,0.963200876217966,0.0,0.0,0.0,0.19837375098948237,1.7303566186202008,0
Bear_public_Valorie,2016-11-28 12:00:00,0,normal,238.0,238.0,268.3435,1.4659798687533174,1.3185746336877793,0.3578291738690928,0.0,0.0,0.6455457356007235,1.7303566186202008,0
Bear_public_Valorie,2016-11-28 13:00:00,0,normal,243.25,243.25,272.67578,1.3851490130688862,0.0,0.301385600151068,0.0,0.0,0.5888414240075299,1.7303566186202008,0
Bear_public_Valorie,2016-11-28 14:00:00,0,normal,251.5,251.5,272.228,0.6190702239040763,1.2228381245722988,0.2223442523968142,0.0,0.0,0.31356901229939105,1.7303566186202008,0
Bear_public_Valorie,2016-11-28 15:00:00,0,normal,243.25,243.25,269.44574,1.1006551507600404,0.518239028594617,0.23416370810191375,1.3605484483672032,0.0,0.6349092334325129,1.7303566186202008,0
Bear_public_Valorie,2016-11-28 16:00:00,0,normal,246.25,246.25,255.37602,0.0,2.0514753401603816,0.49130657270188643,1.8376215609494047,0.0,0.5122039744222602,1.7303566186202008,0
Bear_public_Valorie,2016-11-28 17:00:00,0,normal,242.0,242.0,224.31177,1.1754896848009337,2.2368162280277017,0.586837429015464,2.327386003003038,0.0,0.9810016774995516,1.7303566186202008,0
Bear_public_Valorie,2016-11-28 18:00:00,0,normal,256.75,256.75,223.63838,3.4821533091059464,5.03836747661963,0.9688728014864063,3.3529282409035055,0.06993510620259315,2.0208638836994055,1.7303566186202008,1
Bear_public_Valorie,2016-11-28 19:00:00,0,normal,252.25,252.25,229.5073,1.874020521652717,3.308332978989638,0.18747857023066464,2.8875599796812317,0.738340484340413,1.030951331838601,1.7303566186202008,0
Bear_public_Valorie,2016-11-28 20:00:00,0,normal,248.25,248.25,230.9487,1.0301032411100515,1.4156188412176522,0.20044506538805495,2.933342472815722,2.236101382446206,0.7909546940331125,1.7303566186202008,0
Bear_public_Valorie,2016-11-28 21:00:00,0,normal,228.25,228.25,227.1572,0.0,1.8767411249634458,0.6075801176722626,3.014376618442645,8.708719561647127,0.7261556449668826,1.7303566186202008,0
Bear_public_Valorie,2016-11-28 22:00:00,0,normal,229.5,229.5,218.34274,0.07721279413693939,0.0,0.0,1.860863423585546,9.781499965028518,0.25577176618927616,1.7303566186202008,0
Bear_public_Valorie,2016-11-28 23:00:00,0,normal,220.25,220.25,211.91452,0.0,0.0,0.0,1.5158929891868738,10.0,0.18948662364836033,1.7303566186202008,0
Bear_public_Valorie,2016-11-29 00:00:00,0,normal,214.25,214.25,208.23557,0.0,0.0,0.5042973952439628,1.073694245642396,9.08691501847743,0.42418278297057904,1.7303566186202008,0
Bear_public_Valorie,2016-11-29 01:00:00,0,normal,209.75,209.75,197.99515,0.0,0.0,0.20465591876580688,1.0642124338277164,7.514998855563022,0.25070370751880433,1.7303566186202008,0
Bear_public_Valorie,2016-11-29 02:00:00,0,normal,137.5,137.5,148.97742,0.0,0.0,0.47199847244987186,1.2447772404821482,6.348800209792666,0.4269962767189455,1.7303566186202008,0
Bear_public_Valorie,2016-11-29 03:00:00,0,normal,48.75,48.75,88.52533,2.2180690545254094,4.818947439685852,0.0,0.0,2.2780937287372254,0.6654207163576229,1.7303566186202008,0
Bear_public_Valorie,2016-11-29 04:00:00,0,normal,61.25,61.25,89.05635,1.1830027996794115,1.8890329015356817,0.0,0.0,0.0,0.3549008399038234,1.7303566186202008,0
Bear_public_Valorie,2016-11-29 05:00:00,0,normal,96.5,96.5,87.66811,0.0,2.2554237786735745,0.0,0.0,0.0,0.0,1.7303566186202008,0
Bear_public_Valorie,2016-11-29 06:00:00,0,normal,136.25,136.25,127.31111,0.0,0.0,0.0,0.0,0.0,0.0,1.7303566186202008,0
Bear_public_Valorie,2016-11-29 07:00:00,0,normal,146.0,146.0,155.69868,0.0,0.0,0.0,0.0,0.0,0.0,1.7303566186202008,0
Bear_public_Valorie,2016-11-29 08:00:00,0,normal,164.5,164.5,189.8064,0.9389062653288478,1.6508757717714775,0.0,0.0,0.0,0.28167187959865425,1.7303566186202008,0
Bear_public_Valorie,2016-11-29 09:00:00,0,normal,235.25,235.25,216.78107,0.3458913816080539,0.7942149186704358,0.0,0.0,0.0,0.10376741448241614,1.7303566186202008,0
Bear_public_Valorie,2016-11-29 10:00:00,0,normal,248.75,248.75,249.5057,0.0,0.18217009362444644,0.0,0.0,0.0,0.0,1.7303566186202008,0
Bear_public_Valorie,2016-11-29 11:00:00,0,normal,247.5,247.5,266.5531,0.0923682443748204,0.0,0.0,0.0,0.0,0.027710473312446113,1.7303566186202008,0
Bear_public_Valorie,2016-11-29 12:00:00,0,normal,238.25,238.25,271.34793,2.3888000495744453,5.013026576702298,0.1784517535387995,0.0,0.0,0.8192497731571431,1.7303566186202008,0
Bear_public_Valorie,2016-11-29 13:00:00,0,normal,244.75,244.75,269.68344,1.3303912395163484,1.946844845761033,0.36661855284783906,0.0,0.0,0.6099230397424119,1.7303566186202008,0
Bear_public_Valorie,2016-11-29 14:00:00,0,normal,258.5,258.5,262.3697,0.0,2.620457177369283,0.4981219488775553,0.0,0.0,0.28642012060459426,1.7303566186202008,0
Bear_public_Valorie,2016-11-29 15:00:00,1,spike,259.5,0.01,260.1479,10.0,10.0,0.0,2.1162655697991855,0.0,3.2645331962248973,1.7303566186202008,1
Bear_public_Valorie,2016-11-29 16:00:00,0,normal,257.25,257.25,163.17479,10.0,10.0,0.0,0.0,0.0,2.999999999999999,1.7303566186202008,1
Bear_public_Valorie,2016-11-29 17:00:00,0,normal,254.75,254.75,168.2294,10.0,1.8683628723695924,0.0,0.0,0.0,2.999999999999999,1.7303566186202008,1
Bear_public_Valorie,2016-11-29 18:00:00,0,normal,252.0,252.0,193.2801,7.453786000780435,8.90173213636872,0.0,0.0,0.0,2.23613580023413,1.7303566186202008,1
Bear_public_Valorie,2016-11-29 19:00:00,0,normal,237.5,237.5,212.63956,2.2024640549776997,10.0,0.9590252870262014,0.0,0.0,1.2121787565333757,1.7303566186202008,0
Bear_public_Valorie,2016-11-29 20:00:00,0,normal,236.25,236.25,226.867,0.0,4.780298913194577,0.1459463054697256,0.0,0.0,0.08391912564509221,1.7303566186202008,0
Bear_public_Valorie,2016-11-29 21:00:00,0,normal,227.25,227.25,226.78496,0.0,0.0,0.1836968813926564,0.0,0.0,0.10562570680077743,1.7303566186202008,0
Bear_public_Valorie,2016-11-29 22:00:00,0,normal,231.25,231.25,217.4522,0.48674014437919083,0.5310068316570628,0.5002500995374388,1.6714601693764186,0.0,0.6425983717198368,1.7303566186202008,0
Bear_public_Valorie,2016-11-29 23:00:00,0,normal,220.75,220.75,212.55666,0.0,0.5310068316570628,0.643057321800311,1.8433306933577542,0.0,0.6001742967048981,1.7303566186202008,0
Bear_public_Valorie,2016-11-30 00:00:00,0,normal,215.25,215.25,212.18771,0.0,0.0,0.5370565187664047,1.929294021024463,0.0,0.5499692509187405,1.7303566186202008,0
Bear_public_Valorie,2016-11-30 01:00:00,0,normal,213.0,213.0,202.04472,0.0,0.0,0.23745994209093127,2.3284258879245976,0.0,0.4275927026928602,1.7303566186202008,0
Bear_public_Valorie,2016-11-30 02:00:00,0,normal,130.0,130.0,157.56528,1.1621549763646035,2.203790476845891,0.7207198736393063,2.2362899826049043,0.0,1.042596668077595,1.7303566186202008,0
Bear_public_Valorie,2016-11-30 03:00:00,0,normal,48.25,48.25,87.09498,2.137613135844556,1.7414029675644795,0.0,0.0,0.0,0.6412839407533667,1.7303566186202008,0
Bear_public_Valorie,2016-11-30 04:00:00,0,normal,68.75,68.75,78.21915,0.0,4.619684203886966,0.0,0.0,0.17963862482912116,1.9943893739729064e-17,1.7303566186202008,0
Bear_public_Valorie,2016-11-30 05:00:00,0,normal,95.25,95.25,93.162895,0.0,0.0,0.0,0.0,0.0,0.0,1.7303566186202008,0
Bear_public_Valorie,2016-11-30 06:00:00,0,normal,129.5,129.5,117.16995,0.0,0.0,0.0,0.0,0.0,0.0,1.7303566186202008,0
Bear_public_Valorie,2016-11-30 07:00:00,0,normal,136.75,136.75,152.81723,0.13759109893033572,0.0,0.0,0.0,0.0,0.04127732967910071,1.7303566186202008,0
Bear_public_Valorie,2016-11-30 08:00:00,0,normal,158.25,158.25,170.65103,0.0,0.0,0.0,0.0,0.0,0.0,1.7303566186202008,0
Bear_public_Valorie,2016-11-30 09:00:00,0,normal,226.75,226.75,195.11725,1.4875925917072814,3.0097939797216497,0.0,0.0,0.0,0.44627777751218434,1.7303566186202008,0
Bear_public_Valorie,2016-11-30 10:00:00,0,normal,227.25,227.25,234.86017,0.0,3.0097939797216497,0.0,0.0,0.0,0.0,1.7303566186202008,0
Bear_public_Valorie,2016-11-30 11:00:00,0,normal,230.25,230.25,237.4449,0.0,0.0,0.0,0.0,0.0,0.0,1.7303566186202008,0
Bear_public_Valorie,2016-11-30 12:00:00,0,normal,233.5,233.5,256.0763,1.8959166815817696,4.021080417525859,1.0994026471916993,0.0,0.0,1.2009315266097578,1.7303566186202008,0
Bear_public_Valorie,2016-11-30 13:00:00,0,normal,237.0,237.0,266.60138,2.9313089711514495,1.8898403838823985,0.8550519424420323,0.0,0.0,1.3710475582496031,1.7303566186202008,0
Bear_public_Valorie,2016-11-30 14:00:00,0,normal,244.0,244.0,245.91963,0.0,6.585411560884853,0.8097875119745986,0.12195525944903073,0.0,0.480872226816523,1.7303566186202008,0
Bear_public_Valorie,2016-11-30 15:00:00,0,normal,253.0,253.0,238.3057,0.7342297235144174,1.1439583108466913,0.5154568833110177,2.8657147164136987,0.0,0.8748709645098727,1.7303566186202008,0
Bear_public_Valorie,2016-11-30 16:00:00,0,normal,241.75,241.75,255.4893,0.5934767690419686,0.0,0.11627329988599096,1.7886739205987383,0.0,0.4684844182218776,1.7303566186202008,0
Bear_public_Valorie,2016-11-30 17:00:00,0,normal,236.0,236.0,239.98308,0.0,0.7953588589196344,0.3241365191982173,2.083138943564032,0.0,0.44677086648447895,1.7303566186202008,0
Bear_public_Valorie,2016-11-30 18:00:00,0,normal,232.0,232.0,231.94504,0.0,0.0,0.04856387976806902,2.3553849790586807,0.5809761402114684,0.32234735324897484,1.7303566186202008,0
Bear_public_Valorie,2016-11-30 19:00:00,0,normal,232.25,232.25,230.93489,0.0,0.0,0.4463009625139206,2.2406362333910206,1.3544822073139346,0.536702582619382,1.7303566186202008,0
Bear_public_Valorie,2016-11-30 20:00:00,0,normal,232.75,232.75,222.1753,0.0,0.0,0.925990631562966,2.055899350548663,3.26793375227388,0.7894320319672886,1.7303566186202008,0
Bear_public_Valorie,2016-11-30 21:00:00,0,normal,222.0,222.0,221.27701,0.0,0.0,1.4602012430615479,2.017221910312257,10.0,1.0917684535494232,1.7303566186202008,0
Bear_public_Valorie,2016-11-30 22:00:00,0,normal,218.0,218.0,213.60478,0.0,0.0,0.29167133323211847,2.5135070911459385,10.0,0.4818994030017115,1.7303566186202008,0
Bear_public_Valorie,2016-11-30 23:00:00,0,normal,219.75,219.75,200.83638,1.2801607817388112,2.4960526125278233,0.12367228355231853,2.3056598426606225,9.376841284916052,0.7433672778968052,1.7303566186202008,0
Bear_public_Valorie,2016-12-01 00:00:00,0,normal,213.0,213.0,216.40332,0.0,2.4960526125278233,0.9778236059671341,2.3584695673960616,8.68947491601634,0.8570572693556108,1.7303566186202008,0
Bear_public_Valorie,2016-12-01 01:00:00,0,normal,208.25,208.25,206.07553,0.0,0.0,0.6624508741460369,2.071896139802182,7.6091110138915266,0.6398962701092448,1.7303566186202008,0
Bear_public_Valorie,2016-12-01 02:00:00,0,normal,127.25,127.25,172.25722,2.6705178876611364,5.93951656626162,0.32191580258543684,1.9673243074532483,6.671875070914506,1.2321724912166236,1.7303566186202008,0
Bear_public_Valorie,2016-12-01 03:00:00,0,normal,49.0,49.0,109.957436,4.049878046948645,2.7417373214178937,0.0,0.0,1.7992930389361543,1.2149634140845933,1.7303566186202008,0
Bear_public_Valorie,2016-12-01 04:00:00,0,normal,69.75,69.75,95.404686,0.9969288179491741,6.88667505746308,0.0,0.0,0.0,0.29907864538475215,1.7303566186202008,0
Bear_public_Valorie,2016-12-01 05:00:00,0,normal,93.5,93.5,102.04206,0.0,1.7945788302164338,0.0,0.0,0.0,0.0,1.7303566186202008,0
Bear_public_Valorie,2016-12-01 06:00:00,0,normal,131.0,131.0,134.23116,0.0,0.0,0.0,0.0,0.0,0.0,1.7303566186202008,0
Bear_public_Valorie,2016-12-01 07:00:00,0,normal,141.75,141.75,166.08812,0.8549273644668295,1.4428872508650368,0.0,0.0,0.0,0.2564782093400488,1.7303566186202008,0
Bear_public_Valorie,2016-12-01 08:00:00,0,normal,160.25,160.25,192.5927,1.5491663553646733,1.04491422665997,0.0,0.0,0.0,0.4647499066094019,1.7303566186202008,0
Bear_public_Valorie,2016-12-01 09:00:00,0,normal,224.0,224.0,207.86273,0.14366549820790422,2.806479358161421,0.0,0.0,0.0,0.043099649462371256,1.7303566186202008,0
Bear_public_Valorie,2016-12-01 10:00:00,0,normal,225.5,225.5,242.09515,0.18337804145872674,0.0,0.0,0.0,0.0,0.05501341243761801,1.7303566186202008,0
Bear_public_Valorie,2016-12-01 11:00:00,0,normal,233.5,233.5,250.4205,0.2115955450309088,0.0,0.0,0.0,0.0,0.06347866350927263,1.7303566186202008,0
Bear_public_Valorie,2016-12-01 12:00:00,0,normal,241.0,241.0,257.4997,0.2370771802893893,0.0,0.4063126392589732,0.0,0.0,0.3047529216607263,1.7303566186202008,0
Bear_public_Valorie,2016-12-01 13:00:00,0,normal,242.0,242.0,262.83414,0.798975337911828,0.7171488726729839,0.11066704277012977,0.0,0.0,0.30332615096637294,1.7303566186202008,0
Bear_public_Valorie,2016-12-01 14:00:00,0,normal,242.25,242.25,261.50906,0.4896903220846287,0.09150798925813874,0.47647210323216677,0.0,0.0,0.42087855598388446,1.7303566186202008,0
Bear_public_Valorie,2016-12-01 15:00:00,0,normal,249.25,249.25,249.52885,0.0,0.5383134657171269,1.3622329666199762,1.9717932262569005,0.0,1.0297581090885988,1.7303566186202008,0
Bear_public_Valorie,2016-12-01 16:00:00,0,normal,239.75,239.75,239.70917,0.0,0.0,0.5561707541282451,1.9943140816540803,0.0,0.5690874438305009,1.7303566186202008,0
Bear_public_Valorie,2016-12-01 17:00:00,0,normal,237.75,237.75,220.57178,1.1003218903661927,2.0506499621704153,0.4330322010378782,2.9904891600226176,0.0,0.9529012277094648,1.7303566186202008,0
Bear_public_Valorie,2016-12-01 18:00:00,0,normal,235.5,235.5,221.29948,0.5491971416088718,0.6904666304433812,0.2771459459250954,3.496839716888187,0.5803432965412989,0.7612230260006149,1.7303566186202008,0
Bear_public_Valorie,2016-12-01 19:00:00,0,normal,232.0,232.0,215.0787,0.9711676144425775,0.37059334629273827,0.9480167851954986,3.1204436259436417,1.4395966957079467,1.2265153890631402,1.7303566186202008,0
Bear_public_Valorie,2016-12-01 20:00:00,0,normal,229.75,229.75,217.1878,0.2951070637233911,0.9998921217462914,0.7781343415814113,2.659947635335815,3.315203605929707,0.8684528199433059,1.7303566186202008,0
Bear_public_Valorie,2016-12-01 21:00:00,0,normal,222.75,222.75,216.54909,0.0,0.05639379679688562,0.7773712723332683,2.3628472663392834,10.0,0.7423443898840407,1.7303566186202008,0
Bear_public_Valorie,2016-12-01 22:00:00,0,normal,222.75,222.75,205.1902,1.0701943289422742,1.9760337564954398,0.44825968660457605,2.5857313635055172,10.0,0.9020240389185042,1.7303566186202008,0
Bear_public_Valorie,2016-12-01 23:00:00,0,normal,216.5,216.5,195.77295,1.5614089567828175,0.542088677065782,0.5693579798057161,2.544099602165388,10.0,1.1138159756938066,1.7303566186202008,0
Bear_public_Valorie,2016-12-02 00:00:00,0,normal,210.5,210.5,212.36963,0.0,3.1926131930378165,0.6427126952282619,2.3116293610293837,9.021509092152277,0.6585134698849245,1.7303566186202008,0
Bear_public_Valorie,2016-12-02 01:00:00,0,normal,209.25,209.25,197.89044,0.0,0.0,0.2796848956235953,2.05035499924107,7.698408217718152,0.41711318988870183,1.7303566186202008,0
Bear_public_Valorie,2016-12-02 02:00:00,0,normal,122.25,122.25,169.9316,2.9017955822455868,6.512316461491343,0.5961796912388047,2.0716892446097077,7.018911530006229,1.4723031527122028,1.7303566186202008,0
Bear_public_Valorie,2016-12-02 03:00:00,0,normal,48.0,48.0,89.36433,2.355484039817041,0.6785458782679722,0.0,0.0,1.6635330239802497,0.7066452119451123,1.7303566186202008,0
Bear_public_Valorie,2016-12-02 04:00:00,0,normal,64.25,64.25,96.57567,1.5738292199422854,1.2614149046408754,0.0,0.0,0.0,0.4721487659826855,1.7303566186202008,0
Bear_public_Valorie,2016-12-02 05:00:00,0,normal,95.75,95.75,104.986496,0.0,3.223374159629305,0.0,0.0,0.0,0.0,1.7303566186202008,0
Bear_public_Valorie,2016-12-02 06:00:00,0,normal,131.25,131.25,131.45941,0.0,0.0,0.0,0.0,0.0,0.0,1.7303566186202008,0
Bear_public_Valorie,2016-12-02 07:00:00,0,normal,139.0,139.0,169.94795,1.428199788836258,2.8626972554869683,0.0,0.0,0.0,0.42845993665087734,1.7303566186202008,0
Bear_public_Valorie,2016-12-02 08:00:00,0,normal,160.5,160.5,185.63168,0.923753352098312,0.574859579438144,0.0,0.0,0.0,0.2771260056294935,1.7303566186202008,0
Bear_public_Valorie,2016-12-02 09:00:00,0,normal,219.25,219.25,209.7528,0.0,1.6133469165722287,0.0,0.0,0.0,0.0,1.7303566186202008,0
Bear_public_Valorie,2016-12-02 10:00:00,0,normal,226.5,226.5,249.20255,0.3812734323268231,0.26979996636742026,0.0,0.0,0.0,0.11438202969804691,1.7303566186202008,0
Bear_public_Valorie,2016-12-02 11:00:00,0,normal,240.75,240.75,261.4813,0.4500662696847947,0.0,0.0,0.0,0.0,0.13501988090543837,1.7303566186202008,0
Bear_public_Valorie,2016-12-02 12:00:00,0,normal,244.5,244.5,270.16458,1.0538720620666535,0.8209405022231311,0.0,0.0,0.0,0.316161618619996,1.7303566186202008,0
Bear_public_Valorie,2016-12-02 13:00:00,0,normal,243.25,243.25,273.58386,1.4310644894793072,0.2596926397985164,0.0,0.0,0.0,0.4293193468437921,1.7303566186202008,0
Bear_public_Valorie,2016-12-02 14:00:00,0,normal,247.0,247.0,270.77765,0.8496850267144619,0.7653977518593603,1.0090756719196092,0.0,0.0,0.8351240193681138,1.7303566186202008,0
Bear_public_Valorie,2016-12-02 15:00:00,0,normal,254.75,254.75,267.52414,0.0,1.4299036792296038,1.0103539021980066,1.425674296275561,0.0,0.7591627807982989,1.7303566186202008,0
Bear_public_Valorie,2016-12-02 16:00:00,0,normal,255.0,255.0,261.6104,0.0,0.0,0.32827556696821564,1.804244016158788,0.0,0.4142889530265725,1.7303566186202008,0
Bear_public_Valorie,2016-12-02 17:00:00,0,normal,245.0,245.0,253.67758,0.0,0.0,0.5116008246224838,2.705158986205269,0.0,0.6323153474335867,1.7303566186202008,0
Bear_public_Valorie,2016-12-02 18:00:00,0,normal,244.2,244.2,249.18164,0.0,0.0,0.35707221957564306,2.984458185501896,0.4802763321628927,0.5783737994437318,1.7303566186202008,0
Bear_public_Valorie,2016-12-02 19:00:00,0,normal,240.75,240.75,241.31659,0.0,0.0,0.3218549879274055,2.9761377818426547,1.2460035658067088,0.5570838407885901,1.7303566186202008,0
Bear_public_Valorie,2016-12-02 20:00:00,0,normal,236.25,236.25,233.43895,0.0,0.0,0.9396854691289293,2.7888904712485254,3.0224702739705736,0.8889304536552002,1.7303566186202008,0
Bear_public_Valorie,2016-12-02 21:00:00,0,normal,222.5,222.5,228.98312,0.0,0.0,0.6087761336710645,2.275884781760421,8.950244534688947,0.6345318745809158,1.7303566186202008,0
Bear_public_Valorie,2016-12-02 22:00:00,0,normal,122.0,122.0,221.04504,10.0,10.0,0.0,1.5528770441122413,9.418938470605005,3.19410963051403,1.7303566186202008,1
Bear_public_Valorie,2016-12-02 23:00:00,0,normal,43.25,43.25,173.03235,10.0,10.0,0.0,0.0,1.5581152776890002,2.999999999999999,1.7303566186202008,1
Bear_public_Valorie,2016-12-25 00:00:00,0,normal,42.75,42.75,41.260086,0.0,10.0,1.4757021852058458,6.172891527051779,10.0,1.6201401973748348,1.7303566186202008,0
Bear_public_Valorie,2016-12-25 01:00:00,0,normal,42.0,42.0,26.194016,0.1452221975608926,0.0,1.523611114302744,6.1136501717410985,10.0,1.683849321459984,1.7303566186202008,0
Bear_public_Valorie,2016-12-25 02:00:00,0,normal,42.75,42.75,35.61415,0.0,0.0,1.4895061337776148,6.1764772786932856,10.0,1.6285256867587903,1.7303566186202008,0
Bear_public_Valorie,2016-12-25 03:00:00,0,normal,42.0,42.0,35.488876,0.0,0.0,1.459400444187013,6.127220921152063,10.0,1.6050578705515415,1.7303566186202008,0
Bear_public_Valorie,2016-12-25 04:00:00,0,normal,42.75,42.75,41.816635,0.0,0.0,1.4324601825353893,6.116518449748417,10.0,1.5882294111764022,1.7303566186202008,0
Bear_public_Valorie,2016-12-25 05:00:00,0,normal,42.25,42.25,30.98616,0.0,0.0,1.3722735045330008,5.949840703816271,10.0,1.5327873530835106,1.7303566186202008,0
Bear_public_Valorie,2016-12-25 06:00:00,0,normal,42.75,42.75,26.10231,0.1879345026161708,0.0,0.0,0.0886287456581697,2.0655851274541326,0.06745894399212267,1.7303566186202008,0
Bear_public_Valorie,2016-12-25 07:00:00,0,normal,41.0,41.0,40.042923,0.0,0.0,0.0,0.11822652078180171,2.0873811293708715,0.014778315097725446,1.7303566186202008,0
Bear_public_Valorie,2016-12-25 08:00:00,0,normal,41.25,41.25,39.159363,0.0,0.0,0.0,0.0,1.2226047160849223,1.3573639058127832e-16,1.7303566186202008,0
Bear_public_Valorie,2016-12-25 09:00:00,0,normal,40.25,40.25,50.51335,0.0,0.0,0.0,0.0,0.6684827264515701,7.421649144707333e-17,1.7303566186202008,0
Bear_public_Valorie,2016-12-25 10:00:00,0,normal,41.0,41.0,55.20372,0.0,0.0,0.0,0.0,0.0,0.0,1.7303566186202008,0
Bear_public_Valorie,2016-12-25 11:00:00,0,normal,41.0,41.0,58.1948,0.23538561880284997,0.0,0.0,0.0,0.0,0.07061568564085498,1.7303566186202008,0
Bear_public_Valorie,2016-12-25 12:00:00,0,normal,41.5,41.5,66.212776,2.2108021378249454,4.2179757499461275,0.0,0.0,0.0,0.6632406413474835,1.7303566186202008,0
Bear_public_Valorie,2016-12-25 13:00:00,0,normal,41.0,41.0,61.995888,1.66298849953035,0.682266082917382,0.0,0.0,0.0,0.4988965498591049,1.7303566186202008,0
Bear_public_Valorie,2016-12-25 14:00:00,0,normal,41.25,41.25,55.372528,0.649958313956656,1.8344566995671792,0.0,0.0,0.0,0.19498749418699676,1.7303566186202008,0
Bear_public_Valorie,2016-12-25 15:00:00,0,normal,41.0,41.0,35.49695,0.0,0.9352453406993655,0.0,0.0,0.0,0.0,1.7303566186202008,0
Bear_public_Valorie,2016-12-25 16:00:00,0,normal,41.0,41.0,51.76735,0.15545524791779142,0.0,0.0,0.7431082151769205,0.0,0.1395251012724525,1.7303566186202008,0
Bear_public_Valorie,2016-12-25 17:00:00,0,normal,42.0,42.0,44.51776,0.0,0.0,0.0,0.682326845438059,0.0,0.08529085567975737,1.7303566186202008,0
Bear_public_Valorie,2016-12-25 18:00:00,0,normal,42.25,42.25,53.324524,0.06438156349965046,0.0,0.0,0.0,0.09943842976416625,0.019314469049895144,1.7303566186202008,0
Bear_public_Valorie,2016-12-25 19:00:00,0,normal,42.25,42.25,43.382156,0.0,0.0,0.0,0.0,0.7233897450488858,8.031239507309948e-17,1.7303566186202008,0
Bear_public_Valorie,2016-12-25 20:00:00,0,normal,42.0,42.0,43.735413,0.0,0.0,0.0,0.0,0.27744248593323656,3.0802303589232034e-17,1.7303566186202008,0
Bear_public_Valorie,2016-12-25 21:00:00,0,normal,42.75,42.75,41.384872,0.0,0.0,0.0,0.0,0.006119053296802866,6.793513859019014e-19,1.7303566186202008,0
Bear_public_Valorie,2016-12-25 22:00:00,0,normal,42.0,42.0,40.058517,0.0,0.0,0.0,0.0,0.0772708340799385,8.578785912753794e-18,1.7303566186202008,0
Bear_public_Valorie,2016-12-25 23:00:00,0,normal,43.25,43.25,33.644516,0.0,0.0,0.0,0.14550567549784968,0.06498903070087499,0.018188209437231217,1.7303566186202008,0
Bear_public_Valorie,2016-12-26 00:00:00,0,normal,42.75,42.75,41.94644,0.0,0.0,0.0,0.0,0.0,0.0,1.7303566186202008,0
Bear_public_Valorie,2016-12-26 01:00:00,0,normal,43.5,43.5,41.701797,0.0,0.0,0.0,0.0,0.0,0.0,1.7303566186202008,0
Bear_public_Valorie,2016-12-26 02:00:00,0,normal,42.75,42.75,28.809372,0.0,0.0,0.0,0.0,0.0,0.0,1.7303566186202008,0
Bear_public_Valorie,2016-12-26 03:00:00,0,normal,43.0,43.0,29.41925,0.0,0.0,0.0,0.0,0.0,0.0,1.7303566186202008,0
Bear_public_Valorie,2016-12-26 04:00:00,0,normal,42.25,42.25,33.270477,0.0,0.0,0.0,0.0,0.34569998647813305,3.838040846006286e-17,1.7303566186202008,0
Bear_public_Valorie,2016-12-26 05:00:00,0,normal,42.75,42.75,43.050858,0.0,0.0,0.0,0.0,1.3380018005312568,1.4854804059397173e-16,1.7303566186202008,0
Bear_public_Valorie,2016-12-26 06:00:00,0,normal,42.0,42.0,46.948425,0.0,0.0,0.0,0.0,1.6568383828455104,1.8394601207177957e-16,1.7303566186202008,0
Bear_public_Valorie,2016-12-26 07:00:00,0,normal,41.75,41.75,55.700607,0.0,0.0,0.0,0.0,1.3853278007915757,1.5380228210921395e-16,1.7303566186202008,0
Bear_public_Valorie,2016-12-26 08:00:00,0,normal,40.0,40.0,63.065712,0.7445711456961278,1.1695706620630648,0.0,0.0,0.9192368584446264,0.2233713437088384,1.7303566186202008,0
Bear_public_Valorie,2016-12-26 09:00:00,0,normal,41.0,41.0,64.141846,0.7511742426885957,0.0,0.0,0.0,0.0,0.22535227280657866,1.7303566186202008,0
Bear_public_Valorie,2016-12-26 10:00:00,0,normal,40.0,40.0,74.08135,1.6999603397836067,1.6753449131243165,0.0,0.0,0.0,0.5099881019350819,1.7303566186202008,0
Bear_public_Valorie,2016-12-26 11:00:00,0,normal,40.75,40.75,70.95477,1.3637436631687256,0.15820898480924117,0.0,0.0,0.0,0.4091230989506176,1.7303566186202008,0
Bear_public_Valorie,2016-12-26 12:00:00,0,normal,40.0,40.0,78.674065,4.268486776724288,6.51961654128751,0.0,0.0,0.0,1.280546033017286,1.7303566186202008,0
Bear_public_Valorie,2016-12-26 13:00:00,0,normal,40.75,40.75,78.82017,4.179481397345884,0.0,0.0,0.0,0.0,1.253844419203765,1.7303566186202008,0
Bear_public_Valorie,2016-12-26 14:00:00,0,normal,40.0,40.0,74.46705,3.648435682558513,0.6407373706677426,0.0,0.0,0.0,1.0945307047675537,1.7303566186202008,0
Bear_public_Valorie,2016-12-26 15:00:00,0,normal,41.0,41.0,73.72344,3.3914542110929964,0.0,0.0,0.059535165277382535,0.0,1.0248781589875715,1.7303566186202008,0
Bear_public_Valorie,2016-12-26 16:00:00,0,normal,40.25,40.25,70.20457,2.983363523385884,0.33621761680179607,0.0,0.059535165277382535,0.0,0.9024509526754378,1.7303566186202008,0
Bear_public_Valorie,2016-12-26 17:00:00,0,normal,41.5,41.5,55.97516,0.7019307807286421,4.975878759796488,0.0,0.20482380482914458,0.19861139930985477,0.2361822098222357,1.7303566186202008,0
Bear_public_Valorie,2016-12-26 18:00:00,0,normal,41.25,41.25,63.267464,1.7615413669911484,1.9498212559384709,0.0,0.0,0.9956412257127585,0.5284624100973445,1.7303566186202008,0
Bear_public_Valorie,2016-12-26 19:00:00,0,normal,42.75,42.75,62.322838,1.3824000369227794,0.26451944006134553,0.0,0.0,1.5252645662513369,0.41472001107683387,1.7303566186202008,0
Bear_public_Valorie,2016-12-26 20:00:00,0,normal,42.0,42.0,63.865326,1.7379460543631349,0.20608149763234196,0.0,0.0,0.5669307772906742,0.5213838163089405,1.7303566186202008,0
Bear_public_Valorie,2016-12-26 21:00:00,0,normal,42.0,42.0,43.885803,0.0,3.6298383702424486,0.0,0.0,0.4362164746143796,4.8429757383769936e-17,1.7303566186202008,0
Bear_public_Valorie,2016-12-26 22:00:00,0,normal,42.75,42.75,61.148705,1.2003016350271487,2.29826738749017,0.0,0.0,0.17322979883976236,0.3600904905081445,1.7303566186202008,0
Bear_public_Valorie,2016-12-26 23:00:00,0,normal,42.0,42.0,55.080627,0.3755116915604492,1.368246626215153,0.0,0.0,0.017308776436592628,0.11265350746813474,1.7303566186202008,0
Bear_public_Valorie,2016-12-27 00:00:00,0,normal,43.0,43.0,50.406647,0.0,0.2555300017984217,0.0,0.0,0.0,0.0,1.7303566186202008,0
Bear_public_Valorie,2016-12-27 01:00:00,0,normal,42.0,42.0,47.920914,0.0,0.0,0.0,0.0699228464787424,0.0,0.0087403558098428,1.7303566186202008,0
Bear_public_Valorie,2016-12-27 02:00:00,0,normal,43.0,43.0,28.27864,0.05142480678532658,0.0,0.0,0.0034771969732203915,0.0,0.01586209165725052,1.7303566186202008,0
Bear_public_Valorie,2016-12-27 03:00:00,0,normal,42.0,42.0,43.982697,0.0,0.0,0.0,0.0,0.166259887786267,1.8458555549190846e-17,1.7303566186202008,0
Bear_public_Valorie,2016-12-27 04:00:00,0,normal,42.75,42.75,27.379227,0.10758553596300996,0.0,0.0,0.0,0.2576655106958318,0.03227566078890301,1.7303566186202008,0
Bear_public_Valorie,2016-12-27 05:00:00,0,normal,42.0,42.0,42.80078,0.0,0.0,0.0,0.0,1.4849883538607918,1.6486682617564605e-16,1.7303566186202008,0
Bear_public_Valorie,2016-12-27 06:00:00,0,normal,42.75,42.75,39.285812,0.0,0.0,0.0,0.0,1.6903995119351445,1.8767204589655245e-16,1.7303566186202008,0
Bear_public_Valorie,2016-12-27 07:00:00,0,normal,41.25,41.25,60.267525,0.39347086745266857,0.300009060135451,0.0,0.0,2.741138234280834,0.11804126023580085,1.7303566186202008,0
Bear_public_Valorie,2016-12-27 08:00:00,0,normal,42.0,42.0,64.21508,0.6707956475421819,0.012352843255163433,0.0,0.0,1.8088461080819027,0.20123869426265473,1.7303566186202008,0
Bear_public_Valorie,2016-12-27 09:00:00,0,normal,40.75,40.75,72.97873,1.5392818917036366,1.4764682016024966,0.0,0.0,1.5969862609997947,0.46178456751109104,1.7303566186202008,0
Bear_public_Valorie,2016-12-27 10:00:00,0,normal,41.5,41.5,73.375656,1.5086597729926001,0.0,0.0,0.0,0.6301674660908023,0.45259793189777997,1.7303566186202008,0
Bear_public_Valorie,2016-12-27 11:00:00,0,normal,40.0,40.0,73.261765,1.6288772959499687,0.0,0.0,0.0,0.40492664572552955,0.48866318878499054,1.7303566186202008,0
Bear_public_Valorie,2016-12-27 12:00:00,0,normal,41.0,41.0,72.71434,3.242727722179177,3.32249371722134,0.0,0.0,0.0,0.9728183166537528,1.7303566186202008,0
Bear_public_Valorie,2016-12-27 13:00:00,0,normal,40.25,40.25,67.78327,2.6265009109967754,0.851703340292668,0.0,0.0,0.0,0.7879502732990324,1.7303566186202008,0
Bear_public_Valorie,2016-12-27 14:00:00,0,normal,41.0,41.0,63.000313,1.811025695451283,1.3451770639430651,0.0,0.0,0.0,0.5433077086353848,1.7303566186202008,0
Bear_public_Valorie,2016-12-27 15:00:00,0,normal,40.0,40.0,56.037178,0.9321490180608818,1.502201937298996,0.0,0.0,0.0,0.27964470541826447,1.7303566186202008,0
Bear_public_Valorie,2016-12-27 16:00:00,0,normal,41.0,41.0,46.31955,0.0,1.6341402602294473,0.0,0.0,0.0,0.0,1.7303566186202008,0
Bear_public_Valorie,2016-12-27 17:00:00,0,normal,41.25,41.25,47.172882,0.0,0.0,0.0,0.0,0.0,0.0,1.7303566186202008,0
Bear_public_Valorie,2016-12-27 18:00:00,0,normal,42.0,42.0,49.29254,0.0,0.0,0.0,0.0,0.0,0.0,1.7303566186202008,0
Bear_public_Valorie,2016-12-27 19:00:00,0,normal,42.0,42.0,43.529465,0.0,0.0,0.0,0.0,0.4761762703901159,5.2866185916724084e-17,1.7303566186202008,0
Bear_public_Valorie,2016-12-27 20:00:00,0,normal,42.25,42.25,47.545883,0.0,0.0,0.0,0.0,0.11522727881892916,1.2792797800967777e-17,1.7303566186202008,0
Bear_public_Valorie,2016-12-27 21:00:00,0,normal,41.5,41.5,47.9709,0.0,0.0,0.0,0.0,0.0007028537629496543,7.80324430571138e-20,1.7303566186202008,0
Bear_public_Valorie,2016-12-27 22:00:00,0,normal,42.25,42.25,52.653778,0.0,0.0,0.0,0.0,0.0,0.0,1.7303566186202008,0
Bear_public_Valorie,2016-12-27 23:00:00,0,normal,42.5,42.5,40.702484,0.0,0.0,0.0,0.0,0.0,0.0,1.7303566186202008,0
Bear_public_Valorie,2016-12-28 00:00:00,0,normal,42.0,42.0,35.646088,0.0,0.0,0.0,0.18754333971629528,0.0,0.02344291746453691,1.7303566186202008,0
Bear_public_Valorie,2016-12-28 01:00:00,0,normal,43.0,43.0,33.86856,0.0,0.0,0.0,0.11933030642585123,0.0,0.014916288303231403,1.7303566186202008,0
Bear_public_Valorie,2016-12-28 02:00:00,0,normal,41.75,41.75,34.31981,0.0,0.0,0.0,0.0,0.0,0.0,1.7303566186202008,0
Bear_public_Valorie,2016-12-28 03:00:00,0,normal,42.75,42.75,24.77983,0.3323788831983266,0.14870401429807467,0.0,0.0,0.0,0.09971366495949796,1.7303566186202008,0
Bear_public_Valorie,2016-12-28 04:00:00,0,normal,42.0,42.0,25.967697,0.16479400054875445,0.0,0.0,0.0,0.781142835588176,0.04943820016462641,1.7303566186202008,0
Bear_public_Valorie,2016-12-28 05:00:00,0,normal,42.25,42.25,39.326813,0.0,0.0,0.0,0.0,1.3294255294544437,1.4759588323248126e-16,1.7303566186202008,0
Bear_public_Valorie,2016-12-28 06:00:00,0,normal,41.25,41.25,48.316513,0.0,0.0,0.0,0.0,2.1200733348692635,2.353754230265696e-16,1.7303566186202008,0
Bear_public_Valorie,2016-12-28 07:00:00,0,normal,41.25,41.25,60.24431,0.3914573165810301,0.29502214719347214,0.0,0.0,1.2023361369456407,0.11743719497430914,1.7303566186202008,0
Bear_public_Valorie,2016-12-28 08:00:00,0,normal,40.25,40.25,65.66655,0.9484598793560302,0.7050240708379498,0.0,0.0,0.7593570457622969,0.28453796380680907,1.7303566186202008,0
Bear_public_Valorie,2016-12-28 09:00:00,0,normal,41.5,41.5,66.355286,0.8997813110277508,0.0,0.0,0.0,0.0,0.2699343933083252,1.7303566186202008,0
Bear_public_Valorie,2016-12-28 10:00:00,0,normal,40.25,40.25,66.353294,1.0080214155403193,0.0,0.0,0.0,0.0,0.3024064246620957,1.7303566186202008,0
Bear_public_Valorie,2016-12-28 11:00:00,0,normal,41.25,41.25,65.823616,0.8753520357632028,0.0,0.0,0.0,0.0,0.26260561072896077,1.7303566186202008,0
Bear_public_Valorie,2016-12-28 12:00:00,0,normal,40.0,40.0,62.601562,0.7840891359496439,0.0,0.0,0.0,0.0,0.2352267407848931,1.7303566186202008,0
Bear_public_Valorie,2016-12-28 13:00:00,0,normal,41.25,41.25,60.640587,1.426391209753336,0.9162833151337307,0.0,0.0,0.0,0.4279173629260007,1.7303566186202008,0
Bear_public_Valorie,2016-12-28 14:00:00,0,normal,40.0,40.0,58.832825,1.3441854302574556,0.0,0.0,0.0,0.0,0.4032556290772366,1.7303566186202008,0
Bear_public_Valorie,2016-12-28 15:00:00,0,normal,41.25,41.25,45.194595,0.0,2.654620917307462,0.0,0.0,0.0,0.0,1.7303566186202008,0
Bear_public_Valorie,2016-12-28 16:00:00,0,normal,41.0,41.0,38.27684,0.0,0.0,0.0,0.0,0.0,0.0,1.7303566186202008,0
Bear_public_Valorie,2016-12-28 17:00:00,0,normal,41.0,41.0,32.163635,0.0,0.0,0.0,0.0,0.080316587663731,8.916932488359896e-18,1.7303566186202008,0
Bear_public_Valorie,2016-12-28 18:00:00,0,normal,42.2,42.2,31.38977,0.023391674229574513,0.0,0.0,0.0,0.8201754754130134,0.0070175022688724435,1.7303566186202008,0
Bear_public_Valorie,2016-12-28 19:00:00,0,normal,42.0,42.0,40.92404,0.0,0.0,0.0,0.0,0.19061971306260886,2.1163039438954907e-17,1.7303566186202008,0
Bear_public_Valorie,2016-12-28 20:00:00,0,normal,60.0,60.0,37.01001,1.9123722228161077,4.061835460124814,0.0,0.0,0.0,0.5737116668448322,1.7303566186202008,0
Bear_public_Valorie,2016-12-28 21:00:00,0,normal,62.0,62.0,38.87332,1.9335714415635874,0.0,0.0,0.0,0.0,0.5800714324690761,1.7303566186202008,0
Bear_public_Valorie,2016-12-28 22:00:00,0,normal,63.75,63.75,41.469894,1.8022749629602255,0.0,0.0,0.0,0.0,0.5406824888880676,1.7303566186202008,0
Bear_public_Valorie,2016-12-28 23:00:00,0,normal,61.5,61.5,39.841843,1.7058159144954712,0.0,0.0,0.0,0.0,0.5117447743486413,1.7303566186202008,0
Bear_public_Valorie,2016-12-29 00:00:00,0,normal,42.0,42.0,42.19316,0.0,3.550262426773358,0.0,0.0,0.0,0.0,1.7303566186202008,0
Bear_public_Valorie,2016-12-29 01:00:00,0,normal,42.0,42.0,35.36531,0.0,0.0,0.0,0.0,0.0,0.0,1.7303566186202008,0
Bear_public_Valorie,2016-12-29 02:00:00,0,normal,42.0,42.0,32.14128,0.0,0.0,0.0,0.0,0.0,0.0,1.7303566186202008,0
Bear_public_Valorie,2016-12-29 03:00:00,0,normal,42.75,42.75,37.77025,0.0,0.0,1.6039571270742827,0.0,0.0,0.9222753480677125,1.7303566186202008,0
Bear_public_Valorie,2016-12-29 04:00:00,1,spike,41.5,0.01,41.461212,2.3629978333894046,5.177889055297449,0.6940618541133734,0.0,0.0,1.107984916132011,1.7303566186202008,0
Bear_public_Valorie,2016-12-29 05:00:00,0,normal,41.75,41.75,32.545654,0.0,5.177889055297449,0.0,0.0,0.0,0.0,1.7303566186202008,0
Bear_public_Valorie,2016-12-29 06:00:00,0,normal,41.5,41.5,44.85785,0.0,0.0,0.0,0.0,0.0,0.0,1.7303566186202008,0
Bear_public_Valorie,2016-12-29 07:00:00,0,normal,40.5,40.5,70.34676,1.3326934250314812,2.6261589447802596,0.0,0.0,0.0,0.3998080275094443,1.7303566186202008,0
Bear_public_Valorie,2016-12-29 08:00:00,0,normal,40.75,40.75,78.84821,2.048343680833853,1.0979429907009006,0.6981968650396687,0.0,0.0,1.0159663016479652,1.7303566186202008,0
Bear_public_Valorie,2016-12-29 09:00:00,0,normal,40.0,40.0,74.12349,1.7036149048391636,0.17929069630632077,0.8399506343736278,0.0,0.0,0.9940560862165849,1.7303566186202008,0
Bear_public_Valorie,2016-12-29 10:00:00,0,normal,40.5,40.5,73.612724,1.6159510007552738,0.0,1.0012680728562953,0.0,0.0,1.0605144421189516,1.7303566186202008,0
Bear_public_Valorie,2016-12-29 11:00:00,0,normal,40.0,40.0,72.11404,1.126326174036476,0.5381512549222058,1.0011761808610884,3.8108484861362717,0.0,1.3899302169731027,1.7303566186202008,0
Bear_public_Valorie,2016-12-29 12:00:00,0,normal,40.25,40.25,69.69183,2.9077942973060193,3.737628429956437,1.124146138343208,4.126304337956063,0.0,2.034510360983658,1.7303566186202008,1
Bear_public_Valorie,2016-12-29 13:00:00,0,normal,40.75,40.75,66.08547,2.302578182675572,0.8244334133647921,1.178879398969823,5.037723530477514,0.0,1.998344550520009,1.7303566186202008,1
Bear_public_Valorie,2016-12-29 14:00:00,0,normal,40.0,40.0,52.76976,0.45058059687874924,3.9123070509052584,1.001623447678918,4.868701352443902,0.0,1.3196953305344903,1.7303566186202008,0
Bear_public_Valorie,2016-12-29 15:00:00,0,normal,40.75,40.75,46.698395,0.0,0.44145135136302965,1.001623447678918,4.982615001051255,0.0,1.1987603575467847,1.7303566186202008,0
Bear_public_Valorie,2016-12-29 16:00:00,0,normal,40.0,40.0,33.997986,0.0,0.0,0.9396997169027503,4.869083749791814,0.0,1.148962805943058,1.7303566186202008,0
Bear_public_Valorie,2016-12-29 17:00:00,0,normal,41.25,41.25,26.61168,0.7259784478507906,1.1235225751648346,0.9400584876679667,4.779112137833814,10.0,1.355716181993546,1.7303566186202008,0
Bear_public_Valorie,2016-12-29 18:00:00,0,normal,41.25,41.25,29.238815,0.20964993175305904,0.6042876391765686,0.7303503649580357,4.310134268652711,10.0,1.0216132229583783,1.7303566186202008,0
Bear_public_Valorie,2016-12-29 19:00:00,0,normal,41.25,41.25,33.937027,0.0,0.0,0.6448053183090698,4.111252537000924,10.0,0.8846696251528318,1.7303566186202008,0
Bear_public_Valorie,2016-12-29 20:00:00,0,normal,41.75,41.75,29.92389,0.18094650194861833,0.0,1.6039571270742827,3.9632256886781496,10.0,1.4719625097370679,1.7303566186202008,0
Bear_public_Valorie,2016-12-29 21:00:00,0,normal,41.5,41.5,30.425735,0.06434133278758224,0.0,1.105097727455437,3.9120228096252094,10.0,1.1437364443263032,1.7303566186202008,0
Bear_public_Valorie,2016-12-29 22:00:00,0,normal,42.5,42.5,31.3667,0.07349736955181516,0.0,1.1334369197431697,3.761966294339404,10.0,1.1440212265102938,1.7303566186202008,0
Bear_public_Valorie,2016-12-29 23:00:00,0,normal,41.25,41.25,32.14331,0.0,0.0,0.7036276768277084,3.937927545745162,10.0,0.8968268573940787,1.7303566186202008,0
Bear_public_Valorie,2016-12-30 00:00:00,0,normal,42.25,42.25,31.869583,0.0,0.0,0.46363608237721793,3.7081684196854297,10.0,0.7301117998275801,1.7303566186202008,0
Bear_public_Valorie,2016-12-30 01:00:00,0,normal,42.0,42.0,24.042496,0.33128364341408134,0.14599146030624122,0.46391953720863516,3.58718904331904,10.0,0.8145374573340707,1.7303566186202008,0
Bear_public_Valorie,2016-12-30 02:00:00,0,normal,42.0,42.0,20.599152,0.6290608668262891,0.06300691698017402,0.6244188047321986,3.801246047679898,10.0,1.0229148287288894,1.7303566186202008,0
Bear_public_Valorie,2016-12-30 03:00:00,0,normal,42.75,42.75,16.931183,1.0111227296831908,0.27175265326978815,1.2439005351866745,3.8100371957516077,10.0,1.4948342761062472,1.7303566186202008,0
Bear_public_Valorie,2016-12-30 04:00:00,0,normal,42.5,42.5,20.181564,0.7084129685438642,0.07522321435544319,0.7396232684843871,3.60901062520355,10.0,1.0889335980921266,1.7303566186202008,0
Bear_public_Valorie,2016-12-30 05:00:00,0,normal,42.75,42.75,26.96643,0.14328375509937905,0.725151150798745,0.0,0.0,0.9578245830444548,0.04298512652981381,1.7303566186202008,0
Bear_public_Valorie,2016-12-30 06:00:00,0,normal,42.0,42.0,40.301865,0.0,0.0,0.0,0.21898799373718736,1.0378311396471007,0.027373499217148534,1.7303566186202008,0
Bear_public_Valorie,2016-12-30 07:00:00,0,normal,41.5,41.5,48.728683,0.0,0.0,0.0,0.11439832819393672,1.4290656717236623,0.014299791024242248,1.7303566186202008,0
Bear_public_Valorie,2016-12-30 08:00:00,0,normal,40.0,40.0,64.39452,0.8598193071530019,1.4550030074802351,0.0,0.0,1.6083902284414833,0.2579457921459007,1.7303566186202008,0
Bear_public_Valorie,2016-12-30 09:00:00,0,normal,40.0,40.0,65.02718,0.9146900572285019,0.0,0.0,0.0,0.11203171370236262,0.27440701716855054,1.7303566186202008,0
Bear_public_Valorie,2016-12-30 10:00:00,0,normal,40.75,40.75,70.789055,1.3493708933748187,0.402072796945671,0.0,0.0,0.0,0.40481126801244555,1.7303566186202008,0
Bear_public_Valorie,2016-12-30 11:00:00,0,normal,40.25,40.25,69.74332,1.3020388830563272,0.0,0.0,0.0,0.0,0.3906116649168981,1.7303566186202008,0
Bear_public_Valorie,2016-12-30 12:00:00,0,normal,40.75,40.75,65.99138,2.288710237355388,1.7691744170728982,0.0,0.0,0.0,0.6866130712066162,1.7303566186202008,0
Bear_public_Valorie,2016-12-30 13:00:00,0,normal,39.75,39.75,59.85112,1.5311131440445915,1.201831712755203,0.0,0.0,0.0,0.45933394321337734,1.7303566186202008,0
Bear_public_Valorie,2016-12-30 14:00:00,0,normal,41.0,41.0,54.70865,0.0,3.1175802833854833,0.0,0.012912677377015387,0.0,0.0016140846721269234,1.7303566186202008,0
Bear_public_Valorie,2016-12-30 15:00:00,0,normal,40.5,40.5,44.222336,0.0,0.0,0.0,0.0,0.0,0.0,1.7303566186202008,0
Bear_public_Valorie,2016-12-30 16:00:00,0,normal,40.0,40.0,30.474808,0.0,0.0,0.0,0.0,0.0,0.0,1.7303566186202008,0
Bear_public_Valorie,2016-12-30 17:00:00,0,normal,41.5,41.5,20.66716,1.6389576992840473,3.3846762956198146,0.0,0.0,0.0,0.4916873097852141,1.7303566186202008,0
Bear_public_Valorie,2016-12-30 18:00:00,0,normal,41.75,41.75,24.398453,1.037896166688914,0.8141438601122534,0.0,0.0,0.3062669414663454,0.3113688500066742,1.7303566186202008,0
Bear_public_Valorie,2016-12-30 19:00:00,0,normal,42.0,42.0,25.746338,0.8676232276288667,0.0,0.0,0.0,0.5133966087426449,0.26028696828866,1.7303566186202008,0
Bear_public_Valorie,2016-12-30 20:00:00,0,normal,41.25,41.25,26.213531,0.6788465275299109,0.0,0.0,0.0,0.2209842242387134,0.20365395825897326,1.7303566186202008,0
Bear_public_Valorie,2016-12-30 21:00:00,0,normal,42.25,42.25,22.789658,1.3649529237037803,1.0247724252025991,0.0,0.0,0.2881589019937058,0.40948587711113404,1.7303566186202008,0
Bear_public_Valorie,2016-12-30 22:00:00,0,normal,41.5,41.5,23.526001,1.1344333100653299,0.0,0.0,0.0,0.07588255366127133,0.3403299930195989,1.7303566186202008,0
Bear_public_Valorie,2016-12-30 23:00:00,0,normal,43.0,43.0,18.483246,2.149160727999777,1.8386601940726333,0.0,0.14030653714448438,0.0,0.6622865355429935,1.7303566186202008,0
Hog_public_Gerard,2016-07-10 00:00:00,1,persistent_shift,38.758,0.01,34.776024,10.0,0.0,1.6182733230822333,0.0,0.0,7.000000000000001,3.325334765376331,1
Hog_public_Gerard,2016-07-10 01:00:00,1,persistent_shift,32.217,0.01,30.629593,10.0,0.7456379648589955,1.6182733230822333,3.6106444676068143,0.0,7.992927228591875,3.325334765376331,1
Hog_public_Gerard,2016-07-10 02:00:00,1,persistent_shift,32.221,0.01,27.919884,10.0,2.389715295133966,1.6182733230822333,3.7655166714953894,0.0,8.035517084661233,3.325334765376331,1
Hog_public_Gerard,2016-07-10 03:00:00,1,persistent_shift,32.028,0.01,25.896996,10.0,1.6130411625309744,1.6182733230822333,3.7655166714953894,0.0,8.035517084661233,3.325334765376331,1
Hog_public_Gerard,2016-07-10 04:00:00,1,persistent_shift,30.946,0.01,23.649261,9.486240621374543,1.8673024442250115,1.6182733230822333,3.7655166714953894,0.0,7.675885519623414,3.325334765376331,1
Hog_public_Gerard,2016-07-10 05:00:00,1,persistent_shift,31.593000000000004,0.01,21.799152,8.647538442075945,1.4176583076606248,1.6182733230822333,3.7655166714953894,0.0,7.088793994114394,3.325334765376331,1
Hog_public_Gerard,2016-07-10 06:00:00,1,persistent_shift,32.316,0.01,21.043331,6.56105418529983,4.530260341875328,1.6182733230822333,3.7655166714953894,0.963308367978665,5.65233772357058,3.325334765376331,1
Hog_public_Gerard,2016-07-10 07:00:00,0,normal,31.531,31.531,19.27369,3.293681875148441,7.475994716058914,1.6182733230822333,3.7655166714953894,10.0,3.59109439726514,3.325334765376331,1
Hog_public_Gerard,2016-07-10 08:00:00,0,normal,31.602,31.602,21.874947,2.351649800634022,1.6754155297343243,0.0,0.0,6.200895772035186,1.8011772547446945,3.325334765376331,0
Hog_public_Gerard,2016-07-10 09:00:00,0,normal,30.273000000000003,30.273000000000003,22.53326,1.61175932473094,1.1711717499959517,0.0,0.0,4.177789987803999,1.2326762770067576,3.325334765376331,0
Hog_public_Gerard,2016-07-10 10:00:00,0,normal,29.205,29.205,22.44067,1.2486076467482514,0.23139390742171495,1.1164219331090872,0.0,3.3578554580698547,0.9579717391755223,3.325334765376331,0
Hog_public_Gerard,2016-07-10 11:00:00,0,normal,28.639,28.639,23.715065,0.26170310489689624,1.7873502462479105,0.8799000296843225,0.0,2.9555487188865754,0.2570808913999915,3.325334765376331,0
Hog_public_Gerard,2016-07-10 12:00:00,0,normal,63.247,63.247,24.410194,10.0,10.0,1.057156496388822,0.0,2.6335667544549075,7.065839168861373,3.325334765376331,1
Hog_public_Gerard,2016-07-10 13:00:00,0,normal,78.317,78.317,30.65629,10.0,8.442018976046793,0.0,0.0,1.1311779694104906,7.028279449235263,3.325334765376331,1
Hog_public_Gerard,2016-07-10 14:00:00,0,normal,77.436,77.436,42.61943,10.0,10.0,0.0,0.0,0.2282322265465619,7.0057058056636645,3.325334765376331,1
Hog_public_Gerard,2016-07-10 15:00:00,0,normal,81.76,81.76,51.98488,10.0,4.534134353691769,0.0,0.0,0.0,7.000000000000001,3.325334765376331,1
Hog_public_Gerard,2016-07-10 16:00:00,0,normal,80.273,80.273,54.61563,9.49661410447807,3.579808683906858,0.42766760569521184,0.0,0.0,6.647629873134649,3.325334765376331,1
Hog_public_Gerard,2016-07-10 17:00:00,0,normal,80.68,80.68,53.214874,10.0,1.1932122611265596,0.4633963114793256,0.0,0.0,7.000000000000001,3.325334765376331,1
Hog_public_Gerard,2016-07-10 18:00:00,0,normal,82.57700000000001,82.57700000000001,50.029224,7.000085657360434,7.420821763806934,1.0991214963312654,0.5311339052715941,0.05597361528579964,5.047521124484137,3.325334765376331,1
Hog_public_Gerard,2016-07-10 19:00:00,0,normal,44.07899999999999,44.07899999999999,45.009834,0.0,10.0,0.8650640686617838,2.037911132939467,0.5968838260576403,0.5753476572097943,3.325334765376331,0
Hog_public_Gerard,2016-07-10 20:00:00,0,normal,39.116,39.116,37.173748,0.0,0.0,0.0,0.0,0.701338603315548,0.01753346508288864,3.325334765376331,0
Hog_public_Gerard,2016-07-10 21:00:00,0,normal,39.651,39.651,35.814205,0.09273747783060009,0.0,0.0,0.0,0.7450185610740987,0.08354169850827248,3.325334765376331,0
Hog_public_Gerard,2016-07-10 22:00:00,0,normal,39.868,39.868,38.540657,0.0,0.0,0.2733777140728333,0.0,0.8234511673974549,0.0205862791849363,3.325334765376331,0
Hog_public_Gerard,2016-07-10 23:00:00,0,normal,40.605,40.605,36.934166,0.05281028291648152,0.0,1.3161093031766253,0.0,0.9403703353344331,0.060476456424897816,3.325334765376331,0
Hog_public_Gerard,2016-07-11 00:00:00,0,normal,39.85,39.85,40.92842,0.0,0.0,1.2281159284571859,0.0,1.112755421914618,0.027818885547865352,3.325334765376331,0
Hog_public_Gerard,2016-07-11 01:00:00,0,normal,42.108,42.108,39.164703,0.1391219479149364,0.0,1.265725538159772,1.9796297822796682,0.7598689001964255,0.6607802761722747,3.325334765376331,0
Hog_public_Gerard,2016-07-11 02:00:00,0,normal,38.647,38.647,39.75055,0.0,0.0,0.7961499488407197,2.5030348868570718,0.6399202702033413,0.7043326006407781,3.325334765376331,0
Hog_public_Gerard,2016-07-11 03:00:00,0,normal,38.94,38.94,37.813522,0.0,0.0,0.47330644203259514,2.3601713103869995,0.5291382523696965,0.6622755666656672,3.325334765376331,0
Hog_public_Gerard,2016-07-11 04:00:00,0,normal,30.995,30.995,35.226765,0.6883217017612524,1.042533044413398,0.3624573249213883,2.2226847734193473,0.6288657500482182,1.1087851476744026,3.325334765376331,0
Hog_public_Gerard,2016-07-11 05:00:00,0,normal,29.655,29.655,33.585423,0.5517155260238119,0.0,0.0,0.7944110711958506,0.7850399170493094,0.62428991072176,3.325334765376331,0
Hog_public_Gerard,2016-07-11 06:00:00,0,normal,29.249,29.249,35.160004,0.9309084309502131,0.27140887198767233,0.0,0.4033779416833913,1.4170535128119832,0.7979911734483813,3.325334765376331,0
Hog_public_Gerard,2016-07-11 07:00:00,0,normal,33.531,33.531,38.225315,0.17516020777277294,1.2107290231089083,0.7294238060480076,0.21200560110690683,6.870252399058521,0.35266999572180285,3.325334765376331,0
Hog_public_Gerard,2016-07-11 08:00:00,0,normal,63.502,63.502,43.572697,5.917171234526838,10.0,0.009322763988502313,0.4710498949582479,7.33012446624432,4.454811696938412,3.325334765376331,1
Hog_public_Gerard,2016-07-11 09:00:00,0,normal,76.92,76.92,56.793457,5.991510134886795,0.0,0.0,0.0,2.9044396930904433,4.266668086748017,3.325334765376331,1
Hog_public_Gerard,2016-07-11 10:00:00,0,normal,78.888,78.888,71.852646,1.0574892087147367,10.0,0.0,0.0,0.8148956191804534,0.760614836579827,3.325334765376331,0
Hog_public_Gerard,2016-07-11 11:00:00,0,normal,83.132,83.132,73.7366,1.9469807695368215,1.5443528123341435,0.0,0.0,0.02524341628139374,1.36351762408281,3.325334765376331,0
Hog_public_Gerard,2016-07-11 12:00:00,0,normal,84.837,84.837,80.90335,0.499211667280862,2.93698045340136,0.0,0.0,0.0,0.3494481670966034,3.325334765376331,0
Hog_public_Gerard,2016-07-11 13:00:00,0,normal,82.801,82.801,81.41548,0.0,0.5707966020980668,0.0,0.0,0.0,0.0,3.325334765376331,0
Hog_public_Gerard,2016-07-11 14:00:00,0,normal,84.618,84.618,83.39019,0.0,0.0,0.6598425368644886,0.0,0.0,0.0,3.325334765376331,0
Hog_public_Gerard,2016-07-11 15:00:00,0,normal,84.527,84.527,84.073135,0.0,0.0,0.6549130393975001,0.9263601053214289,0.0,0.2547490289633929,3.325334765376331,0
Hog_public_Gerard,2016-07-11 16:00:00,0,normal,85.777,85.777,85.37516,0.0,0.0,0.7175246097393339,1.3816510974342162,0.0,0.3799540517944094,3.325334765376331,0
Hog_public_Gerard,2016-07-11 17:00:00,0,normal,83.196,83.196,84.42072,0.0,0.0,0.9524308778509496,2.2130529991540766,0.0,0.608589574767371,3.325334765376331,0
Hog_public_Gerard,2016-07-11 18:00:00,0,normal,86.84200000000001,86.84200000000001,83.409805,0.0,0.0,0.571157664338977,2.230945698002964,0.0,0.613510066950815,3.325334765376331,0
Hog_public_Gerard,2016-07-11 19:00:00,0,normal,84.43,84.43,77.12182,0.9278909784588766,1.6401404563517281,0.2974214790810549,1.8811920338929689,1.0085472041261048,1.1920651743449326,3.325334765376331,0
Hog_public_Gerard,2016-07-11 20:00:00,0,normal,82.87899999999998,82.87899999999998,71.64855,1.8715181322389218,1.6793944672880334,0.32086594077692027,2.1224458095989975,6.042129888602499,2.0447885374220314,3.325334765376331,0
Hog_public_Gerard,2016-07-11 21:00:00,0,normal,83.804,83.804,64.58006,3.7946085568757724,4.122673165015937,0.2647975536999674,1.9188149951830278,10.0,3.433900113488373,3.325334765376331,1
Hog_public_Gerard,2016-07-11 22:00:00,0,normal,56.21,56.21,57.907192,0.0,8.791189607608889,0.9105397846339875,1.8902533112425066,10.0,0.7698196605916884,3.325334765376331,0
Hog_public_Gerard,2016-07-11 23:00:00,0,normal,46.96,46.96,47.97734,0.0,0.0,0.0,0.0,4.222074699818118,0.10555186749545258,3.325334765376331,0
Hog_public_Gerard,2016-07-12 00:00:00,0,normal,48.466,48.466,46.04899,0.0,0.0,0.0,0.0,1.662972323393482,0.041574308084836906,3.325334765376331,0
Hog_public_Gerard,2016-07-12 01:00:00,0,normal,47.289,47.289,46.88734,0.0,0.0,0.0,0.0,0.8330307713002727,0.020825769282506745,3.325334765376331,0
Hog_public_Gerard,2016-07-12 02:00:00,0,normal,39.162,39.162,45.414948,1.4995594675306059,3.066171919777019,0.8720012508078585,0.0,0.3622269329014229,1.0587473005939598,3.325334765376331,0
Hog_public_Gerard,2016-07-12 03:00:00,0,normal,39.191,39.191,39.512222,0.0,3.066171919777019,0.0,0.0,0.0,0.0,3.325334765376331,0
Hog_public_Gerard,2016-07-12 04:00:00,0,normal,34.045,34.045,37.078026,0.1760052800492599,0.0,0.0,0.16549477991221218,0.0,0.1687147605103403,3.325334765376331,0
Hog_public_Gerard,2016-07-12 05:00:00,0,normal,28.992,28.992,32.22757,0.2592612316744723,0.0,0.0,0.24608877221625156,0.0,0.24915727453159978,3.325334765376331,0
Hog_public_Gerard,2016-07-12 06:00:00,0,normal,29.017,29.017,30.387657,0.0,0.0,0.0,0.012129739449810013,0.0,0.003335678348697753,3.325334765376331,0
Hog_public_Gerard,2016-07-12 07:00:00,0,normal,32.562,32.562,33.37955,0.0,0.0,0.0,0.06923168304276764,0.0,0.019038712836761097,3.325334765376331,0
Hog_public_Gerard,2016-07-12 08:00:00,0,normal,64.446,64.446,64.029015,0.0,0.0,0.19503643759723618,0.5124018010991802,0.05482852216479359,0.14228120835639438,3.325334765376331,0
Hog_public_Gerard,2016-07-12 09:00:00,0,normal,79.35,79.35,84.305534,0.2736127894330152,0.008038458043528419,0.0,0.0,0.6012539400973395,0.20656030110554408,3.325334765376331,0
Hog_public_Gerard,2016-07-12 10:00:00,0,normal,81.926,81.926,86.58704,0.16262036519233022,0.0,0.0,0.0,0.8472308578873389,0.13501502708181456,3.325334765376331,0
Hog_public_Gerard,2016-07-12 11:00:00,0,normal,84.802,84.802,86.92615,0.0,0.0,0.0,0.0,0.15268856490668825,0.0038172141226671926,3.325334765376331,0
Hog_public_Gerard,2016-07-12 12:00:00,0,normal,86.915,86.915,86.66236,0.0,0.0,0.0,0.0,0.0,0.0,3.325334765376331,0
Hog_public_Gerard,2016-07-12 13:00:00,0,normal,86.05799999999998,86.05799999999998,86.47609,0.0,0.0,0.0452761755854033,0.0,0.0,0.0,3.325334765376331,0
Hog_public_Gerard,2016-07-12 14:00:00,0,normal,84.97200000000002,84.97200000000002,87.61047,0.0,0.0,0.6985482843994973,0.0,0.0,0.0,3.325334765376331,0
Hog_public_Gerard,2016-07-12 15:00:00,0,normal,84.445,84.445,86.46581,0.0,0.0,0.7556202984091402,1.1036853024571371,0.0,0.3035134581757127,3.325334765376331,0
Hog_public_Gerard,2016-07-12 16:00:00,0,normal,81.22,81.22,86.655205,1.1211171333942904,2.122144592948483,0.8583995224932549,1.730980720614362,0.0,1.260801691544953,3.325334765376331,0
Hog_public_Gerard,2016-07-12 17:00:00,0,normal,80.393,80.393,87.40065,1.7723832570586318,0.950097618512255,0.21373349532228297,1.5567320434584324,0.0,1.6687695918921113,3.325334765376331,0
Hog_public_Gerard,2016-07-12 18:00:00,0,normal,84.50299999999999,84.50299999999999,85.30231,0.0,3.7467329709373334,0.16812133097711773,1.1823276678734542,0.0,0.3251401086651999,3.325334765376331,0
Hog_public_Gerard,2016-07-12 19:00:00,0,normal,81.373,81.373,84.16407,0.0,0.0,0.15237060505580183,1.3680631718041998,0.8143804835960717,0.3965768843360566,3.325334765376331,0
Hog_public_Gerard,2016-07-12 20:00:00,0,normal,79.682,79.682,82.81074,0.0,0.0,0.15857005452345155,1.4896040321413393,6.122650720965442,0.5627073768630038,3.325334765376331,0
Hog_public_Gerard,2016-07-12 21:00:00,0,normal,83.58200000000002,83.58200000000002,76.622925,0.8439022591704001,1.430629947083245,0.04862513484053476,1.468262560871489,10.0,1.2445037856589387,3.325334765376331,0
Hog_public_Gerard,2016-07-12 22:00:00,0,normal,53.312,53.312,62.072945,1.277399802643573,0.4068722124691123,0.2292975398820866,1.5856889671718604,10.0,1.5802443278227618,3.325334765376331,0
Hog_public_Gerard,2016-07-12 23:00:00,0,normal,44.652,44.652,48.566395,0.11140664327345527,2.234088186514282,0.0,0.0,3.4003044890927097,0.16299226251873614,3.325334765376331,0
Hog_public_Gerard,2016-07-13 00:00:00,0,normal,43.839,43.839,44.226173,0.0,0.0,0.0,0.0,1.2939205057219618,0.03234801264304893,3.325334765376331,0
Hog_public_Gerard,2016-07-13 01:00:00,0,normal,43.044,43.044,45.039337,0.0,0.0,0.0,0.0,0.5767667808290298,0.014419169520725693,3.325334765376331,0
Hog_public_Gerard,2016-07-13 02:00:00,0,normal,40.744,40.744,43.62658,0.11416398138839573,0.0,0.8685098117572068,0.0,0.22680782226656315,0.08558498252854109,3.325334765376331,0
Hog_public_Gerard,2016-07-13 03:00:00,0,normal,38.027,38.027,40.031178,0.0,0.0,0.39635950297669686,0.0,0.0,0.0,3.325334765376331,0
Hog_public_Gerard,2016-07-13 04:00:00,0,normal,33.561,33.561,36.912018,0.3067164243797091,0.09061573121872933,0.042808086728888285,0.39458278804354735,0.0,0.3232117637777719,3.325334765376331,0
Hog_public_Gerard,2016-07-13 05:00:00,0,normal,29.778,29.778,32.657772,0.11301006873175452,0.0,0.0,0.6238879868660953,0.0,0.2506762445004043,3.325334765376331,0
Hog_public_Gerard,2016-07-13 06:00:00,0,normal,28.557,28.557,31.957611,0.0,0.0,0.0,0.3204962421224558,0.0,0.08813646658367534,3.325334765376331,0
Hog_public_Gerard,2016-07-13 07:00:00,0,normal,34.097,34.097,34.379314,0.0,0.0,0.011912027800590587,0.2555488953660427,0.0,0.07027594622566173,3.325334765376331,0
Hog_public_Gerard,2016-07-13 08:00:00,0,normal,65.107,65.107,68.28247,0.0,0.0,0.0,0.5031526762289493,0.2328627999636386,0.144188555962052,3.325334765376331,0
Hog_public_Gerard,2016-07-13 09:00:00,0,normal,81.521,81.521,84.06831,0.0,0.0,0.0,0.0,0.702388025072185,0.017559700626804564,3.325334765376331,0
Hog_public_Gerard,2016-07-13 10:00:00,0,normal,82.38799999999998,82.38799999999998,86.58996,0.0,0.0,0.0,0.0,0.8300465399770464,0.020751163499426087,3.325334765376331,0
Hog_public_Gerard,2016-07-13 11:00:00,0,normal,83.634,83.634,87.433395,0.0,0.0,0.0,0.0,0.0870849025971119,0.0021771225649277895,3.325334765376331,0
Hog_public_Gerard,2016-07-13 12:00:00,0,normal,84.39200000000002,84.39200000000002,87.359924,0.0992334287447042,0.0,0.6939883606949705,0.0,0.0,0.06946340012129294,3.325334765376331,0
Hog_public_Gerard,2016-07-13 13:00:00,0,normal,81.331,81.331,87.67584,1.4978654468652166,2.8144076173300485,0.7227263557113829,0.0,0.0,1.0485058128056517,3.325334765376331,0
Hog_public_Gerard,2016-07-13 14:00:00,0,normal,80.477,80.477,87.28775,1.690832464412856,0.0,0.39318529969877486,0.043586174275017237,0.0,1.1955689230146291,3.325334765376331,0
Hog_public_Gerard,2016-07-13 15:00:00,0,normal,81.309,81.309,87.47503,1.4238056089275042,0.0,0.1858440065208382,1.857145703995644,0.0,1.5073789948480552,3.325334765376331,0
Hog_public_Gerard,2016-07-13 16:00:00,0,normal,80.467,80.467,85.49226,0.9513301903650636,0.5041028230717943,1.106832610112115,1.831638859335623,0.0,1.1696318195728408,3.325334765376331,0
Hog_public_Gerard,2016-07-13 17:00:00,0,normal,83.257,83.257,86.08365,0.04072071745233747,1.5970316072280237,1.1094792388906536,1.7095125206144728,0.0,0.49862044538561623,3.325334765376331,0
Hog_public_Gerard,2016-07-13 18:00:00,0,normal,82.365,82.365,84.2318,0.0,0.0,0.46753617022774263,1.7671975673331126,0.0,0.4859793310166059,3.325334765376331,0
Hog_public_Gerard,2016-07-13 19:00:00,0,normal,83.36399999999998,83.36399999999998,84.31213,0.0,0.0,0.4678661076600056,2.1925414339243585,1.0297076866142545,0.6286915864945548,3.325334765376331,0
Hog_public_Gerard,2016-07-13 20:00:00,0,normal,81.192,81.192,83.133644,0.0,0.0,1.0547035987234654,1.9964927069575675,7.1684899757545955,0.7282477438071953,3.325334765376331,0
Hog_public_Gerard,2016-07-13 21:00:00,0,normal,77.785,77.785,79.806274,0.0,0.0,0.6645384639066176,2.1114759772219864,10.0,0.8306558937360453,3.325334765376331,0
Hog_public_Gerard,2016-07-13 22:00:00,0,normal,45.738,45.738,54.529194,1.6626096284587124,3.4729018061445407,0.0,1.4233140344712067,10.0,1.8052380994006798,3.325334765376331,0
Hog_public_Gerard,2016-07-13 23:00:00,0,normal,40.401,40.401,45.330467,0.3996304844947613,2.4760204745203356,0.0,0.0,2.492786351516668,0.3420609979342494,3.325334765376331,0
Hog_public_Gerard,2016-07-14 00:00:00,0,normal,39.787,39.787,43.704346,0.5457874694866257,0.0,0.0,0.0,0.8597959729702276,0.40354612796489364,3.325334765376331,0
Hog_public_Gerard,2016-07-14 01:00:00,0,normal,44.20399999999999,44.20399999999999,45.377502,0.0,0.68698030060407,0.0,0.0,0.24522760484703804,0.006130690121175929,3.325334765376331,0
Hog_public_Gerard,2016-07-14 02:00:00,0,normal,47.38399999999999,47.38399999999999,45.882908,0.0,0.0,0.07476870311163908,0.0,0.0,0.0,3.325334765376331,0
Hog_public_Gerard,2016-07-14 03:00:00,0,normal,44.404,44.404,43.572144,0.0,0.0,0.0,0.0,0.0,0.0,3.325334765376331,0
Hog_public_Gerard,2016-07-14 04:00:00,0,normal,31.553,31.553,38.039295,1.7103585416636349,3.5920118391028883,0.29308765973497164,0.9924574621143466,0.0,1.4701767812459898,3.325334765376331,0
Hog_public_Gerard,2016-07-14 05:00:00,0,normal,29.427,29.427,32.266193,0.05703321463927498,3.449742044474259,0.0,0.29682300303682513,0.0,0.12154957608261939,3.325334765376331,0
Hog_public_Gerard,2016-07-14 06:00:00,0,normal,29.1,29.1,33.012142,0.18671865652704067,0.0,0.0,0.01739291712773684,0.0,0.1354861117790561,3.325334765376331,0
Hog_public_Gerard,2016-07-14 07:00:00,0,normal,33.998000000000005,33.998000000000005,37.689796,0.10468243570992931,0.0,0.5180526349120295,0.0,0.0,0.07327770499695052,3.325334765376331,0
Hog_public_Gerard,2016-07-14 08:00:00,0,normal,68.134,68.134,70.69857,0.0,0.0,0.0,0.0,0.3254602259097994,0.008136505647744955,3.325334765376331,0
Hog_public_Gerard,2016-07-14 09:00:00,0,normal,81.066,81.066,83.48156,0.0,0.0,0.0,0.0,0.8621690485487219,0.02155422621371797,3.325334765376331,0
Hog_public_Gerard,2016-07-14 10:00:00,0,normal,81.92299999999999,81.92299999999999,85.26829,0.0,0.0,0.0,0.0,0.6801217632871568,0.01700304408217886,3.325334765376331,0
Hog_public_Gerard,2016-07-14 11:00:00,0,normal,84.411,84.411,86.66891,0.0,0.0,0.0,0.0,0.0,0.0,3.325334765376331,0
Hog_public_Gerard,2016-07-14 12:00:00,0,normal,84.411,84.411,87.29873,0.04031947500211708,0.0,0.31732445408075033,0.0,0.0,0.02822363250148196,3.325334765376331,0
Hog_public_Gerard,2016-07-14 13:00:00,0,normal,84.411,84.411,87.607605,0.17164641229448607,0.0,0.4631112800858916,0.0,0.0,0.12015248860614026,3.325334765376331,0
Hog_public_Gerard,2016-07-14 14:00:00,0,normal,84.411,84.411,86.65596,0.0,0.0,1.6182733230822333,0.1665693114835458,0.0,0.045806560657975094,3.325334765376331,0
Hog_public_Gerard,2016-07-14 15:00:00,0,normal,84.411,84.411,86.083786,0.0,0.0,1.6182733230822333,1.8315817605150213,0.0,0.5036849841416308,3.325334765376331,0
Hog_public_Gerard,2016-07-14 16:00:00,0,normal,82.96,82.96,85.05599,0.0,0.0,1.6182733230822333,2.292757565897194,0.0,0.6305083306217283,3.325334765376331,0
Hog_public_Gerard,2016-07-14 17:00:00,0,normal,84.728,84.728,83.93857,0.0,0.0,0.8408702228863624,2.7878349458951597,0.0,0.7666546101211689,3.325334765376331,0
Hog_public_Gerard,2016-07-14 18:00:00,0,normal,85.184,85.184,81.55826,0.0,0.0,0.7704151434098635,2.739278484323678,0.0,0.7533015831890114,3.325334765376331,0
Hog_public_Gerard,2016-07-14 19:00:00,0,normal,81.505,81.505,81.88422,0.0,0.0,0.6284313971814164,2.6010979752812236,1.0435370228591456,0.7413903687738149,3.325334765376331,0
Hog_public_Gerard,2016-07-14 20:00:00,0,normal,79.39399999999998,79.39399999999998,80.61244,0.0,0.0,0.22412078507691496,1.97052183888096,8.041272199967514,0.7429253106914511,3.325334765376331,0
Hog_public_Gerard,2016-07-14 21:00:00,0,normal,81.42,81.42,72.579575,1.6787108209708317,3.5130663552842583,0.0,1.3858086107431877,10.0,1.8061949426339579,3.325334765376331,0
Hog_public_Gerard,2016-07-14 22:00:00,0,normal,48.244,48.244,54.234768,0.7467292712914673,1.6503444178701767,0.6161751478245142,1.4120466804336813,10.0,1.1610233270232886,3.325334765376331,0
Hog_public_Gerard,2016-07-14 23:00:00,0,normal,43.205,43.205,45.243156,0.0,1.1882311779374866,0.0,0.0,2.732599032435192,0.06831497581087956,3.325334765376331,0
Hog_public_Gerard,2016-07-15 00:00:00,0,normal,47.316,47.316,41.892986,1.228345612707792,2.3896268631792545,0.0,0.0,0.992018505714355,0.8846423915383133,3.325334765376331,0
Hog_public_Gerard,2016-07-15 01:00:00,0,normal,45.044,45.044,44.391434,0.0,2.3896268631792545,0.0,0.0,0.4214714255642753,0.010536785639106845,3.325334765376331,0
Hog_public_Gerard,2016-07-15 02:00:00,0,normal,41.691,41.691,42.45738,0.0,0.0,0.18520980229437425,0.0,0.09858891309505559,0.002464722827376381,3.325334765376331,0
Hog_public_Gerard,2016-07-15 03:00:00,0,normal,37.782,37.782,39.441086,0.0,0.0,0.0,0.0,0.0,0.0,3.325334765376331,0
Hog_public_Gerard,2016-07-15 04:00:00,0,normal,31.619,31.619,35.667168,0.6050924387495756,0.8349170046959148,0.0,0.7249981229562364,0.0,0.622939190937668,3.325334765376331,0
Hog_public_Gerard,2016-07-15 05:00:00,0,normal,28.465,28.465,31.399012,0.10001676055687603,0.585424422630432,0.0,0.3029800813376669,0.0,0.15333125475767162,3.325334765376331,0
Hog_public_Gerard,2016-07-15 06:00:00,0,normal,28.709,28.709,31.482317,0.0,0.0,0.0,0.033795359798368,0.0,0.0092937239445512,3.325334765376331,0
Hog_public_Gerard,2016-07-15 07:00:00,0,normal,34.961,34.961,36.1521,0.0,0.0,0.33371315180431704,0.0949501982971994,0.0,0.026111304531729832,3.325334765376331,0
Hog_public_Gerard,2016-07-15 08:00:00,0,normal,66.039,66.039,63.47783,0.0,0.0,0.0,0.3798121161534024,0.3392769203775136,0.11293025495162345,3.325334765376331,0
Hog_public_Gerard,2016-07-15 09:00:00,0,normal,80.984,80.984,80.65409,0.0,0.0,0.0,0.0,0.8085444827803264,0.02021361206950809,3.325334765376331,0
Hog_public_Gerard,2016-07-15 10:00:00,0,normal,81.685,81.685,84.53444,0.0,0.0,0.0,0.0,0.8324820218006834,0.020812050545017013,3.325334765376331,0
Hog_public_Gerard,2016-07-15 11:00:00,0,normal,82.04899999999998,82.04899999999998,85.84671,0.14411485057808196,0.0,0.0,0.0,0.08719719947655864,0.10306032539157134,3.325334765376331,0
Hog_public_Gerard,2016-07-15 12:00:00,0,normal,80.447,80.447,87.47453,1.8004683123363723,3.4572957499672583,1.0707845925470105,0.0,0.0,1.2603278186354607,3.325334765376331,0
Hog_public_Gerard,2016-07-15 13:00:00,0,normal,81.628,81.628,87.61992,1.3516936836341273,0.4449810196231714,0.8368747837542756,0.0,0.0,0.9461855785438892,3.325334765376331,0
Hog_public_Gerard,2016-07-15 14:00:00,0,normal,80.329,80.329,87.426674,1.8096688117549615,0.467931736517571,0.8406551854517197,0.18219257522514803,0.0,1.316871126415389,3.325334765376331,0
Hog_public_Gerard,2016-07-15 15:00:00,0,normal,82.665,82.665,86.47165,0.44661155441313144,2.7256661016719,0.9195771497101114,2.625824941133832,0.0,1.0347299469009956,3.325334765376331,0
Hog_public_Gerard,2016-07-15 16:00:00,0,normal,79.038,79.038,85.556816,1.5699208984661188,2.1276130793764025,0.612611483230971,2.3837256008227223,0.0,1.7544691691525318,3.325334765376331,0
Hog_public_Gerard,2016-07-15 17:00:00,0,normal,78.751,78.751,82.75592,0.5287303702773231,1.922767058649044,0.2695714699218794,1.9738604470835994,0.0,0.912922882142116,3.325334765376331,0
Hog_public_Gerard,2016-07-15 18:00:00,0,normal,79.51100000000002,79.51100000000002,69.95802,1.4679485972996955,1.6683963654220588,0.12385887994716094,1.8271942366322578,0.0,1.5300424331836577,3.325334765376331,0
Hog_public_Gerard,2016-07-15 19:00:00,0,normal,40.142,40.142,51.660625,1.940848457309988,0.5051615955432337,1.1926223908845697,1.7746580154754108,1.1682351964197468,1.875830754283223,3.325334765376331,0
Hog_public_Gerard,2016-07-15 20:00:00,0,normal,36.713,36.713,42.63378,0.5941073606724957,2.6849653127155766,0.0,0.0,1.6752114719758824,0.45775543927014395,3.325334765376331,0
Hog_public_Gerard,2016-07-15 21:00:00,0,normal,36.19,36.19,40.954277,0.3456049726387421,0.0,0.0,0.0,0.4175251568140557,0.25236160976747085,3.325334765376331,0
Hog_public_Gerard,2016-07-15 22:00:00,0,normal,38.045,38.045,43.177753,0.4661153200692896,0.0,0.13543880377027323,0.0,0.0,0.3262807240485027,3.325334765376331,0
Hog_public_Gerard,2016-07-15 23:00:00,0,normal,37.704,37.704,43.73716,0.7605935302746686,0.06008741139289713,0.7439872710050244,0.0,0.0,0.5324154711922681,3.325334765376331,0
Hog_public_Gerard,2016-08-28 00:00:00,0,normal,41.449,41.449,37.442375,0.5862599947396055,0.0,1.1940623045853278,0.0,0.0,0.41038199631772393,3.325334765376331,0
Hog_public_Gerard,2016-08-28 01:00:00,0,normal,35.744,35.744,35.994354,0.0,0.7879393275896943,1.2201887271424385,1.82771024788476,0.0,0.502620318168309,3.325334765376331,0
Hog_public_Gerard,2016-08-28 02:00:00,0,normal,35.086,35.086,34.662975,0.0,0.0,0.0,0.8211770720861842,0.0,0.22582369482370063,3.325334765376331,0
Hog_public_Gerard,2016-08-28 03:00:00,0,normal,34.326,34.326,33.695827,0.0,0.0,0.0,0.45917786367785285,0.0,0.12627391251140951,3.325334765376331,0
Hog_public_Gerard,2016-08-28 04:00:00,0,normal,34.478,34.478,33.600143,0.0,0.0,0.638926931858755,0.31106736571699733,0.0,0.08554352557217426,3.325334765376331,0
Hog_public_Gerard,2016-08-28 05:00:00,0,normal,34.137,34.137,34.11453,0.0,0.0,0.9809089579021198,0.3551107171310841,0.25436839589997023,0.10401465710854735,3.325334765376331,0
Hog_public_Gerard,2016-08-28 06:00:00,0,normal,33.593,33.593,34.329407,0.0,0.0,1.3135407844684586,0.5394136123027848,1.2049688277390422,0.17846296407674175,3.325334765376331,0
Hog_public_Gerard,2016-08-28 07:00:00,0,normal,34.521,34.521,34.989594,0.0,0.0,0.9272282655453625,2.102533432210754,6.3418082984944695,0.7367419013203185,3.325334765376331,0
Hog_public_Gerard,2016-08-28 08:00:00,0,normal,32.759,32.759,34.172104,0.0,0.0,0.903629902046242,2.541004544473024,6.88330382404439,0.8708588453311907,3.325334765376331,0
Hog_public_Gerard,2016-08-28 09:00:00,0,normal,31.867,31.867,34.565697,0.0,0.0,0.48951415062994563,2.2175652813923326,6.670227874131955,0.7765861492361896,3.325334765376331,0
Hog_public_Gerard,2016-08-28 10:00:00,0,normal,32.518,32.518,36.351303,0.15736632854921326,0.0,0.1615893258812824,1.7228811534122284,6.78843577018606,0.7536596414274629,3.325334765376331,0
Hog_public_Gerard,2016-08-28 11:00:00,0,normal,30.986,30.986,39.04013,1.728809225575309,3.2454856901160727,0.9228113842454979,1.7862507116720363,7.772758263957258,1.895704360211457,3.325334765376331,0
Hog_public_Gerard,2016-08-28 12:00:00,0,normal,64.487,64.487,48.445667,5.513900816830017,8.767449463326997,0.5877204401596705,1.5168044590435916,8.766257441921784,4.4960082340660446,3.325334765376331,1
Hog_public_Gerard,2016-08-28 13:00:00,0,normal,62.354,62.354,70.50431,2.245643695337348,7.478201884786914,0.0,0.0,1.0495122415237306,1.5981883927742369,3.325334765376331,0
Hog_public_Gerard,2016-08-28 14:00:00,0,normal,61.146,61.146,74.53409,4.414995577925059,4.736974274802746,0.0,0.0,0.0,3.0904969045475417,3.325334765376331,0
Hog_public_Gerard,2016-08-28 15:00:00,0,normal,61.195,61.195,75.63962,4.8525828688489465,0.41707411908749664,0.0,0.0,0.0,3.396808008194263,3.325334765376331,1
Hog_public_Gerard,2016-08-28 16:00:00,0,normal,62.392,62.392,71.22181,2.5270745023018977,5.126507830702381,0.6353657095644595,0.0,0.0,1.7689521516113285,3.325334765376331,0
Hog_public_Gerard,2016-08-28 17:00:00,0,normal,62.111,62.111,61.44695,0.0,5.629316113898486,0.6010989582404737,0.0,0.0,0.0,3.325334765376331,0
Hog_public_Gerard,2016-08-28 18:00:00,0,normal,61.899,61.899,53.93266,1.086232350459399,2.035124232353314,0.6700895583612969,1.4433751801053007,0.0,1.157290819850537,3.325334765376331,0
Hog_public_Gerard,2016-08-28 19:00:00,0,normal,42.765,42.765,47.354504,0.273825745385949,1.3520637945630292,1.1547011571632846,2.316347779250909,0.0,0.8286736610641643,3.325334765376331,0
Hog_public_Gerard,2016-08-28 20:00:00,0,normal,40.175,40.175,42.395737,0.0,0.008569678313689707,0.0,0.0,0.0,0.0,3.325334765376331,0
Hog_public_Gerard,2016-08-28 21:00:00,0,normal,41.223,41.223,40.250824,0.0,0.0,0.0,0.0,0.0,0.0,3.325334765376331,0
Hog_public_Gerard,2016-08-28 22:00:00,0,normal,41.7,41.7,40.405098,0.0,0.0,0.09659214732484371,0.0,0.0,0.0,3.325334765376331,0
Hog_public_Gerard,2016-08-28 23:00:00,0,normal,41.622,41.622,37.870815,0.07214121801258311,0.0,0.49771268602028984,0.0,0.0,0.05049885260880818,3.325334765376331,0
Hog_public_Gerard,2016-08-29 00:00:00,1,contextual_after_hours,41.674,97.32480847543503,40.10218,10.0,10.0,1.1405601098318499,0.0,0.0,7.000000000000001,3.325334765376331,1
Hog_public_Gerard,2016-08-29 01:00:00,1,contextual_after_hours,43.03,98.68080847543504,45.593346,10.0,3.565590018124721,0.0,0.0,0.0,7.000000000000001,3.325334765376331,1
Hog_public_Gerard,2016-08-29 02:00:00,1,contextual_after_hours,39.866,95.51680847543504,45.809757,10.0,2.7916871674181594,0.0,0.0,0.0,7.000000000000001,3.325334765376331,1
Hog_public_Gerard,2016-08-29 03:00:00,1,contextual_after_hours,38.515,94.16580847543504,47.140827,10.0,1.1368942796026096,0.37102120671603406,0.0,0.0,7.000000000000001,3.325334765376331,1
Hog_public_Gerard,2016-08-29 04:00:00,1,contextual_after_hours,31.987,87.63780847543504,46.975147,10.0,6.520177918920453,0.11929120282490087,0.0,0.0,7.000000000000001,3.325334765376331,1
Hog_public_Gerard,2016-08-29 05:00:00,1,contextual_after_hours,30.798,86.44880847543503,46.537296,10.0,0.17492713671847027,0.0,0.0,0.0,7.000000000000001,3.325334765376331,1
Hog_public_Gerard,2016-08-29 06:00:00,0,normal,30.099,30.099,48.55876,5.60289667362136,10.0,0.0,0.46987280518243235,0.0,4.0512426929601215,3.325334765376331,1
Hog_public_Gerard,2016-08-29 07:00:00,0,normal,36.16,36.16,46.794518,2.6895048840515834,6.592987572165584,0.0,0.0,0.0,1.8826534188361086,3.325334765376331,0
Hog_public_Gerard,2016-08-29 08:00:00,0,normal,68.425,68.425,79.48666,2.848531527436947,0.0,0.0,0.0,0.0,1.9939720692058631,3.325334765376331,0
Hog_public_Gerard,2016-08-29 09:00:00,0,normal,78.46600000000002,78.46600000000002,87.66032,1.8711941746097311,1.7634848192989574,0.0,0.0,0.0,1.3098359222268119,3.325334765376331,0
Hog_public_Gerard,2016-08-29 10:00:00,0,normal,78.646,78.646,89.97798,2.676872288622418,1.3352795216190996,0.0,0.0,0.0,1.8738106020356926,3.325334765376331,0
Hog_public_Gerard,2016-08-29 11:00:00,0,normal,81.432,81.432,90.07991,1.665255691640662,1.8489946587273784,0.0,0.0,0.0,1.1656789841484636,3.325334765376331,0
Hog_public_Gerard,2016-08-29 12:00:00,0,normal,84.777,84.777,92.42035,2.03567336914732,0.24951899938058475,0.32963867646395967,0.0,0.0,1.424971358403124,3.325334765376331,0
Hog_public_Gerard,2016-08-29 13:00:00,0,normal,81.14399999999998,81.14399999999998,91.88794,3.3198576323081608,2.528916808214626,0.0,0.0,0.0,2.3239003426157128,3.325334765376331,0
Hog_public_Gerard,2016-08-29 14:00:00,0,normal,85.488,85.488,93.0365,1.9963889136966617,2.6269121858978246,0.19512906577071326,0.2846346557799553,0.0,1.475746769927151,3.325334765376331,0
Hog_public_Gerard,2016-08-29 15:00:00,0,normal,85.726,85.726,91.92913,1.4391721158178108,0.7154908485959643,0.08915220225656742,1.0197679060075935,0.0,1.2878566552245558,3.325334765376331,0
Hog_public_Gerard,2016-08-29 16:00:00,0,normal,86.86399999999998,86.86399999999998,93.03616,1.4263462931093975,0.0,0.014370030345171297,1.0668584056639576,0.0,1.2918284667341666,3.325334765376331,0
Hog_public_Gerard,2016-08-29 17:00:00,0,normal,86.934,86.934,92.12242,1.0189057917366955,0.34187271959972965,0.9195043434092073,1.3132983533891698,0.0,1.0743911013977085,3.325334765376331,0
Hog_public_Gerard,2016-08-29 18:00:00,0,normal,72.346,72.346,90.88095,3.6288508053873576,5.836037244820664,0.9670400326150375,1.4596675373864194,0.0,2.9416041365524155,3.325334765376331,0
Hog_public_Gerard,2016-08-29 19:00:00,0,normal,65.545,65.545,88.49638,4.691365488592909,1.97596032811581,0.0,0.3053773620709944,1.2228293336568592,3.398505349925981,3.325334765376331,1
Hog_public_Gerard,2016-08-29 20:00:00,0,normal,65.40899999999999,65.40899999999999,85.12402,3.912755133359513,1.2677587881843198,0.0,0.0,4.583978202070566,2.8535280484034233,3.325334765376331,0
Hog_public_Gerard,2016-08-29 21:00:00,0,normal,68.07600000000001,68.07600000000001,77.40232,1.4134192037073539,5.5601220300803185,0.0,0.0,3.8938293153332917,1.0867391754784799,3.325334765376331,0
Hog_public_Gerard,2016-08-29 22:00:00,0,normal,46.3,46.3,55.905846,1.4806678636315294,0.0,0.34522480741385236,0.0,3.087790533743133,1.1136622678856487,3.325334765376331,0
Hog_public_Gerard,2016-08-29 23:00:00,0,normal,41.851000000000006,41.851000000000006,41.63887,0.0,3.0190466678702785,0.0,0.0,1.0609677858766675,0.026524194646916594,3.325334765376331,0
Hog_public_Gerard,2016-08-30 00:00:00,0,normal,48.789,48.789,41.646614,2.0077813930656223,4.333935440191354,0.0,0.0,0.17750801698278268,1.4098846755705052,3.325334765376331,0
Hog_public_Gerard,2016-08-30 01:00:00,0,normal,46.112,46.112,43.09186,0.13906019865192082,3.9870487000986548,0.0,0.0,0.012630402798565747,0.09765789912630872,3.325334765376331,0
Hog_public_Gerard,2016-08-30 02:00:00,0,normal,38.991,38.991,40.846493,0.0,0.0,0.0,0.0,0.0,0.0,3.325334765376331,0
Hog_public_Gerard,2016-08-30 03:00:00,0,normal,38.225,38.225,36.64588,0.0,0.0,0.0,0.0,0.0,0.0,3.325334765376331,0
Hog_public_Gerard,2016-08-30 04:00:00,0,normal,32.713,32.713,37.95633,1.1468900588091204,2.186435354550089,0.0,0.4543803311040605,0.0,0.927777632220001,3.325334765376331,0
Hog_public_Gerard,2016-08-30 05:00:00,0,normal,30.486,30.486,32.332664,0.0,2.186435354550089,0.0,0.17993979892883108,0.14787515357299547,0.05318032354475342,3.325334765376331,0
Hog_public_Gerard,2016-08-30 06:00:00,0,normal,30.629,30.629,32.552002,0.0,0.0,0.0,0.0,0.7753769171832035,0.01938442292958002,3.325334765376331,0
Hog_public_Gerard,2016-08-30 07:00:00,0,normal,36.807,36.807,36.87393,0.0,0.0,0.532402187398285,0.1522627430396113,1.056299922650958,0.06827975240216695,3.325334765376331,0
Hog_public_Gerard,2016-08-30 08:00:00,0,normal,69.98899999999999,69.98899999999999,70.73517,0.0,0.0,0.0,0.6451501359409266,1.4762039587001878,0.21432138635125939,3.325334765376331,0
Hog_public_Gerard,2016-08-30 09:00:00,0,normal,80.545,80.545,86.13082,0.8098407908956463,1.3456633512697636,0.0,0.0,1.210095021961263,0.5971409291759839,3.325334765376331,0
Hog_public_Gerard,2016-08-30 10:00:00,0,normal,80.939,80.939,87.70624,1.249690242919698,0.42271709743218244,0.0,0.0,0.5494839542930091,0.888520268901114,3.325334765376331,0
Hog_public_Gerard,2016-08-30 11:00:00,0,normal,82.745,82.745,88.65733,0.6342268177118767,0.8607875105554047,0.0,0.0,0.0,0.4439587723983138,3.325334765376331,0
Hog_public_Gerard,2016-08-30 12:00:00,0,normal,81.949,81.949,88.43994,1.5583759213487376,1.6308063206937387,0.5829486049354329,0.0,0.0,1.0908631449441164,3.325334765376331,0
Hog_public_Gerard,2016-08-30 13:00:00,0,normal,83.75299999999999,83.75299999999999,88.36757,0.7812310241595779,1.264103191768986,0.7533755788147317,0.0,0.0,0.5468617169117046,3.325334765376331,0
Hog_public_Gerard,2016-08-30 14:00:00,0,normal,87.02600000000002,87.02600000000002,87.941605,0.0,1.274296067071294,0.7574459460856438,0.35582365688734985,0.0,0.0978515056440212,3.325334765376331,0
Hog_public_Gerard,2016-08-30 15:00:00,0,normal,87.48,87.48,87.98227,0.0,0.0,0.0,1.2428521451191277,0.0,0.3417843399077601,3.325334765376331,0
Hog_public_Gerard,2016-08-30 16:00:00,0,normal,85.929,85.929,88.6295,0.0,0.0,0.16765017277598257,1.0859703837197365,0.0,0.2986418555229275,3.325334765376331,0
Hog_public_Gerard,2016-08-30 17:00:00,0,normal,85.574,85.574,87.746864,0.0,0.0,0.837996008700586,1.2718371050645225,0.0,0.34975520389274367,3.325334765376331,0
Hog_public_Gerard,2016-08-30 18:00:00,0,normal,75.227,75.227,87.546616,2.1335523516286843,4.647672068192868,0.68459314394453,1.3960626485090168,0.0,1.8774038744800587,3.325334765376331,0
Hog_public_Gerard,2016-08-30 19:00:00,0,normal,71.654,71.654,87.00254,2.8622574998472587,1.143269863654919,0.0,0.4670500995775687,1.0057794143551764,2.157163512635792,3.325334765376331,0
Hog_public_Gerard,2016-08-30 20:00:00,0,normal,71.52199999999998,71.52199999999998,83.714424,2.7749832532300047,0.0,0.0,0.05637676130960205,5.921606080800176,2.106032038641148,3.325334765376331,0
Hog_public_Gerard,2016-08-30 21:00:00,0,normal,73.524,73.524,77.52608,0.09632725392921655,6.007437329473134,0.1449639855180009,0.0,6.263210177065731,0.22400933217709432,3.325334765376331,0
Hog_public_Gerard,2016-08-30 22:00:00,0,normal,51.87,51.87,53.836197,0.0,0.0,0.6269506696743354,0.08274202494041437,5.770620695916659,0.1670195742565299,3.325334765376331,0
Hog_public_Gerard,2016-08-30 23:00:00,0,normal,50.578,50.578,46.605694,0.08659060859955098,0.0,0.0,0.0,2.4757959882916953,0.12250832572697785,3.325334765376331,0
Hog_public_Gerard,2016-08-31 00:00:00,0,normal,46.879,46.879,45.827286,0.0,0.0,0.0,0.0,1.326741108476368,0.033168527711909083,3.325334765376331,0
Hog_public_Gerard,2016-08-31 01:00:00,0,normal,46.88,46.88,44.191505,0.0,0.0,0.0,0.0,0.6766266932269704,0.016915667330674202,3.325334765376331,0
Hog_public_Gerard,2016-08-31 02:00:00,0,normal,41.122,41.122,43.340347,0.0,0.0,0.11922547159261886,0.0,0.37137713837329284,0.009284428459332288,3.325334765376331,0
Hog_public_Gerard,2016-08-31 03:00:00,0,normal,37.751,37.751,40.709965,0.11132866270984929,0.0,0.0,0.0,0.1620333953787441,0.0819808987813631,3.325334765376331,0
Hog_public_Gerard,2016-08-31 04:00:00,0,normal,32.356,32.356,37.1569,0.9463247431527906,1.4084134154271655,0.0,0.26610341948187266,0.11282871656957208,0.7384264784787078,3.325334765376331,0
Hog_public_Gerard,2016-08-31 05:00:00,0,normal,29.596,29.596,33.074257,0.346737187231619,0.8211850319427535,0.0,0.052962753307543756,0.10722286192299109,0.25996135976978263,3.325334765376331,0
Hog_public_Gerard,2016-08-31 06:00:00,0,normal,28.76,28.76,32.657032,0.18109303766148332,0.0,0.0,0.0,0.2961535779880979,0.13416896581274074,3.325334765376331,0
Hog_public_Gerard,2016-08-31 07:00:00,0,normal,35.607,35.607,35.384064,0.0,0.0,0.22628166559138452,0.01709023977047944,0.4068237723946361,0.014870410246747711,3.325334765376331,0
Hog_public_Gerard,2016-08-31 08:00:00,0,normal,65.275,65.275,60.833683,0.3837340487043772,0.28273679023247017,0.0,0.4070538664803469,0.7667479033200089,0.3997223449581596,3.325334765376331,0
Hog_public_Gerard,2016-08-31 09:00:00,0,normal,79.804,79.804,83.34134,0.047176914961333485,0.1650536113127387,0.0,0.0,1.0197127259654797,0.058516658622070346,3.325334765376331,0
Hog_public_Gerard,2016-08-31 10:00:00,0,normal,82.501,82.501,86.50885,0.2223513670970908,0.0,0.0,0.0,0.6690827702239746,0.17237302622356288,3.325334765376331,0
Hog_public_Gerard,2016-08-31 11:00:00,0,normal,88.068,88.068,88.063576,0.0,0.0,0.0,0.0,0.0,0.0,3.325334765376331,0
Hog_public_Gerard,2016-08-31 12:00:00,0,normal,80.485,80.485,90.21257,2.8989037903155417,6.5568471460732365,0.0,0.0,0.0,2.0292326532208795,3.325334765376331,0
Hog_public_Gerard,2016-08-31 13:00:00,0,normal,81.93,81.93,89.72579,2.098811235406809,1.3213463012731705,0.0,0.0,0.0,1.4691678647847666,3.325334765376331,0
Hog_public_Gerard,2016-08-31 14:00:00,0,normal,85.449,85.449,89.51668,0.5547228801835854,3.1772495742129223,0.0,0.0,0.0,0.3883060161285098,3.325334765376331,0
Hog_public_Gerard,2016-08-31 15:00:00,0,normal,81.437,81.437,89.53291,2.2231137002619614,3.487323033312611,0.0,0.8991847363322383,0.0,1.8034553926747385,3.325334765376331,0
Hog_public_Gerard,2016-08-31 16:00:00,0,normal,83.61,83.61,86.95223,0.25426213255971486,4.236824690001203,0.09819426426861946,0.9954166213744359,0.0,0.4517230636697703,3.325334765376331,0
Hog_public_Gerard,2016-08-31 17:00:00,0,normal,84.958,84.958,85.852165,0.0,0.0,0.1635446427892437,1.0007992791020808,0.0,0.2752198017530722,3.325334765376331,0
Hog_public_Gerard,2016-08-31 18:00:00,0,normal,71.426,71.426,85.70139,2.604077425155921,5.8214004999801015,0.2606706810717558,1.4296773365427347,0.0,2.2160154651583968,3.325334765376331,0
Hog_public_Gerard,2016-08-31 19:00:00,0,normal,64.743,64.743,83.701096,3.730651836630577,2.1357578152898085,0.0,0.3123297615017793,0.7995075815066368,2.7173346595920598,3.325334765376331,0
Hog_public_Gerard,2016-08-31 20:00:00,0,normal,63.615,63.615,77.34165,3.2767530225227177,0.45776333971343336,0.0,0.0,3.893735560105597,2.391070504768542,3.325334765376331,0
Hog_public_Gerard,2016-08-31 21:00:00,0,normal,64.532,64.532,72.550606,1.4099344005225507,3.982302718511405,0.0,0.0,3.654476859595343,1.0783160018556688,3.325334765376331,0
Hog_public_Gerard,2016-08-31 22:00:00,0,normal,42.566,42.566,58.62044,4.038057454193328,5.881382506117435,0.9762884062670347,0.0,2.939286251869054,2.9001223742320557,3.325334765376331,0
Hog_public_Gerard,2016-08-31 23:00:00,0,normal,39.664,39.664,46.466248,1.0121239920770557,6.8737236439725296,0.0,0.0,1.0842146482018467,0.7355921606589851,3.325334765376331,0
Hog_public_Gerard,2016-09-01 00:00:00,0,normal,39.197,39.197,44.22518,1.0493580266294509,0.0,0.0,0.0,0.4550832165682042,0.7459276990548207,3.325334765376331,0
Hog_public_Gerard,2016-09-01 01:00:00,0,normal,41.056,41.056,44.850327,0.49001970865852484,0.7207829968592004,0.2588093017611322,0.0,0.08359238031702418,0.345103605568893,3.325334765376331,0
Hog_public_Gerard,2016-09-01 02:00:00,0,normal,39.63800000000001,39.63800000000001,44.515797,0.9811846639799189,0.5507240169360709,0.7287496433066971,0.0,0.0,0.6868292647859433,3.325334765376331,0
Hog_public_Gerard,2016-09-01 03:00:00,0,normal,39.521,39.521,41.716957,0.0,1.7730819666985813,0.7276823832498653,0.0,0.019663380319946897,0.0004915845079986707,3.325334765376331,0
Hog_public_Gerard,2016-09-01 04:00:00,0,normal,33.94,33.94,38.765366,0.9574163116485748,1.713791628143605,0.8061254323110952,1.9926078351935759,0.10807892231825258,1.220860545890192,3.325334765376331,0
Hog_public_Gerard,2016-09-01 05:00:00,0,normal,31.226,31.226,34.51054,0.25892032472266324,1.0679128773760729,0.0,1.2017623889771096,0.34434207171069364,0.5203374360673367,3.325334765376331,0
Hog_public_Gerard,2016-09-01 06:00:00,0,normal,32.072,32.072,33.856857,0.0,0.0,0.0,0.6522737899577248,0.9949348647900559,0.2042486638581256,3.325334765376331,0
Hog_public_Gerard,2016-09-01 07:00:00,0,normal,36.823,36.823,38.494774,0.0,0.0,0.46223395286168006,0.5264795480507403,1.460714550340398,0.1812997394724634,3.325334765376331,0
Hog_public_Gerard,2016-09-01 08:00:00,0,normal,65.873,65.873,59.641376,1.0502773870233353,1.9454342982284,0.0,0.7081344825736477,2.1151530364277575,0.9828099795347816,3.325334765376331,0
Hog_public_Gerard,2016-09-01 09:00:00,0,normal,78.56,78.56,75.20607,0.0,1.9454342982284,0.0,0.0,1.9319240027355686,0.04829810006838904,3.325334765376331,0
Hog_public_Gerard,2016-09-01 10:00:00,0,normal,78.17399999999998,78.17399999999998,83.352936,0.6583545651078474,0.9677797904673705,0.0,0.0,0.909180078945202,0.4835776975491232,3.325334765376331,0
Hog_public_Gerard,2016-09-01 11:00:00,0,normal,86.178,86.178,84.97495,0.0,0.9677797904673705,0.0,0.0,0.10650775268314629,0.0026626938170786476,3.325334765376331,0
Hog_public_Gerard,2016-09-01 12:00:00,0,normal,79.32,79.32,86.91874,2.0433319749082264,4.422616641306618,0.0,0.0,0.0,1.4303323824357586,3.325334765376331,0
Hog_public_Gerard,2016-09-01 13:00:00,0,normal,78.339,78.339,85.93127,2.0405800032857258,0.0,0.0,0.0,0.0,1.4284060023000082,3.325334765376331,0
Hog_public_Gerard,2016-09-01 14:00:00,0,normal,83.083,83.083,86.546074,0.30431157596868735,3.656644249077945,0.0,0.06713145388795626,0.0,0.23147925299726915,3.325334765376331,0
Hog_public_Gerard,2016-09-01 15:00:00,0,normal,83.86200000000002,83.86200000000002,86.08882,0.0,0.08461681827452643,0.0,0.8018394813943133,0.0,0.22050585738343612,3.325334765376331,0
Hog_public_Gerard,2016-09-01 16:00:00,0,normal,82.74,82.74,84.44942,0.0,0.0,0.0,0.7902278454716599,0.0,0.21731265750470646,3.325334765376331,0
Hog_public_Gerard,2016-09-01 17:00:00,0,normal,82.23200000000001,82.23200000000001,83.50775,0.0,0.0,0.9994528085608466,0.9457581489906438,0.0,0.260083490972427,3.325334765376331,0
Hog_public_Gerard,2016-09-01 18:00:00,0,normal,69.565,69.565,83.007126,2.40360823094105,5.3213285459318325,0.7870050226091222,1.2716406835428882,0.0,2.0322269496330296,3.325334765376331,0
Hog_public_Gerard,2016-09-01 19:00:00,0,normal,69.048,69.048,77.49107,1.5487567642597384,1.4579428298266792,0.0,0.2373799134364288,0.9789461237212931,1.1738828642698673,3.325334765376331,0
Hog_public_Gerard,2016-09-01 20:00:00,0,normal,68.63600000000001,68.63600000000001,72.6176,0.08962998728735538,2.9653122607452786,0.0,0.0,4.894602029218608,0.18510604183161355,3.325334765376331,0
Hog_public_Gerard,2016-09-01 21:00:00,0,normal,70.33800000000001,70.33800000000001,69.15515,0.0,0.0,1.0974428752533303,0.0,5.381297952603719,0.1345324488150925,3.325334765376331,0
Hog_public_Gerard,2016-09-01 22:00:00,0,normal,50.45399999999999,50.45399999999999,52.519768,0.0,0.0,0.752969215390179,0.03671023627084647,4.9617101207396965,0.13413806799297476,3.325334765376331,0
Hog_public_Gerard,2016-09-01 23:00:00,0,normal,47.795,47.795,45.91022,0.0,0.0,0.0,0.0,2.2732094485512877,0.05683023621378199,3.325334765376331,0
Hog_public_Gerard,2016-09-02 00:00:00,0,normal,47.511,47.511,41.62963,1.4361298732667616,2.9079463067483586,0.0,0.0,1.3168091553566308,1.0382111401706489,3.325334765376331,0
Hog_public_Gerard,2016-09-02 01:00:00,0,normal,43.12300000000001,43.12300000000001,42.333786,0.0,2.9079463067483586,0.286941999216322,0.0,0.7248375805134719,0.018120939512836734,3.325334765376331,0
Hog_public_Gerard,2016-09-02 02:00:00,0,normal,38.676,38.676,40.97457,0.0,0.0,0.0,0.0,0.29602270925299706,0.0074005677313249,3.325334765376331,0
Hog_public_Gerard,2016-09-02 03:00:00,0,normal,37.463,37.463,38.548386,0.0,0.0,0.0,0.0,0.08948600133956633,0.00223715003348915,3.325334765376331,0
Hog_public_Gerard,2016-09-02 04:00:00,0,normal,32.56,32.56,36.561157,0.5837813950039793,0.7817564413963692,0.0,0.23750197307921772,0.09518471324753242,0.4763396369307587,3.325334765376331,0
Hog_public_Gerard,2016-09-02 05:00:00,0,normal,30.894,30.894,33.306416,0.0,0.7817564413963692,0.0,0.11320409814933077,0.1566894175641705,0.03504836243017021,3.325334765376331,0
Hog_public_Gerard,2016-09-02 06:00:00,0,normal,30.802,30.802,34.22451,0.004425324744428698,0.0,0.0,0.07757207738882217,0.43141714471118947,0.03521547722080588,3.325334765376331,0
Hog_public_Gerard,2016-09-02 07:00:00,0,normal,35.109,35.109,39.253487,0.27322208206179377,0.0,0.6620158766826326,0.309926687661638,0.5242950918260908,0.2895926738458583,3.325334765376331,0
Hog_public_Gerard,2016-09-02 08:00:00,0,normal,67.387,67.387,60.425297,1.3220910476310146,1.9419209800278612,0.0,0.7504782431651102,0.9246200174676635,1.154960750648807,3.325334765376331,0
Hog_public_Gerard,2016-09-02 09:00:00,0,normal,82.446,82.446,78.38453,0.24231475272359793,2.019019551891221,0.0,0.0,0.9905535556150817,0.19438416579689552,3.325334765376331,0
Hog_public_Gerard,2016-09-02 10:00:00,0,normal,82.455,82.455,84.8224,0.0,0.0,0.0,0.0,0.3667755208883957,0.00916938802220986,3.325334765376331,0
Hog_public_Gerard,2016-09-02 11:00:00,0,normal,83.711,83.711,86.7858,0.0,0.0,0.0,0.0,0.0,0.0,3.325334765376331,0
Hog_public_Gerard,2016-09-02 12:00:00,0,normal,82.78399999999998,82.78399999999998,88.0054,1.0325430433146257,1.90119584080899,0.8652453928558494,0.0,0.0,0.722780130320238,3.325334765376331,0
Hog_public_Gerard,2016-09-02 13:00:00,0,normal,82.28399999999998,82.28399999999998,88.28047,1.3620849368438779,0.14755404039079126,0.931490958036293,0.0,0.0,0.9534594557907146,3.325334765376331,0
Hog_public_Gerard,2016-09-02 14:00:00,0,normal,88.99600000000002,88.99600000000002,87.09857,0.0,2.723240640676377,0.8766060757170339,0.1080689280134196,0.0,0.029718955203690386,3.325334765376331,0
Hog_public_Gerard,2016-09-02 15:00:00,0,normal,87.41,87.41,86.37468,0.0,0.0,0.0,1.1072951153083053,0.0,0.3045061567097839,3.325334765376331,0
Hog_public_Gerard,2016-09-02 16:00:00,0,normal,87.914,87.914,85.05652,0.05349085012292727,0.0,0.0,0.9983683500415912,0.0,0.31199489134748665,3.325334765376331,0
Hog_public_Gerard,2016-09-02 17:00:00,0,normal,86.10799999999998,86.10799999999998,83.77189,0.0,0.0,0.8306550980388991,0.9929155849781186,0.0,0.2730517858689826,3.325334765376331,0
Hog_public_Gerard,2016-09-02 18:00:00,0,normal,70.2,70.2,75.2043,0.37361831105450655,0.25750300449784774,0.7491960960393486,1.0607080188036881,0.0,0.5532275229091688,3.325334765376331,0
Hog_public_Gerard,2016-09-02 19:00:00,0,normal,40.547,40.547,50.197556,1.4914242654461927,2.1138848313401173,0.0,0.03898018132516966,0.7434936971996459,1.0733038781067479,3.325334765376331,0
Hog_public_Gerard,2016-09-02 20:00:00,0,normal,38.43,38.43,42.74714,0.19936830268078043,2.5485528237049646,0.0,0.0,1.2269741936625445,0.1702321667181098,3.325334765376331,0
Hog_public_Gerard,2016-09-02 21:00:00,1,stuck,38.556,38.556,42.0506,0.0,0.0,0.0,0.0,0.2653415032979309,0.006633537582448249,3.325334765376331,0
Hog_public_Gerard,2016-09-02 22:00:00,1,stuck,38.812,38.556,43.272232,0.3298918430406257,0.1484269921510665,0.6233376682048701,0.0,0.0,0.23092429012843801,3.325334765376331,0
Hog_public_Gerard,2016-09-02 23:00:00,1,stuck,39.492,38.556,42.857716,0.19432408364587195,0.0,1.534109769558055,0.0,0.0,0.13602685855211039,3.325334765376331,0
Hog_public_Gerard,2016-09-03 00:00:00,1,stuck,39.234,38.556,38.336174,0.0,0.0,1.6182733230822333,0.0,0.0,0.0,3.325334765376331,0
Hog_public_Gerard,2016-09-03 01:00:00,1,stuck,33.906,38.556,37.183792,0.0,0.0,1.6182733230822333,2.5460011881299534,0.0,0.7001503267357371,3.325334765376331,0
Hog_public_Gerard,2016-09-03 02:00:00,1,stuck,34.018,38.556,36.449364,0.0,0.0,1.6182733230822333,3.667122995670119,0.0,1.0084588238092826,3.325334765376331,0
Hog_public_Gerard,2016-09-03 03:00:00,1,stuck,33.573,38.556,35.734413,0.0490517173124159,0.0,1.6182733230822333,3.7655166714953747,0.0,1.0698532867799189,3.325334765376331,0
Hog_public_Gerard,2016-09-03 04:00:00,1,stuck,32.722,38.556,33.70305,0.9699216180295294,1.6226263236711478,1.6182733230822333,3.7655166714953747,0.08537760081725165,1.7165966573023297,3.325334765376331,0
Hog_public_Gerard,2016-09-03 05:00:00,1,stuck,32.933,38.556,31.009703,2.1908848461695904,2.3712114478293826,1.6182733230822333,3.7655166714953747,0.9093044035101583,2.5918690870676953,3.325334765376331,0
Hog_public_Gerard,2016-09-03 06:00:00,1,stuck,32.936,38.556,30.838907,1.6033277306170537,0.791175005480752,1.6182733230822333,3.765516671495374,3.5541547422828295,2.246700364650236,3.325334765376331,0
Hog_public_Gerard,2016-09-03 07:00:00,1,stuck,32.983000000000004,38.556,34.015457,0.42067651396581157,2.275641839123327,1.6182733230822333,3.765516671495374,10.0,1.5799906444372949,3.325334765376331,0
Hog_public_Gerard,2016-09-03 08:00:00,1,stuck,30.84,38.556,36.96172,0.0,0.37489005529146335,1.6182733230822333,3.765516671495374,10.0,1.2855170846612267,3.325334765376331,0
Hog_public_Gerard,2016-09-03 09:00:00,0,normal,31.427,31.427,38.941772,1.5280025028221467,3.1371232910987366,1.6182733230822333,3.765516671495374,10.0,2.3551188366367297,3.325334765376331,0
Hog_public_Gerard,2016-09-03 10:00:00,0,normal,37.682,37.682,44.85383,1.4003220990748515,0.0,0.0,1.0755450991377038,10.0,1.5260003716152637,3.325334765376331,0
Hog_public_Gerard,2016-09-03 11:00:00,0,normal,62.58,62.58,62.138336,0.0,2.8186235373303563,0.0,1.0693442796210635,10.0,0.5440696768957916,3.325334765376331,0
Hog_public_Gerard,2016-09-03 12:00:00,0,normal,61.651,61.651,80.27657,6.731686340081051,10.0,0.0,0.0,4.341458210767422,4.820716893325922,3.325334765376331,1
Hog_public_Gerard,2016-09-03 13:00:00,0,normal,60.65600000000001,60.65600000000001,82.72184,8.194408070771166,2.974279900573334,0.0,0.0,2.556003166935935,5.799985728713215,3.325334765376331,1
Hog_public_Gerard,2016-09-03 14:00:00,0,normal,60.221,60.221,80.136444,7.118457468221684,2.0094763327422007,0.6656299019829021,0.0,1.680859421877109,5.024941713302106,3.325334765376331,1
Hog_public_Gerard,2016-09-03 15:00:00,0,normal,60.127,60.127,76.12784,5.497129002296338,3.3699256272144344,0.7849879149026189,0.0,0.9727118410669316,3.8723080976341104,3.325334765376331,1
Hog_public_Gerard,2016-09-03 16:00:00,0,normal,60.66,60.66,70.25754,2.845047757130177,5.94114639993405,1.202134687065089,0.0,0.41200824445788814,2.001833636102571,3.325334765376331,0
Hog_public_Gerard,2016-09-03 17:00:00,0,normal,60.669,60.669,61.99927,0.0,6.422502855132319,1.1461261533130045,1.854130696732574,0.0,0.5098859416014577,3.325334765376331,0
Hog_public_Gerard,2016-09-03 18:00:00,0,normal,60.534,60.534,48.880466,1.9733049273767735,4.247933630121616,1.0288641160144274,2.2844665432537616,0.0,2.009541748558526,3.325334765376331,0
Hog_public_Gerard,2016-09-03 19:00:00,0,normal,39.869,39.869,45.425888,0.5065611274897266,2.9843129832646893,1.4421157598170447,2.9266998904646053,0.0,1.159435259120575,3.325334765376331,0
Hog_public_Gerard,2016-09-03 20:00:00,0,normal,37.749,37.749,40.09619,0.0,0.5891298873803313,0.0,0.0,0.0,0.0,3.325334765376331,0
Hog_public_Gerard,2016-09-03 21:00:00,0,normal,39.151,39.151,38.86095,0.0,0.0,0.0,0.0,0.0,0.0,3.325334765376331,0
Hog_public_Gerard,2016-09-03 22:00:00,0,normal,38.639,38.639,40.070293,0.0,0.0,0.15312330843669425,0.0,0.0,0.0,3.325334765376331,0
Hog_public_Gerard,2016-09-03 23:00:00,0,normal,40.466,40.466,38.654854,0.0,0.0,0.47955778299422847,0.0,0.0,0.0,3.325334765376331,0
Hog_public_Gerard,2016-09-04 00:00:00,0,normal,39.893,39.893,38.004402,0.0,0.0,0.2574828406243684,0.0,0.0,0.0,3.325334765376331,0
Hog_public_Gerard,2016-09-04 01:00:00,0,normal,33.806999999999995,33.806999999999995,36.449745,0.0,0.0,0.26176941360962136,1.5095836773421347,0.0,0.415135511269087,3.325334765376331,0
Hog_public_Gerard,2016-09-04 02:00:00,0,normal,33.115,33.115,34.035767,0.0,0.0,0.0,0.4736568318408649,0.0,0.13025562875623783,3.325334765376331,0
Hog_public_Gerard,2016-09-04 03:00:00,0,normal,33.443000000000005,33.443000000000005,33.82045,0.0,0.0,0.0,0.18553224515932953,0.0,0.05102136741881562,3.325334765376331,0
Hog_public_Gerard,2016-09-04 04:00:00,0,normal,33.017,33.017,34.128098,0.0,0.0,0.9645742166067107,0.12695904414049597,0.0,0.03491373713863639,3.325334765376331,0
Hog_public_Gerard,2016-09-04 05:00:00,1,gradual_drift,32.244,32.244,33.937355,0.0,0.0,1.1711217800795715,0.1196131138621706,0.14941329849276416,0.036628938774416,3.325334765376331,0
Hog_public_Gerard,2016-09-04 06:00:00,1,gradual_drift,32.899,30.65698732580677,34.46113,0.1465090455681889,0.0,0.645251874032736,0.3724173451783601,1.1416675401600964,0.23351279032578356,3.325334765376331,0
Hog_public_Gerard,2016-09-04 07:00:00,1,gradual_drift,32.839,28.35497465161354,34.09352,0.8667014397710033,1.1220347329822697,0.14585561311693523,1.4755753136475165,5.484958555385587,1.1495981829774085,3.325334765376331,0
Hog_public_Gerard,2016-09-04 08:00:00,1,gradual_drift,31.331,24.604961977420317,32.704506,1.7457169175110663,1.5182201421345345,0.0,0.8409051807970548,4.990866309433469,1.5780224247127728,3.325334765376331,0
Hog_public_Gerard,2016-09-04 09:00:00,1,gradual_drift,29.742,20.773949303227084,33.19043,3.352941824007261,3.334744189236427,0.0,0.2804948446575536,3.9726601346110546,2.5235118624511865,3.325334765376331,0
Hog_public_Gerard,2016-09-04 10:00:00,1,gradual_drift,29.631,18.420936629033854,34.84839,4.846253953241479,3.050587886121818,0.0,0.0,3.131172752471193,3.4706570860808146,3.325334765376331,1
Hog_public_Gerard,2016-09-04 11:00:00,1,gradual_drift,29.81900000000001,16.366923954840637,37.391335,6.329913134826313,3.026508533619517,0.0,0.0,2.6907794602469304,4.498208680884592,3.325334765376331,1
Hog_public_Gerard,2016-09-04 12:00:00,1,gradual_drift,60.144,44.4499112806474,48.56781,0.5755230860046545,10.0,0.0,0.0,2.461415234382073,0.46440154106280984,3.325334765376331,0
Hog_public_Gerard,2016-09-04 13:00:00,1,gradual_drift,61.442,43.50589860645417,65.93794,8.16076797114869,10.0,0.0,0.0,1.7506651979521877,5.756304209752889,3.325334765376331,1
Hog_public_Gerard,2016-09-04 14:00:00,1,gradual_drift,59.636,39.457885932260936,69.9931,10.0,7.697387999323848,0.0,0.0,1.0147581261527814,7.02536895315382,3.325334765376331,1
Hog_public_Gerard,2016-09-04 15:00:00,1,gradual_drift,59.668,37.247873258067706,63.91411,9.91446033972138,3.3227888346676115,0.0,0.0,0.5971272260688986,6.955050418456689,3.325334765376331,1
Hog_public_Gerard,2016-09-04 16:00:00,1,gradual_drift,60.456,35.79386058387448,54.53325,6.631365606275691,7.515214422457933,0.0,0.0,0.2466149246498421,4.648121297509229,3.325334765376331,1
Hog_public_Gerard,2016-09-04 17:00:00,1,gradual_drift,61.078,34.17384790968126,48.119873,4.64607864328569,4.2778229105472185,0.0,0.0,0.0,3.252255050299983,3.325334765376331,0
Hog_public_Gerard,2016-09-04 18:00:00,1,gradual_drift,60.382,31.235835235488015,41.348515,1.6026029768779677,6.917482808130872,0.0,0.0,0.0,1.1218220838145776,3.325334765376331,0
Hog_public_Gerard,2016-09-04 19:00:00,1,gradual_drift,39.765,8.376822561294794,38.841473,6.498922930860714,10.0,0.0,0.0,0.0,4.5492460516025,3.325334765376331,1
Hog_public_Gerard,2016-09-04 20:00:00,1,gradual_drift,38.867,5.236809887101558,32.67671,5.77122179376005,1.1407653501630253,0.0,0.0,0.0,4.039855255632036,3.325334765376331,1
Hog_public_Gerard,2016-09-04 21:00:00,1,gradual_drift,39.434,3.5617972129083317,31.658104,5.929141907053155,0.0,0.0,0.0,0.0,4.150399334937209,3.325334765376331,1
Hog_public_Gerard,2016-09-04 22:00:00,1,gradual_drift,39.419,1.3047845387151042,31.216436,8.57006329250749,5.913308043647667,0.0,0.0,0.0,5.999044304755243,3.325334765376331,1
Hog_public_Gerard,2016-09-04 23:00:00,1,gradual_drift,39.348,0.01,28.195072,8.005384765738109,0.7341041889721752,0.0,0.0,0.0,5.6037693360166765,3.325334765376331,1
Hog_public_Gerard,2016-09-05 00:00:00,1,gradual_drift,38.371,0.01,28.433475,10.0,8.429622995862157,0.0,0.0,0.0,7.000000000000001,3.325334765376331,1
Hog_public_Gerard,2016-09-05 01:00:00,1,gradual_drift,38.504,0.01,25.73896,10.0,2.3725336133961963,0.6300094169309826,0.39379871550059337,0.0,7.108294646762664,3.325334765376331,1
Hog_public_Gerard,2016-09-05 02:00:00,1,gradual_drift,38.636,0.01,23.129108,9.25044182827717,2.276794159595554,1.6182733230822333,0.9054065739165146,0.0,6.7242960876210605,3.325334765376331,1
Hog_public_Gerard,2016-09-05 03:00:00,1,gradual_drift,33.282,0.01,20.738373,8.16665969917588,2.029012136241991,1.6182733230822333,1.4817967192921175,0.0,6.12415588722845,3.325334765376331,1
Hog_public_Gerard,2016-09-05 04:00:00,1,gradual_drift,32.456,0.01,18.590878,7.1931446981084814,1.7539499332977593,1.6182733230822333,2.6034913641181703,0.0,5.751161413808434,3.325334765376331,1
Hog_public_Gerard,2016-09-05 05:00:00,0,normal,32.456,32.456,18.323776,5.176455186161253,4.356156811576945,1.6182733230822333,3.7655166714953894,0.46129015163384696,4.6705679687649555,3.325334765376331,1
Hog_public_Gerard,2016-09-05 06:00:00,0,normal,32.431,32.431,20.990566,2.989552997757877,4.780753648275846,0.0,0.0,0.5698084845735077,2.1069323105448516,3.325334765376331,0
Hog_public_Gerard,2016-09-05 07:00:00,0,normal,45.504,45.504,25.580303,6.147929746243707,7.204104445246217,0.0,0.0,0.5124728678187642,4.316362644066064,3.325334765376331,1
Hog_public_Gerard,2016-09-05 08:00:00,0,normal,44.191,44.191,32.958405,2.912173384575805,7.397128488261937,0.0,0.0,0.0,2.038521369203064,3.325334765376331,0
Hog_public_Gerard,2016-09-05 09:00:00,0,normal,42.277,42.277,31.702713,2.667080646651091,0.0,0.0,0.0,0.0,1.8669564526557638,3.325334765376331,0
Hog_public_Gerard,2016-09-05 10:00:00,0,normal,40.788,40.788,30.650497,2.2266775452779304,0.4240981800117303,0.2322489043846952,0.0,0.0,1.5586742816945514,3.325334765376331,0
Hog_public_Gerard,2016-09-05 11:00:00,0,normal,36.015,36.015,29.83223,0.7361535327762887,3.0436329073878823,0.20948431561508696,0.10173351257791054,0.0,0.5432841889023275,3.325334765376331,0
Hog_public_Gerard,2016-09-05 12:00:00,0,normal,35.869,35.869,30.049337,1.2803496198122781,0.6830105847839184,0.0,0.2451981631199061,0.0,0.9636742287265689,3.325334765376331,0
Hog_public_Gerard,2016-09-05 13:00:00,0,normal,35.722,35.722,31.797543,0.49540468567714685,1.2835604442036912,0.0,0.4481369085914485,0.0,0.4700209298366511,3.325334765376331,0
Hog_public_Gerard,2016-09-05 14:00:00,0,normal,35.32,35.32,35.997513,0.0,0.5613000570700306,1.4135549466157449,0.5219144763330529,0.0,0.14352648099158952,3.325334765376331,0
Hog_public_Gerard,2016-09-05 15:00:00,0,normal,36.401,36.401,38.144653,0.0,0.0,1.2405214215811262,0.7520550334058166,0.03295649088390862,0.20763904645869724,3.325334765376331,0
Hog_public_Gerard,2016-09-05 16:00:00,0,normal,36.207,36.207,37.356155,0.0,0.0,0.9611447957153809,1.2339786612760069,1.063515224862741,0.36593201247247026,3.325334765376331,0
Hog_public_Gerard,2016-09-05 17:00:00,0,normal,36.216,36.216,35.26609,0.0,0.0,0.9330815887452791,2.9563366591062947,6.913841595114048,0.9858386211320815,3.325334765376331,0
Hog_public_Gerard,2016-09-05 18:00:00,0,normal,37.892,37.892,35.573265,0.0,0.0,1.4619807144249448,2.9266416546921827,7.469659439696845,0.9915679410327706,3.325334765376331,0
Hog_public_Gerard,2016-09-05 19:00:00,0,normal,38.288,38.288,36.408722,0.0,0.0,0.6189066797727829,2.2426362401673203,8.38156483005788,0.8262640867974592,3.325334765376331,0
Hog_public_Gerard,2016-09-05 20:00:00,0,normal,37.573,37.573,36.57631,0.0,0.0,0.5297192911898645,1.962318277575421,10.0,0.7896375263332398,3.325334765376331,0
Hog_public_Gerard,2016-09-05 21:00:00,0,normal,39.46,39.46,37.557102,0.0,0.0,1.155697048184058,2.1657442373438647,10.0,0.8455796652695619,3.325334765376331,0
Hog_public_Gerard,2016-09-05 22:00:00,0,normal,39.857,39.857,38.483177,0.0,0.0,0.6064974530727414,1.8006322563326354,10.0,0.7451738704914738,3.325334765376331,0
Hog_public_Gerard,2016-09-05 23:00:00,0,normal,40.028,40.028,39.183964,0.0,0.0,0.3961462559665399,1.6900363518151633,10.0,0.7147599967491689,3.325334765376331,0
Hog_public_Gerard,2016-09-06 00:00:00,0,normal,39.822,39.822,39.73684,0.0,0.0,1.1889266489631947,1.8819245447188764,10.0,0.7675292497976901,3.325334765376331,0
Hog_public_Gerard,2016-09-06 01:00:00,0,normal,43.317,43.317,38.694664,0.8292938833466212,1.3941892407079877,1.4275729972557059,1.8534523694207077,10.0,1.3402051199333287,3.325334765376331,0
Hog_public_Gerard,2016-09-06 02:00:00,0,normal,39.03,39.03,36.185448,0.09853292878056957,1.148398088474468,0.0,0.9774927838659285,9.737180612524657,0.5812130810226446,3.325334765376331,0
Hog_public_Gerard,2016-09-06 03:00:00,1,gradual_drift,39.402,39.402,32.70965,1.6801773624854837,3.2709335021913986,0.0,1.001016016393788,9.169609747191164,1.6806438019279086,3.325334765376331,0
Hog_public_Gerard,2016-09-06 04:00:00,1,gradual_drift,32.158,34.822012499328785,32.026016,0.07857388617319366,3.3207214882043767,0.0,0.6566618602033895,7.376895250989204,0.4200061131518971,3.325334765376331,0
Hog_public_Gerard,2016-09-06 05:00:00,1,gradual_drift,29.757,35.08502499865757,31.246489,0.5071117610255825,0.39450028076987625,0.0,0.0,1.2057057621435148,0.38512087677149553,3.325334765376331,0
Hog_public_Gerard,2016-09-06 06:00:00,1,gradual_drift,30.357,38.34903749798636,33.599083,0.19613051455820923,0.10125436287183284,0.0,0.0,0.7344621298121113,0.1556529134360492,3.325334765376331,0
Hog_public_Gerard,2016-09-06 07:00:00,1,gradual_drift,35.975,46.631049997315145,35.974335,2.697769262908194,5.565866429116541,0.0,0.0,0.43053191463442275,1.8992017819015965,3.325334765376331,0
Hog_public_Gerard,2016-09-06 08:00:00,1,gradual_drift,67.692,81.01206249664392,55.571995,8.2017122923286,10.0,0.0,0.0,0.0,5.74119860463002,3.325334765376331,1
Hog_public_Gerard,2016-09-06 09:00:00,1,gradual_drift,86.15899999999998,102.14307499597268,78.92886,7.373010817750939,1.3927114724561143,0.0,0.0,0.0,5.161107572425657,3.325334765376331,1
Hog_public_Gerard,2016-09-06 10:00:00,1,gradual_drift,85.39,104.0380874953015,84.54977,5.985836344062239,2.785826684209371,0.0,0.0,0.0,4.190085440843568,3.325334765376331,1
Hog_public_Gerard,2016-09-06 11:00:00,1,gradual_drift,89.04299999999998,110.35509999463028,85.986046,7.802966633479968,3.85835478892943,0.0,0.0,0.0,5.462076643435978,3.325334765376331,1
Hog_public_Gerard,2016-09-06 12:00:00,1,gradual_drift,91.691,115.66711249395908,86.665825,10.0,7.657746685617196,0.0,0.0,0.0,7.000000000000001,3.325334765376331,1
Hog_public_Gerard,2016-09-06 13:00:00,1,gradual_drift,88.119,114.75912499328786,86.62153,10.0,0.24154613373685774,0.0,0.0,0.0,7.000000000000001,3.325334765376331,1
Hog_public_Gerard,2016-09-06 14:00:00,1,gradual_drift,91.68,120.98413749261664,86.19361,10.0,5.57014323497123,0.17455302868925093,0.0,0.0,7.000000000000001,3.325334765376331,1
Hog_public_Gerard,2016-09-06 15:00:00,1,gradual_drift,82.557,114.52514999194544,87.56869,10.0,7.419354785416634,0.10401781866988591,0.42956380621908663,0.0,7.11813004671025,3.325334765376331,1
Hog_public_Gerard,2016-09-06 16:00:00,1,gradual_drift,89.764,124.3961624912742,87.01396,10.0,10.0,0.07224872574969834,0.7528823683911697,0.0,7.207042651307573,3.325334765376331,1
Hog_public_Gerard,2016-09-06 17:00:00,1,gradual_drift,84.68799999999997,121.98417499060298,86.45615,10.0,1.241166524102291,0.0,0.9613829020689937,0.0,7.264380298068974,3.325334765376331,1
Hog_public_Gerard,2016-09-06 18:00:00,1,gradual_drift,84.381,124.34118748993178,86.48265,8.277759746731107,10.0,0.0,1.2103946418112048,0.31328984529175913,6.135122595342151,3.325334765376331,1
Hog_public_Gerard,2016-09-06 19:00:00,1,gradual_drift,87.287,129.91119998926058,87.32898,9.414193528102116,2.1603520896822563,0.8609298064326188,1.1807687875175572,1.4744294049070834,6.951507621361487,3.325334765376331,1
Hog_public_Gerard,2016-09-06 20:00:00,1,gradual_drift,85.336,130.62421248858936,87.496925,9.545326806898455,0.0,0.09822089260335413,1.06302233004646,4.514180941419446,7.086914429127181,3.325334765376331,1
Hog_public_Gerard,2016-09-06 21:00:00,1,gradual_drift,81.48899999999998,129.4412249879181,86.49134,9.502646871793239,0.0,0.24559540268752886,0.8992069618158686,7.1373581042902785,7.077568677361888,3.325334765376331,1
Hog_public_Gerard,2016-09-06 22:00:00,1,gradual_drift,64.215,114.83123748724694,84.437225,8.72781940807372,1.2583223360715372,1.2559046964083032,1.4921921495243768,7.966448231102535,6.71898763254837,3.325334765376331,1
Hog_public_Gerard,2016-09-06 23:00:00,1,gradual_drift,49.587,102.86724998657571,83.51747,5.115798727632965,8.335722738936205,0.0,0.8320126971451126,9.348525902615716,4.043575748623374,3.325334765376331,1
Hog_public_Gerard,2016-09-07 00:00:00,1,gradual_drift,46.585,102.5292624859045,73.59053,10.0,10.0,0.0,0.15020867556740355,7.730973987107004,7.234581735458711,3.325334765376331,1
Hog_public_Gerard,2016-09-07 01:00:00,1,gradual_drift,47.698,106.30627498523327,70.60143,10.0,6.9767936538760855,0.0,0.0,6.213031143335373,7.155325778583385,3.325334765376331,1
Hog_public_Gerard,2016-09-07 02:00:00,1,gradual_drift,48.594,109.86628748456206,67.9822,10.0,6.31315174460166,0.5316432712384557,0.0,5.464630311395465,7.136615757784887,3.325334765376331,1
Hog_public_Gerard,2016-09-07 03:00:00,0,normal,43.25,43.25,62.937077,7.6946132556987745,10.0,0.04535926503123461,0.10085193515325643,4.896794357772126,5.5363834201005915,3.325334765376331,1
Hog_public_Gerard,2016-09-07 04:00:00,0,normal,35.528,35.528,38.63418,0.17806429861528347,10.0,0.0,0.0,0.5746648143769869,0.13901162939012307,3.325334765376331,0
Hog_public_Gerard,2016-09-07 05:00:00,0,normal,31.263,31.263,31.734539,0.0,0.0,0.0,0.0,0.0,0.0,3.325334765376331,0
Hog_public_Gerard,2016-09-07 06:00:00,0,normal,30.17,30.17,39.113716,2.06000798376533,4.464215074260658,0.0,0.0,0.0,1.442005588635731,3.325334765376331,0
Hog_public_Gerard,2016-09-07 07:00:00,0,normal,37.01300000000001,37.01300000000001,60.940723,7.638656186980321,10.0,0.27045801191991486,0.0,0.0,5.347059330886225,3.325334765376331,1
Hog_public_Gerard,2016-09-07 08:00:00,0,normal,70.714,70.714,83.58119,3.5207448414894587,9.59767091205666,0.07640337943038379,0.0,0.0,2.464521389042621,3.325334765376331,0
Hog_public_Gerard,2016-09-07 09:00:00,0,normal,86.875,86.875,89.9129,0.0,8.10803445335929,0.0,0.0,0.0,0.0,3.325334765376331,0
Hog_public_Gerard,2016-09-07 10:00:00,0,normal,89.024,89.024,91.83416,0.0,0.0,0.0,0.0,0.0,0.0,3.325334765376331,0
Hog_public_Gerard,2016-09-07 11:00:00,0,normal,91.224,91.224,92.62191,0.0,0.0,0.0,0.0,0.0,0.0,3.325334765376331,0
Hog_public_Gerard,2016-09-07 12:00:00,0,normal,90.326,90.326,92.823166,0.0,0.0,0.4923577552551539,0.0,0.0,0.0,3.325334765376331,0
Hog_public_Gerard,2016-09-07 13:00:00,0,normal,89.48299999999998,89.48299999999998,92.19183,0.0,0.0,0.924502248133674,0.0,0.0,0.0,3.325334765376331,0
Hog_public_Gerard,2016-09-07 14:00:00,0,normal,89.49799999999998,89.49799999999998,91.35994,0.0,0.0,1.042448756457396,0.402341427891511,0.0,0.11064389267016551,3.325334765376331,0
Hog_public_Gerard,2016-09-07 15:00:00,0,normal,90.405,90.405,91.04652,0.0,0.0,1.2670908862068024,2.3327388236987376,0.19676512072069316,0.6464223045351701,3.325334765376331,0
Hog_public_Gerard,2016-09-07 16:00:00,0,normal,92.291,92.291,89.75297,0.0,0.0,1.2340844815853806,2.85139188211017,0.16843079317338885,0.7883435374096313,3.325334765376331,0
Hog_public_Gerard,2016-09-07 17:00:00,0,normal,87.875,87.875,88.36523,0.0,0.0,0.738620595001997,2.592854631647245,0.28976107380789634,0.7202790505481897,3.325334765376331,0
Hog_public_Gerard,2016-09-07 18:00:00,0,normal,86.53399999999998,86.53399999999998,86.752075,0.0,0.0,0.4098270906832582,2.2799956164594617,0.7898685293076063,0.6467455077590419,3.325334765376331,0
Hog_public_Gerard,2016-09-07 19:00:00,0,normal,84.45299999999997,84.45299999999997,85.195595,0.0,0.0,0.14262222012795137,1.8944934714178385,2.1498294464132495,0.5747314408002366,3.325334765376331,0
Hog_public_Gerard,2016-09-07 20:00:00,0,normal,87.745,87.745,84.90686,0.0,0.0,0.53645652581001,1.4209456702320635,8.519336710862014,0.603743477085367,3.325334765376331,0
Hog_public_Gerard,2016-09-07 21:00:00,0,normal,85.495,85.495,83.77974,0.0,0.0,0.5179400900470411,1.3606652418400553,10.0,0.6241829415060143,3.325334765376331,0
Hog_public_Gerard,2016-09-07 22:00:00,0,normal,63.918,63.918,72.39683,1.5604501525320524,3.2180642040317955,0.45782466815983924,1.2957990607870278,10.0,1.6986598484888686,3.325334765376331,0
Hog_public_Gerard,2016-09-07 23:00:00,0,normal,43.758,43.758,56.835037,3.064296297243966,3.0768650691300965,0.0,0.0,5.1965084546151905,2.274920119436156,3.325334765376331,0
Hog_public_Gerard,2016-09-08 00:00:00,0,normal,40.969,40.969,45.299835,0.7332329268064712,5.140364830832104,0.0,0.0,1.6349401819473013,0.5541365533132123,3.325334765376331,0
Hog_public_Gerard,2016-09-08 01:00:00,0,normal,42.992,42.992,44.602028,0.0,1.1545644423297874,0.0,0.0,0.6150961897725516,0.015377404744313736,3.325334765376331,0
Hog_public_Gerard,2016-09-08 02:00:00,0,normal,46.06800000000001,46.06800000000001,44.067627,0.0,0.0,0.5598044949319481,0.0,0.14806608486665548,0.0037016521216663737,3.325334765376331,0
Hog_public_Gerard,2016-09-08 03:00:00,0,normal,42.389,42.389,42.692955,0.0,0.0,0.08185473487774741,0.0,0.0,0.0,3.325334765376331,0
Hog_public_Gerard,2016-09-08 04:00:00,0,normal,35.375,35.375,36.524635,0.0,0.0,0.2946599701315001,0.0,0.0,0.0,3.325334765376331,0
Hog_public_Gerard,2016-09-08 05:00:00,0,normal,31.74,31.74,31.90643,0.0,0.0,0.0,0.8857821561150514,0.0,0.2435900929316391,3.325334765376331,0
Hog_public_Gerard,2016-09-08 06:00:00,0,normal,31.549,31.549,32.433205,0.0,0.0,0.0,0.4409491563047601,0.0,0.12126101798380902,3.325334765376331,0
Hog_public_Gerard,2016-09-08 07:00:00,0,normal,37.372,37.372,36.94427,0.0,0.0,0.22052217621155332,0.26625676831146716,0.0,0.07322061128565346,3.325334765376331,0
Hog_public_Gerard,2016-09-08 08:00:00,0,normal,69.172,69.172,73.75402,0.4361189985226911,0.4134114523468225,0.0,0.3384906219200398,0.20932278151958833,0.4036012895318844,3.325334765376331,0
Hog_public_Gerard,2016-09-08 09:00:00,0,normal,82.646,82.646,84.151665,0.0,0.4134114523468225,0.0,0.0,0.8053138326367949,0.0201328458159198,3.325334765376331,0
Hog_public_Gerard,2016-09-08 10:00:00,0,normal,81.59,81.59,85.816895,0.3039031050227462,0.08359788434351156,0.0,0.0,0.9287479846844624,0.23595087313303384,3.325334765376331,0
Hog_public_Gerard,2016-09-08 11:00:00,0,normal,84.24600000000002,84.24600000000002,86.39666,0.0,0.08359788434351156,0.0,0.0,0.36398191963097737,0.009099547990774401,3.325334765376331,0
Hog_public_Gerard,2016-09-08 12:00:00,0,normal,85.98899999999998,85.98899999999998,87.098145,0.0,0.0,0.5637927977098471,0.0,0.0,0.0,3.325334765376331,0
Hog_public_Gerard,2016-09-08 13:00:00,0,normal,87.999,87.999,87.86259,0.0,0.0,0.17094557724546114,0.0,0.0,0.0,3.325334765376331,0
Hog_public_Gerard,2016-09-08 14:00:00,0,normal,88.25200000000002,88.25200000000002,87.32515,0.0,0.0,0.30053986621484385,0.16728354555647904,0.0,0.04600297502803173,3.325334765376331,0
Hog_public_Gerard,2016-09-08 15:00:00,0,normal,88.934,88.934,87.0264,0.0,0.0,0.6086613214300328,1.1620563296342878,0.0,0.31956549064942913,3.325334765376331,0
Hog_public_Gerard,2016-09-08 16:00:00,0,normal,87.029,87.029,86.09941,0.0,0.0,1.1319776690667747,1.1299015719609982,0.0,0.31072293228927444,3.325334765376331,0
Hog_public_Gerard,2016-09-08 17:00:00,0,normal,85.809,85.809,84.69487,0.0,0.0,0.7667598409572667,1.7243398339692733,0.0,0.4741934543415501,3.325334765376331,0
Hog_public_Gerard,2016-09-08 18:00:00,0,normal,83.166,83.166,83.34442,0.0,0.0,0.42254924601499594,2.0746269914519595,0.0,0.5705224226492888,3.325334765376331,0
Hog_public_Gerard,2016-09-08 19:00:00,0,normal,84.773,84.773,82.88245,0.0,0.0,0.24231926619664276,1.4675086619083866,1.1360269132678975,0.4319655548565036,3.325334765376331,0
Hog_public_Gerard,2016-09-08 20:00:00,0,normal,84.75399999999998,84.75399999999998,82.936455,0.0,0.0,0.5433086555151153,1.4318438899164891,7.185650597121616,0.5733983346550742,3.325334765376331,0
Hog_public_Gerard,2016-09-08 21:00:00,0,normal,80.464,80.464,79.336685,0.0,0.0,0.7869281955229885,1.5170108620570686,10.0,0.6671779870656929,3.325334765376331,0
Hog_public_Gerard,2016-09-08 22:00:00,0,normal,61.575,61.575,58.508816,0.0,0.0,0.047941281663227156,1.3554008023892083,10.0,0.6227352206570314,3.325334765376331,0
Hog_public_Gerard,2016-09-08 23:00:00,0,normal,42.574,42.574,48.192963,0.6251302197982829,0.8849014043592276,0.0,0.0,4.743881847120418,0.5561882000368081,3.325334765376331,0
Hog_public_Gerard,2016-09-09 00:00:00,0,normal,41.846,41.846,42.912674,0.0,0.8849014043592276,0.0,0.0,1.2706473498364501,0.03176618374591114,3.325334765376331,0
Hog_public_Gerard,2016-09-09 01:00:00,0,normal,47.805,47.805,43.336464,0.7956562817159765,1.3102799835135674,0.0,0.0,0.32367782861993044,0.5650513429166818,3.325334765376331,0
Hog_public_Gerard,2016-09-09 02:00:00,0,normal,38.784,38.784,44.669724,1.4381039045695843,0.9280998000969576,0.0,0.0,0.024899587909886313,1.0072952228964562,3.325334765376331,0
Hog_public_Gerard,2016-09-09 03:00:00,0,normal,40.654,40.654,39.893486,0.0,2.91287054308712,0.0,0.0,0.0,0.0,3.325334765376331,0
Hog_public_Gerard,2016-09-09 04:00:00,0,normal,31.985,31.985,35.855537,0.524568064842228,0.6340483317505843,0.0,0.0,0.0,0.3671976453895596,3.325334765376331,0
Hog_public_Gerard,2016-09-09 05:00:00,0,normal,29.50800000000001,29.50800000000001,30.834148,0.0,0.6340483317505843,0.0,0.408408755896897,0.0,0.11231240787164666,3.325334765376331,0
Hog_public_Gerard,2016-09-09 06:00:00,0,normal,30.63300000000001,30.63300000000001,31.469404,0.0,0.0,0.0,0.1511269359346137,0.0,0.041559907382018764,3.325334765376331,0
Hog_public_Gerard,2016-09-09 07:00:00,0,normal,36.45,36.45,37.780285,0.0,0.0,0.6060637421557526,0.09729538113018918,0.0,0.026756229810802022,3.325334765376331,0
Hog_public_Gerard,2016-09-09 08:00:00,0,normal,68.624,68.624,68.75398,0.0,0.0,0.0,0.5531209392727015,0.21797786993850227,0.15755770504845543,3.325334765376331,0
Hog_public_Gerard,2016-09-09 09:00:00,0,normal,81.72800000000002,81.72800000000002,84.3883,0.0,0.0,0.0,0.0,0.7747279772608605,0.019368199431521443,3.325334765376331,0
Hog_public_Gerard,2016-09-09 10:00:00,0,normal,85.27799999999998,85.27799999999998,86.131615,0.0,0.0,0.0,0.0,0.7085711073259807,0.017714277683149454,3.325334765376331,0
Hog_public_Gerard,2016-09-09 11:00:00,0,normal,88.992,88.992,87.06799,0.0,0.0,0.0,0.0,0.06847881929015073,0.0017119704822537623,3.325334765376331,0
Hog_public_Gerard,2016-09-09 12:00:00,0,normal,88.618,88.618,87.53183,0.0,0.0,0.0,0.0,0.0,0.0,3.325334765376331,0
Hog_public_Gerard,2016-09-09 13:00:00,0,normal,88.514,88.514,88.65621,0.0,0.0,0.24321863362138718,0.0,0.0,0.0,3.325334765376331,0
Hog_public_Gerard,2016-09-09 14:00:00,0,normal,88.765,88.765,88.056656,0.0,0.0,1.35062868017406,0.024253761593543744,0.0,0.0066697844382245285,3.325334765376331,0
Hog_public_Gerard,2016-09-09 15:00:00,0,normal,91.117,91.117,87.32844,0.42333290948625374,0.38151645444388765,1.4784152164757776,1.1133271489388445,0.0,0.6024980025985598,3.325334765376331,0
Hog_public_Gerard,2016-09-09 16:00:00,0,normal,89.861,89.861,86.13982,0.4112139754207445,0.0,0.5187426546282443,1.6653790389329859,0.0,0.7458290185010923,3.325334765376331,0
Hog_public_Gerard,2016-09-09 17:00:00,0,normal,85.40100000000002,85.40100000000002,84.06307,0.0,0.3512856797712183,0.6621428655645185,2.3642813573073163,0.0,0.6501773732595119,3.325334765376331,0
Hog_public_Gerard,2016-09-09 18:00:00,0,normal,82.573,82.573,73.476814,1.3580528093493998,2.71318246748407,0.0,1.6510388450185485,0.0,1.4046726489246808,3.325334765376331,0
Hog_public_Gerard,2016-09-09 19:00:00,0,normal,49.474,49.474,56.706337,1.152784896316356,0.0,0.0,1.030164994012791,1.0733385749995907,1.1170782651499565,3.325334765376331,0
Hog_public_Gerard,2016-09-09 20:00:00,0,normal,40.19300000000001,40.19300000000001,42.74438,0.0,2.2011400722628798,0.0,0.0,2.1967059045556,0.0549176476138898,3.325334765376331,0
Hog_public_Gerard,2016-09-09 21:00:00,0,normal,40.819,40.819,41.047928,0.0,0.0,0.0,0.0,0.7076052853261414,0.01769013213315347,3.325334765376331,0
Hog_public_Gerard,2016-09-09 22:00:00,0,normal,41.297,41.297,43.360577,0.0,0.0,0.0,0.0,0.037427027889258994,0.0009356756972314715,3.325334765376331,0
Hog_public_Gerard,2016-09-09 23:00:00,0,normal,39.734,39.734,43.45131,0.003193751494343133,0.0,1.0941859789344741,0.0,0.0,0.0022356260460401935,3.325334765376331,0
Hog_public_Gerard,2016-09-10 00:00:00,0,normal,38.965,38.965,37.193512,0.0,0.0,0.9130329309228611,0.0,0.0,0.0,3.325334765376331,0
Hog_public_Gerard,2016-09-10 01:00:00,0,normal,34.312,34.312,36.897163,0.0,0.0,0.673602051434625,0.8160916032771289,0.0,0.22442519090121044,3.325334765376331,0
Hog_public_Gerard,2016-09-10 02:00:00,0,normal,33.56,33.56,35.016056,0.0,0.0,0.0,1.3539365931696354,0.0,0.3723325631216497,3.325334765376331,0
Hog_public_Gerard,2016-09-10 03:00:00,0,normal,32.717,32.717,33.839943,0.0,0.0,0.004618904710125296,1.0245562202322325,0.0,0.2817529605638639,3.325334765376331,0
Hog_public_Gerard,2016-09-10 04:00:00,0,normal,32.321,32.321,32.033962,0.0,0.0,0.9387107779000704,0.9316309509516685,0.004865922116983574,0.2563201595646334,3.325334765376331,0
Hog_public_Gerard,2016-09-10 05:00:00,0,normal,32.81,32.81,29.148605,0.4297582562768232,0.39754453166334247,1.0548357468439917,1.0766159103375317,0.6089909609627275,0.6121249287606657,3.325334765376331,0
Hog_public_Gerard,2016-09-10 06:00:00,0,normal,32.41,32.41,29.295143,0.0,0.39754453166334247,1.3594040701722028,1.4002849217497368,1.805848627497185,0.4302245691686071,3.325334765376331,0
Hog_public_Gerard,2016-09-10 07:00:00,0,normal,32.726,32.726,32.05835,0.0,0.0,1.357868716889963,2.6673824719613455,7.941116869481259,0.9320581015264007,3.325334765376331,0
Hog_public_Gerard,2016-09-10 08:00:00,0,normal,31.91,31.91,36.218155,0.3341568977197644,0.1590662040054004,1.4054179626612813,3.077248257281526,10.0,1.3301530991562536,3.325334765376331,0
Hog_public_Gerard,2016-09-10 09:00:00,0,normal,31.476,31.476,36.475807,0.5916637641131564,0.0,1.2340967314150983,3.223066990585184,10.0,1.5505080572901342,3.325334765376331,0
Hog_public_Gerard,2016-09-10 10:00:00,0,normal,38.064,38.064,39.602146,0.0,0.8014190720483935,1.061228588856171,3.000452683787797,10.0,1.0751244880416433,3.325334765376331,0
Hog_public_Gerard,2016-09-10 11:00:00,0,normal,82.363,82.363,60.158302,6.997161946900785,10.0,0.0,1.4309681980608933,10.0,5.541529617297294,3.325334765376331,1
Hog_public_Gerard,2016-09-10 12:00:00,0,normal,82.04899999999998,82.04899999999998,81.07988,0.0,10.0,0.0,0.0,1.6164718532473408,0.04041179633118338,3.325334765376331,0
Hog_public_Gerard,2016-09-10 13:00:00,0,normal,78.976,78.976,84.49561,1.15933566061702,2.2174810044304,0.0,0.0,0.32738869509762225,0.8197196798093546,3.325334765376331,0
Hog_public_Gerard,2016-09-10 14:00:00,0,normal,78.532,78.532,85.609566,1.8217410379268622,0.97788457280696,0.327684585421967,0.0,0.0,1.2752187265488035,3.325334765376331,0
Hog_public_Gerard,2016-09-10 15:00:00,0,normal,78.71600000000002,78.71600000000002,84.043465,1.0776385953520784,1.181678533405509,0.29000343748197194,0.0,0.0,0.754347016746455,3.325334765376331,0
Hog_public_Gerard,2016-09-10 16:00:00,0,normal,75.488,75.488,82.98148,1.9985796213384692,1.6228037462049645,1.3692713514215582,0.0,0.0,1.3990057349369285,3.325334765376331,0
Hog_public_Gerard,2016-09-10 17:00:00,0,normal,77.667,77.667,75.20269,0.0,4.310981549513411,0.275242556302393,1.18147955846761,0.0,0.32490687857859274,3.325334765376331,0
Hog_public_Gerard,2016-09-10 18:00:00,0,normal,79.428,79.428,59.564873,5.28368957407924,10.0,0.33325964413078135,1.3777794591144676,0.0,4.077472053111947,3.325334765376331,1
Hog_public_Gerard,2016-09-10 19:00:00,0,normal,46.277,46.277,50.044964,0.019760367987474714,10.0,0.1820991024652711,1.8540923079147562,0.0,0.5237076422677902,3.325334765376331,0
Hog_public_Gerard,2016-09-10 20:00:00,0,normal,40.69300000000001,40.69300000000001,42.56346,0.0,0.0,0.0,0.0,0.0,0.0,3.325334765376331,0
Hog_public_Gerard,2016-09-10 21:00:00,0,normal,41.694,41.694,39.939034,0.0,0.0,0.0,0.0,0.0,0.0,3.325334765376331,0
Hog_public_Gerard,2016-09-10 22:00:00,0,normal,41.938,41.938,41.865105,0.0,0.0,0.0,0.0,0.0,0.0,3.325334765376331,0
Hog_public_Gerard,2016-09-10 23:00:00,0,normal,41.206,41.206,40.03987,0.0,0.0,0.9392089496082899,0.0,0.0,0.0,3.325334765376331,0
Hog_public_Gerard,2016-09-11 00:00:00,0,normal,41.62300000000001,41.62300000000001,38.62018,0.13121018351374258,0.0,1.1959818350069058,0.0,0.0,0.09184712845961981,3.325334765376331,0
Hog_public_Gerard,2016-09-11 01:00:00,0,normal,36.678,36.678,37.081036,0.0,0.0,1.2004490824301501,1.4192286453651917,0.0,0.39028787747542765,3.325334765376331,0
Hog_public_Gerard,2016-09-11 02:00:00,0,normal,35.194,35.194,34.98108,0.0,0.0,0.0,1.4375908370721835,0.0,0.39533748019485043,3.325334765376331,0
Hog_public_Gerard,2016-09-11 03:00:00,0,normal,35.205,35.205,34.710594,0.0,0.0,0.0,0.9377958148526515,0.0,0.25789384908447915,3.325334765376331,0
Hog_public_Gerard,2016-09-11 04:00:00,0,normal,35.30699999999999,35.30699999999999,35.17846,0.0,0.0,0.7809636106242308,0.8163138420549886,0.09708300943137325,0.22691338180090614,3.325334765376331,0
Hog_public_Gerard,2016-09-11 05:00:00,0,normal,35.196,35.196,35.751266,0.0,0.0,1.5377116608892512,0.8943339454530719,0.45570273338941136,0.25733440333433,3.325334765376331,0
Hog_public_Gerard,2016-09-11 06:00:00,0,normal,34.763000000000005,34.763000000000005,35.74203,0.0,0.0,1.5382085366787843,1.105832909577214,1.4503465851493373,0.3403627147624671,3.325334765376331,0
Hog_public_Gerard,2016-09-11 07:00:00,0,normal,35.665,35.665,35.974415,0.0,0.0,1.2743754090746384,2.621712721524809,8.800355542836382,0.940979886990231,3.325334765376331,0
Hog_public_Gerard,2016-09-11 08:00:00,0,normal,34.684,34.684,34.5787,0.0,0.0,1.106763283783209,3.187047280157536,10.0,1.1264380020433213,3.325334765376331,0
Hog_public_Gerard,2016-09-11 09:00:00,0,normal,32.631,32.631,33.79229,0.0,0.0,1.0171593339949268,3.05463682104293,10.0,1.0900251257868048,3.325334765376331,0
Hog_public_Gerard,2016-09-11 10:00:00,0,normal,32.212,32.212,35.23448,0.0,0.0,0.34060236990700776,2.1177081397618833,10.0,0.832369738434517,3.325334765376331,0
Hog_public_Gerard,2016-09-11 11:00:00,0,normal,31.994,31.994,43.780777,3.118498947033297,7.104628961376397,0.46830313098265,1.8154565445457125,10.0,2.9321998126733777,3.325334765376331,0
Hog_public_Gerard,2016-09-11 12:00:00,0,normal,63.24800000000001,63.24800000000001,58.6737,0.7645533113807055,5.1974448182285675,1.22219875790092,1.657214514911873,10.0,1.240921309567258,3.325334765376331,0
Hog_public_Gerard,2016-09-11 13:00:00,0,normal,78.296,78.296,77.86011,0.0,1.2326933836712333,0.0,0.0,2.786741070385968,0.06966852675964895,3.325334765376331,0
Hog_public_Gerard,2016-09-11 14:00:00,0,normal,76.683,76.683,84.786674,2.226328226317901,4.879102204509206,0.0,0.0,0.2965662883624081,1.565843915631591,3.325334765376331,0
Hog_public_Gerard,2016-09-11 15:00:00,0,normal,75.23899999999998,75.23899999999998,85.12549,2.9647235502673,1.1674420818940487,0.0,0.0,0.0,2.0753064851871104,3.325334765376331,0
Hog_public_Gerard,2016-09-11 16:00:00,0,normal,76.217,76.217,83.432945,1.8586537488120174,2.0846089071518548,0.2694603325803683,0.0,0.0,1.3010576241684122,3.325334765376331,0
Hog_public_Gerard,2016-09-11 17:00:00,0,normal,79.56,79.56,78.61931,0.0,3.9619353792513996,0.7931669854766461,0.0,0.0,0.0,3.325334765376331,0
Hog_public_Gerard,2016-09-11 18:00:00,0,normal,78.39699999999998,78.39699999999998,70.39588,1.0945991937208497,2.0559953875218473,0.0,0.059766726310866644,0.0,0.7826552853400831,3.325334765376331,0
Hog_public_Gerard,2016-09-11 19:00:00,0,normal,57.945,57.945,61.53494,0.033348337472652964,1.9728077020047592,0.1911251281885801,1.5324573813263502,0.0,0.44476961609560334,3.325334765376331,0
Hog_public_Gerard,2016-09-11 20:00:00,0,normal,58.72,58.72,48.19736,1.7012319409755559,3.4860577776456947,0.0,0.0,0.0,1.1908623586828893,3.325334765376331,0
Hog_public_Gerard,2016-09-11 21:00:00,0,normal,58.69600000000001,58.69600000000001,46.526947,2.767339708332014,1.984923304294973,0.0,0.0,0.0,1.93713779583241,3.325334765376331,0
Hog_public_Gerard,2016-09-11 22:00:00,0,normal,56.425,56.425,46.434856,2.0547265777650563,1.103128201275621,1.073879543985655,0.0,0.0,1.4383086044355395,3.325334765376331,0
Hog_public_Gerard,2016-09-11 23:00:00,0,normal,42.221,42.221,42.4029,0.0,4.451040566182135,0.3933692567393298,0.0,0.3668826144589061,0.00917206536147262,3.325334765376331,0
Hog_public_Gerard,2016-09-12 00:00:00,0,normal,42.142,42.142,40.70614,0.0,0.0,0.0,0.0,0.9805539953887771,0.02451384988471934,3.325334765376331,0
Hog_public_Gerard,2016-09-12 01:00:00,0,normal,39.005,39.005,40.457497,0.0,0.0,0.0,0.0,0.3941358999645953,0.009853397499114848,3.325334765376331,0
Hog_public_Gerard,2016-09-12 02:00:00,0,normal,40.918,40.918,38.544434,0.0,0.0,0.12707963645303233,0.0,0.09384652584657936,0.0023461631461644756,3.325334765376331,0
Hog_public_Gerard,2016-09-12 03:00:00,0,normal,38.391,38.391,38.248955,0.0,0.0,0.23869399369063232,0.0,0.0,0.0,3.325334765376331,0
Hog_public_Gerard,2016-09-12 04:00:00,0,normal,40.83,40.83,36.86983,0.5652003359740622,0.7354058460654103,0.3766044959802757,0.0,0.0,0.39564023518184355,3.325334765376331,0
Hog_public_Gerard,2016-09-12 05:00:00,0,normal,32.778,32.778,37.809456,1.0508423476508457,0.5369469913373218,0.3029026309349853,1.520596151254716,0.1183539331457532,1.1567124332792826,3.325334765376331,0
Hog_public_Gerard,2016-09-12 06:00:00,0,normal,31.813,31.813,36.18938,0.35955780591324144,1.0499238716290675,0.0,0.6236852617071283,0.5732882874961946,0.43753611829613415,3.325334765376331,0
Hog_public_Gerard,2016-09-12 07:00:00,0,normal,37.239,37.239,39.982212,0.0,0.22242896577366453,0.0,0.43131833534834174,1.7058508426054222,0.16125881328592936,3.325334765376331,0
Hog_public_Gerard,2016-09-12 08:00:00,0,normal,68.843,68.843,55.800365,3.586063295070986,8.270971840551633,0.0,0.4518525126944697,2.0167862089801853,2.6849234027651745,3.325334765376331,0
Hog_public_Gerard,2016-09-12 09:00:00,0,normal,86.75399999999998,86.75399999999998,74.276184,3.3757774619069574,0.0,0.0,0.0,1.2085320950517502,2.393257525711164,3.325334765376331,0
Hog_public_Gerard,2016-09-12 10:00:00,0,normal,86.711,86.711,80.44533,1.0629539640816248,5.094865327656675,0.0,0.0,0.0,0.7440677748571374,3.325334765376331,0
Hog_public_Gerard,2016-09-12 11:00:00,0,normal,86.336,86.336,79.89453,0.8336559947867672,0.0,0.0,0.0,0.0,0.5835591963507372,3.325334765376331,0
Hog_public_Gerard,2016-09-12 12:00:00,0,normal,89.398,89.398,83.273994,1.406400588804747,0.7542250560524695,1.3199499466796005,0.0,0.0,0.984480412163323,3.325334765376331,0
Hog_public_Gerard,2016-09-12 13:00:00,0,normal,88.835,88.835,84.60808,0.6206776815253074,1.2855011042237752,0.27734878029030147,0.0,0.0,0.43447437706771525,3.325334765376331,0
Hog_public_Gerard,2016-09-12 14:00:00,0,normal,86.59700000000002,86.59700000000002,85.826294,0.0,0.8737945132313321,0.3163485792195785,0.0,0.0,0.0,3.325334765376331,0
Hog_public_Gerard,2016-09-12 15:00:00,0,normal,90.914,90.914,85.231186,1.2236705023836694,2.3779647643498985,0.4057119254044236,1.937244705549959,0.0,1.3893116456948074,3.325334765376331,0
Hog_public_Gerard,2016-09-12 16:00:00,0,normal,86.262,86.262,86.43671,0.0,2.3779647643498985,0.1332610972699801,1.561776934425308,0.0,0.42948865696695965,3.325334765376331,0
Hog_public_Gerard,2016-09-12 17:00:00,0,normal,85.79799999999999,85.79799999999999,84.6837,0.0,0.0,0.0,1.534135963322121,0.0,0.4218873899135832,3.325334765376331,0
Hog_public_Gerard,2016-09-12 18:00:00,0,normal,81.679,81.679,84.1533,0.0,0.0,0.0,1.483146499276028,0.0,0.40786528730090765,3.325334765376331,0
Hog_public_Gerard,2016-09-12 19:00:00,0,normal,87.323,87.323,80.3438,1.0699952402476205,1.9946206354615241,0.033387556025978024,0.973098002047214,0.9330789454924857,1.0399255923736304,3.325334765376331,0
Hog_public_Gerard,2016-09-12 20:00:00,0,normal,88.352,88.352,79.17842,1.7876688186064156,1.1157515273957974,0.0,1.0610162691247096,6.640788089579811,1.7091673492732808,3.325334765376331,0
Hog_public_Gerard,2016-09-12 21:00:00,0,normal,89.76799999999999,89.76799999999999,73.00132,4.270995379736886,5.520186536594277,0.0,1.0438515224310554,10.0,3.5267559344843593,3.325334765376331,1
Hog_public_Gerard,2016-09-12 22:00:00,0,normal,67.187,67.187,56.047432,2.4306462794813686,3.916274291982278,0.6348437549816334,1.1902585332188411,10.0,2.2787734922721388,3.325334765376331,0
Hog_public_Gerard,2016-09-12 23:00:00,0,normal,50.15600000000001,50.15600000000001,46.5093,0.0,5.388775166945916,0.0,0.0,6.155113822975985,0.1538778455743991,3.325334765376331,0
Hog_public_Gerard,2016-09-13 00:00:00,0,normal,44.99,44.99,44.193424,0.0,0.0,0.0,0.0,2.134304555364834,0.05335761388412066,3.325334765376331,0
Hog_public_Gerard,2016-09-13 01:00:00,0,normal,43.791,43.791,43.244473,0.0,0.0,0.0,0.0,0.83302936586511,0.020825734146627677,3.325334765376331,0
Hog_public_Gerard,2016-09-13 02:00:00,0,normal,43.348,43.348,41.969917,0.0,0.0,0.0,0.0,0.22392055993502125,0.005598013998375511,3.325334765376331,0
Hog_public_Gerard,2016-09-13 03:00:00,0,normal,41.555,41.555,39.678856,0.0,0.0,0.8456433476552915,0.0,0.0,0.0,3.325334765376331,0
Hog_public_Gerard,2016-09-13 04:00:00,0,normal,49.84,49.84,36.157387,4.972635132959002,10.0,0.627984681214538,0.0,0.0,3.480844593071302,3.325334765376331,1
Hog_public_Gerard,2016-09-13 05:00:00,0,normal,35.618,35.618,34.96408,0.0,10.0,0.0,0.8067814950708502,0.0,0.22186491114448378,3.325334765376331,0
Hog_public_Gerard,2016-09-13 06:00:00,0,normal,34.439,34.439,32.135643,0.0,0.0,0.0,0.49526981252059715,0.0,0.1361991984431642,3.325334765376331,0
Hog_public_Gerard,2016-09-13 07:00:00,0,normal,38.771,38.771,38.07522,0.0,0.0,0.0,0.2675961693028913,0.0,0.0735889465582951,3.325334765376331,0
Hog_public_Gerard,2016-09-13 08:00:00,0,normal,70.654,70.654,75.48452,0.5286369722130607,0.6441982526286661,0.11166529938600071,0.27172744113110886,0.0,0.4447709268601975,3.325334765376331,0
Hog_public_Gerard,2016-09-13 09:00:00,0,normal,85.206,85.206,88.05102,0.0,0.6441982526286661,0.0,0.0,0.42714212984720523,0.010678553246180092,3.325334765376331,0
Hog_public_Gerard,2016-09-13 10:00:00,0,normal,88.184,88.184,89.85814,0.0,0.0,0.0,0.0,0.6417786949766584,0.016044467374416404,3.325334765376331,0
Hog_public_Gerard,2016-09-13 11:00:00,0,normal,90.155,90.155,90.875175,0.0,0.0,0.0,0.0,0.022524602930975513,0.0005631150732743858,3.325334765376331,0
Hog_public_Gerard,2016-09-13 12:00:00,0,normal,91.886,91.886,91.543884,0.0,0.0,0.030436489931293283,0.0,0.0,0.0,3.325334765376331,0
Hog_public_Gerard,2016-09-13 13:00:00,0,normal,92.889,92.889,92.42856,0.0,0.0,0.2735424712599735,0.0,0.0,0.0,3.325334765376331,0
Hog_public_Gerard,2016-09-13 14:00:00,0,normal,93.761,93.761,92.40875,0.0,0.0,0.5030684081008961,0.0,0.0,0.0,3.325334765376331,0
Hog_public_Gerard,2016-09-13 15:00:00,0,normal,91.856,91.856,93.7959,0.0,0.0,0.7765062114206154,0.9468400357242058,0.0,0.2603810098241566,3.325334765376331,0
Hog_public_Gerard,2016-09-13 16:00:00,0,normal,89.98899999999998,89.98899999999998,93.921005,0.48432157383964614,0.533653148949205,0.7674061304446933,1.5283503796662752,0.0,0.759321456095978,3.325334765376331,0
Hog_public_Gerard,2016-09-13 17:00:00,0,normal,90.384,90.384,93.21991,0.018287119502592788,0.48803578804050624,0.2814277661355467,1.8956468111460163,0.0,0.5341038567169694,3.325334765376331,0
Hog_public_Gerard,2016-09-13 18:00:00,0,normal,88.18700000000004,88.18700000000004,91.94459,0.016366851074951595,0.0,0.7556837750509282,1.9410533731874828,0.0,0.5452464733790239,3.325334765376331,0
Hog_public_Gerard,2016-09-13 19:00:00,0,normal,87.544,87.544,90.31619,0.0,0.0,0.6460011337778154,1.5256263494101128,0.9003413506100234,0.44205577985303146,3.325334765376331,0
Hog_public_Gerard,2016-09-13 20:00:00,0,normal,87.38,87.38,88.70342,0.0,0.0,0.4746200188124241,1.382953532120114,6.213591664324522,0.5356520129411438,3.325334765376331,0
Hog_public_Gerard,2016-09-13 21:00:00,0,normal,83.13,83.13,86.09887,0.0,0.0,1.1811933964445085,1.6850718056224503,10.0,0.713394746546173,3.325334765376331,0
Hog_public_Gerard,2016-09-13 22:00:00,0,normal,66.045,66.045,69.54832,0.0,0.0,0.057570397865142786,1.2239441551167496,10.0,0.5865846426571052,3.325334765376331,0
Hog_public_Gerard,2016-09-13 23:00:00,0,normal,53.352,53.352,49.724907,0.0,0.0,0.0,0.0,4.778236812925702,0.11945592032314212,3.325334765376331,0
Hog_public_Gerard,2016-09-14 00:00:00,0,normal,44.67,44.67,45.423546,0.0,0.0,0.0,0.0,1.877248832058694,0.04693122080146718,3.325334765376331,0
Hog_public_Gerard,2016-09-14 01:00:00,0,normal,45.36600000000001,45.36600000000001,43.447636,0.0,0.0,0.0,0.0,0.5885290643628831,0.014713226609072025,3.325334765376331,0
Hog_public_Gerard,2016-09-14 02:00:00,0,normal,50.55,50.55,43.143753,2.836368566733776,6.400852547622064,0.0,0.0,0.089943064062436,1.9877065733152044,3.325334765376331,0
Hog_public_Gerard,2016-09-14 03:00:00,0,normal,47.514,47.514,42.960148,1.2694047593131041,3.2343125664842156,0.0,0.0,0.0,0.888583331519173,3.325334765376331,0
Hog_public_Gerard,2016-09-14 04:00:00,0,normal,45.647,45.647,39.164154,2.329097993505541,1.9689222017505021,0.0,0.0,0.0,1.6303685954538787,3.325334765376331,0
Hog_public_Gerard,2016-09-14 05:00:00,0,normal,32.693000000000005,32.693000000000005,35.18508,0.136770526016432,4.794287048877794,0.044732949095240095,0.8509620453837085,0.0,0.3297539306920222,3.325334765376331,0
Hog_public_Gerard,2016-09-14 06:00:00,0,normal,33.86,33.86,32.76351,0.0,0.0,0.0,0.21946296049814804,0.0,0.0603523141369907,3.325334765376331,0
Hog_public_Gerard,2016-09-14 07:00:00,0,normal,38.397,38.397,38.67701,0.0,0.0,0.0,0.030398122088406157,0.0,0.008359483574311693,3.325334765376331,0
Hog_public_Gerard,2016-09-14 08:00:00,0,normal,66.21,66.21,74.363434,3.095880996840399,7.048208309845241,0.0,0.028089990796178216,0.29955698997523644,2.1823303700066092,3.325334765376331,0
Hog_public_Gerard,2016-09-14 09:00:00,0,normal,79.132,79.132,86.58158,2.735694455363592,0.22399735149538746,0.0,0.0,1.0277843851405908,1.9406807283830292,3.325334765376331,0
Hog_public_Gerard,2016-09-14 10:00:00,0,normal,82.494,82.494,88.82815,1.0884479148960098,3.434578464435961,0.0,0.0,1.2317557968571384,0.7927074353486353,3.325334765376331,0
Hog_public_Gerard,2016-09-14 11:00:00,0,normal,88.111,88.111,89.84234,0.0,2.0406509749607014,0.0,0.0,0.5741279442194994,0.014353198605487434,3.325334765376331,0
Hog_public_Gerard,2016-09-14 12:00:00,0,normal,90.776,90.776,90.650276,0.0,0.0,0.0,0.0,0.0,0.0,3.325334765376331,0
Hog_public_Gerard,2016-09-14 13:00:00,0,normal,89.381,89.381,91.34842,0.0,0.0,0.0,0.0,0.0,0.0,3.325334765376331,0
Hog_public_Gerard,2016-09-14 14:00:00,0,normal,90.3,90.3,90.22293,0.0,0.0,0.5187123647735312,0.0,0.0,0.0,3.325334765376331,0
Hog_public_Gerard,2016-09-14 15:00:00,0,normal,89.625,89.625,88.87981,0.0,0.0,0.9201248352570819,0.44867250210204945,0.0,0.12338493807806358,3.325334765376331,0
Hog_public_Gerard,2016-09-14 16:00:00,0,normal,89.52600000000002,89.52600000000002,88.2676,0.0,0.0,1.1123276642005584,0.9597656243501854,0.0,0.263935546696301,3.325334765376331,0
Hog_public_Gerard,2016-09-14 17:00:00,0,normal,87.208,87.208,87.29791,0.0,0.0,1.1621374081901759,2.37464064757017,0.0,0.6530261780817966,3.325334765376331,0
Hog_public_Gerard,2016-09-14 18:00:00,0,normal,81.56,81.56,86.45215,0.3874253613975538,0.29194479826936315,0.4863610821719982,2.049874124410228,0.0,0.8349131371911003,3.325334765376331,0
Hog_public_Gerard,2016-09-14 19:00:00,0,normal,85.34,85.34,84.44296,0.0,0.29194479826936315,0.0,0.8490997180382686,0.6934432506872678,0.25083850372770544,3.325334765376331,0
Hog_public_Gerard,2016-09-14 20:00:00,0,normal,83.522,83.522,85.25251,0.0,0.0,0.0,0.8240104653377134,4.667184026766711,0.34328247863703854,3.325334765376331,0
Hog_public_Gerard,2016-09-14 21:00:00,0,normal,83.738,83.738,83.518936,0.0,0.0,0.2205968618033297,0.8484318260364626,8.972810481405617,0.4576390141951668,3.325334765376331,0
Hog_public_Gerard,2016-09-14 22:00:00,0,normal,62.164,62.164,68.84062,0.9710380893098948,1.7477712577789,0.6976302459879457,1.0077065163741683,10.0,1.2068459545198218,3.325334765376331,0
Hog_public_Gerard,2016-09-14 23:00:00,0,normal,44.747,44.747,49.833626,0.45102925327043325,0.6226753002716987,0.0,0.0,3.9609886686241,0.41474519400490545,3.325334765376331,0
Hog_public_Gerard,2016-09-15 00:00:00,0,normal,43.306,43.306,45.694725,0.0,0.45060519803060606,0.0,0.0,1.07105274192397,0.026776318548099153,3.325334765376331,0
Hog_public_Gerard,2016-09-15 01:00:00,0,normal,44.984,44.984,45.370476,0.0,0.0,0.0,0.0,0.22141311622538937,0.005535327905634714,3.325334765376331,0
Hog_public_Gerard,2016-09-15 02:00:00,0,normal,51.826,51.826,45.6688,1.5611710394877076,3.2198624621131633,0.769083555309371,0.0,0.0,1.0928197276413953,3.325334765376331,0
Hog_public_Gerard,2016-09-15 03:00:00,0,normal,51.995,51.995,45.693382,1.6266394853640938,0.0,0.0,0.0,0.0,1.1386476397548657,3.325334765376331,0
Hog_public_Gerard,2016-09-15 04:00:00,0,normal,42.115,42.115,41.33165,0.0,3.383174006244064,0.0,0.029021833916425953,0.0,0.007981004327017135,3.325334765376331,0
Hog_public_Gerard,2016-09-15 05:00:00,0,normal,31.0,31.0,35.51263,0.8156454065248651,1.3601430098106728,0.0,0.54591690158813,0.0,0.7210789325041413,3.325334765376331,0
Hog_public_Gerard,2016-09-15 06:00:00,0,normal,30.06900000000001,30.06900000000001,33.943142,0.17257090622622567,0.9296635507276388,0.0,0.0,0.0,0.12079963435835799,3.325334765376331,0
Hog_public_Gerard,2016-09-15 07:00:00,0,normal,35.676,35.676,40.148506,0.3953459927593329,0.0,0.0,0.0,0.0,0.27674219493153307,3.325334765376331,0
Hog_public_Gerard,2016-09-15 08:00:00,0,normal,64.997,64.997,71.20224,1.0404546245045312,0.9347377073393601,0.0,0.0,0.1967617630609963,0.7332372812296968,3.325334765376331,0
Hog_public_Gerard,2016-09-15 09:00:00,0,normal,76.808,76.808,83.55731,1.243016352190637,0.0,0.0,0.0,0.761881755345486,0.8891584904170831,3.325334765376331,0
Hog_public_Gerard,2016-09-15 10:00:00,0,normal,84.596,84.596,85.41977,0.0,2.4262231361839537,0.0,0.0,1.1316554716261644,0.02829138679065401,3.325334765376331,0
Hog_public_Gerard,2016-09-15 11:00:00,0,normal,86.081,86.081,87.19801,0.0,0.0,0.0,0.0,0.34347954336161607,0.008586988584040372,3.325334765376331,0
Hog_public_Gerard,2016-09-15 12:00:00,0,normal,87.92200000000004,87.92200000000004,88.24147,0.0,0.0,0.0,0.0,0.0,0.0,3.325334765376331,0
Hog_public_Gerard,2016-09-15 13:00:00,0,normal,87.564,87.564,88.61637,0.0,0.0,0.3502460989065384,0.0,0.0,0.0,3.325334765376331,0
Hog_public_Gerard,2016-09-15 14:00:00,0,normal,87.35,87.35,87.59658,0.0,0.0,0.7309851568627747,0.0,0.0,0.0,3.325334765376331,0
Hog_public_Gerard,2016-09-15 15:00:00,0,normal,89.20700000000002,89.20700000000002,86.980576,0.0,0.0,1.291812366805316,0.5818550473459505,0.0,0.16001013802013636,3.325334765376331,0
Hog_public_Gerard,2016-09-15 16:00:00,0,normal,91.063,91.063,86.17655,0.893836356501184,1.5551909387290588,0.700451357802476,1.7574769645259465,0.0,1.108991614795464,3.325334765376331,0
Hog_public_Gerard,2016-09-15 17:00:00,0,normal,89.162,89.162,84.49547,0.7966252765668743,0.0,0.25988218291033566,1.665263937214565,0.0,1.0155852763308173,3.325334765376331,0
Hog_public_Gerard,2016-09-15 18:00:00,0,normal,85.041,85.041,83.49919,0.0,1.3126971486568155,0.6613318530475989,1.919607992872896,0.0,0.5278921980400463,3.325334765376331,0
Hog_public_Gerard,2016-09-15 19:00:00,0,normal,87.87100000000002,87.87100000000002,83.15192,0.3308244076977326,0.1507532818943971,0.0,1.459941896442098,0.648226745336202,0.6492667755433947,3.325334765376331,0
Hog_public_Gerard,2016-09-15 20:00:00,0,normal,86.42200000000004,86.42200000000004,83.92528,0.0,0.1507532818943971,0.16864917907288604,1.4749138719572197,4.761846069561986,0.5246474665272846,3.325334765376331,0
Hog_public_Gerard,2016-09-15 21:00:00,0,normal,83.948,83.948,81.12144,0.0,0.0,0.4823277517984062,1.412256484036463,10.0,0.6383705331100265,3.325334765376331,0
Hog_public_Gerard,2016-09-15 22:00:00,0,normal,64.542,64.542,57.61873,1.0517048722643405,1.9489951711926496,0.22125421111405202,1.1620828554949445,10.0,1.3057661958461473,3.325334765376331,0
Hog_public_Gerard,2016-09-15 23:00:00,0,normal,44.687,44.687,48.791748,0.12990576967171844,1.6249442249297963,0.0,0.0,5.081983383856285,0.21798362336660956,3.325334765376331,0
Hog_public_Gerard,2016-09-16 00:00:00,1,contextual_after_hours,41.853,84.01576282513611,42.878624,10.0,10.0,0.0,0.0,1.295957114388014,7.032398927859701,3.325334765376331,1
Hog_public_Gerard,2016-09-16 01:00:00,1,contextual_after_hours,47.53,89.6927628251361,49.0234,10.0,0.0,0.0,0.0,1.2493262467529322,7.031233156168824,3.325334765376331,1
Hog_public_Gerard,2016-09-16 02:00:00,1,contextual_after_hours,48.567,90.7297628251361,53.08562,10.0,2.746504464337819,0.0,0.0,1.1619050972684597,7.029047627431712,3.325334765376331,1
Hog_public_Gerard,2016-09-16 03:00:00,1,contextual_after_hours,48.142,90.3047628251361,53.88483,10.0,0.7098756874072444,0.0,0.0,1.098307452753054,7.027457686318827,3.325334765376331,1
Hog_public_Gerard,2016-09-16 04:00:00,1,contextual_after_hours,40.63800000000001,82.8007628251361,49.179657,10.0,2.4904913844446726,1.061531247335985,0.0,1.0401048240440587,7.026002620601102,3.325334765376331,1
Hog_public_Gerard,2016-09-16 05:00:00,1,contextual_after_hours,31.817,73.9797628251361,42.964714,10.0,2.272502940757397,0.0,0.0,0.898079246364577,7.022451981159115,3.325334765376331,1
Hog_public_Gerard,2016-09-16 06:00:00,0,normal,30.763,30.763,43.521397,3.480239578962356,10.0,0.0,0.0,0.4050069853203553,2.4462928799066583,3.325334765376331,0
Hog_public_Gerard,2016-09-16 07:00:00,0,normal,36.354,36.354,57.285686,6.523211186995222,6.9162254306198,0.0,0.0,0.0,4.566247830896656,3.325334765376331,1
Hog_public_Gerard,2016-09-16 08:00:00,0,normal,67.139,67.139,83.703,4.897092780573941,3.3818741707947,0.0,0.0,0.0,3.4279649464017594,3.325334765376331,1
Hog_public_Gerard,2016-09-16 09:00:00,0,normal,79.936,79.936,89.94704,2.457378735750632,5.411394777660443,0.0,0.0,0.0,1.7201651150254424,3.325334765376331,0
Hog_public_Gerard,2016-09-16 10:00:00,0,normal,83.359,83.359,92.07024,1.9734541227446578,0.5326629270821869,0.0,0.0,0.0,1.3814178859212607,3.325334765376331,0
Hog_public_Gerard,2016-09-16 11:00:00,0,normal,89.365,89.365,93.40899,0.23580610950687617,3.6600856368176706,0.0,0.0,0.0,0.16506427665481332,3.325334765376331,0
Hog_public_Gerard,2016-09-16 12:00:00,0,normal,87.162,87.162,94.89425,2.100097183123797,3.9759977295383533,0.0,0.0,0.0,1.470068028186658,3.325334765376331,0
Hog_public_Gerard,2016-09-16 13:00:00,0,normal,87.777,87.777,94.378525,1.619339449644849,0.5247631216306918,0.0,0.0,0.0,1.1335376147513945,3.325334765376331,0
Hog_public_Gerard,2016-09-16 14:00:00,0,normal,87.605,87.605,93.664856,1.3890344116223778,0.0,0.4671382014578192,0.0,0.0,0.9723240881356646,3.325334765376331,0
Hog_public_Gerard,2016-09-16 15:00:00,0,normal,88.669,88.669,92.730354,0.5521038305376568,1.4132390422264904,1.1877717732733422,0.5384313415581944,0.0,0.5345413003048631,3.325334765376331,0
Hog_public_Gerard,2016-09-16 16:00:00,0,normal,89.133,89.133,91.35299,0.0,0.7027365120540843,0.9167567193641704,1.152778609546822,0.0,0.317014117625376,3.325334765376331,0
Hog_public_Gerard,2016-09-16 17:00:00,0,normal,83.69200000000002,83.69200000000002,88.97081,1.0563424401035273,1.960563620003232,0.7250468803962484,2.1611290839117507,0.0,1.3337502061482005,3.325334765376331,0
Hog_public_Gerard,2016-09-16 18:00:00,0,normal,77.204,77.204,86.05911,1.3000549160667618,0.0,0.0,1.2450787878970242,0.0,1.252435107918415,3.325334765376331,0
Hog_public_Gerard,2016-09-16 19:00:00,0,normal,46.764,46.764,77.865295,6.652088408013251,10.0,0.0,0.24374970274770733,0.0,4.723493053864895,3.325334765376331,1
Hog_public_Gerard,2016-09-16 20:00:00,0,normal,41.701,41.701,52.545425,1.778647992114386,10.0,0.0,0.0,0.8326419438250017,1.2658696430756955,3.325334765376331,0
Hog_public_Gerard,2016-09-16 21:00:00,0,normal,41.97,41.97,42.803047,0.0,3.7623604009432015,0.0,0.0,0.018115802197312687,0.0004528950549328156,3.325334765376331,0
Hog_public_Gerard,2016-09-16 22:00:00,0,normal,41.55,41.55,44.09958,0.0,0.0,0.0,0.0,0.0,0.0,3.325334765376331,0
Hog_public_Gerard,2016-09-16 23:00:00,0,normal,42.176,42.176,43.029774,0.0,0.0,1.3657599384488817,0.0,0.0,0.0,3.325334765376331,0
Hog_public_Gerard,2016-09-17 00:00:00,0,normal,42.597,42.597,39.043037,0.3810565286687616,0.2760576958137111,1.255854336280375,0.0,0.0,0.26673957006813315,3.325334765376331,0
Hog_public_Gerard,2016-09-17 01:00:00,0,normal,36.887,36.887,38.050446,0.0,0.2760576958137111,1.07287720867446,1.5076252030310298,0.0,0.4145969308335331,3.325334765376331,0
Hog_public_Gerard,2016-09-17 02:00:00,0,normal,35.743,35.743,35.567413,0.0,0.0,0.0,1.4544346702351416,0.0,0.3999695343146639,3.325334765376331,0
Hog_public_Gerard,2016-09-17 03:00:00,0,normal,36.254,36.254,34.36943,0.0,0.0,0.0,1.0381706578576455,0.0,0.2854969309108525,3.325334765376331,0
Hog_public_Gerard,2016-09-17 04:00:00,0,normal,35.651,35.651,33.555813,0.0,0.0,1.053747062693982,0.961492345045025,0.0,0.2644103948873818,3.325334765376331,0
Hog_public_Gerard,2016-09-17 05:00:00,0,normal,35.395,35.395,30.591854,0.9473435502677541,1.6886650470442168,1.2756506514998796,0.9594594141420923,0.775667930437981,0.9463835223374528,3.325334765376331,0
Hog_public_Gerard,2016-09-17 06:00:00,0,normal,35.868,35.868,29.890963,0.9554932420801596,0.0,1.1764278494218123,1.188808843200414,2.42777011127627,1.0564619541181322,3.325334765376331,0
Hog_public_Gerard,2016-09-17 07:00:00,0,normal,35.76,35.76,33.185364,0.0,1.7089945162451186,1.3627408361922968,2.8976013637987688,9.976172950193416,1.0462446987994958,3.325334765376331,0
Hog_public_Gerard,2016-09-17 08:00:00,0,normal,34.446,34.446,37.10621,0.0,0.0,1.3520157674308302,3.2638714860303835,10.0,1.1475646586583546,3.325334765376331,0
Hog_public_Gerard,2016-09-17 09:00:00,0,normal,35.157,35.157,40.684372,0.788079725029794,1.2913802043137979,0.9083635636189723,2.8057447291615567,10.0,1.573235608040283,3.325334765376331,0
Hog_public_Gerard,2016-09-17 10:00:00,0,normal,42.479,42.479,51.92082,2.245454834355879,2.9609427122659837,1.0054719172859468,2.9218409639533167,10.0,2.6253246491362767,3.325334765376331,0
Hog_public_Gerard,2016-09-17 11:00:00,0,normal,82.516,82.516,66.66346,4.632210357790635,5.279289336831987,0.0,1.0798367730348188,10.0,3.789502363038019,3.325334765376331,1
Hog_public_Gerard,2016-09-17 12:00:00,0,normal,85.045,85.045,83.43429,0.0,10.0,0.0,0.0,1.4913800312541332,0.037284500781353196,3.325334765376331,0
Hog_public_Gerard,2016-09-17 13:00:00,1,spike,84.32600000000002,9.279540600645149,84.47224,10.0,10.0,0.0,0.0,0.16279602584231367,7.0040699006460585,3.325334765376331,1
Hog_public_Gerard,2016-09-17 14:00:00,0,normal,83.59200000000001,83.59200000000001,63.26092,7.45682770959514,10.0,0.0,0.0,0.0,5.219779396716598,3.325334765376331,1
Hog_public_Gerard,2016-09-17 15:00:00,0,normal,82.76100000000002,82.76100000000002,77.33271,1.1205070812798512,10.0,0.0,0.0,0.0,0.784354956895896,3.325334765376331,0
Hog_public_Gerard,2016-09-17 16:00:00,0,normal,82.43700000000003,82.43700000000003,83.77519,0.0,2.1206228132349776,0.0,0.0,0.0,0.0,3.325334765376331,0
Hog_public_Gerard,2016-09-17 17:00:00,0,normal,81.477,81.477,82.99065,0.0,0.0,1.0197869240009534,0.0,0.0,0.0,3.325334765376331,0
Hog_public_Gerard,2016-09-17 18:00:00,0,normal,83.73200000000001,83.73200000000001,70.68686,3.0538645800438786,6.94339803347419,0.9586439501190107,0.0,0.0,2.137705206030715,3.325334765376331,0
Hog_public_Gerard,2016-09-17 19:00:00,0,normal,54.457,54.457,59.164524,0.32704389581524135,6.127584508207103,0.6496670772944377,0.0,0.0,0.22893072707066897,3.325334765376331,0
Hog_public_Gerard,2016-09-17 20:00:00,0,normal,45.76,45.76,45.931965,0.0,0.14132276579049255,0.0,0.0,0.0,0.0,3.325334765376331,0
Hog_public_Gerard,2016-09-17 21:00:00,0,normal,46.236,46.236,43.04178,0.0,0.0,0.0,0.0,0.0,0.0,3.325334765376331,0
Hog_public_Gerard,2016-09-17 22:00:00,0,normal,45.727,45.727,44.953667,0.0,0.0,0.0,0.0,0.0,0.0,3.325334765376331,0
Hog_public_Gerard,2016-09-17 23:00:00,0,normal,46.159,46.159,42.428528,0.007498703741432632,0.0,1.3027887708747778,0.0,0.0,0.005249092619002843,3.325334765376331,0
Hog_public_Gerard,2016-09-18 00:00:00,0,normal,45.637,45.637,41.61563,0.5929438663455942,0.7859067225314028,1.3125971871059374,0.0,0.0,0.41506070644191595,3.325334765376331,0
Hog_public_Gerard,2016-09-18 01:00:00,0,normal,40.189,40.189,39.81186,0.0,0.804612296958903,1.3073060468483426,0.8212540334377147,0.0,0.22584485919537153,3.325334765376331,0
Hog_public_Gerard,2016-09-18 02:00:00,0,normal,39.001,39.001,37.454422,0.0,0.0,0.0,1.3049608699474438,0.0,0.358864239235547,3.325334765376331,0
Hog_public_Gerard,2016-09-18 03:00:00,0,normal,39.329,39.329,37.581757,0.0,0.0,0.0,0.8798262361862106,0.027248297181348732,0.2426334223807416,3.325334765376331,0
Hog_public_Gerard,2016-09-18 04:00:00,0,normal,39.149,39.149,37.32128,0.0,0.0,0.998527859137136,0.808541960119236,0.22691993588984596,0.228022037430036,3.325334765376331,0
Hog_public_Gerard,2016-09-18 05:00:00,0,normal,38.618,38.618,37.23494,0.0,0.0,1.4247502411540287,0.8444372973172302,0.6623243367919008,0.24877836518203572,3.325334765376331,0
Hog_public_Gerard,2016-09-18 06:00:00,0,normal,39.173,39.173,38.79918,0.0,0.0,1.2111706235525248,1.1302463845348159,1.5964813362714774,0.3507297891538611,3.325334765376331,0
Hog_public_Gerard,2016-09-18 07:00:00,0,normal,39.435,39.435,40.49942,0.0,0.0,1.2646934049276635,2.8551684162027273,7.417336603251943,0.9706047295370479,3.325334765376331,0
Hog_public_Gerard,2016-09-18 08:00:00,0,normal,38.115,38.115,45.26214,1.3911298198967246,2.79569332588931,1.1622966190853734,3.2172382936090878,10.0,2.1085314046702055,3.325334765376331,0
Hog_public_Gerard,2016-09-18 09:00:00,0,normal,36.935,36.935,54.939682,5.4334674357385895,9.409151659468739,0.9170165483304866,2.8728732904662944,10.0,4.843467359895243,3.325334765376331,1
Hog_public_Gerard,2016-09-18 10:00:00,0,normal,36.346,36.346,65.94458,9.749954832994687,10.0,0.543045642924409,2.334356131643004,10.0,7.716916319298107,3.325334765376331,1
Hog_public_Gerard,2016-09-18 11:00:00,1,spike,35.872,129.87319524148074,59.155563,10.0,10.0,0.7702196954621692,2.0385322995223305,10.0,7.810596382368641,3.325334765376331,1
Hog_public_Gerard,2016-09-18 12:00:00,0,normal,66.748,66.748,82.34771,5.3309919686737794,10.0,0.0,0.0,0.0,3.731694378071646,3.325334765376331,1
Hog_public_Gerard,2016-09-18 13:00:00,0,normal,80.189,80.189,75.75943,0.7046092675271323,10.0,0.0,0.0,0.0,0.49322648726899265,3.325334765376331,0
Hog_public_Gerard,2016-09-18 14:00:00,0,normal,80.274,80.274,80.39783,0.0,1.083162503074778,0.0,0.0,0.0,0.0,3.325334765376331,0
Hog_public_Gerard,2016-09-18 15:00:00,0,normal,81.708,81.708,84.14903,0.0,0.0,0.0,0.0,0.0,0.0,3.325334765376331,0
Hog_public_Gerard,2016-09-18 16:00:00,1,spike,84.344,0.01,83.838,10.0,10.0,0.8663433963138256,0.0,0.0,7.000000000000001,3.325334765376331,1
Hog_public_Gerard,2016-09-18 17:00:00,0,normal,84.62700000000002,84.62700000000002,51.219673,10.0,10.0,0.0,0.0,0.0,7.000000000000001,3.325334765376331,1
Hog_public_Gerard,2016-09-18 18:00:00,0,normal,81.185,81.185,66.489624,2.7051177828905795,10.0,0.0,0.0,0.0,1.8935824480234058,3.325334765376331,0
Hog_public_Gerard,2016-09-18 19:00:00,0,normal,59.742,59.742,76.72132,3.2545941088960113,0.6961821816950171,0.0,0.0,0.0,2.278215876227208,3.325334765376331,0
Hog_public_Gerard,2016-09-18 20:00:00,0,normal,57.085,57.085,61.272778,0.17717764098038397,7.002148399762027,0.0,0.0,0.0,0.12402434868626878,3.325334765376331,0
Hog_public_Gerard,2016-09-18 21:00:00,0,normal,58.139,58.139,48.762985,1.425374668845804,2.439146371687171,0.0,0.0,0.0,0.9977622681920629,3.325334765376331,0
Hog_public_Gerard,2016-09-18 22:00:00,0,normal,60.877,60.877,47.684547,2.3435413080645597,1.6158830169746676,0.6307762008511183,0.0,0.0,1.640478915645192,3.325334765376331,0
Hog_public_Gerard,2016-09-18 23:00:00,0,normal,41.731,41.731,43.772385,0.0,5.171491142663192,0.3498348127325546,0.0,0.0,0.0,3.325334765376331,0
Hog_public_Gerard,2016-09-19 00:00:00,0,normal,40.602,40.602,44.407364,0.4934761347630544,0.5564892719123965,0.0,0.0,0.0,0.3454332943341381,3.325334765376331,0
Hog_public_Gerard,2016-09-19 01:00:00,0,normal,45.655,45.655,42.036568,0.4166375968689636,0.0,0.0,0.0,0.0,0.29164631780827455,3.325334765376331,0
Hog_public_Gerard,2016-09-19 02:00:00,0,normal,41.055,41.055,42.442825,0.0,0.3648149453835796,0.10986106066936259,0.0,0.0,0.0,3.325334765376331,0
Hog_public_Gerard,2016-09-19 03:00:00,0,normal,38.939,38.939,41.368958,0.0,0.0,0.06534043680259526,0.0,0.0,0.0,3.325334765376331,0
Hog_public_Gerard,2016-09-19 04:00:00,0,normal,31.436,31.436,39.465275,2.409831002424063,5.336851297481234,0.0,0.0722794300541481,0.004191276166749393,1.7068633268659035,3.325334765376331,0
Hog_public_Gerard,2016-09-19 05:00:00,0,normal,29.257,29.257,38.728706,3.0637224315686806,0.9566464633192444,0.0,0.6632580779451898,1.104639928693602,2.3546176717503435,3.325334765376331,0
Hog_public_Gerard,2016-09-19 06:00:00,0,normal,29.945,29.945,39.280872,2.2060104213185237,1.4650784778633523,0.0,0.3636174382112604,1.6823504915829561,1.686260852720637,3.325334765376331,0
Hog_public_Gerard,2016-09-19 07:00:00,0,normal,36.521,36.521,49.688923,3.6327089956352085,2.8844198586392142,0.773003970931207,0.28792231198891877,2.925789362847472,2.6952196668127852,3.325334765376331,0
Hog_public_Gerard,2016-09-19 08:00:00,0,normal,68.223,68.223,71.685555,0.019334095285612123,8.339100850963233,0.0,0.6269862142429018,3.361166639947317,0.26998424161540907,3.325334765376331,0
Hog_public_Gerard,2016-09-19 09:00:00,0,normal,83.554,83.554,86.16442,0.0,0.0,0.0,0.0,2.561659561573209,0.06404148903932999,3.325334765376331,0
Hog_public_Gerard,2016-09-19 10:00:00,0,normal,85.97200000000002,85.97200000000002,88.88367,0.0,0.0,0.0,0.0,1.259595730094246,0.03148989325235604,3.325334765376331,0
Hog_public_Gerard,2016-09-19 11:00:00,0,normal,87.652,87.652,90.73719,0.0,0.0,0.0,0.0,0.5579378650023525,0.013948446625058763,3.325334765376331,0
Hog_public_Gerard,2016-09-19 12:00:00,0,normal,89.649,89.649,91.60785,0.0,0.0,0.24070288484093738,0.0,0.0,0.0,3.325334765376331,0
Hog_public_Gerard,2016-09-19 13:00:00,0,normal,88.944,88.944,91.41025,0.0,0.0,0.35716764287515834,0.0,0.0,0.0,3.325334765376331,0
Hog_public_Gerard,2016-09-19 14:00:00,0,normal,87.516,87.516,90.19964,0.0,0.0,0.788984446028074,0.05511381458747463,0.0,0.01515629901155552,3.325334765376331,0
Hog_public_Gerard,2016-09-19 15:00:00,0,normal,88.04,88.04,87.72615,0.0,0.0,0.7527403021626727,1.548022697883182,0.0,0.425706241917875,3.325334765376331,0
Hog_public_Gerard,2016-09-19 16:00:00,0,normal,85.619,85.619,86.84831,0.0,0.0,0.9925527157394357,2.1959767642279804,0.0,0.6038936101626945,3.325334765376331,0
Hog_public_Gerard,2016-09-19 17:00:00,0,normal,86.73299999999998,86.73299999999998,86.08993,0.0,0.0,0.5751679111152134,1.9727867715875858,0.0,0.542516362186586,3.325334765376331,0
Hog_public_Gerard,2016-09-19 18:00:00,0,normal,81.182,81.182,84.955894,0.07760477681627657,0.0,0.6131095361444842,1.9114407251271235,0.0,0.5799695431813525,3.325334765376331,0
Hog_public_Gerard,2016-09-19 19:00:00,0,normal,83.479,83.479,84.23939,0.0,0.0,0.0,1.139428567051316,0.9807151358442063,0.33786073433521696,3.325334765376331,0
Hog_public_Gerard,2016-09-19 20:00:00,0,normal,83.06299999999997,83.06299999999997,83.05168,0.0,0.0,0.0,1.2203177847650881,6.659954553380461,0.5020862546449101,3.325334765376331,0
Hog_public_Gerard,2016-09-19 21:00:00,0,normal,83.98299999999998,83.98299999999998,75.51451,1.5570688421199796,3.209629499080586,0.6261747108398463,1.273346040551032,10.0,1.6901183506355186,3.325334765376331,0
Hog_public_Gerard,2016-09-19 22:00:00,0,normal,63.402,63.402,66.38187,0.0,3.209629499080586,1.16226182770347,1.6150901807377358,10.0,0.6941497997028764,3.325334765376331,0
Hog_public_Gerard,2016-09-19 23:00:00,0,normal,47.746,47.746,49.621887,0.0,0.0,0.0,0.0,5.400322913781297,0.13500807284453195,3.325334765376331,0
Hog_public_Gerard,2016-09-20 00:00:00,0,normal,44.18899999999999,44.18899999999999,46.80223,0.0,0.0,0.0,0.0,1.9605671579621773,0.04901417894905426,3.325334765376331,0
Hog_public_Gerard,2016-09-20 01:00:00,0,normal,42.94600000000001,42.94600000000001,45.353386,0.0,0.0,0.0,0.0,0.8377991016244455,0.020944977540611063,3.325334765376331,0
Hog_public_Gerard,2016-09-20 02:00:00,0,normal,39.881,39.881,43.33007,0.33350623861998224,0.15744312985317627,0.08081450241841583,0.0,0.34881604976883906,0.24217476827820852,3.325334765376331,0
Hog_public_Gerard,2016-09-20 03:00:00,0,normal,38.733,38.733,39.100716,0.0,0.15744312985317627,0.1771752917949262,0.0,0.038726427601342976,0.000968160690033571,3.325334765376331,0
Hog_public_Gerard,2016-09-20 04:00:00,0,normal,36.914,36.914,35.520027,0.0,0.0,0.19193084264639404,0.0,0.0,0.0,3.325334765376331,0
Hog_public_Gerard,2016-09-20 05:00:00,0,normal,30.353,30.353,33.40904,0.15533471644584762,0.0,0.47302142468051755,0.7210843383020226,0.0,0.3070324945451495,3.325334765376331,0
Hog_public_Gerard,2016-09-20 06:00:00,0,normal,29.681,29.681,33.198242,0.03969469302921782,0.0,0.0,0.47154930091412545,0.0,0.15746234287183697,3.325334765376331,0
Hog_public_Gerard,2016-09-20 07:00:00,0,normal,35.521,35.521,39.124817,0.07192704745597882,0.0,0.0,0.39001392134347007,0.0,0.15760276158863942,3.325334765376331,0
Hog_public_Gerard,2016-09-20 08:00:00,0,normal,65.533,65.533,76.4706,2.8023431889025194,6.136553404020225,0.0,0.638991196137458,0.19556311959535988,2.1422518891594486,3.325334765376331,0
Hog_public_Gerard,2016-09-20 09:00:00,0,normal,80.389,80.389,86.87922,1.1465542757812355,3.4558874790298266,0.0,0.0,0.7228307799656464,0.820658762546006,3.325334765376331,0
Hog_public_Gerard,2016-09-20 10:00:00,0,normal,85.01299999999998,85.01299999999998,88.43745,0.005146260192213204,2.172760355376335,0.0,0.0,0.8916564945529994,0.02589379449837415,3.325334765376331,0
Hog_public_Gerard,2016-09-20 11:00:00,1,spike,88.541,187.21323507825963,89.10008,10.0,10.0,0.0,0.0,0.19134521513831063,7.0047836303784585,3.325334765376331,1
Hog_public_Gerard,2016-09-20 12:00:00,0,normal,92.158,92.158,91.06476,0.0,10.0,0.0,0.0,0.0,0.0,3.325334765376331,0
Hog_public_Gerard,2016-09-20 13:00:00,0,normal,93.274,93.274,88.61368,0.7939849969069487,1.3061109506429813,0.0,0.0,0.0,0.5557894978348641,3.325334765376331,0
Hog_public_Gerard,2016-09-20 14:00:00,0,normal,90.005,90.005,87.56258,0.0,1.3061109506429813,0.0,0.0,0.0,0.0,3.325334765376331,0
Hog_public_Gerard,2016-09-20 15:00:00,0,normal,95.177,95.177,90.266266,0.9038949682782705,1.5802822235325944,0.6684769457134222,0.0,0.0,0.6327264777947894,3.325334765376331,0
Hog_public_Gerard,2016-09-20 16:00:00,0,normal,85.309,85.309,90.9616,1.2111571303641488,0.09197707814383034,0.3412336668550319,0.0,0.0,0.8478099912549043,3.325334765376331,0
Hog_public_Gerard,2016-09-20 17:00:00,0,normal,90.664,90.664,91.04316,0.0,2.34675006115302,0.0,0.0,0.0,0.0,3.325334765376331,0
Hog_public_Gerard,2016-09-20 18:00:00,0,normal,87.867,87.867,89.89177,0.0,0.0,0.0,1.389720501970055,0.0,0.38217313804176506,3.325334765376331,0
Hog_public_Gerard,2016-09-20 19:00:00,0,normal,87.97200000000002,87.97200000000002,87.65323,0.0,0.0,0.3273092104641317,1.330054715919879,0.0,0.3657650468779667,3.325334765376331,0
Hog_public_Gerard,2016-09-20 20:00:00,0,normal,87.839,87.839,86.95365,0.0,0.0,0.7088731136884624,1.4074426353525502,0.0,0.3870467247219513,3.325334765376331,0
Hog_public_Gerard,2016-09-20 21:00:00,1,spike,84.315,175.52425067244044,85.74272,10.0,10.0,1.5636177132670817,1.391944477385705,0.09461016353655076,7.385149985369483,3.325334765376331,1
Hog_public_Gerard,2016-09-20 22:00:00,0,normal,65.748,65.748,86.06131,4.0566921290764135,10.0,0.0,0.0,0.0,2.83968449035349,3.325334765376331,0
Hog_public_Gerard,2016-09-20 23:00:00,0,normal,51.464,51.464,60.01553,1.5842273474560171,5.493091743674511,0.0,0.0,0.0,1.108959143219212,3.325334765376331,0
Hog_public_Gerard,2016-09-21 00:00:00,0,normal,41.262,41.262,47.92443,1.7902053755677887,0.0,0.0,0.0,0.6039059113303511,1.268241410680711,3.325334765376331,0
Hog_public_Gerard,2016-09-21 01:00:00,0,normal,43.669,43.669,59.13437,5.780804267724066,9.280089013436038,0.0,0.0,0.198158375417247,4.051516946792278,3.325334765376331,1
Hog_public_Gerard,2016-09-21 02:00:00,0,normal,39.67,39.67,54.517624,5.500764526521846,0.0240705388945926,0.0,0.0,0.0,3.8505351685652927,3.325334765376331,1
Hog_public_Gerard,2016-09-21 03:00:00,0,normal,40.039,40.039,42.676903,0.0,10.0,0.6571584767277242,0.0,0.0,0.0,3.325334765376331,0
Hog_public_Gerard,2016-09-21 04:00:00,0,normal,37.869,37.869,40.600853,0.00837303175055205,0.0,0.5918138869720425,0.2966197219992354,0.0,0.08743154577517617,3.325334765376331,0
Hog_public_Gerard,2016-09-21 05:00:00,0,normal,30.849,30.849,38.196884,2.100939041603636,4.545431321921169,0.9840521659101734,1.145385113009997,0.0,1.7856382352002944,3.325334765376331,0
Hog_public_Gerard,2016-09-21 06:00:00,0,normal,30.887,30.887,36.30648,0.7479109679738626,2.70064822540398,0.0,1.274370498636503,0.0,0.8739895647067422,3.325334765376331,0
Hog_public_Gerard,2016-09-21 07:00:00,0,normal,36.481,36.481,59.70656,7.377235292824246,10.0,0.12616287859066147,1.0558732436488663,0.0,5.4544298469804104,3.325334765376331,1
Hog_public_Gerard,2016-09-21 08:00:00,0,normal,68.445,68.445,84.2727,4.622961223651583,6.196067189089652,0.302138999004567,1.3385468410962835,0.0,3.6041732378575864,3.325334765376331,1
Hog_public_Gerard,2016-09-21 09:00:00,0,normal,84.26799999999999,84.26799999999999,90.08211,0.8948333446999804,8.625353042813003,0.0,0.0,0.0,0.6263833412899864,3.325334765376331,0
Hog_public_Gerard,2016-09-21 10:00:00,0,normal,87.50399999999998,87.50399999999998,91.778336,0.3215657280837995,0.7555297399652184,0.0,0.0,3.253424829301106,0.30643163039118704,3.325334765376331,0
Hog_public_Gerard,2016-09-21 11:00:00,0,normal,91.782,91.782,90.416405,0.0,0.12765743405313848,0.0,0.0,2.351485490697301,0.058787137267432316,3.325334765376331,0
Hog_public_Gerard,2016-09-21 12:00:00,0,normal,93.254,93.254,90.841385,0.0,0.0,0.0160816101446547,0.0,0.6883574991208699,0.017208937478021685,3.325334765376331,0
Hog_public_Gerard,2016-09-21 13:00:00,0,normal,95.383,95.383,91.970276,0.26353526534145033,0.0,0.20551661519619308,0.0,0.31980625265589707,0.19246984205541265,3.325334765376331,0
Hog_public_Gerard,2016-09-21 14:00:00,0,normal,92.316,92.316,91.54396,0.0,0.0,0.5876213035676846,0.12546323835104434,0.08091597425898044,0.036525289903011696,3.325334765376331,0
Hog_public_Gerard,2016-09-21 15:00:00,0,normal,90.365,90.365,90.9322,0.0,0.0,0.6859420426933389,1.1096535347951668,0.03439631938521311,0.30601463005330115,3.325334765376331,0
Hog_public_Gerard,2016-09-21 16:00:00,0,normal,91.276,91.276,90.35825,0.0,0.0,0.33677962152551505,1.628963453686488,0.07550353561456104,0.44985253815414816,3.325334765376331,0
Hog_public_Gerard,2016-09-21 17:00:00,0,normal,92.17,92.17,90.203094,0.0,0.0,0.9689142541063482,2.121568954197158,0.2721723133986427,0.5902357702391844,3.325334765376331,0
Hog_public_Gerard,2016-09-21 18:00:00,0,normal,90.054,90.054,87.89297,0.0,0.0,1.0093610383113865,2.1354178896964444,0.8371087765893843,0.6081676390812566,3.325334765376331,0
Hog_public_Gerard,2016-09-21 19:00:00,0,normal,87.118,87.118,87.76738,0.0,0.0,0.9252534489157731,2.0223502261812887,2.219754817224377,0.6116401826304636,3.325334765376331,0
Hog_public_Gerard,2016-09-21 20:00:00,0,normal,86.947,86.947,87.83433,0.0,0.0,0.33906045964277487,2.0278040866763978,7.8065373058250795,0.7528095564816356,3.325334765376331,0
Hog_public_Gerard,2016-09-21 21:00:00,0,normal,91.179,91.179,83.09337,1.4318551793578984,2.8972830497609925,0.6149924106363129,1.8875996851785313,10.0,1.7713885389746242,3.325334765376331,0
Hog_public_Gerard,2016-09-21 22:00:00,0,normal,65.883,65.883,67.61429,0.0,2.8972830497609925,0.16578669288203032,1.5155046137234325,10.0,0.6667637687739429,3.325334765376331,0
Hog_public_Gerard,2016-09-21 23:00:00,0,normal,46.727,46.727,50.712166,0.09079636182135117,0.0,0.0,0.0,5.182399688323258,0.1931174454830268,3.325334765376331,0
Hog_public_Gerard,2016-09-22 00:00:00,0,normal,42.166,42.166,45.07652,0.08936695921070192,0.0,0.0,0.0,1.6521661909343097,0.10386102622084895,3.325334765376331,0
Hog_public_Gerard,2016-09-22 01:00:00,0,normal,44.724,44.724,45.09351,0.0,0.0,0.0,0.0,0.5247593761057012,0.013118984402642484,3.325334765376331,0
Hog_public_Gerard,2016-09-22 02:00:00,0,normal,40.52,40.52,45.385017,0.9753914928951329,1.7586308566621947,0.20581878419693383,0.0,0.13277479122276634,0.6860934148071622,3.325334765376331,0
Hog_public_Gerard,2016-09-22 03:00:00,0,normal,40.233,40.233,42.050034,0.0,1.7586308566621947,0.26523310028072034,0.0,0.0,0.0,3.325334765376331,0
Hog_public_Gerard,2016-09-22 04:00:00,0,normal,37.581,37.581,37.761093,0.0,0.0,0.1274182726129384,0.0,0.0,0.0,3.325334765376331,0
Hog_public_Gerard,2016-09-22 05:00:00,0,normal,31.557,31.557,33.341354,0.0,0.0,0.47195924736895756,1.0383854426377381,0.0,0.28555599672537796,3.325334765376331,0
Hog_public_Gerard,2016-09-22 06:00:00,0,normal,30.601,30.601,32.397194,0.0,0.0,0.0,0.6596305400470215,0.0,0.18139839851293088,3.325334765376331,0
Hog_public_Gerard,2016-09-22 07:00:00,0,normal,36.366,36.366,37.504562,0.0,0.0,0.0,0.4418841125743683,0.0,0.12151813095795128,3.325334765376331,0
Hog_public_Gerard,2016-09-22 08:00:00,0,normal,68.007,68.007,71.30827,0.0,0.0,0.0,0.739470663469419,0.14799537209342645,0.20705431675642585,3.325334765376331,0
Hog_public_Gerard,2016-09-22 09:00:00,0,normal,87.29700000000004,87.29700000000004,83.72861,0.058738423530386226,0.0,0.0,0.0,0.6444470792620854,0.057228073452822444,3.325334765376331,0
Hog_public_Gerard,2016-09-22 10:00:00,0,normal,87.04,87.04,85.856255,0.0,0.0,0.0,0.0,0.8472783447260169,0.021181958618150348,3.325334765376331,0
Hog_public_Gerard,2016-09-22 11:00:00,0,normal,87.56200000000004,87.56200000000004,86.4543,0.0,0.0,0.0,0.0,0.24819148165072166,0.006204787041268019,3.325334765376331,0
Hog_public_Gerard,2016-09-22 12:00:00,0,normal,88.023,88.023,87.52845,0.0,0.0,1.3557115539683349,0.0,0.0,0.0,3.325334765376331,0
Hog_public_Gerard,2016-09-22 13:00:00,0,normal,91.248,91.248,88.05207,0.17135916361099812,0.0,1.153152770049573,0.0,0.0,0.1199514145276987,3.325334765376331,0
Hog_public_Gerard,2016-09-22 14:00:00,0,normal,87.76,87.76,87.7722,0.0,0.0,0.292407212728375,0.0033006604005901843,0.0,0.0009076816101623006,3.325334765376331,0
Hog_public_Gerard,2016-09-22 15:00:00,0,normal,93.606,93.606,86.84986,1.6850777731855593,3.5289487667830457,0.3130667970138592,1.923319234811791,0.0,1.7084672308031341,3.325334765376331,0
Hog_public_Gerard,2016-09-22 16:00:00,0,normal,91.594,91.594,86.36117,1.0374030190755728,0.9411389194074407,0.0,1.2971749499971976,0.0,1.0829052246021302,3.325334765376331,0
Hog_public_Gerard,2016-09-22 17:00:00,0,normal,88.08200000000002,88.08200000000002,84.59178,0.29648403099081383,1.1737373815807348,0.0,1.3434344006538506,0.0,0.5769832818733786,3.325334765376331,0
Hog_public_Gerard,2016-09-22 18:00:00,0,normal,84.723,84.723,83.41731,0.0,0.06509094684167975,0.01968100322468621,1.3810462192984865,0.0,0.37978771030708375,3.325334765376331,0
Hog_public_Gerard,2016-09-22 19:00:00,0,normal,86.34100000000002,86.34100000000002,83.25139,0.0,0.0,0.0,1.0248677219084337,1.00926224089154,0.3070701795471076,3.325334765376331,0
Hog_public_Gerard,2016-09-22 20:00:00,0,normal,84.925,84.925,83.1567,0.0,0.0,0.41826709562220277,0.9902382200804508,6.1788798943209935,0.42678750788014824,3.325334765376331,0
Hog_public_Gerard,2016-09-22 21:00:00,0,normal,85.665,85.665,80.50301,0.47567596423063735,0.5120866089725865,0.853834708897383,0.8685099665702493,10.0,0.8218134157682638,3.325334765376331,0
Hog_public_Gerard,2016-09-22 22:00:00,0,normal,62.87300000000001,62.87300000000001,61.108395,0.0,0.5120866089725865,0.9701621909523057,1.2745841904483028,10.0,0.6005106523732824,3.325334765376331,0
Hog_public_Gerard,2016-09-22 23:00:00,0,normal,46.312,46.312,48.779533,0.0,0.0,0.0,0.0,4.75772633710706,0.11894315842767608,3.325334765376331,0
Hog_public_Gerard,2016-09-23 00:00:00,0,normal,40.581,40.581,42.260323,0.0,0.0,0.0,0.0,1.57857605995246,0.03946440149881136,3.325334765376331,0
Hog_public_Gerard,2016-09-23 01:00:00,0,normal,43.859,43.859,41.68528,0.0,0.0,0.0,0.0,0.4406249004456012,0.01101562251113999,3.325334765376331,0
Hog_public_Gerard,2016-09-23 02:00:00,0,normal,38.757,38.757,42.848007,0.6245127066438892,0.8833610130239027,0.0,0.0,0.062101832490081,0.4387114404629745,3.325334765376331,0
Hog_public_Gerard,2016-09-23 03:00:00,0,normal,38.458,38.458,39.641838,0.0,0.8833610130239027,0.07538607752861881,0.0,0.0,0.0,3.325334765376331,0
Hog_public_Gerard,2016-09-23 04:00:00,0,normal,35.382,35.382,36.482292,0.0,0.0,0.0,0.0,0.0,0.0,3.325334765376331,0
Hog_public_Gerard,2016-09-23 05:00:00,0,normal,30.983,30.983,32.38678,0.0,0.0,0.34218560766515893,0.7867517305697347,0.0,0.216356725906677,3.325334765376331,0
Hog_public_Gerard,2016-09-23 06:00:00,0,normal,28.82800000000001,28.82800000000001,32.558075,0.11893378383922094,0.0,0.0,0.6593058561511915,0.0,0.2645627591290323,3.325334765376331,0
Hog_public_Gerard,2016-09-23 07:00:00,0,normal,35.549,35.549,37.858616,0.0,0.0,0.0,0.41718467317210595,0.0,0.11472578512232912,3.325334765376331,0
Hog_public_Gerard,2016-09-23 08:00:00,0,normal,67.072,67.072,68.116714,0.0,0.0,0.0,0.7845051976003193,0.25267588194662577,0.2220558263887534,3.325334765376331,0
Hog_public_Gerard,2016-09-23 09:00:00,0,normal,84.323,84.323,83.61287,0.0,0.0,0.0,0.0,0.791049278010478,0.019776231950261878,3.325334765376331,0
Hog_public_Gerard,2016-09-23 10:00:00,0,normal,85.255,85.255,86.47471,0.0,0.0,0.0,0.0,0.8420515189936518,0.02105128797484122,3.325334765376331,0
Hog_public_Gerard,2016-09-23 11:00:00,0,normal,87.51899999999998,87.51899999999998,88.63726,0.0,0.0,0.0,0.0,0.20001595352267257,0.005000398838066796,3.325334765376331,0
Hog_public_Gerard,2016-09-23 12:00:00,0,normal,87.81299999999996,87.81299999999996,89.69406,0.0,0.0,0.4415430286460795,0.0,0.0,0.0,3.325334765376331,0
Hog_public_Gerard,2016-09-23 13:00:00,0,normal,87.89399999999998,87.89399999999998,89.281784,0.0,0.0,0.5593696821435892,0.0,0.0,0.0,3.325334765376331,0
Hog_public_Gerard,2016-09-23 14:00:00,0,normal,88.90799999999999,88.90799999999999,88.508026,0.0,0.0,1.4103567756770388,0.025183434495136447,0.0,0.006925444486162522,3.325334765376331,0
Hog_public_Gerard,2016-09-23 15:00:00,0,normal,91.168,91.168,87.84816,0.22404317761693474,0.0,1.0517178614627547,1.7692854316726125,0.0,0.6433837180418227,3.325334765376331,0
Hog_public_Gerard,2016-09-23 16:00:00,0,normal,91.886,91.886,86.848366,0.9544094031986124,1.1474134339727702,0.4201766824980742,1.6562914869338794,0.0,1.1235667411458454,3.325334765376331,0
Hog_public_Gerard,2016-09-23 17:00:00,0,normal,91.397,91.397,85.64101,1.25983914553861,0.08740609292813153,0.4773105568118517,1.6900175102523187,0.0,1.3466422171964147,3.325334765376331,0
Hog_public_Gerard,2016-09-23 18:00:00,0,normal,86.125,86.125,83.1596,0.0,2.4681877241847117,1.2529273447297298,1.7136944717194917,0.0,0.47126597972286016,3.325334765376331,0
Hog_public_Gerard,2016-09-23 19:00:00,0,normal,48.54,48.54,68.37551,5.274657721904901,10.0,0.0,1.4537348945827113,1.005207964163787,4.117167700447771,3.325334765376331,1
Hog_public_Gerard,2016-09-23 20:00:00,0,normal,40.183,40.183,43.989403,0.03233183580983023,10.0,0.0,0.0,2.048932987009443,0.07385560974211705,3.325334765376331,0
Hog_public_Gerard,2016-09-23 21:00:00,0,normal,39.636,39.636,41.05388,0.0,0.0,0.0,0.0,0.7019568118925892,0.01754892029731467,3.325334765376331,0
Hog_public_Gerard,2016-09-23 22:00:00,0,normal,40.066,40.066,42.986526,0.0,0.0,0.0,0.0,0.0010739052004723197,2.68476300118079e-05,3.325334765376331,0
Hog_public_Gerard,2016-09-23 23:00:00,0,normal,39.908,39.908,42.608833,0.0,0.0,1.3297306270415064,0.0,0.0,0.0,3.325334765376331,0
Hog_public_Gerard,2016-10-02 00:00:00,0,normal,43.465,43.465,39.912575,0.38035960666363927,0.27431921848663,1.365526229688697,0.0,0.0,0.2662517246645475,3.325334765376331,0
Hog_public_Gerard,2016-10-02 01:00:00,0,normal,39.075,39.075,38.059387,0.0,0.27431921848663,1.11349560020784,0.8443470938147619,0.0,0.2321954507990595,3.325334765376331,0
Hog_public_Gerard,2016-10-02 02:00:00,0,normal,37.76300000000001,37.76300000000001,35.9685,0.0,0.0,0.0,1.4493667330750333,0.0,0.3985758515956341,3.325334765376331,0
Hog_public_Gerard,2016-10-02 03:00:00,0,normal,38.045,38.045,35.276703,0.02489410631705744,0.0,0.0,0.9811864755556358,0.0,0.28725215519974,3.325334765376331,0
Hog_public_Gerard,2016-10-02 04:00:00,0,normal,39.455,39.455,35.74229,0.8073228379352477,1.2772837575818097,0.9130068659611301,0.873360689676281,0.0,0.8053001762156508,3.325334765376331,0
Hog_public_Gerard,2016-10-02 05:00:00,0,normal,39.893,39.893,36.89161,0.4165597330504993,0.3002708251898098,0.7475344146035543,1.0197275526768417,0.4066723908059736,0.5821836998916303,3.325334765376331,0
Hog_public_Gerard,2016-10-02 06:00:00,0,normal,39.486,39.486,37.733677,0.0,0.36462071348674585,0.7013315332300899,1.3878550807441288,1.385408015021513,0.41629534758017306,3.325334765376331,0
Hog_public_Gerard,2016-10-02 07:00:00,0,normal,40.537,40.537,37.627663,0.4122897840984025,0.35396929283069856,1.3229706186688002,2.380560793158524,8.495631220766695,1.1556478475066425,3.325334765376331,0
Hog_public_Gerard,2016-10-02 08:00:00,1,stuck,39.342,39.342,35.80278,0.7346231284250928,0.12957225870260627,1.0358450519010578,2.1334564838126298,10.0,1.3509367229460372,3.325334765376331,0
Hog_public_Gerard,2016-10-02 09:00:00,1,stuck,37.63800000000001,39.342,36.054817,0.0,1.1580323110099,0.9250323662782054,2.4091185411500464,10.0,0.9125075988162618,3.325334765376331,0
Hog_public_Gerard,2016-10-02 10:00:00,1,stuck,36.059,39.342,38.658752,0.0,0.0,0.888483243941807,2.880779115832299,10.0,1.0422142568538812,3.325334765376331,0
Hog_public_Gerard,2016-10-02 11:00:00,1,stuck,34.902,39.342,51.4456,3.2364538007009744,7.398868255319234,1.6182733230822333,2.860183681527648,10.0,3.3020681729107846,3.325334765376331,0
Hog_public_Gerard,2016-10-02 12:00:00,1,stuck,66.72399999999999,39.342,57.90042,6.703134848591194,7.9731719024605425,1.6182733230822333,2.849885477916591,10.0,5.725912900440898,3.325334765376331,1
Hog_public_Gerard,2016-10-02 13:00:00,1,stuck,83.126,39.342,57.28358,6.440868613107516,0.0,1.6182733230822333,2.805589449445572,10.0,5.530145127772793,3.325334765376331,1
Hog_public_Gerard,2016-10-02 14:00:00,1,stuck,83.214,39.342,59.536156,7.23389260274914,1.3037137105936687,1.6182733230822333,3.7655166714953694,10.0,6.3492419065856245,3.325334765376331,1
Hog_public_Gerard,2016-10-02 15:00:00,1,stuck,82.28,39.342,55.278122,5.470325232882941,3.724741672213084,1.6182733230822333,3.7655166714953676,10.0,5.114744747679285,3.325334765376331,1
Hog_public_Gerard,2016-10-02 16:00:00,1,stuck,82.169,39.342,51.858723,4.054098562856285,2.858297612468523,1.6182733230822333,3.765516671495365,10.0,4.123386078660624,3.325334765376331,1
Hog_public_Gerard,2016-10-02 17:00:00,1,stuck,80.054,39.342,54.60482,5.191461097099319,2.162668870898247,1.6182733230822333,3.7655166714953596,10.0,4.919539852630747,3.325334765376331,1
Hog_public_Gerard,2016-10-02 18:00:00,1,stuck,78.67399999999998,39.342,47.739372,1.5338101190510085,8.449547868915811,1.6182733230822333,3.76551667149535,10.0,2.3591841679969265,3.325334765376331,0
Hog_public_Gerard,2016-10-02 19:00:00,1,stuck,57.733,39.342,42.78682,0.0,3.151610434658642,1.6182733230822333,3.7655166714952735,10.0,1.2855170846611992,3.325334765376331,0
Hog_public_Gerard,2016-10-02 20:00:00,0,normal,59.956,59.956,40.625145,5.109609746854699,10.0,1.6182733230822333,3.7655166714952095,10.0,4.862243907459471,3.325334765376331,1
Hog_public_Gerard,2016-10-02 21:00:00,0,normal,61.627,61.627,43.443726,4.734293074206597,0.2617395806167665,0.0,0.0,0.0,3.3140051519446185,3.325334765376331,0
Hog_public_Gerard,2016-10-02 22:00:00,0,normal,61.081,61.081,43.90376,4.40526946966169,0.14626116451438595,0.0,0.0,0.0,3.083688628763183,3.325334765376331,0
Hog_public_Gerard,2016-10-02 23:00:00,0,normal,47.773,47.773,40.75425,1.082931336100051,7.613107387291454,0.004464335168663221,0.0,0.0,0.7580519352700358,3.325334765376331,0
Hog_public_Gerard,2016-10-03 00:00:00,0,normal,38.659,38.659,40.243916,0.0,2.026889826526097,0.0,0.0,0.0,0.0,3.325334765376331,0
Hog_public_Gerard,2016-10-03 01:00:00,0,normal,40.992,40.992,37.312664,0.437891517030632,0.41783301346160756,0.0,0.0,0.0,0.30652406192144244,3.325334765376331,0
Hog_public_Gerard,2016-10-03 02:00:00,0,normal,41.67,41.67,38.280495,0.30650380350993467,0.0,0.0,0.0,0.0,0.21455266245695429,3.325334765376331,0
Hog_public_Gerard,2016-10-03 03:00:00,0,normal,39.351,39.351,36.945312,0.0,0.09008534681609852,0.0,0.0,0.0,0.0,3.325334765376331,0
Hog_public_Gerard,2016-10-03 04:00:00,0,normal,32.576,32.576,35.30094,0.005239870959057711,0.0,0.0,0.0,0.0,0.0036679096713403978,3.325334765376331,0
Hog_public_Gerard,2016-10-03 05:00:00,0,normal,30.525,30.525,33.73488,0.22507435513420548,0.0,0.0,0.0,0.0,0.15755204859394387,3.325334765376331,0
Hog_public_Gerard,2016-10-03 06:00:00,0,normal,30.95300000000001,30.95300000000001,34.796394,0.8902800684836613,0.9848700326967242,0.0,0.0,0.0,0.623196047938563,3.325334765376331,0
Hog_public_Gerard,2016-10-03 07:00:00,0,normal,37.708,37.708,39.850437,0.01983961133859614,1.4968296869988262,0.0,0.0,0.0,0.0138877279370173,3.325334765376331,0
Hog_public_Gerard,2016-10-03 08:00:00,0,normal,67.694,67.694,53.41961,6.228193050429297,10.0,0.0,0.0,0.0,4.359735135300508,3.325334765376331,1
Hog_public_Gerard,2016-10-03 09:00:00,0,normal,83.406,83.406,80.39762,0.0,10.0,0.0,0.0,0.0,0.0,3.325334765376331,0
Hog_public_Gerard,2016-10-03 10:00:00,0,normal,85.02799999999998,85.02799999999998,85.14157,0.0,0.0,0.0,0.0,0.0,0.0,3.325334765376331,0
Hog_public_Gerard,2016-10-03 11:00:00,0,normal,91.494,91.494,85.61867,0.9176277756130343,1.6145388175462512,0.0,0.0,0.0,0.642339442929124,3.325334765376331,0
Hog_public_Gerard,2016-10-03 12:00:00,0,normal,92.345,92.345,87.61765,0.8224825108684258,0.0,0.0,0.0,0.0,0.5757377576078981,3.325334765376331,0
Hog_public_Gerard,2016-10-03 13:00:00,0,normal,91.407,91.407,88.300446,0.1333590095808058,1.0445331395276425,0.0,0.0,0.0,0.09335130670656407,3.325334765376331,0
Hog_public_Gerard,2016-10-03 14:00:00,0,normal,90.414,90.414,88.96675,0.0,0.0,1.064071274743039,0.0,0.0,0.0,3.325334765376331,0
Hog_public_Gerard,2016-10-03 15:00:00,0,normal,88.296,88.296,88.54192,0.0,0.0,0.7505302488039391,0.7315594926929673,0.0,0.20117886049056596,3.325334765376331,0
Hog_public_Gerard,2016-10-03 16:00:00,0,normal,86.83,86.83,89.76128,0.08405474617629626,0.0,0.42368108257227116,1.169226380979092,0.0,0.38037557709265757,3.325334765376331,0
Hog_public_Gerard,2016-10-03 17:00:00,0,normal,85.556,85.556,87.89103,0.0,0.0,0.3418008290079564,1.4987266541886715,0.0,0.4121498299018846,3.325334765376331,0
Hog_public_Gerard,2016-10-03 18:00:00,0,normal,84.545,84.545,85.9632,0.0,0.0,0.5532146152484734,1.2272525717206229,0.0,0.33749445722317123,3.325334765376331,0
Hog_public_Gerard,2016-10-03 19:00:00,0,normal,83.677,83.677,85.61646,0.0,0.0,0.6783479055563948,1.2149640559571502,1.049139669057609,0.3603436071146564,3.325334765376331,0
Hog_public_Gerard,2016-10-03 20:00:00,0,normal,89.024,89.024,83.958496,0.44412133217362476,0.43337333547525675,0.7996141982003035,1.3021724469287936,5.792084452876071,0.8137844667488568,3.325334765376331,0
Hog_public_Gerard,2016-10-03 21:00:00,0,normal,86.774,86.774,81.45448,0.5271963987793495,0.0,0.0,1.539442074175604,10.0,1.0423840495438348,3.325334765376331,0
Hog_public_Gerard,2016-10-03 22:00:00,0,normal,64.83800000000001,64.83800000000001,60.816048,0.10282740006102029,0.3841009870394395,0.0510716845222959,1.680466519277559,10.0,0.784107472844042,3.325334765376331,0
Hog_public_Gerard,2016-10-03 23:00:00,0,normal,48.212,48.212,47.00913,0.0,0.0,0.0,0.0,5.282312751838669,0.13205781879596626,3.325334765376331,0
Hog_public_Gerard,2016-10-04 00:00:00,0,normal,39.064,39.064,44.66887,1.3107853185359601,2.595273346401355,0.0,0.0,1.943191172431527,0.9661295022859603,3.325334765376331,0
Hog_public_Gerard,2016-10-04 01:00:00,0,normal,41.394,41.394,42.328968,0.0,2.595273346401355,0.0,0.0,0.6029594823807299,0.015073987059518195,3.325334765376331,0
Hog_public_Gerard,2016-10-04 02:00:00,0,normal,41.407,41.407,42.045074,0.0,0.0,0.0,0.0,0.13636057653039055,0.0034090144132597516,3.325334765376331,0
Hog_public_Gerard,2016-10-04 03:00:00,0,normal,38.832,38.832,40.015526,0.0,0.0,0.5820800286882386,0.0,0.0,0.0,3.325334765376331,0
Hog_public_Gerard,2016-10-04 04:00:00,0,normal,32.108000000000004,32.108000000000004,35.450058,0.2849947064170018,0.036430737911210785,0.514738822361975,0.0,0.0,0.1994962944919013,3.325334765376331,0
Hog_public_Gerard,2016-10-04 05:00:00,0,normal,29.471,29.471,30.730194,0.0,0.036430737911210785,0.0,0.4717577862394301,0.0,0.12973339121584326,3.325334765376331,0
Hog_public_Gerard,2016-10-04 06:00:00,0,normal,29.586,29.586,31.054535,0.0,0.0,0.0,0.5117952955671948,0.0,0.14074370628097857,3.325334765376331,0
Hog_public_Gerard,2016-10-04 07:00:00,0,normal,34.524,34.524,35.96894,0.0,0.0,0.5167376190114149,0.3778810506042477,0.0,0.10391728891616811,3.325334765376331,0
Hog_public_Gerard,2016-10-04 08:00:00,0,normal,67.429,67.429,68.253815,0.0,0.0,0.0030202527009348668,0.5485872865614303,0.027666167014089183,0.15155315797974553,3.325334765376331,0
Hog_public_Gerard,2016-10-04 09:00:00,0,normal,82.88799999999998,82.88799999999998,85.04992,0.0,0.0,0.0,0.0,0.6267204196754642,0.01566801049188655,3.325334765376331,0
Hog_public_Gerard,2016-10-04 10:00:00,0,normal,80.165,80.165,86.895935,1.236174487092611,2.4091560508279994,0.0,0.0,0.8039836500613149,0.8854217322163607,3.325334765376331,0
Hog_public_Gerard,2016-10-04 11:00:00,0,normal,86.455,86.455,87.49335,0.0,2.4091560508279994,0.0,0.0,0.3506858430931163,0.008767146077327877,3.325334765376331,0
Hog_public_Gerard,2016-10-04 12:00:00,0,normal,88.32600000000002,88.32600000000002,87.94682,0.0,0.0,0.0,0.0,0.0,0.0,3.325334765376331,0
Hog_public_Gerard,2016-10-04 13:00:00,0,normal,91.134,91.134,88.79161,0.0,0.0,0.0,0.0,0.0,0.0,3.325334765376331,0
Hog_public_Gerard,2016-10-04 14:00:00,0,normal,88.3,88.3,90.16485,0.0,0.0,0.15017762593768175,0.0,0.0,0.0,3.325334765376331,0
Hog_public_Gerard,2016-10-04 15:00:00,0,normal,89.573,89.573,89.83322,0.0,0.0,0.4369436502921415,0.7538608738057773,0.0,0.20731174029658872,3.325334765376331,0
Hog_public_Gerard,2016-10-04 16:00:00,0,normal,87.822,87.822,90.370705,0.0,0.0,0.5401985684180337,0.8115935420150246,0.0,0.22318822405413175,3.325334765376331,0
Hog_public_Gerard,2016-10-04 17:00:00,0,normal,89.553,89.553,89.32729,0.0,0.0,0.8384882743885064,1.8787784925057236,0.0,0.5166640854390739,3.325334765376331,0
Hog_public_Gerard,2016-10-04 18:00:00,0,normal,86.338,86.338,87.424995,0.0,0.0,0.7784191186711631,2.188011610661223,0.0,0.6017031929318362,3.325334765376331,0
Hog_public_Gerard,2016-10-04 19:00:00,0,normal,87.287,87.287,86.471886,0.0,0.0,0.45551730307825494,1.8389200533321115,1.0123829480922244,0.5310125883686361,3.325334765376331,0
Hog_public_Gerard,2016-10-04 20:00:00,0,normal,87.572,87.572,84.98521,0.0,0.0,0.43955335305914445,2.146487680024353,6.2538944099754,0.7466314722560814,3.325334765376331,0
Hog_public_Gerard,2016-10-04 21:00:00,0,normal,87.988,87.988,83.68377,0.19514667002953692,0.0,1.0264378275352835,2.1296659971391265,10.0,0.9722608182339347,3.325334765376331,0
Hog_public_Gerard,2016-10-04 22:00:00,0,normal,67.95,67.95,64.17733,0.021299514872360394,0.0,1.2669734980287983,2.3477651023664476,10.0,0.9105450635614244,3.325334765376331,0
Hog_public_Gerard,2016-10-04 23:00:00,0,normal,52.908,52.908,52.97148,0.0,0.0,0.0,0.025770696246862557,6.735315867188223,0.17546983814759218,3.325334765376331,0
Hog_public_Gerard,2016-10-05 00:00:00,0,normal,47.768,47.768,46.192646,0.0,0.0,0.0,0.0,2.597614832717634,0.06494037081794062,3.325334765376331,0
Hog_public_Gerard,2016-10-05 01:00:00,0,normal,50.19,50.19,45.32934,0.9734153172594767,1.7537012712686106,0.0,0.0,1.1321216973524606,0.7096937645154452,3.325334765376331,0
Hog_public_Gerard,2016-10-05 02:00:00,0,normal,44.848,44.848,45.930023,0.0,1.7537012712686106,0.06043843560687208,0.0,0.6089430426723608,0.015223576066808965,3.325334765376331,0
Hog_public_Gerard,2016-10-05 03:00:00,0,normal,41.179,41.179,42.7466,0.0,0.0,0.022781376266780357,0.0,0.19655544137542047,0.004913886034385495,3.325334765376331,0
Hog_public_Gerard,2016-10-05 04:00:00,0,normal,32.253,32.253,37.073914,0.9553980932549854,1.7087571667654808,0.0,0.0,0.0,0.6687786652784898,3.325334765376331,0
Hog_public_Gerard,2016-10-05 05:00:00,0,normal,30.123,30.123,32.77877,0.0,1.7087571667654808,0.0,0.06976479595307691,0.0,0.01918531888709615,3.325334765376331,0
Hog_public_Gerard,2016-10-05 06:00:00,0,normal,29.778,29.778,32.822998,0.0,0.0,0.0,0.0,0.0,0.0,3.325334765376331,0
Hog_public_Gerard,2016-10-05 07:00:00,0,normal,35.335,35.335,39.290787,0.20296782481109238,0.0,0.5554648083687773,0.0,0.0,0.1420774773677647,3.325334765376331,0
Hog_public_Gerard,2016-10-05 08:00:00,0,normal,67.399,67.399,75.39803,1.7082960602027428,3.0805621557832135,0.0,0.23846493341256744,0.0,1.261385098830376,3.325334765376331,0
Hog_public_Gerard,2016-10-05 09:00:00,0,normal,79.343,79.343,86.399376,1.3573383397389285,0.2009759861649001,0.0,0.0,0.38216449122814256,0.9596909500979536,3.325334765376331,0
Hog_public_Gerard,2016-10-05 10:00:00,1,spike,83.82,186.8619563932976,87.70933,10.0,10.0,0.0,0.0,0.7327645016147629,7.01831911254037,3.325334765376331,1
Hog_public_Gerard,2016-10-05 11:00:00,0,normal,91.328,91.328,91.18873,0.0,10.0,0.0,0.0,0.0,0.0,3.325334765376331,0
Hog_public_Gerard,2016-10-05 12:00:00,0,normal,92.368,92.368,89.27289,0.12849386962362117,0.0,0.0,0.0,0.0,0.08994570873653482,3.325334765376331,0
Hog_public_Gerard,2016-10-05 13:00:00,0,normal,92.17,92.17,89.37703,3.0414261185001304e-05,0.0,0.0,0.0,0.0,2.1289982829500916e-05,3.325334765376331,0
Hog_public_Gerard,2016-10-05 14:00:00,0,normal,94.462,94.462,91.60879,0.025643867360038108,0.0,1.225147149435936,0.0,0.0,0.017950707152026676,3.325334765376331,0
Hog_public_Gerard,2016-10-05 15:00:00,0,normal,91.622,91.622,90.58482,0.0,0.0,0.8389788409660772,0.0,0.0,0.0,3.325334765376331,0
Hog_public_Gerard,2016-10-05 16:00:00,0,normal,92.615,92.615,90.26588,0.0,0.0,0.7339823504505938,0.0,0.0,0.0,3.325334765376331,0
Hog_public_Gerard,2016-10-05 17:00:00,0,normal,93.834,93.834,89.70924,0.5662748247585049,0.738086166641066,0.7642455571080835,2.616301025706754,0.0,1.1158751594003107,3.325334765376331,0
Hog_public_Gerard,2016-10-05 18:00:00,0,normal,87.19,87.19,88.00264,0.0,0.738086166641066,0.9211542493994104,2.6392432808420523,0.0,0.7257919022315643,3.325334765376331,0
Hog_public_Gerard,2016-10-05 19:00:00,0,normal,89.932,89.932,85.81154,0.13504479618637621,0.0,0.10214138112454056,1.7247876865772653,0.0,0.5688479711392113,3.325334765376331,0
Hog_public_Gerard,2016-10-05 20:00:00,0,normal,87.59,87.59,85.8559,0.0,0.0,0.15008882164371204,1.6688986698299257,0.0,0.4589471342032295,3.325334765376331,0
Hog_public_Gerard,2016-10-05 21:00:00,0,normal,86.435,86.435,85.166824,0.0,0.0,0.7499841389245923,1.6665244682393727,0.13535901370451933,0.4616782041084404,3.325334765376331,0
Hog_public_Gerard,2016-10-05 22:00:00,0,normal,63.806,63.806,78.31585,3.5328980205712317,8.13835065248965,0.6266603770259295,1.5132171544700048,0.17823913409868797,2.8936193102315806,3.325334765376331,0
Hog_public_Gerard,2016-10-05 23:00:00,0,normal,47.301,47.301,63.000046,3.9218251707742184,0.2956910220492403,0.0,0.0910564327232139,6.88855720174411,2.9425320685844394,3.325334765376331,0
Hog_public_Gerard,2016-10-06 00:00:00,0,normal,46.62300000000001,46.62300000000001,51.580925,1.0175089012782743,6.57034861721243,0.0,0.0,3.2187580626640537,0.7927251824613931,3.325334765376331,0
Hog_public_Gerard,2016-10-06 01:00:00,0,normal,49.50899999999999,49.50899999999999,51.025757,0.0,1.8636930573264603,0.0,0.0,2.075915843676918,0.05189789609192276,3.325334765376331,0
Hog_public_Gerard,2016-10-06 02:00:00,0,normal,42.762,42.762,51.049316,3.3203842961350256,7.608233524732943,0.7424517971303778,0.0,1.6302317048669377,2.3650247999161915,3.325334765376331,0
Hog_public_Gerard,2016-10-06 03:00:00,0,normal,43.72,43.72,45.0974,0.0,7.608233524732943,0.146305736064464,0.0,1.2943194803963836,0.032357987009909474,3.325334765376331,0
Hog_public_Gerard,2016-10-06 04:00:00,0,normal,34.942,34.942,43.434372,3.4330316099455986,7.889233119489448,0.08275830536040586,0.4269222633536228,1.1359090012734079,2.5489234744160005,3.325334765376331,0
Hog_public_Gerard,2016-10-06 05:00:00,0,normal,32.982,32.982,37.85772,1.4462226303960013,4.2816195926161615,0.0,0.8851240595724572,0.9815878741750061,1.2803046545140015,3.325334765376331,0
Hog_public_Gerard,2016-10-06 06:00:00,0,normal,33.037,33.037,39.812332,2.3906572136037108,1.681408606234566,0.0,0.6005609702129616,1.0304171542424838,1.8643747451872241,3.325334765376331,0
Hog_public_Gerard,2016-10-06 07:00:00,0,normal,38.181,38.181,44.437172,2.1249844141005503,0.0,0.9141790466181956,0.5400510172522119,1.1370217559225646,1.6644286635128078,3.325334765376331,0
Hog_public_Gerard,2016-10-06 08:00:00,0,normal,68.745,68.745,76.53566,2.9102365778904704,1.2843268309516085,0.2308878430292711,0.9575335151211951,1.6970419810559334,2.3429133707080565,3.325334765376331,0
Hog_public_Gerard,2016-10-06 09:00:00,0,normal,83.69,83.69,84.14394,0.0,6.585116872250388,0.0,0.0,2.467508619328951,0.06168771548322355,3.325334765376331,0
Hog_public_Gerard,2016-10-06 10:00:00,0,normal,87.624,87.624,83.89819,0.8301062446740598,1.3962156823166172,0.0,0.0,2.659942569064949,0.6475729354984654,3.325334765376331,0
Hog_public_Gerard,2016-10-06 11:00:00,0,normal,89.66799999999998,89.66799999999998,86.351364,0.0,1.3962156823166172,0.0,0.0,0.30104289518404426,0.00752607237960108,3.325334765376331,0
Hog_public_Gerard,2016-10-06 12:00:00,0,normal,91.866,91.866,87.450096,0.690064059719675,1.0468793698043508,0.0,0.0,0.0,0.48304484180377255,3.325334765376331,0
Hog_public_Gerard,2016-10-06 13:00:00,0,normal,90.948,90.948,87.7851,0.15731462593775528,0.6544568197902791,0.22954763384932367,0.0,0.0,0.1101202381564287,3.325334765376331,0
Hog_public_Gerard,2016-10-06 14:00:00,0,normal,91.895,91.895,87.094894,0.8534177330539849,1.0619438202003968,0.7093540175843448,0.0,0.0,0.5973924131377896,3.325334765376331,0
Hog_public_Gerard,2016-10-06 15:00:00,0,normal,90.217,90.217,86.98916,0.18492740149773212,0.9930635381947058,1.0991969809383693,1.0255732777576327,0.0,0.4114818324317615,3.325334765376331,0
Hog_public_Gerard,2016-10-06 16:00:00,0,normal,93.131,93.131,85.96908,1.8576073408867293,3.498022274576132,0.8725237733267414,1.8516179021856864,0.0,1.8095200617217744,3.325334765376331,0
Hog_public_Gerard,2016-10-06 17:00:00,0,normal,89.62100000000002,89.62100000000002,84.70351,0.9033283660812248,1.7059655171455221,0.509426786038011,2.127417024645933,0.0,1.217369538034489,3.325334765376331,0
Hog_public_Gerard,2016-10-06 18:00:00,1,spike,85.97,193.03986309383845,83.78114,10.0,10.0,0.31376004493647075,2.1088828194295863,0.0,7.579942775343137,3.325334765376331,1
Hog_public_Gerard,2016-10-06 19:00:00,0,normal,86.346,86.346,88.3333,0.0,10.0,0.0,0.0,0.0,0.0,3.325334765376331,0
Hog_public_Gerard,2016-10-06 20:00:00,0,normal,88.336,88.336,84.546234,0.10804112857540393,0.0,0.0,0.0,0.0,0.07562879000278276,3.325334765376331,0
Hog_public_Gerard,2016-10-06 21:00:00,0,normal,84.229,84.229,83.27772,0.0,0.0,0.0,0.0,0.0,0.0,3.325334765376331,0
Hog_public_Gerard,2016-10-06 22:00:00,0,normal,65.274,65.274,83.05504,5.94897078418843,10.0,0.5314098586776709,0.0,0.0,4.164279548931901,3.325334765376331,1
Hog_public_Gerard,2016-10-06 23:00:00,0,normal,48.859,48.859,69.08102,6.968004701262531,1.8674972210133574,0.0,0.0,0.0,4.877603290883773,3.325334765376331,1
Hog_public_Gerard,2016-10-07 00:00:00,0,normal,42.734,42.734,49.406567,2.4333210929444986,10.0,0.0,0.0,0.0,1.7033247650611492,3.325334765376331,0
Hog_public_Gerard,2016-10-07 01:00:00,0,normal,45.73,45.73,48.89285,0.50525681426664,4.135080482355536,0.0,0.0,0.0,0.3536797699866481,3.325334765376331,0
Hog_public_Gerard,2016-10-07 02:00:00,0,normal,42.485,42.485,49.73785,2.7521000183958044,4.9302769751841415,0.22961792110279147,0.0,0.0,1.9264700128770633,3.325334765376331,0
Hog_public_Gerard,2016-10-07 03:00:00,0,normal,42.56100000000001,42.56100000000001,45.694237,0.48898933749809836,4.970856321686429,0.6268085367326472,0.0,0.0,0.3422925362486689,3.325334765376331,0
Hog_public_Gerard,2016-10-07 04:00:00,0,normal,33.482,33.482,43.385548,4.208261331682334,8.60326196982901,0.6102168842092457,0.28476427630521794,0.0,3.024093108161569,3.325334765376331,0
Hog_public_Gerard,2016-10-07 05:00:00,0,normal,33.463,33.463,37.828964,1.1661884890604248,6.913983453357167,0.0,0.899675329800935,0.0,1.0637426580375546,3.325334765376331,0
Hog_public_Gerard,2016-10-07 06:00:00,0,normal,32.929,32.929,37.196236,1.10717478277441,0.0,0.0,0.871768061268255,0.0,1.0147585647908572,3.325334765376331,0
Hog_public_Gerard,2016-10-07 07:00:00,0,normal,37.409,37.409,52.38164,6.585512713400597,10.0,1.3888890210362967,0.76234626727085,1.2858553578469845,4.8516505068260765,3.325334765376331,1
Hog_public_Gerard,2016-10-07 08:00:00,0,normal,65.839,65.839,76.84849,4.557425700633241,4.384587965444302,0.4083070553140105,1.0537052157519187,1.7857623506550941,3.5246109835414234,3.325334765376331,1
Hog_public_Gerard,2016-10-07 09:00:00,0,normal,84.98299999999998,84.98299999999998,85.61711,0.0,10.0,0.0,0.0,2.738256495859579,0.06845641239648922,3.325334765376331,0
Hog_public_Gerard,2016-10-07 10:00:00,0,normal,88.025,88.025,89.77642,0.0,0.0,0.0,0.0,2.688454048442749,0.06721135121106848,3.325334765376331,0
Hog_public_Gerard,2016-10-07 11:00:00,0,normal,85.934,85.934,92.21077,2.1355250006715667,4.652592856473527,0.0,0.0,1.7652151287114122,1.538997878687882,3.325334765376331,0
Hog_public_Gerard,2016-10-07 12:00:00,0,normal,89.73100000000002,89.73100000000002,92.48112,0.0,4.652592856473527,0.7285254142704259,0.0,1.1828921288689689,0.029572303221724116,3.325334765376331,0
Hog_public_Gerard,2016-10-07 13:00:00,0,normal,92.61,92.61,93.19006,0.0,0.0,0.5919499721201026,0.0,0.7948854277008814,0.019872135692521966,3.325334765376331,0
Hog_public_Gerard,2016-10-07 14:00:00,0,normal,92.822,92.822,92.804016,0.0,0.0,0.16049632896122265,0.2096847833659126,0.5204363873723614,0.07067422510993494,3.325334765376331,0
Hog_public_Gerard,2016-10-07 15:00:00,0,normal,93.176,93.176,91.4365,0.0,0.0,0.659922286222894,1.4415131241832777,0.4028212047093893,0.406486639268136,3.325334765376331,0
Hog_public_Gerard,2016-10-07 16:00:00,0,normal,93.157,93.157,90.49557,0.0,0.0,1.4085548270344743,1.570180012104548,0.39153579036691877,0.44158789808792354,3.325334765376331,0
Hog_public_Gerard,2016-10-07 17:00:00,0,normal,90.00200000000002,90.00200000000002,86.389404,0.0,0.0,1.469336924111795,1.6018802719468224,0.6508227183075568,0.456787642743065,3.325334765376331,0
Hog_public_Gerard,2016-10-07 18:00:00,0,normal,86.26899999999998,86.26899999999998,80.467705,0.9477932962247398,1.6897869418092253,0.6227462231782422,2.279999584570904,1.2277530094578502,1.3211490183507626,3.325334765376331,0
Hog_public_Gerard,2016-10-07 19:00:00,0,normal,49.359,49.359,61.17068,3.456946076516063,5.584610239857152,0.0,1.2059309673056684,0.8719671166105176,2.773292447485566,3.325334765376331,0
Hog_public_Gerard,2016-10-07 20:00:00,0,normal,43.364,43.364,44.79179,0.0,7.948887941142973,0.0,0.0,1.7598981562584382,0.043997453906460794,3.325334765376331,0
Hog_public_Gerard,2016-10-07 21:00:00,0,normal,43.13800000000001,43.13800000000001,43.160404,0.0,0.0,0.0,0.0,0.6617152907103533,0.016542882267758772,3.325334765376331,0
Hog_public_Gerard,2016-10-07 22:00:00,0,normal,42.841,42.841,45.082615,0.0,0.0,0.0,0.0,0.010999836492444777,0.00027499591231111846,3.325334765376331,0
Hog_public_Gerard,2016-10-07 23:00:00,0,normal,42.723,42.723,43.577675,0.0,0.0,1.3487403221811427,0.0,0.0,0.0,3.325334765376331,0
Hog_public_Gerard,2016-11-27 00:00:00,0,normal,43.08,43.08,42.747887,0.0,0.0,1.4311229224786015,0.0,0.0,0.0,3.325334765376331,0
Hog_public_Gerard,2016-11-27 01:00:00,0,normal,37.328,37.328,42.296776,0.6977795624221339,1.066125750915395,1.3588133501801627,1.250530244600079,0.0,0.8323415109605155,3.325334765376331,0
Hog_public_Gerard,2016-11-27 02:00:00,0,normal,36.063,36.063,38.48972,0.0,1.066125750915395,0.04728602007262938,1.6585773529341394,0.0,0.45610877205688827,3.325334765376331,0
Hog_public_Gerard,2016-11-27 03:00:00,0,normal,36.524,36.524,37.603504,0.0,0.0,0.0,1.2666871954210042,0.0,0.34833897874077613,3.325334765376331,0
Hog_public_Gerard,2016-11-27 04:00:00,0,normal,36.465,36.465,37.92309,0.0,0.0,1.1095231605231888,1.189641434630141,0.9436624485135576,0.35074295573612757,3.325334765376331,0
Hog_public_Gerard,2016-11-27 05:00:00,0,normal,35.954,35.954,37.54274,0.0,0.0,1.397808200049981,1.2248965714090236,1.4109163196184755,0.37211946512794325,3.325334765376331,0
Hog_public_Gerard,2016-11-27 06:00:00,0,normal,36.131,36.131,38.34233,0.19347104226992276,0.0,1.346995312707065,1.445132293673837,2.538772362430066,0.5963104194100025,3.325334765376331,0
Hog_public_Gerard,2016-11-27 07:00:00,0,normal,36.561,36.561,37.921288,0.0,0.0,1.39013431502788,3.074481368776375,10.0,1.0954823764135022,3.325334765376331,0
Hog_public_Gerard,2016-11-27 08:00:00,0,normal,36.594,36.594,36.30586,0.0,0.0,1.3472583385193098,3.3765452869224926,10.0,1.1785499539036843,3.325334765376331,0
Hog_public_Gerard,2016-11-27 09:00:00,0,normal,34.749,34.749,38.183308,0.9000228828043423,1.5706232763972365,1.3902583673599094,3.375019786073711,10.0,1.8081464591333092,3.325334765376331,0
Hog_public_Gerard,2016-11-27 10:00:00,0,normal,35.107,35.107,44.76353,4.494795471376463,8.292697240489263,0.8509888109493536,2.852716096906257,10.0,4.180853756612744,3.325334765376331,1
Hog_public_Gerard,2016-11-27 11:00:00,0,normal,35.157,35.157,66.79877,10.0,10.0,0.8983740058544916,2.7888905945667206,10.0,8.01694491350585,3.325334765376331,1
Hog_public_Gerard,2016-11-27 12:00:00,0,normal,65.671,65.671,75.71576,2.8394989361783107,10.0,1.4209719540084411,2.7421655624496943,10.0,2.991744784998483,3.325334765376331,0
Hog_public_Gerard,2016-11-27 13:00:00,0,normal,81.735,81.735,85.99661,0.6914540699274148,4.683823757905525,0.0,0.0,5.26765087234453,0.6157091207578032,3.325334765376331,0
Hog_public_Gerard,2016-11-27 14:00:00,0,normal,80.185,80.185,88.25154,2.104725720371127,2.850926293284639,0.0,0.0,1.9751980531504818,1.5226879555885509,3.325334765376331,0
Hog_public_Gerard,2016-11-27 15:00:00,0,normal,81.23100000000002,81.23100000000002,87.63318,1.4865285114450988,0.8676069551651524,0.0,0.0,1.0485407056198768,1.066783475652066,3.325334765376331,0
Hog_public_Gerard,2016-11-27 16:00:00,0,normal,82.777,82.777,87.221825,0.7595048774257274,1.1390753134914948,0.7978380090885241,0.0,0.0,0.5316534141980092,3.325334765376331,0
Hog_public_Gerard,2016-11-27 17:00:00,0,normal,85.505,85.505,86.643745,0.0,1.2201000261599362,0.45684864886247156,0.0,0.0,0.0,3.325334765376331,0
Hog_public_Gerard,2016-11-27 18:00:00,0,normal,87.068,87.068,85.30585,0.0,0.0,0.06392194110073303,0.0,0.0,0.0,3.325334765376331,0
Hog_public_Gerard,2016-11-27 19:00:00,0,normal,62.083,62.083,83.84679,7.611646644430017,10.0,0.0653347381988073,1.0290625217425446,0.0,5.611144844580212,3.325334765376331,1
Hog_public_Gerard,2016-11-27 20:00:00,0,normal,61.611,61.611,76.13842,4.590684339601519,6.861323053704713,0.0,0.0,0.0,3.2134790377210636,3.325334765376331,0
Hog_public_Gerard,2016-11-27 21:00:00,0,normal,59.215,59.215,66.0256,1.3691458497313362,7.361661897197214,0.0,0.0,0.0,0.9584020948119355,3.325334765376331,0
Hog_public_Gerard,2016-11-27 22:00:00,0,normal,61.155,61.155,61.165295,0.0,2.7408541424357105,0.3451753808237835,0.0,0.0,0.0,3.325334765376331,0
Hog_public_Gerard,2016-11-27 23:00:00,0,normal,48.272,48.272,46.953484,0.0,0.0,0.48671586773685843,0.0,0.38616524456911383,0.009654131114227811,3.325334765376331,0
Hog_public_Gerard,2016-11-28 00:00:00,0,normal,41.931,41.931,43.398857,0.0,0.0,0.0,0.0,1.0488172029080995,0.026220430072702396,3.325334765376331,0
Hog_public_Gerard,2016-11-28 01:00:00,0,normal,46.853,46.853,40.81299,2.0858268981670762,4.528620555745497,0.0,0.0,0.3559278961735904,1.4689770261212933,3.325334765376331,0
Hog_public_Gerard,2016-11-28 02:00:00,0,normal,41.94,41.94,42.35462,0.0,4.528620555745497,0.0,0.0,0.1438792003974326,0.0035969800099358022,3.325334765376331,0
Hog_public_Gerard,2016-11-28 03:00:00,0,normal,40.749,40.749,38.987373,0.0,0.0,0.0,0.0,0.0,0.0,3.325334765376331,0
Hog_public_Gerard,2016-11-28 04:00:00,0,normal,33.61,33.61,38.63806,1.5299118026541711,3.1418860542833933,0.0,0.0,0.0,1.07093826185792,3.325334765376331,0
Hog_public_Gerard,2016-11-28 05:00:00,0,normal,31.735,31.735,36.94389,1.629249762053022,0.0,0.0,0.24350703846584745,0.0,1.2074392690152236,3.325334765376331,0
Hog_public_Gerard,2016-11-28 06:00:00,0,normal,31.295,31.295,37.892143,2.299471596256557,0.9973827849281377,0.0,0.15970355740604072,0.2842731684746037,1.6606554248781165,3.325334765376331,0
Hog_public_Gerard,2016-11-28 07:00:00,0,normal,37.086,37.086,42.91555,1.9066668722631386,0.3053636598325269,0.5068796423212419,0.061122490009409156,1.449635409294712,1.3877163805691524,3.325334765376331,0
Hog_public_Gerard,2016-11-28 08:00:00,0,normal,64.578,64.578,68.24989,0.8025168083377096,2.079820107049308,0.0,0.39335134442795366,1.7589580027680385,0.7139073356232847,3.325334765376331,0
Hog_public_Gerard,2016-11-28 09:00:00,0,normal,84.49600000000002,84.49600000000002,82.33971,0.026930432990725457,1.2602154469905622,0.0,0.0,1.5162461732168933,0.05675745742393002,3.325334765376331,0
Hog_public_Gerard,2016-11-28 10:00:00,0,normal,89.77799999999998,89.77799999999998,85.10329,1.3156956038012406,2.540343917744641,0.0,0.0,0.27351697595157753,0.927824847059658,3.325334765376331,0
Hog_public_Gerard,2016-11-28 11:00:00,0,normal,90.951,90.951,86.93877,0.9766810947836269,0.17118355292395193,0.0,0.0,0.0,0.6836767663485389,3.325334765376331,0
Hog_public_Gerard,2016-11-28 12:00:00,0,normal,94.614,94.614,89.142456,0.39101674693687116,0.7864534818127571,0.0,0.0,0.0,0.27371172285580986,3.325334765376331,0
Hog_public_Gerard,2016-11-28 13:00:00,0,normal,93.435,93.435,89.31901,0.014020259423695279,0.2659298917780745,0.008399770454975223,0.0,0.0,0.009814181596586697,3.325334765376331,0
Hog_public_Gerard,2016-11-28 14:00:00,0,normal,94.354,94.354,89.619644,0.18599520192852806,0.0,0.27078094030790034,0.0,0.0,0.13019664134996967,3.325334765376331,0
Hog_public_Gerard,2016-11-28 15:00:00,0,normal,89.15299999999998,89.15299999999998,89.95976,0.0,0.0,1.0158936147184743,0.7512356004849655,0.0,0.20658979013336548,3.325334765376331,0
Hog_public_Gerard,2016-11-28 16:00:00,0,normal,91.868,91.868,89.5949,0.0,0.0,0.0,1.343311185723514,0.0,0.3694105760739663,3.325334765376331,0
Hog_public_Gerard,2016-11-28 17:00:00,0,normal,91.355,91.355,89.43718,0.0,0.0,0.050985427868425165,1.504272481846434,0.0,0.41367493250776927,3.325334765376331,0
Hog_public_Gerard,2016-11-28 18:00:00,0,normal,90.201,90.201,87.978874,0.0,0.0,0.5208638670657761,1.5455908743475244,0.0,0.42503749044556915,3.325334765376331,0
Hog_public_Gerard,2016-11-28 19:00:00,0,normal,88.976,88.976,87.22894,0.0,0.0,0.868783310942708,1.635032609198959,0.7169135295362904,0.46755680576812086,3.325334765376331,0
Hog_public_Gerard,2016-11-28 20:00:00,0,normal,89.435,89.435,85.75712,0.06133293100791234,0.0,0.6731058133636764,1.6164279349755828,4.672076571202754,0.6042526481038923,3.325334765376331,0
Hog_public_Gerard,2016-11-28 21:00:00,0,normal,89.262,89.262,84.97994,0.3135579469936809,0.0,1.0551807961651347,2.222912139044209,10.0,1.0807914011327333,3.325334765376331,0
Hog_public_Gerard,2016-11-28 22:00:00,0,normal,68.935,68.935,79.70134,1.6796519650608068,2.7332413247670164,1.384558427142539,2.251276518058645,10.0,2.044857418008691,3.325334765376331,0
Hog_public_Gerard,2016-11-28 23:00:00,0,normal,51.313,51.313,65.26417,2.4615229837262866,1.2758925383116755,0.0,0.0026001537258828478,6.075275208623124,1.8756630110985961,3.325334765376331,0
Hog_public_Gerard,2016-11-29 00:00:00,0,normal,42.519,42.519,51.656254,2.331874968842619,0.0,0.0,0.0,2.1301021879329154,1.6855650328881562,3.325334765376331,0
Hog_public_Gerard,2016-11-29 01:00:00,0,normal,47.914,47.914,47.93345,0.0,5.142389369325125,0.0,0.0,0.7162805992795594,0.017907014981988923,3.325334765376331,0
Hog_public_Gerard,2016-11-29 02:00:00,0,normal,50.85,50.85,49.282898,0.0,0.0,0.0,0.0,0.2935295803068266,0.007338239507670638,3.325334765376331,0
Hog_public_Gerard,2016-11-29 03:00:00,0,normal,47.243,47.243,47.659744,0.0,0.0,0.0,0.0,0.11553310921078878,0.0028883277302697093,3.325334765376331,0
Hog_public_Gerard,2016-11-29 04:00:00,0,normal,36.49,36.49,41.839966,0.8472108014588243,1.4388831313877137,0.31754886899750784,0.0,0.0,0.5930475610211771,3.325334765376331,0
Hog_public_Gerard,2016-11-29 05:00:00,0,normal,31.986,31.986,34.20678,0.0,1.4388831313877137,0.0,0.37235566449382845,0.0,0.10239780773580281,3.325334765376331,0
Hog_public_Gerard,2016-11-29 06:00:00,0,normal,31.124,31.124,33.67645,0.39054549971820124,0.2997280074203646,0.0,0.11080810985580306,0.0,0.3038540800130867,3.325334765376331,0
Hog_public_Gerard,2016-11-29 07:00:00,0,normal,38.09,38.09,44.476772,2.605753919507939,4.851363761198972,0.0,0.0,0.0,1.8240277436555576,3.325334765376331,0
Hog_public_Gerard,2016-11-29 08:00:00,0,normal,69.51100000000001,69.51100000000001,78.484085,4.099947577153422,3.0527868655555275,0.0,0.016942103576621494,0.06591685866172974,2.87627030395751,3.325334765376331,0
Hog_public_Gerard,2016-11-29 09:00:00,1,spike,88.375,0.01,88.08902,10.0,10.0,0.0,0.0,0.5921053934691821,7.01480263483673,3.325334765376331,1
Hog_public_Gerard,2016-11-29 10:00:00,0,normal,89.053,89.053,75.29236,6.86586848808776,10.0,0.0,0.0,0.9700723412460278,4.830359750192583,3.325334765376331,1
Hog_public_Gerard,2016-11-29 11:00:00,0,normal,92.512,92.512,84.5726,3.5027546621853776,7.714822666920161,0.0,0.0,0.3358494718824881,2.4603245003268266,3.325334765376331,0
Hog_public_Gerard,2016-11-29 12:00:00,0,normal,96.14,96.14,88.77541,1.8439974084425124,3.463292027647526,0.0,0.0,0.0,1.2907981859097588,3.325334765376331,0
Hog_public_Gerard,2016-11-29 13:00:00,0,normal,95.811,95.811,90.93141,0.9209899280630215,1.6279585326565997,0.0,0.0,0.0,0.644692949644115,3.325334765376331,0
Hog_public_Gerard,2016-11-29 14:00:00,0,normal,97.219,97.219,91.42383,1.2610668417133708,0.1738337294897968,0.3930924150004969,0.0,0.0,0.8827467891993597,3.325334765376331,0
Hog_public_Gerard,2016-11-29 15:00:00,0,normal,94.073,94.073,91.84326,0.0,2.4712502217793904,1.030841477231912,0.0,0.0,0.0,3.325334765376331,0
Hog_public_Gerard,2016-11-29 16:00:00,0,normal,95.864,95.864,91.310455,0.7998869595338193,1.3208334420217596,0.5796785797864988,1.3086222287188745,0.0,0.919791984571364,3.325334765376331,0
Hog_public_Gerard,2016-11-29 17:00:00,1,persistent_shift,93.894,36.37472312461265,90.72866,10.0,10.0,0.5827383982905571,2.003194260639959,0.0,7.550878421675989,3.325334765376331,1
Hog_public_Gerard,2016-11-29 18:00:00,1,persistent_shift,93.624,36.10472312461264,84.74299,10.0,10.0,0.0,0.0,0.0,7.000000000000001,3.325334765376331,1
Hog_public_Gerard,2016-11-29 19:00:00,1,persistent_shift,92.458,34.93872312461264,80.45392,10.0,1.2380720840602528,0.0,0.0,0.0,7.000000000000001,3.325334765376331,1
Hog_public_Gerard,2016-11-29 20:00:00,1,persistent_shift,90.161,32.641723124612646,78.0245,10.0,0.0,1.025247626301737,0.0,0.0,7.000000000000001,3.325334765376331,1
Hog_public_Gerard,2016-11-29 21:00:00,1,persistent_shift,86.72,29.200723124612644,64.830475,7.783586269566418,5.298244043841746,0.5089992493343436,0.0,0.0,5.4485103886964925,3.325334765376331,1
Hog_public_Gerard,2016-11-29 22:00:00,1,persistent_shift,66.453,8.933723124612648,40.34472,6.747887348700426,1.9090682017471856,0.11920083640007698,0.0,0.0,4.723521144090299,3.325334765376331,1
Hog_public_Gerard,2016-11-29 23:00:00,1,persistent_shift,59.137,1.6177231246126451,35.51941,7.3593484640772235,0.8508037177549936,0.0,0.0,0.0,5.151543924854057,3.325334765376331,1
Hog_public_Gerard,2016-11-30 00:00:00,1,persistent_shift,47.293,0.01,34.08586,10.0,10.0,0.0,0.0,0.0,7.000000000000001,3.325334765376331,1
Hog_public_Gerard,2016-11-30 01:00:00,1,persistent_shift,49.70399999999999,0.01,33.99754,10.0,0.0,0.0,0.0,0.0,7.000000000000001,3.325334765376331,1
Hog_public_Gerard,2016-11-30 02:00:00,1,persistent_shift,43.476000000000006,0.01,33.89151,10.0,0.0,1.0243977450019428,0.0,0.0,7.000000000000001,3.325334765376331,1
Hog_public_Gerard,2016-11-30 03:00:00,1,persistent_shift,41.735,0.01,32.293396,10.0,0.8882700412188461,1.6182733230822333,0.06415141065980991,0.0,7.017641637931448,3.325334765376331,1
Hog_public_Gerard,2016-11-30 04:00:00,1,persistent_shift,35.667,0.01,30.84407,10.0,0.742773062514884,1.6182733230822333,1.4374124480067196,0.472542868617756,7.4071019949172925,3.325334765376331,1
Hog_public_Gerard,2016-11-30 05:00:00,0,normal,30.481,30.481,27.921757,0.0,10.0,1.6182733230822333,3.0862194951446518,2.943458161034937,0.9222968151906523,3.325334765376331,0
Hog_public_Gerard,2016-11-30 06:00:00,0,normal,30.701,30.701,32.50351,0.0,0.0,0.0,0.053633559173273046,3.1475479622667275,0.093437927829318,3.325334765376331,0
Hog_public_Gerard,2016-11-30 07:00:00,0,normal,38.005,38.005,33.205757,1.6885885797410354,3.5377065008646253,0.0,0.0,3.356299219502658,1.265919486306291,3.325334765376331,0
Hog_public_Gerard,2016-11-30 08:00:00,0,normal,64.834,64.834,41.545235,10.0,10.0,0.04355589274541633,0.0,3.2166143224883923,7.0804153580622105,3.325334765376331,1
Hog_public_Gerard,2016-11-30 09:00:00,0,normal,81.319,81.319,64.04093,8.897995736213117,7.987855395460815,0.0,0.0,1.7551137551149845,6.2724748592270565,3.325334765376331,1
Hog_public_Gerard,2016-11-30 10:00:00,0,normal,86.288,86.288,78.82478,3.2276494461918506,10.0,0.0,0.0,0.5271794497180902,2.272534098577248,3.325334765376331,0
Hog_public_Gerard,2016-11-30 11:00:00,0,normal,89.359,89.359,81.80847,3.2780921104491165,0.0,0.0,0.0,0.0,2.294664477314382,3.325334765376331,0
Hog_public_Gerard,2016-11-30 12:00:00,0,normal,89.861,89.861,83.4744,1.4807408261398858,3.8090159078486003,0.07248363238233557,0.0,0.0,1.03651857829792,3.325334765376331,0
Hog_public_Gerard,2016-11-30 13:00:00,0,normal,93.339,93.339,82.14105,3.2678298610510375,3.7834166474259368,0.6325993927632712,0.0,0.0,2.2874809027357266,3.325334765376331,0
Hog_public_Gerard,2016-11-30 14:00:00,0,normal,93.223,93.223,83.3156,2.7884802420852366,0.5212505690967688,0.5497359262852013,0.20507545986914572,0.0,2.008331920923681,3.325334765376331,0
Hog_public_Gerard,2016-11-30 15:00:00,0,normal,95.446,95.446,83.96313,3.373660120637912,0.7852449694150505,0.6109449521875585,1.1239209688360678,0.0,2.6706403508764573,3.325334765376331,0
Hog_public_Gerard,2016-11-30 16:00:00,0,normal,95.59,95.59,84.21103,3.33506763996656,0.0,0.9001579464732392,1.5072290054092032,0.0,2.7490353244641232,3.325334765376331,0
Hog_public_Gerard,2016-11-30 17:00:00,0,normal,94.373,94.373,84.357735,2.8285439410849236,0.58903652142823,0.8664605363124411,1.7782757929720696,0.7261962685669475,2.487161508540939,3.325334765376331,0
Hog_public_Gerard,2016-11-30 18:00:00,0,normal,93.948,93.948,84.33808,1.3957521403692905,2.8996194589753856,1.205429317708459,2.09342258673052,1.4644219315064964,1.5893282578970587,3.325334765376331,0
Hog_public_Gerard,2016-11-30 19:00:00,0,normal,93.026,93.026,83.9269,1.270346168977123,0.0,1.1193158554532403,2.8068968158734267,3.0545633385488453,1.7375030261128994,3.325334765376331,0
Hog_public_Gerard,2016-11-30 20:00:00,0,normal,88.80799999999998,88.80799999999998,83.187416,0.41637581732330686,1.4557448815819796,1.2106130539566975,2.7743507764046784,7.691975757591392,1.2467089295773854,3.325334765376331,0
Hog_public_Gerard,2016-11-30 21:00:00,0,normal,88.574,88.574,83.063675,0.38930741748780623,0.0,0.4441584044206258,1.9664243421717842,10.0,1.0632818863387041,3.325334765376331,0
Hog_public_Gerard,2016-11-30 22:00:00,0,normal,67.558,67.558,76.857025,1.3194282046037236,1.6457027312770458,0.5147177333578312,1.7696423433643884,10.0,1.6602513876478124,3.325334765376331,0
Hog_public_Gerard,2016-11-30 23:00:00,0,normal,46.164,46.164,64.25817,3.478624736863284,4.711641674936057,0.0,0.28179585274106767,8.725209777511344,2.7306614197458754,3.325334765376331,0
Hog_public_Gerard,2016-12-01 00:00:00,0,normal,42.35,42.35,56.290363,4.2147538449391515,1.1617889888858675,0.0,0.0,3.6328461669359537,3.0411488456308047,3.325334765376331,0
Hog_public_Gerard,2016-12-01 01:00:00,0,normal,47.279,47.279,55.480568,1.9650744234825086,4.937351941223752,0.0,0.0,1.874884499849802,1.422424208934001,3.325334765376331,0
Hog_public_Gerard,2016-12-01 02:00:00,0,normal,41.364,41.364,51.30485,2.646895304664346,1.026316697244462,0.3404481825953317,0.0,1.098303669223833,1.8802843049956381,3.325334765376331,0
Hog_public_Gerard,2016-12-01 03:00:00,0,normal,41.983,41.983,44.531197,0.0,5.928210031279116,0.11652333131413437,0.0,0.44241278150048063,0.011060319537511977,3.325334765376331,0
Hog_public_Gerard,2016-12-01 04:00:00,0,normal,36.5,36.5,40.95164,0.4950562912946587,0.5604309845907771,0.017627226745578862,0.0,0.0,0.34653940390626115,3.325334765376331,0
Hog_public_Gerard,2016-12-01 05:00:00,0,normal,32.849000000000004,32.849000000000004,36.411644,0.14655833115341863,0.1948400950330102,0.0,0.867960466369914,0.0,0.34127996005911937,3.325334765376331,0
Hog_public_Gerard,2016-12-01 06:00:00,0,normal,33.142,33.142,34.152847,0.0,0.0,0.0,0.5458839119506943,0.0,0.1501180757864409,3.325334765376331,0
Hog_public_Gerard,2016-12-01 07:00:00,0,normal,39.119,39.119,37.200195,0.024469495190329933,0.0,0.29721050475724103,0.4065154699225111,0.0,0.1289204008619215,3.325334765376331,0
Hog_public_Gerard,2016-12-01 08:00:00,0,normal,69.393,69.393,58.29106,5.329852734902011,10.0,0.0,0.8071898659001684,0.23159638737477767,3.9586640372383233,3.325334765376331,1
Hog_public_Gerard,2016-12-01 09:00:00,0,normal,81.499,81.499,75.86816,2.1690302787397084,7.210205281943818,0.0,0.0,0.8024727652623702,1.538383014249355,3.325334765376331,0
Hog_public_Gerard,2016-12-01 10:00:00,0,normal,88.38600000000002,88.38600000000002,80.90068,3.2404189142941098,1.9980964708214288,0.0,0.0,1.1627707254462403,2.2973625081420326,3.325334765376331,0
Hog_public_Gerard,2016-12-01 11:00:00,0,normal,89.57,89.57,83.54956,2.3941119888694,1.4366284056361227,0.0,0.0,0.4405626987124558,1.6868924596763915,3.325334765376331,0
Hog_public_Gerard,2016-12-01 12:00:00,0,normal,91.19,91.19,83.980415,1.7864247921686076,0.8413896484556153,0.0,0.0,0.0,1.2504973545180254,3.325334765376331,0
Hog_public_Gerard,2016-12-01 13:00:00,0,normal,92.117,92.117,84.33159,2.0003051289744964,0.0,0.5732703173052784,0.0,0.0,1.4002135902821475,3.325334765376331,0
Hog_public_Gerard,2016-12-01 14:00:00,0,normal,93.657,93.657,84.196526,2.622476935233804,0.8775216189257983,0.6334633804033719,0.0,0.0,1.835733854663663,3.325334765376331,0
Hog_public_Gerard,2016-12-01 15:00:00,0,normal,95.305,95.305,84.20108,3.232904839123353,0.8482263637161496,0.6571225952452804,0.7214722942470717,0.0,2.4614382683042924,3.325334765376331,0
Hog_public_Gerard,2016-12-01 16:00:00,0,normal,94.721,94.721,84.37889,2.94994409589781,0.031357001013137126,0.4817398528888225,1.3492097437738544,0.0,2.4359935466662774,3.325334765376331,0
Hog_public_Gerard,2016-12-01 17:00:00,0,normal,93.356,93.356,84.903915,2.2479288384087632,1.0766917249901613,0.9036754428284817,1.5344772511534819,0.0,1.9955314309533418,3.325334765376331,0
Hog_public_Gerard,2016-12-01 18:00:00,0,normal,90.601,90.601,84.80057,0.46052837053925716,3.7841935193470784,0.7971331724591856,1.9512446489695483,0.0,0.8589621378441057,3.325334765376331,0
Hog_public_Gerard,2016-12-01 19:00:00,1,persistent_shift,90.309,52.01026089275869,84.32044,6.968636182711708,10.0,0.2636957283711545,1.8195371038492836,1.049193568584064,5.404647870671351,3.325334765376331,1
Hog_public_Gerard,2016-12-01 20:00:00,1,persistent_shift,90.869,52.57026089275869,76.16849,4.829862999153957,4.660695473782695,0.0,0.0,2.0179989669859784,3.43135407358242,3.325334765376331,1
Hog_public_Gerard,2016-12-01 21:00:00,1,persistent_shift,88.77,50.471260892758686,67.36117,3.1829795235037053,3.4336727964436315,0.0,0.0,1.1326065734758861,2.256400830789491,3.325334765376331,0
Hog_public_Gerard,2016-12-01 22:00:00,1,persistent_shift,64.635,26.33626089275869,58.159405,6.849069143092692,8.47059812544668,0.7230043871330858,0.0,0.4100225888235696,4.804598964885475,3.325334765376331,1
Hog_public_Gerard,2016-12-01 23:00:00,1,persistent_shift,50.877,12.578260892758692,44.378418,6.843425917983628,0.0,0.0,0.0,0.0,4.79039814258854,3.325334765376331,1
Hog_public_Gerard,2016-12-02 00:00:00,1,persistent_shift,43.987,5.688260892758692,37.841377,10.0,10.0,0.0,0.0,0.0,7.000000000000001,3.325334765376331,1
Hog_public_Gerard,2016-12-02 01:00:00,1,persistent_shift,50.272,11.973260892758688,38.16178,9.016184314309864,5.158157386169072,0.0,0.0,0.0,6.311329020016905,3.325334765376331,1
Hog_public_Gerard,2016-12-02 02:00:00,1,persistent_shift,44.331,6.032260892758693,38.687965,10.0,5.649627349630404,0.0,0.0,0.0,7.000000000000001,3.325334765376331,1
Hog_public_Gerard,2016-12-02 03:00:00,1,persistent_shift,42.666,4.367260892758687,36.67043,10.0,0.0,0.06302504059348821,0.0,0.0,7.000000000000001,3.325334765376331,1
Hog_public_Gerard,2016-12-02 04:00:00,1,persistent_shift,35.576,0.01,31.554445,10.0,0.06744796494016579,0.002586168750482539,0.35029207226964737,0.0,7.096330319874154,3.325334765376331,1
Hog_public_Gerard,2016-12-02 05:00:00,1,persistent_shift,31.785,0.01,26.779808,9.244056319496325,3.994522730613648,0.2449231072440882,1.026576097908193,0.0,6.753147850572181,3.325334765376331,1
Hog_public_Gerard,2016-12-02 06:00:00,1,persistent_shift,30.257,0.01,25.37247,10.0,10.0,0.4406233309517195,1.1574478840652795,0.3654859713866379,7.327435317402619,3.325334765376331,1
Hog_public_Gerard,2016-12-02 07:00:00,0,normal,38.066,38.066,25.799435,6.002693972334378,10.0,1.6182733230822333,1.1131371774498224,1.7970220594656852,4.552924055919409,3.325334765376331,1
Hog_public_Gerard,2016-12-02 08:00:00,0,normal,68.15899999999999,68.15899999999999,33.884647,10.0,10.0,0.0,0.0,2.2001743437933765,7.055004358594835,3.325334765376331,1
Hog_public_Gerard,2016-12-02 09:00:00,0,normal,86.337,86.337,57.789215,10.0,7.578381025622546,0.0,0.0,1.5461687501908736,7.038654218754773,3.325334765376331,1
Hog_public_Gerard,2016-12-02 10:00:00,0,normal,85.561,85.561,73.877716,5.665714090817703,10.0,0.0,0.0,0.5471390011654027,3.9796783386015275,3.325334765376331,1
Hog_public_Gerard,2016-12-02 11:00:00,0,normal,93.629,93.629,78.09957,7.8877520737267215,4.868400159173886,0.0,0.0,0.0,5.521426451608706,3.325334765376331,1
Hog_public_Gerard,2016-12-02 12:00:00,0,normal,87.241,87.241,80.50728,1.6096740830836305,10.0,0.02107693359921276,0.0,0.0,1.1267718581585415,3.325334765376331,0
Hog_public_Gerard,2016-12-02 13:00:00,0,normal,94.465,94.465,79.403885,4.702733245182492,7.041169221277401,0.05400541116192322,0.0,0.0,3.291913271627745,3.325334765376331,0
Hog_public_Gerard,2016-12-02 14:00:00,0,normal,94.271,94.271,77.45349,5.355113791204628,0.9528775536952152,0.11685740201462462,0.3308371374370592,0.0,3.8395598666384316,3.325334765376331,1
Hog_public_Gerard,2016-12-02 15:00:00,0,normal,96.695,96.695,73.28373,7.8042468571698755,5.434890598682314,0.0843434502693682,1.2602180188808363,0.0,5.809532755211143,3.325334765376331,1
Hog_public_Gerard,2016-12-02 16:00:00,0,normal,94.829,94.829,75.946724,6.122034111381222,3.52180193380263,0.8857096500294168,1.2087238138514884,0.0,4.6178229267760145,3.325334765376331,1
Hog_public_Gerard,2016-12-02 17:00:00,0,normal,93.937,93.937,74.027794,6.503468637155175,0.27700061251349545,0.9189288722628403,1.6032315084955675,0.0,4.993316710844904,3.325334765376331,1
Hog_public_Gerard,2016-12-02 18:00:00,0,normal,85.541,85.541,69.885994,2.8798129908342602,8.364746251230768,0.8609662573253521,1.60240524700244,0.431800638306418,2.4673255524673134,3.325334765376331,0
Hog_public_Gerard,2016-12-02 19:00:00,0,normal,48.721,48.721,57.90286,1.290664007497846,3.2896536592368446,0.0,1.3666494099575803,3.0750751810211594,1.3561702725123557,3.325334765376331,0
Hog_public_Gerard,2016-12-02 20:00:00,0,normal,42.68600000000001,42.68600000000001,42.21656,0.0,2.545080580534008,0.0,0.0,4.09238044982562,0.10230951124564013,3.325334765376331,0
Hog_public_Gerard,2016-12-02 21:00:00,0,normal,41.897,41.897,41.824585,0.0,0.0,0.0,0.0,2.595985970182729,0.064899649254568,3.325334765376331,0
Hog_public_Gerard,2016-12-02 22:00:00,0,normal,42.283,42.283,44.165913,0.0,0.0,0.16328860517229732,0.0,1.710984720478603,0.04277461801196492,3.325334765376331,0
Hog_public_Gerard,2016-12-02 23:00:00,0,normal,42.081,42.081,44.231136,0.0,0.0,1.36097121097576,0.0,1.1992402661526167,0.029981006653815312,3.325334765376331,0
Hog_public_Gerard,2016-12-25 00:00:00,0,normal,43.551,43.551,35.59142,1.8702124393339024,3.990768622075346,0.0,0.9979691582699595,6.691622681482629,1.7508807930950359,3.325334765376331,0
Hog_public_Gerard,2016-12-25 01:00:00,0,normal,37.408,37.408,34.537865,0.0,3.990768622075346,0.0,1.0295909089210968,6.307047345781596,0.44081368359784096,3.325334765376331,0
Hog_public_Gerard,2016-12-25 02:00:00,0,normal,36.828,36.828,32.58976,0.4114004710933921,0.35175089466773984,0.0,0.0,1.0981756299686165,0.3154347205145898,3.325334765376331,0
Hog_public_Gerard,2016-12-25 03:00:00,0,normal,37.395,37.395,32.110394,0.8215891225950545,0.3487280013321146,0.0,0.0,0.0,0.5751123858165381,3.325334765376331,0
Hog_public_Gerard,2016-12-25 04:00:00,0,normal,36.74,36.74,32.162403,0.5444325412312859,0.016878474398623923,0.0,0.0,0.0,0.3811027788619002,3.325334765376331,0
Hog_public_Gerard,2016-12-25 05:00:00,0,normal,36.529,36.529,31.84327,0.5868223243252063,0.0,0.0,0.0,0.0,0.4107756270276445,3.325334765376331,0
Hog_public_Gerard,2016-12-25 06:00:00,0,normal,37.009,37.009,32.831505,1.3293855281198672,1.1778388903743815,0.0,0.0,0.0,0.9305698696839071,3.325334765376331,0
Hog_public_Gerard,2016-12-25 07:00:00,0,normal,40.992,40.992,34.63156,2.590540183555362,2.4714692737877884,0.24761792039016356,1.069606875292516,0.0,2.1075200191941956,3.325334765376331,0
Hog_public_Gerard,2016-12-25 08:00:00,0,normal,40.959,40.959,37.182037,1.097985376340809,3.0486987404917345,0.0,0.0,0.0,0.7685897634385663,3.325334765376331,0
Hog_public_Gerard,2016-12-25 09:00:00,0,normal,41.187,41.187,38.75685,0.3198889598440936,1.2664767640343286,0.0,0.0,0.0,0.22392227189086555,3.325334765376331,0
Hog_public_Gerard,2016-12-25 10:00:00,0,normal,39.252,39.252,41.36831,0.13857391649581555,0.0,0.7344818430644985,0.0,0.0,0.09700174154707089,3.325334765376331,0
Hog_public_Gerard,2016-12-25 11:00:00,0,normal,36.129,36.129,48.612995,6.128309963418814,10.0,0.0,0.0,0.0,4.28981697439317,3.325334765376331,1
Hog_public_Gerard,2016-12-25 12:00:00,0,normal,42.122,42.122,56.282684,4.368284575908747,3.71590616985586,0.0,0.0,0.0,3.0577992031361236,3.325334765376331,0
Hog_public_Gerard,2016-12-25 13:00:00,0,normal,42.339,42.339,67.35649,8.400848355674983,9.384770749853026,0.0,0.0,0.16420688205999165,5.884699021023988,3.325334765376331,1
Hog_public_Gerard,2016-12-25 14:00:00,0,normal,41.996,41.996,71.12841,9.929260409871137,3.1381449201659133,0.0,0.0,0.0,6.950482286909796,3.325334765376331,1
Hog_public_Gerard,2016-12-25 15:00:00,0,normal,42.574,42.574,70.48584,9.475901657264217,0.4564161521261391,0.4697430959943491,0.0,0.0,6.633131160084952,3.325334765376331,1
Hog_public_Gerard,2016-12-25 16:00:00,0,normal,41.907,41.907,67.92822,8.773666224842902,1.0772409530600546,0.06683773282587728,0.0,0.0,6.141566357390032,3.325334765376331,1
Hog_public_Gerard,2016-12-25 17:00:00,0,normal,43.308,43.308,61.42119,5.83637044428315,6.652616262402635,0.0,0.0,0.0,4.085459310998206,3.325334765376331,1
Hog_public_Gerard,2016-12-25 18:00:00,0,normal,43.983,43.983,56.0129,1.9898546395399757,8.92067263851536,0.0,0.6072730742633916,0.15389126563714384,1.5637456247413442,3.325334765376331,0
Hog_public_Gerard,2016-12-25 19:00:00,0,normal,43.192,43.192,46.790894,0.0,4.289217014996792,0.0,0.13983886562677406,0.4874814317078869,0.05064272384005999,3.325334765376331,0
Hog_public_Gerard,2016-12-25 20:00:00,0,normal,43.714,43.714,42.192257,0.0,0.0,0.0,0.13872499746939482,0.3881823563640956,0.04785393321318593,3.325334765376331,0
Hog_public_Gerard,2016-12-25 21:00:00,0,normal,44.047,44.047,42.61937,0.0,0.0,0.0,0.21308645334994755,0.30454358862202396,0.06621236438678614,3.325334765376331,0
Hog_public_Gerard,2016-12-25 22:00:00,0,normal,43.51300000000001,43.51300000000001,41.268044,0.0,0.0,0.0,0.1834605474003667,0.1980770068321513,0.0554035757059046,3.325334765376331,0
Hog_public_Gerard,2016-12-25 23:00:00,0,normal,43.674,43.674,37.290333,0.6037117398312319,0.8314728405750752,0.1681921622455584,1.1132124133974763,0.4779586469153099,0.740680597739051,3.325334765376331,0
Hog_public_Gerard,2016-12-26 00:00:00,0,normal,43.801,43.801,37.03458,1.402478429880491,1.3180389211359012,0.16333395616639657,1.260356077507416,5.791215493433603,1.4731132095667228,3.325334765376331,0
Hog_public_Gerard,2016-12-26 01:00:00,0,normal,43.433,43.433,36.021774,1.6552504064384579,0.0,0.6497421178453436,1.374361899590926,6.0636534512554725,1.6882161431758116,3.325334765376331,0
Hog_public_Gerard,2016-12-26 02:00:00,0,normal,43.46,43.46,34.69262,3.584107724181628,4.137058724431982,0.4510523353789697,1.6900140659455694,6.354671042657185,3.1324960511286,3.325334765376331,0
Hog_public_Gerard,2016-12-26 03:00:00,0,normal,37.676,37.676,33.827637,0.8818442752008588,6.0663262951209465,0.3479136966308362,1.5333153048238328,7.3762375242754,1.2233586395740395,3.325334765376331,0
Hog_public_Gerard,2016-12-26 04:00:00,0,normal,36.407,36.407,33.23913,0.0,1.5252765992593669,0.0,0.0,1.0121583295407888,0.02530395823851963,3.325334765376331,0
Hog_public_Gerard,2016-12-26 05:00:00,0,normal,36.532,36.532,33.013145,0.12939232851149468,0.0,0.0,0.0,0.0,0.09057462995804628,3.325334765376331,0
Hog_public_Gerard,2016-12-26 06:00:00,0,normal,37.01300000000001,37.01300000000001,33.80088,0.7716578903930043,0.9276456475952243,0.0,0.0,0.0,0.540160523275103,3.325334765376331,0
Hog_public_Gerard,2016-12-26 07:00:00,0,normal,46.245,46.245,37.84954,3.766235117650148,6.79550527381839,0.0,0.0,0.0,2.6363645823551036,3.325334765376331,0
Hog_public_Gerard,2016-12-26 08:00:00,0,normal,46.76600000000001,46.76600000000001,42.988476,1.09830980359738,5.980669552203062,0.0,0.0,0.0,0.768816862518166,3.325334765376331,0
Hog_public_Gerard,2016-12-26 09:00:00,0,normal,46.192,46.192,46.59741,0.0,2.0652515325317307,0.0,0.0,0.0,0.0,3.325334765376331,0
Hog_public_Gerard,2016-12-26 10:00:00,1,spike,45.029,143.59120034369042,59.877033,10.0,10.0,0.13300035078047268,0.0,0.0,7.000000000000001,3.325334765376331,1
Hog_public_Gerard,2016-12-26 11:00:00,0,normal,43.306,43.306,86.67598,10.0,10.0,0.0,0.0,0.0,7.000000000000001,3.325334765376331,1
Hog_public_Gerard,2016-12-26 12:00:00,0,normal,41.949,41.949,83.75306,10.0,10.0,0.0,0.0,0.0,7.000000000000001,3.325334765376331,1
Hog_public_Gerard,2016-12-26 13:00:00,0,normal,42.121,42.121,84.42478,10.0,0.0,0.0,0.0,0.0,7.000000000000001,3.325334765376331,1
Hog_public_Gerard,2016-12-26 14:00:00,0,normal,42.658,42.658,88.5612,10.0,2.6605155605938102,0.8721658920531632,0.0,0.0,7.000000000000001,3.325334765376331,1
Hog_public_Gerard,2016-12-26 15:00:00,0,normal,42.142,42.142,88.3473,10.0,0.0,1.1966489265666813,0.0,0.0,7.000000000000001,3.325334765376331,1
Hog_public_Gerard,2016-12-26 16:00:00,0,normal,42.01,42.01,87.21395,10.0,0.25329649000721044,1.2634494896930881,0.0,0.0,7.000000000000001,3.325334765376331,1
Hog_public_Gerard,2016-12-26 17:00:00,0,normal,42.937,42.937,86.409454,10.0,0.9298095788988153,1.2241572638861578,2.82490395752906,0.0,7.776848588320492,3.325334765376331,1
Hog_public_Gerard,2016-12-26 18:00:00,0,normal,43.49,43.49,84.83976,9.187840586705455,10.0,1.0717959107346726,3.0159974036185457,0.0,7.260887696688919,3.325334765376331,1
Hog_public_Gerard,2016-12-26 19:00:00,0,normal,43.724,43.724,80.003784,7.943168364503059,2.430353716723642,0.8652445934676424,2.746261064728997,0.0,6.315439647952616,3.325334765376331,1
Hog_public_Gerard,2016-12-26 20:00:00,0,normal,44.255,44.255,75.973816,6.823456772772268,2.118638458407886,1.1630832332043541,2.592030576465844,0.0,5.489228149468695,3.325334765376331,1
Hog_public_Gerard,2016-12-26 21:00:00,0,normal,43.57100000000001,43.57100000000001,71.701515,5.9425337580774835,1.5229785078081362,1.1748466542049958,2.3518835879827504,0.0,4.806541617349495,3.325334765376331,1
Hog_public_Gerard,2016-12-26 22:00:00,0,normal,43.846,43.846,52.27118,1.1049001964277665,10.0,1.2075402268520716,2.494870243050558,0.0,1.45951945433834,3.325334765376331,0
Hog_public_Gerard,2016-12-26 23:00:00,0,normal,43.982,43.982,43.20554,0.0,2.0816913183728643,1.222393587631604,2.9591644710508334,10.0,1.0637702295389782,3.325334765376331,0
Hog_public_Gerard,2016-12-27 00:00:00,0,normal,43.162,43.162,42.2405,0.0,0.0,1.3654294186542928,3.21280593254552,10.0,1.133521631450017,3.325334765376331,0
Hog_public_Gerard,2016-12-27 01:00:00,0,normal,44.56800000000001,44.56800000000001,41.456917,0.0,0.0,1.129246956090863,3.058395460120315,10.0,1.0910587515330856,3.325334765376331,0
Hog_public_Gerard,2016-12-27 02:00:00,0,normal,60.54,60.54,40.236866,6.7090393769852295,10.0,0.8976348314361444,2.8663004073569702,10.0,5.7345601759128275,3.325334765376331,1
Hog_public_Gerard,2016-12-27 03:00:00,0,normal,48.227,48.227,42.885475,0.8439018323275301,10.0,0.0,0.04844783580562035,6.979300099254654,0.7785369399571824,3.325334765376331,0
Hog_public_Gerard,2016-12-27 04:00:00,0,normal,42.601000000000006,42.601000000000006,40.317364,0.0,1.4306288823204076,0.0,0.06461305662486624,6.928979685740157,0.19099308271534152,3.325334765376331,0
Hog_public_Gerard,2016-12-27 05:00:00,0,normal,35.41,35.41,37.89499,0.0,0.0,0.0,0.03934999184517449,6.939255995703766,0.1843026476500165,3.325334765376331,0
Hog_public_Gerard,2016-12-27 06:00:00,0,normal,35.236,35.236,38.71411,0.9253296369240696,1.6337511701009781,0.0,0.0,5.91191307562664,0.7955285727375142,3.325334765376331,0
Hog_public_Gerard,2016-12-27 07:00:00,0,normal,39.725,39.725,41.90082,0.17295624146341637,1.2023104892911831,0.0,0.0,5.203880287549597,0.2511663762131309,3.325334765376331,0
Hog_public_Gerard,2016-12-27 08:00:00,0,normal,67.128,67.128,61.830082,1.9766888166813892,3.824934087330405,0.0,0.0,5.094608216606889,1.5110473770921442,3.325334765376331,0
Hog_public_Gerard,2016-12-27 09:00:00,0,normal,83.946,83.946,84.702446,0.0,4.2563747681402,0.0,0.0,2.9564486334811613,0.07391121583702877,3.325334765376331,0
Hog_public_Gerard,2016-12-27 10:00:00,0,normal,78.34899999999998,78.34899999999998,86.43368,3.5866868725943943,8.272527359502327,0.0,0.0,1.1124468600529729,2.5384919823174004,3.325334765376331,0
Hog_public_Gerard,2016-12-27 11:00:00,0,normal,80.153,80.153,88.25921,3.5991260070691533,0.0,0.0,0.0,0.0,2.5193882049484078,3.325334765376331,0
Hog_public_Gerard,2016-12-27 12:00:00,0,normal,80.922,80.922,89.42456,2.26667721450425,2.649313049766033,0.0,0.0,0.0,1.586674050152975,3.325334765376331,0
Hog_public_Gerard,2016-12-27 13:00:00,0,normal,81.232,81.232,90.95331,2.719358870251391,0.4547271287773114,0.2517265610851567,0.0,0.0,1.9035512091759739,3.325334765376331,0
Hog_public_Gerard,2016-12-27 14:00:00,0,normal,87.417,87.417,92.49808,0.9958294097421257,3.6248667979385387,0.8992672626884547,0.0,0.0,0.697080586819488,3.325334765376331,0
Hog_public_Gerard,2016-12-27 15:00:00,0,normal,86.45200000000001,86.45200000000001,93.98895,1.9080196857240999,1.6009749326995522,0.0,0.6645729102865394,0.0,1.5183713303356683,3.325334765376331,0
Hog_public_Gerard,2016-12-27 16:00:00,0,normal,85.28399999999998,85.28399999999998,94.28162,2.450556653781571,0.6788718996715466,0.0,0.5801422808833855,0.0,1.8749287848900307,3.325334765376331,0
Hog_public_Gerard,2016-12-27 17:00:00,0,normal,86.985,86.985,93.65876,1.5874024773341753,1.478654003495443,0.5905718316890898,0.7844868907521587,0.0,1.3269156290907664,3.325334765376331,0
Hog_public_Gerard,2016-12-27 18:00:00,0,normal,76.791,76.791,91.58486,2.668403223193004,2.022073954251179,0.7492011509347091,0.9235991296790662,0.0,2.1218720168968463,3.325334765376331,0
Hog_public_Gerard,2016-12-27 19:00:00,0,normal,72.063,72.063,90.1666,3.4809402818926425,1.3523892121416063,0.0,0.49820315143148475,0.9792575081649351,2.5981455016726316,3.325334765376331,0
Hog_public_Gerard,2016-12-27 20:00:00,0,normal,72.97800000000002,72.97800000000002,87.281235,2.5479549491757667,1.6528483624137493,0.0,0.045503151943520184,4.9758444059729925,1.9204779413568294,3.325334765376331,0
Hog_public_Gerard,2016-12-27 21:00:00,0,normal,72.686,72.686,84.7625,2.0012938071855895,0.6891596834152807,0.0,0.0,6.082859495970573,1.5529771524291764,3.325334765376331,0
Hog_public_Gerard,2016-12-27 22:00:00,0,normal,72.58,72.58,68.77732,0.0,4.317752107082295,1.0655309393445656,0.0,5.39931279185906,0.13498281979647603,3.325334765376331,0
Hog_public_Gerard,2016-12-27 23:00:00,0,normal,71.62899999999998,71.62899999999998,52.91349,3.631162535570402,8.383472244471363,1.3430077128481581,0.09419811459243425,4.787167102265284,2.6873974339688327,3.325334765376331,0
Hog_public_Gerard,2016-12-28 00:00:00,0,normal,55.575,55.575,51.966854,0.16439565277841262,7.973386018286277,0.928087187092022,1.3495833276029856,4.169048974294936,0.5904385963930828,3.325334765376331,0
Hog_public_Gerard,2016-12-28 01:00:00,0,normal,54.062,54.062,48.35359,0.9877261372171111,1.3793134960513902,0.0,0.0,2.0062177695384587,0.7415637402904391,3.325334765376331,0
Hog_public_Gerard,2016-12-28 02:00:00,0,normal,49.815,49.815,47.56539,0.0,1.7893997222364766,0.0,0.0,1.0342786920242015,0.025856967300604945,3.325334765376331,0
Hog_public_Gerard,2016-12-28 03:00:00,0,normal,40.399,40.399,45.609306,0.7924625401385298,1.3023131704697282,0.0,0.0,0.6804601030324282,0.5717352806727816,3.325334765376331,0
Hog_public_Gerard,2016-12-28 04:00:00,0,normal,35.043,35.043,41.292664,1.1999035511733291,0.3418739909557696,0.0,0.0,0.24171571388486132,0.8459753786684521,3.325334765376331,0
Hog_public_Gerard,2016-12-28 05:00:00,0,normal,36.135,36.135,36.5699,0.0,2.318677920902093,0.0,0.0,0.0,0.0,3.325334765376331,0
Hog_public_Gerard,2016-12-28 06:00:00,0,normal,34.221,34.221,36.447258,0.2020948727141418,0.0,0.0,0.0,0.0,0.14146641089989928,3.325334765376331,0
Hog_public_Gerard,2016-12-28 07:00:00,0,normal,39.609,39.609,37.090485,0.37094109105451595,0.0,0.629645307190224,0.0,0.0,0.2596587637381612,3.325334765376331,0
Hog_public_Gerard,2016-12-28 08:00:00,0,normal,66.298,66.298,53.631584,6.23370008983503,10.0,0.0,0.08951580213413243,0.0,4.388206908471408,3.325334765376331,1
Hog_public_Gerard,2016-12-28 09:00:00,0,normal,81.26100000000002,81.26100000000002,78.00609,0.7963802664126933,10.0,0.0,0.0,0.10415635862743827,0.5600700954545713,3.325334765376331,0
Hog_public_Gerard,2016-12-28 10:00:00,0,normal,79.56,79.56,84.15059,1.5680427232237741,1.2504272018815799,0.0,0.0,0.0,1.097629906256642,3.325334765376331,0
Hog_public_Gerard,2016-12-28 11:00:00,0,normal,81.217,81.217,84.19083,0.6339884949310166,1.65551473068743,0.0,0.0,0.0,0.44379194645171166,3.325334765376331,0
Hog_public_Gerard,2016-12-28 12:00:00,0,normal,82.855,82.855,84.9655,0.0,0.9069984401281016,0.6220063251039114,0.0,0.0,0.0,3.325334765376331,0
Hog_public_Gerard,2016-12-28 13:00:00,0,normal,88.5,88.5,85.14439,0.35493724800268295,0.21090294836148518,0.2258018115866333,0.0,0.0,0.24845607360187807,3.325334765376331,0
Hog_public_Gerard,2016-12-28 14:00:00,0,normal,90.444,90.444,85.66981,0.8818426120032353,0.6398787425619626,0.0,0.0,0.0,0.6172898284022648,3.325334765376331,0
Hog_public_Gerard,2016-12-28 15:00:00,0,normal,86.833,86.833,86.99317,0.0,1.525272450400043,0.0,0.3799249619015825,0.0,0.10447936452293517,3.325334765376331,0
Hog_public_Gerard,2016-12-28 16:00:00,0,normal,86.15100000000002,86.15100000000002,86.94754,0.0,0.0,0.17172595888491637,0.4051621410325538,0.0,0.11141958878395229,3.325334765376331,0
Hog_public_Gerard,2016-12-28 17:00:00,0,normal,85.402,85.402,86.39737,0.0,0.0,0.0,0.6608953700953779,0.0,0.1817462267762289,3.325334765376331,0
Hog_public_Gerard,2016-12-28 18:00:00,0,normal,72.47,72.47,86.0412,2.3682410902410234,5.2331049401642264,0.8354130195235147,0.9881737826414098,0.0,1.9295165533951042,3.325334765376331,0
Hog_public_Gerard,2016-12-28 19:00:00,0,normal,69.94,69.94,83.846954,2.4506686435134424,0.0,0.0,0.014318321029997859,0.5347882663751398,1.7327752954020377,3.325334765376331,0
Hog_public_Gerard,2016-12-28 20:00:00,0,normal,69.931,69.931,83.442665,2.3536256638229482,0.0,0.0,0.0,3.421372845684872,1.7330722858181855,3.325334765376331,0
Hog_public_Gerard,2016-12-28 21:00:00,0,normal,70.369,70.369,80.28453,1.4707794764061237,1.5277758770241374,0.3327597202173443,0.0,3.88039625303437,1.1265555398101457,3.325334765376331,0
Hog_public_Gerard,2016-12-28 22:00:00,0,normal,48.46100000000001,48.46100000000001,63.913303,2.830049757863693,2.7162194610656316,1.2916104844747918,0.0,3.342974895876519,2.064609202901498,3.325334765376331,0
Hog_public_Gerard,2016-12-28 23:00:00,0,normal,46.402,46.402,47.926453,0.0,6.385090230068509,0.0,0.0,1.2031582425226022,0.030078956063064946,3.325334765376331,0
Hog_public_Gerard,2016-12-29 00:00:00,0,normal,46.723,46.723,47.373672,0.0,0.0,0.0,0.0,0.39911332058677557,0.009977833014669354,3.325334765376331,0
Hog_public_Gerard,2016-12-29 01:00:00,0,normal,52.612,52.612,47.8105,0.6322049231731489,0.9025493065959628,0.5755886011571492,0.0,0.04508191361002735,0.443670494061455,3.325334765376331,0
Hog_public_Gerard,2016-12-29 02:00:00,0,normal,50.056,50.056,48.926025,0.0,0.9025493065959628,0.0,0.0,0.06129431537249576,0.0015323578843123885,3.325334765376331,0
Hog_public_Gerard,2016-12-29 03:00:00,0,normal,42.694,42.694,45.887394,0.0018077101476679837,0.0,0.0,0.0,0.2119950422288088,0.00656527315908779,3.325334765376331,0
Hog_public_Gerard,2016-12-29 04:00:00,0,normal,41.29600000000001,41.29600000000001,40.762253,0.0,0.0,0.0,0.7137142428503518,0.2578834429727017,0.20271850285816423,3.325334765376331,0
Hog_public_Gerard,2016-12-29 05:00:00,0,normal,33.904,33.904,37.70375,0.2395070890992816,0.0,0.0,0.43376815487570985,0.43925109575608307,0.29792248235421936,3.325334765376331,0
Hog_public_Gerard,2016-12-29 06:00:00,0,normal,34.792,34.792,35.290337,0.0,0.0,0.0,0.0,0.8205934141776587,0.020514835354441395,3.325334765376331,0
Hog_public_Gerard,2016-12-29 07:00:00,0,normal,42.994,42.994,38.982487,1.2334925992790695,2.4024660609534534,0.0,0.0,0.9303733917102255,0.8867041542881043,3.325334765376331,0
Hog_public_Gerard,2016-12-29 08:00:00,0,normal,70.259,70.259,66.29327,1.20704431115828,0.0,0.0,0.09268894001590851,1.3771959853182534,0.9048503759481271,3.325334765376331,0
Hog_public_Gerard,2016-12-29 09:00:00,0,normal,87.109,87.109,74.93912,5.946837316937742,10.0,0.0,0.0,1.3632822039985113,4.196868176956382,3.325334765376331,1
Hog_public_Gerard,2016-12-29 10:00:00,0,normal,87.789,87.789,81.900406,2.3179408203481655,8.377819592723405,0.0,0.0,0.3791237262864199,1.6320366674008766,3.325334765376331,0
Hog_public_Gerard,2016-12-29 11:00:00,0,normal,87.6,87.6,84.36,0.7877649340901735,3.142544812873769,0.0,0.0,0.0,0.5514354538631214,3.325334765376331,0
Hog_public_Gerard,2016-12-29 12:00:00,0,normal,86.735,86.735,88.75651,0.0,1.2905949558824406,1.2024819753528782,0.0,0.0,0.0,3.325334765376331,0
Hog_public_Gerard,2016-12-29 13:00:00,0,normal,86.93700000000004,86.93700000000004,88.280945,0.0,0.0,1.0038009752111057,0.0,0.0,0.0,3.325334765376331,0
Hog_public_Gerard,2016-12-29 14:00:00,0,normal,88.834,88.834,89.8066,0.0,0.0,1.103100310738892,0.0,0.0,0.0,3.325334765376331,0
Hog_public_Gerard,2016-12-29 15:00:00,0,normal,85.04899999999998,85.04899999999998,87.13385,0.0,0.0,0.5570133769375244,2.4704571911911954,0.0,0.6793757275775787,3.325334765376331,0
Hog_public_Gerard,2016-12-29 16:00:00,0,normal,84.03200000000002,84.03200000000002,89.42209,1.110606021573414,2.095924543289124,0.17684892716844694,1.9275666122375725,0.0,1.3075050334667222,3.325334765376331,0
Hog_public_Gerard,2016-12-29 17:00:00,0,normal,83.10600000000002,83.10600000000002,87.57759,0.7694467323087265,0.1765337238235699,0.0,1.5493550925594048,0.0,0.964685363069945,3.325334765376331,0
Hog_public_Gerard,2016-12-29 18:00:00,0,normal,74.271,74.271,86.00083,1.9161879300732885,2.186064019524149,0.6696974522966798,1.3028566498875618,0.0,1.6996171297703815,3.325334765376331,0
Hog_public_Gerard,2016-12-29 19:00:00,0,normal,67.249,67.249,84.52318,3.277317559696156,2.7208576194316514,0.0,0.28793000597985496,0.9988169183532629,2.3982734663906013,3.325334765376331,0
Hog_public_Gerard,2016-12-29 20:00:00,0,normal,66.995,66.995,75.731995,1.181450466253593,4.553665900443484,0.0,0.0,3.8614579150281862,0.9235517742532195,3.325334765376331,0
Hog_public_Gerard,2016-12-29 21:00:00,0,normal,67.531,67.531,61.535225,0.5084847444682047,1.0042274337038264,0.0,0.0,3.4526599119731123,0.4422558189270708,3.325334765376331,0
Hog_public_Gerard,2016-12-29 22:00:00,0,normal,66.942,66.942,52.81972,2.503530502898556,4.3021663011820035,1.286492755202236,0.0,2.8775524889306143,1.8244101642522546,3.325334765376331,0
Hog_public_Gerard,2016-12-29 23:00:00,0,normal,73.16199999999998,73.16199999999998,49.411407,4.867268616699874,5.221872230639676,1.2179997880438158,0.01615241325026343,2.510408728970509,3.4742901635579972,3.325334765376331,1
Hog_public_Gerard,2016-12-30 00:00:00,0,normal,47.26,47.26,47.83899,0.0,10.0,0.0,0.6801661125993064,2.582230499128037,0.25160144344300994,3.325334765376331,0
Hog_public_Gerard,2016-12-30 01:00:00,0,normal,51.549,51.549,43.900314,1.7483376751423345,3.686751081040464,0.0,0.0,1.1800204410175699,1.2533368836250733,3.325334765376331,0
Hog_public_Gerard,2016-12-30 02:00:00,0,normal,55.44600000000001,55.44600000000001,45.01363,2.8395767133216143,2.0476134535585775,0.0,0.0,0.8794535845318662,2.0096900389384267,3.325334765376331,0
Hog_public_Gerard,2016-12-30 03:00:00,0,normal,52.604,52.604,45.737846,1.4415753464066232,2.812834453024664,0.0,0.0,1.0124582577029861,1.0344141989272109,3.325334765376331,0
Hog_public_Gerard,2016-12-30 04:00:00,0,normal,38.595,38.595,42.140263,0.13974461395190588,2.5729360622272055,0.05980233439400202,0.0,1.0447010965151673,0.12393875717921321,3.325334765376331,0
Hog_public_Gerard,2016-12-30 05:00:00,0,normal,36.047,36.047,35.144394,0.0,0.0,0.0,0.0,0.7947731826739557,0.019869329566848823,3.325334765376331,0
Hog_public_Gerard,2016-12-30 06:00:00,0,normal,35.438,35.438,34.979477,0.0,0.0,0.0,0.0,0.7066334025167713,0.01766583506291922,3.325334765376331,0
Hog_public_Gerard,2016-12-30 07:00:00,0,normal,41.37600000000001,41.37600000000001,35.532433,2.2919275055900643,5.042740113556857,0.20811954461717372,0.0,0.5662021046979112,1.6185043065304927,3.325334765376331,0
Hog_public_Gerard,2016-12-30 08:00:00,0,normal,68.327,68.327,41.313404,10.0,10.0,0.0,0.0,0.6110724880697986,7.015276812201746,3.325334765376331,1
Hog_public_Gerard,2016-12-30 09:00:00,0,normal,81.214,81.214,57.584293,10.0,4.202218249121928,0.0,0.0,0.5711515275719571,7.0142787881893,3.325334765376331,1
Hog_public_Gerard,2016-12-30 10:00:00,0,normal,85.57799999999997,85.57799999999997,66.6434,9.855024618929495,6.0918887377331785,0.0,0.0,0.06776736218903773,6.900211417305373,3.325334765376331,1
Hog_public_Gerard,2016-12-30 11:00:00,0,normal,84.116,84.116,71.782364,6.0414428508626585,8.838518429536094,0.0,0.0,0.0,4.229009995603861,3.325334765376331,1
Hog_public_Gerard,2016-12-30 12:00:00,0,normal,86.634,86.634,73.73624,3.8991955349903713,4.669361723686858,0.0,0.0,0.0,2.7294368744932602,3.325334765376331,0
Hog_public_Gerard,2016-12-30 13:00:00,0,normal,88.11200000000002,88.11200000000002,76.13983,3.5554000861834254,0.18310964417204625,0.41072031688810257,0.0,0.0,2.488780060328398,3.325334765376331,0
Hog_public_Gerard,2016-12-30 14:00:00,0,normal,89.654,89.654,80.24547,2.6031838120782327,1.700820094309553,0.04043140660697854,0.0,0.0,1.822228668454763,3.325334765376331,0
Hog_public_Gerard,2016-12-30 15:00:00,0,normal,90.287,90.287,83.40584,1.6644381540878197,1.6672175383201677,0.27713768495782576,0.7687699337995351,0.0,1.376518439656346,3.325334765376331,0
Hog_public_Gerard,2016-12-30 16:00:00,0,normal,88.64299999999999,88.64299999999999,83.610535,0.9777733423453332,1.0383999194583526,0.5167877147683255,1.0551400848300758,0.0,0.9746048629700041,3.325334765376331,0
Hog_public_Gerard,2016-12-30 17:00:00,0,normal,87.383,87.383,83.27379,0.6348474847710947,0.1809404421224926,0.7310521165397965,1.144519092524173,0.0,0.7591359897839138,3.325334765376331,0
Hog_public_Gerard,2016-12-30 18:00:00,0,normal,75.775,75.775,78.559204,0.0,0.9091411969218213,0.33285067119219636,1.760898249270908,0.0,0.48424701854949964,3.325334765376331,0
Hog_public_Gerard,2016-12-30 19:00:00,0,normal,67.078,67.078,65.7824,0.0,0.0,0.0,0.1613445109128856,0.5306386259146765,0.05763570614891039,3.325334765376331,0
Hog_public_Gerard,2016-12-30 20:00:00,0,normal,67.863,67.863,57.576622,1.5618220037671846,3.221486297538495,0.0,0.0,3.071208636833502,1.1700556185578666,3.325334765376331,0
Hog_public_Gerard,2016-12-30 21:00:00,0,normal,67.844,67.844,61.221054,0.6624543439782573,1.5689888175221998,0.0,0.0,3.019035843289568,0.5391939368670191,3.325334765376331,0
Hog_public_Gerard,2016-12-30 22:00:00,0,normal,66.92,66.92,62.736073,0.0636785821429279,0.8191600053226692,1.0756524062634427,0.0,2.365136071397173,0.10370340928497866,3.325334765376331,0
Hog_public_Gerard,2016-12-30 23:00:00,0,normal,66.373,66.373,51.130592,2.7785206397335234,6.097703731496444,0.9865028719623233,0.0,1.948980812797007,1.9936889681333914,3.325334765376331,0
