timestamp,building_id,site_id,electricity,airTemperature,dewTemperature,seaLvlPressure,windSpeed,cloudCoverage,hour,day_of_week,is_weekend,month,hour_sin,hour_cos,dow_sin,dow_cos,electricity_lag_1h,electricity_lag_24h,electricity_rolling_24h,electricity_rolling_std_24h,split
2016-07-02 00:00:00,Bear_public_Valorie,Bear,38.75,13.9,10.6,1012.1,3.6,0.0,0,5,1,7,0.0,1.0,-0.9749279121818236,-0.2225209339563146,37.75,122.0,149.96666666666667,83.37282383140918,train
2016-07-02 01:00:00,Bear_public_Valorie,Bear,38.0,13.9,10.6,1012.3,1.5,2.0,1,5,1,7,0.25881904510252074,0.9659258262890683,-0.9749279121818236,-0.2225209339563146,38.75,121.25,146.49791666666667,86.2999703752867,train
2016-07-02 02:00:00,Bear_public_Valorie,Bear,38.75,13.3,10.0,1012.3,2.1,2.0,2,5,1,7,0.49999999999999994,0.8660254037844387,-0.9749279121818236,-0.2225209339563146,38.0,44.75,146.24791666666667,86.61564960410203,train
2016-07-02 03:00:00,Bear_public_Valorie,Bear,37.75,13.3,10.6,1012.4,1.5,2.0,3,5,1,7,0.7071067811865476,0.7071067811865476,-0.9749279121818236,-0.2225209339563146,38.75,40.2,146.14583333333334,86.74741308843875,train
2016-07-02 04:00:00,Bear_public_Valorie,Bear,48.5,13.3,10.6,1012.3,2.6,2.3333333333333335,4,5,1,7,0.8660254037844386,0.5000000000000001,-0.9749279121818236,-0.2225209339563146,37.75,49.5,146.10416666666666,86.79607899963078,train
2016-07-02 05:00:00,Bear_public_Valorie,Bear,60.5,13.3,10.0,1012.5,2.6,2.6666666666666665,5,5,1,7,0.9659258262890683,0.25881904510252074,-0.9749279121818236,-0.2225209339563146,48.5,62.75,146.01041666666666,86.89118880026437,train
2016-07-02 06:00:00,Bear_public_Valorie,Bear,102.0,13.9,10.6,1013.1,2.1,3.0,6,5,1,7,1.0,6.123233995736766e-17,-0.9749279121818236,-0.2225209339563146,60.5,145.0,144.21875,87.35501380859601,train
2016-07-02 07:00:00,Bear_public_Valorie,Bear,113.5,14.4,10.6,1013.6,1.5,3.333333333333333,7,5,1,7,0.9659258262890683,-0.25881904510252063,-0.9749279121818236,-0.2225209339563146,102.0,150.5,142.67708333333334,87.56558036715244,train
2016-07-02 08:00:00,Bear_public_Valorie,Bear,112.75,15.6,11.1,1014.2,2.1,3.6666666666666665,8,5,1,7,0.8660254037844387,-0.4999999999999998,-0.9749279121818236,-0.2225209339563146,113.5,185.0,139.66666666666666,87.28880309024483,train
2016-07-02 09:00:00,Bear_public_Valorie,Bear,118.75,16.7,11.1,1014.6,0.0,4.0,9,5,1,7,0.7071067811865476,-0.7071067811865475,-0.9749279121818236,-0.2225209339563146,112.75,230.0,135.03125,85.21237256114865,train
2016-07-02 10:00:00,Bear_public_Valorie,Bear,119.5,17.8,11.7,1014.7,2.6,2.0,10,5,1,7,0.49999999999999994,-0.8660254037844387,-0.9749279121818236,-0.2225209339563146,118.75,240.0,130.01041666666666,82.25733346343345,train
2016-07-02 11:00:00,Bear_public_Valorie,Bear,126.75,18.9,11.7,1014.7,3.1,2.0,11,5,1,7,0.258819045102521,-0.9659258262890682,-0.9749279121818236,-0.2225209339563146,119.5,243.75,125.13541666666667,78.60958769819179,train
2016-07-02 12:00:00,Bear_public_Valorie,Bear,133.25,20.0,11.1,1015.0,4.1,2.0,12,5,1,7,1.2246467991473532e-16,-1.0,-0.9749279121818236,-0.2225209339563146,126.75,247.75,120.36458333333333,74.19510044641505,train
2016-07-02 13:00:00,Bear_public_Valorie,Bear,134.5,20.6,11.1,1014.9,6.2,2.0,13,5,1,7,-0.2588190451025208,-0.9659258262890683,-0.9749279121818236,-0.2225209339563146,133.25,247.75,115.64583333333333,69.17255191480066,train
2016-07-02 14:00:00,Bear_public_Valorie,Bear,134.5,21.7,11.7,1014.7,6.2,2.0,14,5,1,7,-0.4999999999999997,-0.8660254037844388,-0.9749279121818236,-0.2225209339563146,134.5,249.75,110.84375,63.200673002229784,train
2016-07-02 15:00:00,Bear_public_Valorie,Bear,133.0,20.6,11.7,1014.5,8.2,2.0,15,5,1,7,-0.7071067811865471,-0.7071067811865479,-0.9749279121818236,-0.2225209339563146,134.5,250.5,105.94791666666667,56.05945888298974,train
2016-07-02 16:00:00,Bear_public_Valorie,Bear,131.75,20.0,11.7,1014.2,7.2,2.0,16,5,1,7,-0.8660254037844385,-0.5000000000000004,-0.9749279121818236,-0.2225209339563146,133.0,245.5,101.20833333333333,47.97330930629129,train
2016-07-02 17:00:00,Bear_public_Valorie,Bear,133.25,20.0,11.7,1014.3,7.7,2.0,17,5,1,7,-0.9659258262890683,-0.25881904510252063,-0.9749279121818236,-0.2225209339563146,131.75,225.75,97.35416666666667,40.69644498058724,train
2016-07-02 18:00:00,Bear_public_Valorie,Bear,126.5,18.9,12.2,1014.1,6.2,2.0,18,5,1,7,-1.0,-1.8369701987210297e-16,-0.9749279121818236,-0.2225209339563146,133.25,149.25,96.40625,39.687557771269056,train
2016-07-02 19:00:00,Bear_public_Valorie,Bear,118.0,17.8,11.7,1014.1,5.1,2.0,19,5,1,7,-0.9659258262890684,0.2588190451025203,-0.9749279121818236,-0.2225209339563146,126.5,118.75,96.375,39.6694905218212,train
2016-07-02 20:00:00,Bear_public_Valorie,Bear,117.25,16.7,11.7,1014.4,5.1,2.0,20,5,1,7,-0.8660254037844386,0.5000000000000001,-0.9749279121818236,-0.2225209339563146,118.0,115.25,96.45833333333333,39.71294189081415,train
2016-07-02 21:00:00,Bear_public_Valorie,Bear,116.75,15.0,11.1,1014.5,6.7,2.0,21,5,1,7,-0.7071067811865477,0.7071067811865474,-0.9749279121818236,-0.2225209339563146,117.25,116.25,96.47916666666667,39.723905617854655,train
2016-07-02 22:00:00,Bear_public_Valorie,Bear,60.5,14.4,11.1,1015.2,4.1,2.0,22,5,1,7,-0.5000000000000004,0.8660254037844384,-0.9749279121818236,-0.2225209339563146,116.75,43.5,97.1875,38.88075764716249,train
2016-07-02 23:00:00,Bear_public_Valorie,Bear,37.0,13.9,11.1,1015.3,4.1,2.0,23,5,1,7,-0.25881904510252157,0.9659258262890681,-0.9749279121818236,-0.2225209339563146,60.5,37.75,97.15625,38.9308760678852,train
2016-07-03 00:00:00,Bear_public_Valorie,Bear,38.25,13.9,11.1,1015.3,3.6,2.0,0,6,1,7,0.0,1.0,-0.7818314824680299,0.6234898018587334,37.0,38.75,97.13541666666667,38.963610333920755,train
2016-07-03 01:00:00,Bear_public_Valorie,Bear,37.75,13.3,10.6,1015.3,3.1,2.0,1,6,1,7,0.25881904510252074,0.9659258262890683,-0.7818314824680299,0.6234898018587334,38.25,38.0,97.125,38.98013708232072,train
2016-07-03 02:00:00,Bear_public_Valorie,Bear,38.5,13.3,10.6,1015.3,3.1,2.0,2,6,1,7,0.49999999999999994,0.8660254037844387,-0.7818314824680299,0.6234898018587334,37.75,38.75,97.11458333333333,38.99644487465892,train
2016-07-03 03:00:00,Bear_public_Valorie,Bear,38.0,13.9,11.1,1015.2,3.1,2.0,3,6,1,7,0.7071067811865476,0.7071067811865476,-0.7818314824680299,0.6234898018587334,38.5,37.75,97.125,38.9799279451449,train
2016-07-03 04:00:00,Bear_public_Valorie,Bear,43.0,13.9,11.1,1015.4,2.6,2.0,4,6,1,7,0.8660254037844386,0.5000000000000001,-0.7818314824680299,0.6234898018587334,38.0,48.5,96.89583333333333,39.29313723868284,train
2016-07-03 05:00:00,Bear_public_Valorie,Bear,59.75,13.9,11.1,1015.5,3.1,2.0,5,6,1,7,0.9659258262890683,0.25881904510252074,-0.7818314824680299,0.6234898018587334,43.0,60.5,96.86458333333333,39.32362792091177,train
2016-07-03 06:00:00,Bear_public_Valorie,Bear,59.25,13.9,10.6,1015.7,2.6,2.0,6,6,1,7,1.0,6.123233995736766e-17,-0.7818314824680299,0.6234898018587334,59.75,102.0,95.08333333333333,40.042549832664776,train
2016-07-03 07:00:00,Bear_public_Valorie,Bear,58.5,14.4,10.6,1016.3,2.1,2.0,7,6,1,7,0.9659258262890683,-0.25881904510252063,-0.7818314824680299,0.6234898018587334,59.25,113.5,92.79166666666667,40.51379707733133,train
2016-07-03 08:00:00,Bear_public_Valorie,Bear,57.0,15.0,11.1,1016.7,3.1,2.0,8,6,1,7,0.8660254037844387,-0.4999999999999998,-0.7818314824680299,0.6234898018587334,58.5,112.75,90.46875,40.91596056313893,train
2016-07-03 09:00:00,Bear_public_Valorie,Bear,57.5,16.1,11.1,1017.2,2.1,2.0,9,6,1,7,0.7071067811865476,-0.7071067811865475,-0.7818314824680299,0.6234898018587334,57.0,118.75,87.91666666666667,40.98539418173108,train
2016-07-03 10:00:00,Bear_public_Valorie,Bear,56.75,17.8,11.7,1017.3,2.6,2.0,10,6,1,7,0.49999999999999994,-0.8660254037844387,-0.7818314824680299,0.6234898018587334,57.5,119.5,85.30208333333333,40.88437960237389,train
2016-07-03 11:00:00,Bear_public_Valorie,Bear,57.75,19.4,11.7,1017.2,4.6,2.0,11,6,1,7,0.258819045102521,-0.9659258262890682,-0.7818314824680299,0.6234898018587334,56.75,126.75,82.42708333333333,40.26437625831308,train
2016-07-03 12:00:00,Bear_public_Valorie,Bear,103.25,20.6,11.1,1017.2,4.6,2.0,12,6,1,7,1.2246467991473532e-16,-1.0,-0.7818314824680299,0.6234898018587334,57.75,133.25,81.17708333333333,39.06582232248382,train
2016-07-03 13:00:00,Bear_public_Valorie,Bear,126.0,21.1,11.7,1017.2,6.2,2.0,13,6,1,7,-0.2588190451025208,-0.9659258262890683,-0.7818314824680299,0.6234898018587334,103.25,134.5,80.82291666666667,38.59710222048841,train
2016-07-03 14:00:00,Bear_public_Valorie,Bear,130.5,19.4,11.1,1016.8,8.8,2.0,14,6,1,7,-0.4999999999999997,-0.8660254037844388,-0.7818314824680299,0.6234898018587334,126.0,134.5,80.65625,38.363168229832446,train
2016-07-03 15:00:00,Bear_public_Valorie,Bear,133.75,20.0,11.1,1016.5,8.2,2.0,15,6,1,7,-0.7071067811865471,-0.7071067811865479,-0.7818314824680299,0.6234898018587334,130.5,133.0,80.6875,38.407939764539734,train
2016-07-03 16:00:00,Bear_public_Valorie,Bear,130.25,19.4,11.7,1016.1,8.2,2.0,16,6,1,7,-0.8660254037844385,-0.5000000000000004,-0.7818314824680299,0.6234898018587334,133.75,131.75,80.625,38.32235980298651,train
2016-07-03 17:00:00,Bear_public_Valorie,Bear,126.0,19.4,11.7,1015.8,6.7,2.0,17,6,1,7,-0.9659258262890683,-0.25881904510252063,-0.7818314824680299,0.6234898018587334,130.25,133.25,80.32291666666667,37.91591663934079,train
2016-07-03 18:00:00,Bear_public_Valorie,Bear,116.5,18.3,11.7,1015.6,7.2,2.0,18,6,1,7,-1.0,-1.8369701987210297e-16,-0.7818314824680299,0.6234898018587334,126.0,126.5,79.90625,37.438341519902565,train
2016-07-03 19:00:00,Bear_public_Valorie,Bear,115.7229,17.2,11.1,1015.5,7.7,2.0,19,6,1,7,-0.9659258262890684,0.2588190451025203,-0.7818314824680299,0.6234898018587334,116.5,118.0,79.81137083333333,37.34036115734926,train
2016-07-03 20:00:00,Bear_public_Valorie,Bear,115.6067,15.6,11.7,1015.8,6.7,2.0,20,6,1,7,-0.8660254037844386,0.5000000000000001,-0.7818314824680299,0.6234898018587334,115.7229,117.25,79.7429,37.27016597964685,train
2016-07-03 21:00:00,Bear_public_Valorie,Bear,114.75,15.0,11.7,1015.9,4.1,4.0,21,6,1,7,-0.7071067811865477,0.7071067811865474,-0.7818314824680299,0.6234898018587334,115.6067,116.75,79.65956666666666,37.18596403787036,train
2016-07-03 22:00:00,Bear_public_Valorie,Bear,115.5,14.4,11.1,1016.2,3.6,2.0,22,6,1,7,-0.5000000000000004,0.8660254037844384,-0.7818314824680299,0.6234898018587334,114.75,60.5,81.95123333333333,37.64578167534215,train
2016-07-03 23:00:00,Bear_public_Valorie,Bear,116.75,13.9,11.1,1016.3,5.1,2.0,23,6,1,7,-0.25881904510252157,0.9659258262890681,-0.7818314824680299,0.6234898018587334,115.5,37.0,85.27415,37.02000068820602,train
2016-07-04 00:00:00,Bear_public_Valorie,Bear,117.25,13.9,11.1,1016.3,4.6,2.0,0,0,0,7,0.0,1.0,0.0,1.0,116.75,38.25,88.56581666666666,36.15918489684259,train
2016-07-04 01:00:00,Bear_public_Valorie,Bear,114.75,13.9,11.1,1016.2,3.6,2.0,1,0,0,7,0.25881904510252074,0.9659258262890683,0.0,1.0,117.25,37.75,91.77415,34.84656777556985,train
2016-07-04 02:00:00,Bear_public_Valorie,Bear,117.25,14.4,11.1,1016.0,2.6,2.0,2,0,0,7,0.49999999999999994,0.8660254037844387,0.0,1.0,114.75,38.5,95.0554,33.284675289192,train
2016-07-04 03:00:00,Bear_public_Valorie,Bear,116.0,14.4,11.1,1015.7,3.6,2.0,3,0,0,7,0.7071067811865476,0.7071067811865476,0.0,1.0,117.25,38.0,98.3054,31.215143070840405,train
2016-07-04 04:00:00,Bear_public_Valorie,Bear,116.75,14.4,11.1,1015.6,3.1,2.0,4,0,0,7,0.8660254037844386,0.5000000000000001,0.0,1.0,116.0,43.0,101.37831666666666,29.09186873195144,train
2016-07-04 05:00:00,Bear_public_Valorie,Bear,116.75,14.4,11.1,1015.8,2.6,2.0,5,0,0,7,0.9659258262890683,0.25881904510252074,0.0,1.0,116.75,59.75,103.75331666666666,27.84564902808615,train
2016-07-04 06:00:00,Bear_public_Valorie,Bear,115.5,15.0,11.1,1016.2,3.1,2.0,6,0,0,7,1.0,6.123233995736766e-17,0.0,1.0,116.75,59.25,106.09706666666666,26.259033512126972,train
2016-07-04 07:00:00,Bear_public_Valorie,Bear,115.25,15.0,11.1,1016.4,2.1,2.0,7,0,0,7,0.9659258262890683,-0.25881904510252063,0.0,1.0,115.5,58.5,108.46165,24.266144488692063,train
2016-07-04 08:00:00,Bear_public_Valorie,Bear,116.75,16.1,11.1,1016.8,1.5,2.0,8,0,0,7,0.8660254037844387,-0.4999999999999998,0.0,1.0,115.25,57.0,110.95123333333333,21.684592198542607,train
2016-07-04 09:00:00,Bear_public_Valorie,Bear,119.0,16.1,11.7,1017.0,1.5,2.0,9,0,0,7,0.7071067811865476,-0.7071067811865475,0.0,1.0,116.75,57.5,113.51373333333333,18.492360282481393,train
2016-07-04 10:00:00,Bear_public_Valorie,Bear,116.5,17.2,11.7,1017.3,3.1,2.0,10,0,0,7,0.49999999999999994,-0.8660254037844387,0.0,1.0,119.0,56.75,116.00331666666666,13.992690180626761,train
2016-07-04 11:00:00,Bear_public_Valorie,Bear,118.75,18.3,11.1,1017.3,2.6,2.0,11,0,0,7,0.258819045102521,-0.9659258262890682,0.0,1.0,116.5,57.75,118.54498333333333,6.468476755348755,train
2016-07-04 12:00:00,Bear_public_Valorie,Bear,122.25,20.6,11.7,1017.3,4.1,2.0,12,0,0,7,1.2246467991473532e-16,-1.0,0.0,1.0,118.75,103.25,119.33665,5.622533747109554,train
2016-07-04 13:00:00,Bear_public_Valorie,Bear,119.0,21.1,11.7,1017.1,5.7,2.0,13,0,0,7,-0.2588190451025208,-0.9659258262890683,0.0,1.0,122.25,126.0,119.04498333333333,5.4404595605646575,train
2016-07-04 14:00:00,Bear_public_Valorie,Bear,117.25,20.6,12.2,1017.1,8.2,2.0,14,0,0,7,-0.4999999999999997,-0.8660254037844388,0.0,1.0,119.0,130.5,118.4929,4.86985965095447,train
2016-07-04 15:00:00,Bear_public_Valorie,Bear,115.75,20.6,12.8,1017.0,6.7,2.0,15,0,0,7,-0.7071067811865471,-0.7071067811865479,0.0,1.0,117.25,133.75,117.7429,3.65169204056486,train
2016-07-04 16:00:00,Bear_public_Valorie,Bear,119.75,20.6,12.2,1016.2,6.2,2.0,16,0,0,7,-0.8660254037844385,-0.5000000000000004,0.0,1.0,115.75,130.25,117.3054,2.5512896096225894,train
2016-07-04 17:00:00,Bear_public_Valorie,Bear,121.0,19.4,12.2,1015.7,7.7,2.0,17,0,0,7,-0.9659258262890683,-0.25881904510252063,0.0,1.0,119.75,126.0,117.09706666666666,1.9417735370711,train
2016-07-04 18:00:00,Bear_public_Valorie,Bear,116.5,17.8,12.2,1015.2,8.2,2.0,18,0,0,7,-1.0,-1.8369701987210297e-16,0.0,1.0,121.0,116.5,117.09706666666666,1.9417735370711,train
2016-07-04 19:00:00,Bear_public_Valorie,Bear,114.0,16.1,11.7,1015.2,8.2,2.0,19,0,0,7,-0.9659258262890684,0.2588190451025203,0.0,1.0,116.5,115.7229,117.02527916666668,2.0248558512242285,train
2016-07-04 20:00:00,Bear_public_Valorie,Bear,114.5,15.6,11.7,1015.2,7.2,2.0,20,0,0,7,-0.8660254037844386,0.5000000000000001,0.0,1.0,114.0,115.6067,116.97916666666667,2.070649796490073,train
2016-07-04 21:00:00,Bear_public_Valorie,Bear,115.25,15.0,11.7,1015.4,6.2,2.0,21,0,0,7,-0.7071067811865477,0.7071067811865474,0.0,1.0,114.5,114.75,117.0,2.0496553262721946,train
2016-07-04 22:00:00,Bear_public_Valorie,Bear,118.75,15.0,11.7,1015.9,4.6,2.0,22,0,0,7,-0.5000000000000004,0.8660254037844384,0.0,1.0,115.25,115.5,117.13541666666667,2.053601246519002,train
2016-07-04 23:00:00,Bear_public_Valorie,Bear,118.0,14.4,11.7,1016.1,5.1,2.0,23,0,0,7,-0.25881904510252157,0.9659258262890681,0.0,1.0,118.75,116.75,117.1875,2.0592447961398475,train
2016-07-05 00:00:00,Bear_public_Valorie,Bear,117.0,14.4,11.1,1016.1,3.6,2.0,0,1,0,7,0.0,1.0,0.7818314824680298,0.6234898018587336,118.0,117.25,117.17708333333333,2.0595471835924357,train
2016-07-05 01:00:00,Bear_public_Valorie,Bear,119.0,15.0,11.7,1015.9,4.6,2.0,1,1,0,7,0.25881904510252074,0.9659258262890683,0.7818314824680298,0.6234898018587336,117.0,114.75,117.35416666666667,2.0241969243134585,train
2016-07-05 02:00:00,Bear_public_Valorie,Bear,57.0,15.0,11.1,1015.7,4.6,2.0,2,1,0,7,0.49999999999999994,0.8660254037844387,0.7818314824680298,0.6234898018587336,119.0,117.25,114.84375,12.485820762316342,train
2016-07-05 03:00:00,Bear_public_Valorie,Bear,38.25,15.0,11.1,1015.5,4.1,2.0,3,1,0,7,0.7071067811865476,0.7071067811865476,0.7818314824680298,0.6234898018587336,57.0,116.0,111.60416666666667,19.99890169085727,train
2016-07-05 04:00:00,Bear_public_Valorie,Bear,42.75,15.0,11.1,1015.2,3.1,2.0,4,1,0,7,0.8660254037844386,0.5000000000000001,0.7818314824680298,0.6234898018587336,38.25,116.75,108.52083333333333,24.392835355215695,train
2016-07-05 05:00:00,Bear_public_Valorie,Bear,60.25,15.0,11.1,1015.3,4.1,2.0,5,1,0,7,0.9659258262890683,0.25881904510252074,0.7818314824680298,0.6234898018587336,42.75,116.75,106.16666666666667,26.22194843466326,train
2016-07-05 06:00:00,Bear_public_Valorie,Bear,114.75,15.0,11.1,1015.4,4.1,2.0,6,1,0,7,1.0,6.123233995736766e-17,0.7818314824680298,0.6234898018587336,60.25,115.5,106.13541666666667,26.210786359015728,train
2016-07-05 07:00:00,Bear_public_Valorie,Bear,133.75,15.0,11.1,1015.8,3.6,2.0,7,1,0,7,0.9659258262890683,-0.25881904510252063,0.7818314824680298,0.6234898018587336,114.75,115.25,106.90625,26.756837047833997,train
2016-07-05 08:00:00,Bear_public_Valorie,Bear,158.75,15.6,10.6,1016.2,2.6,2.0,8,1,0,7,0.8660254037844387,-0.4999999999999998,0.7818314824680298,0.6234898018587336,133.75,116.75,108.65625,28.72941725411192,train
2016-07-05 09:00:00,Bear_public_Valorie,Bear,225.75,16.1,10.6,1016.5,2.1,2.0,9,1,0,7,0.7071067811865476,-0.7071067811865475,0.7818314824680298,0.6234898018587336,158.75,119.0,113.10416666666667,37.36591365968699,train
2016-07-05 10:00:00,Bear_public_Valorie,Bear,227.5,16.7,11.1,1016.6,1.5,2.0,10,1,0,7,0.49999999999999994,-0.8660254037844387,0.7818314824680298,0.6234898018587336,225.75,116.5,117.72916666666667,44.072255190042476,train
2016-07-05 11:00:00,Bear_public_Valorie,Bear,232.75,17.2,11.1,1016.7,6.2,2.0,11,1,0,7,0.258819045102521,-0.9659258262890682,0.7818314824680298,0.6234898018587336,227.5,118.75,122.47916666666667,49.9397961825398,train
2016-07-05 12:00:00,Bear_public_Valorie,Bear,234.25,17.8,10.6,1016.9,6.7,2.0,12,1,0,7,1.2246467991473532e-16,-1.0,0.7818314824680298,0.6234898018587336,232.75,122.25,127.14583333333333,54.903715952222335,train
2016-07-05 13:00:00,Bear_public_Valorie,Bear,238.5,17.8,10.6,1016.6,6.2,2.0,13,1,0,7,-0.2588190451025208,-0.9659258262890683,0.7818314824680298,0.6234898018587336,234.25,119.0,132.125,59.36987964191646,train
2016-07-05 14:00:00,Bear_public_Valorie,Bear,241.5,18.3,10.0,1016.1,6.7,2.0,14,1,0,7,-0.4999999999999997,-0.8660254037844388,0.7818314824680298,0.6234898018587336,238.5,117.25,137.30208333333334,63.30340069024151,train
2016-07-05 15:00:00,Bear_public_Valorie,Bear,244.5,20.0,10.6,1015.8,7.2,2.0,15,1,0,7,-0.7071067811865471,-0.7071067811865479,0.7818314824680298,0.6234898018587336,241.5,115.75,142.66666666666666,66.758677447151,train
2016-07-05 16:00:00,Bear_public_Valorie,Bear,242.5,18.9,10.6,1015.2,7.7,2.0,16,1,0,7,-0.8660254037844385,-0.5000000000000004,0.7818314824680298,0.6234898018587336,244.5,119.75,147.78125,69.56957389127116,train
2016-07-05 17:00:00,Bear_public_Valorie,Bear,236.25,17.8,10.0,1014.7,7.2,2.0,17,1,0,7,-0.9659258262890683,-0.25881904510252063,0.7818314824680298,0.6234898018587336,242.5,121.0,152.58333333333334,71.58890287253149,train
2016-07-05 18:00:00,Bear_public_Valorie,Bear,227.5,17.2,10.0,1014.5,6.2,2.0,18,1,0,7,-1.0,-1.8369701987210297e-16,0.7818314824680298,0.6234898018587336,236.25,116.5,157.20833333333334,72.7328220667746,train
2016-07-05 19:00:00,Bear_public_Valorie,Bear,219.75,15.0,10.0,1014.6,6.2,2.3333333333333335,19,1,0,7,-0.9659258262890684,0.2588190451025203,0.7818314824680298,0.6234898018587336,227.5,114.0,161.61458333333334,73.20311153871307,train
2016-07-05 20:00:00,Bear_public_Valorie,Bear,216.5,14.4,9.4,1014.8,4.6,2.6666666666666665,20,1,0,7,-0.8660254037844386,0.5000000000000001,0.7818314824680298,0.6234898018587336,219.75,114.5,165.86458333333334,73.30968332617493,train
2016-07-05 21:00:00,Bear_public_Valorie,Bear,153.5,14.4,9.4,1014.8,4.6,3.0,21,1,0,7,-0.7071067811865477,0.7071067811865474,0.7818314824680298,0.6234898018587336,216.5,115.25,167.45833333333334,72.57356337847321,train
2016-07-05 22:00:00,Bear_public_Valorie,Bear,118.0,14.4,9.4,1015.1,3.1,3.333333333333333,22,1,0,7,-0.5000000000000004,0.8660254037844384,0.7818314824680298,0.6234898018587336,153.5,118.75,167.42708333333334,72.59560709425917,train
2016-07-05 23:00:00,Bear_public_Valorie,Bear,116.0,15.0,10.6,1015.3,6.2,3.6666666666666665,23,1,0,7,-0.25881904510252157,0.9659258262890681,0.7818314824680298,0.6234898018587336,118.0,118.0,167.34375,72.65593472348608,train
2016-07-06 00:00:00,Bear_public_Valorie,Bear,116.75,15.0,10.6,1015.2,5.7,4.0,0,2,0,7,0.0,1.0,0.9749279121818236,-0.22252093395631434,116.0,117.0,167.33333333333334,72.66348384200941,train
2016-07-06 01:00:00,Bear_public_Valorie,Bear,120.5,15.0,10.6,1015.1,4.6,2.0,1,2,0,7,0.25881904510252074,0.9659258262890683,0.9749279121818236,-0.22252093395631434,116.75,119.0,167.39583333333334,72.62073592460955,train
2016-07-06 02:00:00,Bear_public_Valorie,Bear,56.0,15.0,10.6,1014.9,4.6,2.0,2,2,0,7,0.49999999999999994,0.8660254037844387,0.9749279121818236,-0.22252093395631434,120.5,57.0,167.35416666666666,72.68708682138598,train
2016-07-06 03:00:00,Bear_public_Valorie,Bear,39.5,15.0,10.6,1014.8,3.1,2.0,3,2,0,7,0.7071067811865476,0.7071067811865476,0.9749279121818236,-0.22252093395631434,56.0,38.25,167.40625,72.59094043441073,train
2016-07-06 04:00:00,Bear_public_Valorie,Bear,44.25,15.0,10.6,1014.75,6.7,4.0,4,2,0,7,0.8660254037844386,0.5000000000000001,0.9749279121818236,-0.22252093395631434,39.5,42.75,167.46875,72.47950656759883,train
2016-07-06 05:00:00,Bear_public_Valorie,Bear,62.25,13.9,10.0,1014.7,6.7,2.0,5,2,0,7,0.9659258262890683,0.25881904510252074,0.9749279121818236,-0.22252093395631434,44.25,60.25,167.55208333333334,72.35190944141581,train
2016-07-06 06:00:00,Bear_public_Valorie,Bear,125.0,13.9,10.0,1015.1,5.1,2.0,6,2,0,7,1.0,6.123233995736766e-17,0.9749279121818236,-0.22252093395631434,62.25,114.75,167.97916666666666,72.05632295320255,train
2016-07-06 07:00:00,Bear_public_Valorie,Bear,141.5,13.9,10.0,1015.3,6.7,2.0,7,2,0,7,0.9659258262890683,-0.25881904510252063,0.9749279121818236,-0.22252093395631434,125.0,133.75,168.30208333333334,71.91348134959699,train
2016-07-06 08:00:00,Bear_public_Valorie,Bear,157.0,13.9,10.0,1015.8,6.2,2.0,8,2,0,7,0.8660254037844387,-0.4999999999999998,0.9749279121818236,-0.22252093395631434,141.5,158.75,168.22916666666666,71.92447415090396,train
2016-07-06 09:00:00,Bear_public_Valorie,Bear,215.75,13.9,10.0,1016.2,6.2,2.0,9,2,0,7,0.7071067811865476,-0.7071067811865475,0.9749279121818236,-0.22252093395631434,157.0,225.75,167.8125,71.60501751000896,train
2016-07-06 10:00:00,Bear_public_Valorie,Bear,229.25,14.4,10.0,1016.5,5.7,2.0,10,2,0,7,0.49999999999999994,-0.8660254037844387,0.9749279121818236,-0.22252093395631434,215.75,227.5,167.88541666666666,71.66930317234944,train
2016-07-06 11:00:00,Bear_public_Valorie,Bear,234.5,16.1,10.0,1016.5,6.2,2.0,11,2,0,7,0.258819045102521,-0.9659258262890682,0.9749279121818236,-0.22252093395631434,229.25,232.75,167.95833333333334,71.73902228801681,train
2016-07-06 12:00:00,Bear_public_Valorie,Bear,238.75,17.2,10.6,1016.7,5.1,2.0,12,2,0,7,1.2246467991473532e-16,-1.0,0.9749279121818236,-0.22252093395631434,234.5,234.25,168.14583333333334,71.92545645480381,train
2016-07-06 13:00:00,Bear_public_Valorie,Bear,244.75,17.2,10.6,1016.6,4.1,2.0,13,2,0,7,-0.2588190451025208,-0.9659258262890683,0.9749279121818236,-0.22252093395631434,238.75,238.5,168.40625,72.20204187239771,train
2016-07-06 14:00:00,Bear_public_Valorie,Bear,248.75,18.3,10.6,1016.3,7.2,2.0,14,2,0,7,-0.4999999999999997,-0.8660254037844388,0.9749279121818236,-0.22252093395631434,244.75,241.5,168.70833333333334,72.53554850624239,train
2016-07-06 15:00:00,Bear_public_Valorie,Bear,248.75,18.3,10.6,1016.4,8.2,2.0,15,2,0,7,-0.7071067811865471,-0.7071067811865479,0.9749279121818236,-0.22252093395631434,248.75,244.5,168.88541666666666,72.73354360290874,train
2016-07-06 16:00:00,Bear_public_Valorie,Bear,244.75,17.8,10.6,1016.4,8.8,2.0,16,2,0,7,-0.8660254037844385,-0.5000000000000004,0.9749279121818236,-0.22252093395631434,248.75,242.5,168.97916666666666,72.8339354682767,train
2016-07-06 17:00:00,Bear_public_Valorie,Bear,234.5,16.1,10.6,1016.3,7.7,2.0,17,2,0,7,-0.9659258262890683,-0.25881904510252063,0.9749279121818236,-0.22252093395631434,244.75,236.25,168.90625,72.7645029806549,train
2016-07-06 18:00:00,Bear_public_Valorie,Bear,231.0,16.1,10.6,1015.8,7.7,2.0,18,2,0,7,-1.0,-1.8369701987210297e-16,0.9749279121818236,-0.22252093395631434,234.5,227.5,169.05208333333334,72.89043964144533,train
2016-07-06 19:00:00,Bear_public_Valorie,Bear,216.0,16.1,10.6,1015.4,7.2,2.0,19,2,0,7,-0.9659258262890684,0.2588190451025203,0.9749279121818236,-0.22252093395631434,231.0,219.75,168.89583333333334,72.78097415722983,train
2016-07-06 20:00:00,Bear_public_Valorie,Bear,207.75,15.6,10.6,1015.4,5.7,2.0,20,2,0,7,-0.8660254037844386,0.5000000000000001,0.9749279121818236,-0.22252093395631434,216.0,216.5,168.53125,72.55370246822571,train
2016-07-06 21:00:00,Bear_public_Valorie,Bear,141.0,15.0,10.6,1015.2,5.7,2.0,21,2,0,7,-0.7071067811865477,0.7071067811865474,0.9749279121818236,-0.22252093395631434,207.75,153.5,168.01041666666666,72.71099279841995,train
2016-07-06 22:00:00,Bear_public_Valorie,Bear,107.75,15.6,11.1,1015.5,4.1,2.0,22,2,0,7,-0.5000000000000004,0.8660254037844384,0.9749279121818236,-0.22252093395631434,141.0,118.0,167.58333333333334,73.04683825950401,train
2016-07-06 23:00:00,Bear_public_Valorie,Bear,103.75,15.0,10.6,1015.4,5.1,2.0,23,2,0,7,-0.25881904510252157,0.9659258262890681,0.9749279121818236,-0.22252093395631434,107.75,116.0,167.07291666666666,73.46455368165604,train
2016-07-07 00:00:00,Bear_public_Valorie,Bear,102.5,14.4,10.6,1015.5,1.5,2.0,0,3,0,7,0.0,1.0,0.43388373911755823,-0.900968867902419,103.75,116.75,166.47916666666666,73.94496766348348,train
2016-07-07 01:00:00,Bear_public_Valorie,Bear,102.75,15.0,11.1,1015.4,6.2,2.0,1,3,0,7,0.25881904510252074,0.9659258262890683,0.43388373911755823,-0.900968867902419,102.5,120.5,165.73958333333334,74.51143329129553,train
2016-07-07 02:00:00,Bear_public_Valorie,Bear,50.5,14.4,10.6,1015.1,6.2,2.0,2,3,0,7,0.49999999999999994,0.8660254037844387,0.43388373911755823,-0.900968867902419,102.75,56.0,165.51041666666666,74.87121113178667,train
2016-07-07 03:00:00,Bear_public_Valorie,Bear,39.25,14.4,10.6,1015.2,3.6,2.0,3,3,0,7,0.7071067811865476,0.7071067811865476,0.43388373911755823,-0.900968867902419,50.5,39.5,165.5,74.88952007718636,train
2016-07-07 04:00:00,Bear_public_Valorie,Bear,41.0,14.4,10.6,1015.25,4.6,2.0,4,3,0,7,0.8660254037844386,0.5000000000000001,0.43388373911755823,-0.900968867902419,39.25,44.25,165.36458333333334,75.1208800927265,train
2016-07-07 05:00:00,Bear_public_Valorie,Bear,47.5,13.9,10.6,1015.3,5.7,2.0,5,3,0,7,0.9659258262890683,0.25881904510252074,0.43388373911755823,-0.900968867902419,41.0,62.25,164.75,76.0556861207914,train
2016-07-07 06:00:00,Bear_public_Valorie,Bear,112.25,13.9,10.6,1015.5,7.2,2.0,6,3,0,7,1.0,6.123233995736766e-17,0.43388373911755823,-0.900968867902419,47.5,125.0,164.21875,76.38921050107963,train
2016-07-07 07:00:00,Bear_public_Valorie,Bear,130.75,13.9,10.6,1015.9,6.2,2.0,7,3,0,7,0.9659258262890683,-0.25881904510252063,0.43388373911755823,-0.900968867902419,112.25,141.5,163.77083333333334,76.55954334722892,train
2016-07-07 08:00:00,Bear_public_Valorie,Bear,156.5,13.9,10.6,1016.3,6.7,2.0,8,3,0,7,0.8660254037844387,-0.4999999999999998,0.43388373911755823,-0.900968867902419,130.75,157.0,163.75,76.56153393356786,train
2016-07-07 09:00:00,Bear_public_Valorie,Bear,212.75,13.9,10.6,1016.7,3.6,2.0,9,3,0,7,0.7071067811865476,-0.7071067811865475,0.43388373911755823,-0.900968867902419,156.5,215.75,163.625,76.47534413698024,train
2016-07-07 10:00:00,Bear_public_Valorie,Bear,222.0,14.4,10.6,1016.7,4.6,2.0,10,3,0,7,0.49999999999999994,-0.8660254037844387,0.43388373911755823,-0.900968867902419,212.75,229.25,163.32291666666666,76.21873839435766,train
2016-07-07 11:00:00,Bear_public_Valorie,Bear,227.0,15.6,10.6,1016.9,4.6,2.0,11,3,0,7,0.258819045102521,-0.9659258262890682,0.43388373911755823,-0.900968867902419,222.0,234.5,163.01041666666666,75.92904579586792,train
2016-07-07 12:00:00,Bear_public_Valorie,Bear,229.75,16.1,11.1,1016.8,4.1,2.0,12,3,0,7,1.2246467991473532e-16,-1.0,0.43388373911755823,-0.900968867902419,227.0,238.75,162.63541666666666,75.56004591680228,train
2016-07-07 13:00:00,Bear_public_Valorie,Bear,235.0,16.7,11.1,1016.6,5.1,2.0,13,3,0,7,-0.2588190451025208,-0.9659258262890683,0.43388373911755823,-0.900968867902419,229.75,244.75,162.22916666666666,75.12431424365685,train
2016-07-07 14:00:00,Bear_public_Valorie,Bear,239.5,17.8,11.1,1016.8,6.2,2.0,14,3,0,7,-0.4999999999999997,-0.8660254037844388,0.43388373911755823,-0.900968867902419,235.0,248.75,161.84375,74.68356479536493,train
2016-07-07 15:00:00,Bear_public_Valorie,Bear,251.75,18.3,11.1,1016.3,7.7,2.0,15,3,0,7,-0.7071067811865471,-0.7071067811865479,0.43388373911755823,-0.900968867902419,239.5,248.75,161.96875,74.83769802843781,train
2016-07-07 16:00:00,Bear_public_Valorie,Bear,251.0,18.3,11.7,1016.5,8.8,2.0,16,3,0,7,-0.8660254037844385,-0.5000000000000004,0.43388373911755823,-0.900968867902419,251.75,244.75,162.22916666666666,75.14850936741807,train
2016-07-07 17:00:00,Bear_public_Valorie,Bear,246.0,17.2,11.7,1016.2,7.7,2.0,17,3,0,7,-0.9659258262890683,-0.25881904510252063,0.43388373911755823,-0.900968867902419,251.0,234.5,162.70833333333334,75.6642564897384,train
2016-07-07 18:00:00,Bear_public_Valorie,Bear,243.0,16.7,11.1,1015.9,7.2,2.0,18,3,0,7,-1.0,-1.8369701987210297e-16,0.43388373911755823,-0.900968867902419,246.0,231.0,163.20833333333334,76.17309616728296,train
2016-07-07 19:00:00,Bear_public_Valorie,Bear,229.25,16.1,11.1,1015.4,6.7,2.0,19,3,0,7,-0.9659258262890684,0.2588190451025203,0.43388373911755823,-0.900968867902419,243.0,216.0,163.76041666666666,76.6190633265392,train
2016-07-07 20:00:00,Bear_public_Valorie,Bear,223.0,15.6,11.1,1015.6,4.6,2.0,20,3,0,7,-0.8660254037844386,0.5000000000000001,0.43388373911755823,-0.900968867902419,229.25,207.75,164.39583333333334,77.06169594476916,train
2016-07-07 21:00:00,Bear_public_Valorie,Bear,153.75,15.0,11.1,1015.9,5.1,2.0,21,3,0,7,-0.7071067811865477,0.7071067811865474,0.43388373911755823,-0.900968867902419,223.0,141.0,164.92708333333334,76.93724430136811,train
2016-07-07 22:00:00,Bear_public_Valorie,Bear,115.5,14.4,11.1,1016.2,6.2,2.0,22,3,0,7,-0.5000000000000004,0.8660254037844384,0.43388373911755823,-0.900968867902419,153.75,107.75,165.25,76.70273647405736,train
2016-07-07 23:00:00,Bear_public_Valorie,Bear,113.0,15.0,11.1,1016.4,6.7,2.0,23,3,0,7,-0.25881904510252157,0.9659258262890681,0.43388373911755823,-0.900968867902419,115.5,103.75,165.63541666666666,76.40292857915205,train
2016-07-08 00:00:00,Bear_public_Valorie,Bear,112.25,15.0,11.7,1016.5,5.7,2.0,0,4,0,7,0.0,1.0,-0.433883739117558,-0.9009688679024191,113.0,102.5,166.04166666666666,76.0778586693273,train
2016-07-08 01:00:00,Bear_public_Valorie,Bear,109.5,14.4,11.7,1016.3,6.7,2.0,1,4,0,7,0.25881904510252074,0.9659258262890683,-0.433883739117558,-0.9009688679024191,112.25,102.75,166.32291666666666,75.84582757600052,train
2016-07-08 02:00:00,Bear_public_Valorie,Bear,50.5,13.9,11.1,1016.1,6.2,2.0,2,4,0,7,0.49999999999999994,0.8660254037844387,-0.433883739117558,-0.9009688679024191,109.5,50.5,166.32291666666666,75.84582757600052,train
2016-07-08 03:00:00,Bear_public_Valorie,Bear,38.5,14.4,11.7,1016.2,4.6,2.0,3,4,0,7,0.7071067811865476,0.7071067811865476,-0.433883739117558,-0.9009688679024191,50.5,39.25,166.29166666666666,75.90059526985829,train
2016-07-08 04:00:00,Bear_public_Valorie,Bear,43.5,14.4,12.2,1016.4,3.6,2.0,4,4,0,7,0.8660254037844386,0.5000000000000001,-0.433883739117558,-0.9009688679024191,38.5,41.0,166.39583333333334,75.72267467638027,train
2016-07-08 05:00:00,Bear_public_Valorie,Bear,57.0,14.4,12.8,1016.3,3.6,2.0,5,4,0,7,0.9659258262890683,0.25881904510252074,-0.433883739117558,-0.9009688679024191,43.5,47.5,166.79166666666666,75.09637527677444,train
2016-07-08 06:00:00,Bear_public_Valorie,Bear,110.75,14.4,11.7,1016.3,3.6,2.0,6,4,0,7,1.0,6.123233995736766e-17,-0.433883739117558,-0.9009688679024191,57.0,112.25,166.72916666666666,75.14435081990476,train
2016-07-08 07:00:00,Bear_public_Valorie,Bear,121.25,13.3,11.7,1016.6,4.6,2.0,7,4,0,7,0.9659258262890683,-0.25881904510252063,-0.433883739117558,-0.9009688679024191,110.75,130.75,166.33333333333334,75.36680832502756,train
2016-07-08 08:00:00,Bear_public_Valorie,Bear,147.5,14.4,11.1,1017.2,4.6,2.0,8,4,0,7,0.8660254037844387,-0.4999999999999998,-0.433883739117558,-0.9009688679024191,121.25,156.5,165.95833333333334,75.44021771757659,train
2016-07-08 09:00:00,Bear_public_Valorie,Bear,211.25,15.0,12.8,1017.3,4.6,2.0,9,4,0,7,0.7071067811865476,-0.7071067811865475,-0.433883739117558,-0.9009688679024191,147.5,212.75,165.89583333333334,75.40037757468984,train
2016-07-08 10:00:00,Bear_public_Valorie,Bear,226.0,16.1,12.2,1017.4,3.1,2.0,10,4,0,7,0.49999999999999994,-0.8660254037844387,-0.433883739117558,-0.9009688679024191,211.25,222.0,166.0625,75.53408566882955,train
2016-07-08 11:00:00,Bear_public_Valorie,Bear,240.5,16.1,12.8,1017.4,2.1,2.0,11,4,0,7,0.258819045102521,-0.9659258262890682,-0.433883739117558,-0.9009688679024191,226.0,227.0,166.625,76.05607913844256,train
2016-07-08 12:00:00,Bear_public_Valorie,Bear,246.25,17.2,12.8,1017.5,3.1,2.0,12,4,0,7,1.2246467991473532e-16,-1.0,-0.433883739117558,-0.9009688679024191,240.5,229.75,167.3125,76.72314889319227,train
2016-07-08 13:00:00,Bear_public_Valorie,Bear,249.0,18.3,12.2,1017.2,4.1,2.0,13,4,0,7,-0.2588190451025208,-0.9659258262890683,-0.433883739117558,-0.9009688679024191,246.25,235.0,167.89583333333334,77.31112737935375,train
2016-07-08 14:00:00,Bear_public_Valorie,Bear,249.25,18.3,12.2,1016.8,4.1,2.0,14,4,0,7,-0.4999999999999997,-0.8660254037844388,-0.433883739117558,-0.9009688679024191,249.0,239.5,168.30208333333334,77.72823962114055,train
2016-07-08 15:00:00,Bear_public_Valorie,Bear,249.75,20.0,12.2,1016.6,7.7,2.0,15,4,0,7,-0.7071067811865471,-0.7071067811865479,-0.433883739117558,-0.9009688679024191,249.25,251.75,168.21875,77.63590161844384,train
2016-07-08 16:00:00,Bear_public_Valorie,Bear,248.75,20.0,12.8,1016.4,6.7,2.0,16,4,0,7,-0.8660254037844385,-0.5000000000000004,-0.433883739117558,-0.9009688679024191,249.75,251.0,168.125,77.53288222481447,train
2016-07-08 17:00:00,Bear_public_Valorie,Bear,202.75,19.4,13.9,1016.1,6.2,2.0,17,4,0,7,-0.9659258262890683,-0.25881904510252063,-0.433883739117558,-0.9009688679024191,248.75,246.0,166.32291666666666,76.13415930357617,train
2016-07-08 18:00:00,Bear_public_Valorie,Bear,145.5,18.9,14.4,1016.2,7.2,2.0,18,4,0,7,-1.0,-1.8369701987210297e-16,-0.433883739117558,-0.9009688679024191,202.75,243.0,162.26041666666666,74.44740188646561,train
2016-07-08 19:00:00,Bear_public_Valorie,Bear,142.5,17.2,14.4,1016.5,7.2,2.1176470588235294,19,4,0,7,-0.9659258262890684,0.2588190451025203,-0.433883739117558,-0.9009688679024191,145.5,229.25,158.64583333333334,73.14811197995394,train
2016-07-08 20:00:00,Bear_public_Valorie,Bear,133.0,16.7,13.9,1016.9,5.7,2.235294117647059,20,4,0,7,-0.8660254037844386,0.5000000000000001,-0.433883739117558,-0.9009688679024191,142.5,223.0,154.89583333333334,72.0035067332422,train
2016-07-08 21:00:00,Bear_public_Valorie,Bear,130.75,16.7,13.9,1017.0,4.6,2.3529411764705883,21,4,0,7,-0.7071067811865477,0.7071067811865474,-0.433883739117558,-0.9009688679024191,133.0,153.75,153.9375,72.17228218102424,train
2016-07-08 22:00:00,Bear_public_Valorie,Bear,54.75,17.2,13.9,1017.0,3.1,2.4705882352941178,22,4,0,7,-0.5000000000000004,0.8660254037844384,-0.433883739117558,-0.9009688679024191,130.75,115.5,151.40625,74.60336469929838,train
2016-07-08 23:00:00,Bear_public_Valorie,Bear,38.5,16.7,13.9,1017.3,3.1,2.588235294117647,23,4,0,7,-0.25881904510252157,0.9659258262890681,-0.433883739117558,-0.9009688679024191,54.75,113.0,148.30208333333334,77.75428057441549,train
2016-07-09 00:00:00,Bear_public_Valorie,Bear,38.25,16.7,13.9,1017.3,1.5,2.7058823529411766,0,5,1,7,0.0,1.0,-0.9749279121818236,-0.2225209339563146,38.5,112.25,145.21875,80.65904867497616,train
2016-07-09 01:00:00,Bear_public_Valorie,Bear,38.25,16.7,13.9,1017.2,3.6,2.0,1,5,1,7,0.25881904510252074,0.9659258262890683,-0.9749279121818236,-0.2225209339563146,38.25,109.5,142.25,83.29889868263042,train
2016-07-09 02:00:00,Bear_public_Valorie,Bear,38.75,16.1,13.9,1017.1,1.5,2.0,2,5,1,7,0.49999999999999994,0.8660254037844387,-0.9749279121818236,-0.2225209339563146,38.25,50.5,141.76041666666666,83.89400271248944,train
2016-07-09 03:00:00,Bear_public_Valorie,Bear,38.25,15.6,13.3,1017.4,4.6,2.0,3,5,1,7,0.7071067811865476,0.7071067811865476,-0.9749279121818236,-0.2225209339563146,38.75,38.5,141.75,83.90739590141337,train
2016-07-09 04:00:00,Bear_public_Valorie,Bear,44.75,15.6,13.3,1017.5,4.1,2.0,4,5,1,7,0.8660254037844386,0.5000000000000001,-0.9749279121818236,-0.2225209339563146,38.25,43.5,141.80208333333334,83.84412229427355,train
2016-07-09 05:00:00,Bear_public_Valorie,Bear,56.25,15.6,13.3,1017.7,0.0,3.2941176470588234,5,5,1,7,0.9659258262890683,0.25881904510252074,-0.9749279121818236,-0.2225209339563146,44.75,57.0,141.77083333333334,83.87723678954424,train
2016-07-09 06:00:00,Bear_public_Valorie,Bear,109.0,16.1,13.9,1017.9,2.1,3.411764705882353,6,5,1,7,1.0,6.123233995736766e-17,-0.9749279121818236,-0.2225209339563146,56.25,110.75,141.69791666666666,83.90613217882317,train
2016-07-09 07:00:00,Bear_public_Valorie,Bear,127.0,16.1,13.9,1018.4,1.5,3.5294117647058822,7,5,1,7,0.9659258262890683,-0.25881904510252063,-0.9749279121818236,-0.2225209339563146,109.0,121.25,141.9375,83.85339982996204,train
2016-07-09 08:00:00,Bear_public_Valorie,Bear,166.75,17.2,14.4,1019.1,3.6,3.6470588235294117,8,5,1,7,0.8660254037844387,-0.4999999999999998,-0.9749279121818236,-0.2225209339563146,127.0,147.5,142.73958333333334,84.00085659393298,train
2016-07-09 09:00:00,Bear_public_Valorie,Bear,237.75,17.2,14.4,1019.6,3.1,3.764705882352941,9,5,1,7,0.7071067811865476,-0.7071067811865475,-0.9749279121818236,-0.2225209339563146,166.75,211.25,143.84375,85.10743889279776,train
2016-07-09 10:00:00,Bear_public_Valorie,Bear,241.75,17.8,13.9,1019.8,3.6,3.8823529411764706,10,5,1,7,0.49999999999999994,-0.8660254037844387,-0.9749279121818236,-0.2225209339563146,237.75,226.0,144.5,85.82616404560214,train
2016-07-09 11:00:00,Bear_public_Valorie,Bear,242.25,19.4,14.4,1019.95,2.6,4.0,11,5,1,7,0.258819045102521,-0.9659258262890682,-0.9749279121818236,-0.2225209339563146,241.75,240.5,144.57291666666666,85.91197084575263,train
2016-07-09 12:00:00,Bear_public_Valorie,Bear,243.5,20.0,14.4,1020.1,2.1,2.0,12,5,1,7,1.2246467991473532e-16,-1.0,-0.9749279121818236,-0.2225209339563146,242.25,246.25,144.45833333333334,85.77218519790195,train
2016-07-09 13:00:00,Bear_public_Valorie,Bear,245.25,22.2,15.0,1020.2,5.1,2.0,13,5,1,7,-0.2588190451025208,-0.9659258262890683,-0.9749279121818236,-0.2225209339563146,243.5,249.0,144.30208333333334,85.57665579590117,train
2016-07-09 14:00:00,Bear_public_Valorie,Bear,245.0,22.8,14.4,1019.9,9.8,2.0,14,5,1,7,-0.4999999999999997,-0.8660254037844388,-0.9749279121818236,-0.2225209339563146,245.25,249.25,144.125,85.35415351193598,train
2016-07-09 15:00:00,Bear_public_Valorie,Bear,242.5,21.1,14.4,1020.0,8.8,2.0,15,5,1,7,-0.7071067811865471,-0.7071067811865479,-0.9749279121818236,-0.2225209339563146,245.0,249.75,143.82291666666666,84.97606693647779,train
2016-07-09 16:00:00,Bear_public_Valorie,Bear,242.75,20.6,13.9,1019.9,8.8,2.0,16,5,1,7,-0.8660254037844385,-0.5000000000000004,-0.9749279121818236,-0.2225209339563146,242.5,248.75,143.57291666666666,84.66219573561368,train
2016-07-09 17:00:00,Bear_public_Valorie,Bear,201.5,19.4,13.3,1019.3,8.8,2.0,17,5,1,7,-0.9659258262890683,-0.25881904510252063,-0.9749279121818236,-0.2225209339563146,242.75,202.75,143.52083333333334,84.6245838942524,train
2016-07-09 18:00:00,Bear_public_Valorie,Bear,145.0,18.9,12.2,1019.1,6.7,2.0,18,5,1,7,-1.0,-1.8369701987210297e-16,-0.9749279121818236,-0.2225209339563146,201.5,145.5,143.5,84.62413701313231,train
2016-07-09 19:00:00,Bear_public_Valorie,Bear,144.75,19.4,11.1,1018.9,8.2,2.0,19,5,1,7,-0.9659258262890684,0.2588190451025203,-0.9749279121818236,-0.2225209339563146,145.0,142.5,143.59375,84.6242273261238,train
2016-07-09 20:00:00,Bear_public_Valorie,Bear,141.25,17.8,11.1,1018.7,8.8,2.0,20,5,1,7,-0.8660254037844386,0.5000000000000001,-0.9749279121818236,-0.2225209339563146,144.75,133.0,143.9375,84.59607510938697,train
2016-07-09 21:00:00,Bear_public_Valorie,Bear,128.5,16.7,10.6,1018.4,10.8,2.0,21,5,1,7,-0.7071067811865477,0.7071067811865474,-0.9749279121818236,-0.2225209339563146,141.25,130.75,143.84375,84.61257013267308,train
2016-07-09 22:00:00,Bear_public_Valorie,Bear,51.75,16.1,11.1,1018.7,10.3,2.0,22,5,1,7,-0.5000000000000004,0.8660254037844384,-0.9749279121818236,-0.2225209339563146,128.5,54.75,143.71875,84.75201397183791,train
2016-07-09 23:00:00,Bear_public_Valorie,Bear,37.25,15.6,11.7,1018.7,8.8,2.0,23,5,1,7,-0.25881904510252157,0.9659258262890681,-0.9749279121818236,-0.2225209339563146,51.75,38.5,143.66666666666666,84.81984318012766,train
2016-07-10 00:00:00,Bear_public_Valorie,Bear,38.75,15.0,11.7,1018.6,5.1,2.0,0,6,1,7,0.0,1.0,-0.7818314824680299,0.6234898018587334,37.25,38.25,143.6875,84.7928822510167,train
2016-07-10 01:00:00,Bear_public_Valorie,Bear,38.25,15.0,11.7,1018.4,5.7,4.0,1,6,1,7,0.25881904510252074,0.9659258262890683,-0.7818314824680299,0.6234898018587334,38.75,38.25,143.6875,84.7928822510167,train
2016-07-10 02:00:00,Bear_public_Valorie,Bear,38.5,15.0,11.7,1018.3,6.7,2.0,2,6,1,7,0.49999999999999994,0.8660254037844387,-0.7818314824680299,0.6234898018587334,38.25,38.75,143.67708333333334,84.80634843336581,train
2016-07-10 03:00:00,Bear_public_Valorie,Bear,38.0,14.4,11.1,1018.2,5.7,2.0,3,6,1,7,0.7071067811865476,0.7071067811865476,-0.7818314824680299,0.6234898018587334,38.5,38.25,143.66666666666666,84.81987521733369,train
2016-07-10 04:00:00,Bear_public_Valorie,Bear,45.0,14.4,11.7,1018.3,6.2,2.5,4,6,1,7,0.8660254037844386,0.5000000000000001,-0.7818314824680299,0.6234898018587334,38.0,44.75,143.67708333333334,84.80721357132236,train
2016-07-10 05:00:00,Bear_public_Valorie,Bear,56.0,14.4,11.1,1018.3,4.1,3.0,5,6,1,7,0.9659258262890683,0.25881904510252074,-0.7818314824680299,0.6234898018587334,45.0,56.25,143.66666666666666,84.81843353108253,train
2016-07-10 06:00:00,Bear_public_Valorie,Bear,54.75,14.4,11.1,1018.6,2.1,3.5,6,6,1,7,1.0,6.123233995736766e-17,-0.7818314824680299,0.6234898018587334,56.0,109.0,141.40625,86.48890392829239,train
2016-07-10 07:00:00,Bear_public_Valorie,Bear,54.75,15.0,11.1,1018.5,0.0,4.0,7,6,1,7,0.9659258262890683,-0.25881904510252063,-0.7818314824680299,0.6234898018587334,54.75,127.0,138.39583333333334,88.25158320622808,train
2016-07-10 08:00:00,Bear_public_Valorie,Bear,88.75,16.1,10.6,1019.0,0.0,2.0,8,6,1,7,0.8660254037844387,-0.4999999999999998,-0.7818314824680299,0.6234898018587334,54.75,166.75,135.14583333333334,88.59755482525742,train
2016-07-10 09:00:00,Bear_public_Valorie,Bear,144.0,16.7,10.6,1019.6,2.1,2.0,9,6,1,7,0.7071067811865476,-0.7071067811865475,-0.7818314824680299,0.6234898018587334,88.75,237.75,131.23958333333334,85.90279767065175,train
2016-07-10 10:00:00,Bear_public_Valorie,Bear,150.75,17.8,10.6,1019.4,3.6,2.0,10,6,1,7,0.49999999999999994,-0.8660254037844387,-0.7818314824680299,0.6234898018587334,144.0,241.75,127.44791666666667,82.7638724470257,train
2016-07-10 11:00:00,Bear_public_Valorie,Bear,149.75,19.4,10.0,1019.2,5.1,2.0,11,6,1,7,0.258819045102521,-0.9659258262890682,-0.7818314824680299,0.6234898018587334,150.75,242.25,123.59375,79.26513065339643,train
2016-07-10 12:00:00,Bear_public_Valorie,Bear,218.75,21.1,11.1,1018.8,4.6,2.0,12,6,1,7,1.2246467991473532e-16,-1.0,-0.7818314824680299,0.6234898018587334,149.75,243.5,122.5625,77.78447963275923,train
2016-07-10 13:00:00,Bear_public_Valorie,Bear,242.25,21.7,11.1,1018.5,5.1,2.0,13,6,1,7,-0.2588190451025208,-0.9659258262890683,-0.7818314824680299,0.6234898018587334,218.75,245.25,122.4375,77.58089221552254,train
2016-07-10 14:00:00,Bear_public_Valorie,Bear,239.5,22.2,12.2,1018.0,4.1,2.0,14,6,1,7,-0.4999999999999997,-0.8660254037844388,-0.7818314824680299,0.6234898018587334,242.25,245.0,122.20833333333333,77.21035167512908,train
2016-07-10 15:00:00,Bear_public_Valorie,Bear,240.5,23.9,11.7,1017.4,5.1,0.0,15,6,1,7,-0.7071067811865471,-0.7071067811865479,-0.7818314824680299,0.6234898018587334,239.5,242.5,122.125,77.07583786510985,train
2016-07-10 16:00:00,Bear_public_Valorie,Bear,239.75,24.4,12.2,1016.7,6.2,0.0,16,6,1,7,-0.8660254037844385,-0.5000000000000004,-0.7818314824680299,0.6234898018587334,240.5,242.75,122.0,76.8738732685192,train
2016-07-10 17:00:00,Bear_public_Valorie,Bear,238.25,23.9,11.1,1015.9,5.7,0.0,17,6,1,7,-0.9659258262890683,-0.25881904510252063,-0.7818314824680299,0.6234898018587334,239.75,201.5,123.53125,78.86647054756818,train
2016-07-10 18:00:00,Bear_public_Valorie,Bear,237.0,22.8,11.1,1015.5,4.6,0.0,18,6,1,7,-1.0,-1.8369701987210297e-16,-0.7818314824680299,0.6234898018587334,238.25,145.0,127.36458333333333,82.1239115197097,train
2016-07-10 19:00:00,Bear_public_Valorie,Bear,234.5,21.7,11.1,1015.2,6.2,0.0,19,6,1,7,-0.9659258262890684,0.2588190451025203,-0.7818314824680299,0.6234898018587334,237.0,144.75,131.10416666666666,84.94496033451242,train
2016-07-10 20:00:00,Bear_public_Valorie,Bear,231.5,20.0,11.1,1014.8,5.7,0.0,20,6,1,7,-0.8660254037844386,0.5000000000000001,-0.7818314824680299,0.6234898018587334,234.5,141.25,134.86458333333334,87.37646494283113,train
2016-07-10 21:00:00,Bear_public_Valorie,Bear,194.0,18.3,11.1,1014.9,4.1,0.0,21,6,1,7,-0.7071067811865477,0.7071067811865474,-0.7818314824680299,0.6234898018587334,231.5,128.5,137.59375,88.18818849298309,train
2016-07-10 22:00:00,Bear_public_Valorie,Bear,142.5,17.8,11.1,1015.0,0.0,0.0,22,6,1,7,-0.5000000000000004,0.8660254037844384,-0.7818314824680299,0.6234898018587334,194.0,51.75,141.375,86.27216161407581,train
2016-07-10 23:00:00,Bear_public_Valorie,Bear,142.75,17.2,10.6,1015.1,1.5,0.0,23,6,1,7,-0.25881904510252157,0.9659258262890681,-0.7818314824680299,0.6234898018587334,142.5,37.25,145.77083333333334,83.3751317275104,train
2016-07-11 00:00:00,Bear_public_Valorie,Bear,145.0,17.2,12.2,1014.7,2.1,0.0,0,0,0,7,0.0,1.0,0.0,1.0,142.75,38.75,150.19791666666666,80.20605186855028,train
2016-07-11 01:00:00,Bear_public_Valorie,Bear,145.0,17.2,13.3,1014.9,2.1,0.0,1,0,0,7,0.25881904510252074,0.9659258262890683,0.0,1.0,145.0,38.25,154.64583333333334,76.60716125661556,train
2016-07-11 02:00:00,Bear_public_Valorie,Bear,52.0,16.7,12.2,1014.7,1.5,0.0,2,0,0,7,0.49999999999999994,0.8660254037844387,0.0,1.0,145.0,38.5,155.20833333333334,75.76216600059324,train
2016-07-11 03:00:00,Bear_public_Valorie,Bear,40.75,15.6,11.7,1014.4,1.5,0.0,3,0,0,7,0.7071067811865476,0.7071067811865476,0.0,1.0,52.0,38.0,155.32291666666666,75.57905014987928,train
2016-07-11 04:00:00,Bear_public_Valorie,Bear,46.0,15.0,11.7,1014.1,1.5,0.0,4,0,0,7,0.8660254037844386,0.5000000000000001,0.0,1.0,40.75,45.0,155.36458333333334,75.51583404242574,train
2016-07-11 05:00:00,Bear_public_Valorie,Bear,57.0,15.6,12.2,1014.2,0.0,0.0,5,0,0,7,0.9659258262890683,0.25881904510252074,0.0,1.0,46.0,56.0,155.40625,75.4588792604232,train
2016-07-11 06:00:00,Bear_public_Valorie,Bear,129.75,12.2,8.9,1014.4,0.0,0.0,6,0,0,7,1.0,6.123233995736766e-17,0.0,1.0,57.0,54.75,158.53125,72.60828916102692,train
2016-07-11 07:00:00,Bear_public_Valorie,Bear,147.75,15.6,11.7,1014.7,0.0,0.0,7,0,0,7,0.9659258262890683,-0.25881904510252063,0.0,1.0,129.75,54.75,162.40625,69.23195937115719,train
2016-07-11 08:00:00,Bear_public_Valorie,Bear,191.25,17.8,12.8,1014.8,0.0,0.0,8,0,0,7,0.8660254037844387,-0.4999999999999998,0.0,1.0,147.75,88.75,166.67708333333334,67.6337434742494,train
2016-07-11 09:00:00,Bear_public_Valorie,Bear,247.25,18.3,12.8,1014.9,2.1,0.0,9,0,0,7,0.7071067811865476,-0.7071067811865475,0.0,1.0,191.25,144.0,170.97916666666666,69.38957119466659,train
2016-07-11 10:00:00,Bear_public_Valorie,Bear,252.75,19.4,12.2,1015.0,3.6,0.0,10,0,0,7,0.49999999999999994,-0.8660254037844387,0.0,1.0,247.25,150.75,175.22916666666666,71.19683053013121,train
2016-07-11 11:00:00,Bear_public_Valorie,Bear,253.25,20.6,11.7,1014.7,4.1,0.0,11,0,0,7,0.258819045102521,-0.9659258262890682,0.0,1.0,252.75,149.75,179.54166666666666,72.70501996104686,train
2016-07-11 12:00:00,Bear_public_Valorie,Bear,249.25,22.2,11.7,1014.6,5.7,0.0,12,0,0,7,1.2246467991473532e-16,-1.0,0.0,1.0,253.25,218.75,180.8125,73.68017143739195,train
2016-07-11 13:00:00,Bear_public_Valorie,Bear,250.0,21.7,11.7,1014.3,7.7,0.0,13,0,0,7,-0.2588190451025208,-0.9659258262890683,0.0,1.0,249.25,242.25,181.13541666666666,73.97752226060854,train
2016-07-11 14:00:00,Bear_public_Valorie,Bear,248.75,21.7,11.7,1013.9,8.2,0.0,14,0,0,7,-0.4999999999999997,-0.8660254037844388,0.0,1.0,250.0,239.5,181.52083333333334,74.31812921293253,train
2016-07-11 15:00:00,Bear_public_Valorie,Bear,248.5,21.7,11.1,1013.7,8.2,0.0,15,0,0,7,-0.7071067811865471,-0.7071067811865479,0.0,1.0,248.75,240.5,181.85416666666666,74.61152713813092,train
2016-07-11 16:00:00,Bear_public_Valorie,Bear,245.25,21.7,11.1,1013.3,7.7,2.0,16,0,0,7,-0.8660254037844385,-0.5000000000000004,0.0,1.0,248.5,239.75,182.08333333333334,74.80527862487324,train
2016-07-11 17:00:00,Bear_public_Valorie,Bear,242.75,21.1,11.1,1013.1,7.2,2.0,17,0,0,7,-0.9659258262890683,-0.25881904510252063,0.0,1.0,245.25,238.25,182.27083333333334,74.95766619242146,train
2016-07-11 18:00:00,Bear_public_Valorie,Bear,240.25,20.0,11.1,1012.8,6.7,2.0,18,0,0,7,-1.0,-1.8369701987210297e-16,0.0,1.0,242.75,237.0,182.40625,75.06369804097682,train
2016-07-11 19:00:00,Bear_public_Valorie,Bear,240.25,18.9,11.1,1012.6,5.1,2.0,19,0,0,7,-0.9659258262890684,0.2588190451025203,0.0,1.0,240.25,234.5,182.64583333333334,75.24615101620556,train
2016-07-11 20:00:00,Bear_public_Valorie,Bear,244.0,17.2,11.1,1012.6,2.6,2.0,20,0,0,7,-0.8660254037844386,0.5000000000000001,0.0,1.0,240.25,231.5,183.16666666666666,75.64123223806406,train
2016-07-11 21:00:00,Bear_public_Valorie,Bear,170.5,16.1,11.1,1012.7,8.8,2.0,21,0,0,7,-0.7071067811865477,0.7071067811865474,0.0,1.0,244.0,194.0,182.1875,75.64700093196022,train
2016-07-11 22:00:00,Bear_public_Valorie,Bear,146.0,15.6,11.7,1013.5,5.1,2.0,22,0,0,7,-0.5000000000000004,0.8660254037844384,0.0,1.0,170.5,142.5,182.33333333333334,75.57049928589086,train
2016-07-11 23:00:00,Bear_public_Valorie,Bear,144.0,15.0,11.7,1013.6,3.6,2.0,23,0,0,7,-0.25881904510252157,0.9659258262890681,0.0,1.0,146.0,142.75,182.38541666666666,75.54245779860233,train
2016-07-12 00:00:00,Bear_public_Valorie,Bear,129.75,15.0,11.7,1013.6,6.7,2.0,0,1,0,7,0.0,1.0,0.7818314824680298,0.6234898018587336,144.0,145.0,181.75,75.93371680502725,train
2016-07-12 01:00:00,Bear_public_Valorie,Bear,129.0,14.4,11.7,1013.2,4.1,4.0,1,1,0,7,0.25881904510252074,0.9659258262890683,0.7818314824680298,0.6234898018587336,129.75,145.0,181.08333333333334,76.33954708586732,train
2016-07-12 02:00:00,Bear_public_Valorie,Bear,49.25,14.4,11.7,1013.5,6.7,4.0,2,1,0,7,0.49999999999999994,0.8660254037844387,0.7818314824680298,0.6234898018587336,129.0,52.0,180.96875,76.54351250801867,train
2016-07-12 03:00:00,Bear_public_Valorie,Bear,39.0,14.4,11.1,1013.3,6.2,4.0,3,1,0,7,0.7071067811865476,0.7071067811865476,0.7818314824680298,0.6234898018587336,49.25,40.75,180.89583333333334,76.6836002486936,train
2016-07-12 04:00:00,Bear_public_Valorie,Bear,45.5,14.4,11.1,1013.4,5.7,4.0,4,1,0,7,0.8660254037844386,0.5000000000000001,0.7818314824680298,0.6234898018587336,39.0,46.0,180.875,76.72190039356423,train
2016-07-12 05:00:00,Bear_public_Valorie,Bear,57.0,14.4,11.1,1013.6,1.5,4.0,5,1,0,7,0.9659258262890683,0.25881904510252074,0.7818314824680298,0.6234898018587336,45.5,57.0,180.875,76.72190039356423,train
2016-07-12 06:00:00,Bear_public_Valorie,Bear,137.75,14.4,11.1,1014.0,1.5,4.0,6,1,0,7,1.0,6.123233995736766e-17,0.7818314824680298,0.6234898018587336,57.0,129.75,181.20833333333334,76.50719867617265,train
2016-07-12 07:00:00,Bear_public_Valorie,Bear,158.0,13.9,11.1,1014.8,2.1,4.0,7,1,0,7,0.9659258262890683,-0.25881904510252063,0.7818314824680298,0.6234898018587336,137.75,147.75,181.63541666666666,76.34073287224197,train
2016-07-12 08:00:00,Bear_public_Valorie,Bear,188.0,15.0,11.1,1015.3,2.6,4.0,8,1,0,7,0.8660254037844387,-0.4999999999999998,0.7818314824680298,0.6234898018587336,158.0,191.25,181.5,76.32581761620769,train
2016-07-12 09:00:00,Bear_public_Valorie,Bear,230.25,16.1,11.1,1015.7,5.1,4.0,9,1,0,7,0.7071067811865476,-0.7071067811865475,0.7818314824680298,0.6234898018587336,188.0,247.25,180.79166666666666,75.76593198315027,train
2016-07-12 10:00:00,Bear_public_Valorie,Bear,241.5,16.1,10.6,1015.6,5.1,4.0,10,1,0,7,0.49999999999999994,-0.8660254037844387,0.7818314824680298,0.6234898018587336,230.25,252.75,180.32291666666666,75.33495778877308,train
2016-07-12 11:00:00,Bear_public_Valorie,Bear,248.25,16.7,11.1,1016.0,2.1,3.0,11,1,0,7,0.258819045102521,-0.9659258262890682,0.7818314824680298,0.6234898018587336,241.5,253.25,180.11458333333334,75.13115268759462,train
2016-07-12 12:00:00,Bear_public_Valorie,Bear,252.0,17.2,10.6,1016.1,2.6,2.0,12,1,0,7,1.2246467991473532e-16,-1.0,0.7818314824680298,0.6234898018587336,248.25,249.25,180.22916666666666,75.24318966245184,train
2016-07-12 13:00:00,Bear_public_Valorie,Bear,251.25,19.4,10.6,1015.8,3.6,0.0,13,1,0,7,-0.2588190451025208,-0.9659258262890683,0.7818314824680298,0.6234898018587336,252.0,250.0,180.28125,75.29400029868417,train
2016-07-12 14:00:00,Bear_public_Valorie,Bear,250.0,20.6,10.0,1015.55,6.2,0.0,14,1,0,7,-0.4999999999999997,-0.8660254037844388,0.7818314824680298,0.6234898018587336,251.25,248.75,180.33333333333334,75.34383744261835,train
2016-07-12 15:00:00,Bear_public_Valorie,Bear,248.25,21.1,10.6,1015.3,5.7,0.0,15,1,0,7,-0.7071067811865471,-0.7071067811865479,0.7818314824680298,0.6234898018587336,250.0,248.5,180.32291666666666,75.33401994244298,train
2016-07-12 16:00:00,Bear_public_Valorie,Bear,247.25,21.1,10.6,1014.8,6.7,0.0,16,1,0,7,-0.8660254037844385,-0.5000000000000004,0.7818314824680298,0.6234898018587336,248.25,245.25,180.40625,75.41003178637263,train
2016-07-12 17:00:00,Bear_public_Valorie,Bear,240.5,20.0,11.1,1014.4,7.2,0.0,17,1,0,7,-0.9659258262890683,-0.25881904510252063,0.7818314824680298,0.6234898018587336,247.25,242.75,180.3125,75.33051268446498,train
2016-07-12 18:00:00,Bear_public_Valorie,Bear,239.0,19.4,11.1,1014.1,8.8,0.0,18,1,0,7,-1.0,-1.8369701987210297e-16,0.7818314824680298,0.6234898018587336,240.5,240.25,180.26041666666666,75.28769022767818,train
2016-07-12 19:00:00,Bear_public_Valorie,Bear,239.5,18.3,11.1,1014.0,6.7,2.0,19,1,0,7,-0.9659258262890684,0.2588190451025203,0.7818314824680298,0.6234898018587336,239.0,240.25,180.22916666666666,75.26185868810572,train
2016-07-12 20:00:00,Bear_public_Valorie,Bear,238.0,17.2,11.7,1014.0,5.1,2.0,20,1,0,7,-0.8660254037844386,0.5000000000000001,0.7818314824680298,0.6234898018587336,239.5,244.0,179.97916666666666,75.0504872339811,train
2016-07-12 21:00:00,Bear_public_Valorie,Bear,167.0,17.2,12.2,1014.1,5.1,2.0,21,1,0,7,-0.7071067811865477,0.7071067811865474,0.7818314824680298,0.6234898018587336,238.0,170.5,179.83333333333334,75.07310446819649,train
2016-07-12 22:00:00,Bear_public_Valorie,Bear,147.25,16.1,11.7,1014.9,3.1,2.0,22,1,0,7,-0.5000000000000004,0.8660254037844384,0.7818314824680298,0.6234898018587336,167.0,146.0,179.88541666666666,75.04904118259957,train
2016-07-12 23:00:00,Bear_public_Valorie,Bear,141.75,15.6,12.2,1014.9,2.1,2.0,23,1,0,7,-0.25881904510252157,0.9659258262890681,0.7818314824680298,0.6234898018587336,147.25,144.0,179.79166666666666,75.09720753603382,train
2016-07-13 00:00:00,Bear_public_Valorie,Bear,130.0,15.6,12.2,1014.6,0.0,4.0,0,2,0,7,0.0,1.0,0.9749279121818236,-0.22252093395631434,141.75,129.75,179.80208333333334,75.08998149925169,train
2016-07-13 01:00:00,Bear_public_Valorie,Bear,130.75,14.4,11.1,1014.3,3.1,2.0,1,2,0,7,0.25881904510252074,0.9659258262890683,0.9749279121818236,-0.22252093395631434,130.0,129.0,179.875,75.03933750982236,train
2016-07-13 02:00:00,Bear_public_Valorie,Bear,47.75,15.6,12.2,1014.2,2.1,2.0,2,2,0,7,0.49999999999999994,0.8660254037844387,0.9749279121818236,-0.22252093395631434,130.75,49.25,179.8125,75.15340289961124,train
2016-07-13 03:00:00,Bear_public_Valorie,Bear,40.0,15.0,12.2,1014.3,3.1,2.0,3,2,0,7,0.7071067811865476,0.7071067811865476,0.9749279121818236,-0.22252093395631434,47.75,39.0,179.85416666666666,75.07217239990175,train
2016-07-13 04:00:00,Bear_public_Valorie,Bear,47.5,15.6,11.7,1014.5,2.6,2.0,4,2,0,7,0.8660254037844386,0.5000000000000001,0.9749279121818236,-0.22252093395631434,40.0,45.5,179.9375,74.91749991476124,train
2016-07-13 05:00:00,Bear_public_Valorie,Bear,59.75,15.6,11.1,1014.7,3.1,2.0,5,2,0,7,0.9659258262890683,0.25881904510252074,0.9749279121818236,-0.22252093395631434,47.5,57.0,180.05208333333334,74.72314768409338,train
2016-07-13 06:00:00,Bear_public_Valorie,Bear,135.5,15.0,11.7,1015.2,1.5,2.0,6,2,0,7,1.0,6.123233995736766e-17,0.9749279121818236,-0.22252093395631434,59.75,137.75,179.95833333333334,74.7799186405284,train
2016-07-13 07:00:00,Bear_public_Valorie,Bear,147.75,15.6,11.7,1015.7,2.6,2.0,7,2,0,7,0.9659258262890683,-0.25881904510252063,0.9749279121818236,-0.22252093395631434,135.5,158.0,179.53125,74.93987852953678,train
2016-07-13 08:00:00,Bear_public_Valorie,Bear,183.5,16.7,11.7,1015.9,1.5,2.0,8,2,0,7,0.8660254037844387,-0.4999999999999998,0.9749279121818236,-0.22252093395631434,147.75,188.0,179.34375,74.92339611447198,train
2016-07-13 09:00:00,Bear_public_Valorie,Bear,243.25,17.2,12.2,1016.1,2.1,2.0,9,2,0,7,0.7071067811865476,-0.7071067811865475,0.9749279121818236,-0.22252093395631434,183.5,230.25,179.88541666666666,75.35318936611056,train
2016-07-13 10:00:00,Bear_public_Valorie,Bear,247.75,18.3,12.2,1016.3,3.1,0.0,10,2,0,7,0.49999999999999994,-0.8660254037844387,0.9749279121818236,-0.22252093395631434,243.25,241.5,180.14583333333334,75.5858249832982,train
2016-07-13 11:00:00,Bear_public_Valorie,Bear,247.75,20.0,12.2,1016.2,3.1,0.0,11,2,0,7,0.258819045102521,-0.9659258262890682,0.9749279121818236,-0.22252093395631434,247.75,248.25,180.125,75.56630402730978,train
2016-07-13 12:00:00,Bear_public_Valorie,Bear,247.7252,22.2,11.7,1016.0,2.6,0.0,12,2,0,7,1.2246467991473532e-16,-1.0,0.9749279121818236,-0.22252093395631434,247.75,252.0,179.94688333333332,75.3943646267709,train
2016-07-13 13:00:00,Bear_public_Valorie,Bear,247.8281,23.9,12.2,1015.7,4.6,0.0,13,2,0,7,-0.2588190451025208,-0.9659258262890683,0.9749279121818236,-0.22252093395631434,247.7252,251.25,179.80430416666664,75.25676980671177,train
2016-07-13 14:00:00,Bear_public_Valorie,Bear,246.0,25.6,11.7,1015.1,6.2,0.0,14,2,0,7,-0.4999999999999997,-0.8660254037844388,0.9749279121818236,-0.22252093395631434,247.8281,250.0,179.63763749999998,75.09881606393122,train
2016-07-13 15:00:00,Bear_public_Valorie,Bear,245.25,26.1,11.1,1014.6,6.2,0.0,15,2,0,7,-0.7071067811865471,-0.7071067811865479,0.9749279121818236,-0.22252093395631434,246.0,248.25,179.51263749999998,74.98205316627613,train
2016-07-13 16:00:00,Bear_public_Valorie,Bear,244.25,25.6,12.2,1014.3,6.7,0.0,16,2,0,7,-0.8660254037844385,-0.5000000000000004,0.9749279121818236,-0.22252093395631434,245.25,247.25,179.38763749999998,74.86663262579607,train
2016-07-13 17:00:00,Bear_public_Valorie,Bear,240.25,23.9,12.2,1014.0,7.2,0.0,17,2,0,7,-0.9659258262890683,-0.25881904510252063,0.9749279121818236,-0.22252093395631434,244.25,240.5,179.37722083333333,74.85777685232853,train
2016-07-13 18:00:00,Bear_public_Valorie,Bear,237.25,23.3,11.7,1013.6,6.2,0.0,18,2,0,7,-1.0,-1.8369701987210297e-16,0.9749279121818236,-0.22252093395631434,240.25,239.0,179.30430416666664,74.79800350161334,train
2016-07-13 19:00:00,Bear_public_Valorie,Bear,237.0,22.2,11.7,1013.6,5.1,0.0,19,2,0,7,-0.9659258262890684,0.2588190451025203,0.9749279121818236,-0.22252093395631434,237.25,239.5,179.20013749999998,74.71221937314334,train
2016-07-13 20:00:00,Bear_public_Valorie,Bear,240.75,20.6,12.2,1013.8,5.7,0.0,20,2,0,7,-0.8660254037844386,0.5000000000000001,0.9749279121818236,-0.22252093395631434,237.0,238.0,179.31472083333333,74.80836627351346,train
2016-07-13 21:00:00,Bear_public_Valorie,Bear,168.25,18.3,12.2,1014.0,4.6,0.0,21,2,0,7,-0.7071067811865477,0.7071067811865474,0.9749279121818236,-0.22252093395631434,240.75,167.0,179.36680416666664,74.79985435859145,train
2016-07-13 22:00:00,Bear_public_Valorie,Bear,146.75,17.2,11.7,1014.7,3.1,0.0,22,2,0,7,-0.5000000000000004,0.8660254037844384,0.9749279121818236,-0.22252093395631434,168.25,147.25,179.34597083333333,74.80925752554302,train
2016-07-13 23:00:00,Bear_public_Valorie,Bear,143.0,16.7,11.7,1014.9,4.1,0.0,23,2,0,7,-0.25881904510252157,0.9659258262890681,0.9749279121818236,-0.22252093395631434,146.75,141.75,179.39805416666664,74.7823749096058,train
2016-07-14 00:00:00,Bear_public_Valorie,Bear,136.25,16.1,12.2,1014.7,3.6,0.0,0,3,0,7,0.0,1.0,0.43388373911755823,-0.900968867902419,143.0,130.0,179.65847083333333,74.61356735017209,train
2016-07-14 01:00:00,Bear_public_Valorie,Bear,130.75,16.1,12.2,1014.5,3.6,0.0,1,3,0,7,0.25881904510252074,0.9659258262890683,0.43388373911755823,-0.900968867902419,136.25,130.75,179.65847083333333,74.61356735017209,train
2016-07-14 02:00:00,Bear_public_Valorie,Bear,46.0,15.6,12.2,1014.2,5.1,0.0,2,3,0,7,0.49999999999999994,0.8660254037844387,0.43388373911755823,-0.900968867902419,130.75,47.75,179.58555416666664,74.74881313476236,train
2016-07-14 03:00:00,Bear_public_Valorie,Bear,39.5,15.6,12.2,1014.2,4.6,0.0,3,3,0,7,0.7071067811865476,0.7071067811865476,0.43388373911755823,-0.900968867902419,46.0,40.0,179.56472083333333,74.78946729894504,train
2016-07-14 04:00:00,Bear_public_Valorie,Bear,48.25,15.6,12.2,1014.1,2.6,0.0,4,3,0,7,0.8660254037844386,0.5000000000000001,0.43388373911755823,-0.900968867902419,39.5,47.5,179.59597083333333,74.73202084638072,train
2016-07-14 05:00:00,Bear_public_Valorie,Bear,61.25,15.0,11.7,1014.1,4.1,0.0,5,3,0,7,0.9659258262890683,0.25881904510252074,0.43388373911755823,-0.900968867902419,48.25,59.75,179.65847083333333,74.62798809181251,train
2016-07-14 06:00:00,Bear_public_Valorie,Bear,132.25,14.4,11.7,1014.4,3.1,0.0,6,3,0,7,1.0,6.123233995736766e-17,0.43388373911755823,-0.900968867902419,61.25,135.5,179.52305416666664,74.71449845005037,train
2016-07-14 07:00:00,Bear_public_Valorie,Bear,144.0,15.0,12.2,1014.8,3.6,0.0,7,3,0,7,0.9659258262890683,-0.25881904510252063,0.43388373911755823,-0.900968867902419,132.25,147.75,179.36680416666664,74.78771954455615,train
2016-07-14 08:00:00,Bear_public_Valorie,Bear,188.5,16.1,12.2,1015.1,4.1,0.0,8,3,0,7,0.8660254037844387,-0.4999999999999998,0.43388373911755823,-0.900968867902419,144.0,183.5,179.57513749999998,74.8066955760547,train
2016-07-14 09:00:00,Bear_public_Valorie,Bear,242.75,18.3,12.2,1015.5,3.6,2.0,9,3,0,7,0.7071067811865476,-0.7071067811865475,0.43388373911755823,-0.900968867902419,188.5,243.25,179.55430416666664,74.78825875358095,train
2016-07-14 10:00:00,Bear_public_Valorie,Bear,252.75,19.4,11.7,1015.6,3.6,2.0,10,3,0,7,0.49999999999999994,-0.8660254037844387,0.43388373911755823,-0.900968867902419,242.75,247.75,179.76263749999998,74.99317046635298,train
2016-07-14 11:00:00,Bear_public_Valorie,Bear,269.75,21.1,12.2,1015.7,5.1,2.0,11,3,0,7,0.258819045102521,-0.9659258262890682,0.43388373911755823,-0.900968867902419,252.75,247.75,180.67930416666664,75.9881902909717,train
2016-07-14 12:00:00,Bear_public_Valorie,Bear,334.75,21.7,12.2,1015.8,7.2,2.0,12,3,0,7,1.2246467991473532e-16,-1.0,0.43388373911755823,-0.900968867902419,269.75,247.7252,184.30533749999998,81.22266464743316,train
2016-07-14 13:00:00,Bear_public_Valorie,Bear,312.25,21.7,11.7,1015.5,7.2,0.0,13,3,0,7,-0.2588190451025208,-0.9659258262890683,0.43388373911755823,-0.900968867902419,334.75,247.8281,186.98958333333334,84.4150099716542,train
2016-07-14 14:00:00,Bear_public_Valorie,Bear,305.5,21.7,11.7,1015.1,8.8,0.0,14,3,0,7,-0.4999999999999997,-0.8660254037844388,0.43388373911755823,-0.900968867902419,312.25,246.0,189.46875,87.0558389177538,train
2016-07-14 15:00:00,Bear_public_Valorie,Bear,306.5,21.1,11.7,1014.7,9.8,2.0,15,3,0,7,-0.7071067811865471,-0.7071067811865479,0.43388373911755823,-0.900968867902419,305.5,245.25,192.02083333333334,89.62215117862348,train
2016-07-14 16:00:00,Bear_public_Valorie,Bear,305.75,20.6,11.1,1014.2,9.3,2.0,16,3,0,7,-0.8660254037844385,-0.5000000000000004,0.43388373911755823,-0.900968867902419,306.5,244.25,194.58333333333334,92.02736675513454,train
2016-07-14 17:00:00,Bear_public_Valorie,Bear,296.75,20.0,11.7,1013.8,8.8,2.0,17,3,0,7,-0.9659258262890683,-0.25881904510252063,0.43388373911755823,-0.900968867902419,305.75,240.25,196.9375,93.94897001772443,train
2016-07-14 18:00:00,Bear_public_Valorie,Bear,270.25,19.4,11.7,1013.3,8.2,2.0,18,3,0,7,-1.0,-1.8369701987210297e-16,0.43388373911755823,-0.900968867902419,296.75,237.25,198.3125,94.8022326489064,train
2016-07-14 19:00:00,Bear_public_Valorie,Bear,222.75,16.7,11.7,1013.7,9.3,2.0,19,3,0,7,-0.9659258262890684,0.2588190451025203,0.43388373911755823,-0.900968867902419,270.25,237.0,197.71875,94.59379151943178,train
2016-07-14 20:00:00,Bear_public_Valorie,Bear,213.75,15.6,11.7,1013.9,6.7,2.0,20,3,0,7,-0.8660254037844386,0.5000000000000001,0.43388373911755823,-0.900968867902419,222.75,240.75,196.59375,94.2195866193297,train
2016-07-14 21:00:00,Bear_public_Valorie,Bear,132.5,14.4,11.7,1014.3,5.7,2.0,21,3,0,7,-0.7071067811865477,0.7071067811865474,0.43388373911755823,-0.900968867902419,213.75,168.25,195.10416666666666,94.96681104088599,train
2016-07-14 22:00:00,Bear_public_Valorie,Bear,112.5,13.3,11.1,1014.7,5.1,2.0,22,3,0,7,-0.5000000000000004,0.8660254037844384,0.43388373911755823,-0.900968867902419,132.5,146.75,193.67708333333334,95.9769979000478,train
2016-07-14 23:00:00,Bear_public_Valorie,Bear,113.75,13.9,11.1,1014.6,4.1,2.0,23,3,0,7,-0.25881904510252157,0.9659258262890681,0.43388373911755823,-0.900968867902419,112.5,143.0,192.45833333333334,96.83041166487102,train
2016-07-15 00:00:00,Bear_public_Valorie,Bear,115.0,13.9,11.1,1014.4,3.6,2.0,0,4,0,7,0.0,1.0,-0.433883739117558,-0.9009688679024191,113.75,136.25,191.57291666666666,97.4618230487853,train
2016-07-15 01:00:00,Bear_public_Valorie,Bear,111.5,13.3,11.1,1014.3,3.1,2.0,1,4,0,7,0.25881904510252074,0.9659258262890683,-0.433883739117558,-0.9009688679024191,115.0,130.75,190.77083333333334,98.06150789025288,train
2016-07-15 02:00:00,Bear_public_Valorie,Bear,43.5,13.9,11.7,1013.9,2.6,2.2,2,4,0,7,0.49999999999999994,0.8660254037844387,-0.433883739117558,-0.9009688679024191,111.5,46.0,190.66666666666666,98.22317275809539,train
2016-07-15 03:00:00,Bear_public_Valorie,Bear,39.75,14.4,11.7,1013.7,2.6,2.4,3,4,0,7,0.7071067811865476,0.7071067811865476,-0.433883739117558,-0.9009688679024191,43.5,39.5,190.67708333333334,98.20645619789597,train
2016-07-15 04:00:00,Bear_public_Valorie,Bear,48.75,15.0,12.2,1013.5,4.1,2.6,4,4,0,7,0.8660254037844386,0.5000000000000001,-0.433883739117558,-0.9009688679024191,39.75,48.25,190.69791666666666,98.17497631133845,train
2016-07-15 05:00:00,Bear_public_Valorie,Bear,70.6,14.4,11.7,1013.4,2.6,2.8,5,4,0,7,0.9659258262890683,0.25881904510252074,-0.433883739117558,-0.9009688679024191,48.75,61.25,191.0875,97.65614058254731,train
2016-07-15 06:00:00,Bear_public_Valorie,Bear,128.5,14.4,11.7,1013.4,3.1,3.0,6,4,0,7,1.0,6.123233995736766e-17,-0.433883739117558,-0.9009688679024191,70.6,132.25,190.93125,97.75732132317555,train
2016-07-15 07:00:00,Bear_public_Valorie,Bear,139.75,15.0,11.7,1013.9,1.5,3.2,7,4,0,7,0.9659258262890683,-0.25881904510252063,-0.433883739117558,-0.9009688679024191,128.5,144.0,190.7541666666667,97.84983716929709,train
2016-07-15 08:00:00,Bear_public_Valorie,Bear,177.0,15.6,12.2,1014.3,0.0,3.4000000000000004,8,4,0,7,0.8660254037844387,-0.4999999999999998,-0.433883739117558,-0.9009688679024191,139.75,188.5,190.275,97.88950514427626,train
2016-07-15 09:00:00,Bear_public_Valorie,Bear,227.0,16.7,12.2,1014.3,1.5,3.6,9,4,0,7,0.7071067811865476,-0.7071067811865475,-0.433883739117558,-0.9009688679024191,177.0,242.75,189.61875,97.57470584177376,train
2016-07-15 10:00:00,Bear_public_Valorie,Bear,235.25,17.2,12.8,1014.3,3.1,3.8,10,4,0,7,0.49999999999999994,-0.8660254037844387,-0.433883739117558,-0.9009688679024191,227.0,252.75,188.88958333333335,97.1468699613996,train
2016-07-15 11:00:00,Bear_public_Valorie,Bear,244.5,18.3,11.7,1014.6,4.1,4.0,11,4,0,7,0.258819045102521,-0.9659258262890682,-0.433883739117558,-0.9009688679024191,235.25,269.75,187.8375,96.36668562229413,train
2016-07-15 12:00:00,Bear_public_Valorie,Bear,247.75,20.6,11.7,1014.2,4.1,4.0,12,4,0,7,1.2246467991473532e-16,-1.0,-0.433883739117558,-0.9009688679024191,244.5,334.75,184.2125,92.14384460085259,train
2016-07-15 13:00:00,Bear_public_Valorie,Bear,248.25,20.6,12.2,1013.8,7.7,4.0,13,4,0,7,-0.2588190451025208,-0.9659258262890683,-0.433883739117558,-0.9009688679024191,247.75,312.25,181.54583333333335,89.1549114897974,train
2016-07-15 14:00:00,Bear_public_Valorie,Bear,288.75,20.6,11.7,1013.5,6.7,4.0,14,4,0,7,-0.4999999999999997,-0.8660254037844388,-0.433883739117558,-0.9009688679024191,248.25,305.5,180.8479166666667,88.20287074984849,train
2016-07-15 15:00:00,Bear_public_Valorie,Bear,301.0,20.6,11.7,1013.1,7.2,4.0,15,4,0,7,-0.7071067811865471,-0.7071067811865479,-0.433883739117558,-0.9009688679024191,288.75,306.5,180.61875,87.86872225395942,train
2016-07-15 16:00:00,Bear_public_Valorie,Bear,291.0,20.6,12.2,1012.6,8.2,4.0,16,4,0,7,-0.8660254037844385,-0.5000000000000004,-0.433883739117558,-0.9009688679024191,301.0,305.75,180.0041666666667,87.00277596354213,train
2016-07-15 17:00:00,Bear_public_Valorie,Bear,248.75,19.4,12.2,1012.0,7.7,4.0,17,4,0,7,-0.9659258262890683,-0.25881904510252063,-0.433883739117558,-0.9009688679024191,291.0,296.75,178.0041666666667,84.72423542789019,train
2016-07-15 18:00:00,Bear_public_Valorie,Bear,146.5,19.4,12.8,1011.5,8.8,4.0,18,4,0,7,-1.0,-1.8369701987210297e-16,-0.433883739117558,-0.9009688679024191,248.75,270.25,172.8479166666667,82.60530628177456,train
2016-07-15 19:00:00,Bear_public_Valorie,Bear,126.75,17.2,12.2,1011.9,8.8,4.0,19,4,0,7,-0.9659258262890684,0.2588190451025203,-0.433883739117558,-0.9009688679024191,146.5,222.75,168.84791666666666,82.40790443193121,train
2016-07-15 20:00:00,Bear_public_Valorie,Bear,121.5,16.1,12.8,1012.0,7.2,4.0,20,4,0,7,-0.8660254037844386,0.5000000000000001,-0.433883739117558,-0.9009688679024191,126.75,213.75,165.00416666666666,82.37387845336205,train
2016-07-15 21:00:00,Bear_public_Valorie,Bear,116.75,15.0,12.2,1012.2,6.7,4.0,21,4,0,7,-0.7071067811865477,0.7071067811865474,-0.433883739117558,-0.9009688679024191,121.5,132.5,164.34791666666666,82.70615675411489,train
2016-07-15 22:00:00,Bear_public_Valorie,Bear,61.25,15.0,11.7,1012.6,4.1,4.0,22,4,0,7,-0.5000000000000004,0.8660254037844384,-0.433883739117558,-0.9009688679024191,116.75,112.5,162.2125,84.73965917418191,train
2016-07-15 23:00:00,Bear_public_Valorie,Bear,39.25,14.4,11.7,1012.7,5.1,4.0,23,4,0,7,-0.25881904510252157,0.9659258262890681,-0.433883739117558,-0.9009688679024191,61.25,113.75,159.10833333333332,87.89779844236422,train
2016-07-16 00:00:00,Bear_public_Valorie,Bear,40.0,14.4,12.2,1012.4,4.6,3.8333333333333335,0,5,1,7,0.0,1.0,-0.9749279121818236,-0.2225209339563146,39.25,115.0,155.98333333333332,90.81883623176827,train
2016-07-16 01:00:00,Bear_public_Valorie,Bear,39.5,15.0,12.2,1012.2,3.6,3.6666666666666665,1,5,1,7,0.25881904510252074,0.9659258262890683,-0.9749279121818236,-0.2225209339563146,40.0,111.5,152.98333333333332,93.50168641430396,train
2016-07-16 02:00:00,Bear_public_Valorie,Bear,40.25,15.0,11.7,1012.1,3.6,3.5,2,5,1,7,0.49999999999999994,0.8660254037844387,-0.9749279121818236,-0.2225209339563146,39.5,43.5,152.84791666666666,93.66934615184674,train
2016-07-16 03:00:00,Bear_public_Valorie,Bear,39.5,15.0,11.7,1011.7,3.1,3.3333333333333335,3,5,1,7,0.7071067811865476,0.7071067811865476,-0.9749279121818236,-0.2225209339563146,40.25,39.75,152.8375,93.68248322415174,train
2016-07-16 04:00:00,Bear_public_Valorie,Bear,43.5,15.0,11.7,1011.6,2.6,3.166666666666667,4,5,1,7,0.8660254037844386,0.5000000000000001,-0.9749279121818236,-0.2225209339563146,39.5,48.75,152.61875,93.94186663604897,train
2016-07-16 05:00:00,Bear_public_Valorie,Bear,55.75,15.6,11.7,1011.7,2.6,3.0,5,5,1,7,0.9659258262890683,0.25881904510252074,-0.9749279121818236,-0.2225209339563146,43.5,70.6,152.0,94.55249289703298,train
2016-07-16 06:00:00,Bear_public_Valorie,Bear,99.0,15.6,12.2,1012.0,1.5,2.8333333333333335,6,5,1,7,1.0,6.123233995736766e-17,-0.9749279121818236,-0.2225209339563146,55.75,128.5,150.77083333333334,95.06164809430662,train
2016-07-16 07:00:00,Bear_public_Valorie,Bear,116.25,15.6,12.2,1012.3,2.1,2.666666666666667,7,5,1,7,0.9659258262890683,-0.25881904510252063,-0.9749279121818236,-0.2225209339563146,99.0,139.75,149.79166666666666,95.30082994604922,train
2016-07-16 08:00:00,Bear_public_Valorie,Bear,135.5,16.1,11.7,1012.5,1.5,2.5,8,5,1,7,0.8660254037844387,-0.4999999999999998,-0.9749279121818236,-0.2225209339563146,116.25,177.0,148.0625,95.1620828422201,train
2016-07-16 09:00:00,Bear_public_Valorie,Bear,218.25,16.7,12.2,1012.8,2.6,2.3333333333333335,9,5,1,7,0.7071067811865476,-0.7071067811865475,-0.9749279121818236,-0.2225209339563146,135.5,227.0,147.69791666666666,94.86280079004561,train
2016-07-16 10:00:00,Bear_public_Valorie,Bear,222.25,17.2,11.7,1013.0,0.0,2.166666666666667,10,5,1,7,0.49999999999999994,-0.8660254037844387,-0.9749279121818236,-0.2225209339563146,218.25,235.25,147.15625,94.37701372743625,train
2016-07-16 11:00:00,Bear_public_Valorie,Bear,222.25,18.3,11.7,1013.0,2.1,2.0,11,5,1,7,0.258819045102521,-0.9659258262890682,-0.9749279121818236,-0.2225209339563146,222.25,244.5,146.22916666666666,93.48427316779085,train
2016-07-16 12:00:00,Bear_public_Valorie,Bear,233.25,20.6,11.7,1013.0,3.1,2.0,12,5,1,7,1.2246467991473532e-16,-1.0,-0.9749279121818236,-0.2225209339563146,222.25,247.75,145.625,92.84430632726651,train
2016-07-16 13:00:00,Bear_public_Valorie,Bear,243.75,22.2,12.2,1012.7,4.6,2.0,13,5,1,7,-0.2588190451025208,-0.9659258262890683,-0.9749279121818236,-0.2225209339563146,233.25,248.25,145.4375,92.63234509983889,train
2016-07-16 14:00:00,Bear_public_Valorie,Bear,247.25,22.2,12.2,1012.4,5.1,2.0,14,5,1,7,-0.4999999999999997,-0.8660254037844388,-0.9749279121818236,-0.2225209339563146,243.75,288.75,143.70833333333334,90.1961228640685,train
2016-07-16 15:00:00,Bear_public_Valorie,Bear,244.75,21.1,12.2,1012.0,7.7,2.0,15,5,1,7,-0.7071067811865471,-0.7071067811865479,-0.9749279121818236,-0.2225209339563146,247.25,301.0,141.36458333333334,86.58992495762232,train
2016-07-16 16:00:00,Bear_public_Valorie,Bear,243.75,20.0,12.2,1011.6,8.2,2.0,16,5,1,7,-0.8660254037844385,-0.5000000000000004,-0.9749279121818236,-0.2225209339563146,244.75,291.0,139.39583333333334,83.5226445689856,train
2016-07-16 17:00:00,Bear_public_Valorie,Bear,206.75,19.4,11.7,1011.4,7.2,2.0,17,5,1,7,-0.9659258262890683,-0.25881904510252063,-0.9749279121818236,-0.2225209339563146,243.75,248.75,137.64583333333334,81.5484624074206,train
2016-07-16 18:00:00,Bear_public_Valorie,Bear,133.0,18.9,12.2,1011.3,8.2,2.0,18,5,1,7,-1.0,-1.8369701987210297e-16,-0.9749279121818236,-0.2225209339563146,206.75,146.5,137.08333333333334,81.53129122781854,train
2016-07-16 19:00:00,Bear_public_Valorie,Bear,127.25,18.9,12.2,1011.5,4.6,2.0,19,5,1,7,-0.9659258262890684,0.2588190451025203,-0.9749279121818236,-0.2225209339563146,133.0,126.75,137.10416666666666,81.52859983208168,train
2016-07-16 20:00:00,Bear_public_Valorie,Bear,114.25,16.1,11.7,1011.7,6.7,2.0,20,5,1,7,-0.8660254037844386,0.5000000000000001,-0.9749279121818236,-0.2225209339563146,127.25,121.5,136.80208333333334,81.60232903641086,train
2016-07-16 21:00:00,Bear_public_Valorie,Bear,112.0,15.0,11.7,1012.2,5.7,2.0,21,5,1,7,-0.7071067811865477,0.7071067811865474,-0.9749279121818236,-0.2225209339563146,114.25,116.75,136.60416666666666,81.65881820464773,train
2016-07-16 22:00:00,Bear_public_Valorie,Bear,58.75,14.4,11.7,1012.5,3.6,2.0,22,5,1,7,-0.5000000000000004,0.8660254037844384,-0.9749279121818236,-0.2225209339563146,112.0,61.25,136.5,81.76065280944181,train
2016-07-16 23:00:00,Bear_public_Valorie,Bear,37.5,15.0,11.1,1012.3,3.6,2.0,23,5,1,7,-0.25881904510252157,0.9659258262890681,-0.9749279121818236,-0.2225209339563146,58.75,39.25,136.42708333333334,81.85188369876548,train
2016-07-17 00:00:00,Bear_public_Valorie,Bear,38.5,14.4,11.1,1012.3,3.6,4.0,0,6,1,7,0.0,1.0,-0.7818314824680299,0.6234898018587334,37.5,40.0,136.36458333333334,81.92925033642382,train
2016-07-17 01:00:00,Bear_public_Valorie,Bear,39.0,15.0,12.2,1012.2,2.1,4.0,1,6,1,7,0.25881904510252074,0.9659258262890683,-0.7818314824680299,0.6234898018587334,38.5,39.5,136.34375,81.95501193324456,train
2016-07-17 02:00:00,Bear_public_Valorie,Bear,38.25,15.6,11.7,1012.1,2.6,4.0,2,6,1,7,0.49999999999999994,0.8660254037844387,-0.7818314824680299,0.6234898018587334,39.0,40.25,136.26041666666666,82.05792225109447,train
2016-07-17 03:00:00,Bear_public_Valorie,Bear,38.75,15.6,11.7,1011.8,2.6,4.0,3,6,1,7,0.7071067811865476,0.7071067811865476,-0.7818314824680299,0.6234898018587334,38.25,39.5,136.22916666666666,82.09650725593133,train
2016-07-17 04:00:00,Bear_public_Valorie,Bear,43.0,15.6,11.7,1011.9,4.1,4.0,4,6,1,7,0.8660254037844386,0.5000000000000001,-0.7818314824680299,0.6234898018587334,38.75,43.5,136.20833333333334,82.12112166299485,train
2016-07-17 05:00:00,Bear_public_Valorie,Bear,56.25,15.6,12.2,1011.8,3.6,4.0,5,6,1,7,0.9659258262890683,0.25881904510252074,-0.7818314824680299,0.6234898018587334,43.0,55.75,136.22916666666666,82.09988338267766,train
2016-07-17 06:00:00,Bear_public_Valorie,Bear,55.0,15.0,11.7,1012.4,4.1,4.0,6,6,1,7,1.0,6.123233995736766e-17,-0.7818314824680299,0.6234898018587334,56.25,99.0,134.39583333333334,83.44758562775466,train
2016-07-17 07:00:00,Bear_public_Valorie,Bear,55.75,15.0,11.7,1012.8,3.1,4.0,7,6,1,7,0.9659258262890683,-0.25881904510252063,-0.7818314824680299,0.6234898018587334,55.0,116.25,131.875,84.92039110889066,train
2016-07-17 08:00:00,Bear_public_Valorie,Bear,78.0,15.0,11.7,1013.3,6.7,4.0,8,6,1,7,0.8660254037844387,-0.4999999999999998,-0.7818314824680299,0.6234898018587334,55.75,135.5,129.47916666666666,85.62189114212335,train
2016-07-17 09:00:00,Bear_public_Valorie,Bear,144.25,15.6,11.1,1013.8,6.2,4.0,9,6,1,7,0.7071067811865476,-0.7071067811865475,-0.7818314824680299,0.6234898018587334,78.0,218.25,126.39583333333333,83.59458053562764,train
2016-07-17 10:00:00,Bear_public_Valorie,Bear,148.25,16.7,11.7,1014.1,6.7,4.0,10,6,1,7,0.49999999999999994,-0.8660254037844387,-0.7818314824680299,0.6234898018587334,144.25,222.25,123.3125,81.23681331118621,train
2016-07-17 11:00:00,Bear_public_Valorie,Bear,149.75,17.2,11.1,1014.5,7.2,4.0,11,6,1,7,0.258819045102521,-0.9659258262890682,-0.7818314824680299,0.6234898018587334,148.25,222.25,120.29166666666667,78.70637738188509,train
2016-07-17 12:00:00,Bear_public_Valorie,Bear,206.5,17.8,11.1,1014.8,6.2,4.0,12,6,1,7,1.2246467991473532e-16,-1.0,-0.7818314824680299,0.6234898018587334,149.75,233.25,119.17708333333333,77.21242153273835,train
2016-07-17 13:00:00,Bear_public_Valorie,Bear,233.75,18.3,11.1,1014.7,6.7,4.0,13,6,1,7,-0.2588190451025208,-0.9659258262890683,-0.7818314824680299,0.6234898018587334,206.5,243.75,118.76041666666667,76.53496214315145,train
2016-07-17 14:00:00,Bear_public_Valorie,Bear,239.75,18.9,11.1,1014.6,5.7,2.0,14,6,1,7,-0.4999999999999997,-0.8660254037844388,-0.7818314824680299,0.6234898018587334,233.75,247.25,118.44791666666667,76.00096463799521,train
2016-07-17 15:00:00,Bear_public_Valorie,Bear,240.5,18.9,11.1,1014.5,5.7,2.0,15,6,1,7,-0.7071067811865471,-0.7071067811865479,-0.7818314824680299,0.6234898018587334,239.75,244.75,118.27083333333333,75.69823229896724,train
2016-07-17 16:00:00,Bear_public_Valorie,Bear,237.75,18.9,11.1,1014.5,5.7,4.0,16,6,1,7,-0.8660254037844385,-0.5000000000000004,-0.7818314824680299,0.6234898018587334,240.5,243.75,118.02083333333333,75.27453076495435,train
2016-07-17 17:00:00,Bear_public_Valorie,Bear,236.5,17.8,11.1,1014.6,7.7,4.0,17,6,1,7,-0.9659258262890683,-0.25881904510252063,-0.7818314824680299,0.6234898018587334,237.75,206.75,119.26041666666667,77.02383450872553,train
2016-07-17 18:00:00,Bear_public_Valorie,Bear,234.5,16.7,11.7,1014.5,7.2,4.0,18,6,1,7,-1.0,-1.8369701987210297e-16,-0.7818314824680299,0.6234898018587334,236.5,133.0,123.48958333333333,80.51831006883205,train
2016-07-17 19:00:00,Bear_public_Valorie,Bear,235.0,16.1,11.7,1014.8,7.2,4.0,19,6,1,7,-0.9659258262890684,0.2588190451025203,-0.7818314824680299,0.6234898018587334,234.5,127.25,127.97916666666667,83.67905550202002,train
2016-07-17 20:00:00,Bear_public_Valorie,Bear,231.25,15.6,12.2,1015.0,7.2,4.0,20,6,1,7,-0.8660254037844386,0.5000000000000001,-0.7818314824680299,0.6234898018587334,235.0,114.25,132.85416666666666,86.21415186548005,train
2016-07-17 21:00:00,Bear_public_Valorie,Bear,197.5,15.0,11.7,1015.2,7.7,4.0,21,6,1,7,-0.7071067811865477,0.7071067811865474,-0.7818314824680299,0.6234898018587334,231.25,112.0,136.41666666666666,87.07713555366807,train
2016-07-17 22:00:00,Bear_public_Valorie,Bear,124.75,15.0,11.7,1015.8,5.7,4.0,22,6,1,7,-0.5000000000000004,0.8660254037844384,-0.7818314824680299,0.6234898018587334,197.5,58.75,139.16666666666666,85.54641082942697,train
2016-07-17 23:00:00,Bear_public_Valorie,Bear,113.0,15.0,11.7,1016.1,8.2,2.0,23,6,1,7,-0.25881904510252157,0.9659258262890681,-0.7818314824680299,0.6234898018587334,124.75,37.5,142.3125,82.99539176573495,train
2016-07-18 00:00:00,Bear_public_Valorie,Bear,136.0,15.0,11.7,1016.3,7.2,2.0,0,0,0,7,0.0,1.0,0.0,1.0,113.0,38.5,146.375,80.02611666091317,train
2016-07-18 01:00:00,Bear_public_Valorie,Bear,144.0,15.0,11.7,1016.4,5.7,2.0,1,0,0,7,0.25881904510252074,0.9659258262890683,0.0,1.0,136.0,39.0,150.75,76.70185077977894,train
2016-07-18 02:00:00,Bear_public_Valorie,Bear,90.5,14.4,11.7,1016.4,5.7,2.0,2,0,0,7,0.49999999999999994,0.8660254037844387,0.0,1.0,144.0,38.25,152.92708333333334,74.06608679323024,train
2016-07-18 03:00:00,Bear_public_Valorie,Bear,73.0,14.4,11.7,1016.2,6.7,2.0,3,0,0,7,0.7071067811865476,0.7071067811865476,0.0,1.0,90.5,38.75,154.35416666666666,72.0736684062649,train
2016-07-18 04:00:00,Bear_public_Valorie,Bear,76.75,14.4,11.7,1016.6,4.6,2.0,4,0,0,7,0.8660254037844386,0.5000000000000001,0.0,1.0,73.0,43.0,155.76041666666666,70.10901756049,train
2016-07-18 05:00:00,Bear_public_Valorie,Bear,91.0,14.4,11.7,1016.9,5.7,2.0,5,0,0,7,0.9659258262890683,0.25881904510252074,0.0,1.0,76.75,56.25,157.20833333333334,68.30003607273007,train
2016-07-18 06:00:00,Bear_public_Valorie,Bear,139.0,15.0,11.1,1017.5,5.1,2.0,6,0,0,7,1.0,6.123233995736766e-17,0.0,1.0,91.0,55.0,160.70833333333334,64.9024630514507,train
2016-07-18 07:00:00,Bear_public_Valorie,Bear,158.75,15.0,11.7,1018.2,4.1,2.0,7,0,0,7,0.9659258262890683,-0.25881904510252063,0.0,1.0,139.0,55.75,165.0,60.94513748125185,train
2016-07-18 08:00:00,Bear_public_Valorie,Bear,176.5,15.0,11.1,1018.8,5.7,4.0,8,0,0,7,0.8660254037844387,-0.4999999999999998,0.0,1.0,158.75,78.0,169.10416666666666,58.08094598258431,train
2016-07-18 09:00:00,Bear_public_Valorie,Bear,221.5,15.6,11.7,1019.5,4.6,4.0,9,0,0,7,0.7071067811865476,-0.7071067811865475,0.0,1.0,176.5,144.25,172.32291666666666,58.780009873156686,train
2016-07-18 10:00:00,Bear_public_Valorie,Bear,225.25,16.7,11.7,1019.6,5.7,4.0,10,0,0,7,0.49999999999999994,-0.8660254037844387,0.0,1.0,221.5,148.25,175.53125,59.50585980005221,train
2016-07-18 11:00:00,Bear_public_Valorie,Bear,226.0,16.1,11.7,1019.8,5.7,4.0,11,0,0,7,0.258819045102521,-0.9659258262890682,0.0,1.0,225.25,149.75,178.70833333333334,60.102071993992055,train
2016-07-18 12:00:00,Bear_public_Valorie,Bear,236.75,16.7,11.7,1020.0,4.6,4.0,12,0,0,7,1.2246467991473532e-16,-1.0,0.0,1.0,226.0,206.5,179.96875,61.02041321397567,train
2016-07-18 13:00:00,Bear_public_Valorie,Bear,243.0,17.8,12.2,1019.8,6.2,4.0,13,0,0,7,-0.2588190451025208,-0.9659258262890683,0.0,1.0,236.75,233.75,180.35416666666666,61.4028888937055,train
2016-07-18 14:00:00,Bear_public_Valorie,Bear,249.5,20.0,11.7,1019.5,5.7,4.0,14,0,0,7,-0.4999999999999997,-0.8660254037844388,0.0,1.0,243.0,239.75,180.76041666666666,61.84361760884679,train
2016-07-18 15:00:00,Bear_public_Valorie,Bear,250.0,20.0,11.7,1019.3,7.2,4.0,15,0,0,7,-0.7071067811865471,-0.7071067811865479,0.0,1.0,249.5,240.5,181.15625,62.27153078410423,train
2016-07-18 16:00:00,Bear_public_Valorie,Bear,292.0,20.6,11.1,1019.0,8.2,2.0,16,0,0,7,-0.8660254037844385,-0.5000000000000004,0.0,1.0,250.0,237.75,183.41666666666666,65.32492644077558,train
2016-07-18 17:00:00,Bear_public_Valorie,Bear,297.0,20.6,11.7,1018.4,9.3,2.0,17,0,0,7,-0.9659258262890683,-0.25881904510252063,0.0,1.0,292.0,236.5,185.9375,68.5501343828955,train
2016-07-18 18:00:00,Bear_public_Valorie,Bear,285.5,20.0,12.2,1018.0,7.7,2.0,18,0,0,7,-1.0,-1.8369701987210297e-16,0.0,1.0,297.0,234.5,188.0625,70.87213877362396,train
2016-07-18 19:00:00,Bear_public_Valorie,Bear,281.25,18.9,11.7,1017.8,7.2,2.0,19,0,0,7,-0.9659258262890684,0.2588190451025203,0.0,1.0,285.5,235.0,189.98958333333334,72.80630493953981,train
2016-07-18 20:00:00,Bear_public_Valorie,Bear,272.25,17.2,12.2,1018.0,7.7,2.0,20,0,0,7,-0.8660254037844386,0.5000000000000001,0.0,1.0,281.25,231.25,191.69791666666666,74.28258248532013,train
2016-07-18 21:00:00,Bear_public_Valorie,Bear,165.75,15.6,12.2,1018.1,7.2,2.0,21,0,0,7,-0.7071067811865477,0.7071067811865474,0.0,1.0,272.25,197.5,190.375,74.45727546429028,train
2016-07-18 22:00:00,Bear_public_Valorie,Bear,122.5,15.0,11.7,1018.6,7.7,2.0,22,0,0,7,-0.5000000000000004,0.8660254037844384,0.0,1.0,165.75,124.75,190.28125,74.54486220376457,train
2016-07-18 23:00:00,Bear_public_Valorie,Bear,118.0,15.6,11.7,1018.7,6.7,2.0,23,0,0,7,-0.25881904510252157,0.9659258262890681,0.0,1.0,122.5,113.0,190.48958333333334,74.32615693123553,train
2016-07-19 00:00:00,Bear_public_Valorie,Bear,113.25,15.0,11.1,1018.9,5.7,2.0,0,1,0,7,0.0,1.0,0.7818314824680298,0.6234898018587336,118.0,136.0,189.54166666666666,75.19133805725608,train
2016-07-19 01:00:00,Bear_public_Valorie,Bear,114.25,14.4,11.1,1018.9,4.1,2.0,1,1,0,7,0.25881904510252074,0.9659258262890683,0.7818314824680298,0.6234898018587336,113.25,144.0,188.30208333333334,76.21305160273688,train
2016-07-19 02:00:00,Bear_public_Valorie,Bear,57.25,14.4,11.1,1018.7,5.1,2.0,2,1,0,7,0.49999999999999994,0.8660254037844387,0.7818314824680298,0.6234898018587336,114.25,90.5,186.91666666666666,78.3407296847318,train
2016-07-19 03:00:00,Bear_public_Valorie,Bear,39.25,13.9,11.1,1018.6,5.7,2.0,3,1,0,7,0.7071067811865476,0.7071067811865476,0.7818314824680298,0.6234898018587336,57.25,73.0,185.51041666666666,80.74064352734706,train
2016-07-19 04:00:00,Bear_public_Valorie,Bear,46.0,13.9,11.1,1018.8,3.1,2.0,4,1,0,7,0.8660254037844386,0.5000000000000001,0.7818314824680298,0.6234898018587336,39.25,76.75,184.22916666666666,82.76029151380064,train
2016-07-19 05:00:00,Bear_public_Valorie,Bear,60.75,13.9,11.1,1018.9,5.1,2.0,5,1,0,7,0.9659258262890683,0.25881904510252074,0.7818314824680298,0.6234898018587336,46.0,91.0,182.96875,84.45487965990806,train
2016-07-19 06:00:00,Bear_public_Valorie,Bear,114.75,14.4,10.6,1019.1,4.6,2.0,6,1,0,7,1.0,6.123233995736766e-17,0.7818314824680298,0.6234898018587336,60.75,139.0,181.95833333333334,85.14602759079686,train
2016-07-19 07:00:00,Bear_public_Valorie,Bear,134.25,13.9,10.6,1019.4,5.7,2.0,7,1,0,7,0.9659258262890683,-0.25881904510252063,0.7818314824680298,0.6234898018587336,114.75,158.75,180.9375,85.58212588934163,train
2016-07-19 08:00:00,Bear_public_Valorie,Bear,160.25,14.4,11.1,1019.7,2.1,2.0,8,1,0,7,0.8660254037844387,-0.4999999999999998,0.7818314824680298,0.6234898018587336,134.25,176.5,180.26041666666666,85.68298113593252,train
2016-07-19 09:00:00,Bear_public_Valorie,Bear,222.25,15.0,10.6,1020.1,3.1,2.0,9,1,0,7,0.7071067811865476,-0.7071067811865475,0.7818314824680298,0.6234898018587336,160.25,221.5,180.29166666666666,85.69881114626997,train
2016-07-19 10:00:00,Bear_public_Valorie,Bear,226.75,15.0,11.1,1020.1,3.6,2.0,10,1,0,7,0.49999999999999994,-0.8660254037844387,0.7818314824680298,0.6234898018587336,222.25,225.25,180.35416666666666,85.73356467754522,train
2016-07-19 11:00:00,Bear_public_Valorie,Bear,235.75,15.6,11.1,1020.2,0.0,2.0,11,1,0,7,0.258819045102521,-0.9659258262890682,0.7818314824680298,0.6234898018587336,226.75,226.0,180.76041666666666,85.98200264055087,train
2016-07-19 12:00:00,Bear_public_Valorie,Bear,253.5,16.7,10.6,1020.1,3.6,2.0,12,1,0,7,1.2246467991473532e-16,-1.0,0.7818314824680298,0.6234898018587336,235.75,236.75,181.45833333333334,86.52251110281196,train
2016-07-19 13:00:00,Bear_public_Valorie,Bear,303.5,18.3,11.1,1019.6,3.6,2.0,13,1,0,7,-0.2588190451025208,-0.9659258262890683,0.7818314824680298,0.6234898018587336,253.5,243.0,183.97916666666666,89.23238215671654,train
2016-07-19 14:00:00,Bear_public_Valorie,Bear,296.75,20.0,11.1,1019.2,5.1,2.0,14,1,0,7,-0.4999999999999997,-0.8660254037844388,0.7818314824680298,0.6234898018587336,303.5,249.5,185.94791666666666,91.23950145581563,train
2016-07-19 15:00:00,Bear_public_Valorie,Bear,297.5,20.0,11.1,1019.0,7.7,2.0,15,1,0,7,-0.7071067811865471,-0.7071067811865479,0.7818314824680298,0.6234898018587336,296.75,250.0,187.92708333333334,93.18379685047717,train
2016-07-19 16:00:00,Bear_public_Valorie,Bear,299.25,20.6,11.1,1018.3,7.2,2.0,16,1,0,7,-0.8660254037844385,-0.5000000000000004,0.7818314824680298,0.6234898018587336,297.5,292.0,188.22916666666666,93.54689351459976,train
2016-07-19 17:00:00,Bear_public_Valorie,Bear,292.0,20.6,11.1,1018.1,6.7,2.0,17,1,0,7,-0.9659258262890683,-0.25881904510252063,0.7818314824680298,0.6234898018587336,299.25,297.0,188.02083333333334,93.29936380400387,train
2016-07-19 18:00:00,Bear_public_Valorie,Bear,289.25,20.0,11.7,1017.5,6.2,2.0,18,1,0,7,-1.0,-1.8369701987210297e-16,0.7818314824680298,0.6234898018587336,292.0,285.5,188.17708333333334,93.47269070971734,train
2016-07-19 19:00:00,Bear_public_Valorie,Bear,277.75,18.3,10.6,1017.4,7.2,0.0,19,1,0,7,-0.9659258262890684,0.2588190451025203,0.7818314824680298,0.6234898018587336,289.25,281.25,188.03125,93.32377931334581,train
2016-07-19 20:00:00,Bear_public_Valorie,Bear,273.5,17.8,10.0,1017.2,6.7,0.0,20,1,0,7,-0.8660254037844386,0.5000000000000001,0.7818314824680298,0.6234898018587336,277.75,272.25,188.08333333333334,93.37316049834267,train
2016-07-19 21:00:00,Bear_public_Valorie,Bear,207.0,16.7,10.0,1017.1,5.1,0.0,21,1,0,7,-0.7071067811865477,0.7071067811865474,0.7818314824680298,0.6234898018587336,273.5,165.75,189.80208333333334,93.32382784314564,train
2016-07-19 22:00:00,Bear_public_Valorie,Bear,156.75,16.1,10.0,1018.1,6.7,0.0,22,1,0,7,-0.5000000000000004,0.8660254037844384,0.7818314824680298,0.6234898018587336,207.0,122.5,191.22916666666666,92.50822280333715,train
2016-07-19 23:00:00,Bear_public_Valorie,Bear,110.75,15.6,10.0,1018.4,3.1,0.0,23,1,0,7,-0.25881904510252157,0.9659258262890681,0.7818314824680298,0.6234898018587336,156.75,118.0,190.92708333333334,92.76921689960874,train
2016-07-20 00:00:00,Bear_public_Valorie,Bear,114.0,15.6,10.0,1018.6,2.1,0.0,0,2,0,7,0.0,1.0,0.9749279121818236,-0.22252093395631434,110.75,113.25,190.95833333333334,92.74203547975168,train
2016-07-20 01:00:00,Bear_public_Valorie,Bear,111.25,13.9,9.4,1018.3,2.1,0.0,1,2,0,7,0.25881904510252074,0.9659258262890683,0.9749279121818236,-0.22252093395631434,114.0,114.25,190.83333333333334,92.85187674189864,train
2016-07-20 02:00:00,Bear_public_Valorie,Bear,55.75,15.6,10.6,1018.1,1.5,2.0,2,2,0,7,0.49999999999999994,0.8660254037844387,0.9749279121818236,-0.22252093395631434,111.25,57.25,190.77083333333334,92.94616010108334,train
2016-07-20 03:00:00,Bear_public_Valorie,Bear,39.25,13.9,10.0,1017.9,2.6,2.0,3,2,0,7,0.7071067811865476,0.7071067811865476,0.9749279121818236,-0.22252093395631434,55.75,39.25,190.77083333333334,92.94616010108334,train
2016-07-20 04:00:00,Bear_public_Valorie,Bear,46.75,13.9,10.6,1018.0,2.1,2.0,4,2,0,7,0.8660254037844386,0.5000000000000001,0.9749279121818236,-0.22252093395631434,39.25,46.0,190.80208333333334,92.89548180051202,train
2016-07-20 05:00:00,Bear_public_Valorie,Bear,57.75,15.6,11.1,1018.0,0.0,2.0,5,2,0,7,0.9659258262890683,0.25881904510252074,0.9749279121818236,-0.22252093395631434,46.75,60.75,190.67708333333334,93.07992355703801,train
2016-07-20 06:00:00,Bear_public_Valorie,Bear,117.75,15.0,11.1,1018.2,4.1,2.0,6,2,0,7,1.0,6.123233995736766e-17,0.9749279121818236,-0.22252093395631434,57.75,114.75,190.80208333333334,92.97548119889808,train
2016-07-20 07:00:00,Bear_public_Valorie,Bear,132.5,14.4,11.1,1018.5,3.6,2.0,7,2,0,7,0.9659258262890683,-0.25881904510252063,0.9749279121818236,-0.22252093395631434,117.75,134.25,190.72916666666666,93.02243525163654,train
2016-07-20 08:00:00,Bear_public_Valorie,Bear,169.5,15.0,11.1,1018.8,3.6,2.0,8,2,0,7,0.8660254037844387,-0.4999999999999998,0.9749279121818236,-0.22252093395631434,132.5,160.25,191.11458333333334,92.9097557464355,train
2016-07-20 09:00:00,Bear_public_Valorie,Bear,223.5,15.0,11.1,1018.9,2.1,2.0,9,2,0,7,0.7071067811865476,-0.7071067811865475,0.9749279121818236,-0.22252093395631434,169.5,222.25,191.16666666666666,92.92831700536311,train
2016-07-20 10:00:00,Bear_public_Valorie,Bear,247.75,16.1,11.7,1018.9,2.1,2.0,10,2,0,7,0.49999999999999994,-0.8660254037844387,0.9749279121818236,-0.22252093395631434,223.5,226.75,192.04166666666666,93.37572148218628,train
2016-07-20 11:00:00,Bear_public_Valorie,Bear,322.25,17.2,11.1,1018.7,3.6,2.0,11,2,0,7,0.258819045102521,-0.9659258262890682,0.9749279121818236,-0.22252093395631434,247.75,235.75,195.64583333333334,96.74475934201764,train
2016-07-20 12:00:00,Bear_public_Valorie,Bear,293.5,18.3,11.1,1018.3,5.1,2.0,12,2,0,7,1.2246467991473532e-16,-1.0,0.9749279121818236,-0.22252093395631434,322.25,253.5,197.3125,98.11955468136587,train
2016-07-20 13:00:00,Bear_public_Valorie,Bear,298.75,19.4,11.1,1018.1,5.1,2.0,13,2,0,7,-0.2588190451025208,-0.9659258262890683,0.9749279121818236,-0.22252093395631434,293.5,303.5,197.11458333333334,97.90059785664431,train
2016-07-20 14:00:00,Bear_public_Valorie,Bear,298.5,20.6,11.7,1017.9,6.2,2.0,14,2,0,7,-0.4999999999999997,-0.8660254037844388,0.9749279121818236,-0.22252093395631434,298.75,296.75,197.1875,97.97865367561926,train
2016-07-20 15:00:00,Bear_public_Valorie,Bear,300.75,21.1,11.1,1017.5,6.2,2.0,15,2,0,7,-0.7071067811865471,-0.7071067811865479,0.9749279121818236,-0.22252093395631434,298.5,297.5,197.32291666666666,98.1254598207632,train
2016-07-20 16:00:00,Bear_public_Valorie,Bear,299.0,20.6,11.7,1017.1,6.7,2.0,16,2,0,7,-0.8660254037844385,-0.5000000000000004,0.9749279121818236,-0.22252093395631434,300.75,299.25,197.3125,98.11418176310426,train
2016-07-20 17:00:00,Bear_public_Valorie,Bear,297.75,20.0,11.1,1016.8,7.7,2.0,17,2,0,7,-0.9659258262890683,-0.25881904510252063,0.9749279121818236,-0.22252093395631434,299.0,292.0,197.55208333333334,98.36215744487373,train
2016-07-20 18:00:00,Bear_public_Valorie,Bear,293.25,19.4,11.1,1016.6,8.2,2.0,18,2,0,7,-1.0,-1.8369701987210297e-16,0.9749279121818236,-0.22252093395631434,297.75,289.25,197.71875,98.52753732542504,train
2016-07-20 19:00:00,Bear_public_Valorie,Bear,292.0,18.9,11.1,1016.5,5.1,2.0,19,2,0,7,-0.9659258262890684,0.2588190451025203,0.9749279121818236,-0.22252093395631434,293.25,277.75,198.3125,99.07222469754942,train
2016-07-20 20:00:00,Bear_public_Valorie,Bear,285.5,17.2,11.1,1016.6,6.7,2.0,20,2,0,7,-0.8660254037844386,0.5000000000000001,0.9749279121818236,-0.22252093395631434,292.0,273.5,198.8125,99.49754885554142,train
2016-07-20 21:00:00,Bear_public_Valorie,Bear,199.0,15.6,11.7,1016.8,8.2,2.0,21,2,0,7,-0.7071067811865477,0.7071067811865474,0.9749279121818236,-0.22252093395631434,285.5,207.0,198.47916666666666,99.48232628338366,train
2016-07-20 22:00:00,Bear_public_Valorie,Bear,148.75,14.4,11.7,1017.6,5.7,2.0,22,2,0,7,-0.5000000000000004,0.8660254037844384,0.9749279121818236,-0.22252093395631434,199.0,156.75,198.14583333333334,99.64150187009186,train
2016-07-20 23:00:00,Bear_public_Valorie,Bear,114.5,15.0,11.1,1017.6,3.6,2.0,23,2,0,7,-0.25881904510252157,0.9659258262890681,0.9749279121818236,-0.22252093395631434,148.75,110.75,198.30208333333334,99.50133763484374,train
2016-07-21 00:00:00,Bear_public_Valorie,Bear,114.0,14.4,11.1,1017.6500000000001,5.7,2.0,0,3,0,7,0.0,1.0,0.43388373911755823,-0.900968867902419,114.5,114.0,198.30208333333334,99.50133763484374,train
2016-07-21 01:00:00,Bear_public_Valorie,Bear,110.5,14.4,11.1,1017.7,4.6,2.0,1,3,0,7,0.25881904510252074,0.9659258262890683,0.43388373911755823,-0.900968867902419,114.0,111.25,198.27083333333334,99.52998009848983,train
2016-07-21 02:00:00,Bear_public_Valorie,Bear,51.0,14.4,11.1,1017.6,2.6,2.0,2,3,0,7,0.49999999999999994,0.8660254037844387,0.43388373911755823,-0.900968867902419,110.5,55.75,198.07291666666666,99.82997717768488,train
2016-07-21 03:00:00,Bear_public_Valorie,Bear,39.5,14.4,11.1,1017.9,5.1,2.0,3,3,0,7,0.7071067811865476,0.7071067811865476,0.43388373911755823,-0.900968867902419,51.0,39.25,198.08333333333334,99.81269596279976,train
2016-07-21 04:00:00,Bear_public_Valorie,Bear,46.0,14.4,11.1,1018.0,4.6,2.0,4,3,0,7,0.8660254037844386,0.5000000000000001,0.43388373911755823,-0.900968867902419,39.5,46.75,198.05208333333334,99.86224150338151,train
2016-07-21 05:00:00,Bear_public_Valorie,Bear,56.25,14.4,10.6,1018.1,4.1,2.0,5,3,0,7,0.9659258262890683,0.25881904510252074,0.43388373911755823,-0.900968867902419,46.0,57.75,197.98958333333334,99.95429605484111,train
2016-07-21 06:00:00,Bear_public_Valorie,Bear,122.0,14.4,10.6,1018.5,5.7,2.0,6,3,0,7,1.0,6.123233995736766e-17,0.43388373911755823,-0.900968867902419,56.25,117.75,198.16666666666666,99.80961950096554,train
2016-07-21 07:00:00,Bear_public_Valorie,Bear,135.5,14.4,10.6,1018.5,5.1,2.0,7,3,0,7,0.9659258262890683,-0.25881904510252063,0.43388373911755823,-0.900968867902419,122.0,132.5,198.29166666666666,99.72564720343965,train
2016-07-21 08:00:00,Bear_public_Valorie,Bear,164.5,15.6,11.1,1018.8,3.1,2.0,8,3,0,7,0.8660254037844387,-0.4999999999999998,0.43388373911755823,-0.900968867902419,135.5,169.5,198.08333333333334,99.79360947853128,train
2016-07-21 09:00:00,Bear_public_Valorie,Bear,225.25,16.7,11.1,1018.9,2.1,2.0,9,3,0,7,0.7071067811865476,-0.7071067811865475,0.43388373911755823,-0.900968867902419,164.5,223.5,198.15625,99.81362557558694,train
2016-07-21 10:00:00,Bear_public_Valorie,Bear,243.75,17.2,11.1,1019.3,4.6,2.0,10,3,0,7,0.49999999999999994,-0.8660254037844387,0.43388373911755823,-0.900968867902419,225.25,247.75,197.98958333333334,99.73051948731707,train
2016-07-21 11:00:00,Bear_public_Valorie,Bear,294.25,18.9,11.7,1019.4,4.6,2.0,11,3,0,7,0.258819045102521,-0.9659258262890682,0.43388373911755823,-0.900968867902419,243.75,322.25,196.82291666666666,98.36816600113842,train
2016-07-21 12:00:00,Bear_public_Valorie,Bear,296.25,19.4,11.95,1019.8,4.6,2.0,12,3,0,7,1.2246467991473532e-16,-1.0,0.43388373911755823,-0.900968867902419,294.25,293.5,196.9375,98.48720535970753,train
2016-07-21 13:00:00,Bear_public_Valorie,Bear,306.25,21.7,12.2,1019.6,5.1,2.0,13,3,0,7,-0.2588190451025208,-0.9659258262890683,0.43388373911755823,-0.900968867902419,296.25,298.75,197.25,98.83558481684085,train
2016-07-21 14:00:00,Bear_public_Valorie,Bear,307.75,21.1,13.0,1019.5,6.2,2.0,14,3,0,7,-0.4999999999999997,-0.8660254037844388,0.43388373911755823,-0.900968867902419,306.25,298.5,197.63541666666666,99.26468731449725,train
2016-07-21 15:00:00,Bear_public_Valorie,Bear,319.75,20.6,12.8,1019.7,8.2,2.0,15,3,0,7,-0.7071067811865471,-0.7071067811865479,0.43388373911755823,-0.900968867902419,307.75,300.75,198.42708333333334,100.19422657493425,train
2016-07-21 16:00:00,Bear_public_Valorie,Bear,315.75,18.9,12.8,1019.6,6.7,2.0,16,3,0,7,-0.8660254037844385,-0.5000000000000004,0.43388373911755823,-0.900968867902419,319.75,299.0,199.125,100.98049208935694,train
2016-07-21 17:00:00,Bear_public_Valorie,Bear,302.5,20.6,13.3,1019.4,8.2,2.0,17,3,0,7,-0.9659258262890683,-0.25881904510252063,0.43388373911755823,-0.900968867902419,315.75,297.75,199.32291666666666,101.18664091577911,train
2016-07-21 18:00:00,Bear_public_Valorie,Bear,294.0,19.4,13.3,1019.2,8.2,2.0,18,3,0,7,-1.0,-1.8369701987210297e-16,0.43388373911755823,-0.900968867902419,302.5,293.25,199.35416666666666,101.21702137815878,train
2016-07-21 19:00:00,Bear_public_Valorie,Bear,291.75,18.9,13.9,1018.8,5.1,2.0,19,3,0,7,-0.9659258262890684,0.2588190451025203,0.43388373911755823,-0.900968867902419,294.0,292.0,199.34375,101.20708463827147,train
2016-07-21 20:00:00,Bear_public_Valorie,Bear,288.75,17.8,13.3,1019.2,6.7,2.0,20,3,0,7,-0.8660254037844386,0.5000000000000001,0.43388373911755823,-0.900968867902419,291.75,285.5,199.47916666666666,101.32947542832586,train
2016-07-21 21:00:00,Bear_public_Valorie,Bear,206.0,16.7,13.3,1019.4,5.1,2.0,21,3,0,7,-0.7071067811865477,0.7071067811865474,0.43388373911755823,-0.900968867902419,288.75,199.0,199.77083333333334,101.33811025759111,train
2016-07-21 22:00:00,Bear_public_Valorie,Bear,171.0,16.1,12.8,1019.6,5.7,2.0,22,3,0,7,-0.5000000000000004,0.8660254037844384,0.43388373911755823,-0.900968867902419,206.0,148.75,200.69791666666666,100.95209742116242,train
2016-07-21 23:00:00,Bear_public_Valorie,Bear,160.25,15.6,12.8,1019.8,5.1,2.0,23,3,0,7,-0.25881904510252157,0.9659258262890681,0.43388373911755823,-0.900968867902419,171.0,114.5,202.60416666666666,99.67757577468878,train
2016-07-22 00:00:00,Bear_public_Valorie,Bear,156.25,15.6,12.8,1019.7,3.6,2.0,0,4,0,7,0.0,1.0,-0.433883739117558,-0.9009688679024191,160.25,114.0,204.36458333333334,98.4097185894884,train
2016-07-22 01:00:00,Bear_public_Valorie,Bear,137.75,13.9,11.1,1019.3,2.1,1.0,1,4,0,7,0.25881904510252074,0.9659258262890683,-0.433883739117558,-0.9009688679024191,156.25,110.5,205.5,97.43199969834023,train
2016-07-22 02:00:00,Bear_public_Valorie,Bear,52.5,13.9,11.7,1018.9,2.1,0.0,2,4,0,7,0.49999999999999994,0.8660254037844387,-0.433883739117558,-0.9009688679024191,137.75,51.0,205.5625,97.32900976227144,train
2016-07-22 03:00:00,Bear_public_Valorie,Bear,39.25,14.4,12.8,1018.8,0.0,0.0,3,4,0,7,0.7071067811865476,0.7071067811865476,-0.433883739117558,-0.9009688679024191,52.5,39.5,205.55208333333334,97.34756699486034,train
2016-07-22 04:00:00,Bear_public_Valorie,Bear,46.25,15.0,12.8,1018.7,3.1,4.0,4,4,0,7,0.8660254037844386,0.5000000000000001,-0.433883739117558,-0.9009688679024191,39.25,46.0,205.5625,97.32976358974044,train
2016-07-22 05:00:00,Bear_public_Valorie,Bear,56.0,15.0,13.3,1018.85,3.1,3.0,5,4,0,7,0.9659258262890683,0.25881904510252074,-0.433883739117558,-0.9009688679024191,46.25,56.25,205.55208333333334,97.3464504155877,train
2016-07-22 06:00:00,Bear_public_Valorie,Bear,121.75,14.4,12.8,1019.0,2.6,2.0,6,4,0,7,1.0,6.123233995736766e-17,-0.433883739117558,-0.9009688679024191,56.0,122.0,205.54166666666666,97.35579264901921,train
2016-07-22 07:00:00,Bear_public_Valorie,Bear,129.5,15.0,12.8,1019.2,0.0,2.0,7,4,0,7,0.9659258262890683,-0.25881904510252063,-0.433883739117558,-0.9009688679024191,121.75,135.5,205.29166666666666,97.55098072587323,train
2016-07-22 08:00:00,Bear_public_Valorie,Bear,161.0,16.1,13.3,1019.7,1.5,2.0,8,4,0,7,0.8660254037844387,-0.4999999999999998,-0.433883739117558,-0.9009688679024191,129.5,164.5,205.14583333333334,97.61720705039056,train
2016-07-22 09:00:00,Bear_public_Valorie,Bear,235.5,16.7,13.3,1020.2,2.1,2.0,9,4,0,7,0.7071067811865476,-0.7071067811865475,-0.433883739117558,-0.9009688679024191,161.0,225.25,205.57291666666666,97.73134424351744,train
2016-07-22 10:00:00,Bear_public_Valorie,Bear,250.25,17.2,13.3,1020.2,2.6,2.0,10,4,0,7,0.49999999999999994,-0.8660254037844387,-0.433883739117558,-0.9009688679024191,235.5,243.75,205.84375,97.85067406901625,train
2016-07-22 11:00:00,Bear_public_Valorie,Bear,321.75,18.3,12.2,1020.4,2.6,2.0,11,4,0,7,0.258819045102521,-0.9659258262890682,-0.433883739117558,-0.9009688679024191,250.25,294.25,206.98958333333334,99.08416161237635,train
2016-07-22 12:00:00,Bear_public_Valorie,Bear,309.5,20.6,12.2,1020.3,5.1,2.0,12,4,0,7,1.2246467991473532e-16,-1.0,-0.433883739117558,-0.9009688679024191,321.75,296.25,207.54166666666666,99.63849512183987,train
2016-07-22 13:00:00,Bear_public_Valorie,Bear,312.25,21.7,12.8,1020.0,5.7,2.0,13,4,0,7,-0.2588190451025208,-0.9659258262890683,-0.433883739117558,-0.9009688679024191,309.5,306.25,207.79166666666666,99.90410256913832,train
2016-07-22 14:00:00,Bear_public_Valorie,Bear,323.0,22.2,12.2,1019.5,6.7,2.0,14,4,0,7,-0.4999999999999997,-0.8660254037844388,-0.433883739117558,-0.9009688679024191,312.25,307.75,208.42708333333334,100.6134844657542,train
2016-07-22 15:00:00,Bear_public_Valorie,Bear,326.25,22.2,12.8,1019.2,6.7,2.0,15,4,0,7,-0.7071067811865471,-0.7071067811865479,-0.433883739117558,-0.9009688679024191,323.0,319.75,208.69791666666666,100.93441098831434,train
2016-07-22 16:00:00,Bear_public_Valorie,Bear,321.0,21.1,12.8,1018.5,7.2,2.0,16,4,0,7,-0.8660254037844385,-0.5000000000000004,-0.433883739117558,-0.9009688679024191,326.25,315.75,208.91666666666666,101.18189246262801,train
2016-07-22 17:00:00,Bear_public_Valorie,Bear,273.0,21.7,12.8,1017.9,6.7,2.0,17,4,0,7,-0.9659258262890683,-0.25881904510252063,-0.433883739117558,-0.9009688679024191,321.0,302.5,207.6875,100.16972688783068,train
2016-07-22 18:00:00,Bear_public_Valorie,Bear,199.0,21.1,12.8,1017.4,6.2,2.0,18,4,0,7,-1.0,-1.8369701987210297e-16,-0.433883739117558,-0.9009688679024191,273.0,294.0,203.72916666666666,98.4733443481099,train
2016-07-22 19:00:00,Bear_public_Valorie,Bear,183.75,20.6,13.3,1016.9,5.7,2.0,19,4,0,7,-0.9659258262890684,0.2588190451025203,-0.433883739117558,-0.9009688679024191,199.0,291.75,199.22916666666666,96.72832631819297,train
2016-07-22 20:00:00,Bear_public_Valorie,Bear,178.75,18.9,12.8,1016.8,6.2,0.0,20,4,0,7,-0.8660254037844386,0.5000000000000001,-0.433883739117558,-0.9009688679024191,183.75,288.75,194.64583333333334,94.89072424163194,train
2016-07-22 21:00:00,Bear_public_Valorie,Bear,176.25,17.8,12.8,1016.9,3.6,0.0,21,4,0,7,-0.7071067811865477,0.7071067811865474,-0.433883739117558,-0.9009688679024191,178.75,206.0,193.40625,94.93026080107889,train
2016-07-22 22:00:00,Bear_public_Valorie,Bear,82.75,17.2,12.8,1017.3,3.1,0.0,22,4,0,7,-0.5000000000000004,0.8660254037844384,-0.433883739117558,-0.9009688679024191,176.25,171.0,189.72916666666666,97.51000273847784,train
2016-07-22 23:00:00,Bear_public_Valorie,Bear,63.5,16.7,12.8,1017.0,3.6,0.0,23,4,0,7,-0.25881904510252157,0.9659258262890681,-0.433883739117558,-0.9009688679024191,82.75,160.25,185.69791666666666,100.7285142470965,train
2016-07-23 00:00:00,Bear_public_Valorie,Bear,57.25,16.1,12.8,1016.7,2.6,0.0,0,5,1,7,0.0,1.0,-0.9749279121818236,-0.2225209339563146,63.5,156.25,181.57291666666666,103.96209277713409,train
2016-07-23 01:00:00,Bear_public_Valorie,Bear,61.0,14.4,11.7,1016.4,0.0,0.0,1,5,1,7,0.25881904510252074,0.9659258262890683,-0.9749279121818236,-0.2225209339563146,57.25,137.75,178.375,106.51773173473528,train
2016-07-23 02:00:00,Bear_public_Valorie,Bear,57.0,15.0,12.8,1015.7,0.0,0.0,2,5,1,7,0.49999999999999994,0.8660254037844387,-0.9749279121818236,-0.2225209339563146,61.0,52.5,178.5625,106.29024173991903,train
2016-07-23 03:00:00,Bear_public_Valorie,Bear,61.5,13.9,12.2,1015.4,1.5,0.0,3,5,1,7,0.7071067811865476,0.7071067811865476,-0.9749279121818236,-0.2225209339563146,57.0,39.25,179.48958333333334,105.11281411475566,train
2016-07-23 04:00:00,Bear_public_Valorie,Bear,57.0,16.1,12.8,1014.9,0.0,0.0,4,5,1,7,0.8660254037844386,0.5000000000000001,-0.9749279121818236,-0.2225209339563146,61.5,46.25,179.9375,104.5417081838631,train
2016-07-23 05:00:00,Bear_public_Valorie,Bear,56.75,13.3,11.7,1014.9,0.0,0.0,5,5,1,7,0.9659258262890683,0.25881904510252074,-0.9749279121818236,-0.2225209339563146,57.0,56.0,179.96875,104.50315453164659,train
2016-07-23 06:00:00,Bear_public_Valorie,Bear,101.0,12.2,10.6,1015.1,1.5,0.0,6,5,1,7,1.0,6.123233995736766e-17,-0.9749279121818236,-0.2225209339563146,56.75,121.75,179.10416666666666,105.08994379212443,train
2016-07-23 07:00:00,Bear_public_Valorie,Bear,109.0,14.4,12.2,1015.3,1.5,0.0,7,5,1,7,0.9659258262890683,-0.25881904510252063,-0.9749279121818236,-0.2225209339563146,101.0,129.5,178.25,105.59276263901386,train
2016-07-23 08:00:00,Bear_public_Valorie,Bear,149.25,17.8,13.3,1015.8,2.1,0.0,8,5,1,7,0.8660254037844387,-0.4999999999999998,-0.9749279121818236,-0.2225209339563146,109.0,161.0,177.76041666666666,105.70340167613239,train
2016-07-23 09:00:00,Bear_public_Valorie,Bear,275.25,18.9,13.3,1015.8,1.5,0.0,9,5,1,7,0.7071067811865476,-0.7071067811865475,-0.9749279121818236,-0.2225209339563146,149.25,235.5,179.41666666666666,106.95149923402563,train
2016-07-23 10:00:00,Bear_public_Valorie,Bear,294.25,19.4,13.3,1015.5,2.1,0.0,10,5,1,7,0.49999999999999994,-0.8660254037844387,-0.9749279121818236,-0.2225209339563146,275.25,250.25,181.25,108.58316788446575,train
2016-07-23 11:00:00,Bear_public_Valorie,Bear,301.0,20.6,13.3,1015.3,2.6,0.0,11,5,1,7,0.258819045102521,-0.9659258262890682,-0.9749279121818236,-0.2225209339563146,294.25,321.75,180.38541666666666,107.49294666361845,train
2016-07-23 12:00:00,Bear_public_Valorie,Bear,290.75,23.3,12.8,1014.9,3.1,0.0,12,5,1,7,1.2246467991473532e-16,-1.0,-0.9749279121818236,-0.2225209339563146,301.0,309.5,179.60416666666666,106.57799544145512,train
2016-07-23 13:00:00,Bear_public_Valorie,Bear,287.75,24.4,12.8,1014.3,5.1,0.0,13,5,1,7,-0.2588190451025208,-0.9659258262890683,-0.9749279121818236,-0.2225209339563146,290.75,312.25,178.58333333333334,105.36264153808999,train
2016-07-23 14:00:00,Bear_public_Valorie,Bear,283.25,23.3,12.2,1013.9,7.7,0.0,14,5,1,7,-0.4999999999999997,-0.8660254037844388,-0.9749279121818236,-0.2225209339563146,287.75,323.0,176.92708333333334,103.28573387238897,train
2016-07-23 15:00:00,Bear_public_Valorie,Bear,277.25,23.3,13.3,1013.3,7.2,0.0,15,5,1,7,-0.7071067811865471,-0.7071067811865479,-0.9749279121818236,-0.2225209339563146,283.25,326.25,174.88541666666666,100.65653986309152,train
2016-07-23 16:00:00,Bear_public_Valorie,Bear,279.5,23.9,12.2,1012.6,6.7,0.0,16,5,1,7,-0.8660254037844385,-0.5000000000000004,-0.9749279121818236,-0.2225209339563146,277.25,321.0,173.15625,98.36776083800322,train
2016-07-23 17:00:00,Bear_public_Valorie,Bear,229.25,23.3,13.3,1012.1,8.2,0.0,17,5,1,7,-0.9659258262890683,-0.25881904510252063,-0.9749279121818236,-0.2225209339563146,279.5,273.0,171.33333333333334,96.83041166487105,train
2016-07-23 18:00:00,Bear_public_Valorie,Bear,150.5,22.2,13.3,1011.5,7.2,0.0,18,5,1,7,-1.0,-1.8369701987210297e-16,-0.9749279121818236,-0.2225209339563146,229.25,199.0,169.3125,96.73395412384822,train
2016-07-23 19:00:00,Bear_public_Valorie,Bear,156.25,20.6,13.3,1011.1,7.7,0.0,19,5,1,7,-0.9659258262890684,0.2588190451025203,-0.9749279121818236,-0.2225209339563146,150.5,183.75,168.16666666666666,96.71837385202308,train
2016-07-23 20:00:00,Bear_public_Valorie,Bear,170.5,18.3,12.8,1011.2,7.7,0.0,20,5,1,7,-0.8660254037844386,0.5000000000000001,-0.9749279121818236,-0.2225209339563146,156.25,178.75,167.82291666666666,96.6937815310548,train
2016-07-23 21:00:00,Bear_public_Valorie,Bear,164.75,16.7,12.2,1011.4,7.2,0.0,21,5,1,7,-0.7071067811865477,0.7071067811865474,-0.9749279121818236,-0.2225209339563146,170.5,176.25,167.34375,96.67869837822956,train
2016-07-23 22:00:00,Bear_public_Valorie,Bear,76.0,16.1,12.2,1011.9,4.6,0.0,22,5,1,7,-0.5000000000000004,0.8660254037844384,-0.9749279121818236,-0.2225209339563146,164.75,82.75,167.0625,96.94494319390546,train
2016-07-23 23:00:00,Bear_public_Valorie,Bear,61.75,15.6,12.2,1011.7,3.1,0.0,23,5,1,7,-0.25881904510252157,0.9659258262890681,-0.9749279121818236,-0.2225209339563146,76.0,63.5,166.98958333333334,97.02684744907353,train
2016-07-24 00:00:00,Bear_public_Valorie,Bear,56.6,15.0,12.2,1011.5,0.0,0.0,0,6,1,7,0.0,1.0,-0.7818314824680299,0.6234898018587334,61.75,57.25,166.9625,97.0588965637561,train
2016-07-24 01:00:00,Bear_public_Valorie,Bear,61.0,15.0,12.2,1011.2,0.0,0.0,1,6,1,7,0.25881904510252074,0.9659258262890683,-0.7818314824680299,0.6234898018587334,56.6,61.0,166.9625,97.0588965637561,train
2016-07-24 02:00:00,Bear_public_Valorie,Bear,50.5,13.9,11.7,1010.9,1.5,0.0,2,6,1,7,0.49999999999999994,0.8660254037844387,-0.7818314824680299,0.6234898018587334,61.0,57.0,166.69166666666666,97.38758923103023,train
2016-07-24 03:00:00,Bear_public_Valorie,Bear,39.0,14.4,12.2,1010.6,0.0,0.0,3,6,1,7,0.7071067811865476,0.7071067811865476,-0.7818314824680299,0.6234898018587334,50.5,61.5,165.75416666666666,98.54565474357847,train
2016-07-24 04:00:00,Bear_public_Valorie,Bear,46.5,14.4,12.8,1010.4,0.0,0.0,4,6,1,7,0.8660254037844386,0.5000000000000001,-0.7818314824680299,0.6234898018587334,39.0,57.0,165.31666666666666,99.0713737739074,train
2016-07-24 05:00:00,Bear_public_Valorie,Bear,55.75,13.9,11.7,1010.4,0.0,0.0,5,6,1,7,0.9659258262890683,0.25881904510252074,-0.7818314824680299,0.6234898018587334,46.5,56.75,165.275,99.1192178531796,train
2016-07-24 06:00:00,Bear_public_Valorie,Bear,55.0,13.9,12.2,1010.7,0.0,0.0,6,6,1,7,1.0,6.123233995736766e-17,-0.7818314824680299,0.6234898018587334,55.75,101.0,163.35833333333332,100.8458527381902,train
2016-07-24 07:00:00,Bear_public_Valorie,Bear,53.75,15.0,13.3,1010.8,2.1,0.0,7,6,1,7,0.9659258262890683,-0.25881904510252063,-0.7818314824680299,0.6234898018587334,55.0,109.0,161.05625,102.75326009056415,train
2016-07-24 08:00:00,Bear_public_Valorie,Bear,89.25,17.2,13.3,1011.4,1.5,0.0,8,6,1,7,0.8660254037844387,-0.4999999999999998,-0.7818314824680299,0.6234898018587334,53.75,149.25,158.55625,103.77779283317832,train
2016-07-24 09:00:00,Bear_public_Valorie,Bear,154.5,17.8,13.3,1011.7,2.1,0.0,9,6,1,7,0.7071067811865476,-0.7071067811865475,-0.7818314824680299,0.6234898018587334,89.25,275.25,153.525,100.75747787547125,train
2016-07-24 10:00:00,Bear_public_Valorie,Bear,174.75,19.4,13.3,1011.8,3.6,0.0,10,6,1,7,0.49999999999999994,-0.8660254037844387,-0.7818314824680299,0.6234898018587334,154.5,294.25,148.54583333333332,96.35747744801604,train
2016-07-24 11:00:00,Bear_public_Valorie,Bear,173.25,20.6,13.3,1012.0,4.1,0.0,11,6,1,7,0.258819045102521,-0.9659258262890682,-0.7818314824680299,0.6234898018587334,174.75,301.0,143.22291666666666,90.94613310034566,train
2016-07-24 12:00:00,Bear_public_Valorie,Bear,272.5,21.1,12.8,1012.0,4.6,0.0,12,6,1,7,1.2246467991473532e-16,-1.0,-0.7818314824680299,0.6234898018587334,173.25,290.75,142.4625,89.72712891340873,train
2016-07-24 13:00:00,Bear_public_Valorie,Bear,311.75,21.7,12.8,1011.7,7.2,0.0,13,6,1,7,-0.2588190451025208,-0.9659258262890683,-0.7818314824680299,0.6234898018587334,272.5,287.75,143.4625,91.53232411938225,train
2016-07-24 14:00:00,Bear_public_Valorie,Bear,318.75,21.7,12.8,1011.8,8.2,0.0,14,6,1,7,-0.4999999999999997,-0.8660254037844388,-0.7818314824680299,0.6234898018587334,311.75,283.25,144.94166666666666,94.13923045226639,train
2016-07-24 15:00:00,Bear_public_Valorie,Bear,322.75,21.7,12.2,1011.5,7.7,2.0,15,6,1,7,-0.7071067811865471,-0.7071067811865479,-0.7818314824680299,0.6234898018587334,318.75,277.25,146.8375,97.32387129534581,train
2016-07-24 16:00:00,Bear_public_Valorie,Bear,315.0,21.7,12.8,1011.2,8.8,2.0,16,6,1,7,-0.8660254037844385,-0.5000000000000004,-0.7818314824680299,0.6234898018587334,322.75,279.5,148.31666666666666,99.66930174404213,train
2016-07-24 17:00:00,Bear_public_Valorie,Bear,308.75,20.0,12.8,1011.3,8.2,2.0,17,6,1,7,-0.9659258262890683,-0.25881904510252063,-0.7818314824680299,0.6234898018587334,315.0,229.25,151.62916666666666,103.71503802399549,train
2016-07-24 18:00:00,Bear_public_Valorie,Bear,290.5,18.9,12.8,1011.5,7.7,2.0,18,6,1,7,-1.0,-1.8369701987210297e-16,-0.7818314824680299,0.6234898018587334,308.75,150.5,157.4625,107.51618204797781,train
2016-07-24 19:00:00,Bear_public_Valorie,Bear,279.75,17.2,12.2,1012.1,8.2,2.0,19,6,1,7,-0.9659258262890684,0.2588190451025203,-0.7818314824680299,0.6234898018587334,290.5,156.25,162.60833333333332,110.37308831045907,train
2016-07-24 20:00:00,Bear_public_Valorie,Bear,238.75,16.7,12.8,1012.3,5.7,2.0,20,6,1,7,-0.8660254037844386,0.5000000000000001,-0.7818314824680299,0.6234898018587334,279.75,170.5,165.45208333333332,111.45913998759974,train
2016-07-24 21:00:00,Bear_public_Valorie,Bear,173.0,15.6,12.2,1012.5,3.1,2.0,21,6,1,7,-0.7071067811865477,0.7071067811865474,-0.7818314824680299,0.6234898018587334,238.75,164.75,165.79583333333332,111.4696019361202,train
2016-07-24 22:00:00,Bear_public_Valorie,Bear,114.0,15.0,12.2,1013.0,1.5,2.0,22,6,1,7,-0.5000000000000004,0.8660254037844384,-0.7818314824680299,0.6234898018587334,173.0,76.0,167.37916666666666,110.4034517385987,train
2016-07-24 23:00:00,Bear_public_Valorie,Bear,111.25,14.4,12.2,1013.1,1.5,2.0,23,6,1,7,-0.25881904510252157,0.9659258262890681,-0.7818314824680299,0.6234898018587334,114.0,61.75,169.44166666666666,108.7949963549981,train
2016-07-25 00:00:00,Bear_public_Valorie,Bear,110.5,13.9,11.7,1013.3,1.5,2.0,0,0,0,7,0.0,1.0,0.0,1.0,111.25,56.6,171.6875,106.90424529944295,train
2016-07-25 01:00:00,Bear_public_Valorie,Bear,111.5,14.4,12.2,1013.5,0.0,3.0,1,0,0,7,0.25881904510252074,0.9659258262890683,0.0,1.0,110.5,61.0,173.79166666666666,105.11287066629917,train
2016-07-25 02:00:00,Bear_public_Valorie,Bear,46.5,15.0,12.8,1013.5,0.0,4.0,2,0,0,7,0.49999999999999994,0.8660254037844387,0.0,1.0,111.5,50.5,173.625,105.31982863804812,train
2016-07-25 03:00:00,Bear_public_Valorie,Bear,37.25,13.3,11.7,1013.45,2.1,4.0,3,0,0,7,0.7071067811865476,0.7071067811865476,0.0,1.0,46.5,39.0,173.55208333333334,105.41764710691453,train
2016-07-25 04:00:00,Bear_public_Valorie,Bear,45.0,14.4,12.8,1013.4,1.5,3.7142857142857144,4,0,0,7,0.8660254037844386,0.5000000000000001,0.0,1.0,37.25,46.5,173.48958333333334,105.49666384501232,train
2016-07-25 05:00:00,Bear_public_Valorie,Bear,54.75,14.4,12.2,1013.6,2.6,3.428571428571429,5,0,0,7,0.9659258262890683,0.25881904510252074,0.0,1.0,45.0,55.75,173.44791666666666,105.54537400441517,train
2016-07-25 06:00:00,Bear_public_Valorie,Bear,123.0,14.4,12.2,1013.7,2.6,3.142857142857143,6,0,0,7,1.0,6.123233995736766e-17,0.0,1.0,54.75,55.0,176.28125,103.11209899540947,train
2016-07-25 07:00:00,Bear_public_Valorie,Bear,134.75,15.0,13.3,1014.1,2.1,2.857142857142857,7,0,0,7,0.9659258262890683,-0.25881904510252063,0.0,1.0,123.0,53.75,179.65625,100.21194421618087,train
2016-07-25 08:00:00,Bear_public_Valorie,Bear,171.0,15.6,13.3,1014.3,0.0,2.5714285714285716,8,0,0,7,0.8660254037844387,-0.4999999999999998,0.0,1.0,134.75,89.25,183.0625,98.37796595164285,train
2016-07-25 09:00:00,Bear_public_Valorie,Bear,226.5,16.1,13.3,1014.5,0.0,2.2857142857142856,9,0,0,7,0.7071067811865476,-0.7071067811865475,0.0,1.0,171.0,154.5,186.0625,98.56671901725286,train
2016-07-25 10:00:00,Bear_public_Valorie,Bear,242.0,17.8,13.9,1014.3,2.6,2.0,10,0,0,7,0.49999999999999994,-0.8660254037844387,0.0,1.0,226.5,174.75,188.86458333333334,99.18510306182097,train
2016-07-25 11:00:00,Bear_public_Valorie,Bear,246.0,18.9,13.9,1014.3,3.1,2.0,11,0,0,7,0.258819045102521,-0.9659258262890682,0.0,1.0,242.0,173.25,191.89583333333334,99.79693830437648,train
2016-07-25 12:00:00,Bear_public_Valorie,Bear,248.75,20.6,13.9,1014.1,4.6,2.0,12,0,0,7,1.2246467991473532e-16,-1.0,0.0,1.0,246.0,272.5,190.90625,99.07808219925636,train
2016-07-25 13:00:00,Bear_public_Valorie,Bear,308.5,20.0,13.3,1013.9,7.2,2.0,13,0,0,7,-0.2588190451025208,-0.9659258262890683,0.0,1.0,248.75,311.75,190.77083333333334,98.90781052012044,train
2016-07-25 14:00:00,Bear_public_Valorie,Bear,310.25,21.1,13.3,1013.5,8.2,2.0,14,0,0,7,-0.4999999999999997,-0.8660254037844388,0.0,1.0,308.5,318.75,190.41666666666666,98.44375095174536,train
2016-07-25 15:00:00,Bear_public_Valorie,Bear,312.0,21.1,13.3,1013.3,6.7,2.0,15,0,0,7,-0.7071067811865471,-0.7071067811865479,0.0,1.0,310.25,322.75,189.96875,97.83805142716818,train
2016-07-25 16:00:00,Bear_public_Valorie,Bear,315.0,22.8,13.3,1013.0,6.2,2.0,16,0,0,7,-0.8660254037844385,-0.5000000000000004,0.0,1.0,312.0,315.0,189.96875,97.83805142716818,train
2016-07-25 17:00:00,Bear_public_Valorie,Bear,307.5,21.7,13.9,1012.7,7.2,2.0,17,0,0,7,-0.9659258262890683,-0.25881904510252063,0.0,1.0,315.0,308.75,189.91666666666666,97.77238058775643,train
2016-07-25 18:00:00,Bear_public_Valorie,Bear,293.75,20.0,14.4,1012.3,7.2,2.0,18,0,0,7,-1.0,-1.8369701987210297e-16,0.0,1.0,307.5,290.5,190.05208333333334,97.91988681877363,train
2016-07-25 19:00:00,Bear_public_Valorie,Bear,282.25,20.6,13.9,1012.2,4.6,2.0,19,0,0,7,-0.9659258262890684,0.2588190451025203,0.0,1.0,293.75,279.75,190.15625,98.0207335127092,train
2016-07-25 20:00:00,Bear_public_Valorie,Bear,221.5,18.9,12.2,1012.2,4.1,2.0,20,0,0,7,-0.8660254037844386,0.5000000000000001,0.0,1.0,282.25,238.75,189.4375,97.71167796568409,train
2016-07-25 21:00:00,Bear_public_Valorie,Bear,136.75,16.1,12.2,1012.6,3.1,2.0,21,0,0,7,-0.7071067811865477,0.7071067811865474,0.0,1.0,221.5,173.0,187.92708333333334,98.25547554071413,train
2016-07-25 22:00:00,Bear_public_Valorie,Bear,112.25,15.6,12.2,1012.9,1.5,2.0,22,0,0,7,-0.5000000000000004,0.8660254037844384,0.0,1.0,136.75,114.0,187.85416666666666,98.31335540733652,train
2016-07-25 23:00:00,Bear_public_Valorie,Bear,113.0,15.0,12.2,1012.9,3.1,2.0,23,0,0,7,-0.25881904510252157,0.9659258262890681,0.0,1.0,112.25,111.25,187.92708333333334,98.25470115886989,train
2016-07-26 00:00:00,Bear_public_Valorie,Bear,113.75,15.0,12.8,1013.0,1.5,2.0,0,1,0,7,0.0,1.0,0.7818314824680298,0.6234898018587336,113.0,110.5,188.0625,98.14552886890218,train
2016-07-26 01:00:00,Bear_public_Valorie,Bear,107.5,15.0,13.3,1012.5,2.1,2.0,1,1,0,7,0.25881904510252074,0.9659258262890683,0.7818314824680298,0.6234898018587336,113.75,111.5,187.89583333333334,98.2844949033457,train
2016-07-26 02:00:00,Bear_public_Valorie,Bear,46.75,14.4,12.8,1012.4,2.1,2.0,2,1,0,7,0.49999999999999994,0.8660254037844387,0.7818314824680298,0.6234898018587336,107.5,46.5,187.90625,98.26886953714633,train
2016-07-26 03:00:00,Bear_public_Valorie,Bear,40.0,13.9,12.2,1012.4,2.1,2.0,3,1,0,7,0.7071067811865476,0.7071067811865476,0.7818314824680298,0.6234898018587336,46.75,37.25,188.02083333333334,98.0869987802162,train
2016-07-26 04:00:00,Bear_public_Valorie,Bear,48.25,13.3,12.2,1012.6,1.5,0.0,4,1,0,7,0.8660254037844386,0.5000000000000001,0.7818314824680298,0.6234898018587336,40.0,45.0,188.15625,97.88299394030294,train
2016-07-26 05:00:00,Bear_public_Valorie,Bear,59.75,13.3,12.2,1012.5,0.0,2.0,5,1,0,7,0.9659258262890683,0.25881904510252074,0.7818314824680298,0.6234898018587336,48.25,54.75,188.36458333333334,97.59159519135213,train
2016-07-26 06:00:00,Bear_public_Valorie,Bear,118.25,12.2,11.7,1012.6,0.0,2.0,6,1,0,7,1.0,6.123233995736766e-17,0.7818314824680298,0.6234898018587336,59.75,123.0,188.16666666666666,97.73463035697472,train
2016-07-26 07:00:00,Bear_public_Valorie,Bear,123.25,13.9,12.8,1012.9,1.5,4.0,7,1,0,7,0.9659258262890683,-0.25881904510252063,0.7818314824680298,0.6234898018587336,118.25,134.75,187.6875,98.03563155479652,train
2016-07-26 08:00:00,Bear_public_Valorie,Bear,168.5,16.7,13.3,1013.3,0.0,4.0,8,1,0,7,0.8660254037844387,-0.4999999999999998,0.7818314824680298,0.6234898018587336,123.25,171.0,187.58333333333334,98.0554597582704,train
2016-07-26 09:00:00,Bear_public_Valorie,Bear,237.25,18.9,13.9,1013.5,2.6,4.0,9,1,0,7,0.7071067811865476,-0.7071067811865475,0.7818314824680298,0.6234898018587336,168.5,226.5,188.03125,98.26528845813694,train
2016-07-26 10:00:00,Bear_public_Valorie,Bear,305.0,20.0,13.9,1013.4,2.6,4.0,10,1,0,7,0.49999999999999994,-0.8660254037844387,0.7818314824680298,0.6234898018587336,237.25,242.0,190.65625,100.58378003965254,train
2016-07-26 11:00:00,Bear_public_Valorie,Bear,291.0,21.1,14.4,1013.0,2.6,4.0,11,1,0,7,0.258819045102521,-0.9659258262890682,0.7818314824680298,0.6234898018587336,305.0,246.0,192.53125,102.0687724383183,train
2016-07-26 12:00:00,Bear_public_Valorie,Bear,286.25,22.8,14.4,1013.0,2.1,4.0,12,1,0,7,1.2246467991473532e-16,-1.0,0.7818314824680298,0.6234898018587336,291.0,248.75,194.09375,103.24703418469109,train
2016-07-26 13:00:00,Bear_public_Valorie,Bear,290.0,26.7,15.0,1012.3,3.6,2.0,13,1,0,7,-0.2588190451025208,-0.9659258262890683,0.7818314824680298,0.6234898018587336,286.25,308.5,193.32291666666666,102.42150969227565,train
2016-07-26 14:00:00,Bear_public_Valorie,Bear,285.5,28.3,13.9,1011.8,6.2,2.0,14,1,0,7,-0.4999999999999997,-0.8660254037844388,0.7818314824680298,0.6234898018587336,290.0,310.25,192.29166666666666,101.31160677171523,train
2016-07-26 15:00:00,Bear_public_Valorie,Bear,277.25,27.2,12.2,1011.3,6.7,2.0,15,1,0,7,-0.7071067811865471,-0.7071067811865479,0.7818314824680298,0.6234898018587336,285.5,312.0,190.84375,99.76286591593517,train
2016-07-26 16:00:00,Bear_public_Valorie,Bear,269.5,26.1,11.7,1010.8,7.2,2.0,16,1,0,7,-0.8660254037844385,-0.5000000000000004,0.7818314824680298,0.6234898018587336,277.25,315.0,188.94791666666666,97.71214320775906,train
2016-07-26 17:00:00,Bear_public_Valorie,Bear,264.5,26.7,11.1,1010.1,5.7,2.0,17,1,0,7,-0.9659258262890683,-0.25881904510252063,0.7818314824680298,0.6234898018587336,269.5,307.5,187.15625,95.81974167164994,train
2016-07-26 18:00:00,Bear_public_Valorie,Bear,263.5,25.0,12.2,1009.9,7.2,2.0,18,1,0,7,-1.0,-1.8369701987210297e-16,0.7818314824680298,0.6234898018587336,264.5,293.75,185.89583333333334,94.54714480395323,train
2016-07-26 19:00:00,Bear_public_Valorie,Bear,288.75,22.8,12.8,1010.0,5.7,2.0,19,1,0,7,-0.9659258262890684,0.2588190451025203,0.7818314824680298,0.6234898018587336,263.5,282.25,186.16666666666666,94.84399853428262,train
2016-07-26 20:00:00,Bear_public_Valorie,Bear,284.25,20.0,13.3,1010.2,4.6,2.0,20,1,0,7,-0.8660254037844386,0.5000000000000001,0.7818314824680298,0.6234898018587336,288.75,221.5,188.78125,96.70701248403316,train
2016-07-26 21:00:00,Bear_public_Valorie,Bear,183.5,18.9,13.3,1010.7,2.6,2.0,21,1,0,7,-0.7071067811865477,0.7071067811865474,0.7818314824680298,0.6234898018587336,284.25,136.75,190.72916666666666,96.08222013131413,train
2016-07-26 22:00:00,Bear_public_Valorie,Bear,149.75,18.3,12.8,1011.2,1.5,2.0,22,1,0,7,-0.5000000000000004,0.8660254037844384,0.7818314824680298,0.6234898018587336,183.5,112.25,192.29166666666666,95.04986296294882,train
2016-07-26 23:00:00,Bear_public_Valorie,Bear,147.25,17.2,13.3,1011.4,3.1,2.0,23,1,0,7,-0.25881904510252157,0.9659258262890681,0.7818314824680298,0.6234898018587336,149.75,113.0,193.71875,94.05957040793922,train
2016-07-27 00:00:00,Bear_public_Valorie,Bear,130.25,16.7,13.9,1011.3,3.1,4.0,0,2,0,7,0.0,1.0,0.9749279121818236,-0.22252093395631434,147.25,113.75,194.40625,93.50833526262214,train
2016-07-27 01:00:00,Bear_public_Valorie,Bear,109.75,16.7,13.9,1011.4,3.6,2.0,1,2,0,7,0.25881904510252074,0.9659258262890683,0.9749279121818236,-0.22252093395631434,130.25,107.5,194.5,93.41850086758946,train
2016-07-27 02:00:00,Bear_public_Valorie,Bear,49.5,16.1,12.8,1011.1,2.6,2.0,2,2,0,7,0.49999999999999994,0.8660254037844387,0.9749279121818236,-0.22252093395631434,109.75,46.75,194.61458333333334,93.23089555922623,train
2016-07-27 03:00:00,Bear_public_Valorie,Bear,46.0,15.6,12.8,1011.2,1.5,2.0,3,2,0,7,0.7071067811865476,0.7071067811865476,0.9749279121818236,-0.22252093395631434,49.5,40.0,194.86458333333334,92.80534148697735,train
2016-07-27 04:00:00,Bear_public_Valorie,Bear,52.5,15.0,12.8,1011.4,1.5,2.0,4,2,0,7,0.8660254037844386,0.5000000000000001,0.9749279121818236,-0.22252093395631434,46.0,48.25,195.04166666666666,92.51702741830191,train
2016-07-27 05:00:00,Bear_public_Valorie,Bear,62.5,15.0,12.2,1011.5,2.1,2.0,5,2,0,7,0.9659258262890683,0.25881904510252074,0.9749279121818236,-0.22252093395631434,52.5,59.75,195.15625,92.34372264216465,train
2016-07-27 06:00:00,Bear_public_Valorie,Bear,127.0,13.9,12.2,1011.6,1.5,2.0,6,2,0,7,1.0,6.123233995736766e-17,0.9749279121818236,-0.22252093395631434,62.5,118.25,195.52083333333334,92.04367219195298,train
2016-07-27 07:00:00,Bear_public_Valorie,Bear,131.75,15.0,12.8,1012.2,2.1,2.0,7,2,0,7,0.9659258262890683,-0.25881904510252063,0.9749279121818236,-0.22252093395631434,127.0,123.25,195.875,91.7694417264407,train
2016-07-27 08:00:00,Bear_public_Valorie,Bear,166.5,16.7,13.3,1012.6,3.1,2.0,8,2,0,7,0.8660254037844387,-0.4999999999999998,0.9749279121818236,-0.22252093395631434,131.75,168.5,195.79166666666666,91.79628517001372,train
2016-07-27 09:00:00,Bear_public_Valorie,Bear,232.75,18.3,12.8,1012.7,3.1,2.0,9,2,0,7,0.7071067811865476,-0.7071067811865475,0.9749279121818236,-0.22252093395631434,166.5,237.25,195.60416666666666,91.71247949394632,train
2016-07-27 10:00:00,Bear_public_Valorie,Bear,278.75,20.0,13.9,1012.8,3.1,2.0,10,2,0,7,0.49999999999999994,-0.8660254037844387,0.9749279121818236,-0.22252093395631434,232.75,305.0,194.51041666666666,90.49962404337789,train
2016-07-27 11:00:00,Bear_public_Valorie,Bear,297.75,21.7,13.9,1012.9,3.1,2.0,11,2,0,7,0.258819045102521,-0.9659258262890682,0.9749279121818236,-0.22252093395631434,278.75,291.0,194.79166666666666,90.82243984671483,train
2016-07-27 12:00:00,Bear_public_Valorie,Bear,305.5,23.9,13.9,1012.9,4.1,2.0,12,2,0,7,1.2246467991473532e-16,-1.0,0.9749279121818236,-0.22252093395631434,297.75,286.25,195.59375,91.74556654671794,train
2016-07-27 13:00:00,Bear_public_Valorie,Bear,322.5,23.3,13.9,1012.5,7.2,0.0,13,2,0,7,-0.2588190451025208,-0.9659258262890683,0.9749279121818236,-0.22252093395631434,305.5,290.0,196.94791666666666,93.4240850604599,train
2016-07-27 14:00:00,Bear_public_Valorie,Bear,300.5,23.9,13.3,1012.3,7.2,2.0,14,2,0,7,-0.4999999999999997,-0.8660254037844388,0.9749279121818236,-0.22252093395631434,322.5,285.5,197.57291666666666,94.09004935047781,train
2016-07-27 15:00:00,Bear_public_Valorie,Bear,285.0,24.4,13.9,1012.0,7.2,2.0,15,2,0,7,-0.7071067811865471,-0.7071067811865479,0.9749279121818236,-0.22252093395631434,300.5,277.25,197.89583333333334,94.3882165138565,train
2016-07-27 16:00:00,Bear_public_Valorie,Bear,283.5,22.8,13.3,1011.7,7.7,2.0,16,2,0,7,-0.8660254037844385,-0.5000000000000004,0.9749279121818236,-0.22252093395631434,285.0,269.5,198.47916666666666,94.89189835380255,train
2016-07-27 17:00:00,Bear_public_Valorie,Bear,303.25,21.7,12.8,1011.4,8.2,4.0,17,2,0,7,-0.9659258262890683,-0.25881904510252063,0.9749279121818236,-0.22252093395631434,283.5,264.5,200.09375,96.38204698478991,train
2016-07-27 18:00:00,Bear_public_Valorie,Bear,296.5,20.0,12.8,1011.3,8.8,4.0,18,2,0,7,-1.0,-1.8369701987210297e-16,0.9749279121818236,-0.22252093395631434,303.25,263.5,201.46875,97.55420211627722,train
2016-07-27 19:00:00,Bear_public_Valorie,Bear,285.5,18.3,12.8,1011.3,8.8,4.0,19,2,0,7,-0.9659258262890684,0.2588190451025203,0.9749279121818236,-0.22252093395631434,296.5,288.75,201.33333333333334,97.42995440054739,train
2016-07-27 20:00:00,Bear_public_Valorie,Bear,225.5,16.7,12.8,1011.9,8.8,4.0,20,2,0,7,-0.8660254037844386,0.5000000000000001,0.9749279121818236,-0.22252093395631434,285.5,284.25,198.88541666666666,95.98341056748637,train
2016-07-27 21:00:00,Bear_public_Valorie,Bear,139.5,15.6,12.8,1012.2,5.7,4.0,21,2,0,7,-0.7071067811865477,0.7071067811865474,0.9749279121818236,-0.22252093395631434,225.5,183.5,197.05208333333334,96.70753700132326,train
2016-07-27 22:00:00,Bear_public_Valorie,Bear,113.0,15.0,12.8,1012.8,4.6,4.0,22,2,0,7,-0.5000000000000004,0.8660254037844384,0.9749279121818236,-0.22252093395631434,139.5,149.75,195.52083333333334,97.77413848148747,train
2016-07-27 23:00:00,Bear_public_Valorie,Bear,102.75,15.0,12.8,1013.0,3.6,4.0,23,2,0,7,-0.25881904510252157,0.9659258262890681,0.9749279121818236,-0.22252093395631434,113.0,147.25,193.66666666666666,99.1417152874859,train
2016-07-28 00:00:00,Bear_public_Valorie,Bear,103.75,14.4,12.2,1013.1,4.1,2.0,0,3,0,7,0.0,1.0,0.43388373911755823,-0.900968867902419,102.75,130.25,192.5625,100.02236842218143,train
2016-07-28 01:00:00,Bear_public_Valorie,Bear,100.75,13.9,12.2,1013.0,3.1,2.0,1,3,0,7,0.25881904510252074,0.9659258262890683,0.43388373911755823,-0.900968867902419,103.75,109.75,192.1875,100.36263730787115,train
2016-07-28 02:00:00,Bear_public_Valorie,Bear,48.75,13.9,12.2,1012.7,3.1,2.0,2,3,0,7,0.49999999999999994,0.8660254037844387,0.43388373911755823,-0.900968867902419,100.75,49.5,192.15625,100.4091037277648,train
2016-07-28 03:00:00,Bear_public_Valorie,Bear,42.5,13.9,12.2,1012.7,2.6,2.0,3,3,0,7,0.7071067811865476,0.7071067811865476,0.43388373911755823,-0.900968867902419,48.75,46.0,192.01041666666666,100.6329015036147,train
2016-07-28 04:00:00,Bear_public_Valorie,Bear,49.25,13.9,12.2,1012.6,3.6,3.0,4,3,0,7,0.8660254037844386,0.5000000000000001,0.43388373911755823,-0.900968867902419,42.5,52.5,191.875,100.83078808621374,train
2016-07-28 05:00:00,Bear_public_Valorie,Bear,58.5,13.3,12.2,1012.6,4.6,4.0,5,3,0,7,0.9659258262890683,0.25881904510252074,0.43388373911755823,-0.900968867902419,49.25,62.5,191.70833333333334,101.05698636291115,train
2016-07-28 06:00:00,Bear_public_Valorie,Bear,117.5,13.3,12.2,1012.7,3.1,4.0,6,3,0,7,1.0,6.123233995736766e-17,0.43388373911755823,-0.900968867902419,58.5,127.0,191.3125,101.33967445953833,train
2016-07-28 07:00:00,Bear_public_Valorie,Bear,121.0,13.9,12.2,1013.2,2.6,4.0,7,3,0,7,0.9659258262890683,-0.25881904510252063,0.43388373911755823,-0.900968867902419,117.5,131.75,190.86458333333334,101.63770320536717,train
2016-07-28 08:00:00,Bear_public_Valorie,Bear,163.25,14.4,12.2,1013.6,4.1,4.0,8,3,0,7,0.8660254037844387,-0.4999999999999998,0.43388373911755823,-0.900968867902419,121.0,166.5,190.72916666666666,101.67373535060524,train
2016-07-28 09:00:00,Bear_public_Valorie,Bear,226.5,15.6,12.2,1013.9,3.6,4.0,9,3,0,7,0.7071067811865476,-0.7071067811865475,0.43388373911755823,-0.900968867902419,163.25,232.75,190.46875,101.56937852961045,train
2016-07-28 10:00:00,Bear_public_Valorie,Bear,241.0,17.2,12.8,1013.6,3.6,2.0,10,3,0,7,0.49999999999999994,-0.8660254037844387,0.43388373911755823,-0.900968867902419,226.5,278.75,188.89583333333334,100.42869838918014,train
2016-07-28 11:00:00,Bear_public_Valorie,Bear,251.75,19.4,12.8,1013.2,3.6,2.0,11,3,0,7,0.258819045102521,-0.9659258262890682,0.43388373911755823,-0.900968867902419,241.0,297.75,186.97916666666666,98.68471745992342,train
2016-07-28 12:00:00,Bear_public_Valorie,Bear,303.75,20.6,12.8,1013.2,4.6,4.0,12,3,0,7,1.2246467991473532e-16,-1.0,0.43388373911755823,-0.900968867902419,251.75,305.5,186.90625,98.59394142302088,train
2016-07-28 13:00:00,Bear_public_Valorie,Bear,302.75,21.1,13.3,1012.8,5.7,2.0,13,3,0,7,-0.2588190451025208,-0.9659258262890683,0.43388373911755823,-0.900968867902419,303.75,322.5,186.08333333333334,97.48923203266516,train
2016-07-28 14:00:00,Bear_public_Valorie,Bear,297.75,22.2,12.8,1012.1,5.1,2.0,14,3,0,7,-0.4999999999999997,-0.8660254037844388,0.43388373911755823,-0.900968867902419,302.75,300.5,185.96875,97.35042351854005,train
2016-07-28 15:00:00,Bear_public_Valorie,Bear,306.0,22.2,12.8,1011.7,8.8,2.0,15,3,0,7,-0.7071067811865471,-0.7071067811865479,0.43388373911755823,-0.900968867902419,297.75,285.0,186.84375,98.36828570810898,train
2016-07-28 16:00:00,Bear_public_Valorie,Bear,304.5,21.1,13.3,1011.2,8.8,2.0,16,3,0,7,-0.8660254037844385,-0.5000000000000004,0.43388373911755823,-0.900968867902419,306.0,283.5,187.71875,99.35389952358922,train
2016-07-28 17:00:00,Bear_public_Valorie,Bear,302.25,20.6,12.8,1010.8,9.8,2.0,17,3,0,7,-0.9659258262890683,-0.25881904510252063,0.43388373911755823,-0.900968867902419,304.5,303.25,187.67708333333334,99.3035388168919,train
2016-07-28 18:00:00,Bear_public_Valorie,Bear,296.25,19.4,12.8,1010.6,7.7,2.0,18,3,0,7,-1.0,-1.8369701987210297e-16,0.43388373911755823,-0.900968867902419,302.25,296.5,187.66666666666666,99.29163967900274,train
2016-07-28 19:00:00,Bear_public_Valorie,Bear,266.5,17.8,12.8,1010.5,7.2,2.0,19,3,0,7,-0.9659258262890684,0.2588190451025203,0.43388373911755823,-0.900968867902419,296.25,285.5,186.875,98.55066562764635,train
2016-07-28 20:00:00,Bear_public_Valorie,Bear,223.25,15.6,12.2,1010.8,6.7,2.0,20,3,0,7,-0.8660254037844386,0.5000000000000001,0.43388373911755823,-0.900968867902419,266.5,225.5,186.78125,98.51338775991194,train
2016-07-28 21:00:00,Bear_public_Valorie,Bear,138.0,15.0,12.2,1011.2,4.6,2.0,21,3,0,7,-0.7071067811865477,0.7071067811865474,0.43388373911755823,-0.900968867902419,223.25,139.5,186.71875,98.54515938137186,train
2016-07-28 22:00:00,Bear_public_Valorie,Bear,113.5,15.0,12.2,1011.7,4.1,2.0,22,3,0,7,-0.5000000000000004,0.8660254037844384,0.43388373911755823,-0.900968867902419,138.0,113.0,186.73958333333334,98.52894849293365,train
2016-07-28 23:00:00,Bear_public_Valorie,Bear,102.25,14.4,12.2,1011.8,4.1,2.0,23,3,0,7,-0.25881904510252157,0.9659258262890681,0.43388373911755823,-0.900968867902419,113.5,102.75,186.71875,98.54753081028632,train
2016-07-29 00:00:00,Bear_public_Valorie,Bear,104.5,15.0,12.2,1011.5,2.6,2.0,0,4,0,7,0.0,1.0,-0.433883739117558,-0.9009688679024191,102.25,103.75,186.75,98.52019214795284,train
2016-07-29 01:00:00,Bear_public_Valorie,Bear,104.5,14.4,12.8,1011.3,2.6,2.0,1,4,0,7,0.25881904510252074,0.9659258262890683,-0.433883739117558,-0.9009688679024191,104.5,100.75,186.90625,98.38074364482452,train
2016-07-29 02:00:00,Bear_public_Valorie,Bear,46.25,13.9,12.2,1011.0,2.6,2.0,2,4,0,7,0.49999999999999994,0.8660254037844387,-0.433883739117558,-0.9009688679024191,104.5,48.75,186.80208333333334,98.53458836452634,train
2016-07-29 03:00:00,Bear_public_Valorie,Bear,44.75,13.9,12.8,1011.0,4.6,2.6666666666666665,3,4,0,7,0.7071067811865476,0.7071067811865476,-0.433883739117558,-0.9009688679024191,46.25,42.5,186.89583333333334,98.39229149360382,train
2016-07-29 04:00:00,Bear_public_Valorie,Bear,46.25,13.9,12.2,1010.8,2.1,3.333333333333333,4,4,0,7,0.8660254037844386,0.5000000000000001,-0.433883739117558,-0.9009688679024191,44.75,49.25,186.77083333333334,98.57649635718423,train
2016-07-29 05:00:00,Bear_public_Valorie,Bear,58.25,13.9,12.2,1010.8,2.1,4.0,5,4,0,7,0.9659258262890683,0.25881904510252074,-0.433883739117558,-0.9009688679024191,46.25,58.5,186.76041666666666,98.59065236928618,train
2016-07-29 06:00:00,Bear_public_Valorie,Bear,115.75,13.9,12.2,1011.1,3.1,4.0,6,4,0,7,1.0,6.123233995736766e-17,-0.433883739117558,-0.9009688679024191,58.25,117.5,186.6875,98.64473613625456,train
2016-07-29 07:00:00,Bear_public_Valorie,Bear,125.4,13.9,12.2,1011.5,3.6,4.0,7,4,0,7,0.9659258262890683,-0.25881904510252063,-0.433883739117558,-0.9009688679024191,115.75,121.0,186.87083333333337,98.52135821923235,train
2016-07-29 08:00:00,Bear_public_Valorie,Bear,148.5,15.0,12.8,1011.9,3.1,4.0,8,4,0,7,0.8660254037844387,-0.4999999999999998,-0.433883739117558,-0.9009688679024191,125.4,163.25,186.25625000000002,98.72091680976658,train
2016-07-29 09:00:00,Bear_public_Valorie,Bear,226.5,15.6,12.8,1011.9,3.1,2.0,9,4,0,7,0.7071067811865476,-0.7071067811865475,-0.433883739117558,-0.9009688679024191,148.5,226.5,186.25625000000002,98.72091680976658,train
2016-07-29 10:00:00,Bear_public_Valorie,Bear,244.25,17.2,12.8,1011.6,3.6,0.0,10,4,0,7,0.49999999999999994,-0.8660254037844387,-0.433883739117558,-0.9009688679024191,226.5,241.0,186.39166666666668,98.80147053414807,train
2016-07-29 11:00:00,Bear_public_Valorie,Bear,255.75,18.9,13.3,1011.5,3.6,0.0,11,4,0,7,0.258819045102521,-0.9659258262890682,-0.433883739117558,-0.9009688679024191,244.25,251.75,186.55833333333337,98.91981894297082,train
2016-07-29 12:00:00,Bear_public_Valorie,Bear,302.5,21.1,13.3,1011.2,4.6,0.0,12,4,0,7,1.2246467991473532e-16,-1.0,-0.433883739117558,-0.9009688679024191,255.75,303.75,186.50625,98.85574064888249,train
2016-07-29 13:00:00,Bear_public_Valorie,Bear,306.75,21.7,13.9,1010.8,6.7,0.0,13,4,0,7,-0.2588190451025208,-0.9659258262890683,-0.433883739117558,-0.9009688679024191,302.5,302.75,186.67291666666665,99.06339755228181,train
2016-07-29 14:00:00,Bear_public_Valorie,Bear,325.25,21.7,12.8,1010.3,6.2,0.0,14,4,0,7,-0.4999999999999997,-0.8660254037844388,-0.433883739117558,-0.9009688679024191,306.75,297.75,187.81875,100.5519083040543,train
2016-07-29 15:00:00,Bear_public_Valorie,Bear,335.25,22.8,12.8,1009.8,6.7,0.0,15,4,0,7,-0.7071067811865471,-0.7071067811865479,-0.433883739117558,-0.9009688679024191,325.25,306.0,189.0375,102.21020566119772,train
2016-07-29 16:00:00,Bear_public_Valorie,Bear,326.75,22.2,13.3,1009.2,7.2,0.0,16,4,0,7,-0.8660254037844385,-0.5000000000000004,-0.433883739117558,-0.9009688679024191,335.25,304.5,189.9645833333333,103.39704339306574,train
2016-07-29 17:00:00,Bear_public_Valorie,Bear,281.75,21.1,13.3,1009.2,7.2,0.0,17,4,0,7,-0.9659258262890683,-0.25881904510252063,-0.433883739117558,-0.9009688679024191,326.75,302.25,189.11041666666665,102.50998994707423,train
2016-07-29 18:00:00,Bear_public_Valorie,Bear,183.0,20.0,13.3,1008.7,7.2,0.0,18,4,0,7,-1.0,-1.8369701987210297e-16,-0.433883739117558,-0.9009688679024191,281.75,296.25,184.39166666666665,99.93800324578037,train
2016-07-29 19:00:00,Bear_public_Valorie,Bear,166.75,18.3,13.3,1008.7,8.2,0.0,19,4,0,7,-0.9659258262890684,0.2588190451025203,-0.433883739117558,-0.9009688679024191,183.0,266.5,180.23541666666665,98.43774624997945,train
2016-07-29 20:00:00,Bear_public_Valorie,Bear,122.0,16.7,13.3,1008.9,6.7,0.0,20,4,0,7,-0.8660254037844386,0.5000000000000001,-0.433883739117558,-0.9009688679024191,166.75,223.25,176.01666666666665,98.6834483133543,train
2016-07-29 21:00:00,Bear_public_Valorie,Bear,110.0,15.6,13.3,1009.3,4.6,2.0,21,4,0,7,-0.7071067811865477,0.7071067811865474,-0.433883739117558,-0.9009688679024191,122.0,138.0,174.85,99.31591995506923,train
2016-07-29 22:00:00,Bear_public_Valorie,Bear,57.0,15.0,13.3,1009.9,3.1,2.0,22,4,0,7,-0.5000000000000004,0.8660254037844384,-0.433883739117558,-0.9009688679024191,110.0,113.5,172.4958333333333,101.47944417752636,train
2016-07-29 23:00:00,Bear_public_Valorie,Bear,40.0,15.0,13.3,1009.5,3.1,2.0,23,4,0,7,-0.25881904510252157,0.9659258262890681,-0.433883739117558,-0.9009688679024191,57.0,102.25,169.90208333333334,104.11427509270612,train
2016-07-30 00:00:00,Bear_public_Valorie,Bear,40.75,15.0,13.3,1009.4,2.6,2.0,0,5,1,7,0.0,1.0,-0.9749279121818236,-0.2225209339563146,40.0,104.5,167.24583333333334,106.63804781949827,train
2016-07-30 01:00:00,Bear_public_Valorie,Bear,40.0,14.4,13.3,1009.5,1.5,4.0,1,5,1,7,0.25881904510252074,0.9659258262890683,-0.9749279121818236,-0.2225209339563146,40.75,104.5,164.55833333333334,109.07309143579957,train
2016-07-30 02:00:00,Bear_public_Valorie,Bear,40.6,14.4,13.3,1009.3,4.1,3.8,2,5,1,7,0.49999999999999994,0.8660254037844387,-0.9749279121818236,-0.2225209339563146,40.0,46.25,164.32291666666666,109.34530066756268,train
2016-07-30 03:00:00,Bear_public_Valorie,Bear,40.25,14.4,13.3,1009.0,2.6,3.6,3,5,1,7,0.7071067811865476,0.7071067811865476,-0.9749279121818236,-0.2225209339563146,40.6,44.75,164.13541666666666,109.56289486068538,train
2016-07-30 04:00:00,Bear_public_Valorie,Bear,45.75,14.4,12.8,1008.8,3.1,3.4,4,5,1,7,0.8660254037844386,0.5000000000000001,-0.9749279121818236,-0.2225209339563146,40.25,46.25,164.11458333333334,109.58633035109267,train
2016-07-30 05:00:00,Bear_public_Valorie,Bear,57.5,14.4,12.8,1008.9,2.6,3.2,5,5,1,7,0.9659258262890683,0.25881904510252074,-0.9749279121818236,-0.2225209339563146,45.75,58.25,164.08333333333334,109.61793397649555,train
2016-07-30 06:00:00,Bear_public_Valorie,Bear,99.5,14.4,12.8,1009.1,2.6,3.0,6,5,1,7,1.0,6.123233995736766e-17,-0.9749279121818236,-0.2225209339563146,57.5,115.75,163.40625,109.97904870879397,train
2016-07-30 07:00:00,Bear_public_Valorie,Bear,100.0,14.4,12.8,1009.6,2.1,2.8,7,5,1,7,0.9659258262890683,-0.25881904510252063,-0.9749279121818236,-0.2225209339563146,99.5,125.4,162.34791666666666,110.4817498987429,train
2016-07-30 08:00:00,Bear_public_Valorie,Bear,125.5,15.0,12.8,1009.9,1.5,2.5999999999999996,8,5,1,7,0.8660254037844387,-0.4999999999999998,-0.9749279121818236,-0.2225209339563146,100.0,148.5,161.38958333333332,110.70661480096109,train
2016-07-30 09:00:00,Bear_public_Valorie,Bear,214.0,15.6,13.3,1010.5,1.5,2.4,9,5,1,7,0.7071067811865476,-0.7071067811865475,-0.9749279121818236,-0.2225209339563146,125.5,226.5,160.86875,110.41599877429928,train
2016-07-30 10:00:00,Bear_public_Valorie,Bear,231.5,16.7,13.3,1010.5,2.6,2.2,10,5,1,7,0.49999999999999994,-0.8660254037844387,-0.9749279121818236,-0.2225209339563146,214.0,244.25,160.3375,110.02736838386272,train
2016-07-30 11:00:00,Bear_public_Valorie,Bear,240.75,17.8,12.8,1010.8,4.6,2.0,11,5,1,7,0.258819045102521,-0.9659258262890682,-0.9749279121818236,-0.2225209339563146,231.5,255.75,159.7125,109.50317669602883,train
2016-07-30 12:00:00,Bear_public_Valorie,Bear,248.0,19.4,13.3,1010.8,5.1,2.0,12,5,1,7,1.2246467991473532e-16,-1.0,-0.9749279121818236,-0.2225209339563146,240.75,302.5,157.44166666666666,106.94866776277232,train
2016-07-30 13:00:00,Bear_public_Valorie,Bear,248.0,19.4,12.8,1010.9,7.7,2.0,13,5,1,7,-0.2588190451025208,-0.9659258262890683,-0.9749279121818236,-0.2225209339563146,248.0,306.75,154.99375,104.01471918466727,train
2016-07-30 14:00:00,Bear_public_Valorie,Bear,250.25,20.0,13.3,1010.5,8.2,2.0,14,5,1,7,-0.4999999999999997,-0.8660254037844388,-0.9749279121818236,-0.2225209339563146,248.0,325.25,151.86875,99.71494351018357,train
2016-07-30 15:00:00,Bear_public_Valorie,Bear,259.5,20.0,13.3,1010.3,8.2,2.0,15,5,1,7,-0.7071067811865471,-0.7071067811865479,-0.9749279121818236,-0.2225209339563146,250.25,335.25,148.7125,94.73242093437139,train
2016-07-30 16:00:00,Bear_public_Valorie,Bear,251.5,19.4,13.9,1010.0,7.7,2.0,16,5,1,7,-0.8660254037844385,-0.5000000000000004,-0.9749279121818236,-0.2225209339563146,259.5,326.75,145.57708333333332,89.69496735817471,train
2016-07-30 17:00:00,Bear_public_Valorie,Bear,213.5,19.4,13.9,1009.8,6.7,2.0,17,5,1,7,-0.9659258262890683,-0.25881904510252063,-0.9749279121818236,-0.2225209339563146,251.5,281.75,142.73333333333332,86.20392363039707,train
2016-07-30 18:00:00,Bear_public_Valorie,Bear,136.75,18.3,13.3,1009.5,8.2,2.0,18,5,1,7,-1.0,-1.8369701987210297e-16,-0.9749279121818236,-0.2225209339563146,213.5,183.0,140.80625,85.78054572253833,train
2016-07-30 19:00:00,Bear_public_Valorie,Bear,114.25,17.2,13.3,1009.6,6.7,2.0,19,5,1,7,-0.9659258262890684,0.2588190451025203,-0.9749279121818236,-0.2225209339563146,136.75,166.75,138.61875,85.75958789407069,train
2016-07-30 20:00:00,Bear_public_Valorie,Bear,115.2,15.6,12.8,1009.5,4.6,2.0,20,5,1,7,-0.8660254037844386,0.5000000000000001,-0.9749279121818236,-0.2225209339563146,114.25,122.0,138.33541666666667,85.82808585514381,train
2016-07-30 21:00:00,Bear_public_Valorie,Bear,113.0,15.0,12.8,1009.8,6.2,2.0,21,5,1,7,-0.7071067811865477,0.7071067811865474,-0.9749279121818236,-0.2225209339563146,115.2,110.0,138.46041666666667,85.78719877541083,train
2016-07-30 22:00:00,Bear_public_Valorie,Bear,59.0,15.0,12.8,1010.6,3.6,2.142857142857143,22,5,1,7,-0.5000000000000004,0.8660254037844384,-0.9749279121818236,-0.2225209339563146,113.0,57.0,138.54375000000002,85.70556056297053,train
2016-07-30 23:00:00,Bear_public_Valorie,Bear,41.0,14.4,12.8,1010.9,5.7,2.2857142857142856,23,5,1,7,-0.25881904510252157,0.9659258262890681,-0.9749279121818236,-0.2225209339563146,59.0,40.0,138.58541666666667,85.6557981478227,train
2016-07-31 00:00:00,Bear_public_Valorie,Bear,40.75,14.4,12.8,1010.8,4.1,2.4285714285714284,0,6,1,7,0.0,1.0,-0.7818314824680299,0.6234898018587334,41.0,40.75,138.58541666666667,85.6557981478227,train
2016-07-31 01:00:00,Bear_public_Valorie,Bear,41.5,14.4,12.8,1010.9,3.6,2.571428571428571,1,6,1,7,0.25881904510252074,0.9659258262890683,-0.7818314824680299,0.6234898018587334,40.75,40.0,138.64791666666667,85.58125109478853,train
2016-07-31 02:00:00,Bear_public_Valorie,Bear,40.5,14.4,12.8,1010.7,3.6,2.7142857142857144,2,6,1,7,0.49999999999999994,0.8660254037844387,-0.7818314824680299,0.6234898018587334,41.5,40.6,138.64375,85.58623456021195,train
2016-07-31 03:00:00,Bear_public_Valorie,Bear,40.5,15.0,13.3,1010.6,3.6,2.857142857142857,3,6,1,7,0.7071067811865476,0.7071067811865476,-0.7818314824680299,0.6234898018587334,40.5,40.25,138.65416666666667,85.57375272708956,train
2016-07-31 04:00:00,Bear_public_Valorie,Bear,46.5,15.0,13.3,1010.6,3.6,2.0,4,6,1,7,0.8660254037844386,0.5000000000000001,-0.7818314824680299,0.6234898018587334,40.5,45.75,138.68541666666667,85.53848038108794,train
2016-07-31 05:00:00,Bear_public_Valorie,Bear,57.75,15.0,13.3,1010.8,2.6,3.142857142857143,5,6,1,7,0.9659258262890683,0.25881904510252074,-0.7818314824680299,0.6234898018587334,46.5,57.5,138.69583333333335,85.52817857121775,train
2016-07-31 06:00:00,Bear_public_Valorie,Bear,57.75,15.0,13.3,1011.3,2.1,3.2857142857142856,6,6,1,7,1.0,6.123233995736766e-17,-0.7818314824680299,0.6234898018587334,57.75,99.5,136.95625,86.77554292854322,train
2016-07-31 07:00:00,Bear_public_Valorie,Bear,56.5,15.0,12.8,1011.9,2.6,3.4285714285714284,7,6,1,7,0.9659258262890683,-0.25881904510252063,-0.7818314824680299,0.6234898018587334,57.75,100.0,135.14375,88.02630080352202,train
2016-07-31 08:00:00,Bear_public_Valorie,Bear,80.75,15.0,12.8,1012.4,2.6,3.571428571428571,8,6,1,7,0.8660254037844387,-0.4999999999999998,-0.7818314824680299,0.6234898018587334,56.5,125.5,133.27916666666667,88.71074626911418,train
2016-07-31 09:00:00,Bear_public_Valorie,Bear,148.0,16.1,13.3,1012.8,1.5,3.7142857142857144,9,6,1,7,0.7071067811865476,-0.7071067811865475,-0.7818314824680299,0.6234898018587334,80.75,214.0,130.52916666666667,87.10814607325086,train
2016-07-31 10:00:00,Bear_public_Valorie,Bear,149.25,17.2,13.3,1013.1,2.6,3.8571428571428568,10,6,1,7,0.49999999999999994,-0.8660254037844387,-0.7818314824680299,0.6234898018587334,148.0,231.5,127.10208333333334,84.5431591339036,train
2016-07-31 11:00:00,Bear_public_Valorie,Bear,150.0,18.3,13.3,1013.2,5.7,4.0,11,6,1,7,0.258819045102521,-0.9659258262890682,-0.7818314824680299,0.6234898018587334,149.25,240.75,123.32083333333334,81.20261014848909,train
2016-07-31 12:00:00,Bear_public_Valorie,Bear,204.75,18.9,13.3,1013.2,6.2,2.0,12,6,1,7,1.2246467991473532e-16,-1.0,-0.7818314824680299,0.6234898018587334,150.0,248.0,121.51875000000001,78.75850376791598,train
2016-07-31 13:00:00,Bear_public_Valorie,Bear,241.0,20.0,13.9,1013.0,6.7,2.0,13,6,1,7,-0.2588190451025208,-0.9659258262890683,-0.7818314824680299,0.6234898018587334,204.75,248.0,121.22708333333334,78.28125570959487,train
2016-07-31 14:00:00,Bear_public_Valorie,Bear,242.5,20.6,13.9,1012.9,7.2,2.0,14,6,1,7,-0.4999999999999997,-0.8660254037844388,-0.7818314824680299,0.6234898018587334,241.0,250.25,120.90416666666668,77.73999854121668,train
2016-07-31 15:00:00,Bear_public_Valorie,Bear,246.75,21.1,14.4,1012.6,8.2,2.0,15,6,1,7,-0.7071067811865471,-0.7071067811865479,-0.7818314824680299,0.6234898018587334,242.5,259.5,120.37291666666668,76.7894537867166,train
2016-07-31 16:00:00,Bear_public_Valorie,Bear,251.5,20.6,13.9,1012.3,7.7,2.0,16,6,1,7,-0.8660254037844385,-0.5000000000000004,-0.7818314824680299,0.6234898018587334,246.75,251.5,120.37291666666668,76.7894537867166,train
2016-07-31 17:00:00,Bear_public_Valorie,Bear,256.0,20.6,14.4,1011.9,7.7,2.0,17,6,1,7,-0.9659258262890683,-0.25881904510252063,-0.7818314824680299,0.6234898018587334,251.5,213.5,122.14375000000001,79.47355495697903,train
2016-07-31 18:00:00,Bear_public_Valorie,Bear,256.0,19.4,14.4,1011.8,8.2,2.0,18,6,1,7,-1.0,-1.8369701987210297e-16,-0.7818314824680299,0.6234898018587334,256.0,136.75,127.11250000000001,84.02398370082491,train
2016-07-31 19:00:00,Bear_public_Valorie,Bear,254.25,18.3,13.9,1011.7,7.2,2.0,19,6,1,7,-0.9659258262890684,0.2588190451025203,-0.7818314824680299,0.6234898018587334,256.0,114.25,132.94583333333335,87.8641539372082,train
2016-07-31 20:00:00,Bear_public_Valorie,Bear,246.75,17.2,13.9,1012.0,6.2,2.0,20,6,1,7,-0.8660254037844386,0.5000000000000001,-0.7818314824680299,0.6234898018587334,254.25,115.2,138.42708333333334,90.7643712170558,train
2016-07-31 21:00:00,Bear_public_Valorie,Bear,208.75,16.1,13.9,1012.6,4.6,4.0,21,6,1,7,-0.7071067811865477,0.7071067811865474,-0.7818314824680299,0.6234898018587334,246.75,113.0,142.41666666666666,91.69768579255485,train
2016-07-31 22:00:00,Bear_public_Valorie,Bear,128.4286,16.1,13.3,1013.1,5.1,4.0,22,6,1,7,-0.5000000000000004,0.8660254037844384,-0.7818314824680299,0.6234898018587334,208.75,59.0,145.30952499999998,90.03168209521154,train
2016-07-31 23:00:00,Bear_public_Valorie,Bear,121.3541,15.6,13.3,1013.3,3.6,4.0,23,6,1,7,-0.25881904510252157,0.9659258262890681,-0.7818314824680299,0.6234898018587334,128.4286,41.0,148.6576125,87.44079730929644,train
2016-08-01 00:00:00,Bear_public_Valorie,Bear,118.0,15.6,13.3,1013.3,3.1,2.0,0,0,0,8,0.0,1.0,0.0,1.0,121.3541,40.75,151.8763625,84.67398546014607,train
2016-08-01 01:00:00,Bear_public_Valorie,Bear,116.75,16.1,13.9,1013.3,4.1,2.0,1,0,0,8,0.25881904510252074,0.9659258262890683,0.0,1.0,118.0,41.5,155.01177916666666,81.75193324527004,train
2016-08-01 02:00:00,Bear_public_Valorie,Bear,59.0,16.7,13.9,1013.2,3.1,2.0,2,0,0,8,0.49999999999999994,0.8660254037844387,0.0,1.0,116.75,40.5,155.7826125,80.70578916495172,train
2016-08-01 03:00:00,Bear_public_Valorie,Bear,39.25,16.7,13.9,1013.0,4.1,2.0,3,0,0,8,0.7071067811865476,0.7071067811865476,0.0,1.0,59.0,40.5,155.73052916666666,80.78378691082949,train
2016-08-01 04:00:00,Bear_public_Valorie,Bear,46.25,16.7,13.3,1013.0,3.6,2.0,4,0,0,8,0.8660254037844386,0.5000000000000001,0.0,1.0,39.25,46.5,155.7201125,80.79849880128954,train
2016-08-01 05:00:00,Bear_public_Valorie,Bear,58.75,16.7,13.3,1013.2,4.1,2.0,5,0,0,8,0.9659258262890683,0.25881904510252074,0.0,1.0,46.25,57.75,155.76177916666666,80.7460211712705,train
2016-08-01 06:00:00,Bear_public_Valorie,Bear,128.25,16.1,12.8,1013.5,3.6,2.0,6,0,0,8,1.0,6.123233995736766e-17,0.0,1.0,58.75,57.75,158.69927916666666,78.26978257848023,train
2016-08-01 07:00:00,Bear_public_Valorie,Bear,153.5,16.7,13.3,1013.9,3.6,2.0,7,0,0,8,0.9659258262890683,-0.25881904510252063,0.0,1.0,128.25,56.5,162.7409458333333,75.20752508235465,train
2016-08-01 08:00:00,Bear_public_Valorie,Bear,169.75,16.7,13.3,1014.3,3.1,2.0,8,0,0,8,0.8660254037844387,-0.4999999999999998,0.0,1.0,153.5,80.75,166.44927916666666,73.15514248092413,train
2016-08-01 09:00:00,Bear_public_Valorie,Bear,230.0,17.2,13.3,1014.8,3.1,2.0,9,0,0,8,0.7071067811865476,-0.7071067811865475,0.0,1.0,169.75,148.0,169.8659458333333,74.16394107776986,train
2016-08-01 10:00:00,Bear_public_Valorie,Bear,237.5,17.8,13.3,1014.9,1.5,2.0,10,0,0,8,0.49999999999999994,-0.8660254037844387,0.0,1.0,230.0,149.25,173.54302916666666,75.27674132638533,train
2016-08-01 11:00:00,Bear_public_Valorie,Bear,256.25,18.9,13.3,1015.3,2.6,2.0,11,0,0,8,0.258819045102521,-0.9659258262890682,0.0,1.0,237.5,150.0,177.9701125,76.93795078883679,train
2016-08-01 12:00:00,Bear_public_Valorie,Bear,255.0,20.0,13.3,1015.3,5.1,2.0,12,0,0,8,1.2246467991473532e-16,-1.0,0.0,1.0,256.25,204.75,180.0638625,78.36884377117684,train
2016-08-01 13:00:00,Bear_public_Valorie,Bear,257.75,21.1,13.3,1014.9,6.7,2.0,13,0,0,8,-0.2588190451025208,-0.9659258262890683,0.0,1.0,255.0,241.0,180.76177916666666,79.00709200549773,train
2016-08-01 14:00:00,Bear_public_Valorie,Bear,291.75,21.1,13.3,1014.8,7.2,2.0,14,0,0,8,-0.4999999999999997,-0.8660254037844388,0.0,1.0,257.75,242.5,182.8138625,81.2870612873093,train
2016-08-01 15:00:00,Bear_public_Valorie,Bear,300.25,21.7,13.3,1014.7,6.7,2.0,15,0,0,8,-0.7071067811865471,-0.7071067811865479,0.0,1.0,291.75,246.75,185.04302916666666,83.81103018321457,train
2016-08-01 16:00:00,Bear_public_Valorie,Bear,297.0,21.1,12.8,1014.3,8.2,2.0,16,0,0,8,-0.8660254037844385,-0.5000000000000004,0.0,1.0,300.25,251.5,186.9388625,85.86901447470566,train
2016-08-01 17:00:00,Bear_public_Valorie,Bear,292.25,20.6,13.3,1014.0,7.2,2.0,17,0,0,8,-0.9659258262890683,-0.25881904510252063,0.0,1.0,297.0,256.0,188.44927916666666,87.44102565190146,train
2016-08-01 18:00:00,Bear_public_Valorie,Bear,290.0,20.0,12.8,1013.8,7.7,2.0,18,0,0,8,-1.0,-1.8369701987210297e-16,0.0,1.0,292.25,256.0,189.8659458333333,88.84714293864963,train
2016-08-01 19:00:00,Bear_public_Valorie,Bear,272.5,18.3,12.8,1013.9,5.7,2.0,19,0,0,8,-0.9659258262890684,0.2588190451025203,0.0,1.0,290.0,254.25,190.6263625,89.49786090842228,train
2016-08-01 20:00:00,Bear_public_Valorie,Bear,236.25,16.7,12.8,1014.4,6.2,2.0,20,0,0,8,-0.8660254037844386,0.5000000000000001,0.0,1.0,272.5,246.75,190.1888625,89.23686197972029,train
2016-08-01 21:00:00,Bear_public_Valorie,Bear,162.0,15.6,12.8,1014.8,6.7,2.0,21,0,0,8,-0.7071067811865477,0.7071067811865474,0.0,1.0,236.25,208.75,188.2409458333333,89.32428326713249,train
2016-08-01 22:00:00,Bear_public_Valorie,Bear,116.25,15.0,12.8,1015.6,6.7,4.0,22,0,0,8,-0.5000000000000004,0.8660254037844384,0.0,1.0,162.0,128.4286,187.73350416666665,89.71259278726396,train
2016-08-01 23:00:00,Bear_public_Valorie,Bear,118.5,15.0,12.2,1015.8,5.7,4.0,23,0,0,8,-0.25881904510252157,0.9659258262890681,0.0,1.0,116.25,121.3541,187.61458333333334,89.8062521779726,train
2016-08-02 00:00:00,Bear_public_Valorie,Bear,116.25,15.0,12.2,1016.0,4.1,2.0,0,1,0,8,0.0,1.0,0.7818314824680298,0.6234898018587336,118.5,118.0,187.54166666666666,89.86592267356409,train
2016-08-02 01:00:00,Bear_public_Valorie,Bear,115.5,14.4,12.8,1016.0,4.1,4.0,1,1,0,8,0.25881904510252074,0.9659258262890683,0.7818314824680298,0.6234898018587336,116.25,116.75,187.48958333333334,89.90908690735591,train
2016-08-02 02:00:00,Bear_public_Valorie,Bear,57.25,15.0,12.8,1015.8,3.6,3.8,2,1,0,8,0.49999999999999994,0.8660254037844387,0.7818314824680298,0.6234898018587336,115.5,59.0,187.41666666666666,90.01846630198887,train
2016-08-02 03:00:00,Bear_public_Valorie,Bear,42.0,15.0,12.8,1015.6,2.6,3.6,3,1,0,8,0.7071067811865476,0.7071067811865476,0.7818314824680298,0.6234898018587336,57.25,39.25,187.53125,89.82320535423283,train
2016-08-02 04:00:00,Bear_public_Valorie,Bear,46.75,15.6,12.8,1015.5,3.6,3.4,4,1,0,8,0.8660254037844386,0.5000000000000001,0.7818314824680298,0.6234898018587336,42.0,46.25,187.55208333333334,89.78906377578436,train
2016-08-02 05:00:00,Bear_public_Valorie,Bear,59.25,15.0,12.8,1015.4,3.6,3.2,5,1,0,8,0.9659258262890683,0.25881904510252074,0.7818314824680298,0.6234898018587336,46.75,58.75,187.57291666666666,89.75793168193454,train
2016-08-02 06:00:00,Bear_public_Valorie,Bear,127.75,15.0,12.8,1015.8,2.6,3.0,6,1,0,8,1.0,6.123233995736766e-17,0.7818314824680298,0.6234898018587336,59.25,128.25,187.55208333333334,89.77235640068646,train
2016-08-02 07:00:00,Bear_public_Valorie,Bear,146.5,15.0,12.8,1016.3,1.5,2.8,7,1,0,8,0.9659258262890683,-0.25881904510252063,0.7818314824680298,0.6234898018587336,127.75,153.5,187.26041666666666,89.89908228380867,train
2016-08-02 08:00:00,Bear_public_Valorie,Bear,174.5,15.6,12.8,1016.7,1.5,2.5999999999999996,8,1,0,8,0.8660254037844387,-0.4999999999999998,0.7818314824680298,0.6234898018587336,146.5,169.75,187.45833333333334,89.86407811930121,train
2016-08-02 09:00:00,Bear_public_Valorie,Bear,224.0,16.1,12.8,1017.0,1.5,2.4,9,1,0,8,0.7071067811865476,-0.7071067811865475,0.7818314824680298,0.6234898018587336,174.5,230.0,187.20833333333334,89.74885449997653,train
2016-08-02 10:00:00,Bear_public_Valorie,Bear,234.25,16.7,12.8,1017.0,3.6,2.2,10,1,0,8,0.49999999999999994,-0.8660254037844387,0.7818314824680298,0.6234898018587336,224.0,237.5,187.07291666666666,89.67209223557674,train
2016-08-02 11:00:00,Bear_public_Valorie,Bear,241.75,17.8,12.8,1016.9,3.6,2.0,11,1,0,8,0.258819045102521,-0.9659258262890682,0.7818314824680298,0.6234898018587336,234.25,256.25,186.46875,89.23352096374401,train
2016-08-02 12:00:00,Bear_public_Valorie,Bear,250.5,19.4,13.3,1016.8,4.1,2.0,12,1,0,8,1.2246467991473532e-16,-1.0,0.7818314824680298,0.6234898018587336,241.75,255.0,186.28125,89.08786919384696,train
2016-08-02 13:00:00,Bear_public_Valorie,Bear,254.25,20.6,13.3,1016.5,5.1,2.0,13,1,0,8,-0.2588190451025208,-0.9659258262890683,0.7818314824680298,0.6234898018587336,250.5,257.75,186.13541666666666,88.96857588761888,train
2016-08-02 14:00:00,Bear_public_Valorie,Bear,315.75,20.6,13.3,1016.1,6.7,2.0,14,1,0,8,-0.4999999999999997,-0.8660254037844388,0.7818314824680298,0.6234898018587336,254.25,291.75,187.13541666666666,90.3317249860162,train
2016-08-02 15:00:00,Bear_public_Valorie,Bear,299.75,20.6,13.3,1015.3,7.2,2.0,15,1,0,8,-0.7071067811865471,-0.7071067811865479,0.7818314824680298,0.6234898018587336,315.75,300.25,187.11458333333334,90.30455653096143,train
2016-08-02 16:00:00,Bear_public_Valorie,Bear,299.5,20.6,13.3,1015.0,8.8,2.0,16,1,0,8,-0.8660254037844385,-0.5000000000000004,0.7818314824680298,0.6234898018587336,299.75,297.0,187.21875,90.4381638523154,train
2016-08-02 17:00:00,Bear_public_Valorie,Bear,299.5,20.0,13.3,1014.5,7.7,2.0,17,1,0,8,-0.9659258262890683,-0.25881904510252063,0.7818314824680298,0.6234898018587336,299.5,292.25,187.52083333333334,90.81556550727295,train
2016-08-02 18:00:00,Bear_public_Valorie,Bear,301.0,19.4,13.3,1014.0,7.2,2.0,18,1,0,8,-1.0,-1.8369701987210297e-16,0.7818314824680298,0.6234898018587336,299.5,290.0,187.97916666666666,91.38124619306244,train
2016-08-02 19:00:00,Bear_public_Valorie,Bear,291.25,18.9,13.9,1013.9,6.2,2.0,19,1,0,8,-0.9659258262890684,0.2588190451025203,0.7818314824680298,0.6234898018587336,301.0,272.5,188.76041666666666,92.21163863536331,train
2016-08-02 20:00:00,Bear_public_Valorie,Bear,235.5,16.7,13.3,1014.1,6.7,2.0,20,1,0,8,-0.8660254037844386,0.5000000000000001,0.7818314824680298,0.6234898018587336,291.25,236.25,188.72916666666666,92.19497052757106,train
2016-08-02 21:00:00,Bear_public_Valorie,Bear,157.5,15.6,12.8,1014.4,4.6,2.0,21,1,0,8,-0.7071067811865477,0.7071067811865474,0.7818314824680298,0.6234898018587336,235.5,162.0,188.54166666666666,92.25624954283657,train
2016-08-02 22:00:00,Bear_public_Valorie,Bear,117.75,14.4,12.8,1014.8,6.2,2.0,22,1,0,8,-0.5000000000000004,0.8660254037844384,0.7818314824680298,0.6234898018587336,157.5,116.25,188.60416666666666,92.20563964250802,train
2016-08-02 23:00:00,Bear_public_Valorie,Bear,114.3684,13.9,12.2,1015.2,5.7,2.0,23,1,0,8,-0.25881904510252157,0.9659258262890681,0.7818314824680298,0.6234898018587336,117.75,118.5,188.43201666666667,92.34596650803059,train
2016-08-03 00:00:00,Bear_public_Valorie,Bear,108.0969,14.4,12.8,1015.0,4.1,2.0,0,2,0,8,0.0,1.0,0.9749279121818236,-0.22252093395631434,114.3684,116.25,188.09230416666665,92.63758297485899,train
2016-08-03 01:00:00,Bear_public_Valorie,Bear,103.5,14.4,12.8,1015.0,2.1,2.0,1,2,0,8,0.25881904510252074,0.9659258262890683,0.9749279121818236,-0.22252093395631434,108.0969,115.5,187.59230416666665,93.07776464187475,train
2016-08-03 02:00:00,Bear_public_Valorie,Bear,55.5,14.4,12.2,1015.0,2.1,0.0,2,2,0,8,0.49999999999999994,0.8660254037844387,0.9749279121818236,-0.22252093395631434,103.5,57.25,187.5193875,93.18493748109209,train
2016-08-03 03:00:00,Bear_public_Valorie,Bear,41.5,13.9,12.2,1014.9,2.1,0.0,3,2,0,8,0.7071067811865476,0.7071067811865476,0.9749279121818236,-0.22252093395631434,55.5,42.0,187.49855416666665,93.21893541503792,train
2016-08-03 04:00:00,Bear_public_Valorie,Bear,48.25,13.9,12.2,1015.0,2.1,2.0,4,2,0,8,0.8660254037844386,0.5000000000000001,0.9749279121818236,-0.22252093395631434,41.5,46.75,187.56105416666665,93.12091689222027,train
2016-08-03 05:00:00,Bear_public_Valorie,Bear,73.75,13.3,11.1,1014.9,2.6,2.0,5,2,0,8,0.9659258262890683,0.25881904510252074,0.9749279121818236,-0.22252093395631434,48.25,59.25,188.16522083333334,92.29562327886816,train
2016-08-03 06:00:00,Bear_public_Valorie,Bear,130.5,14.4,12.8,1014.8,2.6,2.4,6,2,0,8,1.0,6.123233995736766e-17,0.9749279121818236,-0.22252093395631434,73.75,127.75,188.27980416666665,92.21903308198398,train
2016-08-03 07:00:00,Bear_public_Valorie,Bear,137.25,15.0,12.8,1015.1,2.6,2.8,7,2,0,8,0.9659258262890683,-0.25881904510252063,0.9749279121818236,-0.22252093395631434,130.5,146.5,187.8943875,92.42034765893558,train
2016-08-03 08:00:00,Bear_public_Valorie,Bear,164.75,16.1,13.3,1015.2,2.6,3.2,8,2,0,8,0.8660254037844387,-0.4999999999999998,0.9749279121818236,-0.22252093395631434,137.25,174.5,187.4881375,92.50317675647591,train
2016-08-03 09:00:00,Bear_public_Valorie,Bear,229.25,17.2,13.3,1015.5,2.1,3.6,9,2,0,8,0.7071067811865476,-0.7071067811865475,0.9749279121818236,-0.22252093395631434,164.75,224.0,187.7068875,92.59943091891665,train
2016-08-03 10:00:00,Bear_public_Valorie,Bear,246.25,17.8,13.3,1015.5,2.1,4.0,10,2,0,8,0.49999999999999994,-0.8660254037844387,0.9749279121818236,-0.22252093395631434,229.25,234.25,188.2068875,92.89360221562178,train
2016-08-03 11:00:00,Bear_public_Valorie,Bear,247.5,18.9,12.8,1015.4,4.1,2.0,11,2,0,8,0.258819045102521,-0.9659258262890682,0.9749279121818236,-0.22252093395631434,246.25,241.75,188.44647083333334,93.04499176748224,train
2016-08-03 12:00:00,Bear_public_Valorie,Bear,255.75,20.6,12.8,1015.3,4.6,2.0,12,2,0,8,1.2246467991473532e-16,-1.0,0.9749279121818236,-0.22252093395631434,247.5,250.5,188.66522083333334,93.20326021961456,train
2016-08-03 13:00:00,Bear_public_Valorie,Bear,290.5,21.7,13.3,1015.1,6.2,0.0,13,2,0,8,-0.2588190451025208,-0.9659258262890683,0.9749279121818236,-0.22252093395631434,255.75,254.25,190.1756375,94.5956391685882,train
2016-08-03 14:00:00,Bear_public_Valorie,Bear,298.25,21.7,13.3,1014.8,7.2,0.0,14,2,0,8,-0.4999999999999997,-0.8660254037844388,0.9749279121818236,-0.22252093395631434,290.5,315.75,189.44647083333334,93.64829921138319,train
2016-08-03 15:00:00,Bear_public_Valorie,Bear,305.5,21.7,13.3,1014.3,8.8,2.0,15,2,0,8,-0.7071067811865471,-0.7071067811865479,0.9749279121818236,-0.22252093395631434,298.25,299.75,189.68605416666665,93.94963179243841,train
2016-08-03 16:00:00,Bear_public_Valorie,Bear,305.75,20.0,13.3,1014.0,8.2,2.0,16,2,0,8,-0.8660254037844385,-0.5000000000000004,0.9749279121818236,-0.22252093395631434,305.5,299.5,189.94647083333334,94.27535420459658,train
2016-08-03 17:00:00,Bear_public_Valorie,Bear,289.5,18.9,13.3,1013.9,7.2,2.0,17,2,0,8,-0.9659258262890683,-0.25881904510252063,0.9749279121818236,-0.22252093395631434,305.75,299.5,189.52980416666665,93.79096512278257,train
2016-08-03 18:00:00,Bear_public_Valorie,Bear,281.5,17.8,13.3,1013.4,8.2,2.0,18,2,0,8,-1.0,-1.8369701987210297e-16,0.9749279121818236,-0.22252093395631434,289.5,301.0,188.71730416666665,92.86320158583652,train
2016-08-03 19:00:00,Bear_public_Valorie,Bear,238.25,16.1,12.8,1013.4,8.2,2.0,19,2,0,8,-0.9659258262890684,0.2588190451025203,0.9749279121818236,-0.22252093395631434,281.5,291.25,186.50897083333334,90.92894965821183,train
2016-08-03 20:00:00,Bear_public_Valorie,Bear,227.0,15.0,12.2,1013.7,7.2,4.0,20,2,0,8,-0.8660254037844386,0.5000000000000001,0.9749279121818236,-0.22252093395631434,238.25,235.5,186.15480416666665,90.74620400834341,train
2016-08-03 21:00:00,Bear_public_Valorie,Bear,154.5,14.4,12.2,1014.1,6.2,4.0,21,2,0,8,-0.7071067811865477,0.7071067811865474,0.9749279121818236,-0.22252093395631434,227.0,157.5,186.02980416666665,90.78944711930032,train
2016-08-03 22:00:00,Bear_public_Valorie,Bear,117.25,14.4,11.7,1014.4,4.1,4.0,22,2,0,8,-0.5000000000000004,0.8660254037844384,0.9749279121818236,-0.22252093395631434,154.5,117.75,186.00897083333334,90.80585230056803,train
2016-08-03 23:00:00,Bear_public_Valorie,Bear,116.5,14.4,11.7,1014.2,3.1,3.95,23,2,0,8,-0.25881904510252157,0.9659258262890681,0.9749279121818236,-0.22252093395631434,117.25,114.3684,186.09778749999998,90.73374833331957,train
2016-08-04 00:00:00,Bear_public_Valorie,Bear,115.5,15.0,12.2,1014.2,2.1,3.9,0,3,0,8,0.0,1.0,0.43388373911755823,-0.900968867902419,116.5,108.0969,186.40625,90.46924208584343,train
2016-08-04 01:00:00,Bear_public_Valorie,Bear,113.5,14.4,11.7,1014.2,3.1,3.85,1,3,0,8,0.25881904510252074,0.9659258262890683,0.43388373911755823,-0.900968867902419,115.5,103.5,186.82291666666666,90.0930521125201,train
2016-08-04 02:00:00,Bear_public_Valorie,Bear,51.25,14.4,11.7,1013.9,3.1,3.8,2,3,0,8,0.49999999999999994,0.8660254037844387,0.43388373911755823,-0.900968867902419,113.5,55.5,186.64583333333334,90.36616084222183,train
2016-08-04 03:00:00,Bear_public_Valorie,Bear,40.25,15.0,11.7,1013.8,3.1,3.75,3,3,0,8,0.7071067811865476,0.7071067811865476,0.43388373911755823,-0.900968867902419,51.25,41.5,186.59375,90.45377189782339,train
2016-08-04 04:00:00,Bear_public_Valorie,Bear,46.5,14.4,11.7,1013.6,5.1,3.7,4,3,0,8,0.8660254037844386,0.5000000000000001,0.43388373911755823,-0.900968867902419,40.25,48.25,186.52083333333334,90.57077213148146,train
2016-08-04 05:00:00,Bear_public_Valorie,Bear,58.0,14.4,12.2,1013.6,5.7,2.0,5,3,0,8,0.9659258262890683,0.25881904510252074,0.43388373911755823,-0.900968867902419,46.5,73.75,185.86458333333334,91.47594062299827,train
2016-08-04 06:00:00,Bear_public_Valorie,Bear,123.0,14.4,11.7,1014.2,5.1,2.0,6,3,0,8,1.0,6.123233995736766e-17,0.43388373911755823,-0.900968867902419,58.0,130.5,185.55208333333334,91.68587022992598,train
2016-08-04 07:00:00,Bear_public_Valorie,Bear,132.75,14.4,12.2,1014.5,4.1,2.0,7,3,0,8,0.9659258262890683,-0.25881904510252063,0.43388373911755823,-0.900968867902419,123.0,137.25,185.36458333333334,91.79348214898604,train
2016-08-04 08:00:00,Bear_public_Valorie,Bear,157.0,14.4,12.2,1014.9,5.1,2.0,8,3,0,8,0.8660254037844387,-0.4999999999999998,0.43388373911755823,-0.900968867902419,132.75,164.75,185.04166666666666,91.88274269849093,train
2016-08-04 09:00:00,Bear_public_Valorie,Bear,212.0,14.4,12.2,1015.0,4.1,2.0,9,3,0,8,0.7071067811865476,-0.7071067811865475,0.43388373911755823,-0.900968867902419,157.0,229.25,184.32291666666666,91.58888766273498,train
2016-08-04 10:00:00,Bear_public_Valorie,Bear,217.25,15.0,12.2,1015.2,3.6,2.0,10,3,0,8,0.49999999999999994,-0.8660254037844387,0.43388373911755823,-0.900968867902419,212.0,246.25,183.11458333333334,90.92525535124106,train
2016-08-04 11:00:00,Bear_public_Valorie,Bear,228.5,16.1,12.2,1015.0,5.7,2.0,11,3,0,8,0.258819045102521,-0.9659258262890682,0.43388373911755823,-0.900968867902419,217.25,247.5,182.32291666666666,90.4216114740163,train
2016-08-04 12:00:00,Bear_public_Valorie,Bear,230.0,16.7,12.2,1015.0,3.6,2.0,12,3,0,8,1.2246467991473532e-16,-1.0,0.43388373911755823,-0.900968867902419,228.5,255.75,181.25,89.66204664569975,train
2016-08-04 13:00:00,Bear_public_Valorie,Bear,237.0,17.8,11.7,1014.9,6.2,2.0,13,3,0,8,-0.2588190451025208,-0.9659258262890683,0.43388373911755823,-0.900968867902419,230.0,290.5,179.02083333333334,87.46595352114046,train
2016-08-04 14:00:00,Bear_public_Valorie,Bear,239.0,18.3,12.2,1014.4,7.2,2.0,14,3,0,8,-0.4999999999999997,-0.8660254037844388,0.43388373911755823,-0.900968867902419,237.0,298.25,176.55208333333334,84.74831597553069,train
2016-08-04 15:00:00,Bear_public_Valorie,Bear,239.0,18.3,12.8,1014.1,8.2,2.0,15,3,0,8,-0.7071067811865471,-0.7071067811865479,0.43388373911755823,-0.900968867902419,239.0,305.5,173.78125,81.36880319355913,train
2016-08-04 16:00:00,Bear_public_Valorie,Bear,234.0,17.8,12.2,1013.9,7.7,2.0,16,3,0,8,-0.8660254037844385,-0.5000000000000004,0.43388373911755823,-0.900968867902419,239.0,305.75,170.79166666666666,77.53718135677622,train
2016-08-04 17:00:00,Bear_public_Valorie,Bear,232.5,17.8,12.2,1013.4,7.7,2.0,17,3,0,8,-0.9659258262890683,-0.25881904510252063,0.43388373911755823,-0.900968867902419,234.0,289.5,168.41666666666666,74.55876244929898,train
2016-08-04 18:00:00,Bear_public_Valorie,Bear,228.25,16.7,12.8,1013.1,6.2,2.0,18,3,0,8,-1.0,-1.8369701987210297e-16,0.43388373911755823,-0.900968867902419,232.5,281.5,166.19791666666666,71.7881083151729,train
2016-08-04 19:00:00,Bear_public_Valorie,Bear,224.25,16.1,12.2,1012.8,6.7,2.0,19,3,0,8,-0.9659258262890684,0.2588190451025203,0.43388373911755823,-0.900968867902419,228.25,238.25,165.61458333333334,71.23190003381573,train
2016-08-04 20:00:00,Bear_public_Valorie,Bear,223.25,15.0,11.7,1013.0,4.6,2.0,20,3,0,8,-0.8660254037844386,0.5000000000000001,0.43388373911755823,-0.900968867902419,224.25,227.0,165.45833333333334,71.09537633511667,train
2016-08-04 21:00:00,Bear_public_Valorie,Bear,151.0,15.0,12.2,1013.3,6.7,2.0,21,3,0,8,-0.7071067811865477,0.7071067811865474,0.43388373911755823,-0.900968867902419,223.25,154.5,165.3125,71.12241628225289,train
2016-08-04 22:00:00,Bear_public_Valorie,Bear,115.25,15.0,12.2,1013.5,5.1,2.0,22,3,0,8,-0.5000000000000004,0.8660254037844384,0.43388373911755823,-0.900968867902419,151.0,117.25,165.22916666666666,71.18232547581535,train
2016-08-04 23:00:00,Bear_public_Valorie,Bear,117.0,15.0,12.8,1013.4,4.6,2.0,23,3,0,8,-0.25881904510252157,0.9659258262890681,0.43388373911755823,-0.900968867902419,115.25,116.5,165.25,71.16751518348303,train
2016-08-05 00:00:00,Bear_public_Valorie,Bear,107.25,15.6,12.8,1013.3,4.1,2.0,0,4,0,8,0.0,1.0,-0.433883739117558,-0.9009688679024191,117.0,115.5,164.90625,71.43767474017187,train
2016-08-05 01:00:00,Bear_public_Valorie,Bear,108.25,15.6,13.3,1012.9,5.1,2.0,1,4,0,8,0.25881904510252074,0.9659258262890683,-0.433883739117558,-0.9009688679024191,107.25,113.5,164.6875,71.60976106952714,train
2016-08-05 02:00:00,Bear_public_Valorie,Bear,55.5,15.6,12.8,1012.6,4.6,2.0,2,4,0,8,0.49999999999999994,0.8660254037844387,-0.433883739117558,-0.9009688679024191,108.25,51.25,164.86458333333334,71.32172130742222,train
2016-08-05 03:00:00,Bear_public_Valorie,Bear,41.2471,15.6,12.8,1012.3,4.6,2.0,3,4,0,8,0.7071067811865476,0.7071067811865476,-0.433883739117558,-0.9009688679024191,55.5,40.25,164.90612916666666,71.24622607146631,train
2016-08-05 04:00:00,Bear_public_Valorie,Bear,47.0565,16.1,12.8,1012.2,3.1,2.0,4,4,0,8,0.8660254037844386,0.5000000000000001,-0.433883739117558,-0.9009688679024191,41.2471,46.5,164.92931666666667,71.20609388414087,train
2016-08-05 05:00:00,Bear_public_Valorie,Bear,60.25,16.1,12.8,1011.9,5.1,2.0,5,4,0,8,0.9659258262890683,0.25881904510252074,-0.433883739117558,-0.9009688679024191,47.0565,58.0,165.02306666666667,71.06052202507531,train
2016-08-05 06:00:00,Bear_public_Valorie,Bear,125.0,15.6,12.8,1012.3,4.1,2.0,6,4,0,8,1.0,6.123233995736766e-17,-0.433883739117558,-0.9009688679024191,60.25,123.0,165.1064,71.01025346893638,train
2016-08-05 07:00:00,Bear_public_Valorie,Bear,143.5,16.1,12.2,1012.5,6.7,2.0,7,4,0,8,0.9659258262890683,-0.25881904510252063,-0.433883739117558,-0.9009688679024191,125.0,132.75,165.55431666666667,70.83096075791474,train
2016-08-05 08:00:00,Bear_public_Valorie,Bear,169.25,16.1,12.2,1012.8,6.2,2.3,8,4,0,8,0.8660254037844387,-0.4999999999999998,-0.433883739117558,-0.9009688679024191,143.5,157.0,166.06473333333335,70.81077177359295,train
2016-08-05 09:00:00,Bear_public_Valorie,Bear,219.0,16.1,12.2,1013.3,4.6,2.25,9,4,0,8,0.7071067811865476,-0.7071067811865475,-0.433883739117558,-0.9009688679024191,169.25,212.0,166.3564,71.02230398219972,train
2016-08-05 10:00:00,Bear_public_Valorie,Bear,220.25,15.6,12.8,1013.5,4.6,2.2,10,4,0,8,0.49999999999999994,-0.8660254037844387,-0.433883739117558,-0.9009688679024191,219.0,217.25,166.4814,71.11834681883663,train
2016-08-05 11:00:00,Bear_public_Valorie,Bear,234.75,16.7,12.2,1013.9,3.6,2.15,11,4,0,8,0.258819045102521,-0.9659258262890682,-0.433883739117558,-0.9009688679024191,220.25,228.5,166.74181666666667,71.36632692860522,train
2016-08-05 12:00:00,Bear_public_Valorie,Bear,236.0,17.2,12.8,1014.1,5.7,2.0999999999999996,12,4,0,8,1.2246467991473532e-16,-1.0,-0.433883739117558,-0.9009688679024191,234.75,230.0,166.99181666666667,71.60765942862383,train
2016-08-05 13:00:00,Bear_public_Valorie,Bear,242.25,18.3,12.8,1013.8,5.1,2.05,13,4,0,8,-0.2588190451025208,-0.9659258262890683,-0.433883739117558,-0.9009688679024191,236.0,237.0,167.21056666666667,71.83846869160335,train
2016-08-05 14:00:00,Bear_public_Valorie,Bear,248.75,19.4,12.2,1013.4,5.7,2.0,14,4,0,8,-0.4999999999999997,-0.8660254037844388,-0.433883739117558,-0.9009688679024191,242.25,239.0,167.61681666666667,72.28825268190054,train
2016-08-05 15:00:00,Bear_public_Valorie,Bear,251.75,20.0,12.8,1013.0,7.7,2.0,15,4,0,8,-0.7071067811865471,-0.7071067811865479,-0.433883739117558,-0.9009688679024191,248.75,239.0,168.14806666666667,72.88008739225208,train
2016-08-05 16:00:00,Bear_public_Valorie,Bear,250.75,20.0,12.8,1012.5,7.2,2.0,16,4,0,8,-0.8660254037844385,-0.5000000000000004,-0.433883739117558,-0.9009688679024191,251.75,234.0,168.84598333333335,73.61461821494923,train
2016-08-05 17:00:00,Bear_public_Valorie,Bear,200.5,19.4,12.8,1012.3,6.2,2.0,17,4,0,8,-0.9659258262890683,-0.25881904510252063,-0.433883739117558,-0.9009688679024191,250.75,232.5,167.51265,72.69562890098378,train
2016-08-05 18:00:00,Bear_public_Valorie,Bear,134.5,18.3,12.8,1012.1,7.7,2.0,18,4,0,8,-1.0,-1.8369701987210297e-16,-0.433883739117558,-0.9009688679024191,200.5,228.25,163.6064,71.80337010609011,train
2016-08-05 19:00:00,Bear_public_Valorie,Bear,122.25,16.1,12.2,1012.2,7.7,2.0,19,4,0,8,-0.9659258262890684,0.2588190451025203,-0.433883739117558,-0.9009688679024191,134.5,224.25,159.3564,71.07279080896404,train
2016-08-05 20:00:00,Bear_public_Valorie,Bear,120.0,15.6,12.2,1012.5,6.2,4.0,20,4,0,8,-0.8660254037844386,0.5000000000000001,-0.433883739117558,-0.9009688679024191,122.25,223.25,155.05431666666667,70.156099441501,train
2016-08-05 21:00:00,Bear_public_Valorie,Bear,120.0,15.0,12.2,1012.6,6.2,4.0,21,4,0,8,-0.7071067811865477,0.7071067811865474,-0.433883739117558,-0.9009688679024191,120.0,151.0,153.76265,70.51843009489558,train
2016-08-05 22:00:00,Bear_public_Valorie,Bear,51.0,14.4,12.2,1012.9,5.1,4.0,22,4,0,8,-0.5000000000000004,0.8660254037844384,-0.433883739117558,-0.9009688679024191,120.0,115.25,151.08556666666667,73.21215806341388,train
2016-08-05 23:00:00,Bear_public_Valorie,Bear,38.25,14.4,12.2,1012.9,4.6,4.0,23,4,0,8,-0.25881904510252157,0.9659258262890681,-0.433883739117558,-0.9009688679024191,51.0,117.0,147.80431666666667,76.49725850258291,train
2016-08-06 00:00:00,Bear_public_Valorie,Bear,39.25,14.4,12.2,1012.8,3.1,4.0,0,5,1,8,0.0,1.0,-0.9749279121818236,-0.2225209339563146,38.25,107.25,144.97098333333335,79.27355588567237,train
2016-08-06 01:00:00,Bear_public_Valorie,Bear,39.5,14.4,12.2,1012.7,2.1,4.0,1,5,1,8,0.25881904510252074,0.9659258262890683,-0.9749279121818236,-0.2225209339563146,39.25,108.25,142.1064,81.85819680813344,train
2016-08-06 02:00:00,Bear_public_Valorie,Bear,38.25,14.4,12.2,1012.3,3.6,4.0,2,5,1,8,0.49999999999999994,0.8660254037844387,-0.9749279121818236,-0.2225209339563146,39.5,55.5,141.38765,82.72286517148152,train
2016-08-06 03:00:00,Bear_public_Valorie,Bear,39.25,14.4,12.2,1012.2,3.6,2.0,3,5,1,8,0.7071067811865476,0.7071067811865476,-0.9749279121818236,-0.2225209339563146,38.25,41.2471,141.3044375,82.8289146425003,train
2016-08-06 04:00:00,Bear_public_Valorie,Bear,45.25,14.4,12.2,1012.2,2.6,2.0,4,5,1,8,0.8660254037844386,0.5000000000000001,-0.9749279121818236,-0.2225209339563146,39.25,47.0565,141.22916666666666,82.91905811859746,train
2016-08-06 05:00:00,Bear_public_Valorie,Bear,57.25,14.4,12.2,1012.0,5.1,2.0,5,5,1,8,0.9659258262890683,0.25881904510252074,-0.9749279121818236,-0.2225209339563146,45.25,60.25,141.10416666666666,83.04860142877388,train
2016-08-06 06:00:00,Bear_public_Valorie,Bear,98.25,14.4,12.2,1012.3,5.7,2.0,6,5,1,8,1.0,6.123233995736766e-17,-0.9749279121818236,-0.2225209339563146,57.25,125.0,139.98958333333334,83.45265121894568,train
2016-08-06 07:00:00,Bear_public_Valorie,Bear,102.5,14.4,12.2,1012.6,6.2,4.0,7,5,1,8,0.9659258262890683,-0.25881904510252063,-0.9749279121818236,-0.2225209339563146,98.25,143.5,138.28125,83.79660651593795,train
2016-08-06 08:00:00,Bear_public_Valorie,Bear,138.0,14.4,12.2,1012.8,4.6,4.0,8,5,1,8,0.8660254037844387,-0.4999999999999998,-0.9749279121818236,-0.2225209339563146,102.5,169.25,136.97916666666666,83.53686106023544,train
2016-08-06 09:00:00,Bear_public_Valorie,Bear,208.75,14.4,12.2,1013.1,5.7,4.0,9,5,1,8,0.7071067811865476,-0.7071067811865475,-0.9749279121818236,-0.2225209339563146,138.0,219.0,136.55208333333334,83.1244803568806,train
2016-08-06 10:00:00,Bear_public_Valorie,Bear,218.5,15.0,12.2,1013.1,5.1,4.0,10,5,1,8,0.49999999999999994,-0.8660254037844387,-0.9749279121818236,-0.2225209339563146,208.75,220.25,136.47916666666666,83.04860142877386,train
2016-08-06 11:00:00,Bear_public_Valorie,Bear,226.0,16.1,12.2,1013.3,5.1,4.0,11,5,1,8,0.258819045102521,-0.9659258262890682,-0.9749279121818236,-0.2225209339563146,218.5,234.75,136.11458333333334,82.61651782307291,train
2016-08-06 12:00:00,Bear_public_Valorie,Bear,232.0,16.7,12.2,1013.0,4.1,4.0,12,5,1,8,1.2246467991473532e-16,-1.0,-0.9749279121818236,-0.2225209339563146,226.0,236.0,135.94791666666666,82.41002930622948,train
2016-08-06 13:00:00,Bear_public_Valorie,Bear,238.0,17.8,11.7,1012.9,4.6,4.0,13,5,1,8,-0.2588190451025208,-0.9659258262890683,-0.9749279121818236,-0.2225209339563146,232.0,242.25,135.77083333333334,82.17590876822743,train
2016-08-06 14:00:00,Bear_public_Valorie,Bear,248.5,17.8,11.7,1012.8,4.6,2.0,14,5,1,8,-0.4999999999999997,-0.8660254037844388,-0.9749279121818236,-0.2225209339563146,238.0,248.75,135.76041666666666,82.16097928585152,train
2016-08-06 15:00:00,Bear_public_Valorie,Bear,245.0,19.4,12.2,1012.2,6.7,2.0,15,5,1,8,-0.7071067811865471,-0.7071067811865479,-0.9749279121818236,-0.2225209339563146,248.5,251.75,135.47916666666666,81.7572266672422,train
2016-08-06 16:00:00,Bear_public_Valorie,Bear,242.25,18.9,11.7,1011.8,6.2,2.0,16,5,1,8,-0.8660254037844385,-0.5000000000000004,-0.9749279121818236,-0.2225209339563146,245.0,250.75,135.125,81.25302669947789,train
2016-08-06 17:00:00,Bear_public_Valorie,Bear,195.25,18.3,11.7,1011.5,3.6,2.0,17,5,1,8,-0.9659258262890683,-0.25881904510252063,-0.9749279121818236,-0.2225209339563146,242.25,200.5,134.90625,81.07624606893448,train
2016-08-06 18:00:00,Bear_public_Valorie,Bear,128.5,17.8,11.7,1011.6,8.2,2.0,18,5,1,8,-1.0,-1.8369701987210297e-16,-0.9749279121818236,-0.2225209339563146,195.25,134.5,134.65625,81.08680307640789,train
2016-08-06 19:00:00,Bear_public_Valorie,Bear,123.75,16.7,11.7,1011.7,5.1,4.0,19,5,1,8,-0.9659258262890684,0.2588190451025203,-0.9749279121818236,-0.2225209339563146,128.5,122.25,134.71875,81.07740237964221,train
2016-08-06 20:00:00,Bear_public_Valorie,Bear,122.25,15.6,11.7,1012.0,4.6,3.8823529411764706,20,5,1,8,-0.8660254037844386,0.5000000000000001,-0.9749279121818236,-0.2225209339563146,123.75,120.0,134.8125,81.06094225146677,train
2016-08-06 21:00:00,Bear_public_Valorie,Bear,118.25,15.6,11.7,1012.3,6.7,3.764705882352941,21,5,1,8,-0.7071067811865477,0.7071067811865474,-0.9749279121818236,-0.2225209339563146,122.25,120.0,134.73958333333334,81.07563159759691,train
2016-08-06 22:00:00,Bear_public_Valorie,Bear,48.5,15.6,11.7,1012.4,4.6,3.6470588235294117,22,5,1,8,-0.5000000000000004,0.8660254037844384,-0.9749279121818236,-0.2225209339563146,118.25,51.0,134.63541666666666,81.18942488318474,train
2016-08-06 23:00:00,Bear_public_Valorie,Bear,40.0,15.6,11.7,1012.5,4.1,3.5294117647058822,23,5,1,8,-0.25881904510252157,0.9659258262890681,-0.9749279121818236,-0.2225209339563146,48.5,38.25,134.70833333333334,81.09983335996735,train
2016-08-07 00:00:00,Bear_public_Valorie,Bear,39.0,15.6,11.7,1012.5,2.1,3.411764705882353,0,6,1,8,0.0,1.0,-0.7818314824680299,0.6234898018587334,40.0,39.25,134.69791666666666,81.11264239525525,train
2016-08-07 01:00:00,Bear_public_Valorie,Bear,40.25,15.0,11.7,1012.4,6.2,3.2941176470588234,1,6,1,8,0.25881904510252074,0.9659258262890683,-0.7818314824680299,0.6234898018587334,39.0,39.5,134.72916666666666,81.0745066840246,train
2016-08-07 02:00:00,Bear_public_Valorie,Bear,39.0,15.0,11.7,1012.2,6.2,2.0,2,6,1,8,0.49999999999999994,0.8660254037844387,-0.7818314824680299,0.6234898018587334,40.25,38.25,134.76041666666666,81.03583745475042,train
2016-08-07 03:00:00,Bear_public_Valorie,Bear,39.75,15.0,11.7,1012.3,5.1,2.0,3,6,1,8,0.7071067811865476,0.7071067811865476,-0.7818314824680299,0.6234898018587334,39.0,39.25,134.78125,81.01027553247677,train
2016-08-07 04:00:00,Bear_public_Valorie,Bear,46.5,15.0,11.7,1012.4,5.1,2.0,4,6,1,8,0.8660254037844386,0.5000000000000001,-0.7818314824680299,0.6234898018587334,39.75,45.25,134.83333333333334,80.95059103184964,train
2016-08-07 05:00:00,Bear_public_Valorie,Bear,56.75,15.0,11.7,1012.4,5.7,2.0,5,6,1,8,0.9659258262890683,0.25881904510252074,-0.7818314824680299,0.6234898018587334,46.5,57.25,134.8125,80.9714875340588,train
2016-08-07 06:00:00,Bear_public_Valorie,Bear,56.25,14.4,11.1,1012.5,5.1,2.7058823529411766,6,6,1,8,1.0,6.123233995736766e-17,-0.7818314824680299,0.6234898018587334,56.75,98.25,133.0625,82.23998055796153,train
2016-08-07 07:00:00,Bear_public_Valorie,Bear,54.0,14.4,11.1,1012.8,5.7,2.588235294117647,7,6,1,8,0.9659258262890683,-0.25881904510252063,-0.7818314824680299,0.6234898018587334,56.25,102.5,131.04166666666666,83.60812664196996,train
2016-08-07 08:00:00,Bear_public_Valorie,Bear,90.75,15.0,11.7,1013.2,4.1,2.4705882352941178,8,6,1,8,0.8660254037844387,-0.4999999999999998,-0.7818314824680299,0.6234898018587334,54.0,138.0,129.07291666666666,83.99257469661613,train
2016-08-07 09:00:00,Bear_public_Valorie,Bear,146.0,14.4,11.7,1013.5,4.6,2.3529411764705883,9,6,1,8,0.7071067811865476,-0.7071067811865475,-0.7818314824680299,0.6234898018587334,90.75,208.75,126.45833333333333,82.36539304231157,train
2016-08-07 10:00:00,Bear_public_Valorie,Bear,154.0,15.6,11.7,1013.5,3.6,2.235294117647059,10,6,1,8,0.49999999999999994,-0.8660254037844387,-0.7818314824680299,0.6234898018587334,146.0,218.5,123.77083333333333,80.2568877129078,train
2016-08-07 11:00:00,Bear_public_Valorie,Bear,152.5,16.7,11.7,1013.8,5.1,2.1176470588235294,11,6,1,8,0.258819045102521,-0.9659258262890682,-0.7818314824680299,0.6234898018587334,154.0,226.0,120.70833333333333,77.54278856199966,train
2016-08-07 12:00:00,Bear_public_Valorie,Bear,225.5,17.2,11.7,1013.6,3.1,2.0,12,6,1,8,1.2246467991473532e-16,-1.0,-0.7818314824680299,0.6234898018587334,152.5,232.0,120.4375,77.14752419313537,train
2016-08-07 13:00:00,Bear_public_Valorie,Bear,324.0,18.9,11.1,1013.0,3.6,2.0,13,6,1,8,-0.2588190451025208,-0.9659258262890683,-0.7818314824680299,0.6234898018587334,225.5,238.0,124.02083333333333,84.49301864222473,train
2016-08-07 14:00:00,Bear_public_Valorie,Bear,337.0,20.6,11.7,1012.5,4.1,2.0,14,6,1,8,-0.4999999999999997,-0.8660254037844388,-0.7818314824680299,0.6234898018587334,324.0,248.5,127.70833333333333,91.7788773021361,train
2016-08-07 15:00:00,Bear_public_Valorie,Bear,314.5,20.6,11.7,1012.1,6.2,2.0,15,6,1,8,-0.7071067811865471,-0.7071067811865479,-0.7818314824680299,0.6234898018587334,337.0,245.0,130.60416666666666,96.60989790486471,train
2016-08-07 16:00:00,Bear_public_Valorie,Bear,314.25,21.1,12.2,1011.6,7.2,2.0,16,6,1,8,-0.8660254037844385,-0.5000000000000004,-0.7818314824680299,0.6234898018587334,314.5,242.25,133.60416666666666,101.234738964391,train
2016-08-07 17:00:00,Bear_public_Valorie,Bear,311.0,20.6,12.2,1011.6,6.7,2.0,17,6,1,8,-0.9659258262890683,-0.25881904510252063,-0.7818314824680299,0.6234898018587334,314.25,195.25,138.42708333333334,106.89809956740658,train
2016-08-07 18:00:00,Bear_public_Valorie,Bear,313.0,19.4,12.2,1010.9,6.2,2.0,18,6,1,8,-1.0,-1.8369701987210297e-16,-0.7818314824680299,0.6234898018587334,311.0,128.5,146.11458333333334,112.63339866785074,train
2016-08-07 19:00:00,Bear_public_Valorie,Bear,301.5,17.8,12.8,1011.1,5.7,2.0,19,6,1,8,-0.9659258262890684,0.2588190451025203,-0.7818314824680299,0.6234898018587334,313.0,123.75,153.52083333333334,116.86344494534099,train
2016-08-07 20:00:00,Bear_public_Valorie,Bear,285.25,16.7,12.8,1010.8,5.7,2.0,20,6,1,8,-0.8660254037844386,0.5000000000000001,-0.7818314824680299,0.6234898018587334,301.5,122.25,160.3125,119.66986403725728,train
2016-08-07 21:00:00,Bear_public_Valorie,Bear,185.0,16.1,12.8,1011.2,4.6,2.0,21,6,1,8,-0.7071067811865477,0.7071067811865474,-0.7818314824680299,0.6234898018587334,285.25,118.25,163.09375,119.42520427347345,train
2016-08-07 22:00:00,Bear_public_Valorie,Bear,117.5,16.1,12.8,1011.6,2.1,2.6666666666666665,22,6,1,8,-0.5000000000000004,0.8660254037844384,-0.7818314824680299,0.6234898018587334,185.0,48.5,165.96875,117.35924299244974,train
2016-08-07 23:00:00,Bear_public_Valorie,Bear,115.75,15.6,12.8,1011.4,1.5,3.333333333333333,23,6,1,8,-0.25881904510252157,0.9659258262890681,-0.7818314824680299,0.6234898018587334,117.5,40.0,169.125,114.81518703513503,train
2016-08-08 00:00:00,Bear_public_Valorie,Bear,116.0,15.0,12.2,1011.2,1.5,4.0,0,0,0,8,0.0,1.0,0.0,1.0,115.75,39.0,172.33333333333334,112.06380816949455,train
2016-08-08 01:00:00,Bear_public_Valorie,Bear,123.5,14.4,12.8,1011.0,2.1,2.0,1,0,0,8,0.25881904510252074,0.9659258262890683,0.0,1.0,116.0,40.25,175.80208333333334,109.04541283652605,train
2016-08-08 02:00:00,Bear_public_Valorie,Bear,49.5,15.0,12.8,1010.8,0.0,2.0,2,0,0,8,0.49999999999999994,0.8660254037844387,0.0,1.0,123.5,39.0,176.23958333333334,108.49234793610286,train
2016-08-08 03:00:00,Bear_public_Valorie,Bear,40.5,15.0,12.8,1010.8,0.0,2.0,3,0,0,8,0.7071067811865476,0.7071067811865476,0.0,1.0,49.5,39.75,176.27083333333334,108.45142462698766,train
2016-08-08 04:00:00,Bear_public_Valorie,Bear,48.25,15.0,12.8,1010.7,5.1,2.0,4,0,0,8,0.8660254037844386,0.5000000000000001,0.0,1.0,40.5,46.5,176.34375,108.3609310235133,train
2016-08-08 05:00:00,Bear_public_Valorie,Bear,59.25,14.4,12.8,1010.8,3.6,2.0,5,0,0,8,0.9659258262890683,0.25881904510252074,0.0,1.0,48.25,56.75,176.44791666666666,108.242104320107,train
2016-08-08 06:00:00,Bear_public_Valorie,Bear,125.75,15.0,12.8,1011.0,3.1,2.0,6,0,0,8,1.0,6.123233995736766e-17,0.0,1.0,59.25,56.25,179.34375,105.78846850169815,train
2016-08-08 07:00:00,Bear_public_Valorie,Bear,137.0,15.0,12.8,1011.5,3.1,2.0,7,0,0,8,0.9659258262890683,-0.25881904510252063,0.0,1.0,125.75,54.0,182.80208333333334,102.82794777343902,train
2016-08-08 08:00:00,Bear_public_Valorie,Bear,173.5,15.0,12.2,1011.7,2.6,2.0,8,0,0,8,0.8660254037844387,-0.4999999999999998,0.0,1.0,137.0,90.75,186.25,100.97785486884263,train
2016-08-08 09:00:00,Bear_public_Valorie,Bear,225.25,15.6,12.2,1011.8,1.5,2.0,9,0,0,8,0.7071067811865476,-0.7071067811865475,0.0,1.0,173.5,146.0,189.55208333333334,100.90015995071423,train
2016-08-08 10:00:00,Bear_public_Valorie,Bear,242.5,16.1,12.8,1011.8,2.6,2.0,10,0,0,8,0.49999999999999994,-0.8660254037844387,0.0,1.0,225.25,154.0,193.23958333333334,101.16120580879021,train
2016-08-08 11:00:00,Bear_public_Valorie,Bear,285.5,17.2,12.8,1011.8,0.0,2.0,11,0,0,8,0.258819045102521,-0.9659258262890682,0.0,1.0,242.5,152.5,198.78125,102.46691704971863,train
2016-08-08 12:00:00,Bear_public_Valorie,Bear,308.0,18.3,12.8,1011.6,1.5,0.0,12,0,0,8,1.2246467991473532e-16,-1.0,0.0,1.0,285.5,225.5,202.21875,104.76039723485376,train
2016-08-08 13:00:00,Bear_public_Valorie,Bear,325.75,21.1,13.3,1011.1,4.1,0.0,13,0,0,8,-0.2588190451025208,-0.9659258262890683,0.0,1.0,308.0,324.0,202.29166666666666,104.84941755831956,train
2016-08-08 14:00:00,Bear_public_Valorie,Bear,325.5,22.2,12.8,1010.7,6.2,0.0,14,0,0,8,-0.4999999999999997,-0.8660254037844388,0.0,1.0,325.75,337.0,201.8125,104.23148490572406,train
2016-08-08 15:00:00,Bear_public_Valorie,Bear,298.0,21.7,12.8,1010.5,6.7,2.0,15,0,0,8,-0.7071067811865471,-0.7071067811865479,0.0,1.0,325.5,314.5,201.125,103.50779743784905,train
2016-08-08 16:00:00,Bear_public_Valorie,Bear,294.75,21.7,13.3,1010.4,8.2,2.0,16,0,0,8,-0.8660254037844385,-0.5000000000000004,0.0,1.0,298.0,314.25,200.3125,102.65421193629065,train
2016-08-08 17:00:00,Bear_public_Valorie,Bear,289.25,20.6,13.3,1010.2,8.2,2.0,17,0,0,8,-0.9659258262890683,-0.25881904510252063,0.0,1.0,294.75,311.0,199.40625,101.7263703066264,train
2016-08-08 18:00:00,Bear_public_Valorie,Bear,303.25,18.9,13.3,1010.3,8.8,2.0,18,0,0,8,-1.0,-1.8369701987210297e-16,0.0,1.0,289.25,313.0,199.0,101.27145505371028,train
2016-08-08 19:00:00,Bear_public_Valorie,Bear,302.5,17.2,12.8,1010.2,8.2,2.0,19,0,0,8,-0.9659258262890684,0.2588190451025203,0.0,1.0,303.25,301.5,199.04166666666666,101.3156568297348,train
2016-08-08 20:00:00,Bear_public_Valorie,Bear,287.75,16.1,12.8,1010.5,4.1,2.1818181818181817,20,0,0,8,-0.8660254037844386,0.5000000000000001,0.0,1.0,302.5,285.25,199.14583333333334,101.40938653564689,train
2016-08-08 21:00:00,Bear_public_Valorie,Bear,176.75,16.1,13.3,1010.6,2.6,2.3636363636363638,21,0,0,8,-0.7071067811865477,0.7071067811865474,0.0,1.0,287.75,185.0,198.80208333333334,101.47338425844646,train
2016-08-08 22:00:00,Bear_public_Valorie,Bear,150.0,16.1,12.8,1010.7,4.6,2.5454545454545454,22,0,0,8,-0.5000000000000004,0.8660254037844384,0.0,1.0,176.75,117.5,200.15625,100.55392270957219,train
2016-08-08 23:00:00,Bear_public_Valorie,Bear,133.0,16.1,13.3,1010.8,3.6,2.7272727272727275,23,0,0,8,-0.25881904510252157,0.9659258262890681,0.0,1.0,150.0,115.75,200.875,99.98440095726241,train
2016-08-09 00:00:00,Bear_public_Valorie,Bear,114.0,15.6,13.3,1010.5,6.2,2.909090909090909,0,1,0,8,0.0,1.0,0.7818314824680298,0.6234898018587336,133.0,116.0,200.79166666666666,100.05902243683225,train
2016-08-09 01:00:00,Bear_public_Valorie,Bear,114.25,15.6,13.3,1010.4,6.2,3.090909090909091,1,1,0,8,0.25881904510252074,0.9659258262890683,0.7818314824680298,0.6234898018587336,114.0,123.5,200.40625,100.38696359208768,train
2016-08-09 02:00:00,Bear_public_Valorie,Bear,53.75,15.6,12.8,1010.2,7.2,3.2727272727272725,2,1,0,8,0.49999999999999994,0.8660254037844387,0.7818314824680298,0.6234898018587336,114.25,49.5,200.58333333333334,100.1125634589328,train
2016-08-09 03:00:00,Bear_public_Valorie,Bear,54.75,15.0,12.8,1010.0,5.1,3.4545454545454546,3,1,0,8,0.7071067811865476,0.7071067811865476,0.7818314824680298,0.6234898018587336,53.75,40.5,201.17708333333334,99.1595793122584,train
2016-08-09 04:00:00,Bear_public_Valorie,Bear,62.25,15.6,12.8,1009.8,5.7,3.6363636363636367,4,1,0,8,0.8660254037844386,0.5000000000000001,0.7818314824680298,0.6234898018587336,54.75,48.25,201.76041666666666,98.25790927249295,train
2016-08-09 05:00:00,Bear_public_Valorie,Bear,73.0,15.0,12.2,1009.9,5.7,3.8181818181818183,5,1,0,8,0.9659258262890683,0.25881904510252074,0.7818314824680298,0.6234898018587336,62.25,59.25,202.33333333333334,97.42741631222378,train
2016-08-09 06:00:00,Bear_public_Valorie,Bear,139.9666,15.0,12.8,1010.1,3.6,4.0,6,1,0,8,1.0,6.123233995736766e-17,0.7818314824680298,0.6234898018587336,73.0,125.75,202.92569166666667,96.9837535686482,train
2016-08-09 07:00:00,Bear_public_Valorie,Bear,154.485,15.0,12.8,1010.4,5.1,3.6,7,1,0,8,0.9659258262890683,-0.25881904510252063,0.7818314824680298,0.6234898018587336,139.9666,137.0,203.65423333333334,96.53160773875267,train
2016-08-09 08:00:00,Bear_public_Valorie,Bear,184.5,15.6,12.8,1010.9,2.6,3.2,8,1,0,8,0.8660254037844387,-0.4999999999999998,0.7818314824680298,0.6234898018587336,154.485,173.5,204.11256666666668,96.4082453921081,train
2016-08-09 09:00:00,Bear_public_Valorie,Bear,230.75,16.1,12.8,1011.3,2.1,2.8,9,1,0,8,0.7071067811865476,-0.7071067811865475,0.7818314824680298,0.6234898018587336,184.5,225.25,204.34173333333334,96.46719340531256,train
2016-08-09 10:00:00,Bear_public_Valorie,Bear,253.25,17.2,13.3,1011.2,1.5,2.4,10,1,0,8,0.49999999999999994,-0.8660254037844387,0.7818314824680298,0.6234898018587336,230.75,242.5,204.78965000000002,96.67680275910357,train
2016-08-09 11:00:00,Bear_public_Valorie,Bear,325.5,18.3,13.3,1011.2,3.6,2.0,11,1,0,8,0.258819045102521,-0.9659258262890682,0.7818314824680298,0.6234898018587336,253.25,285.5,206.45631666666668,98.4571100051347,train
2016-08-09 12:00:00,Bear_public_Valorie,Bear,302.25,19.4,13.9,1011.1,2.6,2.0,12,1,0,8,1.2246467991473532e-16,-1.0,0.7818314824680298,0.6234898018587336,325.5,308.0,206.21673333333334,98.20594825703378,train
2016-08-09 13:00:00,Bear_public_Valorie,Bear,312.75,21.1,12.8,1010.8,2.6,0.0,13,1,0,8,-0.2588190451025208,-0.9659258262890683,0.7818314824680298,0.6234898018587336,302.25,325.75,205.67506666666668,97.55165491887374,train
2016-08-09 14:00:00,Bear_public_Valorie,Bear,320.0,22.8,13.3,1010.4,4.6,0.0,14,1,0,8,-0.4999999999999997,-0.8660254037844388,0.7818314824680298,0.6234898018587336,312.75,325.5,205.44590000000002,97.26396155445292,train
2016-08-09 15:00:00,Bear_public_Valorie,Bear,317.75,22.8,13.9,1009.9,6.7,2.0,15,1,0,8,-0.7071067811865471,-0.7071067811865479,0.7818314824680298,0.6234898018587336,320.0,298.0,206.26881666666668,98.16049321368807,train
2016-08-09 16:00:00,Bear_public_Valorie,Bear,315.75,21.1,13.3,1009.8,8.2,2.0,16,1,0,8,-0.8660254037844385,-0.5000000000000004,0.7818314824680298,0.6234898018587336,317.75,294.75,207.14381666666668,99.07286087893652,train
2016-08-09 17:00:00,Bear_public_Valorie,Bear,306.25,20.0,13.3,1009.8,7.7,2.0,17,1,0,8,-0.9659258262890683,-0.25881904510252063,0.7818314824680298,0.6234898018587336,315.75,289.25,207.85215000000002,99.74391102906878,train
2016-08-09 18:00:00,Bear_public_Valorie,Bear,303.75,20.0,12.8,1009.7,6.2,2.0,18,1,0,8,-1.0,-1.8369701987210297e-16,0.7818314824680298,0.6234898018587336,306.25,303.25,207.87298333333334,99.76475297744265,train
2016-08-09 19:00:00,Bear_public_Valorie,Bear,292.5,18.3,12.8,1009.7,6.2,2.0,19,1,0,8,-0.9659258262890684,0.2588190451025203,0.7818314824680298,0.6234898018587336,303.75,302.5,207.45631666666668,99.37247224960231,train
2016-08-09 20:00:00,Bear_public_Valorie,Bear,246.75,16.1,12.8,1009.8,7.2,2.0,20,1,0,8,-0.8660254037844386,0.5000000000000001,0.7818314824680298,0.6234898018587336,292.5,287.75,205.74798333333334,98.27850971312478,train
2016-08-09 21:00:00,Bear_public_Valorie,Bear,148.75,15.6,13.3,1010.2,5.1,2.0,21,1,0,8,-0.7071067811865477,0.7071067811865474,0.7818314824680298,0.6234898018587336,246.75,176.75,204.58131666666668,98.80250970297605,train
2016-08-09 22:00:00,Bear_public_Valorie,Bear,124.25,15.6,13.3,1010.6,0.0,2.0,22,1,0,8,-0.5000000000000004,0.8660254037844384,0.7818314824680298,0.6234898018587336,148.75,150.0,203.50840000000002,99.55791387475021,train
2016-08-09 23:00:00,Bear_public_Valorie,Bear,122.5,15.0,12.8,1010.5,2.1,2.0,23,1,0,8,-0.25881904510252157,0.9659258262890681,0.7818314824680298,0.6234898018587336,124.25,133.0,203.07090000000002,99.90369963056818,train
2016-08-10 00:00:00,Bear_public_Valorie,Bear,119.75,15.0,12.8,1010.4,2.1,2.0,0,2,0,8,0.0,1.0,0.9749279121818236,-0.22252093395631434,122.5,114.0,203.31048333333334,99.68746839017157,train
2016-08-10 01:00:00,Bear_public_Valorie,Bear,116.5,14.4,12.2,1010.5,1.5,2.0,1,2,0,8,0.25881904510252074,0.9659258262890683,0.9749279121818236,-0.22252093395631434,119.75,114.25,203.40423333333334,99.60109143160803,train
2016-08-10 02:00:00,Bear_public_Valorie,Bear,46.25,13.9,11.7,1010.6,2.1,2.0,2,2,0,8,0.49999999999999994,0.8660254037844387,0.9749279121818236,-0.22252093395631434,116.5,53.75,203.09173333333334,100.10155718730886,train
2016-08-10 03:00:00,Bear_public_Valorie,Bear,40.25,13.9,11.7,1010.5,1.5,4.0,3,2,0,8,0.7071067811865476,0.7071067811865476,0.9749279121818236,-0.22252093395631434,46.25,54.75,202.48756666666668,101.0748324005651,train
2016-08-10 04:00:00,Bear_public_Valorie,Bear,48.75,15.0,12.8,1010.6,1.5,3.75,4,2,0,8,0.8660254037844386,0.5000000000000001,0.9749279121818236,-0.22252093395631434,40.25,62.25,201.92506666666668,101.92321719558296,train
2016-08-10 05:00:00,Bear_public_Valorie,Bear,58.75,15.6,13.3,1010.7,0.0,3.5,5,2,0,8,0.9659258262890683,0.25881904510252074,0.9749279121818236,-0.22252093395631434,48.75,73.0,201.33131666666668,102.74511236507078,train
2016-08-10 06:00:00,Bear_public_Valorie,Bear,134.0,15.6,12.8,1011.4,2.1,3.25,6,2,0,8,1.0,6.123233995736766e-17,0.9749279121818236,-0.22252093395631434,58.75,139.9666,201.08270833333336,102.90714071834024,train
2016-08-10 07:00:00,Bear_public_Valorie,Bear,152.5,15.6,12.8,1011.9,2.6,3.0,7,2,0,8,0.9659258262890683,-0.25881904510252063,0.9749279121818236,-0.22252093395631434,134.0,154.485,201.0,102.94701043022933,train
2016-08-10 08:00:00,Bear_public_Valorie,Bear,191.5,16.1,13.3,1012.5,3.6,2.75,8,2,0,8,0.8660254037844387,-0.4999999999999998,0.9749279121818236,-0.22252093395631434,152.5,184.5,201.29166666666666,102.90813935217925,train
2016-08-10 09:00:00,Bear_public_Valorie,Bear,245.0,16.7,13.3,1012.8,3.6,2.5,9,2,0,8,0.7071067811865476,-0.7071067811865475,0.9749279121818236,-0.22252093395631434,191.5,230.75,201.88541666666666,103.12637295967917,train
2016-08-10 10:00:00,Bear_public_Valorie,Bear,253.25,17.2,13.3,1013.0,2.6,2.25,10,2,0,8,0.49999999999999994,-0.8660254037844387,0.9749279121818236,-0.22252093395631434,245.0,253.25,201.88541666666666,103.12637295967917,train
2016-08-10 11:00:00,Bear_public_Valorie,Bear,306.5,18.3,13.9,1013.2,2.1,2.0,11,2,0,8,0.258819045102521,-0.9659258262890682,0.9749279121818236,-0.22252093395631434,253.25,325.5,201.09375,102.20497872721485,train
2016-08-10 12:00:00,Bear_public_Valorie,Bear,291.75,19.4,13.3,1013.3,3.1,2.0,12,2,0,8,1.2246467991473532e-16,-1.0,0.9749279121818236,-0.22252093395631434,306.5,302.25,200.65625,101.77470890296182,train
2016-08-10 13:00:00,Bear_public_Valorie,Bear,298.0,21.1,13.3,1012.8,4.1,2.0,13,2,0,8,-0.2588190451025208,-0.9659258262890683,0.9749279121818236,-0.22252093395631434,291.75,312.75,200.04166666666666,101.11075144598136,train
2016-08-10 14:00:00,Bear_public_Valorie,Bear,305.5,22.8,13.3,1012.6,5.7,2.0,14,2,0,8,-0.4999999999999997,-0.8660254037844388,0.9749279121818236,-0.22252093395631434,298.0,320.0,199.4375,100.4036486540379,train
2016-08-10 15:00:00,Bear_public_Valorie,Bear,307.25,22.2,13.9,1012.3,6.7,2.0,15,2,0,8,-0.7071067811865471,-0.7071067811865479,0.9749279121818236,-0.22252093395631434,305.5,317.75,199.0,99.88724621552917,train
2016-08-10 16:00:00,Bear_public_Valorie,Bear,313.0,21.7,13.9,1011.9,7.2,2.0,16,2,0,8,-0.8660254037844385,-0.5000000000000004,0.9749279121818236,-0.22252093395631434,307.25,315.75,198.88541666666666,99.74897785154263,train
2016-08-10 17:00:00,Bear_public_Valorie,Bear,302.5,19.4,13.3,1011.8,7.7,2.0,17,2,0,8,-0.9659258262890683,-0.25881904510252063,0.9749279121818236,-0.22252093395631434,313.0,306.25,198.72916666666666,99.57627392963722,train
2016-08-10 18:00:00,Bear_public_Valorie,Bear,279.0,18.3,13.3,1011.9,7.7,2.0,18,2,0,8,-1.0,-1.8369701987210297e-16,0.9749279121818236,-0.22252093395631434,302.5,303.75,197.69791666666666,98.56436815291855,train
2016-08-10 19:00:00,Bear_public_Valorie,Bear,236.0,16.7,12.8,1012.1,7.2,2.0,19,2,0,8,-0.9659258262890684,0.2588190451025203,0.9749279121818236,-0.22252093395631434,279.0,292.5,195.34375,96.86164529267688,train
2016-08-10 20:00:00,Bear_public_Valorie,Bear,229.0,14.4,12.2,1012.5,8.2,2.0,20,2,0,8,-0.8660254037844386,0.5000000000000001,0.9749279121818236,-0.22252093395631434,236.0,246.75,194.60416666666666,96.51922867296025,train
2016-08-10 21:00:00,Bear_public_Valorie,Bear,136.5,13.9,12.8,1013.2,6.7,2.0,21,2,0,8,-0.7071067811865477,0.7071067811865474,0.9749279121818236,-0.22252093395631434,229.0,148.75,194.09375,96.80422905837824,train
2016-08-10 22:00:00,Bear_public_Valorie,Bear,112.25,14.4,12.8,1013.8,5.1,2.0,22,2,0,8,-0.5000000000000004,0.8660254037844384,0.9749279121818236,-0.22252093395631434,136.5,124.25,193.59375,97.21079774577294,train
2016-08-10 23:00:00,Bear_public_Valorie,Bear,103.5,14.4,12.8,1013.8,4.1,2.0,23,2,0,8,-0.25881904510252157,0.9659258262890681,0.9749279121818236,-0.22252093395631434,112.25,122.5,192.80208333333334,97.88993872797485,train
2016-08-11 00:00:00,Bear_public_Valorie,Bear,104.5,14.4,12.8,1013.9,3.6,2.0,0,3,0,8,0.0,1.0,0.43388373911755823,-0.900968867902419,103.5,119.75,192.16666666666666,98.43273654221146,train
2016-08-11 01:00:00,Bear_public_Valorie,Bear,102.25,14.4,12.8,1014.3,2.6,2.0,1,3,0,8,0.25881904510252074,0.9659258262890683,0.43388373911755823,-0.900968867902419,104.5,116.5,191.57291666666666,98.9506211716411,train
2016-08-11 02:00:00,Bear_public_Valorie,Bear,44.0,14.4,12.8,1014.2,3.1,2.0,2,3,0,8,0.49999999999999994,0.8660254037844387,0.43388373911755823,-0.900968867902419,102.25,46.25,191.47916666666666,99.09525272342185,train
2016-08-11 03:00:00,Bear_public_Valorie,Bear,44.25,14.4,12.8,1014.1,3.6,2.0,3,3,0,8,0.7071067811865476,0.7071067811865476,0.43388373911755823,-0.900968867902419,44.0,40.25,191.64583333333334,98.8328605763799,train
2016-08-11 04:00:00,Bear_public_Valorie,Bear,79.75,15.0,12.8,1013.9,2.1,2.0,4,3,0,8,0.8660254037844386,0.5000000000000001,0.43388373911755823,-0.900968867902419,44.25,48.75,192.9375,97.070997381343,train
2016-08-11 05:00:00,Bear_public_Valorie,Bear,96.5,15.0,13.3,1014.1,2.1,2.0,5,3,0,8,0.9659258262890683,0.25881904510252074,0.43388373911755823,-0.900968867902419,79.75,58.75,194.51041666666666,95.08770205671993,train
2016-08-11 06:00:00,Bear_public_Valorie,Bear,156.9329,15.0,13.3,1014.4,0.0,2.0,6,3,0,8,1.0,6.123233995736766e-17,0.43388373911755823,-0.900968867902419,96.5,134.0,195.46595416666665,94.56699508895674,train
2016-08-11 07:00:00,Bear_public_Valorie,Bear,168.9868,15.0,13.3,1015.2,1.5,2.0,7,3,0,8,0.9659258262890683,-0.25881904510252063,0.43388373911755823,-0.900968867902419,156.9329,152.5,196.15290416666664,94.30082015048154,train
2016-08-11 08:00:00,Bear_public_Valorie,Bear,195.75,15.0,13.3,1015.9,1.5,2.0,8,3,0,8,0.8660254037844387,-0.4999999999999998,0.43388373911755823,-0.900968867902419,168.9868,191.5,196.3299875,94.295693081287,train
2016-08-11 09:00:00,Bear_public_Valorie,Bear,230.75,15.6,13.3,1016.4,1.5,2.0,9,3,0,8,0.7071067811865476,-0.7071067811865475,0.43388373911755823,-0.900968867902419,195.75,245.0,195.7362375,94.02037107685906,train
2016-08-11 10:00:00,Bear_public_Valorie,Bear,235.25,16.7,13.3,1016.8,1.5,2.0,10,3,0,8,0.49999999999999994,-0.8660254037844387,0.43388373911755823,-0.900968867902419,230.75,253.25,194.9862375,93.6125452924229,train
2016-08-11 11:00:00,Bear_public_Valorie,Bear,247.0,17.8,13.3,1017.0,3.6,2.0,11,3,0,8,0.258819045102521,-0.9659258262890682,0.43388373911755823,-0.900968867902419,235.25,306.5,192.5070708333333,91.28995860699307,train
2016-08-11 12:00:00,Bear_public_Valorie,Bear,263.5,20.0,13.9,1017.0,2.6,2.0,12,3,0,8,1.2246467991473532e-16,-1.0,0.43388373911755823,-0.900968867902419,247.0,291.75,191.3299875,90.12944432137743,train
2016-08-11 13:00:00,Bear_public_Valorie,Bear,270.25,21.1,13.9,1016.7,4.1,2.0,13,3,0,8,-0.2588190451025208,-0.9659258262890683,0.43388373911755823,-0.900968867902419,263.5,298.0,190.1737375,88.87071110996662,train
2016-08-11 14:00:00,Bear_public_Valorie,Bear,265.25,21.7,13.9,1016.3,6.7,2.0,14,3,0,8,-0.4999999999999997,-0.8660254037844388,0.43388373911755823,-0.900968867902419,270.25,305.5,188.49665416666664,86.95897871184901,train
2016-08-11 15:00:00,Bear_public_Valorie,Bear,264.25,21.1,13.9,1016.1,7.7,2.0,15,3,0,8,-0.7071067811865471,-0.7071067811865479,0.43388373911755823,-0.900968867902419,265.25,307.25,186.7049875,84.82258776786284,train
2016-08-11 16:00:00,Bear_public_Valorie,Bear,256.75,20.0,13.9,1016.0,7.7,2.0,16,3,0,8,-0.8660254037844385,-0.5000000000000004,0.43388373911755823,-0.900968867902419,264.25,313.0,184.3612375,81.90824127880414,train
2016-08-11 17:00:00,Bear_public_Valorie,Bear,253.0,20.0,13.9,1015.5,7.7,2.0,17,3,0,8,-0.9659258262890683,-0.25881904510252063,0.43388373911755823,-0.900968867902419,256.75,302.5,182.2987375,79.38855971639312,train
2016-08-11 18:00:00,Bear_public_Valorie,Bear,250.25,18.3,13.9,1015.4,7.7,2.0,18,3,0,8,-1.0,-1.8369701987210297e-16,0.43388373911755823,-0.900968867902419,253.0,279.0,181.1008208333333,78.07195630801102,train
2016-08-11 19:00:00,Bear_public_Valorie,Bear,244.0,17.2,13.3,1015.6,8.2,2.0,19,3,0,8,-0.9659258262890684,0.2588190451025203,0.43388373911755823,-0.900968867902419,250.25,236.0,181.43415416666664,78.33318429478008,train
2016-08-11 20:00:00,Bear_public_Valorie,Bear,228.5,16.1,13.3,1015.8,6.2,2.0,20,3,0,8,-0.8660254037844386,0.5000000000000001,0.43388373911755823,-0.900968867902419,244.0,229.0,181.4133208333333,78.32004914562441,train
2016-08-11 21:00:00,Bear_public_Valorie,Bear,168.75,15.6,13.3,1016.2,5.1,2.0,21,3,0,8,-0.7071067811865477,0.7071067811865474,0.43388373911755823,-0.900968867902419,228.5,136.5,182.7570708333333,77.7908314779558,train
2016-08-11 22:00:00,Bear_public_Valorie,Bear,124.25,15.0,13.3,1016.7,2.6,2.0,22,3,0,8,-0.5000000000000004,0.8660254037844384,0.43388373911755823,-0.900968867902419,168.75,112.25,183.2570708333333,77.35528984096399,train
2016-08-11 23:00:00,Bear_public_Valorie,Bear,122.75,15.0,12.8,1016.5,2.1,2.0,23,3,0,8,-0.25881904510252157,0.9659258262890681,0.43388373911755823,-0.900968867902419,124.25,103.5,184.05915416666664,76.5883448663612,train
2016-08-12 00:00:00,Bear_public_Valorie,Bear,122.5,14.4,12.8,1016.4,2.1,2.0,0,4,0,8,0.0,1.0,-0.433883739117558,-0.9009688679024191,122.75,104.5,184.80915416666664,75.86005007663485,train
2016-08-12 01:00:00,Bear_public_Valorie,Bear,122.5,14.4,12.8,1016.5,2.6,2.0,1,4,0,8,0.25881904510252074,0.9659258262890683,-0.433883739117558,-0.9009688679024191,122.5,102.25,185.65290416666664,75.00971425907028,train
2016-08-12 02:00:00,Bear_public_Valorie,Bear,70.5,15.0,13.3,1016.6,3.1,2.0,2,4,0,8,0.49999999999999994,0.8660254037844387,-0.433883739117558,-0.9009688679024191,122.5,44.0,186.7570708333333,73.00205536913789,train
2016-08-12 03:00:00,Bear_public_Valorie,Bear,42.5,15.0,13.9,1016.5,2.1,2.0,3,4,0,8,0.7071067811865476,0.7071067811865476,-0.433883739117558,-0.9009688679024191,70.5,44.25,186.68415416666664,73.15130587276221,train
2016-08-12 04:00:00,Bear_public_Valorie,Bear,46.75,14.4,13.3,1016.4,2.6,2.0,4,4,0,8,0.8660254037844386,0.5000000000000001,-0.433883739117558,-0.9009688679024191,42.5,79.75,185.30915416666664,75.5204811970782,train
2016-08-12 05:00:00,Bear_public_Valorie,Bear,57.0,14.4,13.3,1016.4,2.6,2.0,5,4,0,8,0.9659258262890683,0.25881904510252074,-0.433883739117558,-0.9009688679024191,46.75,96.5,183.6633208333333,77.93198082385398,train
2016-08-12 06:00:00,Bear_public_Valorie,Bear,116.25,14.4,13.3,1016.7,2.1,2.0,6,4,0,8,1.0,6.123233995736766e-17,-0.433883739117558,-0.9009688679024191,57.0,156.9329,181.9682,78.97416517705123,train
2016-08-12 07:00:00,Bear_public_Valorie,Bear,138.0,15.0,13.3,1017.3,1.5,2.0,7,4,0,8,0.9659258262890683,-0.25881904510252063,-0.433883739117558,-0.9009688679024191,116.25,168.9868,180.67708333333334,79.4474969906523,train
2016-08-12 08:00:00,Bear_public_Valorie,Bear,155.5,15.0,13.3,1017.7,1.5,2.0,8,4,0,8,0.8660254037844387,-0.4999999999999998,-0.433883739117558,-0.9009688679024191,138.0,195.75,179.0,79.54025505310527,train
2016-08-12 09:00:00,Bear_public_Valorie,Bear,235.25,15.6,13.3,1018.0,0.0,2.0,9,4,0,8,0.7071067811865476,-0.7071067811865475,-0.433883739117558,-0.9009688679024191,155.5,230.75,179.1875,79.67274266593965,train
2016-08-12 10:00:00,Bear_public_Valorie,Bear,255.5,16.1,13.3,1018.2,2.1,2.0,10,4,0,8,0.49999999999999994,-0.8660254037844387,-0.433883739117558,-0.9009688679024191,235.25,235.25,180.03125,80.39621018066113,train
2016-08-12 11:00:00,Bear_public_Valorie,Bear,263.0,16.7,13.9,1018.2,2.6,2.0,11,4,0,8,0.258819045102521,-0.9659258262890682,-0.433883739117558,-0.9009688679024191,255.5,247.0,180.69791666666666,81.03944219405255,train
2016-08-12 12:00:00,Bear_public_Valorie,Bear,263.5,18.9,13.9,1018.0,5.1,2.0,12,4,0,8,1.2246467991473532e-16,-1.0,-0.433883739117558,-0.9009688679024191,263.0,263.5,180.69791666666666,81.03944219405255,train
2016-08-12 13:00:00,Bear_public_Valorie,Bear,332.5,20.6,13.3,1017.6,5.7,0.0,13,4,0,8,-0.2588190451025208,-0.9659258262890683,-0.433883739117558,-0.9009688679024191,263.5,270.25,183.29166666666666,84.93292323519401,train
2016-08-12 14:00:00,Bear_public_Valorie,Bear,306.25,20.6,13.3,1017.1,7.2,2.0,14,4,0,8,-0.4999999999999997,-0.8660254037844388,-0.433883739117558,-0.9009688679024191,332.5,265.25,185.0,87.03931520470704,train
2016-08-12 15:00:00,Bear_public_Valorie,Bear,295.5,20.6,13.9,1016.8,7.2,2.0,15,4,0,8,-0.7071067811865471,-0.7071067811865479,-0.433883739117558,-0.9009688679024191,306.25,264.25,186.30208333333334,88.49794210229172,train
2016-08-12 16:00:00,Bear_public_Valorie,Bear,293.25,20.6,13.3,1016.3,7.2,2.0,16,4,0,8,-0.8660254037844385,-0.5000000000000004,-0.433883739117558,-0.9009688679024191,295.5,256.75,187.82291666666666,90.06104448984281,train
2016-08-12 17:00:00,Bear_public_Valorie,Bear,260.5,20.6,12.8,1015.5,5.7,2.0,17,4,0,8,-0.9659258262890683,-0.25881904510252063,-0.433883739117558,-0.9009688679024191,293.25,253.0,188.13541666666666,90.30970201523039,train
2016-08-12 18:00:00,Bear_public_Valorie,Bear,178.75,20.0,12.8,1015.1,6.2,0.0,18,4,0,8,-1.0,-1.8369701987210297e-16,-0.433883739117558,-0.9009688679024191,260.5,250.25,185.15625,89.34574429963925,train
2016-08-12 19:00:00,Bear_public_Valorie,Bear,127.5,18.3,12.8,1014.9,6.2,0.0,19,4,0,8,-0.9659258262890684,0.2588190451025203,-0.433883739117558,-0.9009688679024191,178.75,244.0,180.30208333333334,89.1743218050132,train
2016-08-12 20:00:00,Bear_public_Valorie,Bear,115.25,16.1,12.8,1015.2,5.1,2.0,20,4,0,8,-0.8660254037844386,0.5000000000000001,-0.433883739117558,-0.9009688679024191,127.5,228.5,175.58333333333334,89.50873368446842,train
2016-08-12 21:00:00,Bear_public_Valorie,Bear,115.25,14.4,12.2,1015.7,4.1,2.0,21,4,0,8,-0.7071067811865477,0.7071067811865474,-0.433883739117558,-0.9009688679024191,115.25,168.75,173.35416666666666,90.34856765625132,train
2016-08-12 22:00:00,Bear_public_Valorie,Bear,56.5,14.4,12.8,1016.3,3.6,2.0,22,4,0,8,-0.5000000000000004,0.8660254037844384,-0.433883739117558,-0.9009688679024191,115.25,124.25,170.53125,92.96990842354637,train
2016-08-12 23:00:00,Bear_public_Valorie,Bear,41.0,14.4,12.8,1016.2,2.6,2.0,23,4,0,8,-0.25881904510252157,0.9659258262890681,-0.433883739117558,-0.9009688679024191,56.5,122.75,167.125,96.23682857364446,train
2016-08-13 00:00:00,Bear_public_Valorie,Bear,41.25,14.4,12.8,1016.0,2.1,2.0,0,5,1,8,0.0,1.0,-0.9749279121818236,-0.2225209339563146,41.0,122.5,163.73958333333334,99.25662498879686,train
2016-08-13 01:00:00,Bear_public_Valorie,Bear,41.5,14.4,12.8,1015.9,2.1,2.0,1,5,1,8,0.25881904510252074,0.9659258262890683,-0.9749279121818236,-0.2225209339563146,41.25,122.5,160.36458333333334,102.05744810087259,train
2016-08-13 02:00:00,Bear_public_Valorie,Bear,41.0,13.9,12.8,1015.5,4.6,2.0,2,5,1,8,0.49999999999999994,0.8660254037844387,-0.9749279121818236,-0.2225209339563146,41.5,70.5,159.13541666666666,103.35620601375592,train
2016-08-13 03:00:00,Bear_public_Valorie,Bear,41.0,13.9,12.8,1015.4,3.1,2.25,3,5,1,8,0.7071067811865476,0.7071067811865476,-0.9749279121818236,-0.2225209339563146,41.0,42.5,159.07291666666666,103.43022955971502,train
2016-08-13 04:00:00,Bear_public_Valorie,Bear,46.5,13.9,12.8,1015.1,2.1,2.5,4,5,1,8,0.8660254037844386,0.5000000000000001,-0.9749279121818236,-0.2225209339563146,41.0,46.75,159.0625,103.44204557856658,train
2016-08-13 05:00:00,Bear_public_Valorie,Bear,57.75,13.9,12.8,1015.1,2.1,2.75,5,5,1,8,0.9659258262890683,0.25881904510252074,-0.9749279121818236,-0.2225209339563146,46.5,57.0,159.09375,103.40998008402403,train
2016-08-13 06:00:00,Bear_public_Valorie,Bear,104.25,13.9,12.8,1015.2,2.1,3.0,6,5,1,8,1.0,6.123233995736766e-17,-0.9749279121818236,-0.2225209339563146,57.75,116.25,158.59375,103.65486241714557,train
2016-08-13 07:00:00,Bear_public_Valorie,Bear,118.5,13.9,12.2,1015.6500000000001,1.5,3.25,7,5,1,8,0.9659258262890683,-0.25881904510252063,-0.9749279121818236,-0.2225209339563146,104.25,138.0,157.78125,103.89944220097573,train
2016-08-13 08:00:00,Bear_public_Valorie,Bear,119.5,15.0,13.3,1016.1,0.0,3.5,8,5,1,8,0.8660254037844387,-0.4999999999999998,-0.9749279121818236,-0.2225209339563146,118.5,155.5,156.28125,104.19325983009516,train
2016-08-13 09:00:00,Bear_public_Valorie,Bear,128.25,15.6,13.3,1016.1,2.6,3.75,9,5,1,8,0.7071067811865476,-0.7071067811865475,-0.9749279121818236,-0.2225209339563146,119.5,235.25,151.82291666666666,102.94913473797185,train
2016-08-13 10:00:00,Bear_public_Valorie,Bear,133.75,16.1,13.3,1016.2,3.1,4.0,10,5,1,8,0.49999999999999994,-0.8660254037844387,-0.9749279121818236,-0.2225209339563146,128.25,255.5,146.75,100.5908901139314,train
2016-08-13 11:00:00,Bear_public_Valorie,Bear,168.0,17.8,13.3,1016.0,3.6,2.0,11,5,1,8,0.258819045102521,-0.9659258262890682,-0.9749279121818236,-0.2225209339563146,133.75,263.0,142.79166666666666,97.64344705930432,train
2016-08-13 12:00:00,Bear_public_Valorie,Bear,187.25,19.4,13.3,1015.5,3.6,2.0,12,5,1,8,1.2246467991473532e-16,-1.0,-0.9749279121818236,-0.2225209339563146,168.0,263.5,139.61458333333334,94.7425280742802,train
2016-08-13 13:00:00,Bear_public_Valorie,Bear,191.75,22.8,13.3,1015.0,4.1,2.0,13,5,1,8,-0.2588190451025208,-0.9659258262890683,-0.9749279121818236,-0.2225209339563146,187.25,332.5,133.75,86.26028609111908,train
2016-08-13 14:00:00,Bear_public_Valorie,Bear,184.5,22.8,13.3,1014.6,6.2,2.0,14,5,1,8,-0.4999999999999997,-0.8660254037844388,-0.9749279121818236,-0.2225209339563146,191.75,306.25,128.67708333333334,78.94437637152109,train
2016-08-13 15:00:00,Bear_public_Valorie,Bear,188.0,22.8,13.3,1013.9,7.2,2.0,15,5,1,8,-0.7071067811865471,-0.7071067811865479,-0.9749279121818236,-0.2225209339563146,184.5,295.5,124.19791666666667,71.79340753186325,train
2016-08-13 16:00:00,Bear_public_Valorie,Bear,188.75,21.7,13.9,1013.3,6.7,2.0,16,5,1,8,-0.8660254037844385,-0.5000000000000004,-0.9749279121818236,-0.2225209339563146,188.0,293.25,119.84375,63.8211160239575,train
2016-08-13 17:00:00,Bear_public_Valorie,Bear,191.25,22.2,13.9,1012.9,4.6,2.0,17,5,1,8,-0.9659258262890683,-0.25881904510252063,-0.9749279121818236,-0.2225209339563146,188.75,260.5,116.95833333333333,58.53165562449855,train
2016-08-13 18:00:00,Bear_public_Valorie,Bear,185.0,20.6,13.3,1012.5,5.7,2.0,18,5,1,8,-1.0,-1.8369701987210297e-16,-0.9749279121818236,-0.2225209339563146,191.25,178.75,117.21875,58.8316644490685,train
2016-08-13 19:00:00,Bear_public_Valorie,Bear,178.5,19.4,13.3,1012.2,4.6,2.0,19,5,1,8,-0.9659258262890684,0.2588190451025203,-0.9749279121818236,-0.2225209339563146,185.0,127.5,119.34375,60.12599147243598,train
2016-08-13 20:00:00,Bear_public_Valorie,Bear,163.75,17.8,13.9,1012.4,5.7,2.0,20,5,1,8,-0.8660254037844386,0.5000000000000001,-0.9749279121818236,-0.2225209339563146,178.5,115.25,121.36458333333333,60.79375232339206,train
2016-08-13 21:00:00,Bear_public_Valorie,Bear,144.25,16.1,13.9,1013.0,4.1,2.0,21,5,1,8,-0.7071067811865477,0.7071067811865474,-0.9749279121818236,-0.2225209339563146,163.75,115.25,122.57291666666667,60.95492272299781,train
2016-08-13 22:00:00,Bear_public_Valorie,Bear,60.25,15.6,13.3,1013.3,3.6,2.0,22,5,1,8,-0.5000000000000004,0.8660254037844384,-0.9749279121818236,-0.2225209339563146,144.25,56.5,122.72916666666667,60.78275269648691,train
2016-08-13 23:00:00,Bear_public_Valorie,Bear,40.75,15.6,13.3,1013.2,4.1,2.0,23,5,1,8,-0.25881904510252157,0.9659258262890681,-0.9749279121818236,-0.2225209339563146,60.25,41.0,122.71875,60.79738769506011,train
2016-08-14 00:00:00,Bear_public_Valorie,Bear,41.0,15.0,13.3,1013.0,4.1,2.0,0,6,1,8,0.0,1.0,-0.7818314824680299,0.6234898018587334,40.75,41.25,122.70833333333333,60.81197262458044,train
2016-08-14 01:00:00,Bear_public_Valorie,Bear,41.75,15.0,12.8,1013.1,5.7,2.0,1,6,1,8,0.25881904510252074,0.9659258262890683,-0.7818314824680299,0.6234898018587334,41.0,41.5,122.71875,60.797477086707005,train
2016-08-14 02:00:00,Bear_public_Valorie,Bear,41.5,14.4,12.8,1012.8,3.1,4.0,2,6,1,8,0.49999999999999994,0.8660254037844387,-0.7818314824680299,0.6234898018587334,41.75,41.0,122.73958333333333,60.76833589662379,train
2016-08-14 03:00:00,Bear_public_Valorie,Bear,41.0,14.4,13.3,1012.4,2.6,4.0,3,6,1,8,0.7071067811865476,0.7071067811865476,-0.7818314824680299,0.6234898018587334,41.5,41.0,122.73958333333333,60.76833589662379,train
2016-08-14 04:00:00,Bear_public_Valorie,Bear,45.5,14.4,12.8,1012.4,3.1,4.0,4,6,1,8,0.8660254037844386,0.5000000000000001,-0.7818314824680299,0.6234898018587334,41.0,46.5,122.69791666666667,60.8232015212704,train
2016-08-14 05:00:00,Bear_public_Valorie,Bear,57.0,13.9,12.8,1012.6,2.6,4.0,5,6,1,8,0.9659258262890683,0.25881904510252074,-0.7818314824680299,0.6234898018587334,45.5,57.75,122.66666666666667,60.85820416749677,train
2016-08-14 06:00:00,Bear_public_Valorie,Bear,63.0,13.9,12.8,1012.8,4.6,4.0,6,6,1,8,1.0,6.123233995736766e-17,-0.7818314824680299,0.6234898018587334,57.0,104.25,120.94791666666667,61.97321384760852,train
2016-08-14 07:00:00,Bear_public_Valorie,Bear,62.25,13.9,12.2,1013.3,4.1,4.0,7,6,1,8,0.9659258262890683,-0.25881904510252063,-0.7818314824680299,0.6234898018587334,63.0,118.5,118.60416666666667,63.122806318605626,train
2016-08-14 08:00:00,Bear_public_Valorie,Bear,62.0,14.4,12.8,1013.8,4.1,4.0,8,6,1,8,0.8660254037844387,-0.4999999999999998,-0.7818314824680299,0.6234898018587334,62.25,119.5,116.20833333333333,64.1698521701289,train
2016-08-14 09:00:00,Bear_public_Valorie,Bear,56.0,15.0,12.8,1014.2,4.1,4.0,9,6,1,8,0.7071067811865476,-0.7071067811865475,-0.7818314824680299,0.6234898018587334,62.0,128.25,113.19791666666667,65.26576018091505,train
2016-08-14 10:00:00,Bear_public_Valorie,Bear,55.75,15.6,12.8,1014.6,4.1,4.0,10,6,1,8,0.49999999999999994,-0.8660254037844387,-0.7818314824680299,0.6234898018587334,56.0,133.75,109.94791666666667,66.13412668858855,train
2016-08-14 11:00:00,Bear_public_Valorie,Bear,55.25,17.2,12.8,1014.3,4.1,4.0,11,6,1,8,0.258819045102521,-0.9659258262890682,-0.7818314824680299,0.6234898018587334,55.75,168.0,105.25,65.83502107541213,train
2016-08-14 12:00:00,Bear_public_Valorie,Bear,104.5,18.9,12.8,1014.1,3.1,2.0,12,6,1,8,1.2246467991473532e-16,-1.0,-0.7818314824680299,0.6234898018587334,55.25,187.25,101.80208333333333,63.47851310408708,train
2016-08-14 13:00:00,Bear_public_Valorie,Bear,156.75,20.6,13.3,1013.7,6.7,2.0,13,6,1,8,-0.2588190451025208,-0.9659258262890683,-0.7818314824680299,0.6234898018587334,104.5,191.75,100.34375,61.69934167871577,train
2016-08-14 14:00:00,Bear_public_Valorie,Bear,176.25,20.6,13.3,1013.2,5.1,2.0,14,6,1,8,-0.4999999999999997,-0.8660254037844388,-0.7818314824680299,0.6234898018587334,156.75,184.5,100.0,61.23129705575729,train
2016-08-14 15:00:00,Bear_public_Valorie,Bear,178.2,21.7,13.3,1012.6,4.6,2.0,15,6,1,8,-0.7071067811865471,-0.7071067811865479,-0.7818314824680299,0.6234898018587334,176.25,188.0,99.59166666666665,60.64884254006198,train
2016-08-14 16:00:00,Bear_public_Valorie,Bear,178.0,21.1,13.3,1012.1,6.7,2.0,16,6,1,8,-0.8660254037844385,-0.5000000000000004,-0.7818314824680299,0.6234898018587334,178.2,188.75,99.14375,59.99794618314537,train
2016-08-14 17:00:00,Bear_public_Valorie,Bear,174.5,20.0,13.3,1012.0,6.7,2.0,17,6,1,8,-0.9659258262890683,-0.25881904510252063,-0.7818314824680299,0.6234898018587334,178.0,191.25,98.44583333333333,58.96854157029401,train
2016-08-14 18:00:00,Bear_public_Valorie,Bear,171.25,18.9,12.8,1011.8,7.2,2.0,18,6,1,8,-1.0,-1.8369701987210297e-16,-0.7818314824680299,0.6234898018587334,174.5,185.0,97.87291666666665,58.15219532879156,train
2016-08-14 19:00:00,Bear_public_Valorie,Bear,163.75,17.8,12.8,1011.8,8.2,2.0,19,6,1,8,-0.9659258262890684,0.2588190451025203,-0.7818314824680299,0.6234898018587334,171.25,178.5,97.25833333333333,57.33524158435357,train
2016-08-14 20:00:00,Bear_public_Valorie,Bear,123.5,15.6,12.8,1012.1,8.2,2.0,20,6,1,8,-0.8660254037844386,0.5000000000000001,-0.7818314824680299,0.6234898018587334,163.75,163.75,95.58125,55.875859710339306,train
2016-08-14 21:00:00,Bear_public_Valorie,Bear,119.0,14.4,12.8,1012.6,6.2,2.0,21,6,1,8,-0.7071067811865477,0.7071067811865474,-0.7818314824680299,0.6234898018587334,123.5,144.25,94.52916666666665,55.15267133872171,train
2016-08-14 22:00:00,Bear_public_Valorie,Bear,123.0,14.4,12.8,1013.3,7.2,2.0,22,6,1,8,-0.5000000000000004,0.8660254037844384,-0.7818314824680299,0.6234898018587334,119.0,60.25,97.14375,54.94394636215878,train
2016-08-14 23:00:00,Bear_public_Valorie,Bear,123.5,14.4,12.8,1013.5,6.2,2.0,23,6,1,8,-0.25881904510252157,0.9659258262890681,-0.7818314824680299,0.6234898018587334,123.0,40.75,100.59166666666665,53.83644245519796,train
2016-08-15 00:00:00,Bear_public_Valorie,Bear,120.25,13.9,12.8,1013.5,6.2,2.0,0,0,0,8,0.0,1.0,0.0,1.0,123.5,41.0,103.89375,52.43461002815132,train
2016-08-15 01:00:00,Bear_public_Valorie,Bear,119.0,13.9,12.8,1013.7,5.1,2.0,1,0,0,8,0.25881904510252074,0.9659258262890683,0.0,1.0,120.25,41.75,107.1125,50.79953622263438,train
2016-08-15 02:00:00,Bear_public_Valorie,Bear,59.25,13.9,12.8,1013.6,3.6,2.0,2,0,0,8,0.49999999999999994,0.8660254037844387,0.0,1.0,119.0,41.5,107.85208333333333,49.92443306848968,train
2016-08-15 03:00:00,Bear_public_Valorie,Bear,41.25,14.4,12.8,1013.4,3.1,2.0,3,0,0,8,0.7071067811865476,0.7071067811865476,0.0,1.0,59.25,41.0,107.8625,49.909901975633574,train
2016-08-15 04:00:00,Bear_public_Valorie,Bear,47.0,13.9,12.8,1013.2,2.6,2.0,4,0,0,8,0.8660254037844386,0.5000000000000001,0.0,1.0,41.25,45.5,107.925,49.8292868310085,train
2016-08-15 05:00:00,Bear_public_Valorie,Bear,57.75,13.9,12.8,1013.2,4.6,2.0,5,0,0,8,0.9659258262890683,0.25881904510252074,0.0,1.0,47.0,57.0,107.95625,49.79618527492586,train
2016-08-15 06:00:00,Bear_public_Valorie,Bear,124.5,13.9,12.2,1013.4,4.1,2.0,6,0,0,8,1.0,6.123233995736766e-17,0.0,1.0,57.75,63.0,110.51875,48.95748779720019,train
2016-08-15 07:00:00,Bear_public_Valorie,Bear,152.75,13.9,11.7,1014.1,2.6,2.0,7,0,0,8,0.9659258262890683,-0.25881904510252063,0.0,1.0,124.5,62.25,114.28958333333333,48.56173341214991,train
2016-08-15 08:00:00,Bear_public_Valorie,Bear,181.75,13.9,12.2,1014.6,1.5,2.0,8,0,0,8,0.8660254037844387,-0.4999999999999998,0.0,1.0,152.75,62.0,119.27916666666665,49.10448911707811,train
2016-08-15 09:00:00,Bear_public_Valorie,Bear,229.0,14.4,12.8,1014.9,2.1,2.0,9,0,0,8,0.7071067811865476,-0.7071067811865475,0.0,1.0,181.75,56.0,126.4875,52.022627288517164,train
2016-08-15 10:00:00,Bear_public_Valorie,Bear,231.25,15.0,12.8,1015.2,3.1,2.0,10,0,0,8,0.49999999999999994,-0.8660254037844387,0.0,1.0,229.0,55.75,133.79999999999998,53.94610031439167,train
2016-08-15 11:00:00,Bear_public_Valorie,Bear,239.0,16.1,12.2,1015.2,2.6,2.0,11,0,0,8,0.258819045102521,-0.9659258262890682,0.0,1.0,231.25,55.25,141.45624999999998,55.334666216812636,train
2016-08-15 12:00:00,Bear_public_Valorie,Bear,242.25,17.2,12.2,1015.2,3.6,2.0,12,0,0,8,1.2246467991473532e-16,-1.0,0.0,1.0,239.0,104.5,147.19583333333333,58.39418880532433,train
2016-08-15 13:00:00,Bear_public_Valorie,Bear,255.5,18.9,12.8,1014.5,5.7,2.0,13,0,0,8,-0.2588190451025208,-0.9659258262890683,0.0,1.0,242.25,156.75,151.31041666666667,62.43586792995394,train
2016-08-15 14:00:00,Bear_public_Valorie,Bear,257.5,20.0,13.3,1014.2,6.7,2.0,14,0,0,8,-0.4999999999999997,-0.8660254037844388,0.0,1.0,255.5,176.25,154.69583333333333,65.950786850741,train
2016-08-15 15:00:00,Bear_public_Valorie,Bear,305.25,20.0,13.3,1013.7,6.7,2.0,15,0,0,8,-0.7071067811865471,-0.7071067811865479,0.0,1.0,257.5,178.2,159.98958333333334,72.67562981759461,train
2016-08-15 16:00:00,Bear_public_Valorie,Bear,290.0,20.0,13.3,1013.3,7.2,2.0,16,0,0,8,-0.8660254037844385,-0.5000000000000004,0.0,1.0,305.25,178.0,164.65625,77.3292934996316,train
2016-08-15 17:00:00,Bear_public_Valorie,Bear,251.5,19.4,13.3,1012.9,7.7,2.0,17,0,0,8,-0.9659258262890683,-0.25881904510252063,0.0,1.0,290.0,174.5,167.86458333333334,79.32699178656526,train
2016-08-15 18:00:00,Bear_public_Valorie,Bear,157.25,18.9,13.3,1012.5,7.2,2.0,18,0,0,8,-1.0,-1.8369701987210297e-16,0.0,1.0,251.5,171.25,167.28125,79.3524852525796,train
2016-08-15 19:00:00,Bear_public_Valorie,Bear,119.25,17.2,13.3,1012.5,7.2,2.0,19,0,0,8,-0.9659258262890684,0.2588190451025203,0.0,1.0,157.25,163.75,165.42708333333334,79.95618634353093,train
2016-08-15 20:00:00,Bear_public_Valorie,Bear,119.75,15.6,13.3,1012.9,6.7,2.0,20,0,0,8,-0.8660254037844386,0.5000000000000001,0.0,1.0,119.25,123.5,165.27083333333334,80.04529684560762,train
2016-08-15 21:00:00,Bear_public_Valorie,Bear,118.0,15.6,13.3,1013.5,6.2,2.0,21,0,0,8,-0.7071067811865477,0.7071067811865474,0.0,1.0,119.75,119.0,165.22916666666666,80.0706860498444,train
2016-08-15 22:00:00,Bear_public_Valorie,Bear,120.0,15.0,13.3,1013.9,5.1,2.0,22,0,0,8,-0.5000000000000004,0.8660254037844384,0.0,1.0,118.0,123.0,165.10416666666666,80.14178728254426,train
2016-08-15 23:00:00,Bear_public_Valorie,Bear,119.5,14.4,13.3,1013.8,2.6,2.0,23,0,0,8,-0.25881904510252157,0.9659258262890681,0.0,1.0,120.0,123.5,164.9375,80.23617482158527,train
2016-08-16 00:00:00,Bear_public_Valorie,Bear,120.25,14.4,13.3,1013.6,1.5,2.0,0,1,0,8,0.0,1.0,0.7818314824680298,0.6234898018587336,119.5,120.25,164.9375,80.23617482158527,train
2016-08-16 01:00:00,Bear_public_Valorie,Bear,116.25,15.0,13.3,1013.5,3.6,2.0,1,1,0,8,0.25881904510252074,0.9659258262890683,0.7818314824680298,0.6234898018587336,120.25,119.0,164.82291666666666,80.30656205139456,train
2016-08-16 02:00:00,Bear_public_Valorie,Bear,56.5,15.0,13.3,1013.1,2.1,2.0,2,1,0,8,0.49999999999999994,0.8660254037844387,0.7818314824680298,0.6234898018587336,116.25,59.25,164.70833333333334,80.46554983435409,train
2016-08-16 03:00:00,Bear_public_Valorie,Bear,40.0,15.0,13.9,1012.9,2.1,2.0,3,1,0,8,0.7071067811865476,0.7071067811865476,0.7818314824680298,0.6234898018587336,56.5,41.25,164.65625,80.54929669692692,train
2016-08-16 04:00:00,Bear_public_Valorie,Bear,44.5,15.0,13.3,1012.9,3.1,2.0,4,1,0,8,0.8660254037844386,0.5000000000000001,0.7818314824680298,0.6234898018587336,40.0,47.0,164.55208333333334,80.70952273857405,train
2016-08-16 05:00:00,Bear_public_Valorie,Bear,57.0,14.4,12.8,1012.7,2.1,2.0,5,1,0,8,0.9659258262890683,0.25881904510252074,0.7818314824680298,0.6234898018587336,44.5,57.75,164.52083333333334,80.75280708092612,train
2016-08-16 06:00:00,Bear_public_Valorie,Bear,119.5,14.4,12.8,1012.8,1.5,2.0,6,1,0,8,1.0,6.123233995736766e-17,0.7818314824680298,0.6234898018587336,57.0,124.5,164.3125,80.86691462170903,train
2016-08-16 07:00:00,Bear_public_Valorie,Bear,150.75,14.4,12.8,1013.4,3.1,2.0,7,1,0,8,0.9659258262890683,-0.25881904510252063,0.7818314824680298,0.6234898018587336,119.5,152.75,164.22916666666666,80.88037720403301,train
2016-08-16 08:00:00,Bear_public_Valorie,Bear,177.0,14.4,13.3,1013.6,0.0,2.0,8,1,0,8,0.8660254037844387,-0.4999999999999998,0.7818314824680298,0.6234898018587336,150.75,181.75,164.03125,80.84144144491302,train
2016-08-16 09:00:00,Bear_public_Valorie,Bear,228.0,15.0,13.3,1013.7,3.1,2.0,9,1,0,8,0.7071067811865476,-0.7071067811865475,0.7818314824680298,0.6234898018587336,177.0,229.0,163.98958333333334,80.80675012049568,train
2016-08-16 10:00:00,Bear_public_Valorie,Bear,232.5,15.6,13.3,1013.7,3.1,2.0,10,1,0,8,0.49999999999999994,-0.8660254037844387,0.7818314824680298,0.6234898018587336,228.0,231.25,164.04166666666666,80.85237710827039,train
2016-08-16 11:00:00,Bear_public_Valorie,Bear,234.5,16.1,12.8,1014.0,4.1,2.0,11,1,0,8,0.258819045102521,-0.9659258262890682,0.7818314824680298,0.6234898018587336,232.5,239.0,163.85416666666666,80.67601324011268,train
2016-08-16 12:00:00,Bear_public_Valorie,Bear,250.5,17.2,12.8,1013.6,2.6,2.0,12,1,0,8,1.2246467991473532e-16,-1.0,0.7818314824680298,0.6234898018587336,234.5,242.25,164.19791666666666,81.04131994821698,train
2016-08-16 13:00:00,Bear_public_Valorie,Bear,256.0,20.0,12.8,1013.0,4.6,2.0,13,1,0,8,-0.2588190451025208,-0.9659258262890683,0.7818314824680298,0.6234898018587336,250.5,255.5,164.21875,81.06587205114764,train
2016-08-16 14:00:00,Bear_public_Valorie,Bear,255.5,20.0,13.3,1012.9,6.7,2.0,14,1,0,8,-0.4999999999999997,-0.8660254037844388,0.7818314824680298,0.6234898018587336,256.0,257.5,164.13541666666666,80.96677992851603,train
2016-08-16 15:00:00,Bear_public_Valorie,Bear,312.5,20.0,12.8,1012.5,7.2,2.0,15,1,0,8,-0.7071067811865471,-0.7071067811865479,0.7818314824680298,0.6234898018587336,255.5,305.25,164.4375,81.52774434403347,train
2016-08-16 16:00:00,Bear_public_Valorie,Bear,302.0,21.1,13.3,1011.8,6.2,2.0,16,1,0,8,-0.8660254037844385,-0.5000000000000004,0.7818314824680298,0.6234898018587336,312.5,290.0,164.9375,82.36379566870698,train
2016-08-16 17:00:00,Bear_public_Valorie,Bear,240.75,20.0,13.3,1011.3,7.7,2.0,17,1,0,8,-0.9659258262890683,-0.25881904510252063,0.7818314824680298,0.6234898018587336,302.0,251.5,164.48958333333334,81.90050562455622,train
2016-08-16 18:00:00,Bear_public_Valorie,Bear,153.75,18.9,13.3,1011.0,7.2,2.0,18,1,0,8,-1.0,-1.8369701987210297e-16,0.7818314824680298,0.6234898018587336,240.75,157.25,164.34375,81.91707141783029,train
2016-08-16 19:00:00,Bear_public_Valorie,Bear,112.75,17.2,12.8,1011.2,7.7,2.0,19,1,0,8,-0.9659258262890684,0.2588190451025203,0.7818314824680298,0.6234898018587336,153.75,119.25,164.07291666666666,82.08321861428013,train
2016-08-16 20:00:00,Bear_public_Valorie,Bear,112.25,15.6,12.8,1011.6,7.2,2.0,20,1,0,8,-0.8660254037844386,0.5000000000000001,0.7818314824680298,0.6234898018587336,112.75,119.75,163.76041666666666,82.27335399799684,train
2016-08-16 21:00:00,Bear_public_Valorie,Bear,115.5,14.4,12.8,1012.1,6.7,2.0,21,1,0,8,-0.7071067811865477,0.7071067811865474,0.7818314824680298,0.6234898018587336,112.25,118.0,163.65625,82.33536974722975,train
2016-08-16 22:00:00,Bear_public_Valorie,Bear,103.75,13.9,12.8,1012.5,5.1,2.0,22,1,0,8,-0.5000000000000004,0.8660254037844384,0.7818314824680298,0.6234898018587336,115.5,120.0,162.97916666666666,82.77562379666811,train
2016-08-16 23:00:00,Bear_public_Valorie,Bear,107.25,13.9,12.8,1012.45,4.6,2.1666666666666665,23,1,0,8,-0.25881904510252157,0.9659258262890681,0.7818314824680298,0.6234898018587336,103.75,119.5,162.46875,83.09254637804132,train
2016-08-17 00:00:00,Bear_public_Valorie,Bear,104.5,13.9,12.8,1012.4,4.6,2.3333333333333335,0,2,0,8,0.0,1.0,0.9749279121818236,-0.22252093395631434,107.25,120.25,161.8125,83.50166784327537,train
2016-08-17 01:00:00,Bear_public_Valorie,Bear,103.75,14.4,12.8,1012.2,2.6,2.5,1,2,0,8,0.25881904510252074,0.9659258262890683,0.9749279121818236,-0.22252093395631434,104.5,116.25,161.29166666666666,83.83652787298084,train
2016-08-17 02:00:00,Bear_public_Valorie,Bear,54.0,14.4,12.8,1011.7,3.6,2.6666666666666665,2,2,0,8,0.49999999999999994,0.8660254037844387,0.9749279121818236,-0.22252093395631434,103.75,56.5,161.1875,83.97383294553852,train
2016-08-17 03:00:00,Bear_public_Valorie,Bear,41.25,14.4,12.8,1011.2,3.1,2.833333333333333,3,2,0,8,0.7071067811865476,0.7071067811865476,0.9749279121818236,-0.22252093395631434,54.0,40.0,161.23958333333334,83.89575179580937,train
2016-08-17 04:00:00,Bear_public_Valorie,Bear,47.75,14.4,12.8,1011.1,3.1,3.0,4,2,0,8,0.8660254037844386,0.5000000000000001,0.9749279121818236,-0.22252093395631434,41.25,44.5,161.375,83.70152717946016,train
2016-08-17 05:00:00,Bear_public_Valorie,Bear,57.0,14.4,12.8,1011.0,0.0,3.1666666666666665,5,2,0,8,0.9659258262890683,0.25881904510252074,0.9749279121818236,-0.22252093395631434,47.75,57.0,161.375,83.70152717946016,train
2016-08-17 06:00:00,Bear_public_Valorie,Bear,126.0,15.0,13.3,1011.0,2.1,3.333333333333333,6,2,0,8,1.0,6.123233995736766e-17,0.9749279121818236,-0.22252093395631434,57.0,119.5,161.64583333333334,83.57055456666363,train
2016-08-17 07:00:00,Bear_public_Valorie,Bear,152.5,14.4,12.8,1011.6,1.5,3.5,7,2,0,8,0.9659258262890683,-0.25881904510252063,0.9749279121818236,-0.22252093395631434,126.0,150.75,161.71875,83.56139738630613,train
2016-08-17 08:00:00,Bear_public_Valorie,Bear,181.0,15.0,12.8,1011.8,1.5,3.6666666666666665,8,2,0,8,0.8660254037844387,-0.4999999999999998,0.9749279121818236,-0.22252093395631434,152.5,177.0,161.88541666666666,83.59718306982681,train
2016-08-17 09:00:00,Bear_public_Valorie,Bear,233.0,15.6,13.3,1012.0,0.0,3.833333333333333,9,2,0,8,0.7071067811865476,-0.7071067811865475,0.9749279121818236,-0.22252093395631434,181.0,228.0,162.09375,83.77515237163881,train
2016-08-17 10:00:00,Bear_public_Valorie,Bear,244.5,16.7,13.3,1012.0,2.1,4.0,10,2,0,8,0.49999999999999994,-0.8660254037844387,0.9749279121818236,-0.22252093395631434,233.0,232.5,162.59375,84.24810707781894,train
2016-08-17 11:00:00,Bear_public_Valorie,Bear,254.0,18.3,13.3,1012.0,4.1,2.0,11,2,0,8,0.258819045102521,-0.9659258262890682,0.9749279121818236,-0.22252093395631434,244.5,234.5,163.40625,85.061832130081,train
2016-08-17 12:00:00,Bear_public_Valorie,Bear,254.25,20.0,13.3,1011.5,5.1,2.0,12,2,0,8,1.2246467991473532e-16,-1.0,0.9749279121818236,-0.22252093395631434,254.0,250.5,163.5625,85.23204420108465,train
2016-08-17 13:00:00,Bear_public_Valorie,Bear,304.75,20.0,13.3,1011.1,6.2,2.0,13,2,0,8,-0.2588190451025208,-0.9659258262890683,0.9749279121818236,-0.22252093395631434,254.25,256.0,165.59375,88.0646320367085,train
2016-08-17 14:00:00,Bear_public_Valorie,Bear,287.75,21.1,13.9,1010.6,8.2,2.0,14,2,0,8,-0.4999999999999997,-0.8660254037844388,0.9749279121818236,-0.22252093395631434,304.75,255.5,166.9375,89.72649413634747,train
2016-08-17 15:00:00,Bear_public_Valorie,Bear,301.25,20.6,13.9,1010.2,8.8,2.0,15,2,0,8,-0.7071067811865471,-0.7071067811865479,0.9749279121818236,-0.22252093395631434,287.75,312.5,166.46875,88.95908660543851,train
2016-08-17 16:00:00,Bear_public_Valorie,Bear,294.0,21.1,13.9,1009.8,8.2,2.0,16,2,0,8,-0.8660254037844385,-0.5000000000000004,0.9749279121818236,-0.22252093395631434,301.25,302.0,166.13541666666666,88.44265457145056,train
2016-08-17 17:00:00,Bear_public_Valorie,Bear,247.25,19.4,13.9,1009.3,7.2,2.0,17,2,0,8,-0.9659258262890683,-0.25881904510252063,0.9749279121818236,-0.22252093395631434,294.0,240.75,166.40625,88.6906817228085,train
2016-08-17 18:00:00,Bear_public_Valorie,Bear,148.5,18.9,13.9,1009.3,7.7,2.0,18,2,0,8,-1.0,-1.8369701987210297e-16,0.9749279121818236,-0.22252093395631434,247.25,153.75,166.1875,88.7297205857056,train
2016-08-17 19:00:00,Bear_public_Valorie,Bear,123.0,17.2,13.9,1009.4,7.7,2.0,19,2,0,8,-0.9659258262890684,0.2588190451025203,0.9749279121818236,-0.22252093395631434,148.5,112.75,166.61458333333334,88.48565896967203,train
2016-08-17 20:00:00,Bear_public_Valorie,Bear,125.25,15.6,13.9,1009.8,6.7,4.0,20,2,0,8,-0.8660254037844386,0.5000000000000001,0.9749279121818236,-0.22252093395631434,123.0,112.25,167.15625,88.17764962858637,train
2016-08-17 21:00:00,Bear_public_Valorie,Bear,123.75,15.6,13.9,1010.2,5.7,3.8666666666666667,21,2,0,8,-0.7071067811865477,0.7071067811865474,0.9749279121818236,-0.22252093395631434,125.25,115.5,167.5,87.98338528924947,train
2016-08-17 22:00:00,Bear_public_Valorie,Bear,121.5,15.6,13.9,1010.6,5.7,3.7333333333333334,22,2,0,8,-0.5000000000000004,0.8660254037844384,0.9749279121818236,-0.22252093395631434,123.75,103.75,168.23958333333334,87.49746826047455,train
2016-08-17 23:00:00,Bear_public_Valorie,Bear,125.0,15.6,13.9,1010.6,5.7,3.6,23,2,0,8,-0.25881904510252157,0.9659258262890681,0.9749279121818236,-0.22252093395631434,121.5,107.25,168.97916666666666,87.03331810372924,train
2016-08-18 00:00:00,Bear_public_Valorie,Bear,121.75,15.0,13.9,1010.5,4.6,3.466666666666667,0,3,0,8,0.0,1.0,0.43388373911755823,-0.900968867902419,125.0,104.5,169.69791666666666,86.54754847853823,train
2016-08-18 01:00:00,Bear_public_Valorie,Bear,117.75,15.6,13.9,1010.6,4.1,3.3333333333333335,1,3,0,8,0.25881904510252074,0.9659258262890683,0.43388373911755823,-0.900968867902419,121.75,103.75,170.28125,86.1299041798012,train
2016-08-18 02:00:00,Bear_public_Valorie,Bear,53.75,15.6,13.9,1010.5,2.6,3.2,2,3,0,8,0.49999999999999994,0.8660254037844387,0.43388373911755823,-0.900968867902419,117.75,54.0,170.27083333333334,86.1445927000022,train
2016-08-18 03:00:00,Bear_public_Valorie,Bear,41.0,15.6,13.9,1010.3,2.6,2.0,3,3,0,8,0.7071067811865476,0.7071067811865476,0.43388373911755823,-0.900968867902419,53.75,41.25,170.26041666666666,86.16088588414453,train
2016-08-18 04:00:00,Bear_public_Valorie,Bear,47.75,15.6,13.3,1010.1,3.6,2.0,4,3,0,8,0.8660254037844386,0.5000000000000001,0.43388373911755823,-0.900968867902419,41.0,47.75,170.26041666666666,86.16088588414453,train
2016-08-18 05:00:00,Bear_public_Valorie,Bear,55.5,15.0,13.3,1010.4,3.6,2.8,5,3,0,8,0.9659258262890683,0.25881904510252074,0.43388373911755823,-0.900968867902419,47.75,57.0,170.19791666666666,86.24711649769321,train
2016-08-18 06:00:00,Bear_public_Valorie,Bear,126.75,15.0,13.3,1010.6,3.1,2.666666666666667,6,3,0,8,1.0,6.123233995736766e-17,0.43388373911755823,-0.900968867902419,55.5,126.0,170.22916666666666,86.23054023280022,train
2016-08-18 07:00:00,Bear_public_Valorie,Bear,154.5,15.0,13.3,1011.2,2.6,2.533333333333333,7,3,0,8,0.9659258262890683,-0.25881904510252063,0.43388373911755823,-0.900968867902419,126.75,152.5,170.3125,86.2136265457724,train
2016-08-18 08:00:00,Bear_public_Valorie,Bear,183.0,15.6,13.3,1011.5,2.6,2.4,8,3,0,8,0.8660254037844387,-0.4999999999999998,0.43388373911755823,-0.900968867902419,154.5,181.0,170.39583333333334,86.22537193015032,train
2016-08-18 09:00:00,Bear_public_Valorie,Bear,239.5,16.7,13.9,1011.7,1.5,2.2666666666666666,9,3,0,8,0.7071067811865476,-0.7071067811865475,0.43388373911755823,-0.900968867902419,183.0,233.0,170.66666666666666,86.44050060548895,train
2016-08-18 10:00:00,Bear_public_Valorie,Bear,249.25,18.3,13.9,1011.8,2.1,2.1333333333333333,10,3,0,8,0.49999999999999994,-0.8660254037844387,0.43388373911755823,-0.900968867902419,239.5,244.5,170.86458333333334,86.62214858744728,train
2016-08-18 11:00:00,Bear_public_Valorie,Bear,258.75,18.9,13.9,1012.0,3.6,2.0,11,3,0,8,0.258819045102521,-0.9659258262890682,0.43388373911755823,-0.900968867902419,249.25,254.0,171.0625,86.82554504141699,train
2016-08-18 12:00:00,Bear_public_Valorie,Bear,264.75,20.6,14.4,1012.0,5.7,2.0,12,3,0,8,1.2246467991473532e-16,-1.0,0.43388373911755823,-0.900968867902419,258.75,254.25,171.5,87.28815971302726,train
2016-08-18 13:00:00,Bear_public_Valorie,Bear,264.25,20.6,13.9,1011.9,7.7,2.0,13,3,0,8,-0.2588190451025208,-0.9659258262890683,0.43388373911755823,-0.900968867902419,264.75,304.75,169.8125,84.96054870913039,train
2016-08-18 14:00:00,Bear_public_Valorie,Bear,320.5,21.1,13.9,1011.5,6.2,2.0,14,3,0,8,-0.4999999999999997,-0.8660254037844388,0.43388373911755823,-0.900968867902419,264.25,287.75,171.17708333333334,87.17138538679778,train
2016-08-18 15:00:00,Bear_public_Valorie,Bear,304.5,21.7,14.4,1010.8,6.7,2.0,15,3,0,8,-0.7071067811865471,-0.7071067811865479,0.43388373911755823,-0.900968867902419,320.5,301.25,171.3125,87.38449674707253,train
2016-08-18 16:00:00,Bear_public_Valorie,Bear,315.5,21.1,14.4,1010.2,7.7,2.0,16,3,0,8,-0.8660254037844385,-0.5000000000000004,0.43388373911755823,-0.900968867902419,304.5,294.0,172.20833333333334,88.79573734709618,train
2016-08-18 17:00:00,Bear_public_Valorie,Bear,247.0,20.0,14.4,1010.0,7.7,2.0,17,3,0,8,-0.9659258262890683,-0.25881904510252063,0.43388373911755823,-0.900968867902419,315.5,247.25,172.19791666666666,88.78656562003876,train
2016-08-18 18:00:00,Bear_public_Valorie,Bear,180.5,18.9,14.4,1010.1,6.7,2.0,18,3,0,8,-1.0,-1.8369701987210297e-16,0.43388373911755823,-0.900968867902419,247.0,148.5,173.53125,88.6553939266112,train
2016-08-18 19:00:00,Bear_public_Valorie,Bear,125.25,17.8,13.9,1010.3,6.2,2.0,19,3,0,8,-0.9659258262890684,0.2588190451025203,0.43388373911755823,-0.900968867902419,180.5,123.0,173.625,88.60080846622995,train
2016-08-18 20:00:00,Bear_public_Valorie,Bear,116.25,17.2,13.9,1010.3,4.6,2.0,20,3,0,8,-0.8660254037844386,0.5000000000000001,0.43388373911755823,-0.900968867902419,125.25,125.25,173.25,88.83319737869249,train
2016-08-18 21:00:00,Bear_public_Valorie,Bear,116.5,16.1,13.9,1010.8,6.2,2.0,21,3,0,8,-0.7071067811865477,0.7071067811865474,0.43388373911755823,-0.900968867902419,116.25,123.75,172.94791666666666,89.02097271108384,train
2016-08-18 22:00:00,Bear_public_Valorie,Bear,114.5,15.6,13.3,1011.8,4.6,2.0,22,3,0,8,-0.5000000000000004,0.8660254037844384,0.43388373911755823,-0.900968867902419,116.5,121.5,172.65625,89.20813512389219,train
2016-08-18 23:00:00,Bear_public_Valorie,Bear,115.5,15.6,13.3,1011.9,4.6,4.0,23,3,0,8,-0.25881904510252157,0.9659258262890681,0.43388373911755823,-0.900968867902419,114.5,125.0,172.26041666666666,89.44953882201412,train
2016-08-19 00:00:00,Bear_public_Valorie,Bear,123.0,15.6,13.3,1011.8,4.1,2.0,0,4,0,8,0.0,1.0,-0.433883739117558,-0.9009688679024191,115.5,121.75,172.3125,89.419208433963,train
2016-08-19 01:00:00,Bear_public_Valorie,Bear,118.5,15.0,13.3,1011.7,4.1,2.0,1,4,0,8,0.25881904510252074,0.9659258262890683,-0.433883739117558,-0.9009688679024191,123.0,117.75,172.34375,89.39943987824239,train
2016-08-19 02:00:00,Bear_public_Valorie,Bear,63.25,15.0,13.3,1011.5,2.1,2.0,2,4,0,8,0.49999999999999994,0.8660254037844387,-0.433883739117558,-0.9009688679024191,118.5,53.75,172.73958333333334,88.87098242514338,train
2016-08-19 03:00:00,Bear_public_Valorie,Bear,51.75,15.0,13.3,1011.7,3.1,4.0,3,4,0,8,0.7071067811865476,0.7071067811865476,-0.433883739117558,-0.9009688679024191,63.25,41.0,173.1875,88.20271396051255,train
2016-08-19 04:00:00,Bear_public_Valorie,Bear,54.75,15.0,13.3,1011.8,3.1,3.75,4,4,0,8,0.8660254037844386,0.5000000000000001,-0.433883739117558,-0.9009688679024191,51.75,47.75,173.47916666666666,87.78044859646765,train
2016-08-19 05:00:00,Bear_public_Valorie,Bear,66.25,15.6,13.9,1011.9,2.1,3.5,5,4,0,8,0.9659258262890683,0.25881904510252074,-0.433883739117558,-0.9009688679024191,54.75,55.5,173.92708333333334,87.17761975860181,train
2016-08-19 06:00:00,Bear_public_Valorie,Bear,141.25,15.6,13.3,1012.1,2.6,3.25,6,4,0,8,1.0,6.123233995736766e-17,-0.433883739117558,-0.9009688679024191,66.25,126.75,174.53125,86.88621095945722,train
2016-08-19 07:00:00,Bear_public_Valorie,Bear,153.0,16.1,13.9,1012.7,2.1,3.0,7,4,0,8,0.9659258262890683,-0.25881904510252063,-0.433883739117558,-0.9009688679024191,141.25,154.5,174.46875,86.90178465733851,train
2016-08-19 08:00:00,Bear_public_Valorie,Bear,181.75,16.1,13.3,1012.9,2.6,2.75,8,4,0,8,0.8660254037844387,-0.4999999999999998,-0.433883739117558,-0.9009688679024191,153.0,183.0,174.41666666666666,86.89682371073464,train
2016-08-19 09:00:00,Bear_public_Valorie,Bear,226.5,17.2,13.9,1013.4,3.1,2.5,9,4,0,8,0.7071067811865476,-0.7071067811865475,-0.433883739117558,-0.9009688679024191,181.75,239.5,173.875,86.51316185363383,train
2016-08-19 10:00:00,Bear_public_Valorie,Bear,232.0,17.8,13.3,1013.8,4.1,2.25,10,4,0,8,0.49999999999999994,-0.8660254037844387,-0.433883739117558,-0.9009688679024191,226.5,249.25,173.15625,85.92940772176335,train
2016-08-19 11:00:00,Bear_public_Valorie,Bear,236.0,18.3,13.3,1014.1,3.1,2.0,11,4,0,8,0.258819045102521,-0.9659258262890682,-0.433883739117558,-0.9009688679024191,232.0,258.75,172.20833333333334,85.06527757713697,train
2016-08-19 12:00:00,Bear_public_Valorie,Bear,239.0,19.4,13.9,1013.9,4.6,2.0,12,4,0,8,1.2246467991473532e-16,-1.0,-0.433883739117558,-0.9009688679024191,236.0,264.75,171.13541666666666,84.00307251001708,train
2016-08-19 13:00:00,Bear_public_Valorie,Bear,253.25,20.6,13.9,1013.8,6.7,2.0,13,4,0,8,-0.2588190451025208,-0.9659258262890683,-0.433883739117558,-0.9009688679024191,239.0,264.25,170.67708333333334,83.50144750003707,train
2016-08-19 14:00:00,Bear_public_Valorie,Bear,262.25,20.0,13.3,1013.4,7.7,2.0,14,4,0,8,-0.4999999999999997,-0.8660254037844388,-0.433883739117558,-0.9009688679024191,253.25,320.5,168.25,79.71815160709741,train
2016-08-19 15:00:00,Bear_public_Valorie,Bear,265.25,20.6,13.3,1012.9,7.7,2.0,15,4,0,8,-0.7071067811865471,-0.7071067811865479,-0.433883739117558,-0.9009688679024191,262.25,304.5,166.61458333333334,77.1631170048605,train
2016-08-19 16:00:00,Bear_public_Valorie,Bear,265.75,20.6,13.9,1012.7,7.2,2.0,16,4,0,8,-0.8660254037844385,-0.5000000000000004,-0.433883739117558,-0.9009688679024191,265.25,315.5,164.54166666666666,73.57433636135963,train
2016-08-19 17:00:00,Bear_public_Valorie,Bear,206.25,19.4,13.9,1012.5,7.2,2.0,17,4,0,8,-0.9659258262890683,-0.25881904510252063,-0.433883739117558,-0.9009688679024191,265.75,247.0,162.84375,72.0429300041784,train
2016-08-19 18:00:00,Bear_public_Valorie,Bear,137.5,18.9,13.3,1012.6,6.2,2.0,18,4,0,8,-1.0,-1.8369701987210297e-16,-0.433883739117558,-0.9009688679024191,206.25,180.5,161.05208333333334,72.11938996216261,train
2016-08-19 19:00:00,Bear_public_Valorie,Bear,129.25,17.8,13.3,1012.4,5.7,2.0,19,4,0,8,-0.9659258262890684,0.2588190451025203,-0.433883739117558,-0.9009688679024191,137.5,125.25,161.21875,72.03763028189104,train
2016-08-19 20:00:00,Bear_public_Valorie,Bear,117.5,16.7,13.3,1012.8,5.1,2.0,20,4,0,8,-0.8660254037844386,0.5000000000000001,-0.433883739117558,-0.9009688679024191,129.25,116.25,161.27083333333334,72.00414830541638,train
2016-08-19 21:00:00,Bear_public_Valorie,Bear,116.25,16.1,13.3,1013.0,5.1,2.0,21,4,0,8,-0.7071067811865477,0.7071067811865474,-0.433883739117558,-0.9009688679024191,117.5,116.5,161.26041666666666,72.01092456246184,train
2016-08-19 22:00:00,Bear_public_Valorie,Bear,49.75,15.6,13.3,1013.6,6.2,2.0,22,4,0,8,-0.5000000000000004,0.8660254037844384,-0.433883739117558,-0.9009688679024191,116.25,114.5,158.5625,74.99029828555499,train
2016-08-19 23:00:00,Bear_public_Valorie,Bear,38.0,15.6,13.3,1013.8,3.1,4.0,23,4,0,8,-0.25881904510252157,0.9659258262890681,-0.433883739117558,-0.9009688679024191,49.75,115.5,155.33333333333334,78.51120339143324,train
2016-08-20 00:00:00,Bear_public_Valorie,Bear,39.25,15.6,13.3,1013.8,3.6,2.0,0,5,1,8,0.0,1.0,-0.9749279121818236,-0.2225209339563146,38.0,123.0,151.84375,81.80301141541439,train
2016-08-20 01:00:00,Bear_public_Valorie,Bear,39.0,15.6,13.9,1014.0,3.6,4.0,1,5,1,8,0.25881904510252074,0.9659258262890683,-0.9749279121818236,-0.2225209339563146,39.25,118.5,148.53125,84.76781948421626,train
2016-08-20 02:00:00,Bear_public_Valorie,Bear,39.25,15.6,13.3,1014.0,4.6,4.0,2,5,1,8,0.49999999999999994,0.8660254037844387,-0.9749279121818236,-0.2225209339563146,39.0,63.25,147.53125,85.95092484073827,train
2016-08-20 03:00:00,Bear_public_Valorie,Bear,40.25,15.6,13.3,1013.8,3.6,4.0,3,5,1,8,0.7071067811865476,0.7071067811865476,-0.9749279121818236,-0.2225209339563146,39.25,51.75,147.05208333333334,86.53816006620956,train
2016-08-20 04:00:00,Bear_public_Valorie,Bear,46.0,15.6,13.3,1013.5,2.1,4.0,4,5,1,8,0.8660254037844386,0.5000000000000001,-0.9749279121818236,-0.2225209339563146,40.25,54.75,146.6875,86.96133104907068,train
2016-08-20 05:00:00,Bear_public_Valorie,Bear,56.75,15.6,13.3,1013.5,0.0,4.0,5,5,1,8,0.9659258262890683,0.25881904510252074,-0.9749279121818236,-0.2225209339563146,46.0,66.25,146.29166666666666,87.36407662224758,train
2016-08-20 06:00:00,Bear_public_Valorie,Bear,110.75,15.6,13.3,1013.6,1.5,4.0,6,5,1,8,1.0,6.123233995736766e-17,-0.9749279121818236,-0.2225209339563146,56.75,141.25,145.02083333333334,87.66192832430853,train
2016-08-20 07:00:00,Bear_public_Valorie,Bear,119.75,15.6,13.3,1014.0,1.5,4.0,7,5,1,8,0.9659258262890683,-0.25881904510252063,-0.9749279121818236,-0.2225209339563146,110.75,153.0,143.63541666666666,87.79298709138168,train
2016-08-20 08:00:00,Bear_public_Valorie,Bear,120.0,16.1,13.9,1014.3,2.6,4.0,8,5,1,8,0.8660254037844387,-0.4999999999999998,-0.9749279121818236,-0.2225209339563146,119.75,181.75,141.0625,87.53186531573598,train
2016-08-20 09:00:00,Bear_public_Valorie,Bear,122.25,16.1,13.3,1015.0,3.1,4.0,9,5,1,8,0.7071067811865476,-0.7071067811865475,-0.9749279121818236,-0.2225209339563146,120.0,226.5,136.71875,85.6746979701859,train
2016-08-20 10:00:00,Bear_public_Valorie,Bear,115.25,16.7,13.3,1015.3,2.6,4.0,10,5,1,8,0.49999999999999994,-0.8660254037844387,-0.9749279121818236,-0.2225209339563146,122.25,232.0,131.85416666666666,83.31135670361554,train
2016-08-20 11:00:00,Bear_public_Valorie,Bear,118.75,17.2,13.3,1015.3,4.6,4.0,11,5,1,8,0.258819045102521,-0.9659258262890682,-0.9749279121818236,-0.2225209339563146,115.25,236.0,126.96875,80.32286454014663,train
2016-08-20 12:00:00,Bear_public_Valorie,Bear,120.5,18.3,13.3,1015.0,5.1,4.0,12,5,1,8,1.2246467991473532e-16,-1.0,-0.9749279121818236,-0.2225209339563146,118.75,239.0,122.03125,76.69711435603973,train
2016-08-20 13:00:00,Bear_public_Valorie,Bear,127.25,18.9,13.3,1014.5,6.2,2.0,13,5,1,8,-0.2588190451025208,-0.9659258262890683,-0.9749279121818236,-0.2225209339563146,120.5,253.25,116.78125,71.45800349566807,train
2016-08-20 14:00:00,Bear_public_Valorie,Bear,130.25,20.0,13.3,1014.3,6.2,2.0,14,5,1,8,-0.4999999999999997,-0.8660254037844388,-0.9749279121818236,-0.2225209339563146,127.25,262.25,111.28125,64.5175790208943,train
2016-08-20 15:00:00,Bear_public_Valorie,Bear,129.75,20.0,13.3,1013.7,8.2,2.0,15,5,1,8,-0.7071067811865471,-0.7071067811865479,-0.9749279121818236,-0.2225209339563146,130.25,265.25,105.63541666666667,55.797624382901,train
2016-08-20 16:00:00,Bear_public_Valorie,Bear,130.5,20.0,13.3,1013.2,7.7,2.0,16,5,1,8,-0.8660254037844385,-0.5000000000000004,-0.9749279121818236,-0.2225209339563146,129.75,265.75,100.0,44.637184732793195,train
2016-08-20 17:00:00,Bear_public_Valorie,Bear,129.0,19.4,13.3,1013.0,7.7,2.0,17,5,1,8,-0.9659258262890683,-0.25881904510252063,-0.9749279121818236,-0.2225209339563146,130.5,206.25,96.78125,39.082014690680246,train
2016-08-20 18:00:00,Bear_public_Valorie,Bear,120.6,18.3,13.3,1012.7,7.2,2.0,18,5,1,8,-1.0,-1.8369701987210297e-16,-0.9749279121818236,-0.2225209339563146,129.0,137.5,96.07708333333333,38.463819756409535,train
2016-08-20 19:00:00,Bear_public_Valorie,Bear,112.75,17.8,13.3,1012.4,6.2,2.0,19,5,1,8,-0.9659258262890684,0.2588190451025203,-0.9749279121818236,-0.2225209339563146,120.6,129.25,95.38958333333333,37.989646699337925,train
2016-08-20 20:00:00,Bear_public_Valorie,Bear,116.0,16.7,13.3,1012.8,6.2,2.0,20,5,1,8,-0.8660254037844386,0.5000000000000001,-0.9749279121818236,-0.2225209339563146,112.75,117.5,95.32708333333333,37.95290554027731,train
2016-08-20 21:00:00,Bear_public_Valorie,Bear,120.5,16.1,13.3,1013.2,5.7,4.0,21,5,1,8,-0.7071067811865477,0.7071067811865474,-0.9749279121818236,-0.2225209339563146,116.0,116.25,95.50416666666666,38.0645244993584,train
2016-08-20 22:00:00,Bear_public_Valorie,Bear,49.5,16.1,13.3,1013.4,5.1,4.0,22,5,1,8,-0.5000000000000004,0.8660254037844384,-0.9749279121818236,-0.2225209339563146,120.5,49.75,95.49374999999999,38.077621844411766,train
2016-08-20 23:00:00,Bear_public_Valorie,Bear,38.0,15.6,13.3,1013.1,4.1,4.0,23,5,1,8,-0.25881904510252157,0.9659258262890681,-0.9749279121818236,-0.2225209339563146,49.5,38.0,95.49374999999999,38.077621844411766,train
2016-08-21 00:00:00,Bear_public_Valorie,Bear,39.0,15.6,13.3,1013.2,4.6,4.0,0,6,1,8,0.0,1.0,-0.7818314824680299,0.6234898018587334,38.0,39.25,95.48333333333333,38.09370787558074,train
2016-08-21 01:00:00,Bear_public_Valorie,Bear,38.75,15.6,13.3,1013.5,3.6,4.0,1,6,1,8,0.25881904510252074,0.9659258262890683,-0.7818314824680299,0.6234898018587334,39.0,39.0,95.47291666666666,38.10985545009943,train
2016-08-21 02:00:00,Bear_public_Valorie,Bear,39.0,15.6,12.8,1013.4,4.6,3.8181818181818183,2,6,1,8,0.49999999999999994,0.8660254037844387,-0.7818314824680299,0.6234898018587334,38.75,39.25,95.46249999999999,38.125921941809885,train
2016-08-21 03:00:00,Bear_public_Valorie,Bear,39.5,15.6,12.8,1013.3,4.6,3.6363636363636362,3,6,1,8,0.7071067811865476,0.7071067811865476,-0.7818314824680299,0.6234898018587334,39.0,40.25,95.43124999999999,38.17342238561237,train
2016-08-21 04:00:00,Bear_public_Valorie,Bear,45.75,15.6,12.8,1013.2,5.1,3.4545454545454546,4,6,1,8,0.8660254037844386,0.5000000000000001,-0.7818314824680299,0.6234898018587334,39.5,46.0,95.42083333333333,38.18752902700491,train
2016-08-21 05:00:00,Bear_public_Valorie,Bear,56.75,15.6,12.8,1013.4,2.6,3.2727272727272725,5,6,1,8,0.9659258262890683,0.25881904510252074,-0.7818314824680299,0.6234898018587334,45.75,56.75,95.42083333333333,38.18752902700491,train
2016-08-21 06:00:00,Bear_public_Valorie,Bear,61.5,15.6,12.8,1013.6,2.6,3.090909090909091,6,6,1,8,1.0,6.123233995736766e-17,-0.7818314824680299,0.6234898018587334,56.75,110.75,93.36874999999999,38.64846251652502,train
2016-08-21 07:00:00,Bear_public_Valorie,Bear,61.5,15.6,12.8,1013.9,2.1,2.909090909090909,7,6,1,8,0.9659258262890683,-0.25881904510252063,-0.7818314824680299,0.6234898018587334,61.5,119.75,90.94166666666666,38.74860633304838,train
2016-08-21 08:00:00,Bear_public_Valorie,Bear,60.0,16.1,12.8,1014.1,3.6,2.7272727272727275,8,6,1,8,0.8660254037844387,-0.4999999999999998,-0.7818314824680299,0.6234898018587334,61.5,120.0,88.44166666666666,38.727842660047315,train
2016-08-21 09:00:00,Bear_public_Valorie,Bear,57.5,16.1,12.8,1014.4,3.6,2.5454545454545454,9,6,1,8,0.7071067811865476,-0.7071067811865475,-0.7818314824680299,0.6234898018587334,60.0,122.25,85.74374999999999,38.5250604843914,train
2016-08-21 10:00:00,Bear_public_Valorie,Bear,57.75,16.7,12.8,1014.4,3.1,2.3636363636363633,10,6,1,8,0.49999999999999994,-0.8660254037844387,-0.7818314824680299,0.6234898018587334,57.5,115.25,83.34791666666666,38.39803968945135,train
2016-08-21 11:00:00,Bear_public_Valorie,Bear,59.0,16.7,12.8,1014.5,2.1,2.1818181818181817,11,6,1,8,0.258819045102521,-0.9659258262890682,-0.7818314824680299,0.6234898018587334,57.75,118.75,80.85833333333333,37.937120936194695,train
2016-08-21 12:00:00,Bear_public_Valorie,Bear,115.2,18.9,12.8,1014.1,3.6,2.0,12,6,1,8,1.2246467991473532e-16,-1.0,-0.7818314824680299,0.6234898018587334,59.0,120.5,80.6375,37.711084894404316,train
2016-08-21 13:00:00,Bear_public_Valorie,Bear,170.75,19.4,12.8,1013.8,4.1,2.0,13,6,1,8,-0.2588190451025208,-0.9659258262890683,-0.7818314824680299,0.6234898018587334,115.2,127.25,82.45,40.954688641705694,train
2016-08-21 14:00:00,Bear_public_Valorie,Bear,167.75,20.6,13.3,1013.3,7.2,2.0,14,6,1,8,-0.4999999999999997,-0.8660254037844388,-0.7818314824680299,0.6234898018587334,170.75,130.25,84.0125,43.49425061955258,train
2016-08-21 15:00:00,Bear_public_Valorie,Bear,166.75,20.0,13.3,1013.1,8.8,2.0,15,6,1,8,-0.7071067811865471,-0.7071067811865479,-0.7818314824680299,0.6234898018587334,167.75,129.75,85.55416666666667,45.78151306374361,train
2016-08-21 16:00:00,Bear_public_Valorie,Bear,161.75,20.0,13.3,1013.1,8.8,2.0,16,6,1,8,-0.8660254037844385,-0.5000000000000004,-0.7818314824680299,0.6234898018587334,166.75,130.5,86.85625,47.52654478540451,train
2016-08-21 17:00:00,Bear_public_Valorie,Bear,158.0,18.3,12.8,1012.8,8.8,2.0,17,6,1,8,-0.9659258262890683,-0.25881904510252063,-0.7818314824680299,0.6234898018587334,161.75,129.0,88.06458333333335,48.9907100314334,train
2016-08-21 18:00:00,Bear_public_Valorie,Bear,135.75,17.8,12.8,1013.0,7.7,2.0,18,6,1,8,-1.0,-1.8369701987210297e-16,-0.7818314824680299,0.6234898018587334,158.0,120.6,88.69583333333334,49.522873320153685,train
2016-08-21 19:00:00,Bear_public_Valorie,Bear,111.25,17.2,12.8,1013.2,8.8,4.0,19,6,1,8,-0.9659258262890684,0.2588190451025203,-0.7818314824680299,0.6234898018587334,135.75,112.75,88.63333333333334,49.492133030250265,train
2016-08-21 20:00:00,Bear_public_Valorie,Bear,115.0,16.7,13.3,1013.5,6.7,3.888888888888889,20,6,1,8,-0.8660254037844386,0.5000000000000001,-0.7818314824680299,0.6234898018587334,111.25,116.0,88.59166666666668,49.46850703635322,train
2016-08-21 21:00:00,Bear_public_Valorie,Bear,115.0,16.7,13.3,1013.9,5.7,3.7777777777777777,21,6,1,8,-0.7071067811865477,0.7071067811865474,-0.7818314824680299,0.6234898018587334,115.0,120.5,88.36250000000001,49.326798982155914,train
2016-08-21 22:00:00,Bear_public_Valorie,Bear,117.75,16.1,12.8,1014.0,5.1,3.6666666666666665,22,6,1,8,-0.5000000000000004,0.8660254037844384,-0.7818314824680299,0.6234898018587334,115.0,49.5,91.20625000000001,48.95486233455861,train
2016-08-21 23:00:00,Bear_public_Valorie,Bear,120.75,16.1,13.3,1013.8,4.1,3.5555555555555554,23,6,1,8,-0.25881904510252157,0.9659258262890681,-0.7818314824680299,0.6234898018587334,117.75,38.0,94.65416666666668,47.94830530773735,train
2016-08-22 00:00:00,Bear_public_Valorie,Bear,115.75,15.6,12.8,1013.7,4.1,3.4444444444444446,0,0,0,8,0.0,1.0,0.0,1.0,120.75,39.0,97.85208333333334,46.61597384170026,train
2016-08-22 01:00:00,Bear_public_Valorie,Bear,114.75,16.1,13.3,1013.9,4.1,3.3333333333333335,1,0,0,8,0.25881904510252074,0.9659258262890683,0.0,1.0,115.75,38.75,101.01875000000001,44.97919522087219,train
2016-08-22 02:00:00,Bear_public_Valorie,Bear,46.5,16.1,13.3,1013.6,4.1,2.0,2,0,0,8,0.49999999999999994,0.8660254037844387,0.0,1.0,114.75,39.0,101.33125000000001,44.55361648449839,train
2016-08-22 03:00:00,Bear_public_Valorie,Bear,40.25,15.6,12.8,1013.5,5.7,2.0,3,0,0,8,0.7071067811865476,0.7071067811865476,0.0,1.0,46.5,39.5,101.36250000000001,44.508602612547605,train
2016-08-22 04:00:00,Bear_public_Valorie,Bear,46.75,15.6,12.8,1013.5,3.6,2.0,4,0,0,8,0.8660254037844386,0.5000000000000001,0.0,1.0,40.25,45.75,101.40416666666668,44.454712951757195,train
2016-08-22 05:00:00,Bear_public_Valorie,Bear,57.25,15.6,13.3,1013.8,5.1,2.0,5,0,0,8,0.9659258262890683,0.25881904510252074,0.0,1.0,46.75,56.75,101.42500000000001,44.43298813699737,train
2016-08-22 06:00:00,Bear_public_Valorie,Bear,134.5,15.6,13.3,1013.8,2.6,2.0,6,0,0,8,1.0,6.123233995736766e-17,0.0,1.0,57.25,61.5,104.46666666666668,44.07828427840039,train
2016-08-22 07:00:00,Bear_public_Valorie,Bear,152.0,15.6,13.3,1014.3,4.1,2.666666666666667,7,0,0,8,0.9659258262890683,-0.25881904510252063,0.0,1.0,134.5,61.5,108.23750000000001,44.11379122323202,train
2016-08-22 08:00:00,Bear_public_Valorie,Bear,185.5,15.0,13.3,1014.8,4.1,2.5555555555555554,8,0,0,8,0.8660254037844387,-0.4999999999999998,0.0,1.0,152.0,60.0,113.46666666666668,45.561706047633514,train
2016-08-22 09:00:00,Bear_public_Valorie,Bear,227.75,15.0,12.8,1014.9,3.6,2.4444444444444446,9,0,0,8,0.7071067811865476,-0.7071067811865475,0.0,1.0,185.5,57.5,120.56041666666668,49.54825925772741,train
2016-08-22 10:00:00,Bear_public_Valorie,Bear,234.75,16.1,12.8,1015.1,2.6,2.3333333333333335,10,0,0,8,0.49999999999999994,-0.8660254037844387,0.0,1.0,227.75,57.75,127.93541666666668,52.85518665505345,train
2016-08-22 11:00:00,Bear_public_Valorie,Bear,249.25,16.7,13.3,1015.3,2.6,2.2222222222222223,11,0,0,8,0.258819045102521,-0.9659258262890682,0.0,1.0,234.75,59.0,135.8625,56.2260330583461,train
2016-08-22 12:00:00,Bear_public_Valorie,Bear,280.75,17.8,13.3,1015.4,2.1,2.111111111111111,12,0,0,8,1.2246467991473532e-16,-1.0,0.0,1.0,249.25,115.2,142.76041666666666,63.29191681882783,train
2016-08-22 13:00:00,Bear_public_Valorie,Bear,292.25,18.9,13.9,1014.6,5.1,2.0,13,0,0,8,-0.2588190451025208,-0.9659258262890683,0.0,1.0,280.75,170.75,147.82291666666666,70.11901680150771,train
2016-08-22 14:00:00,Bear_public_Valorie,Bear,292.5,20.0,13.9,1014.1,5.7,2.0,14,0,0,8,-0.4999999999999997,-0.8660254037844388,0.0,1.0,292.25,167.75,153.02083333333334,76.03474308365277,train
2016-08-22 15:00:00,Bear_public_Valorie,Bear,287.25,20.0,13.3,1014.1,8.8,2.0,15,0,0,8,-0.7071067811865471,-0.7071067811865479,0.0,1.0,292.5,166.75,158.04166666666666,80.80934576098748,train
2016-08-22 16:00:00,Bear_public_Valorie,Bear,292.25,19.4,13.3,1014.1,9.3,2.0,16,0,0,8,-0.8660254037844385,-0.5000000000000004,0.0,1.0,287.25,161.75,163.47916666666666,85.33361374076432,train
2016-08-22 17:00:00,Bear_public_Valorie,Bear,226.0,18.3,13.3,1014.0,10.3,4.0,17,0,0,8,-0.9659258262890683,-0.25881904510252063,0.0,1.0,292.25,158.0,166.3125,86.26757067403713,train
2016-08-22 18:00:00,Bear_public_Valorie,Bear,154.5,17.8,13.3,1014.3,8.2,4.0,18,0,0,8,-1.0,-1.8369701987210297e-16,0.0,1.0,226.0,135.75,167.09375,86.06341861939086,train
2016-08-22 19:00:00,Bear_public_Valorie,Bear,132.75,17.2,13.3,1014.2,5.1,4.0,19,0,0,8,-0.9659258262890684,0.2588190451025203,0.0,1.0,154.5,111.25,167.98958333333334,85.56733552305158,train
2016-08-22 20:00:00,Bear_public_Valorie,Bear,112.75,16.7,13.3,1014.8,3.6,4.0,20,0,0,8,-0.8660254037844386,0.5000000000000001,0.0,1.0,132.75,115.0,167.89583333333334,85.62912689726784,train
2016-08-22 21:00:00,Bear_public_Valorie,Bear,116.25,16.1,12.8,1015.2,6.7,4.0,21,0,0,8,-0.7071067811865477,0.7071067811865474,0.0,1.0,112.75,115.0,167.94791666666666,85.59592823407908,train
2016-08-22 22:00:00,Bear_public_Valorie,Bear,115.5,15.6,13.3,1015.6,4.1,4.0,22,0,0,8,-0.5000000000000004,0.8660254037844384,0.0,1.0,116.25,117.75,167.85416666666666,85.65451067676095,train
2016-08-22 23:00:00,Bear_public_Valorie,Bear,115.0,16.1,13.3,1015.7,5.7,4.0,23,0,0,8,-0.25881904510252157,0.9659258262890681,0.0,1.0,115.5,120.75,167.61458333333334,85.7999119275501,train
2016-08-23 00:00:00,Bear_public_Valorie,Bear,116.25,16.1,13.3,1015.9,5.7,4.0,0,1,0,8,0.0,1.0,0.7818314824680298,0.6234898018587336,115.0,115.75,167.63541666666666,85.78683070004371,train
2016-08-23 01:00:00,Bear_public_Valorie,Bear,116.0,16.1,13.3,1015.8,3.6,4.0,1,1,0,8,0.25881904510252074,0.9659258262890683,0.7818314824680298,0.6234898018587336,116.25,114.75,167.6875,85.75369969202237,train
2016-08-23 02:00:00,Bear_public_Valorie,Bear,47.25,15.6,13.3,1015.8,4.1,4.0,2,1,0,8,0.49999999999999994,0.8660254037844387,0.7818314824680298,0.6234898018587336,116.0,46.5,167.71875,85.70774128257528,train
2016-08-23 03:00:00,Bear_public_Valorie,Bear,39.25,16.1,12.8,1015.9,3.1,4.0,3,1,0,8,0.7071067811865476,0.7071067811865476,0.7818314824680298,0.6234898018587336,47.25,40.25,167.67708333333334,85.7726227974752,train
2016-08-23 04:00:00,Bear_public_Valorie,Bear,48.5,16.1,12.8,1016.0,2.6,4.0,4,1,0,8,0.8660254037844386,0.5000000000000001,0.7818314824680298,0.6234898018587336,39.25,46.75,167.75,85.66602872936774,train
2016-08-23 05:00:00,Bear_public_Valorie,Bear,60.75,16.1,12.8,1016.1,3.1,4.0,5,1,0,8,0.9659258262890683,0.25881904510252074,0.7818314824680298,0.6234898018587336,48.5,57.25,167.89583333333334,85.47250119275155,train
2016-08-23 06:00:00,Bear_public_Valorie,Bear,130.25,16.1,12.8,1016.6,2.1,4.0,6,1,0,8,1.0,6.123233995736766e-17,0.7818314824680298,0.6234898018587336,60.75,134.5,167.71875,85.5490678074132,train
2016-08-23 07:00:00,Bear_public_Valorie,Bear,150.0,16.1,12.8,1017.3,2.6,4.0,7,1,0,8,0.9659258262890683,-0.25881904510252063,0.7818314824680298,0.6234898018587336,130.25,152.0,167.63541666666666,85.56601758312829,train
2016-08-23 08:00:00,Bear_public_Valorie,Bear,181.75,16.7,12.8,1017.7,2.6,4.0,8,1,0,8,0.8660254037844387,-0.4999999999999998,0.7818314824680298,0.6234898018587336,150.0,185.5,167.47916666666666,85.53539556772695,train
2016-08-23 09:00:00,Bear_public_Valorie,Bear,232.75,17.2,12.8,1018.3,3.1,4.0,9,1,0,8,0.7071067811865476,-0.7071067811865475,0.7818314824680298,0.6234898018587336,181.75,227.75,167.6875,85.69451716264652,train
2016-08-23 10:00:00,Bear_public_Valorie,Bear,239.0,18.3,12.8,1018.7,3.1,4.0,10,1,0,8,0.49999999999999994,-0.8660254037844387,0.7818314824680298,0.6234898018587336,232.75,234.75,167.86458333333334,85.84338555355963,train
2016-08-23 11:00:00,Bear_public_Valorie,Bear,247.5,19.4,13.3,1019.0,3.6,4.0,11,1,0,8,0.258819045102521,-0.9659258262890682,0.7818314824680298,0.6234898018587336,239.0,249.25,167.79166666666666,85.77196342712995,train
2016-08-23 12:00:00,Bear_public_Valorie,Bear,256.0,20.0,13.3,1019.0,4.6,2.0,12,1,0,8,1.2246467991473532e-16,-1.0,0.7818314824680298,0.6234898018587336,247.5,280.75,166.76041666666666,84.49406588266449,train
2016-08-23 13:00:00,Bear_public_Valorie,Bear,280.0,21.1,13.3,1018.7,5.1,2.0,13,1,0,8,-0.2588190451025208,-0.9659258262890683,0.7818314824680298,0.6234898018587336,256.0,292.25,166.25,83.7366472158786,train
2016-08-23 14:00:00,Bear_public_Valorie,Bear,282.5,21.1,13.9,1018.5,6.2,2.0,14,1,0,8,-0.4999999999999997,-0.8660254037844388,0.7818314824680298,0.6234898018587336,280.0,292.5,165.83333333333334,83.10361090185866,train
2016-08-23 15:00:00,Bear_public_Valorie,Bear,277.5,20.6,13.9,1018.2,7.2,2.0,15,1,0,8,-0.7071067811865471,-0.7071067811865479,0.7818314824680298,0.6234898018587336,282.5,287.25,165.42708333333334,82.5059444224246,train
2016-08-23 16:00:00,Bear_public_Valorie,Bear,277.75,20.6,13.9,1018.0,7.7,2.0,16,1,0,8,-0.8660254037844385,-0.5000000000000004,0.7818314824680298,0.6234898018587336,277.5,292.25,164.82291666666666,81.58482779234005,train
2016-08-23 17:00:00,Bear_public_Valorie,Bear,224.25,19.4,13.9,1017.8,8.2,2.0,17,1,0,8,-0.9659258262890683,-0.25881904510252063,0.7818314824680298,0.6234898018587336,277.75,226.0,164.75,81.52853594854398,train
2016-08-23 18:00:00,Bear_public_Valorie,Bear,158.5,18.3,13.9,1017.7,7.2,2.0,18,1,0,8,-1.0,-1.8369701987210297e-16,0.7818314824680298,0.6234898018587336,224.25,154.5,164.91666666666666,81.51075771447833,train
2016-08-23 19:00:00,Bear_public_Valorie,Bear,132.75,17.2,13.9,1017.7,6.7,2.0,19,1,0,8,-0.9659258262890684,0.2588190451025203,0.7818314824680298,0.6234898018587336,158.5,132.75,164.91666666666666,81.51075771447833,train
2016-08-23 20:00:00,Bear_public_Valorie,Bear,127.25,16.7,13.9,1018.1,5.7,4.0,20,1,0,8,-0.8660254037844386,0.5000000000000001,0.7818314824680298,0.6234898018587336,132.75,112.75,165.52083333333334,81.16026538606324,train
2016-08-23 21:00:00,Bear_public_Valorie,Bear,121.5,16.1,13.3,1018.6,5.1,4.0,21,1,0,8,-0.7071067811865477,0.7071067811865474,0.7818314824680298,0.6234898018587336,127.25,116.25,165.73958333333334,81.02866103123311,train
2016-08-23 22:00:00,Bear_public_Valorie,Bear,122.25,15.6,13.3,1018.9,4.1,4.0,22,1,0,8,-0.5000000000000004,0.8660254037844384,0.7818314824680298,0.6234898018587336,121.5,115.5,166.02083333333334,80.85823331564647,train
2016-08-23 23:00:00,Bear_public_Valorie,Bear,122.0,15.6,13.3,1018.9,5.1,4.0,23,1,0,8,-0.25881904510252157,0.9659258262890681,0.7818314824680298,0.6234898018587336,122.25,115.0,166.3125,80.67861799866118,train
2016-08-24 00:00:00,Bear_public_Valorie,Bear,115.25,15.6,13.3,1018.8,2.6,4.0,0,2,0,8,0.0,1.0,0.9749279121818236,-0.22252093395631434,122.0,116.25,166.27083333333334,80.70585065353148,train
2016-08-24 01:00:00,Bear_public_Valorie,Bear,115.0,15.6,13.3,1018.9,3.1,4.0,1,2,0,8,0.25881904510252074,0.9659258262890683,0.9749279121818236,-0.22252093395631434,115.25,116.0,166.22916666666666,80.73318631881433,train
2016-08-24 02:00:00,Bear_public_Valorie,Bear,45.25,16.1,13.9,1018.7,3.1,4.0,2,2,0,8,0.49999999999999994,0.8660254037844387,0.9749279121818236,-0.22252093395631434,115.0,47.25,166.14583333333334,80.86226603824903,train
2016-08-24 03:00:00,Bear_public_Valorie,Bear,40.5,16.1,13.3,1018.6,3.6,4.0,3,2,0,8,0.7071067811865476,0.7071067811865476,0.9749279121818236,-0.22252093395631434,45.25,39.25,166.19791666666666,80.77733684422203,train
2016-08-24 04:00:00,Bear_public_Valorie,Bear,48.25,15.6,13.3,1018.5,3.1,2.0,4,2,0,8,0.8660254037844386,0.5000000000000001,0.9749279121818236,-0.22252093395631434,40.5,48.5,166.1875,80.79318908282985,train
2016-08-24 05:00:00,Bear_public_Valorie,Bear,57.75,15.0,12.8,1018.5,3.1,2.0,5,2,0,8,0.9659258262890683,0.25881904510252074,0.9749279121818236,-0.22252093395631434,48.25,60.75,166.0625,80.96554722199132,train
2016-08-24 06:00:00,Bear_public_Valorie,Bear,131.25,15.6,12.8,1018.4,2.6,4.0,6,2,0,8,1.0,6.123233995736766e-17,0.9749279121818236,-0.22252093395631434,57.75,130.25,166.10416666666666,80.94657110210653,train
2016-08-24 07:00:00,Bear_public_Valorie,Bear,144.5,15.6,12.8,1018.8,2.1,4.0,7,2,0,8,0.9659258262890683,-0.25881904510252063,0.9749279121818236,-0.22252093395631434,131.25,150.0,165.875,81.00191221575376,train
2016-08-24 08:00:00,Bear_public_Valorie,Bear,186.75,15.6,12.8,1019.5,3.6,4.0,8,2,0,8,0.8660254037844387,-0.4999999999999998,0.9749279121818236,-0.22252093395631434,144.5,181.75,166.08333333333334,81.05093227834205,train
2016-08-24 09:00:00,Bear_public_Valorie,Bear,234.75,15.6,12.8,1019.9,3.6,4.0,9,2,0,8,0.7071067811865476,-0.7071067811865475,0.9749279121818236,-0.22252093395631434,186.75,232.75,166.16666666666666,81.12345217477869,train
2016-08-24 10:00:00,Bear_public_Valorie,Bear,242.0,16.1,12.8,1020.0,3.6,4.0,10,2,0,8,0.49999999999999994,-0.8660254037844387,0.9749279121818236,-0.22252093395631434,234.75,239.0,166.29166666666666,81.24278117318244,train
2016-08-24 11:00:00,Bear_public_Valorie,Bear,241.0,16.7,12.8,1020.1,2.6,4.0,11,2,0,8,0.258819045102521,-0.9659258262890682,0.9749279121818236,-0.22252093395631434,242.0,247.5,166.02083333333334,80.97067090682546,train
2016-08-24 12:00:00,Bear_public_Valorie,Bear,251.25,17.8,13.3,1019.6,5.1,4.0,12,2,0,8,1.2246467991473532e-16,-1.0,0.9749279121818236,-0.22252093395631434,241.0,256.0,165.82291666666666,80.74666769159631,train
2016-08-24 13:00:00,Bear_public_Valorie,Bear,261.5,18.9,12.8,1018.8,4.6,2.0,13,2,0,8,-0.2588190451025208,-0.9659258262890683,0.9749279121818236,-0.22252093395631434,251.25,280.0,165.05208333333334,79.69070574682796,train
2016-08-24 14:00:00,Bear_public_Valorie,Bear,281.25,20.0,12.8,1018.1,5.7,2.0,14,2,0,8,-0.4999999999999997,-0.8660254037844388,0.9749279121818236,-0.22252093395631434,261.5,282.5,165.0,79.6109766847238,train
2016-08-24 15:00:00,Bear_public_Valorie,Bear,282.5,20.0,12.8,1017.3,6.2,2.0,15,2,0,8,-0.7071067811865471,-0.7071067811865479,0.9749279121818236,-0.22252093395631434,281.25,277.5,165.20833333333334,79.92410349100302,train
2016-08-24 16:00:00,Bear_public_Valorie,Bear,281.0,20.0,13.3,1016.7,6.2,2.0,16,2,0,8,-0.8660254037844385,-0.5000000000000004,0.9749279121818236,-0.22252093395631434,282.5,277.75,165.34375,80.12557442309178,train
2016-08-24 17:00:00,Bear_public_Valorie,Bear,278.75,19.4,13.3,1016.2,9.3,2.0,17,2,0,8,-0.9659258262890683,-0.25881904510252063,0.9749279121818236,-0.22252093395631434,281.0,224.25,167.61458333333334,82.60164947185376,train
2016-08-24 18:00:00,Bear_public_Valorie,Bear,262.5,18.3,12.8,1015.6,6.7,2.0,18,2,0,8,-1.0,-1.8369701987210297e-16,0.9749279121818236,-0.22252093395631434,278.75,158.5,171.94791666666666,84.80136570778673,train
2016-08-24 19:00:00,Bear_public_Valorie,Bear,245.0,17.2,12.8,1015.3,6.2,2.0,19,2,0,8,-0.9659258262890684,0.2588190451025203,0.9749279121818236,-0.22252093395631434,262.5,132.75,176.625,85.63684066020221,train
2016-08-24 20:00:00,Bear_public_Valorie,Bear,237.0,15.6,12.8,1015.7,7.2,2.0,20,2,0,8,-0.8660254037844386,0.5000000000000001,0.9749279121818236,-0.22252093395631434,245.0,127.25,181.19791666666666,85.81571443096594,train
2016-08-24 21:00:00,Bear_public_Valorie,Bear,226.5,15.0,12.8,1015.9,4.6,2.0,21,2,0,8,-0.7071067811865477,0.7071067811865474,0.9749279121818236,-0.22252093395631434,237.0,121.5,185.57291666666666,85.31496884201795,train
2016-08-24 22:00:00,Bear_public_Valorie,Bear,220.0,15.6,13.3,1016.0,5.7,2.0,22,2,0,8,-0.5000000000000004,0.8660254037844384,0.9749279121818236,-0.22252093395631434,226.5,122.25,189.64583333333334,84.48980246760253,train
2016-08-24 23:00:00,Bear_public_Valorie,Bear,220.5,15.0,12.8,1015.9,5.1,2.0,23,2,0,8,-0.25881904510252157,0.9659258262890681,0.9749279121818236,-0.22252093395631434,220.0,122.0,193.75,83.44690449360732,train
2016-08-25 00:00:00,Bear_public_Valorie,Bear,216.5,15.0,12.8,1015.7,4.6,2.0,0,3,0,8,0.0,1.0,0.43388373911755823,-0.900968867902419,220.5,115.25,197.96875,81.84981980870452,train
2016-08-25 01:00:00,Bear_public_Valorie,Bear,217.0,15.0,12.8,1015.3,3.1,2.0,1,3,0,8,0.25881904510252074,0.9659258262890683,0.43388373911755823,-0.900968867902419,216.5,115.0,202.21875,79.9812244441592,train
2016-08-25 02:00:00,Bear_public_Valorie,Bear,161.75,15.0,12.8,1014.8,2.1,2.0,2,3,0,8,0.49999999999999994,0.8660254037844387,0.43388373911755823,-0.900968867902419,217.0,45.25,207.07291666666666,73.29628227591787,train
2016-08-25 03:00:00,Bear_public_Valorie,Bear,136.0,15.0,12.8,1014.6,3.1,2.0,3,3,0,8,0.7071067811865476,0.7071067811865476,0.43388373911755823,-0.900968867902419,161.75,40.5,211.05208333333334,66.09898617779174,train
2016-08-25 04:00:00,Bear_public_Valorie,Bear,141.5,14.4,12.2,1014.5,0.0,2.0,4,3,0,8,0.8660254037844386,0.5000000000000001,0.43388373911755823,-0.900968867902419,136.0,48.25,214.9375,58.40615149629977,train
2016-08-25 05:00:00,Bear_public_Valorie,Bear,152.5,14.4,12.2,1014.3,3.1,2.0,5,3,0,8,0.9659258262890683,0.25881904510252074,0.43388373911755823,-0.900968867902419,141.5,57.75,218.88541666666666,49.902458071301446,train
2016-08-25 06:00:00,Bear_public_Valorie,Bear,204.75,14.4,12.2,1014.5,3.1,2.0,6,3,0,8,1.0,6.123233995736766e-17,0.43388373911755823,-0.900968867902419,152.5,131.25,221.94791666666666,46.4246104129349,train
2016-08-25 07:00:00,Bear_public_Valorie,Bear,235.25,13.9,12.2,1015.0,3.1,2.0,7,3,0,8,0.9659258262890683,-0.25881904510252063,0.43388373911755823,-0.900968867902419,204.75,144.5,225.72916666666666,43.44223530127161,train
2016-08-25 08:00:00,Bear_public_Valorie,Bear,229.5,13.9,11.7,1015.5,2.1,2.0,8,3,0,8,0.8660254037844387,-0.4999999999999998,0.43388373911755823,-0.900968867902419,235.25,186.75,227.51041666666666,42.64358603886004,train
2016-08-25 09:00:00,Bear_public_Valorie,Bear,228.0,14.4,12.2,1015.5,2.6,2.0,9,3,0,8,0.7071067811865476,-0.7071067811865475,0.43388373911755823,-0.900968867902419,229.5,234.75,227.22916666666666,42.61601280154544,train
2016-08-25 10:00:00,Bear_public_Valorie,Bear,234.0,15.0,12.2,1015.4,2.6,2.0,10,3,0,8,0.49999999999999994,-0.8660254037844387,0.43388373911755823,-0.900968867902419,228.0,242.0,226.89583333333334,42.52664872111733,train
2016-08-25 11:00:00,Bear_public_Valorie,Bear,238.5,15.6,12.8,1015.3,2.6,2.0,11,3,0,8,0.258819045102521,-0.9659258262890682,0.43388373911755823,-0.900968867902419,234.0,241.0,226.79166666666666,42.493648289215784,train
2016-08-25 12:00:00,Bear_public_Valorie,Bear,248.75,16.7,12.8,1015.0,2.1,2.0,12,3,0,8,1.2246467991473532e-16,-1.0,0.43388373911755823,-0.900968867902419,238.5,251.25,226.6875,42.43410812788141,train
2016-08-25 13:00:00,Bear_public_Valorie,Bear,254.0,17.8,12.8,1014.3,4.1,2.0,13,3,0,8,-0.2588190451025208,-0.9659258262890683,0.43388373911755823,-0.900968867902419,248.75,261.5,226.375,42.1935241270613,train
2016-08-25 14:00:00,Bear_public_Valorie,Bear,263.5,19.4,13.9,1013.7,5.7,2.0,14,3,0,8,-0.4999999999999997,-0.8660254037844388,0.43388373911755823,-0.900968867902419,254.0,281.25,225.63541666666666,41.33669934649298,train
2016-08-25 15:00:00,Bear_public_Valorie,Bear,263.75,19.4,13.3,1013.1,6.2,2.0,15,3,0,8,-0.7071067811865471,-0.7071067811865479,0.43388373911755823,-0.900968867902419,263.5,282.5,224.85416666666666,40.38139615958238,train
2016-08-25 16:00:00,Bear_public_Valorie,Bear,262.0,19.4,13.9,1012.6,6.7,2.0,16,3,0,8,-0.8660254037844385,-0.5000000000000004,0.43388373911755823,-0.900968867902419,263.75,281.0,224.0625,39.40731075960881,train
2016-08-25 17:00:00,Bear_public_Valorie,Bear,257.25,18.9,13.9,1012.1,6.2,2.0,17,3,0,8,-0.9659258262890683,-0.25881904510252063,0.43388373911755823,-0.900968867902419,262.0,278.75,223.16666666666666,38.33998839521159,train
2016-08-25 18:00:00,Bear_public_Valorie,Bear,247.75,18.3,13.3,1012.0,6.7,2.0,18,3,0,8,-1.0,-1.8369701987210297e-16,0.43388373911755823,-0.900968867902419,257.25,262.5,222.55208333333334,37.79643553232641,train
2016-08-25 19:00:00,Bear_public_Valorie,Bear,246.5,17.8,13.3,1012.1,6.2,4.0,19,3,0,8,-0.9659258262890684,0.2588190451025203,0.43388373911755823,-0.900968867902419,247.75,245.0,222.61458333333334,37.836388280063694,train
2016-08-25 20:00:00,Bear_public_Valorie,Bear,240.25,16.7,13.3,1012.4,6.2,3.8823529411764706,20,3,0,8,-0.8660254037844386,0.5000000000000001,0.43388373911755823,-0.900968867902419,246.5,237.0,222.75,37.89588138686034,train
2016-08-25 21:00:00,Bear_public_Valorie,Bear,234.0,16.7,13.3,1012.9,5.1,3.764705882352941,21,3,0,8,-0.7071067811865477,0.7071067811865474,0.43388373911755823,-0.900968867902419,240.25,226.5,223.0625,37.959020380680286,train
2016-08-25 22:00:00,Bear_public_Valorie,Bear,230.5,16.7,13.3,1013.1,4.6,3.6470588235294117,22,3,0,8,-0.5000000000000004,0.8660254037844384,0.43388373911755823,-0.900968867902419,234.0,220.0,223.5,37.982690565686994,train
2016-08-25 23:00:00,Bear_public_Valorie,Bear,230.5,17.2,13.9,1012.8,4.6,3.5294117647058822,23,3,0,8,-0.25881904510252157,0.9659258262890681,0.43388373911755823,-0.900968867902419,230.5,220.5,223.91666666666666,38.00319399238991,train
2016-08-26 00:00:00,Bear_public_Valorie,Bear,232.5,16.7,13.9,1012.4,3.1,3.411764705882353,0,4,0,8,0.0,1.0,-0.433883739117558,-0.9009688679024191,230.5,216.5,224.58333333333334,38.007769991281755,train
2016-08-26 01:00:00,Bear_public_Valorie,Bear,229.25,16.7,13.3,1012.3,2.6,3.2941176470588234,1,4,0,8,0.25881904510252074,0.9659258262890683,-0.433883739117558,-0.9009688679024191,232.5,217.0,225.09375,37.98375027990417,train
2016-08-26 02:00:00,Bear_public_Valorie,Bear,162.25,17.2,13.9,1012.2,2.1,2.0,2,4,0,8,0.49999999999999994,0.8660254037844387,-0.433883739117558,-0.9009688679024191,229.25,161.75,225.11458333333334,37.947616867279436,train
2016-08-26 03:00:00,Bear_public_Valorie,Bear,136.0,16.7,13.3,1012.2,3.6,2.0,3,4,0,8,0.7071067811865476,0.7071067811865476,-0.433883739117558,-0.9009688679024191,162.25,136.0,225.11458333333334,37.947616867279436,train
2016-08-26 04:00:00,Bear_public_Valorie,Bear,141.75,16.7,13.3,1012.2,2.1,2.0,4,4,0,8,0.8660254037844386,0.5000000000000001,-0.433883739117558,-0.9009688679024191,136.0,141.5,225.125,37.92369340846384,train
2016-08-26 05:00:00,Bear_public_Valorie,Bear,153.5,16.7,12.8,1012.3,3.1,2.0,5,4,0,8,0.9659258262890683,0.25881904510252074,-0.433883739117558,-0.9009688679024191,141.75,152.5,225.16666666666666,37.84089019849462,train
2016-08-26 06:00:00,Bear_public_Valorie,Bear,211.0,17.2,13.3,1012.6,3.6,2.7058823529411766,6,4,0,8,1.0,6.123233995736766e-17,-0.433883739117558,-0.9009688679024191,153.5,204.75,225.42708333333334,37.71557451091578,train
2016-08-26 07:00:00,Bear_public_Valorie,Bear,179.4,17.2,12.8,1013.0,2.6,2.588235294117647,7,4,0,8,0.9659258262890683,-0.25881904510252063,-0.433883739117558,-0.9009688679024191,211.0,235.25,223.1,38.79081020708089,train
2016-08-26 08:00:00,Bear_public_Valorie,Bear,165.25,17.2,13.3,1013.6,3.6,2.4705882352941178,8,4,0,8,0.8660254037844387,-0.4999999999999998,-0.433883739117558,-0.9009688679024191,179.4,229.5,220.42291666666665,40.508925423285476,train
2016-08-26 09:00:00,Bear_public_Valorie,Bear,247.75,17.8,13.3,1013.9,3.1,2.3529411764705883,9,4,0,8,0.7071067811865476,-0.7071067811865475,-0.433883739117558,-0.9009688679024191,165.25,228.0,221.2458333333333,40.86855099150149,train
2016-08-26 10:00:00,Bear_public_Valorie,Bear,250.25,17.8,12.8,1014.2,3.1,2.235294117647059,10,4,0,8,0.49999999999999994,-0.8660254037844387,-0.433883739117558,-0.9009688679024191,247.75,234.0,221.92291666666665,41.22212095878389,train
2016-08-26 11:00:00,Bear_public_Valorie,Bear,262.5,18.3,12.8,1014.4,2.6,2.1176470588235294,11,4,0,8,0.258819045102521,-0.9659258262890682,-0.433883739117558,-0.9009688679024191,250.25,238.5,222.92291666666665,41.92682802829859,train
2016-08-26 12:00:00,Bear_public_Valorie,Bear,267.75,21.1,13.3,1014.5,1.5,2.0,12,4,0,8,1.2246467991473532e-16,-1.0,-0.433883739117558,-0.9009688679024191,262.5,248.75,223.7145833333333,42.6095225098161,train
2016-08-26 13:00:00,Bear_public_Valorie,Bear,281.25,21.7,13.3,1014.4,3.1,2.0,13,4,0,8,-0.2588190451025208,-0.9659258262890683,-0.433883739117558,-0.9009688679024191,267.75,254.0,224.85,43.79811391611206,train
2016-08-26 14:00:00,Bear_public_Valorie,Bear,287.0,22.8,13.9,1014.3,4.1,2.0,14,4,0,8,-0.4999999999999997,-0.8660254037844388,-0.433883739117558,-0.9009688679024191,281.25,263.5,225.82916666666665,44.94736515145247,train
2016-08-26 15:00:00,Bear_public_Valorie,Bear,285.25,22.2,13.9,1014.1,3.6,2.0,15,4,0,8,-0.7071067811865471,-0.7071067811865479,-0.433883739117558,-0.9009688679024191,287.0,263.75,226.725,45.93932435005074,train
2016-08-26 16:00:00,Bear_public_Valorie,Bear,285.5,22.2,14.4,1013.7,3.6,2.0,16,4,0,8,-0.8660254037844385,-0.5000000000000004,-0.433883739117558,-0.9009688679024191,285.25,262.0,227.70416666666665,46.962917648480975,train
2016-08-26 17:00:00,Bear_public_Valorie,Bear,282.0,22.2,14.4,1013.6,5.1,2.0,17,4,0,8,-0.9659258262890683,-0.25881904510252063,-0.433883739117558,-0.9009688679024191,285.5,257.25,228.73541666666665,47.90226344649214,train
2016-08-26 18:00:00,Bear_public_Valorie,Bear,279.5,21.1,14.4,1013.3,6.2,2.0,18,4,0,8,-1.0,-1.8369701987210297e-16,-0.433883739117558,-0.9009688679024191,282.0,247.75,230.0583333333333,48.87868893376841,train
2016-08-26 19:00:00,Bear_public_Valorie,Bear,277.5,20.0,14.4,1013.5,7.2,2.0,19,4,0,8,-0.9659258262890684,0.2588190451025203,-0.433883739117558,-0.9009688679024191,279.5,246.5,231.35,49.73418254122124,train
2016-08-26 20:00:00,Bear_public_Valorie,Bear,274.5,18.3,13.9,1013.7,6.2,2.0,20,4,0,8,-0.8660254037844386,0.5000000000000001,-0.433883739117558,-0.9009688679024191,277.5,240.25,232.7770833333333,50.48636488151344,train
2016-08-26 21:00:00,Bear_public_Valorie,Bear,267.5,17.8,13.3,1014.4,5.7,2.0,21,4,0,8,-0.7071067811865477,0.7071067811865474,-0.433883739117558,-0.9009688679024191,274.5,234.0,234.17291666666665,50.98230933408441,train
2016-08-26 22:00:00,Bear_public_Valorie,Bear,155.5,17.8,13.3,1014.8,4.6,2.0,22,4,0,8,-0.5000000000000004,0.8660254037844384,-0.433883739117558,-0.9009688679024191,267.5,230.5,231.04791666666665,53.45581978965522,train
2016-08-26 23:00:00,Bear_public_Valorie,Bear,56.75,17.2,13.3,1015.0,4.1,2.0,23,4,0,8,-0.25881904510252157,0.9659258262890681,-0.433883739117558,-0.9009688679024191,155.5,230.5,223.8083333333333,64.21589039879598,train
2016-08-27 00:00:00,Bear_public_Valorie,Bear,57.25,17.8,13.3,1015.0,2.6,2.0,0,5,1,8,0.0,1.0,-0.9749279121818236,-0.2225209339563146,56.75,232.5,216.50625,72.60108292475984,train
2016-08-27 01:00:00,Bear_public_Valorie,Bear,57.75,17.8,13.3,1015.0,4.6,2.0,1,5,1,8,0.25881904510252074,0.9659258262890683,-0.9749279121818236,-0.2225209339563146,57.25,229.25,209.36041666666665,79.4127166182371,train
2016-08-27 02:00:00,Bear_public_Valorie,Bear,57.25,17.8,13.3,1014.9,5.1,2.0,2,5,1,8,0.49999999999999994,0.8660254037844387,-0.9749279121818236,-0.2225209339563146,57.75,162.25,204.98541666666665,84.82861043094452,train
2016-08-27 03:00:00,Bear_public_Valorie,Bear,56.25,17.8,13.3,1015.0,5.7,2.0,3,5,1,8,0.7071067811865476,0.7071067811865476,-0.9749279121818236,-0.2225209339563146,57.25,136.0,201.6625,89.10271948467812,train
2016-08-27 04:00:00,Bear_public_Valorie,Bear,62.25,17.8,12.8,1014.8,5.1,2.0,4,5,1,8,0.8660254037844386,0.5000000000000001,-0.9749279121818236,-0.2225209339563146,56.25,141.75,198.35,92.82680694151091,train
2016-08-27 05:00:00,Bear_public_Valorie,Bear,72.25,17.2,12.8,1014.8,2.1,2.0,5,5,1,8,0.9659258262890683,0.25881904510252074,-0.9749279121818236,-0.2225209339563146,62.25,153.5,194.9645833333333,95.9622644122324,train
2016-08-27 06:00:00,Bear_public_Valorie,Bear,130.75,17.2,12.8,1015.0,1.5,2.0,6,5,1,8,1.0,6.123233995736766e-17,-0.9749279121818236,-0.2225209339563146,72.25,211.0,191.6208333333333,96.7739262816748,train
2016-08-27 07:00:00,Bear_public_Valorie,Bear,154.25,17.2,12.8,1015.3,0.0,2.0,7,5,1,8,0.9659258262890683,-0.25881904510252063,-0.9749279121818236,-0.2225209339563146,130.75,179.4,190.57291666666666,97.04779411865637,train
2016-08-27 08:00:00,Bear_public_Valorie,Bear,171.5,17.2,12.8,1015.7,3.6,2.0,8,5,1,8,0.8660254037844387,-0.4999999999999998,-0.9749279121818236,-0.2225209339563146,154.25,165.25,190.83333333333334,96.98525399643823,train
2016-08-27 09:00:00,Bear_public_Valorie,Bear,245.0,17.2,12.8,1015.9,3.1,2.0,9,5,1,8,0.7071067811865476,-0.7071067811865475,-0.9749279121818236,-0.2225209339563146,171.5,247.75,190.71875,96.91668633250895,train
2016-08-27 10:00:00,Bear_public_Valorie,Bear,252.0,17.8,12.8,1016.4,2.1,2.0,10,5,1,8,0.49999999999999994,-0.8660254037844387,-0.9749279121818236,-0.2225209339563146,245.0,250.25,190.79166666666666,96.96406961911954,train
2016-08-27 11:00:00,Bear_public_Valorie,Bear,255.5,18.3,12.8,1016.8,1.5,2.0,11,5,1,8,0.258819045102521,-0.9659258262890682,-0.9749279121818236,-0.2225209339563146,252.0,262.5,190.5,96.74928378568747,train
2016-08-27 12:00:00,Bear_public_Valorie,Bear,263.5,19.4,12.8,1016.8,0.0,2.0,12,5,1,8,1.2246467991473532e-16,-1.0,-0.9749279121818236,-0.2225209339563146,255.5,267.75,190.32291666666666,96.60552574344118,train
2016-08-27 13:00:00,Bear_public_Valorie,Bear,276.5,21.7,13.3,1016.6,3.1,2.0,13,5,1,8,-0.2588190451025208,-0.9659258262890683,-0.9749279121818236,-0.2225209339563146,263.5,281.25,190.125,96.41582271372903,train
2016-08-27 14:00:00,Bear_public_Valorie,Bear,285.5,21.7,13.3,1016.3,5.7,2.0,14,5,1,8,-0.4999999999999997,-0.8660254037844388,-0.9749279121818236,-0.2225209339563146,276.5,287.0,190.0625,96.35075894874939,train
2016-08-27 15:00:00,Bear_public_Valorie,Bear,287.5,21.1,13.9,1015.9,6.7,2.0,15,5,1,8,-0.7071067811865471,-0.7071067811865479,-0.9749279121818236,-0.2225209339563146,285.5,285.25,190.15625,96.44844907412643,train
2016-08-27 16:00:00,Bear_public_Valorie,Bear,286.75,21.7,13.3,1015.7,7.2,2.0,16,5,1,8,-0.8660254037844385,-0.5000000000000004,-0.9749279121818236,-0.2225209339563146,287.5,285.5,190.20833333333334,96.50249677629063,train
2016-08-27 17:00:00,Bear_public_Valorie,Bear,273.5,21.1,12.8,1015.3,7.2,2.0,17,5,1,8,-0.9659258262890683,-0.25881904510252063,-0.9749279121818236,-0.2225209339563146,286.75,282.0,189.85416666666666,96.16598299935325,train
2016-08-27 18:00:00,Bear_public_Valorie,Bear,270.5,20.0,12.8,1015.5,7.7,2.0,18,5,1,8,-1.0,-1.8369701987210297e-16,-0.9749279121818236,-0.2225209339563146,273.5,279.5,189.47916666666666,95.81812812582096,train
2016-08-27 19:00:00,Bear_public_Valorie,Bear,266.25,19.4,12.8,1015.3,6.7,2.0,19,5,1,8,-0.9659258262890684,0.2588190451025203,-0.9749279121818236,-0.2225209339563146,270.5,277.5,189.01041666666666,95.3953865660165,train
2016-08-27 20:00:00,Bear_public_Valorie,Bear,264.5,17.8,12.8,1015.6,6.7,2.0,20,5,1,8,-0.8660254037844386,0.5000000000000001,-0.9749279121818236,-0.2225209339563146,266.25,274.5,188.59375,95.02687870613474,train
2016-08-27 21:00:00,Bear_public_Valorie,Bear,257.25,17.2,12.8,1016.2,5.7,2.0,21,5,1,8,-0.7071067811865477,0.7071067811865474,-0.9749279121818236,-0.2225209339563146,264.5,267.5,188.16666666666666,94.67922579479333,train
2016-08-27 22:00:00,Bear_public_Valorie,Bear,148.75,17.2,12.8,1016.8,5.1,2.0,22,5,1,8,-0.5000000000000004,0.8660254037844384,-0.9749279121818236,-0.2225209339563146,257.25,155.5,187.88541666666666,94.79044333499522,train
2016-08-27 23:00:00,Bear_public_Valorie,Bear,56.5,17.2,12.8,1017.1,5.1,2.0,23,5,1,8,-0.25881904510252157,0.9659258262890681,-0.9749279121818236,-0.2225209339563146,148.75,56.75,187.875,94.80549309897154,train
2016-08-28 00:00:00,Bear_public_Valorie,Bear,56.0,16.7,12.8,1017.2,4.6,4.0,0,6,1,8,0.0,1.0,-0.7818314824680299,0.6234898018587334,56.5,57.25,187.82291666666666,94.8806882114112,train
2016-08-28 01:00:00,Bear_public_Valorie,Bear,47.75,17.2,12.8,1017.3,4.6,3.8181818181818183,1,6,1,8,0.25881904510252074,0.9659258262890683,-0.7818314824680299,0.6234898018587334,56.0,57.75,187.40625,95.49669390191296,train
2016-08-28 02:00:00,Bear_public_Valorie,Bear,39.0,17.2,12.8,1017.5,5.7,3.6363636363636362,2,6,1,8,0.49999999999999994,0.8660254037844387,-0.7818314824680299,0.6234898018587334,47.75,57.25,186.64583333333334,96.64392614202372,train
2016-08-28 03:00:00,Bear_public_Valorie,Bear,40.0,17.2,12.2,1017.5,5.1,3.4545454545454546,3,6,1,8,0.7071067811865476,0.7071067811865476,-0.7818314824680299,0.6234898018587334,39.0,56.25,185.96875,97.64889167929998,train
2016-08-28 04:00:00,Bear_public_Valorie,Bear,43.5,16.7,12.2,1017.6,4.1,3.2727272727272725,4,6,1,8,0.8660254037844386,0.5000000000000001,-0.7818314824680299,0.6234898018587334,40.0,62.25,185.1875,98.75054347676537,train
2016-08-28 05:00:00,Bear_public_Valorie,Bear,56.0,16.7,12.2,1017.7,3.6,3.090909090909091,5,6,1,8,0.9659258262890683,0.25881904510252074,-0.7818314824680299,0.6234898018587334,43.5,72.25,184.51041666666666,99.6105317672247,train
2016-08-28 06:00:00,Bear_public_Valorie,Bear,57.75,16.7,11.7,1018.0,2.6,2.909090909090909,6,6,1,8,1.0,6.123233995736766e-17,-0.7818314824680299,0.6234898018587334,56.0,130.75,181.46875,102.39903066425124,train
2016-08-28 07:00:00,Bear_public_Valorie,Bear,60.25,16.7,11.7,1018.3,2.1,2.7272727272727275,7,6,1,8,0.9659258262890683,-0.25881904510252063,-0.7818314824680299,0.6234898018587334,57.75,154.25,177.55208333333334,105.24358338301249,train
2016-08-28 08:00:00,Bear_public_Valorie,Bear,60.25,16.7,11.7,1018.7,3.6,2.5454545454545454,8,6,1,8,0.8660254037844387,-0.4999999999999998,-0.7818314824680299,0.6234898018587334,60.25,171.5,172.91666666666666,107.93724693247607,train
2016-08-28 09:00:00,Bear_public_Valorie,Bear,61.25,17.2,11.7,1019.1,1.5,2.3636363636363633,9,6,1,8,0.7071067811865476,-0.7071067811865475,-0.7818314824680299,0.6234898018587334,60.25,245.0,165.26041666666666,109.11241408984812,train
2016-08-28 10:00:00,Bear_public_Valorie,Bear,138.75,17.8,12.2,1019.3,3.1,2.1818181818181817,10,6,1,8,0.49999999999999994,-0.8660254037844387,-0.7818314824680299,0.6234898018587334,61.25,252.0,160.54166666666666,107.63698720464421,train
2016-08-28 11:00:00,Bear_public_Valorie,Bear,157.5,18.3,12.2,1019.1,3.1,2.0,11,6,1,8,0.258819045102521,-0.9659258262890682,-0.7818314824680299,0.6234898018587334,138.75,255.5,156.45833333333334,105.71980673569107,train
2016-08-28 12:00:00,Bear_public_Valorie,Bear,229.5,19.4,12.2,1019.0,2.6,2.0,12,6,1,8,1.2246467991473532e-16,-1.0,-0.7818314824680299,0.6234898018587334,157.5,263.5,155.04166666666666,104.44315769070649,train
2016-08-28 13:00:00,Bear_public_Valorie,Bear,273.0,21.7,12.8,1018.8,3.6,2.0,13,6,1,8,-0.2588190451025208,-0.9659258262890683,-0.7818314824680299,0.6234898018587334,229.5,276.5,154.89583333333334,104.26849008862794,train
2016-08-28 14:00:00,Bear_public_Valorie,Bear,279.25,21.7,12.8,1018.6,5.7,2.0,14,6,1,8,-0.4999999999999997,-0.8660254037844388,-0.7818314824680299,0.6234898018587334,273.0,285.5,154.63541666666666,103.93538908459742,train
2016-08-28 15:00:00,Bear_public_Valorie,Bear,279.0,22.2,12.2,1018.2,6.7,2.0,15,6,1,8,-0.7071067811865471,-0.7071067811865479,-0.7818314824680299,0.6234898018587334,279.25,287.5,154.28125,103.47642854093363,train
2016-08-28 16:00:00,Bear_public_Valorie,Bear,279.0,21.7,12.8,1017.9,7.7,2.0,16,6,1,8,-0.8660254037844385,-0.5000000000000004,-0.7818314824680299,0.6234898018587334,279.0,286.75,153.95833333333334,103.05630232681234,train
2016-08-28 17:00:00,Bear_public_Valorie,Bear,277.75,21.1,12.8,1017.5,7.2,2.0,17,6,1,8,-0.9659258262890683,-0.25881904510252063,-0.7818314824680299,0.6234898018587334,279.0,273.5,154.13541666666666,103.27406497020924,train
2016-08-28 18:00:00,Bear_public_Valorie,Bear,275.75,20.6,12.8,1017.4,7.2,2.0,18,6,1,8,-1.0,-1.8369701987210297e-16,-0.7818314824680299,0.6234898018587334,277.75,270.5,154.35416666666666,103.53648581503779,train
2016-08-28 19:00:00,Bear_public_Valorie,Bear,274.25,19.4,12.8,1017.2,6.2,2.0,19,6,1,8,-0.9659258262890684,0.2588190451025203,-0.7818314824680299,0.6234898018587334,275.75,266.25,154.6875,103.92454542264947,train
2016-08-28 20:00:00,Bear_public_Valorie,Bear,274.0,17.8,13.3,1017.6,6.2,2.0,20,6,1,8,-0.8660254037844386,0.5000000000000001,-0.7818314824680299,0.6234898018587334,274.25,264.5,155.08333333333334,104.37809268176942,train
2016-08-28 21:00:00,Bear_public_Valorie,Bear,253.25,17.2,12.8,1017.8,5.1,2.0,21,6,1,8,-0.7071067811865477,0.7071067811865474,-0.7818314824680299,0.6234898018587334,274.0,257.25,154.91666666666666,104.2109239315469,train
2016-08-28 22:00:00,Bear_public_Valorie,Bear,246.5,16.7,12.8,1018.5,7.2,2.0,22,6,1,8,-0.5000000000000004,0.8660254037844384,-0.7818314824680299,0.6234898018587334,253.25,148.75,158.98958333333334,105.85663703408802,train
2016-08-28 23:00:00,Bear_public_Valorie,Bear,238.25,16.1,12.8,1018.7,5.7,2.0,23,6,1,8,-0.25881904510252157,0.9659258262890681,-0.7818314824680299,0.6234898018587334,246.5,56.5,166.5625,104.70064080406864,train
2016-08-29 00:00:00,Bear_public_Valorie,Bear,234.25,16.1,12.2,1018.6,5.1,2.0,0,0,0,8,0.0,1.0,0.0,1.0,238.25,56.0,173.98958333333334,102.82209411867314,train
2016-08-29 01:00:00,Bear_public_Valorie,Bear,232.0,15.6,12.2,1018.8,5.1,2.0,1,0,0,8,0.25881904510252074,0.9659258262890683,0.0,1.0,234.25,47.75,181.66666666666666,99.82138033014019,train
2016-08-29 02:00:00,Bear_public_Valorie,Bear,127.75,15.6,11.7,1018.6,5.1,4.0,2,0,0,8,0.49999999999999994,0.8660254037844387,0.0,1.0,232.0,39.0,185.36458333333334,95.87222529193502,train
2016-08-29 03:00:00,Bear_public_Valorie,Bear,40.75,15.6,12.2,1018.8,4.1,4.0,3,0,0,8,0.7071067811865476,0.7071067811865476,0.0,1.0,127.75,40.0,185.39583333333334,95.82289246842062,train
2016-08-29 04:00:00,Bear_public_Valorie,Bear,45.75,15.6,12.2,1019.0,4.6,4.0,4,0,0,8,0.8660254037844386,0.5000000000000001,0.0,1.0,40.75,43.5,185.48958333333334,95.67902293739016,train
2016-08-29 05:00:00,Bear_public_Valorie,Bear,58.0,15.6,12.2,1018.8,4.6,4.0,5,0,0,8,0.9659258262890683,0.25881904510252074,0.0,1.0,45.75,56.0,185.57291666666666,95.56213773971398,train
2016-08-29 06:00:00,Bear_public_Valorie,Bear,146.5,15.6,12.2,1019.1,4.6,4.0,6,0,0,8,1.0,6.123233995736766e-17,0.0,1.0,58.0,57.75,189.27083333333334,92.05353229491537,train
2016-08-29 07:00:00,Bear_public_Valorie,Bear,165.0,15.6,11.7,1019.2,5.1,4.0,7,0,0,8,0.9659258262890683,-0.25881904510252063,0.0,1.0,146.5,60.25,193.63541666666666,88.06719825516483,train
2016-08-29 08:00:00,Bear_public_Valorie,Bear,187.0,15.0,12.2,1019.7,4.1,4.0,8,0,0,8,0.8660254037844387,-0.4999999999999998,0.0,1.0,165.0,60.25,198.91666666666666,83.39718568219291,train
2016-08-29 09:00:00,Bear_public_Valorie,Bear,245.5,15.6,12.2,1020.2,5.1,4.0,9,0,0,8,0.7071067811865476,-0.7071067811865475,0.0,1.0,187.0,61.25,206.59375,78.51072387634049,train
2016-08-29 10:00:00,Bear_public_Valorie,Bear,254.75,16.7,12.2,1019.9,2.6,4.0,10,0,0,8,0.49999999999999994,-0.8660254037844387,0.0,1.0,245.5,138.75,211.42708333333334,77.71913196717982,train
2016-08-29 11:00:00,Bear_public_Valorie,Bear,270.5,17.8,12.2,1019.8,3.1,4.0,11,0,0,8,0.258819045102521,-0.9659258262890682,0.0,1.0,254.75,157.5,216.13541666666666,77.73295909878675,train
2016-08-29 12:00:00,Bear_public_Valorie,Bear,291.0,18.3,12.2,1019.2,3.1,4.0,12,0,0,8,1.2246467991473532e-16,-1.0,0.0,1.0,270.5,229.5,218.69791666666666,79.19266473383101,train
2016-08-29 13:00:00,Bear_public_Valorie,Bear,292.25,19.4,12.8,1018.7,4.1,2.0,13,0,0,8,-0.2588190451025208,-0.9659258262890683,0.0,1.0,291.0,273.0,219.5,79.8612247426205,train
2016-08-29 14:00:00,Bear_public_Valorie,Bear,290.75,21.7,13.9,1018.3,5.7,4.0,14,0,0,8,-0.4999999999999997,-0.8660254037844388,0.0,1.0,292.25,279.25,219.97916666666666,80.26877122553955,train
2016-08-29 15:00:00,Bear_public_Valorie,Bear,288.5,21.1,13.9,1017.7,6.7,4.0,15,0,0,8,-0.7071067811865471,-0.7071067811865479,0.0,1.0,290.75,279.0,220.375,80.5952380187836,train
2016-08-29 16:00:00,Bear_public_Valorie,Bear,285.0,21.7,13.9,1017.1,6.7,4.0,16,0,0,8,-0.8660254037844385,-0.5000000000000004,0.0,1.0,288.5,279.0,220.625,80.79405515151547,train
2016-08-29 17:00:00,Bear_public_Valorie,Bear,281.75,21.7,13.9,1016.5,6.7,4.0,17,0,0,8,-0.9659258262890683,-0.25881904510252063,0.0,1.0,285.0,277.75,220.79166666666666,80.92104534489269,train
2016-08-29 18:00:00,Bear_public_Valorie,Bear,278.5,21.1,14.4,1016.4,7.7,4.0,18,0,0,8,-1.0,-1.8369701987210297e-16,0.0,1.0,281.75,275.75,220.90625,81.00415356030686,train
2016-08-29 19:00:00,Bear_public_Valorie,Bear,279.25,19.4,13.9,1016.2,7.2,4.0,19,0,0,8,-0.9659258262890684,0.2588190451025203,0.0,1.0,278.5,274.25,221.11458333333334,81.15360432828015,train
2016-08-29 20:00:00,Bear_public_Valorie,Bear,279.75,18.9,13.9,1016.2,7.7,4.0,20,0,0,8,-0.8660254037844386,0.5000000000000001,0.0,1.0,279.25,274.0,221.35416666666666,81.32482897597173,train
2016-08-29 21:00:00,Bear_public_Valorie,Bear,271.5,17.8,14.4,1016.3,6.7,4.0,21,0,0,8,-0.7071067811865477,0.7071067811865474,0.0,1.0,279.75,253.25,222.11458333333334,81.72039349429465,train
2016-08-29 22:00:00,Bear_public_Valorie,Bear,268.25,17.8,13.9,1016.8,4.1,4.0,22,0,0,8,-0.5000000000000004,0.8660254037844384,0.0,1.0,271.5,246.5,223.02083333333334,82.12218880989214,train
2016-08-29 23:00:00,Bear_public_Valorie,Bear,267.75,17.2,13.9,1016.7,4.1,4.0,23,0,0,8,-0.25881904510252157,0.9659258262890681,0.0,1.0,268.25,238.25,224.25,82.57954004947379,train
2016-08-30 00:00:00,Bear_public_Valorie,Bear,267.25,17.2,13.9,1016.8,4.1,3.8181818181818183,0,1,0,8,0.0,1.0,0.7818314824680298,0.6234898018587336,267.75,234.25,225.625,83.02680944704885,train
2016-08-30 01:00:00,Bear_public_Valorie,Bear,265.75,16.7,13.9,1016.7,4.1,3.6363636363636362,1,1,0,8,0.25881904510252074,0.9659258262890683,0.7818314824680298,0.6234898018587336,267.25,232.0,227.03125,83.42434454993935,train
2016-08-30 02:00:00,Bear_public_Valorie,Bear,147.0,16.7,14.4,1016.4,4.1,3.4545454545454546,2,1,0,8,0.49999999999999994,0.8660254037844387,0.7818314824680298,0.6234898018587336,265.75,127.75,227.83333333333334,82.51589658002776,train
2016-08-30 03:00:00,Bear_public_Valorie,Bear,64.0,16.7,14.4,1016.5,4.6,3.2727272727272725,3,1,0,8,0.7071067811865476,0.7071067811865476,0.7818314824680298,0.6234898018587336,147.0,40.75,228.80208333333334,80.33158115121141,train
2016-08-30 04:00:00,Bear_public_Valorie,Bear,68.75,16.7,13.9,1016.4,4.6,3.090909090909091,4,1,0,8,0.8660254037844386,0.5000000000000001,0.7818314824680298,0.6234898018587336,64.0,45.75,229.76041666666666,78.16073458107763,train
2016-08-30 05:00:00,Bear_public_Valorie,Bear,84.5,16.7,13.9,1016.3,4.1,2.909090909090909,5,1,0,8,0.9659258262890683,0.25881904510252074,0.7818314824680298,0.6234898018587336,68.75,58.0,230.86458333333334,75.77971433151956,train
2016-08-30 06:00:00,Bear_public_Valorie,Bear,155.0,16.1,13.9,1016.1,5.1,2.7272727272727275,6,1,0,8,1.0,6.123233995736766e-17,0.7818314824680298,0.6234898018587336,84.5,146.5,231.21875,75.38712814316484,train
2016-08-30 07:00:00,Bear_public_Valorie,Bear,171.75,16.7,13.9,1016.2,2.6,2.5454545454545454,7,1,0,8,0.9659258262890683,-0.25881904510252063,0.7818314824680298,0.6234898018587336,155.0,165.0,231.5,75.14153312250185,train
2016-08-30 08:00:00,Bear_public_Valorie,Bear,199.25,17.2,14.4,1016.5,3.1,2.3636363636363633,8,1,0,8,0.8660254037844387,-0.4999999999999998,0.7818314824680298,0.6234898018587336,171.75,187.0,232.01041666666666,74.86721866246714,train
2016-08-30 09:00:00,Bear_public_Valorie,Bear,266.0,18.3,14.4,1016.5,1.5,2.1818181818181817,9,1,0,8,0.7071067811865476,-0.7071067811865475,0.7818314824680298,0.6234898018587336,199.25,245.5,232.86458333333334,75.14424459312276,train
2016-08-30 10:00:00,Bear_public_Valorie,Bear,280.0,18.9,14.4,1016.5,2.6,2.0,10,1,0,8,0.49999999999999994,-0.8660254037844387,0.7818314824680298,0.6234898018587336,266.0,254.75,233.91666666666666,75.63911264893902,train
2016-08-30 11:00:00,Bear_public_Valorie,Bear,290.75,19.4,13.9,1016.8,4.1,2.0,11,1,0,8,0.258819045102521,-0.9659258262890682,0.7818314824680298,0.6234898018587336,280.0,270.5,234.76041666666666,76.17597900965735,train
2016-08-30 12:00:00,Bear_public_Valorie,Bear,281.0,21.7,13.9,1016.3,6.7,2.0,12,1,0,8,1.2246467991473532e-16,-1.0,0.7818314824680298,0.6234898018587336,290.75,291.0,234.34375,75.88176631602073,train
2016-08-30 13:00:00,Bear_public_Valorie,Bear,281.25,21.7,13.9,1016.0,5.7,2.0,13,1,0,8,-0.2588190451025208,-0.9659258262890683,0.7818314824680298,0.6234898018587336,281.0,292.25,233.88541666666666,75.54929211415102,train
2016-08-30 14:00:00,Bear_public_Valorie,Bear,279.5,22.8,13.9,1015.7,5.7,2.0,14,1,0,8,-0.4999999999999997,-0.8660254037844388,0.7818314824680298,0.6234898018587336,281.25,290.75,233.41666666666666,75.21529485224525,train
2016-08-30 15:00:00,Bear_public_Valorie,Bear,278.0,22.8,14.4,1014.7,5.7,2.0,15,1,0,8,-0.7071067811865471,-0.7071067811865479,0.7818314824680298,0.6234898018587336,279.5,288.5,232.97916666666666,74.91088606770928,train
2016-08-30 16:00:00,Bear_public_Valorie,Bear,276.25,22.8,14.4,1014.1,6.2,2.0,16,1,0,8,-0.8660254037844385,-0.5000000000000004,0.7818314824680298,0.6234898018587336,278.0,285.0,232.61458333333334,74.6675959622071,train
2016-08-30 17:00:00,Bear_public_Valorie,Bear,274.25,22.2,14.4,1013.8,6.2,2.0,17,1,0,8,-0.9659258262890683,-0.25881904510252063,0.7818314824680298,0.6234898018587336,276.25,281.75,232.30208333333334,74.46844163683625,train
2016-08-30 18:00:00,Bear_public_Valorie,Bear,278.0,21.7,14.4,1013.6,6.7,2.0,18,1,0,8,-1.0,-1.8369701987210297e-16,0.7818314824680298,0.6234898018587336,274.25,278.5,232.28125,74.45502408443025,train
2016-08-30 19:00:00,Bear_public_Valorie,Bear,275.25,20.0,14.4,1013.0,5.7,4.0,19,1,0,8,-0.9659258262890684,0.2588190451025203,0.7818314824680298,0.6234898018587336,278.0,279.25,232.11458333333334,74.34971635156394,train
2016-08-30 20:00:00,Bear_public_Valorie,Bear,279.5,18.9,14.4,1013.2,6.2,3.7142857142857144,20,1,0,8,-0.8660254037844386,0.5000000000000001,0.7818314824680298,0.6234898018587336,275.25,279.75,232.10416666666666,74.34276947483495,train
2016-08-30 21:00:00,Bear_public_Valorie,Bear,271.75,18.3,13.9,1013.5,3.1,3.428571428571429,21,1,0,8,-0.7071067811865477,0.7071067811865474,0.7818314824680298,0.6234898018587336,279.5,271.5,232.11458333333334,74.34854678145726,train
2016-08-30 22:00:00,Bear_public_Valorie,Bear,272.25,18.3,13.9,1013.7,4.6,3.142857142857143,22,1,0,8,-0.5000000000000004,0.8660254037844384,0.7818314824680298,0.6234898018587336,271.75,268.25,232.28125,74.4375034224074,train
2016-08-30 23:00:00,Bear_public_Valorie,Bear,268.75,17.8,13.9,1013.6,6.2,2.857142857142857,23,1,0,8,-0.25881904510252157,0.9659258262890681,0.7818314824680298,0.6234898018587336,272.25,267.75,232.32291666666666,74.45849730929315,train
2016-08-31 00:00:00,Bear_public_Valorie,Bear,268.0,17.8,13.9,1013.6,4.6,2.5714285714285716,0,2,0,8,0.0,1.0,0.9749279121818236,-0.22252093395631434,268.75,267.25,232.35416666666666,74.47394921930007,train
2016-08-31 01:00:00,Bear_public_Valorie,Bear,265.25,17.2,13.3,1013.6,3.1,2.2857142857142856,1,2,0,8,0.25881904510252074,0.9659258262890683,0.9749279121818236,-0.22252093395631434,268.0,265.75,232.33333333333334,74.46427019874652,train
2016-08-31 02:00:00,Bear_public_Valorie,Bear,140.25,15.6,12.2,1013.0,0.0,2.0,2,2,0,8,0.49999999999999994,0.8660254037844387,0.9749279121818236,-0.22252093395631434,265.25,147.0,232.05208333333334,74.81251853970475,train
2016-08-31 03:00:00,Bear_public_Valorie,Bear,58.5,16.7,13.3,1013.0,5.1,2.0,3,2,0,8,0.7071067811865476,0.7071067811865476,0.9749279121818236,-0.22252093395631434,140.25,64.0,231.82291666666666,75.35612836675979,train
2016-08-31 04:00:00,Bear_public_Valorie,Bear,63.0,16.7,13.9,1013.0,4.6,2.0,4,2,0,8,0.8660254037844386,0.5000000000000001,0.9749279121818236,-0.22252093395631434,58.5,68.75,231.58333333333334,75.90428278382966,train
2016-08-31 05:00:00,Bear_public_Valorie,Bear,80.75,16.7,13.9,1012.9,4.6,2.0,5,2,0,8,0.9659258262890683,0.25881904510252074,0.9749279121818236,-0.22252093395631434,63.0,84.5,231.42708333333334,76.22340873346795,train
2016-08-31 06:00:00,Bear_public_Valorie,Bear,163.0,16.1,13.9,1013.3,5.7,2.5,6,2,0,8,1.0,6.123233995736766e-17,0.9749279121818236,-0.22252093395631434,80.75,155.0,231.76041666666666,75.8914226968326,train
2016-08-31 07:00:00,Bear_public_Valorie,Bear,190.25,16.1,13.9,1013.7,5.1,3.0,7,2,0,8,0.9659258262890683,-0.25881904510252063,0.9749279121818236,-0.22252093395631434,163.0,171.75,232.53125,75.34739517222327,train
2016-08-31 08:00:00,Bear_public_Valorie,Bear,203.0,16.1,13.3,1014.1,4.1,3.5,8,2,0,8,0.8660254037844387,-0.4999999999999998,0.9749279121818236,-0.22252093395631434,190.25,199.25,232.6875,75.27923561791415,train
2016-08-31 09:00:00,Bear_public_Valorie,Bear,256.25,17.2,13.3,1014.4,7.2,4.0,9,2,0,8,0.7071067811865476,-0.7071067811865475,0.9749279121818236,-0.22252093395631434,203.0,266.0,232.28125,75.11778115862913,train
2016-08-31 10:00:00,Bear_public_Valorie,Bear,267.75,17.2,13.3,1015.0,5.1,3.3333333333333335,10,2,0,8,0.49999999999999994,-0.8660254037844387,0.9749279121818236,-0.22252093395631434,256.25,280.0,231.77083333333334,74.82047051423199,train
2016-08-31 11:00:00,Bear_public_Valorie,Bear,278.75,18.3,13.3,1015.2,5.1,2.666666666666667,11,2,0,8,0.258819045102521,-0.9659258262890682,0.9749279121818236,-0.22252093395631434,267.75,290.75,231.27083333333334,74.44836687067212,train
2016-08-31 12:00:00,Bear_public_Valorie,Bear,288.75,18.3,13.3,1015.4,3.6,2.0,12,2,0,8,1.2246467991473532e-16,-1.0,0.9749279121818236,-0.22252093395631434,278.75,281.0,231.59375,74.68985920414381,train
2016-08-31 13:00:00,Bear_public_Valorie,Bear,287.5,19.4,13.3,1015.0,4.1,2.0,13,2,0,8,-0.2588190451025208,-0.9659258262890683,0.9749279121818236,-0.22252093395631434,288.75,281.25,231.85416666666666,74.88117096101529,train
2016-08-31 14:00:00,Bear_public_Valorie,Bear,287.75,20.6,13.9,1014.8,5.1,2.0,14,2,0,8,-0.4999999999999997,-0.8660254037844388,0.9749279121818236,-0.22252093395631434,287.5,279.5,232.19791666666666,75.12793361003973,train
2016-08-31 15:00:00,Bear_public_Valorie,Bear,286.0,21.1,14.4,1014.3,7.2,2.0,15,2,0,8,-0.7071067811865471,-0.7071067811865479,0.9749279121818236,-0.22252093395631434,287.75,278.0,232.53125,75.35738446908694,train
2016-08-31 16:00:00,Bear_public_Valorie,Bear,283.25,21.7,15.0,1014.0,7.2,2.0,16,2,0,8,-0.8660254037844385,-0.5000000000000004,0.9749279121818236,-0.22252093395631434,286.0,276.25,232.82291666666666,75.54725986911721,train
2016-08-31 17:00:00,Bear_public_Valorie,Bear,283.25,20.6,15.0,1013.9,7.7,2.0,17,2,0,8,-0.9659258262890683,-0.25881904510252063,0.9749279121818236,-0.22252093395631434,283.25,274.25,233.19791666666666,75.78380215708435,train
2016-08-31 18:00:00,Bear_public_Valorie,Bear,279.75,20.0,15.6,1013.6,6.7,4.0,18,2,0,8,-1.0,-1.8369701987210297e-16,0.9749279121818236,-0.22252093395631434,283.25,278.0,233.27083333333334,75.82961151083462,train
2016-08-31 19:00:00,Bear_public_Valorie,Bear,274.8,20.0,15.6,1013.3,8.8,2.0,19,2,0,8,-0.9659258262890684,0.2588190451025203,0.9749279121818236,-0.22252093395631434,279.75,275.25,233.25208333333333,75.81883510276734,train
2016-08-31 20:00:00,Bear_public_Valorie,Bear,278.75,17.8,15.6,1013.3,7.2,2.0,20,2,0,8,-0.8660254037844386,0.5000000000000001,0.9749279121818236,-0.22252093395631434,274.8,279.5,233.22083333333333,75.7990964679815,train
2016-08-31 21:00:00,Bear_public_Valorie,Bear,272.25,17.2,15.0,1014.0,6.2,2.111111111111111,21,2,0,8,-0.7071067811865477,0.7071067811865474,0.9749279121818236,-0.22252093395631434,278.75,271.75,233.24166666666667,75.81021450430312,train
2016-08-31 22:00:00,Bear_public_Valorie,Bear,268.5,16.7,15.0,1014.3,3.6,2.2222222222222223,22,2,0,8,-0.5000000000000004,0.8660254037844384,0.9749279121818236,-0.22252093395631434,272.25,272.25,233.08541666666667,75.73014229481414,train
2016-08-31 23:00:00,Bear_public_Valorie,Bear,265.25,16.7,14.4,1014.4,6.2,2.3333333333333335,23,2,0,8,-0.25881904510252157,0.9659258262890681,0.9749279121818236,-0.22252093395631434,268.5,268.75,232.93958333333333,75.66181619716558,train
2016-09-01 00:00:00,Bear_public_Valorie,Bear,263.75,16.7,15.0,1014.5,5.1,2.4444444444444446,0,3,0,9,0.0,1.0,0.43388373911755823,-0.900968867902419,265.25,268.0,232.76250000000002,75.58112147827053,train
2016-09-01 01:00:00,Bear_public_Valorie,Bear,266.75,16.1,14.4,1014.3,4.1,2.5555555555555554,1,3,0,9,0.25881904510252074,0.9659258262890683,0.43388373911755823,-0.900968867902419,263.75,265.25,232.82500000000002,75.60976903755947,train
2016-09-01 02:00:00,Bear_public_Valorie,Bear,138.25,16.1,14.4,1014.5,2.6,2.6666666666666665,2,3,0,9,0.49999999999999994,0.8660254037844387,0.43388373911755823,-0.900968867902419,266.75,140.25,232.74166666666667,75.7172625005669,train
2016-09-01 03:00:00,Bear_public_Valorie,Bear,49.25,16.1,14.4,1014.2,5.1,2.0,3,3,0,9,0.7071067811865476,0.7071067811865476,0.43388373911755823,-0.900968867902419,138.25,58.5,232.35625000000002,76.6604190605786,train
2016-09-01 04:00:00,Bear_public_Valorie,Bear,47.75,16.1,14.4,1014.2,2.1,2.0,4,3,0,9,0.8660254037844386,0.5000000000000001,0.43388373911755823,-0.900968867902419,49.25,63.0,231.72083333333333,78.1734678061593,train
2016-09-01 05:00:00,Bear_public_Valorie,Bear,61.75,16.7,14.4,1014.0,2.6,2.0,5,3,0,9,0.9659258262890683,0.25881904510252074,0.43388373911755823,-0.900968867902419,47.75,80.75,230.92916666666667,79.84712147579936,train
2016-09-01 06:00:00,Bear_public_Valorie,Bear,148.5,15.6,13.9,1014.35,3.1,2.0,6,3,0,9,1.0,6.123233995736766e-17,0.43388373911755823,-0.900968867902419,61.75,163.0,230.32500000000002,80.43614264420133,train
2016-09-01 07:00:00,Bear_public_Valorie,Bear,172.5,16.1,13.9,1014.7,5.1,2.0,7,3,0,9,0.9659258262890683,-0.25881904510252063,0.43388373911755823,-0.900968867902419,148.5,190.25,229.58541666666667,80.90089949406816,train
2016-09-01 08:00:00,Bear_public_Valorie,Bear,186.4,15.6,13.3,1015.1,6.2,3.333333333333333,8,3,0,9,0.8660254037844387,-0.4999999999999998,0.43388373911755823,-0.900968867902419,172.5,203.0,228.89374999999998,81.20845200242691,train
2016-09-01 09:00:00,Bear_public_Valorie,Bear,247.75,15.0,13.3,1015.5,4.1,3.4444444444444446,9,3,0,9,0.7071067811865476,-0.7071067811865475,0.43388373911755823,-0.900968867902419,186.4,256.25,228.53958333333333,81.10242447880717,train
2016-09-01 10:00:00,Bear_public_Valorie,Bear,252.75,15.6,13.3,1016.0,4.1,3.5555555555555554,10,3,0,9,0.49999999999999994,-0.8660254037844387,0.43388373911755823,-0.900968867902419,247.75,267.75,227.91458333333333,80.8445065208607,train
2016-09-01 11:00:00,Bear_public_Valorie,Bear,260.2,16.1,13.3,1016.0,4.1,3.6666666666666665,11,3,0,9,0.258819045102521,-0.9659258262890682,0.43388373911755823,-0.900968867902419,252.75,278.75,227.14166666666668,80.42494700930372,train
2016-09-01 12:00:00,Bear_public_Valorie,Bear,270.25,16.7,13.3,1015.9,3.6,3.7777777777777777,12,3,0,9,1.2246467991473532e-16,-1.0,0.43388373911755823,-0.900968867902419,260.2,288.75,226.37083333333337,79.89570364008921,train
2016-09-01 13:00:00,Bear_public_Valorie,Bear,275.5,16.7,13.3,1015.6,1.5,3.888888888888889,13,3,0,9,-0.2588190451025208,-0.9659258262890683,0.43388373911755823,-0.900968867902419,270.25,287.5,225.87083333333337,79.5332415007915,train
2016-09-01 14:00:00,Bear_public_Valorie,Bear,288.5,17.8,13.3,1015.1,3.1,4.0,14,3,0,9,-0.4999999999999997,-0.8660254037844388,0.43388373911755823,-0.900968867902419,275.5,287.75,225.90208333333337,79.55875526269443,train
2016-09-01 15:00:00,Bear_public_Valorie,Bear,295.25,19.4,13.3,1014.5,5.1,4.0,15,3,0,9,-0.7071067811865471,-0.7071067811865479,0.43388373911755823,-0.900968867902419,288.5,286.0,226.28750000000002,79.8842930227161,train
2016-09-01 16:00:00,Bear_public_Valorie,Bear,291.75,18.3,13.3,1014.4,6.2,4.0,16,3,0,9,-0.8660254037844385,-0.5000000000000004,0.43388373911755823,-0.900968867902419,295.25,283.25,226.64166666666668,80.16616122652461,train
2016-09-01 17:00:00,Bear_public_Valorie,Bear,291.5,18.3,13.3,1014.0,6.7,4.0,17,3,0,9,-0.9659258262890683,-0.25881904510252063,0.43388373911755823,-0.900968867902419,291.75,283.25,226.98541666666668,80.4366811186544,train
2016-09-01 18:00:00,Bear_public_Valorie,Bear,285.75,17.8,13.3,1013.7,5.7,4.0,18,3,0,9,-1.0,-1.8369701987210297e-16,0.43388373911755823,-0.900968867902419,291.5,279.75,227.23541666666668,80.61692760959191,train
2016-09-01 19:00:00,Bear_public_Valorie,Bear,283.25,16.7,13.3,1013.5,2.6,4.0,19,3,0,9,-0.9659258262890684,0.2588190451025203,0.43388373911755823,-0.900968867902419,285.75,274.8,227.5875,80.85180115495287,train
2016-09-01 20:00:00,Bear_public_Valorie,Bear,268.75,16.7,13.3,1013.6,1.5,4.0,20,3,0,9,-0.8660254037844386,0.5000000000000001,0.43388373911755823,-0.900968867902419,283.25,278.75,227.17083333333335,80.60205509930825,train
2016-09-01 21:00:00,Bear_public_Valorie,Bear,249.0,16.7,13.3,1013.8,2.6,4.0,21,3,0,9,-0.7071067811865477,0.7071067811865474,0.43388373911755823,-0.900968867902419,268.75,272.25,226.20208333333335,80.1752855218772,train
2016-09-01 22:00:00,Bear_public_Valorie,Bear,246.0,16.7,13.3,1013.7,1.5,4.0,22,3,0,9,-0.5000000000000004,0.8660254037844384,0.43388373911755823,-0.900968867902419,249.0,268.5,225.26458333333335,79.78980740067162,train
2016-09-01 23:00:00,Bear_public_Valorie,Bear,246.25,16.7,13.3,1014.2,4.6,4.0,23,3,0,9,-0.25881904510252157,0.9659258262890681,0.43388373911755823,-0.900968867902419,246.0,265.25,224.4729166666667,79.46944173318506,train
2016-09-02 00:00:00,Bear_public_Valorie,Bear,238.75,16.1,13.3,1014.1,3.1,2.0,0,4,0,9,0.0,1.0,-0.433883739117558,-0.9009688679024191,246.25,263.75,223.43125,79.09518867973351,train
2016-09-02 01:00:00,Bear_public_Valorie,Bear,235.75,16.1,12.8,1013.7,1.5,0.0,1,4,0,9,0.25881904510252074,0.9659258262890683,-0.433883739117558,-0.9009688679024191,238.75,266.75,222.13958333333335,78.60863983265844,train
2016-09-02 02:00:00,Bear_public_Valorie,Bear,116.25,16.1,13.3,1013.3,2.6,0.0,2,4,0,9,0.49999999999999994,0.8660254037844387,-0.433883739117558,-0.9009688679024191,235.75,138.25,221.2229166666667,79.7494159432979,train
2016-09-02 03:00:00,Bear_public_Valorie,Bear,41.75,16.7,13.3,1012.8,4.1,0.0,3,4,0,9,0.7071067811865476,0.7071067811865476,-0.433883739117558,-0.9009688679024191,116.25,49.25,220.9104166666667,80.46408728928165,train
2016-09-02 04:00:00,Bear_public_Valorie,Bear,48.75,16.1,13.3,1012.8,3.6,0.0,4,4,0,9,0.8660254037844386,0.5000000000000001,-0.433883739117558,-0.9009688679024191,41.75,47.75,220.95208333333335,80.37072590457032,train
2016-09-02 05:00:00,Bear_public_Valorie,Bear,68.25,16.1,12.8,1012.8,2.1,1.0,5,4,0,9,0.9659258262890683,0.25881904510252074,-0.433883739117558,-0.9009688679024191,48.75,61.75,221.2229166666667,79.81998629956256,train
2016-09-02 06:00:00,Bear_public_Valorie,Bear,146.75,15.6,12.8,1012.9,2.1,2.0,6,4,0,9,1.0,6.123233995736766e-17,-0.433883739117558,-0.9009688679024191,68.25,148.5,221.15,79.89007665427617,train
2016-09-02 07:00:00,Bear_public_Valorie,Bear,160.75,16.1,12.8,1013.5,1.5,3.0,7,4,0,9,0.9659258262890683,-0.25881904510252063,-0.433883739117558,-0.9009688679024191,146.75,172.5,220.6604166666667,80.23642913719704,train
2016-09-02 08:00:00,Bear_public_Valorie,Bear,194.5,16.7,13.3,1013.7,2.1,4.0,8,4,0,9,0.8660254037844387,-0.4999999999999998,-0.433883739117558,-0.9009688679024191,160.75,186.4,220.9979166666667,80.10297785156581,train
2016-09-02 09:00:00,Bear_public_Valorie,Bear,261.0,17.2,12.8,1013.9,4.1,2.0,9,4,0,9,0.7071067811865476,-0.7071067811865475,-0.433883739117558,-0.9009688679024191,194.5,247.75,221.55000000000004,80.34068220640985,train
2016-09-02 10:00:00,Bear_public_Valorie,Bear,268.0,18.3,12.8,1014.0,4.1,2.0,10,4,0,9,0.49999999999999994,-0.8660254037844387,-0.433883739117558,-0.9009688679024191,261.0,252.75,222.1854166666667,80.65785290101321,train
2016-09-02 11:00:00,Bear_public_Valorie,Bear,283.5,18.9,12.8,1014.0,3.1,4.0,11,4,0,9,0.258819045102521,-0.9659258262890682,-0.433883739117558,-0.9009688679024191,268.0,260.2,223.15625,81.27318440123673,train
2016-09-02 12:00:00,Bear_public_Valorie,Bear,283.25,19.4,12.8,1013.5,2.6,4.0,12,4,0,9,1.2246467991473532e-16,-1.0,-0.433883739117558,-0.9009688679024191,283.5,270.25,223.69791666666666,81.64317841943426,train
2016-09-02 13:00:00,Bear_public_Valorie,Bear,285.75,21.1,12.2,1012.9,3.6,4.0,13,4,0,9,-0.2588190451025208,-0.9659258262890683,-0.433883739117558,-0.9009688679024191,283.25,275.5,224.125,81.95216658939343,train
2016-09-02 14:00:00,Bear_public_Valorie,Bear,287.0,21.7,13.3,1012.7,6.2,4.0,14,4,0,9,-0.4999999999999997,-0.8660254037844388,-0.433883739117558,-0.9009688679024191,285.75,288.5,224.0625,81.90149339032384,train
2016-09-02 15:00:00,Bear_public_Valorie,Bear,288.75,21.7,13.3,1012.3,6.7,4.0,15,4,0,9,-0.7071067811865471,-0.7071067811865479,-0.433883739117558,-0.9009688679024191,287.0,295.25,223.79166666666666,81.66626367839075,train
2016-09-02 16:00:00,Bear_public_Valorie,Bear,287.5,21.1,13.3,1011.8,7.7,4.0,16,4,0,9,-0.8660254037844385,-0.5000000000000004,-0.433883739117558,-0.9009688679024191,288.75,291.75,223.61458333333334,81.5169687311987,train
2016-09-02 17:00:00,Bear_public_Valorie,Bear,280.5,20.6,13.3,1011.3,8.8,4.0,17,4,0,9,-0.9659258262890683,-0.25881904510252063,-0.433883739117558,-0.9009688679024191,287.5,291.5,223.15625,81.14877682983459,train
2016-09-02 18:00:00,Bear_public_Valorie,Bear,276.0,19.4,13.3,1011.1,4.6,2.0,18,4,0,9,-1.0,-1.8369701987210297e-16,-0.433883739117558,-0.9009688679024191,280.5,285.75,222.75,80.84563256198732,train
2016-09-02 19:00:00,Bear_public_Valorie,Bear,276.5,18.3,12.8,1011.0,4.1,2.0,19,4,0,9,-0.9659258262890684,0.2588190451025203,-0.433883739117558,-0.9009688679024191,276.0,283.25,222.46875,80.63748428790822,train
2016-09-02 20:00:00,Bear_public_Valorie,Bear,274.25,17.8,12.2,1010.9,6.7,2.0,20,4,0,9,-0.8660254037844386,0.5000000000000001,-0.433883739117558,-0.9009688679024191,276.5,268.75,222.69791666666666,80.78241640245035,train
2016-09-02 21:00:00,Bear_public_Valorie,Bear,266.75,17.2,12.2,1011.1,3.1,2.0,21,4,0,9,-0.7071067811865477,0.7071067811865474,-0.433883739117558,-0.9009688679024191,274.25,249.0,223.4375,81.11425952214644,train
2016-09-02 22:00:00,Bear_public_Valorie,Bear,128.5,16.7,12.2,1011.1,1.5,2.0,22,4,0,9,-0.5000000000000004,0.8660254037844384,-0.433883739117558,-0.9009688679024191,266.75,246.0,218.54166666666666,83.21210022099214,train
2016-09-02 23:00:00,Bear_public_Valorie,Bear,58.5,16.1,12.2,1011.2,1.5,2.0,23,4,0,9,-0.25881904510252157,0.9659258262890681,-0.433883739117558,-0.9009688679024191,128.5,246.25,210.71875,89.11025512215085,train
2016-09-03 00:00:00,Bear_public_Valorie,Bear,57.5,15.6,12.8,1011.2,3.1,2.0,0,5,1,9,0.0,1.0,-0.9749279121818236,-0.2225209339563146,58.5,238.75,203.16666666666666,94.16823135804067,train
2016-09-03 01:00:00,Bear_public_Valorie,Bear,58.0,16.1,12.8,1011.2,4.1,4.0,1,5,1,9,0.25881904510252074,0.9659258262890683,-0.9749279121818236,-0.2225209339563146,57.5,235.75,195.76041666666666,98.38948996006367,train
2016-09-03 02:00:00,Bear_public_Valorie,Bear,57.75,15.6,12.2,1010.9,4.6,4.0,2,5,1,9,0.49999999999999994,0.8660254037844387,-0.9749279121818236,-0.2225209339563146,58.0,116.25,193.32291666666666,101.1313577344345,train
2016-09-03 03:00:00,Bear_public_Valorie,Bear,57.25,15.0,12.2,1010.6,2.6,4.0,3,5,1,9,0.7071067811865476,0.7071067811865476,-0.9749279121818236,-0.2225209339563146,57.75,41.75,193.96875,100.16620189823217,train
2016-09-03 04:00:00,Bear_public_Valorie,Bear,64.5,15.6,12.2,1010.5,3.1,4.0,4,5,1,9,0.8660254037844386,0.5000000000000001,-0.9749279121818236,-0.2225209339563146,57.25,48.75,194.625,99.22054923907834,train
2016-09-03 05:00:00,Bear_public_Valorie,Bear,76.0,15.0,12.2,1010.3,2.6,4.0,5,5,1,9,0.9659258262890683,0.25881904510252074,-0.9749279121818236,-0.2225209339563146,64.5,68.25,194.94791666666666,98.80310842580548,train
2016-09-03 06:00:00,Bear_public_Valorie,Bear,141.0,15.0,12.2,1010.4,2.1,4.0,6,5,1,9,1.0,6.123233995736766e-17,-0.9749279121818236,-0.2225209339563146,76.0,146.75,194.70833333333334,98.93195033507361,train
2016-09-03 07:00:00,Bear_public_Valorie,Bear,154.5,15.0,12.2,1010.7,4.6,4.0,7,5,1,9,0.9659258262890683,-0.25881904510252063,-0.9749279121818236,-0.2225209339563146,141.0,160.75,194.44791666666666,99.03339849369084,train
2016-09-03 08:00:00,Bear_public_Valorie,Bear,193.0,15.0,12.2,1011.1,6.7,4.0,8,5,1,9,0.8660254037844387,-0.4999999999999998,-0.9749279121818236,-0.2225209339563146,154.5,194.5,194.38541666666666,99.0338375189607,train
2016-09-03 09:00:00,Bear_public_Valorie,Bear,258.75,15.6,12.2,1011.6,4.6,4.0,9,5,1,9,0.7071067811865476,-0.7071067811865475,-0.9749279121818236,-0.2225209339563146,193.0,261.0,194.29166666666666,98.96907912670719,train
2016-09-03 10:00:00,Bear_public_Valorie,Bear,264.5,15.6,12.2,1012.0,4.6,4.0,10,5,1,9,0.49999999999999994,-0.8660254037844387,-0.9749279121818236,-0.2225209339563146,258.75,268.0,194.14583333333334,98.85826252185804,train
2016-09-03 11:00:00,Bear_public_Valorie,Bear,277.0,15.6,12.2,1012.1,5.1,4.0,11,5,1,9,0.258819045102521,-0.9659258262890682,-0.9749279121818236,-0.2225209339563146,264.5,283.5,193.875,98.6114189965937,train
2016-09-03 12:00:00,Bear_public_Valorie,Bear,282.25,17.8,12.8,1012.0,6.2,4.0,12,5,1,9,1.2246467991473532e-16,-1.0,-0.9749279121818236,-0.2225209339563146,277.0,283.25,193.83333333333334,98.57221659300349,train
2016-09-03 13:00:00,Bear_public_Valorie,Bear,283.75,17.2,12.2,1011.9,4.6,4.0,13,5,1,9,-0.2588190451025208,-0.9659258262890683,-0.9749279121818236,-0.2225209339563146,282.25,285.75,193.75,98.49194405370565,train
2016-09-03 14:00:00,Bear_public_Valorie,Bear,285.5,17.8,12.8,1011.9,7.2,4.0,14,5,1,9,-0.4999999999999997,-0.8660254037844388,-0.9749279121818236,-0.2225209339563146,283.75,287.0,193.6875,98.43065452388308,train
2016-09-03 15:00:00,Bear_public_Valorie,Bear,285.0,17.2,12.8,1011.3,4.1,4.0,15,5,1,9,-0.7071067811865471,-0.7071067811865479,-0.9749279121818236,-0.2225209339563146,285.5,288.75,193.53125,98.27604512899202,train
2016-09-03 16:00:00,Bear_public_Valorie,Bear,288.5,18.9,12.8,1010.8,5.7,4.0,16,5,1,9,-0.8660254037844385,-0.5000000000000004,-0.9749279121818236,-0.2225209339563146,285.0,287.5,193.57291666666666,98.31782091012043,train
2016-09-03 17:00:00,Bear_public_Valorie,Bear,274.0,17.8,12.2,1010.4,6.7,4.0,17,5,1,9,-0.9659258262890683,-0.25881904510252063,-0.9749279121818236,-0.2225209339563146,288.5,280.5,193.30208333333334,98.07661100336726,train
2016-09-03 18:00:00,Bear_public_Valorie,Bear,270.5,17.8,12.2,1009.8,5.7,4.0,18,5,1,9,-1.0,-1.8369701987210297e-16,-0.9749279121818236,-0.2225209339563146,274.0,276.0,193.07291666666666,97.88120792591525,train
2016-09-03 19:00:00,Bear_public_Valorie,Bear,271.0,17.2,11.7,1009.9,7.2,4.0,19,5,1,9,-0.9659258262890684,0.2588190451025203,-0.9749279121818236,-0.2225209339563146,270.5,276.5,192.84375,97.68362898808904,train
2016-09-03 20:00:00,Bear_public_Valorie,Bear,263.25,16.1,11.7,1009.8,6.2,4.0,20,5,1,9,-0.8660254037844386,0.5000000000000001,-0.9749279121818236,-0.2225209339563146,271.0,274.25,192.38541666666666,97.31015461463006,train
2016-09-03 21:00:00,Bear_public_Valorie,Bear,259.25,16.1,11.7,1010.1,5.7,4.0,21,5,1,9,-0.7071067811865477,0.7071067811865474,-0.9749279121818236,-0.2225209339563146,263.25,266.75,192.07291666666666,97.07271140654753,train
2016-09-03 22:00:00,Bear_public_Valorie,Bear,124.5,15.6,11.1,1010.2,2.1,4.0,22,5,1,9,-0.5000000000000004,0.8660254037844384,-0.9749279121818236,-0.2225209339563146,259.25,128.5,191.90625,97.1899700860439,train
2016-09-03 23:00:00,Bear_public_Valorie,Bear,57.0,15.6,11.7,1010.2,2.1,4.0,23,5,1,9,-0.25881904510252157,0.9659258262890681,-0.9749279121818236,-0.2225209339563146,124.5,58.5,191.84375,97.27993035844288,train
2016-09-04 00:00:00,Bear_public_Valorie,Bear,58.25,15.6,12.2,1010.1,7.2,4.0,0,6,1,9,0.0,1.0,-0.7818314824680299,0.6234898018587334,57.0,57.5,191.875,97.23500778593302,train
2016-09-04 01:00:00,Bear_public_Valorie,Bear,57.0,15.6,12.2,1010.1,6.7,4.0,1,6,1,9,0.25881904510252074,0.9659258262890683,-0.7818314824680299,0.6234898018587334,58.25,58.0,191.83333333333334,97.29506518906777,train
2016-09-04 02:00:00,Bear_public_Valorie,Bear,57.5,15.6,11.7,1009.9,4.6,2.0,2,6,1,9,0.49999999999999994,0.8660254037844387,-0.7818314824680299,0.6234898018587334,57.0,57.75,191.82291666666666,97.31005687689263,train
2016-09-04 03:00:00,Bear_public_Valorie,Bear,56.75,15.0,11.1,1009.7,4.1,2.0,3,6,1,9,0.7071067811865476,0.7071067811865476,-0.7818314824680299,0.6234898018587334,57.5,57.25,191.80208333333334,97.3401694185271,train
2016-09-04 04:00:00,Bear_public_Valorie,Bear,65.25,14.4,11.7,1009.8,5.7,4.0,4,6,1,9,0.8660254037844386,0.5000000000000001,-0.7818314824680299,0.6234898018587334,56.75,64.5,191.83333333333334,97.29763465853088,train
2016-09-04 05:00:00,Bear_public_Valorie,Bear,74.0,14.4,11.1,1009.7,4.6,4.0,5,6,1,9,0.9659258262890683,0.25881904510252074,-0.7818314824680299,0.6234898018587334,65.25,76.0,191.75,97.40195739484832,train
2016-09-04 06:00:00,Bear_public_Valorie,Bear,77.25,14.4,11.7,1009.9,4.6,4.0,6,6,1,9,1.0,6.123233995736766e-17,-0.7818314824680299,0.6234898018587334,74.0,141.0,189.09375,99.68855883995403,train
2016-09-04 07:00:00,Bear_public_Valorie,Bear,78.75,14.4,11.7,1010.4,3.1,4.0,7,6,1,9,0.9659258262890683,-0.25881904510252063,-0.7818314824680299,0.6234898018587334,77.25,154.5,185.9375,102.00373634461087,train
2016-09-04 08:00:00,Bear_public_Valorie,Bear,79.0,14.4,11.7,1011.2,5.1,4.0,8,6,1,9,0.8660254037844387,-0.4999999999999998,-0.7818314824680299,0.6234898018587334,78.75,193.0,181.1875,104.28926770620103,train
2016-09-04 09:00:00,Bear_public_Valorie,Bear,79.5,15.0,11.7,1011.5,5.1,4.0,9,6,1,9,0.7071067811865476,-0.7071067811865475,-0.7818314824680299,0.6234898018587334,79.0,258.75,173.71875,104.9097778139782,train
2016-09-04 10:00:00,Bear_public_Valorie,Bear,174.0,16.1,11.7,1011.9,5.1,4.0,10,6,1,9,0.49999999999999994,-0.8660254037844387,-0.7818314824680299,0.6234898018587334,79.5,264.5,169.94791666666666,103.11601684633494,train
2016-09-04 11:00:00,Bear_public_Valorie,Bear,178.0,17.2,11.7,1011.8,4.6,2.0,11,6,1,9,0.258819045102521,-0.9659258262890682,-0.7818314824680299,0.6234898018587334,174.0,277.0,165.82291666666666,100.5967649872788,train
2016-09-04 12:00:00,Bear_public_Valorie,Bear,254.5,18.3,12.2,1011.7,2.6,2.0,12,6,1,9,1.2246467991473532e-16,-1.0,-0.7818314824680299,0.6234898018587334,178.0,282.25,164.66666666666666,99.35215875498311,train
2016-09-04 13:00:00,Bear_public_Valorie,Bear,284.75,18.9,11.7,1011.2,3.6,2.0,13,6,1,9,-0.2588190451025208,-0.9659258262890683,-0.7818314824680299,0.6234898018587334,254.5,283.75,164.70833333333334,99.40446764811833,train
2016-09-04 14:00:00,Bear_public_Valorie,Bear,290.0,20.0,11.7,1011.3,5.7,2.0,14,6,1,9,-0.4999999999999997,-0.8660254037844388,-0.7818314824680299,0.6234898018587334,284.75,285.5,164.89583333333334,99.64616521850517,train
2016-09-04 15:00:00,Bear_public_Valorie,Bear,286.5,19.4,11.7,1010.9,5.7,2.0,15,6,1,9,-0.7071067811865471,-0.7071067811865479,-0.7818314824680299,0.6234898018587334,290.0,285.0,164.95833333333334,99.72521122375822,train
2016-09-04 16:00:00,Bear_public_Valorie,Bear,287.5,20.0,11.7,1010.5,6.2,2.0,16,6,1,9,-0.8660254037844385,-0.5000000000000004,-0.7818314824680299,0.6234898018587334,286.5,288.5,164.91666666666666,99.67154391633889,train
2016-09-04 17:00:00,Bear_public_Valorie,Bear,285.0,19.4,12.2,1010.3,5.7,2.0,17,6,1,9,-0.9659258262890683,-0.25881904510252063,-0.7818314824680299,0.6234898018587334,287.5,274.0,165.375,100.21875529582017,train
2016-09-04 18:00:00,Bear_public_Valorie,Bear,282.5,17.8,11.7,1010.2,5.1,2.0,18,6,1,9,-1.0,-1.8369701987210297e-16,-0.7818314824680299,0.6234898018587334,285.0,270.5,165.875,100.79431811971048,train
2016-09-04 19:00:00,Bear_public_Valorie,Bear,282.5,17.2,11.7,1010.2,6.2,2.0,19,6,1,9,-0.9659258262890684,0.2588190451025203,-0.7818314824680299,0.6234898018587334,282.5,271.0,166.35416666666666,101.34164978864348,train
2016-09-04 20:00:00,Bear_public_Valorie,Bear,275.25,16.1,11.7,1010.1,4.1,2.0,20,6,1,9,-0.8660254037844386,0.5000000000000001,-0.7818314824680299,0.6234898018587334,282.5,263.25,166.85416666666666,101.86873258039603,train
2016-09-04 21:00:00,Bear_public_Valorie,Bear,264.5,14.4,11.1,1010.5,2.1,2.0,21,6,1,9,-0.7071067811865477,0.7071067811865474,-0.7818314824680299,0.6234898018587334,275.25,259.25,167.07291666666666,102.08118250470054,train
2016-09-04 22:00:00,Bear_public_Valorie,Bear,256.5,15.0,11.7,1010.8,3.1,2.0,22,6,1,9,-0.5000000000000004,0.8660254037844384,-0.7818314824680299,0.6234898018587334,264.5,124.5,172.57291666666666,103.2371288736747,train
2016-09-04 23:00:00,Bear_public_Valorie,Bear,251.0,15.6,11.1,1010.6,3.1,2.0,23,6,1,9,-0.25881904510252157,0.9659258262890681,-0.7818314824680299,0.6234898018587334,256.5,57.0,180.65625,101.37261262132847,train
2016-09-05 00:00:00,Bear_public_Valorie,Bear,243.5,15.0,11.7,1010.3,1.5,2.0,0,0,0,9,0.0,1.0,0.0,1.0,251.0,58.25,188.375,98.66356977121806,train
2016-09-05 01:00:00,Bear_public_Valorie,Bear,243.25,14.4,11.7,1010.3,1.5,2.0,1,0,0,9,0.25881904510252074,0.9659258262890683,0.0,1.0,243.5,57.0,196.13541666666666,95.14291250439446,train
2016-09-05 02:00:00,Bear_public_Valorie,Bear,242.25,12.8,10.6,1010.2,1.5,0.0,2,0,0,9,0.49999999999999994,0.8660254037844387,0.0,1.0,243.25,57.5,203.83333333333334,90.81385245160273,train
2016-09-05 03:00:00,Bear_public_Valorie,Bear,242.75,12.8,10.6,1010.1,0.0,0.0,3,0,0,9,0.7071067811865476,0.7071067811865476,0.0,1.0,242.25,56.75,211.58333333333334,85.49703359546,train
2016-09-05 04:00:00,Bear_public_Valorie,Bear,243.25,11.7,9.4,1009.7,2.1,2.0,4,0,0,9,0.8660254037844386,0.5000000000000001,0.0,1.0,242.75,65.25,219.0,79.7804732565777,train
2016-09-05 05:00:00,Bear_public_Valorie,Bear,242.75,11.7,9.4,1009.9,1.5,2.0,5,0,0,9,0.9659258262890683,0.25881904510252074,0.0,1.0,243.25,74.0,226.03125,73.64597721015836,train
2016-09-05 06:00:00,Bear_public_Valorie,Bear,240.75,11.1,9.4,1010.1,2.6,2.0,6,0,0,9,1.0,6.123233995736766e-17,0.0,1.0,242.75,77.25,232.84375,66.50031924163348,train
2016-09-05 07:00:00,Bear_public_Valorie,Bear,242.25,11.1,10.0,1010.6,1.5,4.0,7,0,0,9,0.9659258262890683,-0.25881904510252063,0.0,1.0,240.75,78.75,239.65625,57.83878515265361,train
2016-09-05 08:00:00,Bear_public_Valorie,Bear,243.5,14.4,11.7,1010.9,1.5,2.0,8,0,0,9,0.8660254037844387,-0.4999999999999998,0.0,1.0,242.25,79.0,246.51041666666666,46.63424282827706,train
2016-09-05 09:00:00,Bear_public_Valorie,Bear,247.5,16.1,11.7,1011.3,3.1,2.0,9,0,0,9,0.7071067811865476,-0.7071067811865475,0.0,1.0,243.5,79.5,253.51041666666666,30.181919361442652,train
2016-09-05 10:00:00,Bear_public_Valorie,Bear,259.25,17.2,12.2,1011.5,3.6,2.0,10,0,0,9,0.49999999999999994,-0.8660254037844387,0.0,1.0,247.5,174.0,257.0625,24.986980305404206,train
2016-09-05 11:00:00,Bear_public_Valorie,Bear,262.25,17.2,11.7,1011.5,2.6,0.0,11,0,0,9,0.258819045102521,-0.9659258262890682,0.0,1.0,259.25,178.0,260.5729166666667,18.463018143015674,train
2016-09-05 12:00:00,Bear_public_Valorie,Bear,263.25,18.9,12.2,1011.3,2.6,0.0,12,0,0,9,1.2246467991473532e-16,-1.0,0.0,1.0,262.25,254.5,260.9375,18.424235279984476,train
2016-09-05 13:00:00,Bear_public_Valorie,Bear,263.5,21.7,12.8,1010.9,5.1,0.0,13,0,0,9,-0.2588190451025208,-0.9659258262890683,0.0,1.0,263.25,284.75,260.0520833333333,17.72755457256411,train
2016-09-05 14:00:00,Bear_public_Valorie,Bear,263.0,21.7,13.3,1010.6,5.1,0.0,14,0,0,9,-0.4999999999999997,-0.8660254037844388,0.0,1.0,263.5,290.0,258.9270833333333,16.56287085994569,train
2016-09-05 15:00:00,Bear_public_Valorie,Bear,263.0,22.8,12.2,1010.0,7.7,0.0,15,0,0,9,-0.7071067811865471,-0.7071067811865479,0.0,1.0,263.0,286.5,257.9479166666667,15.52399600595165,train
2016-09-05 16:00:00,Bear_public_Valorie,Bear,262.2262,21.1,12.2,1009.7,6.2,2.0,16,0,0,9,-0.8660254037844385,-0.5000000000000004,0.0,1.0,263.0,287.5,256.89484166666665,14.23595458511797,train
2016-09-05 17:00:00,Bear_public_Valorie,Bear,263.7467,20.6,12.2,1009.9,6.2,2.0,17,0,0,9,-0.9659258262890683,-0.25881904510252063,0.0,1.0,262.2262,285.0,256.00928749999997,13.020823384682801,train
2016-09-05 18:00:00,Bear_public_Valorie,Bear,265.5,19.4,11.7,1009.8,7.2,2.0,18,0,0,9,-1.0,-1.8369701987210297e-16,0.0,1.0,263.7467,282.5,255.30095416666666,11.934124374503417,train
2016-09-05 19:00:00,Bear_public_Valorie,Bear,266.0,17.8,11.7,1009.6,4.1,2.0,19,0,0,9,-0.9659258262890684,0.2588190451025203,0.0,1.0,265.5,282.5,254.61345416666666,10.711785875909468,train
2016-09-05 20:00:00,Bear_public_Valorie,Bear,263.25,16.7,11.7,1009.7,5.7,2.0,20,0,0,9,-0.8660254037844386,0.5000000000000001,0.0,1.0,266.0,275.25,254.11345416666666,9.960349878132371,train
2016-09-05 21:00:00,Bear_public_Valorie,Bear,259.0,15.6,11.7,1010.4,5.1,0.0,21,0,0,9,-0.7071067811865477,0.7071067811865474,0.0,1.0,263.25,264.5,253.8842875,9.772487294412263,train
2016-09-05 22:00:00,Bear_public_Valorie,Bear,248.5,15.0,11.7,1010.8,5.7,0.0,22,0,0,9,-0.5000000000000004,0.8660254037844384,0.0,1.0,259.0,256.5,253.55095416666666,9.815729646804616,train
2016-09-05 23:00:00,Bear_public_Valorie,Bear,249.25,13.9,11.1,1010.7,0.0,0.0,23,0,0,9,-0.25881904510252157,0.9659258262890681,0.0,1.0,248.5,251.0,253.4780375,9.84196836732175,train
2016-09-06 00:00:00,Bear_public_Valorie,Bear,248.25,13.3,10.6,1010.7,1.5,0.0,0,1,0,9,0.0,1.0,0.7818314824680298,0.6234898018587336,249.25,243.5,253.67595416666666,9.679002128050769,train
2016-09-06 01:00:00,Bear_public_Valorie,Bear,244.5,13.3,10.6,1010.3,1.5,0.0,1,1,0,9,0.25881904510252074,0.9659258262890683,0.7818314824680298,0.6234898018587336,248.25,243.25,253.7280375,9.623665126852496,train
2016-09-06 02:00:00,Bear_public_Valorie,Bear,125.75,13.3,11.7,1010.4,0.0,0.0,2,1,0,9,0.49999999999999994,0.8660254037844387,0.7818314824680298,0.6234898018587336,244.5,242.25,248.8738708333333,27.82809475092659,train
2016-09-06 03:00:00,Bear_public_Valorie,Bear,75.75,12.8,11.7,1010.5,0.0,0.0,3,1,0,9,0.7071067811865476,0.7071067811865476,0.7818314824680298,0.6234898018587336,125.75,242.75,241.9155375,45.004152906630246,train
2016-09-06 04:00:00,Bear_public_Valorie,Bear,85.0,12.8,11.1,1010.5,1.5,0.0,4,1,0,9,0.8660254037844386,0.5000000000000001,0.7818314824680298,0.6234898018587336,75.75,243.25,235.3217875,55.231072341039855,train
2016-09-06 05:00:00,Bear_public_Valorie,Bear,93.25,12.2,9.4,1010.3,0.0,0.0,5,1,0,9,0.9659258262890683,0.25881904510252074,0.7818314824680298,0.6234898018587336,85.0,242.75,229.0926208333333,62.33109180904697,train
2016-09-06 06:00:00,Bear_public_Valorie,Bear,167.0,12.2,9.4,1010.8,1.5,0.0,6,1,0,9,1.0,6.123233995736766e-17,0.7818314824680298,0.6234898018587336,93.25,240.75,226.01970416666666,63.537652859041785,train
2016-09-06 07:00:00,Bear_public_Valorie,Bear,186.25,11.7,9.4,1011.5,1.5,0.0,7,1,0,9,0.9659258262890683,-0.25881904510252063,0.7818314824680298,0.6234898018587336,167.0,242.25,223.6863708333333,63.94267364948697,train
2016-09-06 08:00:00,Bear_public_Valorie,Bear,219.5,15.0,11.7,1012.1,0.0,0.0,8,1,0,9,0.8660254037844387,-0.4999999999999998,0.7818314824680298,0.6234898018587336,186.25,243.5,222.6863708333333,63.80685959076892,train
2016-09-06 09:00:00,Bear_public_Valorie,Bear,280.0,18.3,12.8,1012.0,0.0,0.0,9,1,0,9,0.7071067811865476,-0.7071067811865475,0.7818314824680298,0.6234898018587336,219.5,247.5,224.0405375,64.69506334516299,train
2016-09-06 10:00:00,Bear_public_Valorie,Bear,286.75,18.9,13.3,1012.2,2.1,0.0,10,1,0,9,0.49999999999999994,-0.8660254037844387,0.7818314824680298,0.6234898018587336,280.0,259.25,225.1863708333333,65.58321567796283,train
2016-09-06 11:00:00,Bear_public_Valorie,Bear,294.75,20.0,13.3,1012.1,2.1,0.0,11,1,0,9,0.258819045102521,-0.9659258262890682,0.7818314824680298,0.6234898018587336,286.75,262.25,226.5405375,66.70767297903691,train
2016-09-06 12:00:00,Bear_public_Valorie,Bear,292.75,21.1,11.7,1012.0,2.6,0.0,12,1,0,9,1.2246467991473532e-16,-1.0,0.7818314824680298,0.6234898018587336,294.75,263.25,227.76970416666666,67.67822251341441,train
2016-09-06 13:00:00,Bear_public_Valorie,Bear,293.2383,23.9,11.1,1011.7,3.6,0.0,13,1,0,9,-0.2588190451025208,-0.9659258262890683,0.7818314824680298,0.6234898018587336,292.75,263.5,229.00879999999998,68.62642913872962,train
2016-09-06 14:00:00,Bear_public_Valorie,Bear,290.5298,25.6,13.9,1011.3,6.2,0.0,14,1,0,9,-0.4999999999999997,-0.8660254037844388,0.7818314824680298,0.6234898018587336,293.2383,263.0,230.155875,69.4444879566424,train
2016-09-06 15:00:00,Bear_public_Valorie,Bear,293.25,27.2,12.2,1011.0,4.1,0.0,15,1,0,9,-0.7071067811865471,-0.7071067811865479,0.7818314824680298,0.6234898018587336,290.5298,263.0,231.41629166666667,70.3353313813994,train
2016-09-06 16:00:00,Bear_public_Valorie,Bear,290.25,25.0,13.3,1010.7,5.7,0.0,16,1,0,9,-0.8660254037844385,-0.5000000000000004,0.7818314824680298,0.6234898018587336,293.25,262.2262,232.58395,71.09754043729697,train
2016-09-06 17:00:00,Bear_public_Valorie,Bear,288.25,24.4,10.6,1010.6,6.7,0.0,17,1,0,9,-0.9659258262890683,-0.25881904510252063,0.7818314824680298,0.6234898018587336,290.25,263.7467,233.60492083333335,71.73755334362598,train
2016-09-06 18:00:00,Bear_public_Valorie,Bear,284.75,22.2,12.2,1010.4,5.7,0.0,18,1,0,9,-1.0,-1.8369701987210297e-16,0.7818314824680298,0.6234898018587336,288.25,265.5,234.40700416666667,72.21569256703218,train
2016-09-06 19:00:00,Bear_public_Valorie,Bear,256.5,20.6,13.3,1010.2,5.7,2.0,19,1,0,9,-0.9659258262890684,0.2588190451025203,0.7818314824680298,0.6234898018587336,284.75,266.0,234.01117083333335,72.06086391258025,train
2016-09-06 20:00:00,Bear_public_Valorie,Bear,155.5,18.9,13.9,1010.2,4.6,2.0,20,1,0,9,-0.8660254037844386,0.5000000000000001,0.7818314824680298,0.6234898018587336,256.5,263.25,229.5215875,73.50214687501875,train
2016-09-06 21:00:00,Bear_public_Valorie,Bear,225.0,18.3,13.9,1010.3,4.1,0.0,21,1,0,9,-0.7071067811865477,0.7071067811865474,0.7818314824680298,0.6234898018587336,155.5,259.0,228.10492083333335,73.23645741372387,train
2016-09-06 22:00:00,Bear_public_Valorie,Bear,276.5,17.2,13.9,1010.5,3.6,0.0,22,1,0,9,-0.5000000000000004,0.8660254037844384,0.7818314824680298,0.6234898018587336,225.0,248.5,229.2715875,73.79636132789223,train
2016-09-06 23:00:00,Bear_public_Valorie,Bear,274.75,16.7,13.9,1010.5,0.0,2.0,23,1,0,9,-0.25881904510252157,0.9659258262890681,0.7818314824680298,0.6234898018587336,276.5,249.25,230.3340875,74.27850734491777,train
2016-09-07 00:00:00,Bear_public_Valorie,Bear,272.75,16.7,13.9,1010.7,1.5,2.0,0,2,0,9,0.0,1.0,0.9749279121818236,-0.22252093395631434,274.75,248.25,231.35492083333335,74.70258197149442,train
2016-09-07 01:00:00,Bear_public_Valorie,Bear,267.5,16.7,13.9,1010.7,2.1,2.0,1,2,0,9,0.25881904510252074,0.9659258262890683,0.9749279121818236,-0.22252093395631434,272.75,244.5,232.31325416666667,75.02537956057166,train
2016-09-07 02:00:00,Bear_public_Valorie,Bear,116.5,14.4,12.8,1010.6,0.0,0.0,2,2,0,9,0.49999999999999994,0.8660254037844387,0.9749279121818236,-0.22252093395631434,267.5,125.75,231.9278375,75.6180309463571,train
2016-09-07 03:00:00,Bear_public_Valorie,Bear,57.75,15.0,13.3,1010.8,0.0,0.0,3,2,0,9,0.7071067811865476,0.7071067811865476,0.9749279121818236,-0.22252093395631434,116.5,75.75,231.1778375,77.30484377835276,train
2016-09-07 04:00:00,Bear_public_Valorie,Bear,66.5,15.0,13.3,1010.9,1.5,0.0,4,2,0,9,0.8660254037844386,0.5000000000000001,0.9749279121818236,-0.22252093395631434,57.75,85.0,230.40700416666667,78.90155220204876,train
2016-09-07 05:00:00,Bear_public_Valorie,Bear,84.0,13.9,12.8,1010.9,1.5,0.0,5,2,0,9,0.9659258262890683,0.25881904510252074,0.9749279121818236,-0.22252093395631434,66.5,93.25,230.0215875,79.61998481658577,train
2016-09-07 06:00:00,Bear_public_Valorie,Bear,178.0,15.0,13.3,1011.1,0.0,0.0,6,2,0,9,1.0,6.123233995736766e-17,0.9749279121818236,-0.22252093395631434,84.0,167.0,230.47992083333335,79.27232890726597,train
2016-09-07 07:00:00,Bear_public_Valorie,Bear,198.25,13.3,12.8,1011.8,0.0,2.0,7,2,0,9,0.9659258262890683,-0.25881904510252063,0.9749279121818236,-0.22252093395631434,178.0,186.25,230.97992083333335,79.01866342524525,train
2016-09-07 08:00:00,Bear_public_Valorie,Bear,236.25,16.7,13.3,1012.4,0.0,0.0,8,2,0,9,0.8660254037844387,-0.4999999999999998,0.9749279121818236,-0.22252093395631434,198.25,219.5,231.6778375,78.98682497367273,train
2016-09-07 09:00:00,Bear_public_Valorie,Bear,282.25,19.4,14.4,1012.7,2.1,0.0,9,2,0,9,0.7071067811865476,-0.7071067811865475,0.9749279121818236,-0.22252093395631434,236.25,280.0,231.7715875,79.04798411764158,train
2016-09-07 10:00:00,Bear_public_Valorie,Bear,282.5,21.1,15.0,1013.1,2.1,0.0,10,2,0,9,0.49999999999999994,-0.8660254037844387,0.9749279121818236,-0.22252093395631434,282.25,286.75,231.59450416666667,78.92412994935192,train
2016-09-07 11:00:00,Bear_public_Valorie,Bear,288.0,22.8,15.0,1013.6,2.1,0.0,11,2,0,9,0.258819045102521,-0.9659258262890682,0.9749279121818236,-0.22252093395631434,282.5,294.75,231.31325416666667,78.70099869505562,train
2016-09-07 12:00:00,Bear_public_Valorie,Bear,285.25,26.1,11.7,1013.2,2.6,0.0,12,2,0,9,1.2246467991473532e-16,-1.0,0.9749279121818236,-0.22252093395631434,288.0,292.75,231.00075416666667,78.46096802018417,train
2016-09-07 13:00:00,Bear_public_Valorie,Bear,281.75,28.3,8.3,1013.2,3.6,0.0,13,2,0,9,-0.2588190451025208,-0.9659258262890683,0.9749279121818236,-0.22252093395631434,285.25,293.2383,230.522075,78.09896597676169,train
2016-09-07 14:00:00,Bear_public_Valorie,Bear,281.75,30.6,12.2,1012.8,5.7,0.0,14,2,0,9,-0.4999999999999997,-0.8660254037844388,0.9749279121818236,-0.22252093395631434,281.75,290.5298,230.15625,77.82574642793509,train
2016-09-07 15:00:00,Bear_public_Valorie,Bear,282.0,29.4,14.4,1012.5,5.7,0.0,15,2,0,9,-0.7071067811865471,-0.7071067811865479,0.9749279121818236,-0.22252093395631434,281.75,293.25,229.6875,77.46223659194278,train
2016-09-07 16:00:00,Bear_public_Valorie,Bear,284.25,29.4,13.9,1012.3,6.2,0.0,16,2,0,9,-0.8660254037844385,-0.5000000000000004,0.9749279121818236,-0.22252093395631434,282.0,290.25,229.4375,77.26771817349832,train
2016-09-07 17:00:00,Bear_public_Valorie,Bear,278.75,27.2,13.9,1012.5,5.7,0.0,17,2,0,9,-0.9659258262890683,-0.25881904510252063,0.9749279121818236,-0.22252093395631434,284.25,288.25,229.04166666666666,76.97711640010553,train
2016-09-07 18:00:00,Bear_public_Valorie,Bear,278.5,26.1,12.8,1012.6,4.6,0.0,18,2,0,9,-1.0,-1.8369701987210297e-16,0.9749279121818236,-0.22252093395631434,278.75,284.75,228.78125,76.79080534364853,train
2016-09-07 19:00:00,Bear_public_Valorie,Bear,281.0,25.0,13.9,1012.8,3.1,0.0,19,2,0,9,-0.9659258262890684,0.2588190451025203,0.9749279121818236,-0.22252093395631434,278.5,256.5,229.80208333333334,77.33622172774683,train
2016-09-07 20:00:00,Bear_public_Valorie,Bear,286.0,21.1,15.0,1013.3,4.1,0.0,20,2,0,9,-0.8660254037844386,0.5000000000000001,0.9749279121818236,-0.22252093395631434,281.0,155.5,235.23958333333334,76.46775674464372,train
2016-09-07 21:00:00,Bear_public_Valorie,Bear,280.25,20.0,15.6,1014.0,3.6,0.0,21,2,0,9,-0.7071067811865477,0.7071067811865474,0.9749279121818236,-0.22252093395631434,286.0,225.0,237.54166666666666,76.97605735420032,train
2016-09-07 22:00:00,Bear_public_Valorie,Bear,278.25,19.4,13.9,1014.8,5.7,0.0,22,2,0,9,-0.5000000000000004,0.8660254037844384,0.9749279121818236,-0.22252093395631434,280.25,276.5,237.61458333333334,77.01538451499668,train
2016-09-07 23:00:00,Bear_public_Valorie,Bear,278.25,17.8,13.3,1015.5,2.6,0.0,23,2,0,9,-0.25881904510252157,0.9659258262890681,0.9749279121818236,-0.22252093395631434,278.25,274.75,237.76041666666666,77.09203559378096,train
2016-09-08 00:00:00,Bear_public_Valorie,Bear,273.25,16.7,13.9,1015.8,3.6,0.0,0,3,0,9,0.0,1.0,0.43388373911755823,-0.900968867902419,278.25,272.75,237.78125,77.10196920242272,train
2016-09-08 01:00:00,Bear_public_Valorie,Bear,256.25,16.1,13.9,1016.2,4.6,0.0,1,3,0,9,0.25881904510252074,0.9659258262890683,0.43388373911755823,-0.900968867902419,273.25,267.5,237.3125,76.94747820542236,train
2016-09-08 02:00:00,Bear_public_Valorie,Bear,150.75,15.6,13.9,1016.5,4.1,2.0,2,3,0,9,0.49999999999999994,0.8660254037844387,0.43388373911755823,-0.900968867902419,256.25,116.5,238.73958333333334,74.89980550733273,train
2016-09-08 03:00:00,Bear_public_Valorie,Bear,41.5,15.6,13.9,1016.5,4.6,2.0,3,3,0,9,0.7071067811865476,0.7071067811865476,0.43388373911755823,-0.900968867902419,150.75,57.75,238.0625,76.65983054745983,train
2016-09-08 04:00:00,Bear_public_Valorie,Bear,47.25,15.6,13.9,1016.8,2.1,2.0,4,3,0,9,0.8660254037844386,0.5000000000000001,0.43388373911755823,-0.900968867902419,41.5,66.5,237.26041666666666,78.60884447855508,train
2016-09-08 05:00:00,Bear_public_Valorie,Bear,63.75,15.0,13.3,1017.1,1.5,0.0,5,3,0,9,0.9659258262890683,0.25881904510252074,0.43388373911755823,-0.900968867902419,47.25,84.0,236.41666666666666,80.41335691919926,train
2016-09-08 06:00:00,Bear_public_Valorie,Bear,153.5,14.4,13.3,1017.7,1.5,0.0,6,3,0,9,1.0,6.123233995736766e-17,0.43388373911755823,-0.900968867902419,63.75,178.0,235.39583333333334,81.33739168569349,train
2016-09-08 07:00:00,Bear_public_Valorie,Bear,189.5,14.4,13.3,1018.2,1.5,2.0,7,3,0,9,0.9659258262890683,-0.25881904510252063,0.43388373911755823,-0.900968867902419,153.5,198.25,235.03125,81.53051284308567,train
2016-09-08 08:00:00,Bear_public_Valorie,Bear,205.0,15.6,13.9,1018.8,2.6,2.0,8,3,0,9,0.8660254037844387,-0.4999999999999998,0.43388373911755823,-0.900968867902419,189.5,236.25,233.72916666666666,81.75942030109466,train
2016-09-08 09:00:00,Bear_public_Valorie,Bear,264.5,17.2,14.4,1019.2,0.0,2.0,9,3,0,9,0.7071067811865476,-0.7071067811865475,0.43388373911755823,-0.900968867902419,205.0,282.25,232.98958333333334,81.38083042515873,train
2016-09-08 10:00:00,Bear_public_Valorie,Bear,272.0,18.3,13.9,1019.6,2.1,2.0,10,3,0,9,0.49999999999999994,-0.8660254037844387,0.43388373911755823,-0.900968867902419,264.5,282.5,232.55208333333334,81.13093212606991,train
2016-09-08 11:00:00,Bear_public_Valorie,Bear,277.5,18.9,13.9,1019.5,2.6,2.0,11,3,0,9,0.258819045102521,-0.9659258262890682,0.43388373911755823,-0.900968867902419,272.0,288.0,232.11458333333334,80.84674105336164,train
2016-09-08 12:00:00,Bear_public_Valorie,Bear,279.25,21.7,13.9,1019.0,3.6,2.0,12,3,0,9,1.2246467991473532e-16,-1.0,0.43388373911755823,-0.900968867902419,277.5,285.25,231.86458333333334,80.68440191798136,train
2016-09-08 13:00:00,Bear_public_Valorie,Bear,283.0,21.1,14.4,1018.9,6.2,2.0,13,3,0,9,-0.2588190451025208,-0.9659258262890683,0.43388373911755823,-0.900968867902419,279.25,281.75,231.91666666666666,80.7184002872181,train
2016-09-08 14:00:00,Bear_public_Valorie,Bear,282.5,21.1,14.4,1018.5,6.7,2.0,14,3,0,9,-0.4999999999999997,-0.8660254037844388,0.43388373911755823,-0.900968867902419,283.0,281.75,231.94791666666666,80.73867463878491,train
2016-09-08 15:00:00,Bear_public_Valorie,Bear,279.0,20.6,13.9,1018.1,7.7,2.0,15,3,0,9,-0.7071067811865471,-0.7071067811865479,0.43388373911755823,-0.900968867902419,282.5,282.0,231.82291666666666,80.66009866848775,train
2016-09-08 16:00:00,Bear_public_Valorie,Bear,278.0,20.0,13.9,1017.6,7.7,2.0,16,3,0,9,-0.8660254037844385,-0.5000000000000004,0.43388373911755823,-0.900968867902419,279.0,284.25,231.5625,80.49339191079217,train
2016-09-08 17:00:00,Bear_public_Valorie,Bear,284.25,19.4,13.9,1017.3,7.7,2.0,17,3,0,9,-0.9659258262890683,-0.25881904510252063,0.43388373911755823,-0.900968867902419,278.0,278.75,231.79166666666666,80.6412704063723,train
2016-09-08 18:00:00,Bear_public_Valorie,Bear,286.5,18.3,13.3,1017.0,6.7,2.0,18,3,0,9,-1.0,-1.8369701987210297e-16,0.43388373911755823,-0.900968867902419,284.25,278.5,232.125,80.85897546372642,train
2016-09-08 19:00:00,Bear_public_Valorie,Bear,270.25,17.2,12.8,1017.0,7.7,2.0,19,3,0,9,-0.9659258262890684,0.2588190451025203,0.43388373911755823,-0.900968867902419,286.5,281.0,231.67708333333334,80.60584046587554,train
2016-09-08 20:00:00,Bear_public_Valorie,Bear,269.5,16.1,12.8,1017.1,5.7,2.0,20,3,0,9,-0.8660254037844386,0.5000000000000001,0.43388373911755823,-0.900968867902419,270.25,286.0,230.98958333333334,80.19166846451832,train
2016-09-08 21:00:00,Bear_public_Valorie,Bear,259.75,16.1,12.8,1017.3,5.1,2.0,21,3,0,9,-0.7071067811865477,0.7071067811865474,0.43388373911755823,-0.900968867902419,269.5,280.25,230.13541666666666,79.75212887872297,train
2016-09-08 22:00:00,Bear_public_Valorie,Bear,250.5,15.6,12.8,1017.6,3.1,2.0,22,3,0,9,-0.5000000000000004,0.8660254037844384,0.43388373911755823,-0.900968867902419,259.75,278.25,228.97916666666666,79.22364177861743,train
2016-09-08 23:00:00,Bear_public_Valorie,Bear,244.0,15.0,12.8,1017.4,3.1,2.0,23,3,0,9,-0.25881904510252157,0.9659258262890681,0.43388373911755823,-0.900968867902419,250.5,278.25,227.55208333333334,78.60357260268663,train
2016-09-09 00:00:00,Bear_public_Valorie,Bear,236.75,15.0,12.8,1017.2,3.1,2.1666666666666665,0,4,0,9,0.0,1.0,-0.433883739117558,-0.9009688679024191,244.0,273.25,226.03125,78.03198593400259,train
2016-09-09 01:00:00,Bear_public_Valorie,Bear,233.75,15.0,13.3,1016.7,3.6,2.3333333333333335,1,4,0,9,0.25881904510252074,0.9659258262890683,-0.433883739117558,-0.9009688679024191,236.75,256.25,225.09375,77.78792282546199,train
2016-09-09 02:00:00,Bear_public_Valorie,Bear,140.0,15.0,12.8,1016.5,3.6,2.5,2,4,0,9,0.49999999999999994,0.8660254037844387,-0.433883739117558,-0.9009688679024191,233.75,150.75,224.64583333333334,78.26411237746146,train
2016-09-09 03:00:00,Bear_public_Valorie,Bear,42.0,15.0,12.8,1016.3,3.6,2.6666666666666665,3,4,0,9,0.7071067811865476,0.7071067811865476,-0.433883739117558,-0.9009688679024191,140.0,41.5,224.66666666666666,78.21329069013616,train
2016-09-09 04:00:00,Bear_public_Valorie,Bear,46.5,15.0,12.8,1016.1,2.1,2.833333333333333,4,4,0,9,0.8660254037844386,0.5000000000000001,-0.433883739117558,-0.9009688679024191,42.0,47.25,224.63541666666666,78.28737401556943,train
2016-09-09 05:00:00,Bear_public_Valorie,Bear,61.75,15.0,13.3,1016.1,1.5,3.0,5,4,0,9,0.9659258262890683,0.25881904510252074,-0.433883739117558,-0.9009688679024191,46.5,63.75,224.55208333333334,78.46693360508036,train
2016-09-09 06:00:00,Bear_public_Valorie,Bear,140.75,14.4,12.8,1016.2,2.1,3.1666666666666665,6,4,0,9,1.0,6.123233995736766e-17,-0.433883739117558,-0.9009688679024191,61.75,153.5,224.02083333333334,79.01017809594947,train
2016-09-09 07:00:00,Bear_public_Valorie,Bear,159.75,14.4,12.8,1016.7,0.0,3.333333333333333,7,4,0,9,0.9659258262890683,-0.25881904510252063,-0.433883739117558,-0.9009688679024191,140.75,189.5,222.78125,79.8046974923648,train
2016-09-09 08:00:00,Bear_public_Valorie,Bear,178.0,14.4,12.8,1017.1,1.5,3.5,8,4,0,9,0.8660254037844387,-0.4999999999999998,-0.433883739117558,-0.9009688679024191,159.75,205.0,221.65625,80.255292812727,train
2016-09-09 09:00:00,Bear_public_Valorie,Bear,248.25,15.0,12.8,1017.3,2.1,3.6666666666666665,9,4,0,9,0.7071067811865476,-0.7071067811865475,-0.433883739117558,-0.9009688679024191,178.0,264.5,220.97916666666666,79.946072743453,train
2016-09-09 10:00:00,Bear_public_Valorie,Bear,262.0,15.6,12.8,1017.5,1.5,3.833333333333333,10,4,0,9,0.49999999999999994,-0.8660254037844387,-0.433883739117558,-0.9009688679024191,248.25,272.0,220.5625,79.69426122211786,train
2016-09-09 11:00:00,Bear_public_Valorie,Bear,276.0,17.2,13.3,1017.5,3.1,4.0,11,4,0,9,0.258819045102521,-0.9659258262890682,-0.433883739117558,-0.9009688679024191,262.0,277.5,220.5,79.64824160836432,train
2016-09-09 12:00:00,Bear_public_Valorie,Bear,278.0,18.9,13.3,1017.0,3.1,2.0,12,4,0,9,1.2246467991473532e-16,-1.0,-0.433883739117558,-0.9009688679024191,276.0,279.25,220.44791666666666,79.60855246709254,train
2016-09-09 13:00:00,Bear_public_Valorie,Bear,276.5,19.4,13.3,1016.6,6.2,2.0,13,4,0,9,-0.2588190451025208,-0.9659258262890683,-0.433883739117558,-0.9009688679024191,278.0,283.0,220.17708333333334,79.3972702125846,train
2016-09-09 14:00:00,Bear_public_Valorie,Bear,280.5,20.0,13.3,1016.1,7.2,2.0,14,4,0,9,-0.4999999999999997,-0.8660254037844388,-0.433883739117558,-0.9009688679024191,276.5,282.5,220.09375,79.33003476465203,train
2016-09-09 15:00:00,Bear_public_Valorie,Bear,279.25,20.0,13.9,1015.8,7.2,2.0,15,4,0,9,-0.7071067811865471,-0.7071067811865479,-0.433883739117558,-0.9009688679024191,280.5,279.0,220.10416666666666,79.3381219249595,train
2016-09-09 16:00:00,Bear_public_Valorie,Bear,282.75,19.4,13.3,1015.6,6.7,2.0,16,4,0,9,-0.8660254037844385,-0.5000000000000004,-0.433883739117558,-0.9009688679024191,279.25,278.0,220.30208333333334,79.4945985028116,train
2016-09-09 17:00:00,Bear_public_Valorie,Bear,274.25,18.9,13.3,1015.3,6.7,2.0,17,4,0,9,-0.9659258262890683,-0.25881904510252063,-0.433883739117558,-0.9009688679024191,282.75,284.25,219.88541666666666,79.17039202714555,train
2016-09-09 18:00:00,Bear_public_Valorie,Bear,269.75,18.3,12.8,1015.2,7.2,2.0,18,4,0,9,-1.0,-1.8369701987210297e-16,-0.433883739117558,-0.9009688679024191,274.25,286.5,219.1875,78.62960949369176,train
2016-09-09 19:00:00,Bear_public_Valorie,Bear,258.25,16.1,12.8,1015.4,5.7,2.0,19,4,0,9,-0.9659258262890684,0.2588190451025203,-0.433883739117558,-0.9009688679024191,269.75,270.25,218.6875,78.32836574597232,train
2016-09-09 20:00:00,Bear_public_Valorie,Bear,247.5,15.6,12.8,1015.9,5.7,2.0,20,4,0,9,-0.8660254037844386,0.5000000000000001,-0.433883739117558,-0.9009688679024191,258.25,269.5,217.77083333333334,77.83503726062156,train
2016-09-09 21:00:00,Bear_public_Valorie,Bear,236.5,14.4,12.8,1016.7,6.2,4.0,21,4,0,9,-0.7071067811865477,0.7071067811865474,-0.433883739117558,-0.9009688679024191,247.5,259.75,216.80208333333334,77.43349106781446,train
2016-09-09 22:00:00,Bear_public_Valorie,Bear,136.75,14.4,12.8,1017.0,4.1,4.0,22,4,0,9,-0.5000000000000004,0.8660254037844384,-0.433883739117558,-0.9009688679024191,236.5,250.5,212.0625,78.75123359972392,train
2016-09-09 23:00:00,Bear_public_Valorie,Bear,41.0,14.4,12.8,1016.9,3.6,4.0,23,4,0,9,-0.25881904510252157,0.9659258262890681,-0.433883739117558,-0.9009688679024191,136.75,244.0,203.60416666666666,85.76148410444586,train
2016-09-10 00:00:00,Bear_public_Valorie,Bear,40.75,14.4,12.8,1016.8,3.1,4.0,0,5,1,9,0.0,1.0,-0.9749279121818236,-0.2225209339563146,41.0,236.75,195.4375,91.6011928558177,train
2016-09-10 01:00:00,Bear_public_Valorie,Bear,40.75,14.4,12.8,1016.7,3.1,4.0,1,5,1,9,0.25881904510252074,0.9659258262890683,-0.9749279121818236,-0.2225209339563146,40.75,233.75,187.39583333333334,96.43565991697882,train
2016-09-10 02:00:00,Bear_public_Valorie,Bear,40.0,15.0,12.8,1016.6,3.1,4.0,2,5,1,9,0.49999999999999994,0.8660254037844387,-0.9749279121818236,-0.2225209339563146,40.75,140.0,183.22916666666666,100.64114889770129,train
2016-09-10 03:00:00,Bear_public_Valorie,Bear,41.0,15.0,12.8,1016.5,3.6,4.0,3,5,1,9,0.7071067811865476,0.7071067811865476,-0.9749279121818236,-0.2225209339563146,40.0,42.0,183.1875,100.70235009778767,train
2016-09-10 04:00:00,Bear_public_Valorie,Bear,47.0,15.0,12.8,1016.6,2.6,4.0,4,5,1,9,0.8660254037844386,0.5000000000000001,-0.9749279121818236,-0.2225209339563146,41.0,46.5,183.20833333333334,100.67289008020707,train
2016-09-10 05:00:00,Bear_public_Valorie,Bear,65.75,15.0,12.8,1016.7,2.1,4.0,5,5,1,9,0.9659258262890683,0.25881904510252074,-0.9749279121818236,-0.2225209339563146,47.0,61.75,183.375,100.46616886771649,train
2016-09-10 06:00:00,Bear_public_Valorie,Bear,113.5,14.4,12.8,1016.9,2.1,4.0,6,5,1,9,1.0,6.123233995736766e-17,-0.9749279121818236,-0.2225209339563146,65.75,140.75,182.23958333333334,101.1206898142734,train
2016-09-10 07:00:00,Bear_public_Valorie,Bear,126.5,14.4,12.2,1017.5,1.5,4.0,7,5,1,9,0.9659258262890683,-0.25881904510252063,-0.9749279121818236,-0.2225209339563146,113.5,159.75,180.85416666666666,101.66849680581309,train
2016-09-10 08:00:00,Bear_public_Valorie,Bear,158.75,14.4,12.2,1017.9,2.1,4.0,8,5,1,9,0.8660254037844387,-0.4999999999999998,-0.9749279121818236,-0.2225209339563146,126.5,178.0,180.05208333333334,101.76787790718585,train
2016-09-10 09:00:00,Bear_public_Valorie,Bear,239.75,15.6,12.8,1018.1,1.5,4.0,9,5,1,9,0.7071067811865476,-0.7071067811865475,-0.9749279121818236,-0.2225209339563146,158.75,248.25,179.69791666666666,101.53474397762301,train
2016-09-10 10:00:00,Bear_public_Valorie,Bear,249.75,16.7,12.8,1018.4,2.1,4.0,10,5,1,9,0.49999999999999994,-0.8660254037844387,-0.9749279121818236,-0.2225209339563146,239.75,262.0,179.1875,101.13301749804991,train
2016-09-10 11:00:00,Bear_public_Valorie,Bear,259.25,17.2,12.8,1018.3,2.6,4.0,11,5,1,9,0.258819045102521,-0.9659258262890682,-0.9749279121818236,-0.2225209339563146,249.75,276.0,178.48958333333334,100.49163060453328,train
2016-09-10 12:00:00,Bear_public_Valorie,Bear,268.0,18.9,13.3,1018.1,3.6,2.0,12,5,1,9,1.2246467991473532e-16,-1.0,-0.9749279121818236,-0.2225209339563146,259.25,278.0,178.07291666666666,100.08098566222851,train
2016-09-10 13:00:00,Bear_public_Valorie,Bear,273.5,19.4,12.8,1017.8,5.7,2.0,13,5,1,9,-0.2588190451025208,-0.9659258262890683,-0.9749279121818236,-0.2225209339563146,268.0,276.5,177.94791666666666,99.95449995217027,train
2016-09-10 14:00:00,Bear_public_Valorie,Bear,273.75,19.4,13.9,1017.5,6.2,2.0,14,5,1,9,-0.4999999999999997,-0.8660254037844388,-0.9749279121818236,-0.2225209339563146,273.5,280.5,177.66666666666666,99.66246477013286,train
2016-09-10 15:00:00,Bear_public_Valorie,Bear,274.75,20.0,13.3,1017.3,6.7,2.0,15,5,1,9,-0.7071067811865471,-0.7071067811865479,-0.9749279121818236,-0.2225209339563146,273.75,279.25,177.47916666666666,99.46708316854361,train
2016-09-10 16:00:00,Bear_public_Valorie,Bear,269.75,20.0,13.9,1016.8,6.7,2.0,16,5,1,9,-0.8660254037844385,-0.5000000000000004,-0.9749279121818236,-0.2225209339563146,274.75,282.75,176.9375,98.90268191070672,train
2016-09-10 17:00:00,Bear_public_Valorie,Bear,259.5,19.4,13.3,1016.6,7.7,2.0,17,5,1,9,-0.9659258262890683,-0.25881904510252063,-0.9749279121818236,-0.2225209339563146,269.75,274.25,176.32291666666666,98.31577561409689,train
2016-09-10 18:00:00,Bear_public_Valorie,Bear,262.5,17.8,13.3,1016.7,8.2,2.0,18,5,1,9,-1.0,-1.8369701987210297e-16,-0.9749279121818236,-0.2225209339563146,259.5,269.75,176.02083333333334,98.02694606993069,train
2016-09-10 19:00:00,Bear_public_Valorie,Bear,255.5,16.1,12.8,1016.9,7.2,2.0,19,5,1,9,-0.9659258262890684,0.2588190451025203,-0.9749279121818236,-0.2225209339563146,262.5,258.25,175.90625,97.92820719071169,train
2016-09-10 20:00:00,Bear_public_Valorie,Bear,244.25,15.6,12.8,1017.6,4.1,2.0,20,5,1,9,-0.8660254037844386,0.5000000000000001,-0.9749279121818236,-0.2225209339563146,255.5,247.5,175.77083333333334,97.82709671379027,train
2016-09-10 21:00:00,Bear_public_Valorie,Bear,240.5,15.0,12.8,1018.2,4.6,4.0,21,5,1,9,-0.7071067811865477,0.7071067811865474,-0.9749279121818236,-0.2225209339563146,244.25,236.5,175.9375,97.93840261369255,train
2016-09-10 22:00:00,Bear_public_Valorie,Bear,134.5,15.0,12.8,1018.2,5.1,4.0,22,5,1,9,-0.5000000000000004,0.8660254037844384,-0.9749279121818236,-0.2225209339563146,240.5,136.75,175.84375,97.97861380723324,train
2016-09-10 23:00:00,Bear_public_Valorie,Bear,42.75,15.0,12.8,1018.4,3.6,4.0,23,5,1,9,-0.25881904510252157,0.9659258262890681,-0.9749279121818236,-0.2225209339563146,134.5,41.0,175.91666666666666,97.87449446442452,train
2016-09-11 00:00:00,Bear_public_Valorie,Bear,41.0,15.6,12.8,1017.8,4.1,4.0,0,6,1,9,0.0,1.0,-0.7818314824680299,0.6234898018587334,42.75,40.75,175.92708333333334,97.85949552821243,train
2016-09-11 01:00:00,Bear_public_Valorie,Bear,40.75,15.6,13.3,1017.4,4.6,4.0,1,6,1,9,0.25881904510252074,0.9659258262890683,-0.7818314824680299,0.6234898018587334,41.0,40.75,175.92708333333334,97.85949552821243,train
2016-09-11 02:00:00,Bear_public_Valorie,Bear,40.0,15.0,12.8,1017.8,4.1,4.0,2,6,1,9,0.49999999999999994,0.8660254037844387,-0.7818314824680299,0.6234898018587334,40.75,40.0,175.92708333333334,97.85949552821243,train
2016-09-11 03:00:00,Bear_public_Valorie,Bear,40.6,15.6,12.8,1017.7,4.6,4.0,3,6,1,9,0.7071067811865476,0.7071067811865476,-0.7818314824680299,0.6234898018587334,40.0,41.0,175.9104166666667,97.88350549323889,train
2016-09-11 04:00:00,Bear_public_Valorie,Bear,46.5,15.6,12.2,1017.6,3.6,4.0,4,6,1,9,0.8660254037844386,0.5000000000000001,-0.7818314824680299,0.6234898018587334,40.6,47.0,175.88958333333335,97.91218445646197,train
2016-09-11 05:00:00,Bear_public_Valorie,Bear,59.25,15.6,12.2,1017.7,4.1,4.0,5,6,1,9,0.9659258262890683,0.25881904510252074,-0.7818314824680299,0.6234898018587334,46.5,65.75,175.61875,98.23853159363648,train
2016-09-11 06:00:00,Bear_public_Valorie,Bear,63.0,15.6,12.8,1018.0,3.6,4.0,6,6,1,9,1.0,6.123233995736766e-17,-0.7818314824680299,0.6234898018587334,59.25,113.5,173.51458333333335,100.14914799086961,train
2016-09-11 07:00:00,Bear_public_Valorie,Bear,63.75,15.6,12.2,1018.4,4.1,4.0,7,6,1,9,0.9659258262890683,-0.25881904510252063,-0.7818314824680299,0.6234898018587334,63.0,126.5,170.9,102.22745738537303,train
2016-09-11 08:00:00,Bear_public_Valorie,Bear,62.75,16.1,12.2,1018.7,4.1,4.0,8,6,1,9,0.8660254037844387,-0.4999999999999998,-0.7818314824680299,0.6234898018587334,63.75,158.75,166.9,104.5747537909355,train
2016-09-11 09:00:00,Bear_public_Valorie,Bear,62.25,16.1,12.2,1019.0,3.6,4.0,9,6,1,9,0.7071067811865476,-0.7071067811865475,-0.7818314824680299,0.6234898018587334,62.75,239.75,159.50416666666666,105.47139723194134,train
2016-09-11 10:00:00,Bear_public_Valorie,Bear,145.25,16.7,12.2,1019.2,4.6,4.0,10,6,1,9,0.49999999999999994,-0.8660254037844387,-0.7818314824680299,0.6234898018587334,62.25,249.75,155.15,103.7264001445944,train
2016-09-11 11:00:00,Bear_public_Valorie,Bear,167.5,17.8,12.8,1019.2,3.1,4.0,11,6,1,9,0.258819045102521,-0.9659258262890682,-0.7818314824680299,0.6234898018587334,145.25,259.25,151.32708333333332,101.38728586268319,train
2016-09-11 12:00:00,Bear_public_Valorie,Bear,225.0,19.4,12.8,1019.0,4.6,4.0,12,6,1,9,1.2246467991473532e-16,-1.0,-0.7818314824680299,0.6234898018587334,167.5,268.0,149.53541666666666,99.60004090182349,train
2016-09-11 13:00:00,Bear_public_Valorie,Bear,264.0,20.0,12.2,1018.5,6.7,4.0,13,6,1,9,-0.2588190451025208,-0.9659258262890683,-0.7818314824680299,0.6234898018587334,225.0,273.5,149.13958333333335,99.10359750760443,train
2016-09-11 14:00:00,Bear_public_Valorie,Bear,273.5,20.6,12.8,1017.9,7.2,2.0,14,6,1,9,-0.4999999999999997,-0.8660254037844388,-0.7818314824680299,0.6234898018587334,264.0,273.75,149.1291666666667,99.08994258255719,train
2016-09-11 15:00:00,Bear_public_Valorie,Bear,272.0,18.9,13.3,1017.1,8.2,2.0,15,6,1,9,-0.7071067811865471,-0.7071067811865479,-0.7818314824680299,0.6234898018587334,273.5,274.75,149.01458333333335,98.93984061382145,train
2016-09-11 16:00:00,Bear_public_Valorie,Bear,274.5,18.3,13.3,1016.4,8.2,2.0,16,6,1,9,-0.8660254037844385,-0.5000000000000004,-0.7818314824680299,0.6234898018587334,272.0,269.75,149.2125,99.19627584392639,train
2016-09-11 17:00:00,Bear_public_Valorie,Bear,265.0,18.9,13.3,1016.0,7.7,2.1333333333333333,17,6,1,9,-0.9659258262890683,-0.25881904510252063,-0.7818314824680299,0.6234898018587334,274.5,259.5,149.4416666666667,99.46812430936444,train
2016-09-11 18:00:00,Bear_public_Valorie,Bear,258.75,17.2,12.8,1015.6,7.2,2.2666666666666666,18,6,1,9,-1.0,-1.8369701987210297e-16,-0.7818314824680299,0.6234898018587334,265.0,262.5,149.2854166666667,99.28558225289858,train
2016-09-11 19:00:00,Bear_public_Valorie,Bear,252.0,16.7,12.8,1015.4,4.6,2.4,19,6,1,9,-0.9659258262890684,0.2588190451025203,-0.7818314824680299,0.6234898018587334,258.75,255.5,149.13958333333335,99.12522929319015,train
2016-09-11 20:00:00,Bear_public_Valorie,Bear,249.5,16.1,12.8,1015.2,6.2,2.533333333333333,20,6,1,9,-0.8660254037844386,0.5000000000000001,-0.7818314824680299,0.6234898018587334,252.0,244.25,149.35833333333335,99.34978355665206,train
2016-09-11 21:00:00,Bear_public_Valorie,Bear,238.0,16.1,12.8,1015.4,4.6,2.6666666666666665,21,6,1,9,-0.7071067811865477,0.7071067811865474,-0.7818314824680299,0.6234898018587334,249.5,240.5,149.2541666666667,99.25132998415273,train
2016-09-11 22:00:00,Bear_public_Valorie,Bear,234.75,15.6,12.8,1015.3,4.6,2.8,22,6,1,9,-0.5000000000000004,0.8660254037844384,-0.7818314824680299,0.6234898018587334,238.0,134.5,153.43125,100.70233991118054,train
2016-09-11 23:00:00,Bear_public_Valorie,Bear,233.25,16.1,12.8,1014.8,4.6,2.0,23,6,1,9,-0.25881904510252157,0.9659258262890681,-0.7818314824680299,0.6234898018587334,234.75,42.75,161.36875,99.09387491765395,train
2016-09-12 00:00:00,Bear_public_Valorie,Bear,229.0,15.6,12.8,1014.5,4.1,2.0,0,0,0,9,0.0,1.0,0.0,1.0,233.25,41.0,169.20208333333335,96.56342641786262,train
2016-09-12 01:00:00,Bear_public_Valorie,Bear,232.0,15.6,12.2,1014.15,5.7,3.2,1,0,0,9,0.25881904510252074,0.9659258262890683,0.0,1.0,229.0,40.75,177.17083333333335,93.3397276859792,train
2016-09-12 02:00:00,Bear_public_Valorie,Bear,130.0,15.6,12.2,1013.8,4.6,3.333333333333333,2,0,0,9,0.49999999999999994,0.8660254037844387,0.0,1.0,232.0,40.0,180.92083333333335,89.31009962444078,train
2016-09-12 03:00:00,Bear_public_Valorie,Bear,43.0,15.0,12.2,1013.5,4.6,3.466666666666667,3,0,0,9,0.7071067811865476,0.7071067811865476,0.0,1.0,130.0,40.6,181.02083333333334,89.14734739240114,train
2016-09-12 04:00:00,Bear_public_Valorie,Bear,49.75,15.0,12.2,1013.2,3.6,3.6,4,0,0,9,0.8660254037844386,0.5000000000000001,0.0,1.0,43.0,46.5,181.15625,88.93634180705737,train
2016-09-12 05:00:00,Bear_public_Valorie,Bear,75.5,15.0,11.7,1013.0,3.1,3.7333333333333334,5,0,0,9,0.9659258262890683,0.25881904510252074,0.0,1.0,49.75,59.25,181.83333333333334,88.02509111989984,train
2016-09-12 06:00:00,Bear_public_Valorie,Bear,143.25,15.0,11.7,1012.8,1.5,3.8666666666666667,6,0,0,9,1.0,6.123233995736766e-17,0.0,1.0,75.5,63.0,185.17708333333334,84.77914014760158,train
2016-09-12 07:00:00,Bear_public_Valorie,Bear,165.75,14.4,11.7,1012.95,3.1,4.0,7,0,0,9,0.9659258262890683,-0.25881904510252063,0.0,1.0,143.25,63.75,189.42708333333334,80.8949761690061,train
2016-09-12 08:00:00,Bear_public_Valorie,Bear,189.5,15.0,11.1,1013.1,3.6,2.0,8,0,0,9,0.8660254037844387,-0.4999999999999998,0.0,1.0,165.75,62.75,194.70833333333334,76.27053061687535,train
2016-09-12 09:00:00,Bear_public_Valorie,Bear,242.25,16.1,11.1,1013.4,3.1,2.0,9,0,0,9,0.7071067811865476,-0.7071067811865475,0.0,1.0,189.5,62.25,202.20833333333334,71.37179394560924,train
2016-09-12 10:00:00,Bear_public_Valorie,Bear,253.5,17.2,11.1,1013.3,4.1,2.0,10,0,0,9,0.49999999999999994,-0.8660254037844387,0.0,1.0,242.25,145.25,206.71875,71.03544401962468,train
2016-09-12 11:00:00,Bear_public_Valorie,Bear,257.25,17.2,11.7,1013.4,5.7,2.0,11,0,0,9,0.258819045102521,-0.9659258262890682,0.0,1.0,253.5,167.5,210.45833333333334,71.24314103776975,train
2016-09-12 12:00:00,Bear_public_Valorie,Bear,259.75,18.3,11.7,1013.4,8.8,2.0,12,0,0,9,1.2246467991473532e-16,-1.0,0.0,1.0,257.25,225.0,211.90625,71.90160896866374,train
2016-09-12 13:00:00,Bear_public_Valorie,Bear,265.0,18.3,11.7,1012.9,8.2,4.0,13,0,0,9,-0.2588190451025208,-0.9659258262890683,0.0,1.0,259.75,264.0,211.94791666666666,71.93339231715434,train
2016-09-12 14:00:00,Bear_public_Valorie,Bear,263.5,18.3,11.7,1012.4,8.8,2.0,14,0,0,9,-0.4999999999999997,-0.8660254037844388,0.0,1.0,265.0,273.5,211.53125,71.58949675892175,train
2016-09-12 15:00:00,Bear_public_Valorie,Bear,264.5,17.8,10.6,1012.1,6.2,4.0,15,0,0,9,-0.7071067811865471,-0.7071067811865479,0.0,1.0,263.5,272.0,211.21875,71.329963233492,train
2016-09-12 16:00:00,Bear_public_Valorie,Bear,259.75,17.2,10.6,1012.0,6.7,3.857142857142857,16,0,0,9,-0.8660254037844385,-0.5000000000000004,0.0,1.0,264.5,274.5,210.60416666666666,70.82276242519949,train
2016-09-12 17:00:00,Bear_public_Valorie,Bear,254.25,16.7,10.6,1011.6,5.1,3.7142857142857144,17,0,0,9,-0.9659258262890683,-0.25881904510252063,0.0,1.0,259.75,265.0,210.15625,70.49702477918773,train
2016-09-12 18:00:00,Bear_public_Valorie,Bear,251.75,16.7,10.6,1011.2,7.7,3.5714285714285716,18,0,0,9,-1.0,-1.8369701987210297e-16,0.0,1.0,254.25,258.75,209.86458333333334,70.3014463936287,train
2016-09-12 19:00:00,Bear_public_Valorie,Bear,245.5,16.1,10.0,1011.2,6.7,3.428571428571429,19,0,0,9,-0.9659258262890684,0.2588190451025203,0.0,1.0,251.75,252.0,209.59375,70.14440898185015,train
2016-09-12 20:00:00,Bear_public_Valorie,Bear,238.25,16.1,10.6,1011.1,7.7,3.2857142857142856,20,0,0,9,-0.8660254037844386,0.5000000000000001,0.0,1.0,245.5,249.5,209.125,69.90331055169685,train
2016-09-12 21:00:00,Bear_public_Valorie,Bear,234.5,16.7,10.0,1011.0,6.2,3.142857142857143,21,0,0,9,-0.7071067811865477,0.7071067811865474,0.0,1.0,238.25,238.0,208.97916666666666,69.84407776809267,train
2016-09-12 22:00:00,Bear_public_Valorie,Bear,240.5,16.7,9.4,1010.7,6.2,2.0,22,0,0,9,-0.5000000000000004,0.8660254037844384,0.0,1.0,234.5,234.75,209.21875,69.94610939937054,train
2016-09-12 23:00:00,Bear_public_Valorie,Bear,238.5,16.1,9.4,1010.5,5.1,2.857142857142857,23,0,0,9,-0.25881904510252157,0.9659258262890681,0.0,1.0,240.5,233.25,209.4375,70.03268840800122,train
2016-09-13 00:00:00,Bear_public_Valorie,Bear,236.0,16.1,9.4,1010.4,4.6,2.7142857142857144,0,1,0,9,0.0,1.0,0.7818314824680298,0.6234898018587336,238.5,229.0,209.72916666666666,70.13220887020819,train
2016-09-13 01:00:00,Bear_public_Valorie,Bear,228.25,16.1,10.6,1010.2,5.1,2.5714285714285716,1,1,0,9,0.25881904510252074,0.9659258262890683,0.7818314824680298,0.6234898018587336,236.0,232.0,209.57291666666666,70.08459481407907,train
2016-09-13 02:00:00,Bear_public_Valorie,Bear,125.75,16.1,10.0,1010.2,3.6,2.428571428571429,2,1,0,9,0.49999999999999994,0.8660254037844387,0.7818314824680298,0.6234898018587336,228.25,130.0,209.39583333333334,70.29943397116853,train
2016-09-13 03:00:00,Bear_public_Valorie,Bear,44.75,16.1,10.0,1010.0,3.6,2.2857142857142856,3,1,0,9,0.7071067811865476,0.7071067811865476,0.7818314824680298,0.6234898018587336,125.75,43.0,209.46875,70.1200179389658,train
2016-09-13 04:00:00,Bear_public_Valorie,Bear,51.25,16.1,10.0,1010.2,5.1,2.1428571428571432,4,1,0,9,0.8660254037844386,0.5000000000000001,0.7818314824680298,0.6234898018587336,44.75,49.75,209.53125,69.97197857232638,train
2016-09-13 05:00:00,Bear_public_Valorie,Bear,74.75,14.4,8.9,1010.6,3.1,2.0,5,1,0,9,0.9659258262890683,0.25881904510252074,0.7818314824680298,0.6234898018587336,51.25,75.5,209.5,70.03457996807266,train
2016-09-13 06:00:00,Bear_public_Valorie,Bear,130.5,13.9,8.3,1011.2,2.6,2.0,6,1,0,9,1.0,6.123233995736766e-17,0.7818314824680298,0.6234898018587336,74.75,143.25,208.96875,70.60500630805784,train
2016-09-13 07:00:00,Bear_public_Valorie,Bear,152.25,13.9,8.3,1011.5,4.1,2.0,7,1,0,9,0.9659258262890683,-0.25881904510252063,0.7818314824680298,0.6234898018587336,130.5,165.75,208.40625,71.01686926434249,train
2016-09-13 08:00:00,Bear_public_Valorie,Bear,177.5,15.6,9.4,1012.0,3.6,2.0,8,1,0,9,0.8660254037844387,-0.4999999999999998,0.7818314824680298,0.6234898018587336,152.25,189.5,207.90625,71.19778073071011,train
2016-09-13 09:00:00,Bear_public_Valorie,Bear,246.75,17.8,11.1,1012.2,5.1,2.0,9,1,0,9,0.7071067811865476,-0.7071067811865475,0.7818314824680298,0.6234898018587336,177.5,242.25,208.09375,71.29801252260773,train
2016-09-13 10:00:00,Bear_public_Valorie,Bear,267.0,18.9,11.1,1012.8,6.7,4.0,10,1,0,9,0.49999999999999994,-0.8660254037844387,0.7818314824680298,0.6234898018587336,246.75,253.5,208.65625,71.72379890109254,train
2016-09-13 11:00:00,Bear_public_Valorie,Bear,283.75,20.0,11.7,1013.4,5.7,4.0,11,1,0,9,0.258819045102521,-0.9659258262890682,0.7818314824680298,0.6234898018587336,267.0,257.25,209.76041666666666,72.70172382856505,train
2016-09-13 12:00:00,Bear_public_Valorie,Bear,295.25,20.6,11.1,1013.9,4.6,4.0,12,1,0,9,1.2246467991473532e-16,-1.0,0.7818314824680298,0.6234898018587336,283.75,259.75,211.23958333333334,74.11050353763268,train
2016-09-13 13:00:00,Bear_public_Valorie,Bear,294.25,21.7,11.1,1014.1,7.2,2.0,13,1,0,9,-0.2588190451025208,-0.9659258262890683,0.7818314824680298,0.6234898018587336,295.25,265.0,212.45833333333334,75.26455754994127,train
2016-09-13 14:00:00,Bear_public_Valorie,Bear,293.5,22.2,10.6,1013.8,6.2,2.0,14,1,0,9,-0.4999999999999997,-0.8660254037844388,0.7818314824680298,0.6234898018587336,294.25,263.5,213.70833333333334,76.3898278378834,train
2016-09-13 15:00:00,Bear_public_Valorie,Bear,295.25,22.2,10.0,1013.5,4.1,2.0,15,1,0,9,-0.7071067811865471,-0.7071067811865479,0.7818314824680298,0.6234898018587336,293.5,264.5,214.98958333333334,77.52816736258808,train
2016-09-13 16:00:00,Bear_public_Valorie,Bear,292.75,21.7,10.6,1013.1,2.6,2.0,16,1,0,9,-0.8660254037844385,-0.5000000000000004,0.7818314824680298,0.6234898018587336,295.25,259.75,216.36458333333334,78.64117667853195,train
2016-09-13 17:00:00,Bear_public_Valorie,Bear,294.75,21.7,11.1,1013.1,3.6,2.0,17,1,0,9,-0.9659258262890683,-0.25881904510252063,0.7818314824680298,0.6234898018587336,292.75,254.25,218.05208333333334,79.91370954806129,train
2016-09-13 18:00:00,Bear_public_Valorie,Bear,292.0,21.7,12.2,1013.2,6.2,2.0,18,1,0,9,-1.0,-1.8369701987210297e-16,0.7818314824680298,0.6234898018587336,294.75,251.75,219.72916666666666,81.06569117840114,train
2016-09-13 19:00:00,Bear_public_Valorie,Bear,294.5,19.4,12.8,1013.7,6.7,2.0,19,1,0,9,-0.9659258262890684,0.2588190451025203,0.7818314824680298,0.6234898018587336,292.0,245.5,221.77083333333334,82.34982763988556,train
2016-09-13 20:00:00,Bear_public_Valorie,Bear,288.5,18.9,12.8,1014.3,6.2,2.0,20,1,0,9,-0.8660254037844386,0.5000000000000001,0.7818314824680298,0.6234898018587336,294.5,238.25,223.86458333333334,83.4188938028857,train
2016-09-13 21:00:00,Bear_public_Valorie,Bear,265.0,17.8,12.8,1015.4,2.6,0.0,21,1,0,9,-0.7071067811865477,0.7071067811865474,0.7818314824680298,0.6234898018587336,288.5,234.5,225.13541666666666,83.81932494718309,train
2016-09-13 22:00:00,Bear_public_Valorie,Bear,260.5,17.8,12.8,1015.9,2.6,0.0,22,1,0,9,-0.5000000000000004,0.8660254037844384,0.7818314824680298,0.6234898018587336,265.0,240.5,225.96875,84.07774328418247,train
2016-09-13 23:00:00,Bear_public_Valorie,Bear,256.25,17.8,12.2,1016.2,3.1,0.0,23,1,0,9,-0.25881904510252157,0.9659258262890681,0.7818314824680298,0.6234898018587336,260.5,238.5,226.70833333333334,84.27061309782954,train
2016-09-14 00:00:00,Bear_public_Valorie,Bear,241.5,17.8,12.2,1016.5,4.1,0.0,0,2,0,9,0.0,1.0,0.9749279121818236,-0.22252093395631434,256.25,236.0,226.9375,84.30445118219119,train
2016-09-14 01:00:00,Bear_public_Valorie,Bear,236.5,15.6,12.2,1016.8,1.5,0.0,1,2,0,9,0.25881904510252074,0.9659258262890683,0.9749279121818236,-0.22252093395631434,241.5,228.25,227.28125,84.32685220448711,train
2016-09-14 02:00:00,Bear_public_Valorie,Bear,122.5,15.0,12.2,1017.1,1.5,0.0,2,2,0,9,0.49999999999999994,0.8660254037844387,0.9749279121818236,-0.22252093395631434,236.5,125.75,227.14583333333334,84.49941846554043,train
2016-09-14 03:00:00,Bear_public_Valorie,Bear,44.5,15.0,12.2,1017.2,0.0,1.0,3,2,0,9,0.7071067811865476,0.7071067811865476,0.9749279121818236,-0.22252093395631434,122.5,44.75,227.13541666666666,84.52289306449926,train
2016-09-14 04:00:00,Bear_public_Valorie,Bear,49.75,14.4,11.1,1017.4,1.5,2.0,4,2,0,9,0.8660254037844386,0.5000000000000001,0.9749279121818236,-0.22252093395631434,44.5,51.25,227.07291666666666,84.65905018413407,train
2016-09-14 05:00:00,Bear_public_Valorie,Bear,67.0,13.3,11.1,1017.6,1.5,2.0,5,2,0,9,0.9659258262890683,0.25881904510252074,0.9749279121818236,-0.22252093395631434,49.75,74.75,226.75,85.27783875432536,train
2016-09-14 06:00:00,Bear_public_Valorie,Bear,141.5,12.8,10.6,1018.0,1.5,2.0,6,2,0,9,1.0,6.123233995736766e-17,0.9749279121818236,-0.22252093395631434,67.0,130.5,227.20833333333334,84.7660676915243,train
2016-09-14 07:00:00,Bear_public_Valorie,Bear,159.75,12.2,10.0,1018.6,2.1,2.0,7,2,0,9,0.9659258262890683,-0.25881904510252063,0.9749279121818236,-0.22252093395631434,141.5,152.25,227.52083333333334,84.49108895214253,train
2016-09-14 08:00:00,Bear_public_Valorie,Bear,192.0,15.0,11.1,1019.0,1.5,2.0,8,2,0,9,0.8660254037844387,-0.4999999999999998,0.9749279121818236,-0.22252093395631434,159.75,177.5,228.125,84.16908448241978,train
2016-09-14 09:00:00,Bear_public_Valorie,Bear,253.5,17.2,11.1,1019.3,2.1,2.0,9,2,0,9,0.7071067811865476,-0.7071067811865475,0.9749279121818236,-0.22252093395631434,192.0,246.75,228.40625,84.24526862279038,train
2016-09-14 10:00:00,Bear_public_Valorie,Bear,273.0,17.8,12.2,1019.8,2.1,2.0,10,2,0,9,0.49999999999999994,-0.8660254037844387,0.9749279121818236,-0.22252093395631434,253.5,267.0,228.65625,84.37358090594073,train
2016-09-14 11:00:00,Bear_public_Valorie,Bear,290.75,18.3,12.2,1019.9,3.1,2.0,11,2,0,9,0.258819045102521,-0.9659258262890682,0.9749279121818236,-0.22252093395631434,273.0,283.75,228.94791666666666,84.58414832369566,train
2016-09-14 12:00:00,Bear_public_Valorie,Bear,292.75,20.6,11.7,1019.8,2.1,2.0,12,2,0,9,1.2246467991473532e-16,-1.0,0.9749279121818236,-0.22252093395631434,290.75,295.25,228.84375,84.50044418779586,train
2016-09-14 13:00:00,Bear_public_Valorie,Bear,294.25,21.7,11.1,1019.2,4.1,2.0,13,2,0,9,-0.2588190451025208,-0.9659258262890683,0.9749279121818236,-0.22252093395631434,292.75,294.25,228.84375,84.50044418779586,train
2016-09-14 14:00:00,Bear_public_Valorie,Bear,295.5,23.3,10.6,1018.7,4.6,0.0,14,2,0,9,-0.4999999999999997,-0.8660254037844388,0.9749279121818236,-0.22252093395631434,294.25,293.5,228.92708333333334,84.56793895927025,train
2016-09-14 15:00:00,Bear_public_Valorie,Bear,294.75,23.3,13.3,1018.1,6.2,0.0,15,2,0,9,-0.7071067811865471,-0.7071067811865479,0.9749279121818236,-0.22252093395631434,295.5,295.25,228.90625,84.55094979604347,train
2016-09-14 16:00:00,Bear_public_Valorie,Bear,295.25,23.3,11.7,1017.8,6.7,0.0,16,2,0,9,-0.8660254037844385,-0.5000000000000004,0.9749279121818236,-0.22252093395631434,294.75,292.75,229.01041666666666,84.63452371323825,train
2016-09-14 17:00:00,Bear_public_Valorie,Bear,298.0,21.7,12.2,1017.6,7.2,0.0,17,2,0,9,-0.9659258262890683,-0.25881904510252063,0.9749279121818236,-0.22252093395631434,295.25,294.75,229.14583333333334,84.74680693826703,train
2016-09-14 18:00:00,Bear_public_Valorie,Bear,291.25,21.1,12.8,1017.5,5.1,0.0,18,2,0,9,-1.0,-1.8369701987210297e-16,0.9749279121818236,-0.22252093395631434,298.0,292.0,229.11458333333334,84.72275691305906,train
2016-09-14 19:00:00,Bear_public_Valorie,Bear,294.75,19.4,11.7,1017.7,4.6,0.0,19,2,0,9,-0.9659258262890684,0.2588190451025203,0.9749279121818236,-0.22252093395631434,291.25,294.5,229.125,84.73116053269548,train
2016-09-14 20:00:00,Bear_public_Valorie,Bear,286.25,18.3,11.1,1017.6,4.1,0.0,20,2,0,9,-0.8660254037844386,0.5000000000000001,0.9749279121818236,-0.22252093395631434,294.75,288.5,229.03125,84.66382731067222,train
2016-09-14 21:00:00,Bear_public_Valorie,Bear,279.5,17.8,11.1,1018.0,2.1,0.0,21,2,0,9,-0.7071067811865477,0.7071067811865474,0.9749279121818236,-0.22252093395631434,286.25,265.0,229.63541666666666,84.982798104863,train
2016-09-14 22:00:00,Bear_public_Valorie,Bear,278.5,16.7,12.8,1018.2,2.6,0.0,22,2,0,9,-0.5000000000000004,0.8660254037844384,0.9749279121818236,-0.22252093395631434,279.5,260.5,230.38541666666666,85.34568387645974,train
2016-09-14 23:00:00,Bear_public_Valorie,Bear,276.5,16.7,12.8,1018.4,2.6,0.0,23,2,0,9,-0.25881904510252157,0.9659258262890681,0.9749279121818236,-0.22252093395631434,278.5,256.25,231.22916666666666,85.7118186217589,train
2016-09-15 00:00:00,Bear_public_Valorie,Bear,264.0,16.1,13.3,1018.2,4.6,2.0,0,3,0,9,0.0,1.0,0.43388373911755823,-0.900968867902419,276.5,241.5,232.16666666666666,85.95175803987344,train
2016-09-15 01:00:00,Bear_public_Valorie,Bear,258.25,15.6,13.3,1018.2,4.1,2.0,1,3,0,9,0.25881904510252074,0.9659258262890683,0.43388373911755823,-0.900968867902419,264.0,236.5,233.07291666666666,86.11394370146371,train
2016-09-15 02:00:00,Bear_public_Valorie,Bear,138.25,14.4,12.8,1018.1,3.1,2.0,2,3,0,9,0.49999999999999994,0.8660254037844387,0.43388373911755823,-0.900968867902419,258.25,122.5,233.72916666666666,85.29074050954586,train
2016-09-15 03:00:00,Bear_public_Valorie,Bear,59.75,14.4,13.3,1017.9,3.1,2.2222222222222223,3,3,0,9,0.7071067811865476,0.7071067811865476,0.43388373911755823,-0.900968867902419,138.25,44.5,234.36458333333334,83.86457053561539,train
2016-09-15 04:00:00,Bear_public_Valorie,Bear,70.5,14.4,12.8,1017.8,2.6,2.4444444444444446,4,3,0,9,0.8660254037844386,0.5000000000000001,0.43388373911755823,-0.900968867902419,59.75,49.75,235.22916666666666,81.96400047086786,train
2016-09-15 05:00:00,Bear_public_Valorie,Bear,93.5,13.3,11.7,1017.6,0.0,2.6666666666666665,5,3,0,9,0.9659258262890683,0.25881904510252074,0.43388373911755823,-0.900968867902419,70.5,67.0,236.33333333333334,79.74772269702966,train
2016-09-15 06:00:00,Bear_public_Valorie,Bear,173.25,13.9,12.2,1017.7,0.0,2.888888888888889,6,3,0,9,1.0,6.123233995736766e-17,0.43388373911755823,-0.900968867902419,93.5,141.5,237.65625,78.35738265001513,train
2016-09-15 07:00:00,Bear_public_Valorie,Bear,187.25,14.4,12.8,1018.2,0.0,3.111111111111111,7,3,0,9,0.9659258262890683,-0.25881904510252063,0.43388373911755823,-0.900968867902419,173.25,159.75,238.80208333333334,77.36337814547483,train
2016-09-15 08:00:00,Bear_public_Valorie,Bear,197.75,15.0,12.8,1018.5,0.0,3.333333333333333,8,3,0,9,0.8660254037844387,-0.4999999999999998,0.43388373911755823,-0.900968867902419,187.25,192.0,239.04166666666666,77.22090934830884,train
2016-09-15 09:00:00,Bear_public_Valorie,Bear,253.75,16.1,12.8,1018.4,0.0,3.5555555555555554,9,3,0,9,0.7071067811865476,-0.7071067811865475,0.43388373911755823,-0.900968867902419,197.75,253.5,239.05208333333334,77.22296132848443,train
2016-09-15 10:00:00,Bear_public_Valorie,Bear,264.25,16.1,12.8,1018.8,3.1,3.7777777777777777,10,3,0,9,0.49999999999999994,-0.8660254037844387,0.43388373911755823,-0.900968867902419,253.75,273.0,238.6875,77.07623449490164,train
2016-09-15 11:00:00,Bear_public_Valorie,Bear,276.25,17.2,12.8,1018.7,2.1,4.0,11,3,0,9,0.258819045102521,-0.9659258262890682,0.43388373911755823,-0.900968867902419,264.25,290.75,238.08333333333334,76.70633819209858,train
2016-09-15 12:00:00,Bear_public_Valorie,Bear,282.25,18.3,12.8,1018.2,4.1,2.0,12,3,0,9,1.2246467991473532e-16,-1.0,0.43388373911755823,-0.900968867902419,276.25,292.75,237.64583333333334,76.41035941128887,train
2016-09-15 13:00:00,Bear_public_Valorie,Bear,297.25,19.4,12.8,1017.6,5.1,2.0,13,3,0,9,-0.2588190451025208,-0.9659258262890683,0.43388373911755823,-0.900968867902419,282.25,294.25,237.77083333333334,76.50937412964615,train
2016-09-15 14:00:00,Bear_public_Valorie,Bear,297.0,20.6,12.8,1017.1,5.7,2.0,14,3,0,9,-0.4999999999999997,-0.8660254037844388,0.43388373911755823,-0.900968867902419,297.25,295.5,237.83333333333334,76.5591795346222,train
2016-09-15 15:00:00,Bear_public_Valorie,Bear,295.5,20.0,12.8,1016.4,6.2,2.0,15,3,0,9,-0.7071067811865471,-0.7071067811865479,0.43388373911755823,-0.900968867902419,297.0,294.75,237.86458333333334,76.58357111702388,train
2016-09-15 16:00:00,Bear_public_Valorie,Bear,298.0,20.0,13.3,1016.0,7.7,2.0,16,3,0,9,-0.8660254037844385,-0.5000000000000004,0.43388373911755823,-0.900968867902419,295.5,295.25,237.97916666666666,76.67516591987658,train
2016-09-15 17:00:00,Bear_public_Valorie,Bear,295.75,18.3,12.8,1015.7,6.7,2.0,17,3,0,9,-0.9659258262890683,-0.25881904510252063,0.43388373911755823,-0.900968867902419,298.0,298.0,237.88541666666666,76.59992689173315,train
2016-09-15 18:00:00,Bear_public_Valorie,Bear,291.0,17.8,13.3,1015.6,4.6,2.0,18,3,0,9,-1.0,-1.8369701987210297e-16,0.43388373911755823,-0.900968867902419,295.75,291.25,237.875,76.59237105840143,train
2016-09-15 19:00:00,Bear_public_Valorie,Bear,279.75,16.7,13.3,1015.7,5.7,2.0,19,3,0,9,-0.9659258262890684,0.2588190451025203,0.43388373911755823,-0.900968867902419,291.0,294.75,237.25,76.16811354982576,train
2016-09-15 20:00:00,Bear_public_Valorie,Bear,271.75,15.6,12.8,1015.9,4.1,2.0,20,3,0,9,-0.8660254037844386,0.5000000000000001,0.43388373911755823,-0.900968867902419,279.75,286.25,236.64583333333334,75.8192543468357,train
2016-09-15 21:00:00,Bear_public_Valorie,Bear,259.0,15.0,12.2,1016.4,4.6,2.0,21,3,0,9,-0.7071067811865477,0.7071067811865474,0.43388373911755823,-0.900968867902419,271.75,279.5,235.79166666666666,75.42995118805197,train
2016-09-15 22:00:00,Bear_public_Valorie,Bear,255.5,14.4,11.7,1016.4,5.1,2.0,22,3,0,9,-0.5000000000000004,0.8660254037844384,0.43388373911755823,-0.900968867902419,259.0,278.5,234.83333333333334,75.00868307224106,train
2016-09-15 23:00:00,Bear_public_Valorie,Bear,256.75,13.9,12.2,1016.4,6.2,2.0,23,3,0,9,-0.25881904510252157,0.9659258262890681,0.43388373911755823,-0.900968867902419,255.5,276.5,234.01041666666666,74.639112865736,train
2016-09-16 00:00:00,Bear_public_Valorie,Bear,250.25,13.9,11.7,1016.4,3.6,2.0,0,4,0,9,0.0,1.0,-0.433883739117558,-0.9009688679024191,256.75,264.0,233.4375,74.45144500305885,train
2016-09-16 01:00:00,Bear_public_Valorie,Bear,249.0,13.9,11.7,1016.0,2.6,2.0,1,4,0,9,0.25881904510252074,0.9659258262890683,-0.433883739117558,-0.9009688679024191,250.25,258.25,233.05208333333334,74.34127310434884,train
2016-09-16 02:00:00,Bear_public_Valorie,Bear,132.75,13.9,11.7,1015.8,3.1,2.0,2,4,0,9,0.49999999999999994,0.8660254037844387,-0.433883739117558,-0.9009688679024191,249.0,138.25,232.82291666666666,74.65403827157404,train
2016-09-16 03:00:00,Bear_public_Valorie,Bear,61.0,13.9,12.2,1015.7,0.0,2.0,3,4,0,9,0.7071067811865476,0.7071067811865476,-0.433883739117558,-0.9009688679024191,132.75,59.75,232.875,74.52837218717167,train
2016-09-16 04:00:00,Bear_public_Valorie,Bear,68.75,13.9,11.7,1015.6,2.6,2.0,4,4,0,9,0.8660254037844386,0.5000000000000001,-0.433883739117558,-0.9009688679024191,61.0,70.5,232.80208333333334,74.69481310082169,train
2016-09-16 05:00:00,Bear_public_Valorie,Bear,86.75,13.9,11.7,1015.6,3.1,2.0,5,4,0,9,0.9659258262890683,0.25881904510252074,-0.433883739117558,-0.9009688679024191,68.75,93.5,232.52083333333334,75.25275947080634,train
2016-09-16 06:00:00,Bear_public_Valorie,Bear,163.0,13.9,11.7,1015.6,2.6,2.0,6,4,0,9,1.0,6.123233995736766e-17,-0.433883739117558,-0.9009688679024191,86.75,173.25,232.09375,75.63189646959128,train
2016-09-16 07:00:00,Bear_public_Valorie,Bear,181.25,13.9,11.7,1015.8,2.1,2.0,7,4,0,9,0.9659258262890683,-0.25881904510252063,-0.433883739117558,-0.9009688679024191,163.0,187.25,231.84375,75.79630929482919,train
2016-09-16 08:00:00,Bear_public_Valorie,Bear,195.75,13.9,11.7,1016.1,1.5,2.0,8,4,0,9,0.8660254037844387,-0.4999999999999998,-0.433883739117558,-0.9009688679024191,181.25,197.75,231.76041666666666,75.83651176847576,train
2016-09-16 09:00:00,Bear_public_Valorie,Bear,249.0,14.4,11.7,1016.0,0.0,2.0,9,4,0,9,0.7071067811865476,-0.7071067811865475,-0.433883739117558,-0.9009688679024191,195.75,253.75,231.5625,75.78280786162073,train
2016-09-16 10:00:00,Bear_public_Valorie,Bear,259.0,15.0,11.7,1016.3,1.5,2.0,10,4,0,9,0.49999999999999994,-0.8660254037844387,-0.433883739117558,-0.9009688679024191,249.0,264.25,231.34375,75.69187440236566,train
2016-09-16 11:00:00,Bear_public_Valorie,Bear,267.5,16.1,11.7,1016.2,3.1,2.0,11,4,0,9,0.258819045102521,-0.9659258262890682,-0.433883739117558,-0.9009688679024191,259.0,276.25,230.97916666666666,75.48696679425608,train
2016-09-16 12:00:00,Bear_public_Valorie,Bear,288.25,16.7,12.2,1015.8,2.1,2.0,12,4,0,9,1.2246467991473532e-16,-1.0,-0.433883739117558,-0.9009688679024191,267.5,282.25,231.22916666666666,75.67385384528212,train
2016-09-16 13:00:00,Bear_public_Valorie,Bear,296.0,19.4,11.7,1015.2,2.6,2.0,13,4,0,9,-0.2588190451025208,-0.9659258262890683,-0.433883739117558,-0.9009688679024191,288.25,297.25,231.17708333333334,75.62685424125188,train
2016-09-16 14:00:00,Bear_public_Valorie,Bear,293.0,21.7,12.2,1014.6,4.6,2.0,14,4,0,9,-0.4999999999999997,-0.8660254037844388,-0.433883739117558,-0.9009688679024191,296.0,297.0,231.01041666666666,75.47975106979348,train
2016-09-16 15:00:00,Bear_public_Valorie,Bear,295.75,21.1,12.8,1014.0,5.7,2.0,15,4,0,9,-0.7071067811865471,-0.7071067811865479,-0.433883739117558,-0.9009688679024191,293.0,295.5,231.02083333333334,75.48905465819813,train
2016-09-16 16:00:00,Bear_public_Valorie,Bear,292.5,22.2,13.3,1013.6,5.7,2.0,16,4,0,9,-0.8660254037844385,-0.5000000000000004,-0.433883739117558,-0.9009688679024191,295.75,298.0,230.79166666666666,75.28495384445911,train
2016-09-16 17:00:00,Bear_public_Valorie,Bear,289.25,20.6,12.8,1013.4,6.2,2.0,17,4,0,9,-0.9659258262890683,-0.25881904510252063,-0.433883739117558,-0.9009688679024191,292.5,295.75,230.52083333333334,75.05244241408043,train
2016-09-16 18:00:00,Bear_public_Valorie,Bear,286.5,20.0,13.3,1013.4,5.7,2.0,18,4,0,9,-1.0,-1.8369701987210297e-16,-0.433883739117558,-0.9009688679024191,289.25,291.0,230.33333333333334,74.90024767281677,train
2016-09-16 19:00:00,Bear_public_Valorie,Bear,269.5,17.8,13.3,1013.5,4.6,2.0,19,4,0,9,-0.9659258262890684,0.2588190451025203,-0.433883739117558,-0.9009688679024191,286.5,279.75,229.90625,74.63497448087517,train
2016-09-16 20:00:00,Bear_public_Valorie,Bear,246.0,16.7,13.3,1013.9,4.1,0.0,20,4,0,9,-0.8660254037844386,0.5000000000000001,-0.433883739117558,-0.9009688679024191,269.5,271.75,228.83333333333334,74.19106014741345,train
2016-09-16 21:00:00,Bear_public_Valorie,Bear,235.75,15.6,12.8,1014.7,4.1,0.0,21,4,0,9,-0.7071067811865477,0.7071067811865474,-0.433883739117558,-0.9009688679024191,246.0,259.0,227.86458333333334,73.93137164196494,train
2016-09-16 22:00:00,Bear_public_Valorie,Bear,112.25,14.4,12.8,1015.1,4.6,0.0,22,4,0,9,-0.5000000000000004,0.8660254037844384,-0.433883739117558,-0.9009688679024191,235.75,255.5,221.89583333333334,77.30866692605737,train
2016-09-16 23:00:00,Bear_public_Valorie,Bear,42.0,14.4,12.2,1015.5,4.6,2.0,23,4,0,9,-0.25881904510252157,0.9659258262890681,-0.433883739117558,-0.9009688679024191,112.25,256.75,212.94791666666666,85.13125987858108,train
2016-09-17 00:00:00,Bear_public_Valorie,Bear,41.5,13.9,12.2,1015.7,3.6,2.0,0,5,1,9,0.0,1.0,-0.9749279121818236,-0.2225209339563146,42.0,250.25,204.25,91.57460132971185,train
2016-09-17 01:00:00,Bear_public_Valorie,Bear,42.0,13.3,12.2,1015.4,2.1,2.0,1,5,1,9,0.25881904510252074,0.9659258262890683,-0.9749279121818236,-0.2225209339563146,41.5,249.0,195.625,96.7769735458578,train
2016-09-17 02:00:00,Bear_public_Valorie,Bear,41.25,13.9,12.2,1015.4,3.6,4.0,2,5,1,9,0.49999999999999994,0.8660254037844387,-0.9749279121818236,-0.2225209339563146,42.0,132.75,191.8125,101.06875215932709,train
2016-09-17 03:00:00,Bear_public_Valorie,Bear,42.25,13.3,12.2,1015.1,3.1,3.7777777777777777,3,5,1,9,0.7071067811865476,0.7071067811865476,-0.9749279121818236,-0.2225209339563146,41.25,61.0,191.03125,102.19012843980325,train
2016-09-17 04:00:00,Bear_public_Valorie,Bear,48.25,13.9,12.2,1015.4,2.1,3.5555555555555554,4,5,1,9,0.8660254037844386,0.5000000000000001,-0.9749279121818236,-0.2225209339563146,42.25,68.75,190.17708333333334,103.33592011868559,train
2016-09-17 05:00:00,Bear_public_Valorie,Bear,62.5,13.9,12.2,1015.2,1.5,3.3333333333333335,5,5,1,9,0.9659258262890683,0.25881904510252074,-0.9749279121818236,-0.2225209339563146,48.25,86.75,189.16666666666666,104.50316374102779,train
2016-09-17 06:00:00,Bear_public_Valorie,Bear,115.5,13.9,12.8,1015.5,0.0,3.111111111111111,6,5,1,9,1.0,6.123233995736766e-17,-0.9749279121818236,-0.2225209339563146,62.5,163.0,187.1875,105.4656406546495,train
2016-09-17 07:00:00,Bear_public_Valorie,Bear,123.75,13.9,12.2,1016.3,1.5,2.888888888888889,7,5,1,9,0.9659258262890683,-0.25881904510252063,-0.9749279121818236,-0.2225209339563146,115.5,181.25,184.79166666666666,106.25652580129996,train
2016-09-17 08:00:00,Bear_public_Valorie,Bear,163.25,14.4,12.8,1016.7,0.0,2.666666666666667,8,5,1,9,0.8660254037844387,-0.4999999999999998,-0.9749279121818236,-0.2225209339563146,123.75,195.75,183.4375,106.31787473953023,train
2016-09-17 09:00:00,Bear_public_Valorie,Bear,236.5,15.0,12.8,1017.0,0.0,2.4444444444444446,9,5,1,9,0.7071067811865476,-0.7071067811865475,-0.9749279121818236,-0.2225209339563146,163.25,249.0,182.91666666666666,106.01291109501986,train
2016-09-17 10:00:00,Bear_public_Valorie,Bear,248.25,15.6,13.3,1017.2,2.1,2.2222222222222223,10,5,1,9,0.49999999999999994,-0.8660254037844387,-0.9749279121818236,-0.2225209339563146,236.5,259.0,182.46875,105.69972112638546,train
2016-09-17 11:00:00,Bear_public_Valorie,Bear,278.5,16.7,13.3,1017.1,2.1,2.0,11,5,1,9,0.258819045102521,-0.9659258262890682,-0.9749279121818236,-0.2225209339563146,248.25,267.5,182.92708333333334,106.1075254258281,train
2016-09-17 12:00:00,Bear_public_Valorie,Bear,284.5,17.8,13.3,1016.9,3.6,2.0,12,5,1,9,1.2246467991473532e-16,-1.0,-0.9749279121818236,-0.2225209339563146,278.5,288.25,182.77083333333334,105.94832919940235,train
2016-09-17 13:00:00,Bear_public_Valorie,Bear,286.5034,20.6,13.3,1016.5,3.6,2.0,13,5,1,9,-0.2588190451025208,-0.9659258262890683,-0.9749279121818236,-0.2225209339563146,284.5,296.0,182.37514166666665,105.52394289636221,train
2016-09-17 14:00:00,Bear_public_Valorie,Bear,291.4636,23.3,12.8,1015.6,4.6,2.0,14,5,1,9,-0.4999999999999997,-0.8660254037844388,-0.9749279121818236,-0.2225209339563146,286.5034,293.0,182.31112499999998,105.45435694426308,train
2016-09-17 15:00:00,Bear_public_Valorie,Bear,291.75,25.0,13.3,1014.9,5.1,2.0,15,5,1,9,-0.7071067811865471,-0.7071067811865479,-0.9749279121818236,-0.2225209339563146,291.4636,295.75,182.14445833333332,105.27027626635504,train
2016-09-17 16:00:00,Bear_public_Valorie,Bear,292.5,23.3,13.3,1014.5,5.7,2.0,16,5,1,9,-0.8660254037844385,-0.5000000000000004,-0.9749279121818236,-0.2225209339563146,291.75,292.5,182.14445833333332,105.27027626635504,train
2016-09-17 17:00:00,Bear_public_Valorie,Bear,280.0,21.7,13.3,1014.2,6.7,2.0,17,5,1,9,-0.9659258262890683,-0.25881904510252063,-0.9749279121818236,-0.2225209339563146,292.5,289.25,181.75904166666666,104.87729048635806,train
2016-09-17 18:00:00,Bear_public_Valorie,Bear,278.0,20.0,13.9,1013.9,6.2,2.0,18,5,1,9,-1.0,-1.8369701987210297e-16,-0.9749279121818236,-0.2225209339563146,280.0,286.5,181.40487499999998,104.5219558100313,train
2016-09-17 19:00:00,Bear_public_Valorie,Bear,278.25,18.3,13.9,1014.2,5.1,2.0,19,5,1,9,-0.9659258262890684,0.2588190451025203,-0.9749279121818236,-0.2225209339563146,278.0,269.5,181.76945833333332,104.85732330160504,train
2016-09-17 20:00:00,Bear_public_Valorie,Bear,278.0,17.2,12.8,1014.5,3.1,2.0,20,5,1,9,-0.8660254037844386,0.5000000000000001,-0.9749279121818236,-0.2225209339563146,278.25,246.0,183.10279166666666,105.90775883008811,train
2016-09-17 21:00:00,Bear_public_Valorie,Bear,262.75,16.7,13.3,1014.8,2.6,2.0,21,5,1,9,-0.7071067811865477,0.7071067811865474,-0.9749279121818236,-0.2225209339563146,278.0,235.75,184.22779166666666,106.63224122910735,train
2016-09-17 22:00:00,Bear_public_Valorie,Bear,107.75,15.6,13.3,1014.7,3.6,2.0,22,5,1,9,-0.5000000000000004,0.8660254037844384,-0.9749279121818236,-0.2225209339563146,262.75,112.25,184.04029166666666,106.76817804181464,train
2016-09-17 23:00:00,Bear_public_Valorie,Bear,40.75,15.0,13.3,1014.6,1.5,2.0,23,5,1,9,-0.25881904510252157,0.9659258262890681,-0.9749279121818236,-0.2225209339563146,107.75,42.0,183.98820833333332,106.840760520847,train
2016-09-18 00:00:00,Bear_public_Valorie,Bear,40.25,15.6,13.3,1014.3,0.0,2.0,0,6,1,9,0.0,1.0,-0.7818314824680299,0.6234898018587334,40.75,41.5,183.93612499999998,106.91352141600953,train
2016-09-18 01:00:00,Bear_public_Valorie,Bear,40.5,15.0,13.3,1014.0,1.5,0.0,1,6,1,9,0.25881904510252074,0.9659258262890683,-0.7818314824680299,0.6234898018587334,40.25,42.0,183.87362499999998,107.00050569590886,train
2016-09-18 02:00:00,Bear_public_Valorie,Bear,40.25,14.4,12.8,1013.8,0.0,0.0,2,6,1,9,0.49999999999999994,0.8660254037844387,-0.7818314824680299,0.6234898018587334,40.5,41.25,183.83195833333332,107.05863785886086,train
2016-09-18 03:00:00,Bear_public_Valorie,Bear,40.0,15.0,13.3,1013.6,0.0,0.0,3,6,1,9,0.7071067811865476,0.7071067811865476,-0.7818314824680299,0.6234898018587334,40.25,42.25,183.73820833333332,107.18891591778274,train
2016-09-18 04:00:00,Bear_public_Valorie,Bear,50.0,12.8,12.2,1013.6,0.0,0.0,4,6,1,9,0.8660254037844386,0.5000000000000001,-0.7818314824680299,0.6234898018587334,40.0,48.25,183.81112499999998,107.09329357603505,train
2016-09-18 05:00:00,Bear_public_Valorie,Bear,59.25,12.8,11.7,1013.7,1.5,0.0,5,6,1,9,0.9659258262890683,0.25881904510252074,-0.7818314824680299,0.6234898018587334,50.0,62.5,183.67570833333332,107.25528990186847,train
2016-09-18 06:00:00,Bear_public_Valorie,Bear,62.75,13.3,12.2,1013.8,0.0,0.0,6,6,1,9,1.0,6.123233995736766e-17,-0.7818314824680299,0.6234898018587334,59.25,115.5,181.47779166666666,109.2353254495279,train
2016-09-18 07:00:00,Bear_public_Valorie,Bear,63.25,12.2,11.7,1014.4,0.0,0.0,7,6,1,9,0.9659258262890683,-0.25881904510252063,-0.7818314824680299,0.6234898018587334,62.75,123.75,178.95695833333332,111.30393130962322,train
2016-09-18 08:00:00,Bear_public_Valorie,Bear,58.75,15.0,12.2,1014.8,0.0,0.0,8,6,1,9,0.8660254037844387,-0.4999999999999998,-0.7818314824680299,0.6234898018587334,63.25,163.25,174.60279166666666,113.95746570149653,train
2016-09-18 09:00:00,Bear_public_Valorie,Bear,61.25,19.4,13.3,1015.2,0.0,0.0,9,6,1,9,0.7071067811865476,-0.7071067811865475,-0.7818314824680299,0.6234898018587334,58.75,236.5,167.30070833333332,115.42415025432868,train
2016-09-18 10:00:00,Bear_public_Valorie,Bear,169.75,20.6,14.4,1015.6,2.6,0.0,10,6,1,9,0.49999999999999994,-0.8660254037844387,-0.7818314824680299,0.6234898018587334,61.25,248.25,164.02987499999998,114.13556840273326,train
2016-09-18 11:00:00,Bear_public_Valorie,Bear,178.0,22.8,15.0,1015.4,3.6,0.0,11,6,1,9,0.258819045102521,-0.9659258262890682,-0.7818314824680299,0.6234898018587334,169.75,278.5,159.84237499999998,111.5679271625772,train
2016-09-18 12:00:00,Bear_public_Valorie,Bear,245.75,23.3,13.9,1015.0,3.1,0.0,12,6,1,9,1.2246467991473532e-16,-1.0,-0.7818314824680299,0.6234898018587334,178.0,284.5,158.22779166666666,109.95419718336444,train
2016-09-18 13:00:00,Bear_public_Valorie,Bear,276.5,25.0,10.6,1014.6,3.1,0.0,13,6,1,9,-0.2588190451025208,-0.9659258262890683,-0.7818314824680299,0.6234898018587334,245.75,286.5034,157.81098333333333,109.46466574429859,train
2016-09-18 14:00:00,Bear_public_Valorie,Bear,279.75,29.4,11.1,1013.8,3.6,0.0,14,6,1,9,-0.4999999999999997,-0.8660254037844388,-0.7818314824680299,0.6234898018587334,276.5,291.4636,157.32291666666666,108.86732749301333,train
2016-09-18 15:00:00,Bear_public_Valorie,Bear,280.5,29.4,13.9,1013.2,3.1,0.0,15,6,1,9,-0.7071067811865471,-0.7071067811865479,-0.7818314824680299,0.6234898018587334,279.75,291.75,156.85416666666666,108.28602715741414,train
2016-09-18 16:00:00,Bear_public_Valorie,Bear,283.75,30.0,13.3,1012.7,5.7,0.0,16,6,1,9,-0.8660254037844385,-0.5000000000000004,-0.7818314824680299,0.6234898018587334,280.5,292.5,156.48958333333334,107.82321176570014,train
2016-09-18 17:00:00,Bear_public_Valorie,Bear,278.0,30.6,12.2,1012.2,4.6,0.0,17,6,1,9,-0.9659258262890683,-0.25881904510252063,-0.7818314824680299,0.6234898018587334,283.75,280.0,156.40625,107.7243314654304,train
2016-09-18 18:00:00,Bear_public_Valorie,Bear,277.75,28.3,14.4,1011.8,2.6,0.0,18,6,1,9,-1.0,-1.8369701987210297e-16,-0.7818314824680299,0.6234898018587334,278.0,278.0,156.39583333333334,107.71207384248656,train
2016-09-18 19:00:00,Bear_public_Valorie,Bear,278.75,25.0,15.6,1011.7,3.6,0.0,19,6,1,9,-0.9659258262890684,0.2588190451025203,-0.7818314824680299,0.6234898018587334,277.75,278.25,156.41666666666666,107.73671275550558,train
2016-09-18 20:00:00,Bear_public_Valorie,Bear,279.0,22.8,17.2,1011.9,3.1,0.0,20,6,1,9,-0.8660254037844386,0.5000000000000001,-0.7818314824680299,0.6234898018587334,278.75,278.0,156.45833333333334,107.7859610793405,train
2016-09-18 21:00:00,Bear_public_Valorie,Bear,276.5,21.1,16.7,1012.4,3.6,0.0,21,6,1,9,-0.7071067811865477,0.7071067811865474,-0.7818314824680299,0.6234898018587334,279.0,262.75,157.03125,108.41023416764034,train
2016-09-18 22:00:00,Bear_public_Valorie,Bear,273.25,20.6,16.7,1012.6,3.1,0.0,22,6,1,9,-0.5000000000000004,0.8660254037844384,-0.7818314824680299,0.6234898018587334,276.5,107.75,163.92708333333334,110.38486228445446,train
2016-09-18 23:00:00,Bear_public_Valorie,Bear,271.75,19.4,15.6,1012.7,0.0,0.0,23,6,1,9,-0.25881904510252157,0.9659258262890681,-0.7818314824680299,0.6234898018587334,273.25,40.75,173.55208333333334,109.24257459510314,train
2016-09-19 00:00:00,Bear_public_Valorie,Bear,267.5,19.4,16.1,1012.9,0.0,0.0,0,0,0,9,0.0,1.0,0.0,1.0,271.75,40.25,183.02083333333334,107.01190802964378,train
2016-09-19 01:00:00,Bear_public_Valorie,Bear,266.75,18.9,15.6,1012.8,0.0,0.0,1,0,0,9,0.25881904510252074,0.9659258262890683,0.0,1.0,267.5,40.5,192.44791666666666,103.82910758755249,train
2016-09-19 02:00:00,Bear_public_Valorie,Bear,122.0,18.9,16.1,1012.7,3.1,0.0,2,0,0,9,0.49999999999999994,0.8660254037844387,0.0,1.0,266.75,40.25,195.85416666666666,99.88501314736504,train
2016-09-19 03:00:00,Bear_public_Valorie,Bear,57.25,18.3,15.6,1012.5,1.5,0.0,3,0,0,9,0.7071067811865476,0.7071067811865476,0.0,1.0,122.0,40.0,196.57291666666666,98.77060817343026,train
2016-09-19 04:00:00,Bear_public_Valorie,Bear,67.25,17.2,15.0,1012.5,0.0,0.0,4,0,0,9,0.8660254037844386,0.5000000000000001,0.0,1.0,57.25,50.0,197.29166666666666,97.71474863831605,train
2016-09-19 05:00:00,Bear_public_Valorie,Bear,87.5,16.7,15.6,1012.6,0.0,0.0,5,0,0,9,0.9659258262890683,0.25881904510252074,0.0,1.0,67.25,59.25,198.46875,96.13699782364483,train
2016-09-19 06:00:00,Bear_public_Valorie,Bear,182.25,16.7,14.4,1012.7,1.5,0.0,6,0,0,9,1.0,6.123233995736766e-17,0.0,1.0,87.5,62.75,203.44791666666666,91.79889939565527,train
2016-09-19 07:00:00,Bear_public_Valorie,Bear,200.0,18.3,15.0,1012.8,0.0,4.0,7,0,0,9,0.9659258262890683,-0.25881904510252063,0.0,1.0,182.25,63.25,209.14583333333334,86.82794445572125,train
2016-09-19 08:00:00,Bear_public_Valorie,Bear,237.0,16.7,14.4,1013.2,0.0,4.0,8,0,0,9,0.8660254037844387,-0.4999999999999998,0.0,1.0,200.0,58.75,216.57291666666666,80.8197632136213,train
2016-09-19 09:00:00,Bear_public_Valorie,Bear,285.0,21.7,15.6,1013.6,0.0,4.0,9,0,0,9,0.7071067811865476,-0.7071067811865475,0.0,1.0,237.0,61.25,225.89583333333334,74.80503342264035,train
2016-09-19 10:00:00,Bear_public_Valorie,Bear,287.5,22.8,16.7,1013.8,2.6,4.0,10,0,0,9,0.49999999999999994,-0.8660254037844387,0.0,1.0,285.0,169.75,230.80208333333334,74.82392299253478,train
2016-09-19 11:00:00,Bear_public_Valorie,Bear,283.0,25.0,16.1,1013.8,3.1,4.0,11,0,0,9,0.258819045102521,-0.9659258262890682,0.0,1.0,287.5,178.0,235.17708333333334,74.67187203848519,train
2016-09-19 12:00:00,Bear_public_Valorie,Bear,421.5,26.7,12.8,1013.6,2.6,4.0,12,0,0,9,1.2246467991473532e-16,-1.0,0.0,1.0,283.0,245.75,242.5,83.81212815629358,train
2016-09-19 13:00:00,Bear_public_Valorie,Bear,371.25,29.4,12.8,1013.3,4.1,4.0,13,0,0,9,-0.2588190451025208,-0.9659258262890683,0.0,1.0,421.5,276.5,246.44791666666666,87.62801130367079,train
2016-09-19 14:00:00,Bear_public_Valorie,Bear,361.75,31.1,15.0,1012.7,4.1,4.0,14,0,0,9,-0.4999999999999997,-0.8660254037844388,0.0,1.0,371.25,279.75,249.86458333333334,90.53338260021137,train
2016-09-19 15:00:00,Bear_public_Valorie,Bear,345.75,32.2,12.8,1011.9,6.2,4.0,15,0,0,9,-0.7071067811865471,-0.7071067811865479,0.0,1.0,361.75,280.5,252.58333333333334,92.45276898370133,train
2016-09-19 16:00:00,Bear_public_Valorie,Bear,331.0,28.9,12.2,1011.7,6.7,4.0,16,0,0,9,-0.8660254037844385,-0.5000000000000004,0.0,1.0,345.75,283.75,254.55208333333334,93.64076184055604,train
2016-09-19 17:00:00,Bear_public_Valorie,Bear,323.75,26.1,13.3,1011.6,7.2,4.0,17,0,0,9,-0.9659258262890683,-0.25881904510252063,0.0,1.0,331.0,278.0,256.4583333333333,94.59960435925491,train
2016-09-19 18:00:00,Bear_public_Valorie,Bear,314.5,24.4,15.6,1011.5,3.6,4.0,18,0,0,9,-1.0,-1.8369701987210297e-16,0.0,1.0,323.75,277.75,257.9895833333333,95.25439277690623,train
2016-09-19 19:00:00,Bear_public_Valorie,Bear,326.25,22.8,15.0,1011.7,5.1,4.0,19,0,0,9,-0.9659258262890684,0.2588190451025203,0.0,1.0,314.5,278.75,259.96875,96.19334336150939,train
2016-09-19 20:00:00,Bear_public_Valorie,Bear,333.0,21.1,15.0,1012.3,5.1,4.0,20,0,0,9,-0.8660254037844386,0.5000000000000001,0.0,1.0,326.25,279.0,262.21875,97.28321251634335,train
2016-09-19 21:00:00,Bear_public_Valorie,Bear,314.75,19.4,14.4,1013.5,3.1,4.0,21,0,0,9,-0.7071067811865477,0.7071067811865474,0.0,1.0,333.0,276.5,263.8125,97.83907733798317,train
2016-09-19 22:00:00,Bear_public_Valorie,Bear,307.5,18.9,13.3,1014.4,3.1,2.0,22,0,0,9,-0.5000000000000004,0.8660254037844384,0.0,1.0,314.75,273.25,265.2395833333333,98.2317158328767,train
2016-09-19 23:00:00,Bear_public_Valorie,Bear,297.75,17.8,13.3,1014.5,4.1,2.0,23,0,0,9,-0.25881904510252157,0.9659258262890681,0.0,1.0,307.5,271.75,266.3229166666667,98.44976315378446,train
2016-09-20 00:00:00,Bear_public_Valorie,Bear,281.25,17.2,12.8,1014.4,4.6,2.0,0,1,0,9,0.0,1.0,0.7818314824680298,0.6234898018587336,297.75,267.5,266.8958333333333,98.49690782684145,train
2016-09-20 01:00:00,Bear_public_Valorie,Bear,267.25,16.7,12.8,1015.0,3.1,2.0,1,1,0,9,0.25881904510252074,0.9659258262890683,0.7818314824680298,0.6234898018587336,281.25,266.75,266.9166666666667,98.49692851828557,train
2016-09-20 02:00:00,Bear_public_Valorie,Bear,122.0,16.1,12.8,1014.8,3.1,2.0,2,1,0,9,0.49999999999999994,0.8660254037844387,0.7818314824680298,0.6234898018587336,267.25,122.0,266.9166666666667,98.49692851828557,train
2016-09-20 03:00:00,Bear_public_Valorie,Bear,48.75,16.7,13.3,1014.8,4.6,2.0,3,1,0,9,0.7071067811865476,0.7071067811865476,0.7818314824680298,0.6234898018587336,122.0,57.25,266.5625,99.29565125772466,train
2016-09-20 04:00:00,Bear_public_Valorie,Bear,52.25,16.1,13.3,1014.6,5.1,2.0,4,1,0,9,0.8660254037844386,0.5000000000000001,0.7818314824680298,0.6234898018587336,48.75,67.25,265.9375,100.6428049330037,train
2016-09-20 05:00:00,Bear_public_Valorie,Bear,70.5,15.0,13.3,1014.8,5.1,2.0,5,1,0,9,0.9659258262890683,0.25881904510252074,0.7818314824680298,0.6234898018587336,52.25,87.5,265.2291666666667,102.00388730515296,train
2016-09-20 06:00:00,Bear_public_Valorie,Bear,160.75,15.0,13.3,1014.9,3.6,4.0,6,1,0,9,1.0,6.123233995736766e-17,0.7818314824680298,0.6234898018587336,70.5,182.25,264.3333333333333,102.85518171583348,train
2016-09-20 07:00:00,Bear_public_Valorie,Bear,167.75,14.4,13.3,1015.1,2.6,2.0,7,1,0,9,0.9659258262890683,-0.25881904510252063,0.7818314824680298,0.6234898018587336,160.75,200.0,262.9895833333333,103.93718000203482,train
2016-09-20 08:00:00,Bear_public_Valorie,Bear,191.5,15.6,13.9,1015.6,3.1,4.0,8,1,0,9,0.8660254037844387,-0.4999999999999998,0.7818314824680298,0.6234898018587336,167.75,237.0,261.09375,104.84286411049314,train
2016-09-20 09:00:00,Bear_public_Valorie,Bear,253.25,17.8,14.4,1015.5,2.6,4.0,9,1,0,9,0.7071067811865476,-0.7071067811865475,0.7818314824680298,0.6234898018587336,191.5,285.0,259.7708333333333,104.72834726574519,train
2016-09-20 10:00:00,Bear_public_Valorie,Bear,267.75,18.3,13.9,1015.9,4.1,4.0,10,1,0,9,0.49999999999999994,-0.8660254037844387,0.7818314824680298,0.6234898018587336,253.25,287.5,258.9479166666667,104.57847529712335,train
2016-09-20 11:00:00,Bear_public_Valorie,Bear,272.0,19.4,14.4,1015.6,5.1,4.0,11,1,0,9,0.258819045102521,-0.9659258262890682,0.7818314824680298,0.6234898018587336,267.75,283.0,258.4895833333333,104.49254911982,train
2016-09-20 12:00:00,Bear_public_Valorie,Bear,329.5,19.4,13.9,1015.1,6.7,4.0,12,1,0,9,1.2246467991473532e-16,-1.0,0.7818314824680298,0.6234898018587336,272.0,421.5,254.65625,99.83624669873826,train
2016-09-20 13:00:00,Bear_public_Valorie,Bear,331.25,20.6,13.9,1014.7,6.2,4.0,13,1,0,9,-0.2588190451025208,-0.9659258262890683,0.7818314824680298,0.6234898018587336,329.5,371.25,252.98958333333334,98.12440747997984,train
2016-09-20 14:00:00,Bear_public_Valorie,Bear,328.5,21.1,13.3,1014.0,4.1,4.0,14,1,0,9,-0.4999999999999997,-0.8660254037844388,0.7818314824680298,0.6234898018587336,331.25,361.75,251.60416666666666,96.74711872652375,train
2016-09-20 15:00:00,Bear_public_Valorie,Bear,330.0,22.2,12.8,1013.3,5.1,4.0,15,1,0,9,-0.7071067811865471,-0.7071067811865479,0.7818314824680298,0.6234898018587336,328.5,345.75,250.94791666666666,96.1322113585682,train
2016-09-20 16:00:00,Bear_public_Valorie,Bear,330.25,21.1,12.2,1012.8,5.1,4.0,16,1,0,9,-0.8660254037844385,-0.5000000000000004,0.7818314824680298,0.6234898018587336,330.0,331.0,250.91666666666666,96.10517525162186,train
2016-09-20 17:00:00,Bear_public_Valorie,Bear,320.75,20.0,12.8,1012.5,7.2,4.0,17,1,0,9,-0.9659258262890683,-0.25881904510252063,0.7818314824680298,0.6234898018587336,330.25,323.75,250.79166666666666,96.00822730446049,train
2016-09-20 18:00:00,Bear_public_Valorie,Bear,315.25,18.9,13.3,1012.5,7.2,4.0,18,1,0,9,-1.0,-1.8369701987210297e-16,0.7818314824680298,0.6234898018587336,320.75,314.5,250.82291666666666,96.02998510334831,train
2016-09-20 19:00:00,Bear_public_Valorie,Bear,279.25,17.2,12.8,1012.5,5.7,4.0,19,1,0,9,-0.9659258262890684,0.2588190451025203,0.7818314824680298,0.6234898018587336,315.25,326.25,248.86458333333334,94.89748413667792,train
2016-09-20 20:00:00,Bear_public_Valorie,Bear,271.25,16.7,12.8,1012.7,4.6,4.0,20,1,0,9,-0.8660254037844386,0.5000000000000001,0.7818314824680298,0.6234898018587336,279.25,333.0,246.29166666666666,93.34152073302452,train
2016-09-20 21:00:00,Bear_public_Valorie,Bear,250.75,16.7,12.2,1013.0,5.7,4.0,21,1,0,9,-0.7071067811865477,0.7071067811865474,0.7818314824680298,0.6234898018587336,271.25,314.75,243.625,92.20802921749242,train
2016-09-20 22:00:00,Bear_public_Valorie,Bear,253.25,16.7,11.7,1013.1,4.1,4.0,22,1,0,9,-0.5000000000000004,0.8660254037844384,0.7818314824680298,0.6234898018587336,250.75,307.5,241.36458333333334,91.2339020692165,train
2016-09-20 23:00:00,Bear_public_Valorie,Bear,247.5,16.1,11.7,1013.1,4.6,4.0,23,1,0,9,-0.25881904510252157,0.9659258262890681,0.7818314824680298,0.6234898018587336,253.25,297.75,239.27083333333334,90.45692935779216,train
2016-09-21 00:00:00,Bear_public_Valorie,Bear,241.25,15.6,12.2,1013.0,4.1,4.0,0,2,0,9,0.0,1.0,0.9749279121818236,-0.22252093395631434,247.5,281.25,237.60416666666666,90.01726635903607,train
2016-09-21 01:00:00,Bear_public_Valorie,Bear,239.25,15.0,12.2,1013.0,0.0,4.0,1,2,0,9,0.25881904510252074,0.9659258262890683,0.9749279121818236,-0.22252093395631434,241.25,267.25,236.4375,89.7975152774286,train
2016-09-21 02:00:00,Bear_public_Valorie,Bear,147.75,13.9,11.1,1013.2,2.6,4.0,2,2,0,9,0.49999999999999994,0.8660254037844387,0.9749279121818236,-0.22252093395631434,239.25,122.0,237.51041666666666,88.5154272713873,train
2016-09-21 03:00:00,Bear_public_Valorie,Bear,41.5,13.9,11.1,1013.1,2.1,4.0,3,2,0,9,0.7071067811865476,0.7071067811865476,0.9749279121818236,-0.22252093395631434,147.75,48.75,237.20833333333334,89.19737721171681,train
2016-09-21 04:00:00,Bear_public_Valorie,Bear,47.75,13.9,11.7,1013.1,2.1,3.3333333333333335,4,2,0,9,0.8660254037844386,0.5000000000000001,0.9749279121818236,-0.22252093395631434,41.5,52.25,237.02083333333334,89.60686832742955,train
2016-09-21 05:00:00,Bear_public_Valorie,Bear,64.5,13.9,11.7,1013.1,0.0,2.666666666666667,5,2,0,9,0.9659258262890683,0.25881904510252074,0.9749279121818236,-0.22252093395631434,47.75,70.5,236.77083333333334,90.0986752745672,train
2016-09-21 06:00:00,Bear_public_Valorie,Bear,136.25,14.4,11.1,1013.2,1.5,2.0,6,2,0,9,1.0,6.123233995736766e-17,0.9749279121818236,-0.22252093395631434,64.5,160.75,235.75,91.13034143705818,train
2016-09-21 07:00:00,Bear_public_Valorie,Bear,167.5,15.6,11.1,1013.7,4.6,2.0,7,2,0,9,0.9659258262890683,-0.25881904510252063,0.9749279121818236,-0.22252093395631434,136.25,167.75,235.73958333333334,91.13846605836109,train
2016-09-21 08:00:00,Bear_public_Valorie,Bear,180.5,15.6,11.7,1014.4,3.6,2.0,8,2,0,9,0.8660254037844387,-0.4999999999999998,0.9749279121818236,-0.22252093395631434,167.5,191.5,235.28125,91.39790908618265,train
2016-09-21 09:00:00,Bear_public_Valorie,Bear,233.75,16.1,12.2,1014.5,5.7,2.0,9,2,0,9,0.7071067811865476,-0.7071067811865475,0.9749279121818236,-0.22252093395631434,180.5,253.25,234.46875,91.31786673661463,train
2016-09-21 10:00:00,Bear_public_Valorie,Bear,248.75,17.2,11.7,1015.0,3.6,2.0,10,2,0,9,0.49999999999999994,-0.8660254037844387,0.9749279121818236,-0.22252093395631434,233.75,267.75,233.67708333333334,91.09889153523932,train
2016-09-21 11:00:00,Bear_public_Valorie,Bear,267.5,17.8,11.7,1015.3,5.7,2.0,11,2,0,9,0.258819045102521,-0.9659258262890682,0.9749279121818236,-0.22252093395631434,248.75,272.0,233.48958333333334,91.02118360599502,train
2016-09-21 12:00:00,Bear_public_Valorie,Bear,315.25,17.8,11.7,1015.1,5.7,2.0,12,2,0,9,1.2246467991473532e-16,-1.0,0.9749279121818236,-0.22252093395631434,267.5,329.5,232.89583333333334,90.41209749357897,train
2016-09-21 13:00:00,Bear_public_Valorie,Bear,325.5,19.4,11.7,1015.0,6.7,2.0,13,2,0,9,-0.2588190451025208,-0.9659258262890683,0.9749279121818236,-0.22252093395631434,315.25,331.25,232.65625,90.14736764887682,train
2016-09-21 14:00:00,Bear_public_Valorie,Bear,323.25,19.4,11.7,1014.8,6.7,2.0,14,2,0,9,-0.4999999999999997,-0.8660254037844388,0.9749279121818236,-0.22252093395631434,325.5,328.5,232.4375,89.91074227302865,train
2016-09-21 15:00:00,Bear_public_Valorie,Bear,319.75,19.4,12.2,1014.4,8.8,2.0,15,2,0,9,-0.7071067811865471,-0.7071067811865479,0.9749279121818236,-0.22252093395631434,323.25,330.0,232.01041666666666,89.45032867362123,train
2016-09-21 16:00:00,Bear_public_Valorie,Bear,316.5,20.0,11.7,1013.9,7.7,4.0,16,2,0,9,-0.8660254037844385,-0.5000000000000004,0.9749279121818236,-0.22252093395631434,319.75,330.25,231.4375,88.8356827666041,train
2016-09-21 17:00:00,Bear_public_Valorie,Bear,309.0,20.0,11.1,1013.4,8.2,2.0,17,2,0,9,-0.9659258262890683,-0.25881904510252063,0.9749279121818236,-0.22252093395631434,316.5,320.75,230.94791666666666,88.35313837486719,train
2016-09-21 18:00:00,Bear_public_Valorie,Bear,304.0,19.4,10.6,1013.4,10.3,2.0,18,2,0,9,-1.0,-1.8369701987210297e-16,0.9749279121818236,-0.22252093395631434,309.0,315.25,230.47916666666666,87.9151924802568,train
2016-09-21 19:00:00,Bear_public_Valorie,Bear,299.5,17.8,11.1,1013.1,8.2,2.0,19,2,0,9,-0.9659258262890684,0.2588190451025203,0.9749279121818236,-0.22252093395631434,304.0,279.25,231.32291666666666,88.49884791582069,train
2016-09-21 20:00:00,Bear_public_Valorie,Bear,294.0,17.2,10.6,1013.0,9.8,2.0,20,2,0,9,-0.8660254037844386,0.5000000000000001,0.9749279121818236,-0.22252093395631434,299.5,271.25,232.27083333333334,89.0651299509995,train
2016-09-21 21:00:00,Bear_public_Valorie,Bear,282.5,16.1,11.1,1013.7,10.3,2.0,21,2,0,9,-0.7071067811865477,0.7071067811865474,0.9749279121818236,-0.22252093395631434,294.0,250.75,233.59375,89.58581665752494,train
2016-09-21 22:00:00,Bear_public_Valorie,Bear,259.75,15.6,11.1,1014.0,8.8,2.0,22,2,0,9,-0.5000000000000004,0.8660254037844384,0.9749279121818236,-0.22252093395631434,282.5,253.25,233.86458333333334,89.65762107712968,train
2016-09-21 23:00:00,Bear_public_Valorie,Bear,238.5,15.6,11.1,1014.3,8.8,2.0,23,2,0,9,-0.25881904510252157,0.9659258262890681,0.9749279121818236,-0.22252093395631434,259.75,247.5,233.48958333333334,89.61692262936724,train
2016-09-22 00:00:00,Bear_public_Valorie,Bear,238.0,15.6,11.1,1014.1,8.8,2.0,0,3,0,9,0.0,1.0,0.43388373911755823,-0.900968867902419,238.5,241.25,233.35416666666666,89.60714125834379,train
2016-09-22 01:00:00,Bear_public_Valorie,Bear,229.75,15.0,11.1,1014.0,9.8,2.0,1,3,0,9,0.25881904510252074,0.9659258262890683,0.43388373911755823,-0.900968867902419,238.0,239.25,232.95833333333334,89.60094703821467,train
2016-09-22 02:00:00,Bear_public_Valorie,Bear,141.25,14.4,11.1,1014.1,11.8,2.0,2,3,0,9,0.49999999999999994,0.8660254037844387,0.43388373911755823,-0.900968867902419,229.75,147.75,232.6875,89.87909300107381,train
2016-09-22 03:00:00,Bear_public_Valorie,Bear,43.25,14.4,11.1,1014.4,11.3,2.0,3,3,0,9,0.7071067811865476,0.7071067811865476,0.43388373911755823,-0.900968867902419,141.25,41.5,232.76041666666666,89.71780878321952,train
2016-09-22 04:00:00,Bear_public_Valorie,Bear,49.75,14.4,11.1,1014.8,11.3,2.0,4,3,0,9,0.8660254037844386,0.5000000000000001,0.43388373911755823,-0.900968867902419,43.25,47.75,232.84375,89.53924365824923,train
2016-09-22 05:00:00,Bear_public_Valorie,Bear,74.75,13.9,11.1,1015.1,9.8,2.0,5,3,0,9,0.9659258262890683,0.25881904510252074,0.43388373911755823,-0.900968867902419,49.75,64.5,233.27083333333334,88.72208430122483,train
2016-09-22 06:00:00,Bear_public_Valorie,Bear,133.25,14.4,11.1,1015.4,7.7,2.0,6,3,0,9,1.0,6.123233995736766e-17,0.43388373911755823,-0.900968867902419,74.75,136.25,233.14583333333334,88.86671494638665,train
2016-09-22 07:00:00,Bear_public_Valorie,Bear,165.75,14.4,10.0,1015.9,4.6,2.0,7,3,0,9,0.9659258262890683,-0.25881904510252063,0.43388373911755823,-0.900968867902419,133.25,167.5,233.07291666666666,88.92362010659677,train
2016-09-22 08:00:00,Bear_public_Valorie,Bear,183.5,15.0,9.4,1016.6,5.1,2.0,8,3,0,9,0.8660254037844387,-0.4999999999999998,0.43388373911755823,-0.900968867902419,165.75,180.5,233.19791666666666,88.84858208744413,train
2016-09-22 09:00:00,Bear_public_Valorie,Bear,243.5,16.7,8.9,1016.9,4.6,2.0,9,3,0,9,0.7071067811865476,-0.7071067811865475,0.43388373911755823,-0.900968867902419,183.5,233.75,233.60416666666666,88.87350306532015,train
2016-09-22 10:00:00,Bear_public_Valorie,Bear,256.0,18.3,8.3,1017.5,4.6,2.0,10,3,0,9,0.49999999999999994,-0.8660254037844387,0.43388373911755823,-0.900968867902419,243.5,248.75,233.90625,88.93951940174327,train
2016-09-22 11:00:00,Bear_public_Valorie,Bear,289.0,19.4,7.8,1017.7,5.1,2.0,11,3,0,9,0.258819045102521,-0.9659258262890682,0.43388373911755823,-0.900968867902419,256.0,267.5,234.80208333333334,89.39968811243958,train
2016-09-22 12:00:00,Bear_public_Valorie,Bear,322.0,19.4,9.4,1017.8,5.7,2.0,12,3,0,9,1.2246467991473532e-16,-1.0,0.43388373911755823,-0.900968867902419,289.0,315.25,235.08333333333334,89.67397672373684,train
2016-09-22 13:00:00,Bear_public_Valorie,Bear,327.25,20.6,9.4,1017.9,5.1,2.0,13,3,0,9,-0.2588190451025208,-0.9659258262890683,0.43388373911755823,-0.900968867902419,322.0,325.5,235.15625,89.75137193150296,train
2016-09-22 14:00:00,Bear_public_Valorie,Bear,334.5,21.1,12.2,1017.8,6.2,2.0,14,3,0,9,-0.4999999999999997,-0.8660254037844388,0.43388373911755823,-0.900968867902419,327.25,323.25,235.625,90.25940875922709,train
2016-09-22 15:00:00,Bear_public_Valorie,Bear,336.25,21.1,11.7,1017.0,8.2,2.0,15,3,0,9,-0.7071067811865471,-0.7071067811865479,0.43388373911755823,-0.900968867902419,334.5,319.75,236.3125,90.98794264363691,train
2016-09-22 16:00:00,Bear_public_Valorie,Bear,324.25,21.1,11.1,1016.9,7.7,2.0,16,3,0,9,-0.8660254037844385,-0.5000000000000004,0.43388373911755823,-0.900968867902419,336.25,316.5,236.63541666666666,91.29812546193016,train
2016-09-22 17:00:00,Bear_public_Valorie,Bear,317.25,20.6,11.1,1016.8,7.7,0.0,17,3,0,9,-0.9659258262890683,-0.25881904510252063,0.43388373911755823,-0.900968867902419,324.25,309.0,236.97916666666666,91.59747470966886,train
2016-09-22 18:00:00,Bear_public_Valorie,Bear,312.0,18.9,11.1,1016.9,6.7,2.0,18,3,0,9,-1.0,-1.8369701987210297e-16,0.43388373911755823,-0.900968867902419,317.25,304.0,237.3125,91.86613754948496,train
2016-09-22 19:00:00,Bear_public_Valorie,Bear,299.25,17.8,12.2,1017.0,7.2,4.0,19,3,0,9,-0.9659258262890684,0.2588190451025203,0.43388373911755823,-0.900968867902419,312.0,299.5,237.30208333333334,91.85879342911947,train
2016-09-22 20:00:00,Bear_public_Valorie,Bear,282.0,16.7,11.7,1017.1,4.6,2.0,20,3,0,9,-0.8660254037844386,0.5000000000000001,0.43388373911755823,-0.900968867902419,299.25,294.0,236.80208333333334,91.56896246422902,train
2016-09-22 21:00:00,Bear_public_Valorie,Bear,275.75,15.6,11.1,1017.5,0.0,2.0,21,3,0,9,-0.7071067811865477,0.7071067811865474,0.43388373911755823,-0.900968867902419,282.0,282.5,236.52083333333334,91.43276564808697,train
2016-09-22 22:00:00,Bear_public_Valorie,Bear,264.75,16.1,12.2,1017.9,2.1,2.0,22,3,0,9,-0.5000000000000004,0.8660254037844384,0.43388373911755823,-0.900968867902419,275.75,259.75,236.72916666666666,91.49367157572057,train
2016-09-22 23:00:00,Bear_public_Valorie,Bear,258.25,16.1,11.7,1018.2,2.1,2.0,23,3,0,9,-0.25881904510252157,0.9659258262890681,0.43388373911755823,-0.900968867902419,264.75,238.5,237.55208333333334,91.59904888338416,train
2016-09-23 00:00:00,Bear_public_Valorie,Bear,231.8301,13.3,11.1,1018.3,0.0,0.0,0,4,0,9,0.0,1.0,-0.433883739117558,-0.9009688679024191,258.25,238.0,237.29500416666667,91.60639495120938,train
2016-09-23 01:00:00,Bear_public_Valorie,Bear,232.64,15.6,12.2,1018.4,0.0,0.0,1,4,0,9,0.25881904510252074,0.9659258262890683,-0.433883739117558,-0.9009688679024191,231.8301,229.75,237.41542083333334,91.59794488836623,train
2016-09-23 02:00:00,Bear_public_Valorie,Bear,137.75,15.6,12.8,1018.6,4.1,0.0,2,4,0,9,0.49999999999999994,0.8660254037844387,-0.433883739117558,-0.9009688679024191,232.64,141.25,237.26958750000003,91.7603490687247,train
2016-09-23 03:00:00,Bear_public_Valorie,Bear,43.75,15.6,12.8,1018.7,3.1,0.0,3,4,0,9,0.7071067811865476,0.7071067811865476,-0.433883739117558,-0.9009688679024191,137.75,43.25,237.29042083333334,91.71442876473549,train
2016-09-23 04:00:00,Bear_public_Valorie,Bear,49.25,12.8,11.1,1018.7,0.0,0.0,4,4,0,9,0.8660254037844386,0.5000000000000001,-0.433883739117558,-0.9009688679024191,43.75,49.75,237.26958750000003,91.75892758554333,train
2016-09-23 05:00:00,Bear_public_Valorie,Bear,68.75,12.2,10.6,1018.9,0.0,0.0,5,4,0,9,0.9659258262890683,0.25881904510252074,-0.433883739117558,-0.9009688679024191,49.25,74.75,237.01958750000003,92.22794381265288,train
2016-09-23 06:00:00,Bear_public_Valorie,Bear,131.75,12.2,10.6,1019.3,1.5,0.0,6,4,0,9,1.0,6.123233995736766e-17,-0.433883739117558,-0.9009688679024191,68.75,133.25,236.95708750000003,92.30180135564426,train
2016-09-23 07:00:00,Bear_public_Valorie,Bear,158.5,11.1,9.4,1020.1,1.5,2.0,7,4,0,9,0.9659258262890683,-0.25881904510252063,-0.433883739117558,-0.9009688679024191,131.75,165.75,236.65500416666669,92.55649119533292,train
2016-09-23 08:00:00,Bear_public_Valorie,Bear,185.25,12.8,11.1,1020.7,1.5,2.0,8,4,0,9,0.8660254037844387,-0.4999999999999998,-0.433883739117558,-0.9009688679024191,158.5,183.5,236.72792083333334,92.51347394610433,train
2016-09-23 09:00:00,Bear_public_Valorie,Bear,248.0,16.7,12.2,1020.9,0.0,2.0,9,4,0,9,0.7071067811865476,-0.7071067811865475,-0.433883739117558,-0.9009688679024191,185.25,243.5,236.91542083333334,92.53235410167767,train
2016-09-23 10:00:00,Bear_public_Valorie,Bear,268.5,17.2,12.2,1021.3,3.1,2.0,10,4,0,9,0.49999999999999994,-0.8660254037844387,-0.433883739117558,-0.9009688679024191,248.0,256.0,237.43625416666669,92.67950733605993,train
2016-09-23 11:00:00,Bear_public_Valorie,Bear,336.0,17.8,12.2,1021.4,3.1,2.0,11,4,0,9,0.258819045102521,-0.9659258262890682,-0.433883739117558,-0.9009688679024191,268.5,289.0,239.39458750000003,94.29884163678943,train
2016-09-23 12:00:00,Bear_public_Valorie,Bear,331.5,19.4,12.2,1021.0,3.1,2.0,12,4,0,9,1.2246467991473532e-16,-1.0,-0.433883739117558,-0.9009688679024191,336.0,322.0,239.79042083333334,94.67983525815465,train
2016-09-23 13:00:00,Bear_public_Valorie,Bear,329.5,21.1,10.6,1020.6,3.6,2.0,13,4,0,9,-0.2588190451025208,-0.9659258262890683,-0.433883739117558,-0.9009688679024191,331.5,327.25,239.88417083333334,94.77127095699828,train
2016-09-23 14:00:00,Bear_public_Valorie,Bear,325.0,22.2,12.2,1020.1,6.7,2.0,14,4,0,9,-0.4999999999999997,-0.8660254037844388,-0.433883739117558,-0.9009688679024191,329.5,334.5,239.48833750000003,94.37792810353689,train
2016-09-23 15:00:00,Bear_public_Valorie,Bear,325.75,22.8,10.6,1019.8,7.7,2.0,15,4,0,9,-0.7071067811865471,-0.7071067811865479,-0.433883739117558,-0.9009688679024191,325.0,336.25,239.05083750000003,93.93316484727359,train
2016-09-23 16:00:00,Bear_public_Valorie,Bear,324.25,22.2,10.6,1019.6,7.7,2.5,16,4,0,9,-0.8660254037844385,-0.5000000000000004,-0.433883739117558,-0.9009688679024191,325.75,324.25,239.05083750000003,93.93316484727359,train
2016-09-23 17:00:00,Bear_public_Valorie,Bear,295.5,21.1,11.1,1019.4,5.7,3.0,17,4,0,9,-0.9659258262890683,-0.25881904510252063,-0.433883739117558,-0.9009688679024191,324.25,317.25,238.14458750000003,93.2483349968913,train
2016-09-23 18:00:00,Bear_public_Valorie,Bear,296.75,21.1,11.1,1019.4,5.1,3.5,18,4,0,9,-1.0,-1.8369701987210297e-16,-0.433883739117558,-0.9009688679024191,295.5,312.0,237.50917083333334,92.77393699026871,train
2016-09-23 19:00:00,Bear_public_Valorie,Bear,305.75,18.9,12.2,1019.3,5.7,4.0,19,4,0,9,-0.9659258262890684,0.2588190451025203,-0.433883739117558,-0.9009688679024191,296.75,299.25,237.78000416666669,92.97129014776317,train
2016-09-23 20:00:00,Bear_public_Valorie,Bear,298.25,17.8,12.2,1019.6,5.1,4.0,20,4,0,9,-0.8660254037844386,0.5000000000000001,-0.433883739117558,-0.9009688679024191,305.75,282.0,238.45708750000003,93.365669132863,train
2016-09-23 21:00:00,Bear_public_Valorie,Bear,273.75,17.8,12.2,1020.0,1.5,2.0,21,4,0,9,-0.7071067811865477,0.7071067811865474,-0.433883739117558,-0.9009688679024191,298.25,275.75,238.37375416666669,93.33182262969513,train
2016-09-23 22:00:00,Bear_public_Valorie,Bear,157.25,17.2,12.2,1020.0,1.5,2.0,22,4,0,9,-0.5000000000000004,0.8660254037844384,-0.433883739117558,-0.9009688679024191,273.75,264.75,233.89458750000003,94.58212819116899,train
2016-09-23 23:00:00,Bear_public_Valorie,Bear,63.5,15.6,11.1,1020.2,0.0,2.0,23,4,0,9,-0.25881904510252157,0.9659258262890681,-0.433883739117558,-0.9009688679024191,157.25,258.25,225.78000416666669,100.56659714490087,train
2016-09-24 00:00:00,Bear_public_Valorie,Bear,60.25,16.7,12.8,1020.3,2.1,2.0,0,5,1,9,0.0,1.0,-0.9749279121818236,-0.2225209339563146,63.5,231.8301,218.63083333333336,106.0661511763406,train
2016-09-24 01:00:00,Bear_public_Valorie,Bear,64.25,16.1,12.2,1020.2,2.1,2.0,1,5,1,9,0.25881904510252074,0.9659258262890683,-0.9749279121818236,-0.2225209339563146,60.25,232.64,211.61458333333334,110.5728900644736,train
2016-09-24 02:00:00,Bear_public_Valorie,Bear,60.0,16.1,12.8,1020.3,2.1,0.0,2,5,1,9,0.49999999999999994,0.8660254037844387,-0.9749279121818236,-0.2225209339563146,64.25,137.75,208.375,113.91940324098712,train
2016-09-24 03:00:00,Bear_public_Valorie,Bear,64.25,15.6,12.8,1019.8,3.1,0.0,3,5,1,9,0.7071067811865476,0.7071067811865476,-0.9749279121818236,-0.2225209339563146,60.0,43.75,209.22916666666666,112.70172534139643,train
2016-09-24 04:00:00,Bear_public_Valorie,Bear,66.5,17.2,13.9,1019.4,3.6,0.0,4,5,1,9,0.8660254037844386,0.5000000000000001,-0.9749279121818236,-0.2225209339563146,64.25,49.25,209.94791666666666,111.68754891404663,train
2016-09-24 05:00:00,Bear_public_Valorie,Bear,81.75,14.4,11.7,1019.4,2.6,0.0,5,5,1,9,0.9659258262890683,0.25881904510252074,-0.9749279121818236,-0.2225209339563146,66.5,68.75,210.48958333333334,111.00241084256837,train
2016-09-24 06:00:00,Bear_public_Valorie,Bear,128.25,15.0,12.8,1019.6,0.0,0.0,6,5,1,9,1.0,6.123233995736766e-17,-0.9749279121818236,-0.2225209339563146,81.75,131.75,210.34375,111.11259987302745,train
2016-09-24 07:00:00,Bear_public_Valorie,Bear,151.25,13.3,11.1,1019.8,0.0,0.0,7,5,1,9,0.9659258262890683,-0.25881904510252063,-0.9749279121818236,-0.2225209339563146,128.25,158.5,210.04166666666666,111.26942103727795,train
2016-09-24 08:00:00,Bear_public_Valorie,Bear,190.5,15.6,12.8,1020.1,0.0,0.0,8,5,1,9,0.8660254037844387,-0.4999999999999998,-0.9749279121818236,-0.2225209339563146,151.25,185.25,210.26041666666666,111.22371402128427,train
2016-09-24 09:00:00,Bear_public_Valorie,Bear,281.0,18.3,12.8,1020.1,0.0,0.0,9,5,1,9,0.7071067811865476,-0.7071067811865475,-0.9749279121818236,-0.2225209339563146,190.5,248.0,211.63541666666666,111.912402156064,train
2016-09-24 10:00:00,Bear_public_Valorie,Bear,300.5,19.4,12.8,1020.2,2.1,0.0,10,5,1,9,0.49999999999999994,-0.8660254037844387,-0.9749279121818236,-0.2225209339563146,281.0,268.5,212.96875,112.80640188865716,train
2016-09-24 11:00:00,Bear_public_Valorie,Bear,288.25,20.6,13.3,1020.4,2.1,0.0,11,5,1,9,0.258819045102521,-0.9659258262890682,-0.9749279121818236,-0.2225209339563146,300.5,336.0,210.97916666666666,110.94791464688632,train
2016-09-24 12:00:00,Bear_public_Valorie,Bear,272.0,22.2,13.3,1019.9,2.1,0.0,12,5,1,9,1.2246467991473532e-16,-1.0,-0.9749279121818236,-0.2225209339563146,288.25,331.5,208.5,108.78136729038312,train
2016-09-24 13:00:00,Bear_public_Valorie,Bear,283.5,25.6,12.8,1019.5,4.1,0.0,13,5,1,9,-0.2588190451025208,-0.9659258262890683,-0.9749279121818236,-0.2225209339563146,272.0,329.5,206.58333333333334,106.94649380055384,train
2016-09-24 14:00:00,Bear_public_Valorie,Bear,286.75,25.0,15.0,1019.0,3.6,0.0,14,5,1,9,-0.4999999999999997,-0.8660254037844388,-0.9749279121818236,-0.2225209339563146,283.5,325.0,204.98958333333334,105.37860002532354,train
2016-09-24 15:00:00,Bear_public_Valorie,Bear,299.0,26.7,15.0,1018.2,4.6,0.0,15,5,1,9,-0.7071067811865471,-0.7071067811865479,-0.9749279121818236,-0.2225209339563146,286.75,325.75,203.875,104.18044546550625,train
2016-09-24 16:00:00,Bear_public_Valorie,Bear,304.0,27.2,14.4,1017.6,4.6,0.0,16,5,1,9,-0.8660254037844385,-0.5000000000000004,-0.9749279121818236,-0.2225209339563146,299.0,324.25,203.03125,103.2409147624055,train
2016-09-24 17:00:00,Bear_public_Valorie,Bear,287.25,25.0,14.4,1017.3,4.6,0.0,17,5,1,9,-0.9659258262890683,-0.25881904510252063,-0.9749279121818236,-0.2225209339563146,304.0,295.5,202.6875,102.93292059056891,train
2016-09-24 18:00:00,Bear_public_Valorie,Bear,280.75,23.9,14.4,1017.2,3.6,0.0,18,5,1,9,-1.0,-1.8369701987210297e-16,-0.9749279121818236,-0.2225209339563146,287.25,296.75,202.02083333333334,102.3473655877553,train
2016-09-24 19:00:00,Bear_public_Valorie,Bear,295.0,22.2,15.0,1017.1,2.1,0.0,19,5,1,9,-0.9659258262890684,0.2588190451025203,-0.9749279121818236,-0.2225209339563146,280.75,305.75,201.57291666666666,101.89619289210866,train
2016-09-24 20:00:00,Bear_public_Valorie,Bear,298.25,21.1,15.0,1017.0,1.5,0.0,20,5,1,9,-0.8660254037844386,0.5000000000000001,-0.9749279121818236,-0.2225209339563146,295.0,298.25,201.57291666666666,101.89619289210866,train
2016-09-24 21:00:00,Bear_public_Valorie,Bear,293.25,19.4,15.6,1017.5,0.0,0.0,21,5,1,9,-0.7071067811865477,0.7071067811865474,-0.9749279121818236,-0.2225209339563146,298.25,273.75,202.38541666666666,102.57224334178659,train
2016-09-24 22:00:00,Bear_public_Valorie,Bear,158.75,19.4,16.1,1017.4,1.5,0.0,22,5,1,9,-0.5000000000000004,0.8660254037844384,-0.9749279121818236,-0.2225209339563146,293.25,157.25,202.44791666666666,102.54399848799449,train
2016-09-24 23:00:00,Bear_public_Valorie,Bear,57.0,18.9,15.0,1017.4,2.1,0.0,23,5,1,9,-0.25881904510252157,0.9659258262890681,-0.9749279121818236,-0.2225209339563146,158.75,63.5,202.17708333333334,102.9347745980822,train
2016-09-25 00:00:00,Bear_public_Valorie,Bear,63.75,17.2,14.4,1017.7,0.0,0.0,0,6,1,9,0.0,1.0,-0.7818314824680299,0.6234898018587334,57.0,60.25,202.32291666666666,102.72722637621096,train
2016-09-25 01:00:00,Bear_public_Valorie,Bear,57.0,17.2,14.4,1017.5,2.1,0.0,1,6,1,9,0.25881904510252074,0.9659258262890683,-0.7818314824680299,0.6234898018587334,63.75,64.25,202.02083333333334,103.16064711079927,train
2016-09-25 02:00:00,Bear_public_Valorie,Bear,62.25,18.3,13.3,1017.6,0.0,0.0,2,6,1,9,0.49999999999999994,0.8660254037844387,-0.7818314824680299,0.6234898018587334,57.0,60.0,202.11458333333334,103.02690602476737,train
2016-09-25 03:00:00,Bear_public_Valorie,Bear,57.25,15.0,12.8,1017.1,0.0,0.0,3,6,1,9,0.7071067811865476,0.7071067811865476,-0.7818314824680299,0.6234898018587334,62.25,64.25,201.82291666666666,103.44323372829508,train
2016-09-25 04:00:00,Bear_public_Valorie,Bear,70.25,16.1,13.3,1016.8,1.5,0.0,4,6,1,9,0.8660254037844386,0.5000000000000001,-0.7818314824680299,0.6234898018587334,57.25,66.5,201.97916666666666,103.23256028803705,train
2016-09-25 05:00:00,Bear_public_Valorie,Bear,85.5,15.0,11.7,1016.7,0.0,0.0,5,6,1,9,0.9659258262890683,0.25881904510252074,-0.7818314824680299,0.6234898018587334,70.25,81.75,202.13541666666666,103.04534088487323,train
2016-09-25 06:00:00,Bear_public_Valorie,Bear,79.0,16.1,12.8,1016.7,0.0,0.0,6,6,1,9,1.0,6.123233995736766e-17,-0.7818314824680299,0.6234898018587334,85.5,128.25,200.08333333333334,105.05155739038305,train
2016-09-25 07:00:00,Bear_public_Valorie,Bear,85.0,14.4,11.7,1017.0,0.0,0.0,7,6,1,9,0.9659258262890683,-0.25881904510252063,-0.7818314824680299,0.6234898018587334,79.0,151.25,197.32291666666666,107.23819178855884,train
2016-09-25 08:00:00,Bear_public_Valorie,Bear,82.8,16.7,12.2,1017.2,2.6,0.0,8,6,1,9,0.8660254037844387,-0.4999999999999998,-0.7818314824680299,0.6234898018587334,85.0,190.5,192.83541666666665,109.75988167771418,train
2016-09-25 09:00:00,Bear_public_Valorie,Bear,86.0,26.7,14.7,1017.4,2.6,0.0,9,6,1,9,0.7071067811865476,-0.7071067811865475,-0.7818314824680299,0.6234898018587334,82.8,281.0,184.71041666666665,110.16642842532734,train
2016-09-25 10:00:00,Bear_public_Valorie,Bear,174.5,22.2,17.2,1017.8,3.1,0.0,10,6,1,9,0.49999999999999994,-0.8660254037844387,-0.7818314824680299,0.6234898018587334,86.0,300.5,179.46041666666665,107.37546677447438,train
2016-09-25 11:00:00,Bear_public_Valorie,Bear,194.5,26.1,13.3,1017.7,4.1,0.0,11,6,1,9,0.258819045102521,-0.9659258262890682,-0.7818314824680299,0.6234898018587334,174.5,288.25,175.55416666666667,104.92297269557027,train
2016-09-25 12:00:00,Bear_public_Valorie,Bear,244.5,23.9,17.8,1017.2,4.1,0.0,12,6,1,9,1.2246467991473532e-16,-1.0,-0.7818314824680299,0.6234898018587334,194.5,272.0,174.40833333333333,103.96975173271473,train
2016-09-25 13:00:00,Bear_public_Valorie,Bear,284.5,26.7,12.2,1017.1,1.5,0.0,13,6,1,9,-0.2588190451025208,-0.9659258262890683,-0.7818314824680299,0.6234898018587334,244.5,283.5,174.45000000000002,104.01556217178785,train
2016-09-25 14:00:00,Bear_public_Valorie,Bear,298.75,28.3,8.9,1016.3,3.1,0.0,14,6,1,9,-0.4999999999999997,-0.8660254037844388,-0.7818314824680299,0.6234898018587334,284.5,286.75,174.95000000000002,104.60602173206242,train
2016-09-25 15:00:00,Bear_public_Valorie,Bear,300.75,30.6,8.3,1015.6,3.1,0.0,15,6,1,9,-0.7071067811865471,-0.7071067811865479,-0.7818314824680299,0.6234898018587334,298.75,299.0,175.02291666666667,104.69682211360774,train
2016-09-25 16:00:00,Bear_public_Valorie,Bear,296.25,31.7,8.3,1015.2,2.6,2.0,16,6,1,9,-0.8660254037844385,-0.5000000000000004,-0.7818314824680299,0.6234898018587334,300.75,304.0,174.70000000000002,104.2928944180138,train
2016-09-25 17:00:00,Bear_public_Valorie,Bear,286.75,30.6,11.1,1014.7,5.7,2.0,17,6,1,9,-0.9659258262890683,-0.25881904510252063,-0.7818314824680299,0.6234898018587334,296.25,287.25,174.67916666666667,104.2694814626637,train
2016-09-25 18:00:00,Bear_public_Valorie,Bear,282.25,31.1,6.7,1014.5,4.6,2.0,18,6,1,9,-1.0,-1.8369701987210297e-16,-0.7818314824680299,0.6234898018587334,286.75,280.75,174.74166666666667,104.33625372122447,train
2016-09-25 19:00:00,Bear_public_Valorie,Bear,285.0,26.7,9.4,1014.5,5.1,0.0,19,6,1,9,-0.9659258262890684,0.2588190451025203,-0.7818314824680299,0.6234898018587334,282.25,295.0,174.32500000000002,103.85397461569912,train
2016-09-25 20:00:00,Bear_public_Valorie,Bear,286.75,25.6,6.7,1014.7,1.5,0.0,20,6,1,9,-0.8660254037844386,0.5000000000000001,-0.7818314824680299,0.6234898018587334,285.0,298.25,173.84583333333333,103.28229983954145,train
2016-09-25 21:00:00,Bear_public_Valorie,Bear,280.5,23.9,8.9,1015.1,0.0,0.0,21,6,1,9,-0.7071067811865477,0.7071067811865474,-0.7818314824680299,0.6234898018587334,286.75,293.25,173.31458333333333,102.67241117851553,train
2016-09-25 22:00:00,Bear_public_Valorie,Bear,275.75,22.8,10.0,1015.0,3.1,0.0,22,6,1,9,-0.5000000000000004,0.8660254037844384,-0.7818314824680299,0.6234898018587334,280.5,158.75,178.18958333333333,104.70826239061718,train
2016-09-25 23:00:00,Bear_public_Valorie,Bear,271.5,20.0,14.4,1014.7,0.0,0.0,23,6,1,9,-0.25881904510252157,0.9659258262890681,-0.7818314824680299,0.6234898018587334,275.75,57.0,187.12708333333333,103.05563923473439,train
2016-09-26 00:00:00,Bear_public_Valorie,Bear,264.25,20.0,14.4,1014.8,1.5,0.0,0,0,0,9,0.0,1.0,0.0,1.0,271.5,63.75,195.48125000000002,100.71952426384269,train
2016-09-26 01:00:00,Bear_public_Valorie,Bear,263.5,18.9,12.2,1014.8,2.1,0.0,1,0,0,9,0.25881904510252074,0.9659258262890683,0.0,1.0,264.25,57.0,204.08541666666667,97.13156751805515,train
2016-09-26 02:00:00,Bear_public_Valorie,Bear,153.5,19.4,10.6,1014.6,2.1,0.0,2,0,0,9,0.49999999999999994,0.8660254037844387,0.0,1.0,263.5,62.25,207.88750000000002,93.0378864507218,train
2016-09-26 03:00:00,Bear_public_Valorie,Bear,74.0,18.3,9.4,1014.5,0.0,0.0,3,0,0,9,0.7071067811865476,0.7071067811865476,0.0,1.0,153.5,57.25,208.58541666666667,91.91480634754015,train
2016-09-26 04:00:00,Bear_public_Valorie,Bear,86.25,17.2,9.4,1014.1,0.0,0.0,4,0,0,9,0.8660254037844386,0.5000000000000001,0.0,1.0,74.0,70.25,209.25208333333333,90.92046868503158,train
2016-09-26 05:00:00,Bear_public_Valorie,Bear,104.75,16.7,8.9,1014.3,1.5,2.0,5,0,0,9,0.9659258262890683,0.25881904510252074,0.0,1.0,86.25,85.5,210.05416666666667,89.86001059216052,train
2016-09-26 06:00:00,Bear_public_Valorie,Bear,170.0,15.6,9.4,1014.7,0.0,2.0,6,0,0,9,1.0,6.123233995736766e-17,0.0,1.0,104.75,79.0,213.84583333333333,85.9233719743894,train
2016-09-26 07:00:00,Bear_public_Valorie,Bear,212.5,15.6,10.0,1015.0,0.0,2.0,7,0,0,9,0.9659258262890683,-0.25881904510252063,0.0,1.0,170.0,85.0,219.15833333333333,81.43501365675192,train
2016-09-26 08:00:00,Bear_public_Valorie,Bear,195.75,17.2,10.0,1015.7,2.1,0.0,8,0,0,9,0.8660254037844387,-0.4999999999999998,0.0,1.0,212.5,82.8,223.86458333333334,76.31485051098836,train
2016-09-26 09:00:00,Bear_public_Valorie,Bear,255.25,23.3,9.4,1015.9,1.5,0.0,9,0,0,9,0.7071067811865476,-0.7071067811865475,0.0,1.0,195.75,86.0,230.91666666666666,70.62941662475792,train
2016-09-26 10:00:00,Bear_public_Valorie,Bear,263.0,24.4,10.0,1016.1,1.5,2.0,10,0,0,9,0.49999999999999994,-0.8660254037844387,0.0,1.0,255.25,174.5,234.60416666666666,69.86197248342884,train
2016-09-26 11:00:00,Bear_public_Valorie,Bear,265.0,26.1,10.6,1016.1,3.6,0.0,11,0,0,9,0.258819045102521,-0.9659258262890682,0.0,1.0,263.0,194.5,237.54166666666666,69.58399938933158,train
2016-09-26 12:00:00,Bear_public_Valorie,Bear,268.75,28.3,11.1,1015.7,4.1,0.0,12,0,0,9,1.2246467991473532e-16,-1.0,0.0,1.0,265.0,244.5,238.55208333333334,69.86493099136034,train
2016-09-26 13:00:00,Bear_public_Valorie,Bear,274.75,30.0,10.0,1015.4,4.6,0.0,13,0,0,9,-0.2588190451025208,-0.9659258262890683,0.0,1.0,268.75,284.5,238.14583333333334,69.61403362495409,train
2016-09-26 14:00:00,Bear_public_Valorie,Bear,273.5,31.7,10.0,1014.5,5.1,0.0,14,0,0,9,-0.4999999999999997,-0.8660254037844388,0.0,1.0,274.75,298.75,237.09375,68.84484811090115,train
2016-09-26 15:00:00,Bear_public_Valorie,Bear,277.75,35.0,7.8,1013.8,4.1,0.0,15,0,0,9,-0.7071067811865471,-0.7071067811865479,0.0,1.0,273.5,300.75,236.13541666666666,68.07600368764105,train
2016-09-26 16:00:00,Bear_public_Valorie,Bear,278.0,34.4,7.8,1013.3,4.6,2.0,16,0,0,9,-0.8660254037844385,-0.5000000000000004,0.0,1.0,277.75,296.25,235.375,67.47459264177829,train
2016-09-26 17:00:00,Bear_public_Valorie,Bear,276.5,32.2,9.4,1013.0,5.7,2.0,17,0,0,9,-0.9659258262890683,-0.25881904510252063,0.0,1.0,278.0,286.75,234.94791666666666,67.16701195878093,train
2016-09-26 18:00:00,Bear_public_Valorie,Bear,272.75,30.6,8.9,1012.7,5.7,2.0,18,0,0,9,-1.0,-1.8369701987210297e-16,0.0,1.0,276.5,282.25,234.55208333333334,66.9036043728566,train
2016-09-26 19:00:00,Bear_public_Valorie,Bear,264.75,27.8,8.3,1012.7,5.1,2.0,19,0,0,9,-0.9659258262890684,0.2588190451025203,0.0,1.0,272.75,285.0,233.70833333333334,66.3652470385876,train
2016-09-26 20:00:00,Bear_public_Valorie,Bear,271.25,25.6,8.9,1012.9,2.1,2.0,20,0,0,9,-0.8660254037844386,0.5000000000000001,0.0,1.0,264.75,286.75,233.0625,65.90042100874956,train
2016-09-26 21:00:00,Bear_public_Valorie,Bear,263.5,24.4,10.0,1013.2,2.1,0.0,21,0,0,9,-0.7071067811865477,0.7071067811865474,0.0,1.0,271.25,280.5,232.35416666666666,65.4582474238129,train
2016-09-26 22:00:00,Bear_public_Valorie,Bear,262.75,22.8,12.8,1013.4,0.0,0.0,22,0,0,9,-0.5000000000000004,0.8660254037844384,0.0,1.0,263.5,275.75,231.8125,65.13653094112001,train
2016-09-26 23:00:00,Bear_public_Valorie,Bear,260.75,21.1,13.3,1013.6,0.0,0.0,23,0,0,9,-0.25881904510252157,0.9659258262890681,0.0,1.0,262.75,271.5,231.36458333333334,64.88823916880118,train
2016-09-27 00:00:00,Bear_public_Valorie,Bear,256.75,20.0,12.2,1013.4,2.6,0.0,0,1,0,9,0.0,1.0,0.7818314824680298,0.6234898018587336,260.75,264.25,231.05208333333334,64.74087056533901,train
2016-09-27 01:00:00,Bear_public_Valorie,Bear,251.5,20.0,10.0,1013.2,1.5,0.0,1,1,0,9,0.25881904510252074,0.9659258262890683,0.7818314824680298,0.6234898018587336,256.75,263.5,230.55208333333334,64.52535645702241,train
2016-09-27 02:00:00,Bear_public_Valorie,Bear,125.0,18.9,7.2,1012.9,1.5,0.0,2,1,0,9,0.49999999999999994,0.8660254037844387,0.7818314824680298,0.6234898018587336,251.5,153.5,229.36458333333334,66.24440005728245,train
2016-09-27 03:00:00,Bear_public_Valorie,Bear,40.5,17.8,7.8,1012.5,0.0,0.0,3,1,0,9,0.7071067811865476,0.7071067811865476,0.7818314824680298,0.6234898018587336,125.0,74.0,227.96875,69.91183549190961,train
2016-09-27 04:00:00,Bear_public_Valorie,Bear,110.0,18.3,6.7,1012.4,1.5,0.0,4,1,0,9,0.8660254037844386,0.5000000000000001,0.7818314824680298,0.6234898018587336,40.5,86.25,228.95833333333334,67.95945349133251,train
2016-09-27 05:00:00,Bear_public_Valorie,Bear,162.0,16.7,7.8,1012.4,1.5,0.0,5,1,0,9,0.9659258262890683,0.25881904510252074,0.7818314824680298,0.6234898018587336,110.0,104.75,231.34375,64.31726780188977,train
2016-09-27 06:00:00,Bear_public_Valorie,Bear,175.75,15.0,8.3,1012.4,1.5,0.0,6,1,0,9,1.0,6.123233995736766e-17,0.7818314824680298,0.6234898018587336,162.0,170.0,231.58333333333334,64.08913064371113,train
2016-09-27 07:00:00,Bear_public_Valorie,Bear,184.75,16.7,9.4,1012.6,1.5,0.0,7,1,0,9,0.9659258262890683,-0.25881904510252063,0.7818314824680298,0.6234898018587336,175.75,212.5,230.42708333333334,64.69583848448177,train
2016-09-27 08:00:00,Bear_public_Valorie,Bear,211.25,16.7,9.4,1012.8,1.5,2.0,8,1,0,9,0.8660254037844387,-0.4999999999999998,0.7818314824680298,0.6234898018587336,184.75,195.75,231.07291666666666,64.41135968399198,train
2016-09-27 09:00:00,Bear_public_Valorie,Bear,265.75,21.7,10.6,1012.9,0.0,2.0,9,1,0,9,0.7071067811865476,-0.7071067811865475,0.7818314824680298,0.6234898018587336,211.25,255.25,231.51041666666666,64.61804496115197,train
2016-09-27 10:00:00,Bear_public_Valorie,Bear,270.5,23.3,13.3,1013.3,2.1,0.0,10,1,0,9,0.49999999999999994,-0.8660254037844387,0.7818314824680298,0.6234898018587336,265.75,263.0,231.82291666666666,64.79484678108332,train
2016-09-27 11:00:00,Bear_public_Valorie,Bear,278.0,25.6,11.7,1013.0,3.6,0.0,11,1,0,9,0.258819045102521,-0.9659258262890682,0.7818314824680298,0.6234898018587336,270.5,265.0,232.36458333333334,65.13768774708109,train
2016-09-27 12:00:00,Bear_public_Valorie,Bear,277.75,27.2,11.1,1012.4,3.1,0.0,12,1,0,9,1.2246467991473532e-16,-1.0,0.7818314824680298,0.6234898018587336,278.0,268.75,232.73958333333334,65.38171692846937,train
2016-09-27 13:00:00,Bear_public_Valorie,Bear,277.5,28.9,11.7,1011.7,4.1,0.0,13,1,0,9,-0.2588190451025208,-0.9659258262890683,0.7818314824680298,0.6234898018587336,277.75,274.75,232.85416666666666,65.46090422446106,train
2016-09-27 14:00:00,Bear_public_Valorie,Bear,281.5,27.8,13.3,1011.1,5.1,2.0,14,1,0,9,-0.4999999999999997,-0.8660254037844388,0.7818314824680298,0.6234898018587336,277.5,273.5,233.1875,65.69681887937628,train
2016-09-27 15:00:00,Bear_public_Valorie,Bear,281.75,26.7,13.3,1010.6,6.7,2.0,15,1,0,9,-0.7071067811865471,-0.7071067811865479,0.7818314824680298,0.6234898018587336,281.5,277.75,233.35416666666666,65.81974382764064,train
2016-09-27 16:00:00,Bear_public_Valorie,Bear,275.5,26.7,11.1,1010.3,5.1,0.0,16,1,0,9,-0.8660254037844385,-0.5000000000000004,0.7818314824680298,0.6234898018587336,281.75,278.0,233.25,65.74795417547891,train
2016-09-27 17:00:00,Bear_public_Valorie,Bear,279.5,23.9,12.8,1010.0,5.1,0.0,17,1,0,9,-0.9659258262890683,-0.25881904510252063,0.7818314824680298,0.6234898018587336,275.5,276.5,233.375,65.83654826125476,train
2016-09-27 18:00:00,Bear_public_Valorie,Bear,279.75,22.2,14.4,1009.7,5.1,0.0,18,1,0,9,-1.0,-1.8369701987210297e-16,0.7818314824680298,0.6234898018587336,279.5,272.75,233.66666666666666,66.03378033194483,train
2016-09-27 19:00:00,Bear_public_Valorie,Bear,277.25,19.4,13.3,1009.9,4.1,0.0,19,1,0,9,-0.9659258262890684,0.2588190451025203,0.7818314824680298,0.6234898018587336,279.75,264.75,234.1875,66.33820010731576,train
2016-09-27 20:00:00,Bear_public_Valorie,Bear,277.25,17.8,13.9,1010.2,4.6,0.0,20,1,0,9,-0.8660254037844386,0.5000000000000001,0.7818314824680298,0.6234898018587336,277.25,271.25,234.4375,66.49506560640425,train
2016-09-27 21:00:00,Bear_public_Valorie,Bear,265.75,17.2,13.3,1010.8,3.6,0.0,21,1,0,9,-0.7071067811865477,0.7071067811865474,0.7818314824680298,0.6234898018587336,277.25,263.5,234.53125,66.539393060084,train
2016-09-27 22:00:00,Bear_public_Valorie,Bear,266.5,15.6,13.3,1011.1,3.1,0.0,22,1,0,9,-0.5000000000000004,0.8660254037844384,0.7818314824680298,0.6234898018587336,265.75,262.75,234.6875,66.61290064701208,train
2016-09-27 23:00:00,Bear_public_Valorie,Bear,262.25,15.6,13.3,1011.3,4.1,0.0,23,1,0,9,-0.25881904510252157,0.9659258262890681,0.7818314824680298,0.6234898018587336,266.5,260.75,234.75,66.63911568388676,train
2016-09-28 00:00:00,Bear_public_Valorie,Bear,258.75,15.6,12.8,1011.4,3.1,0.0,0,2,0,9,0.0,1.0,0.9749279121818236,-0.22252093395631434,262.25,256.75,234.83333333333334,66.66906698577407,train
2016-09-28 01:00:00,Bear_public_Valorie,Bear,251.0,15.0,13.3,1011.2,2.1,0.0,1,2,0,9,0.25881904510252074,0.9659258262890683,0.9749279121818236,-0.22252093395631434,258.75,251.5,234.8125,66.66371030582634,train
2016-09-28 02:00:00,Bear_public_Valorie,Bear,193.25,15.0,12.8,1011.2,2.1,0.0,2,2,0,9,0.49999999999999994,0.8660254037844387,0.9749279121818236,-0.22252093395631434,251.0,125.0,237.65625,63.1381255187525,train
2016-09-28 03:00:00,Bear_public_Valorie,Bear,117.75,14.4,12.2,1011.1,2.1,0.0,3,2,0,9,0.7071067811865476,0.7071067811865476,0.9749279121818236,-0.22252093395631434,193.25,40.5,240.875,53.950863312591395,train
2016-09-28 04:00:00,Bear_public_Valorie,Bear,128.5,13.9,12.2,1010.9,1.5,0.0,4,2,0,9,0.8660254037844386,0.5000000000000001,0.9749279121818236,-0.22252093395631434,117.75,110.0,241.64583333333334,52.10007701877537,train
2016-09-28 05:00:00,Bear_public_Valorie,Bear,147.0,13.9,12.2,1011.1,0.0,0.0,5,2,0,9,0.9659258262890683,0.25881904510252074,0.9749279121818236,-0.22252093395631434,128.5,162.0,241.02083333333334,53.17592401573801,train
2016-09-28 06:00:00,Bear_public_Valorie,Bear,174.0,13.3,11.7,1011.3,0.0,2.0,6,2,0,9,1.0,6.123233995736766e-17,0.9749279121818236,-0.22252093395631434,147.0,175.75,240.94791666666666,53.27043286111116,train
2016-09-28 07:00:00,Bear_public_Valorie,Bear,181.0,12.8,11.7,1011.9,1.5,2.0,7,2,0,9,0.9659258262890683,-0.25881904510252063,0.9749279121818236,-0.22252093395631434,174.0,184.75,240.79166666666666,53.44764131670215,train
2016-09-28 08:00:00,Bear_public_Valorie,Bear,200.25,13.9,13.3,1012.3,2.1,2.0,8,2,0,9,0.8660254037844387,-0.4999999999999998,0.9749279121818236,-0.22252093395631434,181.0,211.25,240.33333333333334,53.758248440237764,train
2016-09-28 09:00:00,Bear_public_Valorie,Bear,258.25,16.1,13.9,1012.6,4.6,2.0,9,2,0,9,0.7071067811865476,-0.7071067811865475,0.9749279121818236,-0.22252093395631434,200.25,265.75,240.02083333333334,53.625711542186586,train
2016-09-28 10:00:00,Bear_public_Valorie,Bear,267.25,17.8,13.9,1012.8,4.1,2.0,10,2,0,9,0.49999999999999994,-0.8660254037844387,0.9749279121818236,-0.22252093395631434,258.25,270.5,239.88541666666666,53.5494478499661,train
2016-09-28 11:00:00,Bear_public_Valorie,Bear,275.5,18.9,13.3,1013.0,5.7,0.0,11,2,0,9,0.258819045102521,-0.9659258262890682,0.9749279121818236,-0.22252093395631434,267.25,278.0,239.78125,53.47446121951486,train
2016-09-28 12:00:00,Bear_public_Valorie,Bear,277.5,19.4,13.3,1012.7,5.1,2.0,12,2,0,9,1.2246467991473532e-16,-1.0,0.9749279121818236,-0.22252093395631434,275.5,277.75,239.77083333333334,53.46676724167423,train
2016-09-28 13:00:00,Bear_public_Valorie,Bear,277.0,19.4,13.3,1012.5,6.2,2.0,13,2,0,9,-0.2588190451025208,-0.9659258262890683,0.9749279121818236,-0.22252093395631434,277.5,277.5,239.75,53.45152212417633,train
2016-09-28 14:00:00,Bear_public_Valorie,Bear,279.25,19.4,13.3,1012.3,7.2,2.0,14,2,0,9,-0.4999999999999997,-0.8660254037844388,0.9749279121818236,-0.22252093395631434,277.0,281.5,239.65625,53.37703323181649,train
2016-09-28 15:00:00,Bear_public_Valorie,Bear,284.5,18.3,13.3,1012.2,7.7,2.0,15,2,0,9,-0.7071067811865471,-0.7071067811865479,0.9749279121818236,-0.22252093395631434,279.25,281.75,239.77083333333334,53.47418702080695,train
2016-09-28 16:00:00,Bear_public_Valorie,Bear,282.75,17.2,13.3,1012.1,8.2,2.0,16,2,0,9,-0.8660254037844385,-0.5000000000000004,0.9749279121818236,-0.22252093395631434,284.5,275.5,240.07291666666666,53.704782758365155,train
2016-09-28 17:00:00,Bear_public_Valorie,Bear,278.75,16.7,12.8,1012.2,7.2,2.0,17,2,0,9,-0.9659258262890683,-0.25881904510252063,0.9749279121818236,-0.22252093395631434,282.75,279.5,240.04166666666666,53.68105622192484,train
2016-09-28 18:00:00,Bear_public_Valorie,Bear,274.0,15.6,12.8,1012.5,8.2,2.0,18,2,0,9,-1.0,-1.8369701987210297e-16,0.9749279121818236,-0.22252093395631434,278.75,279.75,239.80208333333334,53.508683730787624,train
2016-09-28 19:00:00,Bear_public_Valorie,Bear,265.5,14.4,12.8,1012.9,6.7,2.0,19,2,0,9,-0.9659258262890684,0.2588190451025203,0.9749279121818236,-0.22252093395631434,274.0,277.25,239.3125,53.20403966764675,train
2016-09-28 20:00:00,Bear_public_Valorie,Bear,268.25,14.4,12.8,1013.6,6.2,2.0,20,2,0,9,-0.8660254037844386,0.5000000000000001,0.9749279121818236,-0.22252093395631434,265.5,277.25,238.9375,52.9561575226642,train
2016-09-28 21:00:00,Bear_public_Valorie,Bear,250.75,14.4,12.8,1014.3,4.6,2.0,21,2,0,9,-0.7071067811865477,0.7071067811865474,0.9749279121818236,-0.22252093395631434,268.25,265.75,238.3125,52.71391460969549,train
2016-09-28 22:00:00,Bear_public_Valorie,Bear,247.75,14.4,12.8,1014.8,3.1,2.0,22,2,0,9,-0.5000000000000004,0.8660254037844384,0.9749279121818236,-0.22252093395631434,250.75,266.5,237.53125,52.416098200299935,train
2016-09-28 23:00:00,Bear_public_Valorie,Bear,242.5,15.0,12.8,1015.0,2.1,2.0,23,2,0,9,-0.25881904510252157,0.9659258262890681,0.9749279121818236,-0.22252093395631434,247.75,262.25,236.70833333333334,52.16558432918972,train
2016-09-29 00:00:00,Bear_public_Valorie,Bear,241.0,14.4,12.8,1015.2,2.6,2.0,0,3,0,9,0.0,1.0,0.43388373911755823,-0.900968867902419,242.5,258.75,235.96875,51.96493971168579,train
2016-09-29 01:00:00,Bear_public_Valorie,Bear,236.0,14.4,12.8,1015.6,2.6,2.0,1,3,0,9,0.25881904510252074,0.9659258262890683,0.43388373911755823,-0.900968867902419,241.0,251.0,235.34375,51.86640512873693,train
2016-09-29 02:00:00,Bear_public_Valorie,Bear,181.0,15.0,12.2,1015.8,2.6,2.0,2,3,0,9,0.49999999999999994,0.8660254037844387,0.43388373911755823,-0.900968867902419,236.0,193.25,234.83333333333334,52.35661925401747,train
2016-09-29 03:00:00,Bear_public_Valorie,Bear,117.75,14.4,12.2,1015.9,3.1,2.0,3,3,0,9,0.7071067811865476,0.7071067811865476,0.43388373911755823,-0.900968867902419,181.0,117.75,234.83333333333334,52.35661925401747,train
2016-09-29 04:00:00,Bear_public_Valorie,Bear,113.75,15.0,12.2,1015.9,2.6,2.0,4,3,0,9,0.8660254037844386,0.5000000000000001,0.43388373911755823,-0.900968867902419,117.75,128.5,234.21875,53.72769064316681,train
2016-09-29 05:00:00,Bear_public_Valorie,Bear,134.75,15.0,12.2,1016.2,1.5,2.0,5,3,0,9,0.9659258262890683,0.25881904510252074,0.43388373911755823,-0.900968867902419,113.75,147.0,233.70833333333334,54.64269645032469,train
2016-09-29 06:00:00,Bear_public_Valorie,Bear,147.25,15.0,12.2,1016.6,1.5,2.0,6,3,0,9,1.0,6.123233995736766e-17,0.43388373911755823,-0.900968867902419,134.75,174.0,232.59375,56.16516852010072,train
2016-09-29 07:00:00,Bear_public_Valorie,Bear,159.25,15.0,12.2,1017.3,3.1,2.0,7,3,0,9,0.9659258262890683,-0.25881904510252063,0.43388373911755823,-0.900968867902419,147.25,181.0,231.6875,57.199795245148955,train
2016-09-29 08:00:00,Bear_public_Valorie,Bear,188.25,14.4,11.7,1017.9,3.1,2.0,8,3,0,9,0.8660254037844387,-0.4999999999999998,0.43388373911755823,-0.900968867902419,159.25,200.25,231.1875,57.537995480491425,train
2016-09-29 09:00:00,Bear_public_Valorie,Bear,243.75,15.0,11.7,1018.4,2.1,2.0,9,3,0,9,0.7071067811865476,-0.7071067811865475,0.43388373911755823,-0.900968867902419,188.25,258.25,230.58333333333334,57.317179431397555,train
2016-09-29 10:00:00,Bear_public_Valorie,Bear,247.0,15.0,12.2,1018.9,2.1,2.0,10,3,0,9,0.49999999999999994,-0.8660254037844387,0.43388373911755823,-0.900968867902419,243.75,267.25,229.73958333333334,56.90149187920928,train
2016-09-29 11:00:00,Bear_public_Valorie,Bear,259.0,15.6,12.2,1019.3,4.6,2.0,11,3,0,9,0.258819045102521,-0.9659258262890682,0.43388373911755823,-0.900968867902419,247.0,275.5,229.05208333333334,56.42222326423977,train
2016-09-29 12:00:00,Bear_public_Valorie,Bear,268.75,16.1,11.1,1019.3,5.7,2.0,12,3,0,9,1.2246467991473532e-16,-1.0,0.43388373911755823,-0.900968867902419,259.0,277.5,228.6875,56.12303303418776,train
2016-09-29 13:00:00,Bear_public_Valorie,Bear,269.5,16.7,11.7,1019.1,4.1,2.0,13,3,0,9,-0.2588190451025208,-0.9659258262890683,0.43388373911755823,-0.900968867902419,268.75,277.0,228.375,55.86260318659181,train
2016-09-29 14:00:00,Bear_public_Valorie,Bear,268.5,17.2,11.1,1018.6,5.1,2.0,14,3,0,9,-0.4999999999999997,-0.8660254037844388,0.43388373911755823,-0.900968867902419,269.5,279.25,227.92708333333334,55.47872090929903,train
2016-09-29 15:00:00,Bear_public_Valorie,Bear,269.5,17.8,11.1,1018.4,7.2,2.0,15,3,0,9,-0.7071067811865471,-0.7071067811865479,0.43388373911755823,-0.900968867902419,268.5,284.5,227.30208333333334,54.895106456425864,train
2016-09-29 16:00:00,Bear_public_Valorie,Bear,274.25,17.2,11.1,1018.1,6.2,2.0,16,3,0,9,-0.8660254037844385,-0.5000000000000004,0.43388373911755823,-0.900968867902419,269.5,282.75,226.94791666666666,54.548142835254914,train
2016-09-29 17:00:00,Bear_public_Valorie,Bear,275.5,17.2,11.7,1017.8,7.7,2.0,17,3,0,9,-0.9659258262890683,-0.25881904510252063,0.43388373911755823,-0.900968867902419,274.25,278.75,226.8125,54.41783045784847,train
2016-09-29 18:00:00,Bear_public_Valorie,Bear,267.25,16.1,11.1,1017.9,6.2,2.0,18,3,0,9,-1.0,-1.8369701987210297e-16,0.43388373911755823,-0.900968867902419,275.5,274.0,226.53125,54.18027037925868,train
2016-09-29 19:00:00,Bear_public_Valorie,Bear,256.5,15.0,11.7,1017.7,5.7,2.0,19,3,0,9,-0.9659258262890684,0.2588190451025203,0.43388373911755823,-0.900968867902419,267.25,265.5,226.15625,53.92939287402445,train
2016-09-29 20:00:00,Bear_public_Valorie,Bear,246.75,13.9,11.7,1018.3,4.6,4.0,20,3,0,9,-0.8660254037844386,0.5000000000000001,0.43388373911755823,-0.900968867902419,256.5,268.25,225.26041666666666,53.37548895849088,train
2016-09-29 21:00:00,Bear_public_Valorie,Bear,241.75,13.9,11.7,1018.8,5.1,3.857142857142857,21,3,0,9,-0.7071067811865477,0.7071067811865474,0.43388373911755823,-0.900968867902419,246.75,250.75,224.88541666666666,53.22000988343354,train
2016-09-29 22:00:00,Bear_public_Valorie,Bear,239.0,13.9,11.7,1018.9,7.2,3.7142857142857144,22,3,0,9,-0.5000000000000004,0.8660254037844384,0.43388373911755823,-0.900968867902419,241.75,247.75,224.52083333333334,53.08636915988624,train
2016-09-29 23:00:00,Bear_public_Valorie,Bear,233.0,13.3,11.1,1019.2,7.2,3.5714285714285716,23,3,0,9,-0.25881904510252157,0.9659258262890681,0.43388373911755823,-0.900968867902419,239.0,242.5,224.125,52.981795478956016,train
2016-09-30 00:00:00,Bear_public_Valorie,Bear,227.75,13.3,11.1,1019.5,4.6,3.428571428571429,0,4,0,9,0.0,1.0,-0.433883739117558,-0.9009688679024191,233.0,241.0,223.57291666666666,52.86721878024209,train
2016-09-30 01:00:00,Bear_public_Valorie,Bear,224.25,13.3,11.1,1019.2,4.1,3.2857142857142856,1,4,0,9,0.25881904510252074,0.9659258262890683,-0.433883739117558,-0.9009688679024191,227.75,236.0,223.08333333333334,52.80149797501779,train
2016-09-30 02:00:00,Bear_public_Valorie,Bear,172.0,13.3,11.1,1019.4,4.1,3.142857142857143,2,4,0,9,0.49999999999999994,0.8660254037844387,-0.433883739117558,-0.9009688679024191,224.25,181.0,222.70833333333334,53.14421860385665,train
2016-09-30 03:00:00,Bear_public_Valorie,Bear,109.75,13.3,11.1,1019.6,2.6,2.0,3,4,0,9,0.7071067811865476,0.7071067811865476,-0.433883739117558,-0.9009688679024191,172.0,117.75,222.375,53.85154714987113,train
2016-09-30 04:00:00,Bear_public_Valorie,Bear,114.0,13.3,11.1,1019.4,4.1,2.857142857142857,4,4,0,9,0.8660254037844386,0.5000000000000001,-0.433883739117558,-0.9009688679024191,109.75,113.75,222.38541666666666,53.82964166291637,train
2016-09-30 05:00:00,Bear_public_Valorie,Bear,145.75,12.8,11.1,1019.6,3.6,2.7142857142857144,5,4,0,9,0.9659258262890683,0.25881904510252074,-0.433883739117558,-0.9009688679024191,114.0,134.75,222.84375,53.09281313949401,train
2016-09-30 06:00:00,Bear_public_Valorie,Bear,155.25,13.3,11.1,1019.8,4.6,2.5714285714285716,6,4,0,9,1.0,6.123233995736766e-17,-0.433883739117558,-0.9009688679024191,145.75,147.25,223.17708333333334,52.62059024003965,train
2016-09-30 07:00:00,Bear_public_Valorie,Bear,160.5,13.3,10.6,1020.1,5.1,2.428571428571429,7,4,0,9,0.9659258262890683,-0.25881904510252063,-0.433883739117558,-0.9009688679024191,155.25,159.25,223.22916666666666,52.555142710893,train
2016-09-30 08:00:00,Bear_public_Valorie,Bear,188.75,13.9,10.0,1020.2,6.7,2.2857142857142856,8,4,0,9,0.8660254037844387,-0.4999999999999998,-0.433883739117558,-0.9009688679024191,160.5,188.25,223.25,52.54077091836075,train
2016-09-30 09:00:00,Bear_public_Valorie,Bear,257.25,15.0,10.0,1020.4,5.7,2.1428571428571432,9,4,0,9,0.7071067811865476,-0.7071067811865475,-0.433883739117558,-0.9009688679024191,188.75,243.75,223.8125,52.841192038853244,train
2016-09-30 10:00:00,Bear_public_Valorie,Bear,248.0,16.1,9.4,1020.4,6.2,2.0,10,4,0,9,0.49999999999999994,-0.8660254037844387,-0.433883739117558,-0.9009688679024191,257.25,247.0,223.85416666666666,52.860661621866406,train
2016-09-30 11:00:00,Bear_public_Valorie,Bear,258.25,17.8,9.4,1020.5,6.7,2.0,11,4,0,9,0.258819045102521,-0.9659258262890682,-0.433883739117558,-0.9009688679024191,248.0,259.0,223.82291666666666,52.839198186916526,train
2016-09-30 12:00:00,Bear_public_Valorie,Bear,267.0,18.9,9.4,1020.3,7.7,2.0,12,4,0,9,1.2246467991473532e-16,-1.0,-0.433883739117558,-0.9009688679024191,258.25,268.75,223.75,52.77567374397456,train
2016-09-30 13:00:00,Bear_public_Valorie,Bear,273.25,18.3,10.0,1020.1,9.3,2.0,13,4,0,9,-0.2588190451025208,-0.9659258262890683,-0.433883739117558,-0.9009688679024191,267.0,269.5,223.90625,52.922359687482896,train
2016-09-30 14:00:00,Bear_public_Valorie,Bear,270.0,19.4,9.4,1019.6,9.3,2.0,14,4,0,9,-0.4999999999999997,-0.8660254037844388,-0.433883739117558,-0.9009688679024191,273.25,268.5,223.96875,52.97816985304675,train
2016-09-30 15:00:00,Bear_public_Valorie,Bear,274.5,18.9,10.0,1019.3,9.8,2.0,15,4,0,9,-0.7071067811865471,-0.7071067811865479,-0.433883739117558,-0.9009688679024191,270.0,269.5,224.17708333333334,53.174470785303654,train
2016-09-30 16:00:00,Bear_public_Valorie,Bear,269.25,18.9,10.0,1018.9,9.3,2.0,16,4,0,9,-0.8660254037844385,-0.5000000000000004,-0.433883739117558,-0.9009688679024191,274.5,274.25,223.96875,52.97919569633391,train
2016-09-30 17:00:00,Bear_public_Valorie,Bear,258.8,18.3,10.0,1018.4,11.3,2.0,17,4,0,9,-0.9659258262890683,-0.25881904510252063,-0.433883739117558,-0.9009688679024191,269.25,275.5,223.27291666666667,52.37922542707739,train
2016-09-30 18:00:00,Bear_public_Valorie,Bear,249.25,17.2,10.0,1018.5,9.8,2.0,18,4,0,9,-1.0,-1.8369701987210297e-16,-0.433883739117558,-0.9009688679024191,258.8,267.25,222.52291666666667,51.84833228454332,train
2016-09-30 19:00:00,Bear_public_Valorie,Bear,244.75,16.1,10.0,1018.4,8.8,2.0,19,4,0,9,-0.9659258262890684,0.2588190451025203,-0.433883739117558,-0.9009688679024191,249.25,256.5,222.03333333333333,51.56826979136854,train
2016-09-30 20:00:00,Bear_public_Valorie,Bear,241.5,16.1,10.6,1018.3,8.2,2.0,20,4,0,9,-0.8660254037844386,0.5000000000000001,-0.433883739117558,-0.9009688679024191,244.75,246.75,221.81458333333333,51.46990568403248,train
2016-09-30 21:00:00,Bear_public_Valorie,Bear,231.25,15.6,10.6,1018.6,8.8,4.0,21,4,0,9,-0.7071067811865477,0.7071067811865474,-0.433883739117558,-0.9009688679024191,241.5,241.75,221.37708333333333,51.337540250281634,train
2016-09-30 22:00:00,Bear_public_Valorie,Bear,170.5,15.6,10.6,1019.1,7.7,2.0,22,4,0,9,-0.5000000000000004,0.8660254037844384,-0.433883739117558,-0.9009688679024191,231.25,239.0,218.52291666666667,52.211896818484476,train
2016-09-30 23:00:00,Bear_public_Valorie,Bear,108.5,15.0,10.6,1019.4,5.1,2.0,23,4,0,9,-0.25881904510252157,0.9659258262890681,-0.433883739117558,-0.9009688679024191,170.5,233.0,213.33541666666667,56.7026961999215,train
2016-10-01 00:00:00,Bear_public_Valorie,Bear,112.75,14.4,10.6,1019.7,5.1,2.0,0,5,1,10,0.0,1.0,-0.9749279121818236,-0.2225209339563146,108.5,227.75,208.54375000000002,60.18381501428706,train
2016-10-01 01:00:00,Bear_public_Valorie,Bear,112.5,13.9,10.6,1019.9,3.1,2.0,1,5,1,10,0.25881904510252074,0.9659258262890683,-0.9749279121818236,-0.2225209339563146,112.75,224.25,203.88750000000002,63.16489333482653,train
2016-10-01 02:00:00,Bear_public_Valorie,Bear,110.75,14.4,11.1,1020.1,4.6,2.0,2,5,1,10,0.49999999999999994,0.8660254037844387,-0.9749279121818236,-0.2225209339563146,112.5,172.0,201.33541666666667,65.69592416575603,train
2016-10-01 03:00:00,Bear_public_Valorie,Bear,105.75,12.8,10.0,1020.2,0.0,2.0,3,5,1,10,0.7071067811865476,0.7071067811865476,-0.9749279121818236,-0.2225209339563146,110.75,109.75,201.16875000000002,65.94298230866482,train
2016-10-01 04:00:00,Bear_public_Valorie,Bear,100.5,11.1,9.4,1020.1,0.0,2.0,4,5,1,10,0.8660254037844386,0.5000000000000001,-0.9749279121818236,-0.2225209339563146,105.75,114.0,200.60625000000002,66.77124529593242,train
2016-10-01 05:00:00,Bear_public_Valorie,Bear,101.5,11.1,9.4,1020.0,1.5,2.0,5,5,1,10,0.9659258262890683,0.25881904510252074,-0.9749279121818236,-0.2225209339563146,100.5,145.75,198.76250000000002,68.92795112037051,train
2016-10-01 06:00:00,Bear_public_Valorie,Bear,109.75,11.1,9.4,1020.3,2.1,2.0,6,5,1,10,1.0,6.123233995736766e-17,-0.9749279121818236,-0.2225209339563146,101.5,155.25,196.86666666666667,70.77768726436861,train
2016-10-01 07:00:00,Bear_public_Valorie,Bear,108.75,10.0,8.9,1020.5,2.1,2.0,7,5,1,10,0.9659258262890683,-0.25881904510252063,-0.9749279121818236,-0.2225209339563146,109.75,160.5,194.71041666666667,72.69605871017194,train
2016-10-01 08:00:00,Bear_public_Valorie,Bear,160.75,11.7,10.6,1020.7,1.5,2.0,8,5,1,10,0.8660254037844387,-0.4999999999999998,-0.9749279121818236,-0.2225209339563146,108.75,188.75,193.54375000000002,73.01983249433,train
2016-10-01 09:00:00,Bear_public_Valorie,Bear,240.0,15.6,12.2,1020.9,2.1,2.0,9,5,1,10,0.7071067811865476,-0.7071067811865475,-0.9749279121818236,-0.2225209339563146,160.75,257.25,192.82500000000002,72.44815387572007,train
2016-10-01 10:00:00,Bear_public_Valorie,Bear,249.25,16.7,11.7,1021.2,1.5,2.0,10,5,1,10,0.49999999999999994,-0.8660254037844387,-0.9749279121818236,-0.2225209339563146,240.0,248.0,192.87708333333333,72.4899812855223,train
2016-10-01 11:00:00,Bear_public_Valorie,Bear,292.8,17.8,10.6,1020.9,3.6,2.0,11,5,1,10,0.258819045102521,-0.9659258262890682,-0.9749279121818236,-0.2225209339563146,249.25,258.25,194.3166666666667,74.16830840065388,train
2016-10-01 12:00:00,Bear_public_Valorie,Bear,299.0,18.9,9.4,1020.4,4.6,2.0,12,5,1,10,1.2246467991473532e-16,-1.0,-0.9749279121818236,-0.2225209339563146,292.8,267.0,195.65,75.80141102277379,train
2016-10-01 13:00:00,Bear_public_Valorie,Bear,304.25,19.4,11.7,1019.9,4.1,0.0,13,5,1,10,-0.2588190451025208,-0.9659258262890683,-0.9749279121818236,-0.2225209339563146,299.0,273.25,196.9416666666667,77.42789024896526,train
2016-10-01 14:00:00,Bear_public_Valorie,Bear,308.25,21.1,11.7,1019.1,6.2,2.0,14,5,1,10,-0.4999999999999997,-0.8660254037844388,-0.9749279121818236,-0.2225209339563146,304.25,270.0,198.5354166666667,79.36647589172036,train
2016-10-01 15:00:00,Bear_public_Valorie,Bear,316.25,21.1,12.2,1018.3,7.7,2.0,15,5,1,10,-0.7071067811865471,-0.7071067811865479,-0.9749279121818236,-0.2225209339563146,308.25,274.5,200.275,81.53189293287264,train
2016-10-01 16:00:00,Bear_public_Valorie,Bear,321.5,21.1,11.1,1018.0,8.2,2.0,16,5,1,10,-0.8660254037844385,-0.5000000000000004,-0.9749279121818236,-0.2225209339563146,316.25,269.25,202.45208333333335,84.1105735471323,train
2016-10-01 17:00:00,Bear_public_Valorie,Bear,303.25,20.6,11.1,1017.4,8.8,2.0,17,5,1,10,-0.9659258262890683,-0.25881904510252063,-0.9749279121818236,-0.2225209339563146,321.5,258.8,204.30416666666667,85.87613541641232,train
2016-10-01 18:00:00,Bear_public_Valorie,Bear,292.25,20.0,10.6,1017.0,8.8,2.0,18,5,1,10,-1.0,-1.8369701987210297e-16,-0.9749279121818236,-0.2225209339563146,303.25,249.25,206.09583333333333,87.29152670252701,train
2016-10-01 19:00:00,Bear_public_Valorie,Bear,273.75,18.3,10.6,1016.9,7.2,2.0,19,5,1,10,-0.9659258262890684,0.2588190451025203,-0.9749279121818236,-0.2225209339563146,292.25,244.75,207.30416666666667,88.04730561103125,train
2016-10-01 20:00:00,Bear_public_Valorie,Bear,266.25,17.2,11.1,1017.2,6.2,2.0,20,5,1,10,-0.8660254037844386,0.5000000000000001,-0.9749279121818236,-0.2225209339563146,273.75,241.5,208.33541666666667,88.60839036624645,train
2016-10-01 21:00:00,Bear_public_Valorie,Bear,227.25,17.2,10.0,1017.4,3.6,2.0,21,5,1,10,-0.7071067811865477,0.7071067811865474,-0.9749279121818236,-0.2225209339563146,266.25,231.25,208.16875000000002,88.56716784513723,train
2016-10-01 22:00:00,Bear_public_Valorie,Bear,171.0,16.7,9.4,1017.7,4.1,2.0,22,5,1,10,-0.5000000000000004,0.8660254037844384,-0.9749279121818236,-0.2225209339563146,227.25,170.5,208.18958333333333,88.55798024478791,train
2016-10-01 23:00:00,Bear_public_Valorie,Bear,109.5,16.1,10.0,1017.8,5.1,0.0,23,5,1,10,-0.25881904510252157,0.9659258262890681,-0.9749279121818236,-0.2225209339563146,171.0,108.5,208.23125000000002,88.50925868112682,train
2016-10-02 00:00:00,Bear_public_Valorie,Bear,105.75,15.6,10.6,1017.8,3.6,0.0,0,6,1,10,0.0,1.0,-0.7818314824680299,0.6234898018587334,109.5,112.75,207.93958333333333,88.84846403111548,train
2016-10-02 01:00:00,Bear_public_Valorie,Bear,101.25,15.0,10.0,1017.7,3.6,0.0,1,6,1,10,0.25881904510252074,0.9659258262890683,-0.7818314824680299,0.6234898018587334,105.75,112.5,207.47083333333333,89.40183335911534,train
2016-10-02 02:00:00,Bear_public_Valorie,Bear,93.0,14.4,10.6,1017.7,4.1,0.0,2,6,1,10,0.49999999999999994,0.8660254037844387,-0.7818314824680299,0.6234898018587334,101.25,110.75,206.73125000000002,90.30560290347927,train
2016-10-02 03:00:00,Bear_public_Valorie,Bear,95.25,15.0,11.1,1017.7,4.6,0.0,3,6,1,10,0.7071067811865476,0.7071067811865476,-0.7818314824680299,0.6234898018587334,93.0,105.75,206.29375000000002,90.83994681581454,train
2016-10-02 04:00:00,Bear_public_Valorie,Bear,93.8,14.4,11.7,1017.4,4.1,2.0,4,6,1,10,0.8660254037844386,0.5000000000000001,-0.7818314824680299,0.6234898018587334,95.25,100.5,206.01458333333332,91.1888299785798,train
2016-10-02 05:00:00,Bear_public_Valorie,Bear,94.5,13.9,12.2,1017.2,3.6,4.0,5,6,1,10,0.9659258262890683,0.25881904510252074,-0.7818314824680299,0.6234898018587334,93.8,101.5,205.72291666666663,91.54814007937446,train
2016-10-02 06:00:00,Bear_public_Valorie,Bear,96.25,14.4,12.8,1017.3,5.1,4.0,6,6,1,10,1.0,6.123233995736766e-17,-0.7818314824680299,0.6234898018587334,94.5,109.75,205.16041666666663,92.20260061781568,train
2016-10-02 07:00:00,Bear_public_Valorie,Bear,93.75,14.4,12.8,1017.3,6.2,4.0,7,6,1,10,0.9659258262890683,-0.25881904510252063,-0.7818314824680299,0.6234898018587334,96.25,108.75,204.53541666666663,92.93248774287562,train
2016-10-02 08:00:00,Bear_public_Valorie,Bear,96.0,15.6,12.8,1017.5999999999999,4.6,4.0,8,6,1,10,0.8660254037844387,-0.4999999999999998,-0.7818314824680299,0.6234898018587334,93.75,160.75,201.83749999999998,95.1717831881772,train
2016-10-02 09:00:00,Bear_public_Valorie,Bear,101.0,16.1,12.2,1017.9,4.1,4.0,9,6,1,10,0.7071067811865476,-0.7071067811865475,-0.7818314824680299,0.6234898018587334,96.0,240.0,196.04583333333332,96.96103085066292,train
2016-10-02 10:00:00,Bear_public_Valorie,Bear,208.5,17.2,12.8,1018.2,3.1,4.0,10,6,1,10,0.49999999999999994,-0.8660254037844387,-0.7818314824680299,0.6234898018587334,101.0,249.25,194.34791666666663,96.34367545313422,train
2016-10-02 11:00:00,Bear_public_Valorie,Bear,227.25,18.3,11.7,1018.1,3.6,4.0,11,6,1,10,0.258819045102521,-0.9659258262890682,-0.7818314824680299,0.6234898018587334,208.5,292.8,191.61666666666665,94.33960124104223,train
2016-10-02 12:00:00,Bear_public_Valorie,Bear,250.0,19.4,12.2,1018.0,5.7,4.0,12,6,1,10,1.2246467991473532e-16,-1.0,-0.7818314824680299,0.6234898018587334,227.25,299.0,189.57499999999996,92.42540588049333,train
2016-10-02 13:00:00,Bear_public_Valorie,Bear,265.25,20.0,13.3,1017.95,8.2,4.0,13,6,1,10,-0.2588190451025208,-0.9659258262890683,-0.7818314824680299,0.6234898018587334,250.0,304.25,187.94999999999996,90.64729905566395,train
2016-10-02 14:00:00,Bear_public_Valorie,Bear,309.25,19.4,12.2,1017.9,6.7,4.0,14,6,1,10,-0.4999999999999997,-0.8660254037844388,-0.7818314824680299,0.6234898018587334,265.25,308.25,187.99166666666665,90.70521132944268,train
2016-10-02 15:00:00,Bear_public_Valorie,Bear,311.75,20.0,11.1,1017.5,7.2,4.0,15,6,1,10,-0.7071067811865471,-0.7071067811865479,-0.7818314824680299,0.6234898018587334,309.25,316.25,187.80416666666665,90.43279863434834,train
2016-10-02 16:00:00,Bear_public_Valorie,Bear,303.5,20.6,9.4,1017.1,9.3,4.0,16,6,1,10,-0.8660254037844385,-0.5000000000000004,-0.7818314824680299,0.6234898018587334,311.75,321.5,187.05416666666665,89.34387514184918,train
2016-10-02 17:00:00,Bear_public_Valorie,Bear,292.25,19.4,10.6,1016.7,9.8,2.0,17,6,1,10,-0.9659258262890683,-0.25881904510252063,-0.7818314824680299,0.6234898018587334,303.5,303.25,186.5958333333333,88.74810336818072,train
2016-10-02 18:00:00,Bear_public_Valorie,Bear,285.0,18.3,11.1,1016.9,10.8,2.0,18,6,1,10,-1.0,-1.8369701987210297e-16,-0.7818314824680299,0.6234898018587334,292.25,292.25,186.29374999999996,88.38443241896027,train
2016-10-02 19:00:00,Bear_public_Valorie,Bear,257.75,17.2,11.7,1017.2,6.7,2.0,19,6,1,10,-0.9659258262890684,0.2588190451025203,-0.7818314824680299,0.6234898018587334,285.0,273.75,185.6270833333333,87.75418109593899,train
2016-10-02 20:00:00,Bear_public_Valorie,Bear,251.25,16.1,12.8,1017.3,6.2,2.0,20,6,1,10,-0.8660254037844386,0.5000000000000001,-0.7818314824680299,0.6234898018587334,257.75,266.25,185.0020833333333,87.20671404044472,train
2016-10-02 21:00:00,Bear_public_Valorie,Bear,241.25,16.1,12.8,1017.9,5.1,2.0,21,6,1,10,-0.7071067811865477,0.7071067811865474,-0.7818314824680299,0.6234898018587334,251.25,227.25,185.58541666666665,87.54775774841626,train
2016-10-02 22:00:00,Bear_public_Valorie,Bear,240.0,16.1,12.8,1017.6,8.2,2.0,22,6,1,10,-0.5000000000000004,0.8660254037844384,-0.7818314824680299,0.6234898018587334,241.25,171.0,188.46041666666665,88.17863906171029,train
2016-10-02 23:00:00,Bear_public_Valorie,Bear,235.25,15.6,11.7,1018.1,6.2,2.0,23,6,1,10,-0.25881904510252157,0.9659258262890681,-0.7818314824680299,0.6234898018587334,240.0,109.5,193.69999999999996,87.01111997900048,train
2016-10-03 00:00:00,Bear_public_Valorie,Bear,227.5,15.0,11.1,1018.5,4.6,2.0,0,0,0,10,0.0,1.0,0.0,1.0,235.25,105.75,198.77291666666665,85.19060850868321,train
2016-10-03 01:00:00,Bear_public_Valorie,Bear,224.75,15.0,11.1,1018.5,3.6,2.0,1,0,0,10,0.25881904510252074,0.9659258262890683,0.0,1.0,227.5,101.25,203.91874999999996,82.73837605538695,train
2016-10-03 02:00:00,Bear_public_Valorie,Bear,169.25,14.4,11.1,1018.4,3.1,2.0,2,0,0,10,0.49999999999999994,0.8660254037844387,0.0,1.0,224.75,93.0,207.0958333333333,79.7022705975546,train
2016-10-03 03:00:00,Bear_public_Valorie,Bear,116.0,12.2,10.0,1018.3,0.0,2.0,3,0,0,10,0.7071067811865476,0.7071067811865476,0.0,1.0,169.25,95.25,207.96041666666665,78.54032885302047,train
2016-10-03 04:00:00,Bear_public_Valorie,Bear,127.0,11.7,10.0,1018.0,1.5,2.0,4,0,0,10,0.8660254037844386,0.5000000000000001,0.0,1.0,116.0,93.8,209.34375,76.71332194336898,train
2016-10-03 05:00:00,Bear_public_Valorie,Bear,139.25,11.7,10.0,1018.5,2.1,2.0,5,0,0,10,0.9659258262890683,0.25881904510252074,0.0,1.0,127.0,94.5,211.20833333333334,74.3066745592749,train
2016-10-03 06:00:00,Bear_public_Valorie,Bear,151.75,10.6,9.4,1018.7,1.5,2.0,6,0,0,10,1.0,6.123233995736766e-17,0.0,1.0,139.25,96.25,213.52083333333334,71.3794558750241,train
2016-10-03 07:00:00,Bear_public_Valorie,Bear,158.25,11.7,10.0,1019.0,0.0,2.0,7,0,0,10,0.9659258262890683,-0.25881904510252063,0.0,1.0,151.75,93.75,216.20833333333334,67.79832091461117,train
2016-10-03 08:00:00,Bear_public_Valorie,Bear,186.75,13.3,11.1,1019.8,2.1,2.0,8,0,0,10,0.8660254037844387,-0.4999999999999998,0.0,1.0,158.25,96.0,219.98958333333334,63.17562989683872,train
2016-10-03 09:00:00,Bear_public_Valorie,Bear,238.25,15.0,11.1,1019.6,5.1,2.0,9,0,0,10,0.7071067811865476,-0.7071067811865475,0.0,1.0,186.75,101.0,225.70833333333334,57.930508720187625,train
2016-10-03 10:00:00,Bear_public_Valorie,Bear,252.5,15.6,11.7,1020.1,4.1,2.0,10,0,0,10,0.49999999999999994,-0.8660254037844387,0.0,1.0,238.25,208.5,227.54166666666666,58.05833211121602,train
2016-10-03 11:00:00,Bear_public_Valorie,Bear,255.0,15.6,11.7,1020.0,3.6,2.0,11,0,0,10,0.258819045102521,-0.9659258262890682,0.0,1.0,252.5,227.25,228.69791666666666,58.32796979741736,train
2016-10-03 12:00:00,Bear_public_Valorie,Bear,259.25,16.7,10.6,1019.9,3.1,2.0,12,0,0,10,1.2246467991473532e-16,-1.0,0.0,1.0,255.0,250.0,229.08333333333334,58.505140366256605,train
2016-10-03 13:00:00,Bear_public_Valorie,Bear,265.0,17.2,11.1,1019.3,3.6,2.0,13,0,0,10,-0.2588190451025208,-0.9659258262890683,0.0,1.0,259.25,265.25,229.07291666666666,58.49844289857634,train
2016-10-03 14:00:00,Bear_public_Valorie,Bear,273.5,18.9,10.0,1018.3,3.6,2.0,14,0,0,10,-0.4999999999999997,-0.8660254037844388,0.0,1.0,265.0,309.25,227.58333333333334,56.798541137623815,train
2016-10-03 15:00:00,Bear_public_Valorie,Bear,274.75,18.3,8.9,1017.6,1.5,2.0,15,0,0,10,-0.7071067811865471,-0.7071067811865479,0.0,1.0,273.5,311.75,226.04166666666666,54.884595658342384,train
2016-10-03 16:00:00,Bear_public_Valorie,Bear,280.25,18.9,8.9,1017.3,4.1,2.0,16,0,0,10,-0.8660254037844385,-0.5000000000000004,0.0,1.0,274.75,303.5,225.07291666666666,53.64924728830289,train
2016-10-03 17:00:00,Bear_public_Valorie,Bear,277.0,18.9,9.4,1016.5,3.1,2.0,17,0,0,10,-0.9659258262890683,-0.25881904510252063,0.0,1.0,280.25,292.25,224.4375,52.90415092204613,train
2016-10-03 18:00:00,Bear_public_Valorie,Bear,266.25,18.3,10.6,1016.2,4.1,2.0,18,0,0,10,-1.0,-1.8369701987210297e-16,0.0,1.0,277.0,285.0,223.65625,52.103305228755836,train
2016-10-03 19:00:00,Bear_public_Valorie,Bear,265.75,18.3,10.0,1015.8,3.1,2.0,19,0,0,10,-0.9659258262890684,0.2588190451025203,0.0,1.0,266.25,257.75,223.98958333333334,52.355882895161926,train
2016-10-03 20:00:00,Bear_public_Valorie,Bear,256.75,18.3,10.0,1015.9,2.6,2.0,20,0,0,10,-0.8660254037844386,0.5000000000000001,0.0,1.0,265.75,251.25,224.21875,52.4922516280097,train
2016-10-03 21:00:00,Bear_public_Valorie,Bear,253.25,17.8,11.1,1016.0,2.1,2.0,21,0,0,10,-0.7071067811865477,0.7071067811865474,0.0,1.0,256.75,241.25,224.71875,52.71819629035805,train
2016-10-03 22:00:00,Bear_public_Valorie,Bear,246.25,17.8,10.0,1016.2,2.1,2.0,22,0,0,10,-0.5000000000000004,0.8660254037844384,0.0,1.0,253.25,240.0,224.97916666666666,52.81231723233986,train
2016-10-03 23:00:00,Bear_public_Valorie,Bear,240.5,17.8,10.0,1016.3,0.0,2.0,23,0,0,10,-0.25881904510252157,0.9659258262890681,0.0,1.0,246.25,235.25,225.19791666666666,52.867552881185574,train
2016-10-04 00:00:00,Bear_public_Valorie,Bear,236.0,16.7,10.0,1016.0,0.0,2.0,0,1,0,10,0.0,1.0,0.7818314824680298,0.6234898018587336,240.5,227.5,225.55208333333334,52.91209789988196,train
2016-10-04 01:00:00,Bear_public_Valorie,Bear,233.5,16.1,10.6,1015.8,2.6,2.0,1,1,0,10,0.25881904510252074,0.9659258262890683,0.7818314824680298,0.6234898018587336,236.0,224.75,225.91666666666666,52.93647067510506,train
2016-10-04 02:00:00,Bear_public_Valorie,Bear,173.25,16.7,12.2,1015.8,2.6,2.0,2,1,0,10,0.49999999999999994,0.8660254037844387,0.7818314824680298,0.6234898018587336,233.5,169.25,226.08333333333334,52.756292982689644,train
2016-10-04 03:00:00,Bear_public_Valorie,Bear,116.75,14.4,8.3,1015.8,3.6,2.0,3,1,0,10,0.7071067811865476,0.7071067811865476,0.7818314824680298,0.6234898018587336,173.25,116.0,226.11458333333334,52.688428890500255,train
2016-10-04 04:00:00,Bear_public_Valorie,Bear,113.25,14.4,8.9,1016.0,1.5,2.0,4,1,0,10,0.8660254037844386,0.5000000000000001,0.7818314824680298,0.6234898018587336,116.75,127.0,225.54166666666666,53.87443466195217,train
2016-10-04 05:00:00,Bear_public_Valorie,Bear,132.5,14.4,8.9,1015.6,0.0,2.0,5,1,0,10,0.9659258262890683,0.25881904510252074,0.7818314824680298,0.6234898018587336,113.25,139.25,225.26041666666666,54.359935652709275,train
2016-10-04 06:00:00,Bear_public_Valorie,Bear,159.5,15.0,8.9,1016.0,1.5,2.0,6,1,0,10,1.0,6.123233995736766e-17,0.7818314824680298,0.6234898018587336,132.5,151.75,225.58333333333334,53.92555590543478,train
2016-10-04 07:00:00,Bear_public_Valorie,Bear,164.0,15.6,9.4,1016.3,0.0,2.0,7,1,0,10,0.9659258262890683,-0.25881904510252063,0.7818314824680298,0.6234898018587336,159.5,158.25,225.82291666666666,53.62533465825804,train
2016-10-04 08:00:00,Bear_public_Valorie,Bear,200.0,16.1,8.9,1016.7,0.0,2.0,8,1,0,10,0.8660254037844387,-0.4999999999999998,0.7818314824680298,0.6234898018587336,164.0,186.75,226.375,53.27262736234231,train
2016-10-04 09:00:00,Bear_public_Valorie,Bear,249.0,16.7,8.9,1017.4,0.0,2.0,9,1,0,10,0.7071067811865476,-0.7071067811865475,0.7818314824680298,0.6234898018587336,200.0,238.25,226.82291666666666,53.42179773961103,train
2016-10-04 10:00:00,Bear_public_Valorie,Bear,258.25,17.2,11.7,1018.0,3.6,2.0,10,1,0,10,0.49999999999999994,-0.8660254037844387,0.7818314824680298,0.6234898018587336,249.0,252.5,227.0625,53.55468811939104,train
2016-10-04 11:00:00,Bear_public_Valorie,Bear,268.25,17.8,12.8,1017.5,4.1,2.0,11,1,0,10,0.258819045102521,-0.9659258262890682,0.7818314824680298,0.6234898018587336,258.25,255.0,227.61458333333334,53.92224571016644,train
2016-10-04 12:00:00,Bear_public_Valorie,Bear,305.5,18.3,12.2,1016.9,4.1,2.0,12,1,0,10,1.2246467991473532e-16,-1.0,0.7818314824680298,0.6234898018587336,268.25,259.25,229.54166666666666,55.89244653537876,train
2016-10-04 13:00:00,Bear_public_Valorie,Bear,304.75,19.4,11.1,1016.2,4.1,2.0,13,1,0,10,-0.2588190451025208,-0.9659258262890683,0.7818314824680298,0.6234898018587336,305.5,265.0,231.19791666666666,57.553140810994606,train
2016-10-04 14:00:00,Bear_public_Valorie,Bear,307.75,19.4,12.8,1015.7,4.6,2.0,14,1,0,10,-0.4999999999999997,-0.8660254037844388,0.7818314824680298,0.6234898018587336,304.75,273.5,232.625,59.052758283331634,train
2016-10-04 15:00:00,Bear_public_Valorie,Bear,316.75,20.6,11.7,1015.4,8.2,2.0,15,1,0,10,-0.7071067811865471,-0.7071067811865479,0.7818314824680298,0.6234898018587336,307.75,274.75,234.375,60.947322229582404,train
2016-10-04 16:00:00,Bear_public_Valorie,Bear,313.5,20.6,11.7,1015.1,8.8,2.0,16,1,0,10,-0.8660254037844385,-0.5000000000000004,0.7818314824680298,0.6234898018587336,316.75,280.25,235.76041666666666,62.39615194929682,train
2016-10-04 17:00:00,Bear_public_Valorie,Bear,311.25,20.6,12.2,1014.9,6.7,2.0,17,1,0,10,-0.9659258262890683,-0.25881904510252063,0.7818314824680298,0.6234898018587336,313.5,277.0,237.1875,63.757192688866446,train
2016-10-04 18:00:00,Bear_public_Valorie,Bear,298.75,20.0,10.6,1015.0,5.7,2.0,18,1,0,10,-1.0,-1.8369701987210297e-16,0.7818314824680298,0.6234898018587336,311.25,266.25,238.54166666666666,64.73888467069713,train
2016-10-04 19:00:00,Bear_public_Valorie,Bear,286.75,18.3,10.6,1015.2,5.7,2.0,19,1,0,10,-0.9659258262890684,0.2588190451025203,0.7818314824680298,0.6234898018587336,298.75,265.75,239.41666666666666,65.26241622108792,train
2016-10-04 20:00:00,Bear_public_Valorie,Bear,279.75,17.2,10.6,1015.5,5.1,2.0,20,1,0,10,-0.8660254037844386,0.5000000000000001,0.7818314824680298,0.6234898018587336,286.75,256.75,240.375,65.69544355849844,train
2016-10-04 21:00:00,Bear_public_Valorie,Bear,256.75,16.1,10.6,1015.6,2.6,2.0,21,1,0,10,-0.7071067811865477,0.7071067811865474,0.7818314824680298,0.6234898018587336,279.75,253.25,240.52083333333334,65.72914269390245,train
2016-10-04 22:00:00,Bear_public_Valorie,Bear,249.25,16.1,11.1,1015.8,1.5,2.0,22,1,0,10,-0.5000000000000004,0.8660254037844384,0.7818314824680298,0.6234898018587336,256.75,246.25,240.64583333333334,65.74336289309197,train
2016-10-04 23:00:00,Bear_public_Valorie,Bear,243.75,16.1,11.1,1016.2,2.6,2.0,23,1,0,10,-0.25881904510252157,0.9659258262890681,0.7818314824680298,0.6234898018587336,249.25,240.5,240.78125,65.74639651639725,train
2016-10-05 00:00:00,Bear_public_Valorie,Bear,239.25,15.6,12.2,1016.4,1.5,2.0,0,2,0,10,0.0,1.0,0.9749279121818236,-0.22252093395631434,243.75,236.0,240.91666666666666,65.73946711247295,train
2016-10-05 01:00:00,Bear_public_Valorie,Bear,229.75,14.4,10.6,1016.5,2.6,0.0,1,2,0,10,0.25881904510252074,0.9659258262890683,0.9749279121818236,-0.22252093395631434,239.25,233.5,240.76041666666666,65.7623140711516,train
2016-10-05 02:00:00,Bear_public_Valorie,Bear,194.75,12.8,10.0,1016.7,2.1,0.0,2,2,0,10,0.49999999999999994,0.8660254037844387,0.9749279121818236,-0.22252093395631434,229.75,173.25,241.65625,64.94403161067116,train
2016-10-05 03:00:00,Bear_public_Valorie,Bear,112.5,11.7,9.4,1016.8,1.5,0.0,3,2,0,10,0.7071067811865476,0.7071067811865476,0.9749279121818236,-0.22252093395631434,194.75,116.75,241.47916666666666,65.30421771562158,train
2016-10-05 04:00:00,Bear_public_Valorie,Bear,109.5,11.7,9.4,1016.6,1.5,0.0,4,2,0,10,0.8660254037844386,0.5000000000000001,0.9749279121818236,-0.22252093395631434,112.5,113.25,241.32291666666666,65.62804772081032,train
2016-10-05 05:00:00,Bear_public_Valorie,Bear,127.75,11.7,10.0,1016.8,1.5,0.0,5,2,0,10,0.9659258262890683,0.25881904510252074,0.9749279121818236,-0.22252093395631434,109.5,132.5,241.125,65.97673338250473,train
2016-10-05 06:00:00,Bear_public_Valorie,Bear,145.75,10.6,9.4,1017.3,2.1,0.0,6,2,0,10,1.0,6.123233995736766e-17,0.9749279121818236,-0.22252093395631434,127.75,159.5,240.55208333333334,66.7712667296977,train
2016-10-05 07:00:00,Bear_public_Valorie,Bear,149.25,11.1,8.9,1017.8,0.0,0.0,7,2,0,10,0.9659258262890683,-0.25881904510252063,0.9749279121818236,-0.22252093395631434,145.75,164.0,239.9375,67.56961989391921,train
2016-10-05 08:00:00,Bear_public_Valorie,Bear,171.75,11.1,7.8,1018.0,0.0,0.0,8,2,0,10,0.8660254037844387,-0.4999999999999998,0.9749279121818236,-0.22252093395631434,149.25,200.0,238.76041666666666,68.53476106131772,train
2016-10-05 09:00:00,Bear_public_Valorie,Bear,242.0,16.1,8.3,1018.6,3.1,0.0,9,2,0,10,0.7071067811865476,-0.7071067811865475,0.9749279121818236,-0.22252093395631434,171.75,249.0,238.46875,68.50417761380328,train
2016-10-05 10:00:00,Bear_public_Valorie,Bear,254.5,17.8,7.2,1018.8,4.1,0.0,10,2,0,10,0.49999999999999994,-0.8660254037844387,0.9749279121818236,-0.22252093395631434,242.0,258.25,238.3125,68.46136049214046,train
2016-10-05 11:00:00,Bear_public_Valorie,Bear,300.25,20.0,6.7,1018.9,5.1,0.0,11,2,0,10,0.258819045102521,-0.9659258262890682,0.9749279121818236,-0.22252093395631434,254.5,268.25,239.64583333333334,69.37527581874946,train
2016-10-05 12:00:00,Bear_public_Valorie,Bear,317.5,20.0,7.2,1018.8,5.1,0.0,12,2,0,10,1.2246467991473532e-16,-1.0,0.9749279121818236,-0.22252093395631434,300.25,305.5,240.14583333333334,69.91170349971392,train
2016-10-05 13:00:00,Bear_public_Valorie,Bear,314.25,22.2,6.7,1018.4,5.7,0.0,13,2,0,10,-0.2588190451025208,-0.9659258262890683,0.9749279121818236,-0.22252093395631434,317.5,304.75,240.54166666666666,70.31909671148279,train
2016-10-05 14:00:00,Bear_public_Valorie,Bear,317.5,21.7,11.1,1017.8,7.7,0.0,14,2,0,10,-0.4999999999999997,-0.8660254037844388,0.9749279121818236,-0.22252093395631434,314.25,307.75,240.94791666666666,70.75109382956379,train
2016-10-05 15:00:00,Bear_public_Valorie,Bear,316.5,21.7,10.6,1017.1,8.2,0.0,15,2,0,10,-0.7071067811865471,-0.7071067811865479,0.9749279121818236,-0.22252093395631434,317.5,316.75,240.9375,70.73946572366512,train
2016-10-05 16:00:00,Bear_public_Valorie,Bear,313.5,21.7,11.1,1017.0,7.7,0.0,16,2,0,10,-0.8660254037844385,-0.5000000000000004,0.9749279121818236,-0.22252093395631434,316.5,313.5,240.9375,70.73946572366512,train
2016-10-05 17:00:00,Bear_public_Valorie,Bear,324.25,21.1,12.2,1016.8,6.7,0.0,17,2,0,10,-0.9659258262890683,-0.25881904510252063,0.9749279121818236,-0.22252093395631434,313.5,311.25,241.47916666666666,71.34842235949183,train
2016-10-05 18:00:00,Bear_public_Valorie,Bear,314.75,19.4,12.2,1016.9,5.7,2.0,18,2,0,10,-1.0,-1.8369701987210297e-16,0.9749279121818236,-0.22252093395631434,324.25,298.75,242.14583333333334,71.97878297995452,train
2016-10-05 19:00:00,Bear_public_Valorie,Bear,304.75,17.8,11.7,1017.0,5.7,2.0,19,2,0,10,-0.9659258262890684,0.2588190451025203,0.9749279121818236,-0.22252093395631434,314.75,286.75,242.89583333333334,72.555223221121,train
2016-10-05 20:00:00,Bear_public_Valorie,Bear,293.5,17.8,12.2,1017.3,3.6,2.0,20,2,0,10,-0.8660254037844386,0.5000000000000001,0.9749279121818236,-0.22252093395631434,304.75,279.75,243.46875,72.91229515881471,train
2016-10-05 21:00:00,Bear_public_Valorie,Bear,285.0,17.2,12.2,1017.5,1.5,0.0,21,2,0,10,-0.7071067811865477,0.7071067811865474,0.9749279121818236,-0.22252093395631434,293.5,256.75,244.64583333333334,73.36266808698146,train
2016-10-05 22:00:00,Bear_public_Valorie,Bear,274.75,16.7,11.7,1017.5,2.1,0.0,22,2,0,10,-0.5000000000000004,0.8660254037844384,0.9749279121818236,-0.22252093395631434,285.0,249.25,245.70833333333334,73.61646594323204,train
2016-10-05 23:00:00,Bear_public_Valorie,Bear,282.5,15.0,11.1,1017.6,0.0,0.0,23,2,0,10,-0.25881904510252157,0.9659258262890681,0.9749279121818236,-0.22252093395631434,274.75,243.75,247.32291666666666,73.99561088506299,train
2016-10-06 00:00:00,Bear_public_Valorie,Bear,277.0,13.9,11.1,1017.8,2.1,0.0,0,3,0,10,0.0,1.0,0.43388373911755823,-0.900968867902419,282.5,239.25,248.89583333333334,74.2174360104891,train
2016-10-06 01:00:00,Bear_public_Valorie,Bear,255.5,12.8,11.1,1017.8,1.5,0.0,1,3,0,10,0.25881904510252074,0.9659258262890683,0.43388373911755823,-0.900968867902419,277.0,229.75,249.96875,74.11467731847566,train
2016-10-06 02:00:00,Bear_public_Valorie,Bear,197.75,12.8,10.6,1017.8,0.0,0.0,2,3,0,10,0.49999999999999994,0.8660254037844387,0.43388373911755823,-0.900968867902419,255.5,194.75,250.09375,74.01996691918622,train
2016-10-06 03:00:00,Bear_public_Valorie,Bear,133.75,13.3,10.6,1017.7,3.1,0.0,3,3,0,10,0.7071067811865476,0.7071067811865476,0.43388373911755823,-0.900968867902419,197.75,112.5,250.97916666666666,72.41216255734885,train
2016-10-06 04:00:00,Bear_public_Valorie,Bear,130.0,12.2,10.0,1017.5,2.1,0.0,4,3,0,10,0.8660254037844386,0.5000000000000001,0.43388373911755823,-0.900968867902419,133.75,109.5,251.83333333333334,70.77308605780136,train
2016-10-06 05:00:00,Bear_public_Valorie,Bear,134.5,11.7,10.0,1017.2,1.5,0.0,5,3,0,10,0.9659258262890683,0.25881904510252074,0.43388373911755823,-0.900968867902419,130.0,127.75,252.11458333333334,70.27016881939183,train
2016-10-06 06:00:00,Bear_public_Valorie,Bear,153.0,11.1,8.9,1017.3,1.5,0.0,6,3,0,10,1.0,6.123233995736766e-17,0.43388373911755823,-0.900968867902419,134.5,145.75,252.41666666666666,69.80709703963831,train
2016-10-06 07:00:00,Bear_public_Valorie,Bear,157.0,10.6,8.9,1017.8,1.5,0.0,7,3,0,10,0.9659258262890683,-0.25881904510252063,0.43388373911755823,-0.900968867902419,153.0,149.25,252.73958333333334,69.32537802961701,train
2016-10-06 08:00:00,Bear_public_Valorie,Bear,184.25,11.1,9.4,1018.2,0.0,2.0,8,3,0,10,0.8660254037844387,-0.4999999999999998,0.43388373911755823,-0.900968867902419,157.0,171.75,253.26041666666666,68.73489870377982,train
2016-10-06 09:00:00,Bear_public_Valorie,Bear,239.0,16.1,11.1,1018.6,0.0,2.0,9,3,0,10,0.7071067811865476,-0.7071067811865475,0.43388373911755823,-0.900968867902419,184.25,242.0,253.13541666666666,68.75899068353804,train
2016-10-06 10:00:00,Bear_public_Valorie,Bear,258.0,16.7,11.7,1018.7,1.5,2.0,10,3,0,10,0.49999999999999994,-0.8660254037844387,0.43388373911755823,-0.900968867902419,239.0,254.5,253.28125,68.76572201654363,train
2016-10-06 11:00:00,Bear_public_Valorie,Bear,310.75,18.3,12.2,1018.8,3.1,4.0,11,3,0,10,0.258819045102521,-0.9659258262890682,0.43388373911755823,-0.900968867902419,258.0,300.25,253.71875,69.11007730661368,train
2016-10-06 12:00:00,Bear_public_Valorie,Bear,312.75,19.4,10.0,1018.3,3.1,4.0,12,3,0,10,1.2246467991473532e-16,-1.0,0.43388373911755823,-0.900968867902419,310.75,317.5,253.52083333333334,68.92603615575872,train
2016-10-06 13:00:00,Bear_public_Valorie,Bear,313.5,20.6,11.7,1017.8,3.1,4.0,13,3,0,10,-0.2588190451025208,-0.9659258262890683,0.43388373911755823,-0.900968867902419,312.75,314.25,253.48958333333334,68.89746947326057,train
2016-10-06 14:00:00,Bear_public_Valorie,Bear,304.0,22.2,7.8,1017.0,3.6,4.0,14,3,0,10,-0.4999999999999997,-0.8660254037844388,0.43388373911755823,-0.900968867902419,313.5,317.5,252.92708333333334,68.40549968222872,train
2016-10-06 15:00:00,Bear_public_Valorie,Bear,303.5,23.9,8.9,1016.3,6.2,4.0,15,3,0,10,-0.7071067811865471,-0.7071067811865479,0.43388373911755823,-0.900968867902419,304.0,316.5,252.38541666666666,67.93003030479359,train
2016-10-06 16:00:00,Bear_public_Valorie,Bear,300.25,23.9,9.4,1015.9,6.7,4.0,16,3,0,10,-0.8660254037844385,-0.5000000000000004,0.43388373911755823,-0.900968867902419,303.5,313.5,251.83333333333334,67.4639866354906,train
2016-10-06 17:00:00,Bear_public_Valorie,Bear,297.5,22.2,11.7,1015.5,4.6,4.0,17,3,0,10,-0.9659258262890683,-0.25881904510252063,0.43388373911755823,-0.900968867902419,300.25,324.25,250.71875,66.42858671650484,train
2016-10-06 18:00:00,Bear_public_Valorie,Bear,308.25,21.1,8.9,1015.5,4.1,4.0,18,3,0,10,-1.0,-1.8369701987210297e-16,0.43388373911755823,-0.900968867902419,297.5,314.75,250.44791666666666,66.16891999822812,train
2016-10-06 19:00:00,Bear_public_Valorie,Bear,300.5,18.9,7.8,1015.5,4.1,4.0,19,3,0,10,-0.9659258262890684,0.2588190451025203,0.43388373911755823,-0.900968867902419,308.25,304.75,250.27083333333334,66.0228022479105,train
2016-10-06 20:00:00,Bear_public_Valorie,Bear,285.0,18.3,11.1,1015.7,2.6,2.0,20,3,0,10,-0.8660254037844386,0.5000000000000001,0.43388373911755823,-0.900968867902419,300.5,293.5,249.91666666666666,65.80325858633249,train
2016-10-06 21:00:00,Bear_public_Valorie,Bear,268.5,17.2,9.4,1015.7,1.5,2.0,21,3,0,10,-0.7071067811865477,0.7071067811865474,0.43388373911755823,-0.900968867902419,285.0,285.0,249.22916666666666,65.50630224686782,train
2016-10-06 22:00:00,Bear_public_Valorie,Bear,267.0,16.7,10.0,1015.9,0.0,2.0,22,3,0,10,-0.5000000000000004,0.8660254037844384,0.43388373911755823,-0.900968867902419,268.5,274.75,248.90625,65.3940319582827,train
2016-10-06 23:00:00,Bear_public_Valorie,Bear,233.5,17.8,11.1,1016.1,1.5,2.0,23,3,0,10,-0.25881904510252157,0.9659258262890681,0.43388373911755823,-0.900968867902419,267.0,282.5,246.86458333333334,65.0636803099167,train
2016-10-07 00:00:00,Bear_public_Valorie,Bear,239.5,13.9,8.9,1016.4,1.5,2.0,0,4,0,10,0.0,1.0,-0.433883739117558,-0.9009688679024191,233.5,277.0,245.30208333333334,64.7580773527717,train
2016-10-07 01:00:00,Bear_public_Valorie,Bear,235.75,13.3,8.3,1016.3,2.1,2.0,1,4,0,10,0.25881904510252074,0.9659258262890683,-0.433883739117558,-0.9009688679024191,239.5,255.5,244.47916666666666,64.74833876778949,train
2016-10-07 02:00:00,Bear_public_Valorie,Bear,186.5,13.9,9.4,1016.4,1.5,0.0,2,4,0,10,0.49999999999999994,0.8660254037844387,-0.433883739117558,-0.9009688679024191,235.75,197.75,244.01041666666666,65.14087906918223,train
2016-10-07 03:00:00,Bear_public_Valorie,Bear,108.75,12.8,8.9,1016.3,0.0,0.0,3,4,0,10,0.7071067811865476,0.7071067811865476,-0.433883739117558,-0.9009688679024191,186.5,133.75,242.96875,67.14962658528717,train
2016-10-07 04:00:00,Bear_public_Valorie,Bear,114.75,12.2,8.3,1015.8,1.5,0.0,4,4,0,10,0.8660254037844386,0.5000000000000001,-0.433883739117558,-0.9009688679024191,108.75,130.0,242.33333333333334,68.3269261754086,train
2016-10-07 05:00:00,Bear_public_Valorie,Bear,135.0,12.8,8.3,1015.8,1.5,0.0,5,4,0,10,0.9659258262890683,0.25881904510252074,-0.433883739117558,-0.9009688679024191,114.75,134.5,242.35416666666666,68.29268519723983,train
2016-10-07 06:00:00,Bear_public_Valorie,Bear,146.25,12.2,9.4,1016.0,1.5,0.0,6,4,0,10,1.0,6.123233995736766e-17,-0.433883739117558,-0.9009688679024191,135.0,153.0,242.07291666666666,68.68941912564749,train
2016-10-07 07:00:00,Bear_public_Valorie,Bear,150.0,11.1,8.3,1016.1,0.0,2.0,7,4,0,10,0.9659258262890683,-0.25881904510252063,-0.433883739117558,-0.9009688679024191,146.25,157.0,241.78125,69.08010915580756,train
2016-10-07 08:00:00,Bear_public_Valorie,Bear,174.0,12.8,7.8,1016.3,0.0,4.0,8,4,0,10,0.8660254037844387,-0.4999999999999998,-0.433883739117558,-0.9009688679024191,150.0,184.25,241.35416666666666,69.48177414549677,train
2016-10-07 09:00:00,Bear_public_Valorie,Bear,251.5,16.7,10.0,1016.7,0.0,4.0,9,4,0,10,0.7071067811865476,-0.7071067811865475,-0.433883739117558,-0.9009688679024191,174.0,239.0,241.875,69.51020413047927,train
2016-10-07 10:00:00,Bear_public_Valorie,Bear,305.25,18.3,11.7,1016.8,0.0,4.0,10,4,0,10,0.49999999999999994,-0.8660254037844387,-0.433883739117558,-0.9009688679024191,251.5,258.0,243.84375,70.64661798806934,train
2016-10-07 11:00:00,Bear_public_Valorie,Bear,298.5,19.4,11.1,1016.4,2.1,4.0,11,4,0,10,0.258819045102521,-0.9659258262890682,-0.433883739117558,-0.9009688679024191,305.25,310.75,243.33333333333334,70.18495234900364,train
2016-10-07 12:00:00,Bear_public_Valorie,Bear,278.75,22.2,11.1,1016.0,4.1,4.0,12,4,0,10,1.2246467991473532e-16,-1.0,-0.433883739117558,-0.9009688679024191,298.5,312.75,241.91666666666666,69.05694982288608,train
2016-10-07 13:00:00,Bear_public_Valorie,Bear,278.75,25.0,8.9,1015.3,5.7,4.0,13,4,0,10,-0.2588190451025208,-0.9659258262890683,-0.433883739117558,-0.9009688679024191,278.75,313.5,240.46875,67.84446376519591,train
2016-10-07 14:00:00,Bear_public_Valorie,Bear,282.5,26.1,9.4,1014.1,6.2,4.0,14,4,0,10,-0.4999999999999997,-0.8660254037844388,-0.433883739117558,-0.9009688679024191,278.75,304.0,239.57291666666666,67.10704780450602,train
2016-10-07 15:00:00,Bear_public_Valorie,Bear,281.25,28.3,8.3,1013.3,5.7,4.0,15,4,0,10,-0.7071067811865471,-0.7071067811865479,-0.433883739117558,-0.9009688679024191,282.5,303.5,238.64583333333334,66.33474549694867,train
2016-10-07 16:00:00,Bear_public_Valorie,Bear,279.75,27.2,8.9,1012.9,5.7,4.0,16,4,0,10,-0.8660254037844385,-0.5000000000000004,-0.433883739117558,-0.9009688679024191,281.25,300.25,237.79166666666666,65.63530112388617,train
2016-10-07 17:00:00,Bear_public_Valorie,Bear,279.75,26.1,10.0,1012.7,5.7,4.0,17,4,0,10,-0.9659258262890683,-0.25881904510252063,-0.433883739117558,-0.9009688679024191,279.75,297.5,237.05208333333334,65.03046857663819,train
2016-10-07 18:00:00,Bear_public_Valorie,Bear,281.75,24.4,8.3,1012.4,5.1,4.0,18,4,0,10,-1.0,-1.8369701987210297e-16,-0.433883739117558,-0.9009688679024191,279.75,308.25,235.94791666666666,63.98560381422557,train
2016-10-07 19:00:00,Bear_public_Valorie,Bear,271.75,23.9,6.1,1012.4,5.1,4.0,19,4,0,10,-0.9659258262890684,0.2588190451025203,-0.433883739117558,-0.9009688679024191,281.75,300.5,234.75,62.98585072303438,train
2016-10-07 20:00:00,Bear_public_Valorie,Bear,267.75,21.1,11.7,1012.5,2.6,4.0,20,4,0,10,-0.8660254037844386,0.5000000000000001,-0.433883739117558,-0.9009688679024191,271.75,285.0,234.03125,62.48392456307759,train
2016-10-07 21:00:00,Bear_public_Valorie,Bear,250.5,20.6,9.4,1012.7,0.0,4.0,21,4,0,10,-0.7071067811865477,0.7071067811865474,-0.433883739117558,-0.9009688679024191,267.75,268.5,233.28125,62.15938981238352,train
2016-10-07 22:00:00,Bear_public_Valorie,Bear,222.5,19.4,8.9,1012.6,0.0,4.0,22,4,0,10,-0.5000000000000004,0.8660254037844384,-0.433883739117558,-0.9009688679024191,250.5,267.0,231.42708333333334,61.77235025754324,train
2016-10-07 23:00:00,Bear_public_Valorie,Bear,155.5,18.9,12.2,1012.9,1.5,4.0,23,4,0,10,-0.25881904510252157,0.9659258262890681,-0.433883739117558,-0.9009688679024191,222.5,233.5,228.17708333333334,63.68095063464352,train
2016-10-08 00:00:00,Bear_public_Valorie,Bear,149.5,16.1,13.3,1013.3,0.0,2.0,0,5,1,10,0.0,1.0,-0.9749279121818236,-0.2225209339563146,155.5,239.5,224.42708333333334,65.60601606024497,train
2016-10-08 01:00:00,Bear_public_Valorie,Bear,139.25,17.2,8.3,1013.2,0.0,2.0,1,5,1,10,0.25881904510252074,0.9659258262890683,-0.9749279121818236,-0.2225209339563146,149.5,235.75,220.40625,67.80225453558838,train
2016-10-08 02:00:00,Bear_public_Valorie,Bear,138.5,16.7,7.8,1013.2,2.1,2.0,2,5,1,10,0.49999999999999994,0.8660254037844387,-0.9749279121818236,-0.2225209339563146,139.25,186.5,218.40625,69.5317730195279,train
2016-10-08 03:00:00,Bear_public_Valorie,Bear,131.75,14.4,6.1,1012.9,2.1,2.0,3,5,1,10,0.7071067811865476,0.7071067811865476,-0.9749279121818236,-0.2225209339563146,138.5,108.75,219.36458333333334,68.09843335867437,train
2016-10-08 04:00:00,Bear_public_Valorie,Bear,136.25,14.4,5.6,1012.6,2.1,2.0,4,5,1,10,0.8660254037844386,0.5000000000000001,-0.9749279121818236,-0.2225209339563146,131.75,114.75,220.26041666666666,66.79126631783977,train
2016-10-08 05:00:00,Bear_public_Valorie,Bear,129.25,13.9,6.7,1012.7,0.0,2.0,5,5,1,10,0.9659258262890683,0.25881904510252074,-0.9749279121818236,-0.2225209339563146,136.25,135.0,220.02083333333334,67.11990069152813,train
2016-10-08 06:00:00,Bear_public_Valorie,Bear,145.5,12.8,6.1,1012.6,2.1,2.0,6,5,1,10,1.0,6.123233995736766e-17,-0.9749279121818236,-0.2225209339563146,129.25,146.25,219.98958333333334,67.15590553067501,train
2016-10-08 07:00:00,Bear_public_Valorie,Bear,144.0,13.3,7.2,1012.7,0.0,2.0,7,5,1,10,0.9659258262890683,-0.25881904510252063,-0.9749279121818236,-0.2225209339563146,145.5,150.0,219.73958333333334,67.43835668217882,train
2016-10-08 08:00:00,Bear_public_Valorie,Bear,177.25,12.2,6.7,1013.1,0.0,2.0,8,5,1,10,0.8660254037844387,-0.4999999999999998,-0.9749279121818236,-0.2225209339563146,144.0,174.0,219.875,67.34571740039549,train
2016-10-08 09:00:00,Bear_public_Valorie,Bear,264.0,18.3,7.8,1013.5,0.0,2.0,9,5,1,10,0.7071067811865476,-0.7071067811865475,-0.9749279121818236,-0.2225209339563146,177.25,251.5,220.39583333333334,67.64858512075917,train
2016-10-08 10:00:00,Bear_public_Valorie,Bear,287.75,20.0,13.3,1013.7,2.1,2.0,10,5,1,10,0.49999999999999994,-0.8660254037844387,-0.9749279121818236,-0.2225209339563146,264.0,305.25,219.66666666666666,66.78297372616888,train
2016-10-08 11:00:00,Bear_public_Valorie,Bear,268.25,21.1,11.7,1013.7,3.1,2.0,11,5,1,10,0.258819045102521,-0.9659258262890682,-0.9749279121818236,-0.2225209339563146,287.75,298.5,218.40625,65.5036429662339,train
2016-10-08 12:00:00,Bear_public_Valorie,Bear,280.25,22.2,11.7,1013.4,3.6,2.0,12,5,1,10,1.2246467991473532e-16,-1.0,-0.9749279121818236,-0.2225209339563146,268.25,278.75,218.46875,65.56441043554717,train
2016-10-08 13:00:00,Bear_public_Valorie,Bear,278.25,23.3,11.1,1012.9,4.1,2.0,13,5,1,10,-0.2588190451025208,-0.9659258262890683,-0.9749279121818236,-0.2225209339563146,280.25,278.75,218.44791666666666,65.54449945277263,train
2016-10-08 14:00:00,Bear_public_Valorie,Bear,292.75,24.4,11.7,1012.2,3.1,2.0,14,5,1,10,-0.4999999999999997,-0.8660254037844388,-0.9749279121818236,-0.2225209339563146,278.25,282.5,218.875,66.01173314679366,train
2016-10-08 15:00:00,Bear_public_Valorie,Bear,285.5,26.7,10.0,1011.4,3.1,2.0,15,5,1,10,-0.7071067811865471,-0.7071067811865479,-0.9749279121818236,-0.2225209339563146,292.75,281.25,219.05208333333334,66.19179063633908,train
2016-10-08 16:00:00,Bear_public_Valorie,Bear,285.25,27.2,12.2,1011.3,4.1,2.0,16,5,1,10,-0.8660254037844385,-0.5000000000000004,-0.9749279121818236,-0.2225209339563146,285.5,279.75,219.28125,66.42020026104565,train
2016-10-08 17:00:00,Bear_public_Valorie,Bear,278.5,26.7,11.1,1011.0,5.1,2.0,17,5,1,10,-0.9659258262890683,-0.25881904510252063,-0.9749279121818236,-0.2225209339563146,285.25,279.75,219.22916666666666,66.37119417839854,train
2016-10-08 18:00:00,Bear_public_Valorie,Bear,267.25,26.1,9.4,1011.1,4.6,2.0,18,5,1,10,-1.0,-1.8369701987210297e-16,-0.9749279121818236,-0.2225209339563146,278.5,281.75,218.625,65.84121215007605,train
2016-10-08 19:00:00,Bear_public_Valorie,Bear,274.0,21.7,11.7,1011.3,4.1,2.0,19,5,1,10,-0.9659258262890684,0.2588190451025203,-0.9749279121818236,-0.2225209339563146,267.25,271.75,218.71875,65.92169731302776,train
2016-10-08 20:00:00,Bear_public_Valorie,Bear,263.75,22.2,10.0,1011.5,0.0,2.0,20,5,1,10,-0.8660254037844386,0.5000000000000001,-0.9749279121818236,-0.2225209339563146,274.0,267.75,218.55208333333334,65.79728334415512,train
2016-10-08 21:00:00,Bear_public_Valorie,Bear,284.75,18.9,12.8,1012.0,0.0,0.0,21,5,1,10,-0.7071067811865477,0.7071067811865474,-0.9749279121818236,-0.2225209339563146,263.75,250.5,219.97916666666666,66.88280294448015,train
2016-10-08 22:00:00,Bear_public_Valorie,Bear,234.5,19.4,12.8,1012.5,1.5,0.0,22,5,1,10,-0.5000000000000004,0.8660254037844384,-0.9749279121818236,-0.2225209339563146,284.75,222.5,220.47916666666666,66.9472909421492,train
2016-10-08 23:00:00,Bear_public_Valorie,Bear,148.25,18.3,12.2,1013.0,0.0,0.0,23,5,1,10,-0.25881904510252157,0.9659258262890681,-0.9749279121818236,-0.2225209339563146,234.5,155.5,220.17708333333334,67.26882632743812,train
2016-10-09 00:00:00,Bear_public_Valorie,Bear,135.25,15.0,10.6,1013.1,0.0,0.0,0,6,1,10,0.0,1.0,-0.7818314824680299,0.6234898018587334,148.25,149.5,219.58333333333334,67.9789236305712,train
2016-10-09 01:00:00,Bear_public_Valorie,Bear,136.5,12.8,8.9,1013.1,1.5,0.0,1,6,1,10,0.25881904510252074,0.9659258262890683,-0.7818314824680299,0.6234898018587334,135.25,139.25,219.46875,68.1223847722996,train
2016-10-09 02:00:00,Bear_public_Valorie,Bear,131.75,16.7,11.7,1013.2,0.0,0.0,2,6,1,10,0.49999999999999994,0.8660254037844387,-0.7818314824680299,0.6234898018587334,136.5,138.5,219.1875,68.48417978215699,train
2016-10-09 03:00:00,Bear_public_Valorie,Bear,135.0,15.6,8.9,1013.2,0.0,0.0,3,6,1,10,0.7071067811865476,0.7071067811865476,-0.7818314824680299,0.6234898018587334,131.75,131.75,219.32291666666666,68.30675213165519,train
2016-10-09 04:00:00,Bear_public_Valorie,Bear,129.0,13.9,8.3,1013.2,0.0,0.0,4,6,1,10,0.8660254037844386,0.5000000000000001,-0.7818314824680299,0.6234898018587334,135.0,136.25,219.02083333333334,68.70498196711405,train
2016-10-09 05:00:00,Bear_public_Valorie,Bear,107.25,12.8,7.8,1013.2,1.5,0.0,5,6,1,10,0.9659258262890683,0.25881904510252074,-0.7818314824680299,0.6234898018587334,129.0,129.25,218.10416666666666,70.0876360067488,train
2016-10-09 06:00:00,Bear_public_Valorie,Bear,108.25,12.2,7.8,1013.3,0.0,0.0,6,6,1,10,1.0,6.123233995736766e-17,-0.7818314824680299,0.6234898018587334,107.25,145.5,216.55208333333334,72.14753073476045,train
2016-10-09 07:00:00,Bear_public_Valorie,Bear,107.75,12.8,8.3,1013.7,0.0,0.0,7,6,1,10,0.9659258262890683,-0.25881904510252063,-0.7818314824680299,0.6234898018587334,108.25,144.0,215.04166666666666,74.08586626145475,train
2016-10-09 08:00:00,Bear_public_Valorie,Bear,110.0,13.3,11.1,1014.4,1.5,0.0,8,6,1,10,0.8660254037844387,-0.4999999999999998,-0.7818314824680299,0.6234898018587334,107.75,177.25,212.23958333333334,76.79944516778572,train
2016-10-09 09:00:00,Bear_public_Valorie,Bear,144.25,18.3,10.0,1014.7,0.0,0.0,9,6,1,10,0.7071067811865476,-0.7071067811865475,-0.7818314824680299,0.6234898018587334,110.0,264.0,207.25,77.17949153138734,train
2016-10-09 10:00:00,Bear_public_Valorie,Bear,243.0,19.4,13.3,1014.9,2.6,0.0,10,6,1,10,0.49999999999999994,-0.8660254037844387,-0.7818314824680299,0.6234898018587334,144.25,287.75,205.38541666666666,75.67604652206771,train
2016-10-09 11:00:00,Bear_public_Valorie,Bear,258.25,22.2,8.9,1015.1,2.6,0.0,11,6,1,10,0.258819045102521,-0.9659258262890682,-0.7818314824680299,0.6234898018587334,243.0,268.25,204.96875,75.34166064538502,train
2016-10-09 12:00:00,Bear_public_Valorie,Bear,252.0,25.0,7.8,1014.7,3.1,2.0,12,6,1,10,1.2246467991473532e-16,-1.0,-0.7818314824680299,0.6234898018587334,258.25,280.25,203.79166666666666,74.32824769760896,train
2016-10-09 13:00:00,Bear_public_Valorie,Bear,264.25,26.1,10.0,1014.3,4.6,2.0,13,6,1,10,-0.2588190451025208,-0.9659258262890683,-0.7818314824680299,0.6234898018587334,252.0,278.25,203.20833333333334,73.77133687908567,train
2016-10-09 14:00:00,Bear_public_Valorie,Bear,273.0,26.7,8.9,1013.6,4.6,2.0,14,6,1,10,-0.4999999999999997,-0.8660254037844388,-0.7818314824680299,0.6234898018587334,264.25,292.75,202.38541666666666,72.83326622762478,train
2016-10-09 15:00:00,Bear_public_Valorie,Bear,282.0,26.7,7.8,1013.3,4.1,2.0,15,6,1,10,-0.7071067811865471,-0.7071067811865479,-0.7818314824680299,0.6234898018587334,273.0,285.5,202.23958333333334,72.66291587389755,train
2016-10-09 16:00:00,Bear_public_Valorie,Bear,282.25,25.6,8.3,1013.3,6.2,2.0,16,6,1,10,-0.8660254037844385,-0.5000000000000004,-0.7818314824680299,0.6234898018587334,282.0,285.25,202.11458333333334,72.5163392070557,train
2016-10-09 17:00:00,Bear_public_Valorie,Bear,288.25,22.2,10.6,1013.5,6.7,2.0,17,6,1,10,-0.9659258262890683,-0.25881904510252063,-0.7818314824680299,0.6234898018587334,282.25,278.5,202.52083333333334,72.98864253023073,train
2016-10-09 18:00:00,Bear_public_Valorie,Bear,301.5,20.6,11.7,1013.3,5.1,4.0,18,6,1,10,-1.0,-1.8369701987210297e-16,-0.7818314824680299,0.6234898018587334,288.25,267.25,203.94791666666666,74.62573206860601,train
2016-10-09 19:00:00,Bear_public_Valorie,Bear,279.5,19.4,11.1,1013.4,4.1,4.0,19,6,1,10,-0.9659258262890684,0.2588190451025203,-0.7818314824680299,0.6234898018587334,301.5,274.0,204.17708333333334,74.85828927868906,train
2016-10-09 20:00:00,Bear_public_Valorie,Bear,245.0,17.8,10.6,1013.7,3.6,2.0,20,6,1,10,-0.8660254037844386,0.5000000000000001,-0.7818314824680299,0.6234898018587334,279.5,263.75,203.39583333333334,74.30533060149259,train
2016-10-09 21:00:00,Bear_public_Valorie,Bear,245.25,16.1,11.7,1014.0,3.1,2.0,21,6,1,10,-0.7071067811865477,0.7071067811865474,-0.7818314824680299,0.6234898018587334,245.0,284.75,201.75,72.84818937799473,train
2016-10-09 22:00:00,Bear_public_Valorie,Bear,238.0,15.0,12.2,1014.3,3.1,2.0,22,6,1,10,-0.5000000000000004,0.8660254037844384,-0.7818314824680299,0.6234898018587334,245.25,234.5,201.89583333333334,72.92006927878771,train
2016-10-09 23:00:00,Bear_public_Valorie,Bear,235.0,15.0,11.7,1014.5,3.1,2.0,23,6,1,10,-0.25881904510252157,0.9659258262890681,-0.7818314824680299,0.6234898018587334,238.0,148.25,205.51041666666666,72.29263745537047,train
2016-10-10 00:00:00,Bear_public_Valorie,Bear,229.5,14.4,11.7,1014.6,1.5,0.0,0,0,0,10,0.0,1.0,0.0,1.0,235.0,135.25,209.4375,70.85564972411233,train
2016-10-10 01:00:00,Bear_public_Valorie,Bear,227.25,13.9,11.7,1014.4,1.5,0.0,1,0,0,10,0.25881904510252074,0.9659258262890683,0.0,1.0,229.5,136.5,213.21875,69.19609471969163,train
2016-10-10 02:00:00,Bear_public_Valorie,Bear,182.75,13.3,11.7,1014.7,1.5,4.0,2,0,0,10,0.49999999999999994,0.8660254037844387,0.0,1.0,227.25,131.75,215.34375,67.3437326616543,train
2016-10-10 03:00:00,Bear_public_Valorie,Bear,106.2,13.3,11.7,1014.7,1.5,4.0,3,0,0,10,0.7071067811865476,0.7071067811865476,0.0,1.0,182.75,135.0,214.14375000000004,69.07204227801967,train
2016-10-10 04:00:00,Bear_public_Valorie,Bear,109.25,12.8,11.7,1014.0,0.0,0.0,4,0,0,10,0.8660254037844386,0.5000000000000001,0.0,1.0,106.2,129.0,213.32083333333335,70.23834255228954,train
2016-10-10 05:00:00,Bear_public_Valorie,Bear,129.0,11.7,10.6,1014.0,1.5,0.0,5,0,0,10,0.9659258262890683,0.25881904510252074,0.0,1.0,109.25,107.25,214.22708333333335,68.93854853223918,train
2016-10-10 06:00:00,Bear_public_Valorie,Bear,142.0,12.2,11.1,1014.0,1.5,4.0,6,0,0,10,1.0,6.123233995736766e-17,0.0,1.0,129.0,108.25,215.63333333333335,66.9997366423551,train
2016-10-10 07:00:00,Bear_public_Valorie,Bear,161.25,12.2,11.1,1014.3,0.0,4.0,7,0,0,10,0.9659258262890683,-0.25881904510252063,0.0,1.0,142.0,107.75,217.86250000000004,64.08067647759425,train
2016-10-10 08:00:00,Bear_public_Valorie,Bear,180.5,13.3,12.2,1014.9,3.6,4.0,8,0,0,10,0.8660254037844387,-0.4999999999999998,0.0,1.0,161.25,110.0,220.80000000000004,60.43329236511091,train
2016-10-10 09:00:00,Bear_public_Valorie,Bear,230.0,13.9,12.8,1015.4,3.6,4.0,9,0,0,10,0.7071067811865476,-0.7071067811865475,0.0,1.0,180.5,144.25,224.3729166666667,58.20449889074903,train
2016-10-10 10:00:00,Bear_public_Valorie,Bear,239.0,15.0,12.2,1015.9,4.1,4.0,10,0,0,10,0.49999999999999994,-0.8660254037844387,0.0,1.0,230.0,243.0,224.20625000000004,58.15454730528495,train
2016-10-10 11:00:00,Bear_public_Valorie,Bear,250.25,16.7,12.2,1016.0,4.6,2.0,11,0,0,10,0.258819045102521,-0.9659258262890682,0.0,1.0,239.0,258.25,223.8729166666667,57.97357527575507,train
2016-10-10 12:00:00,Bear_public_Valorie,Bear,256.0,17.8,12.2,1015.8,5.7,2.0,12,0,0,10,1.2246467991473532e-16,-1.0,0.0,1.0,250.25,252.0,224.03958333333335,58.06363259608926,train
2016-10-10 13:00:00,Bear_public_Valorie,Bear,264.25,18.3,12.2,1015.5,6.7,2.0,13,0,0,10,-0.2588190451025208,-0.9659258262890683,0.0,1.0,256.0,264.25,224.03958333333335,58.06363259608926,train
2016-10-10 14:00:00,Bear_public_Valorie,Bear,270.25,18.3,11.7,1015.0,6.7,2.0,14,0,0,10,-0.4999999999999997,-0.8660254037844388,0.0,1.0,264.25,273.0,223.92500000000004,57.96544322866572,train
2016-10-10 15:00:00,Bear_public_Valorie,Bear,266.5,18.9,12.2,1014.4,7.7,2.0,15,0,0,10,-0.7071067811865471,-0.7071067811865479,0.0,1.0,270.25,282.0,223.2791666666667,57.373582992195416,train
2016-10-10 16:00:00,Bear_public_Valorie,Bear,267.0,18.3,12.2,1014.3,7.2,2.0,16,0,0,10,-0.8660254037844385,-0.5000000000000004,0.0,1.0,266.5,282.25,222.64375000000004,56.773388806996984,train
2016-10-10 17:00:00,Bear_public_Valorie,Bear,265.5,17.8,12.2,1014.4,7.2,2.0,17,0,0,10,-0.9659258262890683,-0.25881904510252063,0.0,1.0,267.0,288.25,221.69583333333335,55.81215372679327,train
2016-10-10 18:00:00,Bear_public_Valorie,Bear,260.75,16.1,11.7,1014.5,6.7,2.0,18,0,0,10,-1.0,-1.8369701987210297e-16,0.0,1.0,265.5,301.5,219.9979166666667,53.86466632292197,train
2016-10-10 19:00:00,Bear_public_Valorie,Bear,250.0,16.1,11.7,1014.8,5.1,2.0,19,0,0,10,-0.9659258262890684,0.2588190451025203,0.0,1.0,260.75,279.5,218.76875000000004,52.77335422124392,train
2016-10-10 20:00:00,Bear_public_Valorie,Bear,249.5,15.6,11.7,1015.3,6.2,4.0,20,0,0,10,-0.8660254037844386,0.5000000000000001,0.0,1.0,250.0,245.0,218.95625000000004,52.87849343480577,train
2016-10-10 21:00:00,Bear_public_Valorie,Bear,238.5,15.0,11.7,1015.3,3.6,2.0,21,0,0,10,-0.7071067811865477,0.7071067811865474,0.0,1.0,249.5,245.25,218.67500000000004,52.75035750960669,train
2016-10-10 22:00:00,Bear_public_Valorie,Bear,247.25,14.4,11.1,1015.4,2.1,4.0,22,0,0,10,-0.5000000000000004,0.8660254037844384,0.0,1.0,238.5,238.0,219.0604166666667,52.93117553292309,train
2016-10-10 23:00:00,Bear_public_Valorie,Bear,242.0,15.6,11.1,1016.4,4.1,3.8666666666666667,23,0,0,10,-0.25881904510252157,0.9659258262890681,0.0,1.0,247.25,235.0,219.35208333333335,53.04199623917115,train
2016-10-11 00:00:00,Bear_public_Valorie,Bear,231.25,15.6,11.1,1016.3,4.1,3.7333333333333334,0,1,0,10,0.0,1.0,0.7818314824680298,0.6234898018587336,242.0,229.5,219.42500000000004,53.05775360294967,train
2016-10-11 01:00:00,Bear_public_Valorie,Bear,228.0,15.6,11.1,1016.4,4.1,3.6,1,1,0,10,0.25881904510252074,0.9659258262890683,0.7818314824680298,0.6234898018587336,231.25,227.25,219.45625000000004,53.06278338890898,train
2016-10-11 02:00:00,Bear_public_Valorie,Bear,123.0,16.1,11.1,1016.5,4.1,3.466666666666667,2,1,0,10,0.49999999999999994,0.8660254037844387,0.7818314824680298,0.6234898018587336,228.0,182.75,216.9666666666667,56.17049485943342,train
2016-10-11 03:00:00,Bear_public_Valorie,Bear,43.0,16.1,10.6,1016.5,4.1,3.3333333333333335,3,1,0,10,0.7071067811865476,0.7071067811865476,0.7818314824680298,0.6234898018587336,123.0,106.2,214.33333333333334,62.69199495855966,train
2016-10-11 04:00:00,Bear_public_Valorie,Bear,61.0,16.1,10.6,1016.5,4.1,3.2,4,1,0,10,0.8660254037844386,0.5000000000000001,0.7818314824680298,0.6234898018587336,43.0,109.25,212.32291666666666,66.84446089237883,train
2016-10-11 05:00:00,Bear_public_Valorie,Bear,99.0,16.1,11.1,1016.5,3.6,2.0,5,1,0,10,0.9659258262890683,0.25881904510252074,0.7818314824680298,0.6234898018587336,61.0,129.0,211.07291666666666,68.72442129569042,train
2016-10-11 06:00:00,Bear_public_Valorie,Bear,160.75,16.1,10.6,1016.8,3.6,2.0,6,1,0,10,1.0,6.123233995736766e-17,0.7818314824680298,0.6234898018587336,99.0,142.0,211.85416666666666,68.00790861405738,train
2016-10-11 07:00:00,Bear_public_Valorie,Bear,173.25,16.1,10.6,1017.0,2.6,2.8,7,1,0,10,0.9659258262890683,-0.25881904510252063,0.7818314824680298,0.6234898018587336,160.75,161.25,212.35416666666666,67.6629240147948,train
2016-10-11 08:00:00,Bear_public_Valorie,Bear,197.5,16.1,10.0,1017.5,3.1,2.666666666666667,8,1,0,10,0.8660254037844387,-0.4999999999999998,0.7818314824680298,0.6234898018587336,173.25,180.5,213.0625,67.40344341932851,train
2016-10-11 09:00:00,Bear_public_Valorie,Bear,251.25,16.7,9.4,1017.9,2.6,2.533333333333333,9,1,0,10,0.7071067811865476,-0.7071067811865475,0.7818314824680298,0.6234898018587336,197.5,230.0,213.94791666666666,67.77416058718184,train
2016-10-11 10:00:00,Bear_public_Valorie,Bear,249.0,16.7,10.0,1018.6,2.6,2.4,10,1,0,10,0.49999999999999994,-0.8660254037844387,0.7818314824680298,0.6234898018587336,251.25,239.0,214.36458333333334,67.96534359696591,train
2016-10-11 11:00:00,Bear_public_Valorie,Bear,279.75,17.2,10.0,1018.5,2.6,2.2666666666666666,11,1,0,10,0.258819045102521,-0.9659258262890682,0.7818314824680298,0.6234898018587336,249.0,250.25,215.59375,68.90284639873623,train
2016-10-11 12:00:00,Bear_public_Valorie,Bear,278.0,18.3,10.0,1018.9,2.1,2.1333333333333333,12,1,0,10,1.2246467991473532e-16,-1.0,0.7818314824680298,0.6234898018587336,279.75,256.0,216.51041666666666,69.60652140107264,train
2016-10-11 13:00:00,Bear_public_Valorie,Bear,273.5,18.3,10.0,1018.7,2.1,2.0,13,1,0,10,-0.2588190451025208,-0.9659258262890683,0.7818314824680298,0.6234898018587336,278.0,264.25,216.89583333333334,69.90731117556385,train
2016-10-11 14:00:00,Bear_public_Valorie,Bear,311.25,19.4,9.4,1017.8,5.1,2.0,14,1,0,10,-0.4999999999999997,-0.8660254037844388,0.7818314824680298,0.6234898018587336,273.5,270.25,218.60416666666666,71.74463760701794,train
2016-10-11 15:00:00,Bear_public_Valorie,Bear,299.25,19.4,9.4,1017.1,4.6,2.3333333333333335,15,1,0,10,-0.7071067811865471,-0.7071067811865479,0.7818314824680298,0.6234898018587336,311.25,266.5,219.96875,72.99576791261386,train
2016-10-11 16:00:00,Bear_public_Valorie,Bear,292.25,19.4,10.6,1017.6,5.1,2.6666666666666665,16,1,0,10,-0.8660254037844385,-0.5000000000000004,0.7818314824680298,0.6234898018587336,299.25,267.0,221.02083333333334,73.87970968827099,train
2016-10-11 17:00:00,Bear_public_Valorie,Bear,284.75,19.4,10.6,1017.5,5.1,3.0,17,1,0,10,-0.9659258262890683,-0.25881904510252063,0.7818314824680298,0.6234898018587336,292.25,265.5,221.82291666666666,74.48560844241152,train
2016-10-11 18:00:00,Bear_public_Valorie,Bear,253.25,17.8,11.1,1017.3,5.7,3.333333333333333,18,1,0,10,-1.0,-1.8369701987210297e-16,0.7818314824680298,0.6234898018587336,284.75,260.75,221.51041666666666,74.33076339427286,train
2016-10-11 19:00:00,Bear_public_Valorie,Bear,255.5,16.7,11.1,1017.5,5.1,3.6666666666666665,19,1,0,10,-0.9659258262890684,0.2588190451025203,0.7818314824680298,0.6234898018587336,253.25,250.0,221.73958333333334,74.43082866890973,train
2016-10-11 20:00:00,Bear_public_Valorie,Bear,256.25,15.6,10.6,1017.6,4.1,4.0,20,1,0,10,-0.8660254037844386,0.5000000000000001,0.7818314824680298,0.6234898018587336,255.5,249.5,222.02083333333334,74.55293992492375,train
2016-10-11 21:00:00,Bear_public_Valorie,Bear,238.75,15.6,10.6,1017.7,3.1,4.0,21,1,0,10,-0.7071067811865477,0.7071067811865474,0.7818314824680298,0.6234898018587336,256.25,238.5,222.03125,74.555359957347,train
2016-10-11 22:00:00,Bear_public_Valorie,Bear,235.5498,13.9,11.1,1017.6,2.1,4.0,22,1,0,10,-0.5000000000000004,0.8660254037844384,0.7818314824680298,0.6234898018587336,238.75,247.25,221.54374166666665,74.4214207592664,train
2016-10-11 23:00:00,Bear_public_Valorie,Bear,232.6283,13.9,11.1,1017.8,3.6,4.0,23,1,0,10,-0.25881904510252157,0.9659258262890681,0.7818314824680298,0.6234898018587336,235.5498,242.0,221.15325416666664,74.33395571361656,train
2016-10-12 00:00:00,Bear_public_Valorie,Bear,233.75,13.9,11.7,1018.1,4.1,4.0,0,2,0,10,0.0,1.0,0.9749279121818236,-0.22252093395631434,232.6283,231.25,221.2574208333333,74.35046962492538,train
2016-10-12 01:00:00,Bear_public_Valorie,Bear,224.75,13.3,11.7,1018.4,2.6,4.0,1,2,0,10,0.25881904510252074,0.9659258262890683,0.9749279121818236,-0.22252093395631434,233.75,228.0,221.12200416666664,74.34061424356135,train
2016-10-12 02:00:00,Bear_public_Valorie,Bear,119.0,13.9,11.7,1018.3,3.1,4.0,2,2,0,10,0.49999999999999994,0.8660254037844387,0.9749279121818236,-0.22252093395631434,224.75,123.0,220.95533749999996,74.5742783104891,train
2016-10-12 03:00:00,Bear_public_Valorie,Bear,43.75,13.9,11.1,1018.3,4.6,4.0,3,2,0,10,0.7071067811865476,0.7071067811865476,0.9749279121818236,-0.22252093395631434,119.0,43.0,220.98658749999996,74.49658139908067,train
2016-10-12 04:00:00,Bear_public_Valorie,Bear,65.75,13.9,12.2,1018.1,3.6,4.0,4,2,0,10,0.8660254037844386,0.5000000000000001,0.9749279121818236,-0.22252093395631434,43.75,61.0,221.18450416666664,74.05808077273156,train
2016-10-12 05:00:00,Bear_public_Valorie,Bear,94.0,13.9,11.7,1017.8,3.1,4.0,5,2,0,10,0.9659258262890683,0.25881904510252074,0.9749279121818236,-0.22252093395631434,65.75,99.0,220.9761708333333,74.42287747642432,train
2016-10-12 06:00:00,Bear_public_Valorie,Bear,158.75,13.9,11.7,1018.2,3.1,2.0,6,2,0,10,1.0,6.123233995736766e-17,0.9749279121818236,-0.22252093395631434,94.0,160.75,220.89283749999996,74.49433183272535,train
2016-10-12 07:00:00,Bear_public_Valorie,Bear,164.5,13.9,11.7,1017.8,0.0,2.0,7,2,0,10,0.9659258262890683,-0.25881904510252063,0.9749279121818236,-0.22252093395631434,158.75,173.25,220.52825416666664,74.75858187810422,train
2016-10-12 08:00:00,Bear_public_Valorie,Bear,184.75,13.9,11.7,1017.9,0.0,2.0,8,2,0,10,0.8660254037844387,-0.4999999999999998,0.9749279121818236,-0.22252093395631434,164.5,197.5,219.99700416666664,74.97433112203771,train
2016-10-12 09:00:00,Bear_public_Valorie,Bear,230.0,15.0,11.7,1018.9,3.6,2.0,9,2,0,10,0.7071067811865476,-0.7071067811865475,0.9749279121818236,-0.22252093395631434,184.75,251.25,219.11158749999996,74.71422441789275,train
2016-10-12 10:00:00,Bear_public_Valorie,Bear,232.5,15.0,11.7,1019.4,0.0,2.0,10,2,0,10,0.49999999999999994,-0.8660254037844387,0.9749279121818236,-0.22252093395631434,230.0,249.0,218.42408749999996,74.50285703186637,train
2016-10-12 11:00:00,Bear_public_Valorie,Bear,256.25,15.6,11.7,1019.3,1.5,2.0,11,2,0,10,0.258819045102521,-0.9659258262890682,0.9749279121818236,-0.22252093395631434,232.5,279.75,217.4449208333333,73.81306086022748,train
2016-10-12 12:00:00,Bear_public_Valorie,Bear,263.25,16.1,11.7,1019.6,2.6,4.0,12,2,0,10,1.2246467991473532e-16,-1.0,0.9749279121818236,-0.22252093395631434,256.25,278.0,216.83033749999996,73.34687850629527,train
2016-10-12 13:00:00,Bear_public_Valorie,Bear,258.0,16.1,12.2,1019.5,5.1,4.0,13,2,0,10,-0.2588190451025208,-0.9659258262890683,0.9749279121818236,-0.22252093395631434,263.25,273.5,216.18450416666664,72.89303227214097,train
2016-10-12 14:00:00,Bear_public_Valorie,Bear,269.5,17.2,12.2,1018.2,3.1,4.0,14,2,0,10,-0.4999999999999997,-0.8660254037844388,0.9749279121818236,-0.22252093395631434,258.0,311.25,214.4449208333333,70.99924418819383,train
2016-10-12 15:00:00,Bear_public_Valorie,Bear,275.25,16.7,11.7,1017.9,5.7,4.0,15,2,0,10,-0.7071067811865471,-0.7071067811865479,0.9749279121818236,-0.22252093395631434,269.5,299.25,213.4449208333333,69.9135763800658,train
2016-10-12 16:00:00,Bear_public_Valorie,Bear,271.25,16.7,10.6,1018.5,7.2,4.0,16,2,0,10,-0.8660254037844385,-0.5000000000000004,0.9749279121818236,-0.22252093395631434,275.25,292.25,212.5699208333333,69.00998648802492,train
2016-10-12 17:00:00,Bear_public_Valorie,Bear,265.75,16.1,10.6,1018.0,4.6,4.0,17,2,0,10,-0.9659258262890683,-0.25881904510252063,0.9749279121818236,-0.22252093395631434,271.25,284.75,211.77825416666664,68.25075719655767,train
2016-10-12 18:00:00,Bear_public_Valorie,Bear,259.75,16.1,10.6,1017.7,4.1,4.0,18,2,0,10,-1.0,-1.8369701987210297e-16,0.9749279121818236,-0.22252093395631434,265.75,253.25,212.04908749999996,68.43512860047016,train
2016-10-12 19:00:00,Bear_public_Valorie,Bear,253.25,15.6,11.1,1018.0,4.6,4.0,19,2,0,10,-0.9659258262890684,0.2588190451025203,0.9749279121818236,-0.22252093395631434,259.75,255.5,211.95533749999996,68.37453106657301,train
2016-10-12 20:00:00,Bear_public_Valorie,Bear,254.0,15.0,11.7,1018.5,5.7,4.0,20,2,0,10,-0.8660254037844386,0.5000000000000001,0.9749279121818236,-0.22252093395631434,253.25,256.25,211.86158749999996,68.31267151168142,train
2016-10-12 21:00:00,Bear_public_Valorie,Bear,238.75,14.4,11.1,1018.8,4.6,4.0,21,2,0,10,-0.7071067811865477,0.7071067811865474,0.9749279121818236,-0.22252093395631434,254.0,238.75,211.86158749999996,68.31267151168142,train
2016-10-12 22:00:00,Bear_public_Valorie,Bear,239.5,14.4,11.1,1019.1,4.1,4.0,22,2,0,10,-0.5000000000000004,0.8660254037844384,0.9749279121818236,-0.22252093395631434,238.75,235.5498,212.02617916666668,68.37695559957373,train
2016-10-12 23:00:00,Bear_public_Valorie,Bear,235.25,14.4,11.1,1018.9,2.6,2.0,23,2,0,10,-0.25881904510252157,0.9659258262890681,0.9749279121818236,-0.22252093395631434,239.5,232.6283,212.13541666666666,68.41338459046736,train
2016-10-13 00:00:00,Bear_public_Valorie,Bear,231.5,13.9,11.1,1019.1,2.6,2.0,0,3,0,10,0.0,1.0,0.43388373911755823,-0.900968867902419,235.25,233.75,212.04166666666666,68.38401266674694,train
2016-10-13 01:00:00,Bear_public_Valorie,Bear,229.0,13.9,11.7,1018.8,0.0,2.0425531914893615,1,3,0,10,0.25881904510252074,0.9659258262890683,0.43388373911755823,-0.900968867902419,231.5,224.75,212.21875,68.42384343592143,train
2016-10-13 02:00:00,Bear_public_Valorie,Bear,114.75,15.0,12.2,1019.2,2.6,2.0851063829787235,2,3,0,10,0.49999999999999994,0.8660254037844387,0.43388373911755823,-0.900968867902419,229.0,119.0,212.04166666666666,68.6806039746219,train
2016-10-13 03:00:00,Bear_public_Valorie,Bear,44.25,13.9,10.6,1018.8,0.0,2.127659574468085,3,3,0,10,0.7071067811865476,0.7071067811865476,0.43388373911755823,-0.900968867902419,114.75,43.75,212.0625,68.62739066874107,train
2016-10-13 04:00:00,Bear_public_Valorie,Bear,67.5,13.9,11.1,1018.5,0.0,2.1702127659574466,4,3,0,10,0.8660254037844386,0.5000000000000001,0.43388373911755823,-0.900968867902419,44.25,65.75,212.13541666666666,68.4659142092947,train
2016-10-13 05:00:00,Bear_public_Valorie,Bear,108.5,14.4,11.7,1018.4,0.0,2.2127659574468086,5,3,0,10,0.9659258262890683,0.25881904510252074,0.43388373911755823,-0.900968867902419,67.5,94.0,212.73958333333334,67.43432711706919,train
2016-10-13 06:00:00,Bear_public_Valorie,Bear,166.75,15.0,11.7,1018.0,2.1,2.25531914893617,6,3,0,10,1.0,6.123233995736766e-17,0.43388373911755823,-0.900968867902419,108.5,158.75,213.07291666666666,67.17512314379533,train
2016-10-13 07:00:00,Bear_public_Valorie,Bear,179.75,15.0,11.7,1017.8,1.5,2.0,7,3,0,10,0.9659258262890683,-0.25881904510252063,0.43388373911755823,-0.900968867902419,166.75,164.5,213.70833333333334,66.76657369012469,train
2016-10-13 08:00:00,Bear_public_Valorie,Bear,192.25,15.6,12.2,1017.7,0.0,2.0,8,3,0,10,0.8660254037844387,-0.4999999999999998,0.43388373911755823,-0.900968867902419,179.75,184.75,214.02083333333334,66.6425783021158,train
2016-10-13 09:00:00,Bear_public_Valorie,Bear,247.5,16.1,12.8,1018.1,1.5,2.0,9,3,0,10,0.7071067811865476,-0.7071067811865475,0.43388373911755823,-0.900968867902419,192.25,230.0,214.75,66.92017470545565,train
2016-10-13 10:00:00,Bear_public_Valorie,Bear,261.5,16.7,12.8,1018.6,2.6,2.0,10,3,0,10,0.49999999999999994,-0.8660254037844387,0.43388373911755823,-0.900968867902419,247.5,232.5,215.95833333333334,67.51379354502747,train
2016-10-13 11:00:00,Bear_public_Valorie,Bear,286.25,17.2,12.8,1019.1,3.1,2.0,11,3,0,10,0.258819045102521,-0.9659258262890682,0.43388373911755823,-0.900968867902419,261.5,256.25,217.20833333333334,68.56180434099416,train
2016-10-13 12:00:00,Bear_public_Valorie,Bear,343.4312,18.3,12.8,1018.4,3.1,2.0,12,3,0,10,1.2246467991473532e-16,-1.0,0.43388373911755823,-0.900968867902419,286.25,263.25,220.5492166666667,72.7297213030109,train
2016-10-13 13:00:00,Bear_public_Valorie,Bear,342.422,20.0,12.8,1018.1,2.6,2.0,13,3,0,10,-0.2588190451025208,-0.9659258262890683,0.43388373911755823,-0.900968867902419,343.4312,258.0,224.06680000000003,76.56044415835919,train
2016-10-13 14:00:00,Bear_public_Valorie,Bear,342.4,21.1,13.3,1017.3,3.1,2.0,14,3,0,10,-0.4999999999999997,-0.8660254037844388,0.43388373911755823,-0.900968867902419,342.422,269.5,227.10429999999997,79.81818301987839,train
2016-10-13 15:00:00,Bear_public_Valorie,Bear,342.25,21.1,13.3,1016.5,3.1,2.0,15,3,0,10,-0.7071067811865471,-0.7071067811865479,0.43388373911755823,-0.900968867902419,342.4,275.25,229.89596666666662,82.69513312187168,train
2016-10-13 16:00:00,Bear_public_Valorie,Bear,333.75,21.1,12.8,1015.5,4.1,2.0,16,3,0,10,-0.8660254037844385,-0.5000000000000004,0.43388373911755823,-0.900968867902419,342.25,271.25,232.5001333333333,85.00585650336198,train
2016-10-13 17:00:00,Bear_public_Valorie,Bear,318.0,22.2,12.8,1015.1,3.1,2.0,17,3,0,10,-0.9659258262890683,-0.25881904510252063,0.43388373911755823,-0.900968867902419,333.75,265.75,234.67721666666662,86.54951351922001,train
2016-10-13 18:00:00,Bear_public_Valorie,Bear,305.0,20.0,13.9,1015.0,5.7,2.0,18,3,0,10,-1.0,-1.8369701987210297e-16,0.43388373911755823,-0.900968867902419,318.0,259.75,236.5626333333333,87.60587506778248,train
2016-10-13 19:00:00,Bear_public_Valorie,Bear,293.75,17.8,13.9,1014.9,2.1,2.0,19,3,0,10,-0.9659258262890684,0.2588190451025203,0.43388373911755823,-0.900968867902419,305.0,253.25,238.2501333333333,88.32837397216042,train
2016-10-13 20:00:00,Bear_public_Valorie,Bear,291.5,18.3,13.9,1015.1,2.6,2.0,20,3,0,10,-0.8660254037844386,0.5000000000000001,0.43388373911755823,-0.900968867902419,293.75,254.0,239.8126333333333,88.94860122247788,train
2016-10-13 21:00:00,Bear_public_Valorie,Bear,290.25,18.3,13.3,1015.6,5.1,2.0,21,3,0,10,-0.7071067811865477,0.7071067811865474,0.43388373911755823,-0.900968867902419,291.5,238.75,241.95846666666662,89.5410817827588,train
2016-10-13 22:00:00,Bear_public_Valorie,Bear,289.0,18.3,13.9,1015.3,7.2,2.0,22,3,0,10,-0.5000000000000004,0.8660254037844384,0.43388373911755823,-0.900968867902419,290.25,239.5,244.02096666666662,90.05063565114088,train
2016-10-13 23:00:00,Bear_public_Valorie,Bear,286.25,18.9,13.9,1014.6,6.7,2.0,23,3,0,10,-0.25881904510252157,0.9659258262890681,0.43388373911755823,-0.900968867902419,289.0,235.25,246.14596666666662,90.43558287941615,train
2016-10-14 00:00:00,Bear_public_Valorie,Bear,290.75,19.4,14.4,1014.6,6.7,2.0,0,4,0,10,0.0,1.0,-0.433883739117558,-0.9009688679024191,286.25,231.5,248.61471666666662,90.82626008401118,train
2016-10-14 01:00:00,Bear_public_Valorie,Bear,294.0,18.9,14.4,1014.4,5.7,2.0,1,4,0,10,0.25881904510252074,0.9659258262890683,-0.433883739117558,-0.9009688679024191,290.75,229.0,251.32304999999997,91.18434842482584,train
2016-10-14 02:00:00,Bear_public_Valorie,Bear,139.5,18.3,13.9,1014.4,5.1,2.0,2,4,0,10,0.49999999999999994,0.8660254037844387,-0.433883739117558,-0.9009688679024191,294.0,114.75,252.35429999999997,89.70050100041391,train
2016-10-14 03:00:00,Bear_public_Valorie,Bear,59.25,18.9,14.4,1014.4,5.7,2.0,3,4,0,10,0.7071067811865476,0.7071067811865476,-0.433883739117558,-0.9009688679024191,139.5,44.25,252.97929999999997,88.22762882692082,train
2016-10-14 04:00:00,Bear_public_Valorie,Bear,83.5,18.9,14.4,1013.5,8.2,2.0,4,4,0,10,0.8660254037844386,0.5000000000000001,-0.433883739117558,-0.9009688679024191,59.25,67.5,253.64596666666662,86.8143018088946,train
2016-10-14 05:00:00,Bear_public_Valorie,Bear,122.75,18.3,15.0,1013.5,8.2,2.0,5,4,0,10,0.9659258262890683,0.25881904510252074,-0.433883739117558,-0.9009688679024191,83.5,108.5,254.23971666666662,85.82149585787485,train
2016-10-14 06:00:00,Bear_public_Valorie,Bear,186.25,18.3,14.4,1012.7,7.7,2.0,6,4,0,10,1.0,6.123233995736766e-17,-0.433883739117558,-0.9009688679024191,122.75,166.75,255.05221666666662,85.04599210440408,train
2016-10-14 07:00:00,Bear_public_Valorie,Bear,208.75,18.3,15.0,1013.0,9.3,2.0,7,4,0,10,0.9659258262890683,-0.25881904510252063,-0.433883739117558,-0.9009688679024191,186.25,179.75,256.26054999999997,84.13067153727121,train
2016-10-14 08:00:00,Bear_public_Valorie,Bear,234.75,18.3,15.6,1013.1,7.2,2.0,8,4,0,10,0.8660254037844387,-0.4999999999999998,-0.433883739117558,-0.9009688679024191,208.75,192.25,258.0313833333333,83.16651719122315,train
2016-10-14 09:00:00,Bear_public_Valorie,Bear,291.25,18.9,15.6,1013.7,6.7,2.0,9,4,0,10,0.7071067811865476,-0.7071067811865475,-0.433883739117558,-0.9009688679024191,234.75,247.5,259.85429999999997,83.40477888343585,train
2016-10-14 10:00:00,Bear_public_Valorie,Bear,312.0,18.9,17.2,1014.0,6.7,2.0,10,4,0,10,0.49999999999999994,-0.8660254037844387,-0.433883739117558,-0.9009688679024191,291.25,261.5,261.95846666666665,84.0823663250905,train
2016-10-14 11:00:00,Bear_public_Valorie,Bear,273.75,18.3,17.2,1014.0,7.2,2.0,11,4,0,10,0.258819045102521,-0.9659258262890682,-0.433883739117558,-0.9009688679024191,312.0,286.25,261.4376333333333,83.96398574932986,train
2016-10-14 12:00:00,Bear_public_Valorie,Bear,283.5,18.3,17.8,1014.3,6.7,2.0,12,4,0,10,1.2246467991473532e-16,-1.0,-0.433883739117558,-0.9009688679024191,273.75,343.4312,258.9405,82.29401626987305,train
2016-10-14 13:00:00,Bear_public_Valorie,Bear,287.75,17.8,17.2,1014.6,4.6,2.0,13,4,0,10,-0.2588190451025208,-0.9659258262890683,-0.433883739117558,-0.9009688679024191,283.5,342.422,256.66249999999997,80.62238907130735,train
2016-10-14 14:00:00,Bear_public_Valorie,Bear,286.0,17.8,16.7,1013.9,3.6,2.0,14,4,0,10,-0.4999999999999997,-0.8660254037844388,-0.433883739117558,-0.9009688679024191,287.75,342.4,254.3125,78.81638851042419,train
2016-10-14 15:00:00,Bear_public_Valorie,Bear,281.25,17.2,16.1,1014.0,5.1,2.0,15,4,0,10,-0.7071067811865471,-0.7071067811865479,-0.433883739117558,-0.9009688679024191,286.0,342.25,251.77083333333334,76.81545207532317,train
2016-10-14 16:00:00,Bear_public_Valorie,Bear,281.0,17.8,16.7,1014.1,5.1,2.0,16,4,0,10,-0.8660254037844385,-0.5000000000000004,-0.433883739117558,-0.9009688679024191,281.25,333.75,249.57291666666666,75.10338812939487,train
2016-10-14 17:00:00,Bear_public_Valorie,Bear,274.25,17.8,16.7,1013.7,5.1,3.74468085106383,17,4,0,10,-0.9659258262890683,-0.25881904510252063,-0.433883739117558,-0.9009688679024191,281.0,318.0,247.75,73.89148182948125,train
2016-10-14 18:00:00,Bear_public_Valorie,Bear,267.75,17.8,16.7,1013.6,0.0,3.7872340425531914,18,4,0,10,-1.0,-1.8369701987210297e-16,-0.433883739117558,-0.9009688679024191,274.25,305.0,246.19791666666666,73.02277708860379,train
2016-10-14 19:00:00,Bear_public_Valorie,Bear,266.75,17.2,15.6,1013.9,3.6,3.829787234042553,19,4,0,10,-0.9659258262890684,0.2588190451025203,-0.433883739117558,-0.9009688679024191,267.75,293.75,245.07291666666666,72.46417702556751,train
2016-10-14 20:00:00,Bear_public_Valorie,Bear,257.25,16.7,15.0,1014.2,4.1,3.872340425531915,20,4,0,10,-0.8660254037844386,0.5000000000000001,-0.433883739117558,-0.9009688679024191,266.75,291.5,243.64583333333334,71.84471163961716,train
2016-10-14 21:00:00,Bear_public_Valorie,Bear,247.75,16.7,14.4,1014.2,3.1,3.9148936170212765,21,4,0,10,-0.7071067811865477,0.7071067811865474,-0.433883739117558,-0.9009688679024191,257.25,290.25,241.875,71.16663696839507,train
2016-10-14 22:00:00,Bear_public_Valorie,Bear,112.75,16.7,14.4,1014.6,3.6,3.957446808510638,22,4,0,10,-0.5000000000000004,0.8660254037844384,-0.433883739117558,-0.9009688679024191,247.75,289.0,234.53125,75.07852094351115,train
2016-10-14 23:00:00,Bear_public_Valorie,Bear,42.0,16.1,14.4,1014.7,2.1,4.0,23,4,0,10,-0.25881904510252157,0.9659258262890681,-0.433883739117558,-0.9009688679024191,112.75,286.25,224.35416666666666,83.80975858489265,train
2016-10-15 00:00:00,Bear_public_Valorie,Bear,42.5,16.1,15.0,1014.5,0.0,3.0,0,5,1,10,0.0,1.0,-0.9749279121818236,-0.2225209339563146,42.0,290.75,214.01041666666666,90.32512166704606,train
2016-10-15 01:00:00,Bear_public_Valorie,Bear,41.75,15.0,13.3,1014.7,0.0,2.0,1,5,1,10,0.25881904510252074,0.9659258262890683,-0.9749279121818236,-0.2225209339563146,42.5,294.0,203.5,95.15947712632999,train
2016-10-15 02:00:00,Bear_public_Valorie,Bear,41.75,15.0,13.9,1014.5,0.0,2.0,2,5,1,10,0.49999999999999994,0.8660254037844387,-0.9749279121818236,-0.2225209339563146,41.75,139.5,199.42708333333334,99.9872676450516,train
2016-10-15 03:00:00,Bear_public_Valorie,Bear,41.5,15.0,13.9,1014.5,1.5,2.0,3,5,1,10,0.7071067811865476,0.7071067811865476,-0.9749279121818236,-0.2225209339563146,41.75,59.25,198.6875,101.12834210095086,train
2016-10-15 04:00:00,Bear_public_Valorie,Bear,52.0,15.6,14.4,1013.6,1.5,2.0,4,5,1,10,0.8660254037844386,0.5000000000000001,-0.9749279121818236,-0.2225209339563146,41.5,83.5,197.375,102.87759188979625,train
2016-10-15 05:00:00,Bear_public_Valorie,Bear,68.25,16.1,14.4,1013.3,3.1,2.0,5,5,1,10,0.9659258262890683,0.25881904510252074,-0.9749279121818236,-0.2225209339563146,52.0,122.75,195.10416666666666,105.17232021024253,train
2016-10-15 06:00:00,Bear_public_Valorie,Bear,127.75,16.1,14.4,1013.0,2.1,2.0,6,5,1,10,1.0,6.123233995736766e-17,-0.9749279121818236,-0.2225209339563146,68.25,186.25,192.66666666666666,106.06060271974391,train
2016-10-15 07:00:00,Bear_public_Valorie,Bear,136.0,15.6,13.9,1013.1,1.5,2.0,7,5,1,10,0.9659258262890683,-0.25881904510252063,-0.9749279121818236,-0.2225209339563146,127.75,208.75,189.63541666666666,106.61908985523165,train
2016-10-15 08:00:00,Bear_public_Valorie,Bear,182.75,16.7,15.0,1013.1,2.6,2.0,8,5,1,10,0.8660254037844387,-0.4999999999999998,-0.9749279121818236,-0.2225209339563146,136.0,234.75,187.46875,106.18992707132362,train
2016-10-15 09:00:00,Bear_public_Valorie,Bear,256.0,17.2,14.4,1013.6,0.0,2.0,9,5,1,10,0.7071067811865476,-0.7071067811865475,-0.9749279121818236,-0.2225209339563146,182.75,291.25,186.0,104.92836583365684,train
2016-10-15 10:00:00,Bear_public_Valorie,Bear,276.0,18.3,14.4,1013.5,1.5,2.0,10,5,1,10,0.49999999999999994,-0.8660254037844387,-0.9749279121818236,-0.2225209339563146,256.0,312.0,184.5,103.29340334170924,train
2016-10-15 11:00:00,Bear_public_Valorie,Bear,355.75,19.4,15.6,1012.9,4.1,2.0,11,5,1,10,0.258819045102521,-0.9659258262890682,-0.9749279121818236,-0.2225209339563146,276.0,273.75,187.91666666666666,107.63867866583797,train
2016-10-15 12:00:00,Bear_public_Valorie,Bear,338.25,21.7,15.0,1012.4,7.7,2.0,12,5,1,10,1.2246467991473532e-16,-1.0,-0.9749279121818236,-0.2225209339563146,355.75,283.5,190.19791666666666,110.29978859923631,train
2016-10-15 13:00:00,Bear_public_Valorie,Bear,341.75,20.6,16.1,1011.1,7.7,2.0,13,5,1,10,-0.2588190451025208,-0.9659258262890683,-0.9749279121818236,-0.2225209339563146,338.25,287.75,192.44791666666666,112.89647477760383,train
2016-10-15 14:00:00,Bear_public_Valorie,Bear,342.75,20.6,15.0,1011.1,3.1,2.0,14,5,1,10,-0.4999999999999997,-0.8660254037844388,-0.9749279121818236,-0.2225209339563146,341.75,286.0,194.8125,115.5052523274045,train
2016-10-15 15:00:00,Bear_public_Valorie,Bear,345.0,22.2,14.4,1010.1,7.2,2.0,15,5,1,10,-0.7071067811865471,-0.7071067811865479,-0.9749279121818236,-0.2225209339563146,342.75,281.25,197.46875,118.2791767594419,train
2016-10-15 16:00:00,Bear_public_Valorie,Bear,339.0,21.1,15.6,1009.2,10.3,2.0,16,5,1,10,-0.8660254037844385,-0.5000000000000004,-0.9749279121818236,-0.2225209339563146,345.0,281.0,199.88541666666666,120.62925998710358,train
2016-10-15 17:00:00,Bear_public_Valorie,Bear,321.25,20.6,16.1,1009.2,9.3,2.0,17,5,1,10,-0.9659258262890683,-0.25881904510252063,-0.9749279121818236,-0.2225209339563146,339.0,274.25,201.84375,122.25949799726595,train
2016-10-15 18:00:00,Bear_public_Valorie,Bear,314.75,20.0,16.1,1009.1,9.8,2.0,18,5,1,10,-1.0,-1.8369701987210297e-16,-0.9749279121818236,-0.2225209339563146,321.25,267.75,203.80208333333334,123.72866480921473,train
2016-10-15 19:00:00,Bear_public_Valorie,Bear,288.0,18.9,17.2,1009.0,7.7,2.0,19,5,1,10,-0.9659258262890684,0.2588190451025203,-0.9749279121818236,-0.2225209339563146,314.75,266.75,204.6875,124.27354667093844,train
2016-10-15 20:00:00,Bear_public_Valorie,Bear,291.0,18.9,17.2,1009.6,6.2,2.0,20,5,1,10,-0.8660254037844386,0.5000000000000001,-0.9749279121818236,-0.2225209339563146,288.0,257.25,206.09375,125.0825121691417,train
2016-10-15 21:00:00,Bear_public_Valorie,Bear,288.25,17.8,16.1,1010.1,6.2,2.0,21,5,1,10,-0.7071067811865477,0.7071067811865474,-0.9749279121818236,-0.2225209339563146,291.0,247.75,207.78125,125.93919582955758,train
2016-10-15 22:00:00,Bear_public_Valorie,Bear,131.75,17.8,15.6,1010.3,5.1,2.0,22,5,1,10,-0.5000000000000004,0.8660254037844384,-0.9749279121818236,-0.2225209339563146,288.25,112.75,208.57291666666666,125.37429784723983,train
2016-10-15 23:00:00,Bear_public_Valorie,Bear,63.5,17.2,15.6,1010.6,4.6,2.0,23,5,1,10,-0.25881904510252157,0.9659258262890681,-0.9749279121818236,-0.2225209339563146,131.75,42.0,209.46875,124.20368773186911,train
2016-10-16 00:00:00,Bear_public_Valorie,Bear,59.0,17.8,16.1,1010.8,3.6,2.0,0,6,1,10,0.0,1.0,-0.7818314824680299,0.6234898018587334,63.5,42.5,210.15625,123.28153121007219,train
2016-10-16 01:00:00,Bear_public_Valorie,Bear,64.75,18.3,17.2,1011.2,2.6,2.0,1,6,1,10,0.25881904510252074,0.9659258262890683,-0.7818314824680299,0.6234898018587334,59.0,41.75,211.11458333333334,121.99821762700745,train
2016-10-16 02:00:00,Bear_public_Valorie,Bear,59.75,17.8,16.7,1011.4,2.1,2.0,2,6,1,10,0.49999999999999994,0.8660254037844387,-0.7818314824680299,0.6234898018587334,64.75,41.75,211.86458333333334,120.96269140880722,train
2016-10-16 03:00:00,Bear_public_Valorie,Bear,62.5,17.8,17.2,1011.3,0.0,2.0,3,6,1,10,0.7071067811865476,0.7071067811865476,-0.7818314824680299,0.6234898018587334,59.75,41.5,212.73958333333334,119.74659564841109,train
2016-10-16 04:00:00,Bear_public_Valorie,Bear,77.0,17.8,16.7,1010.8,0.0,2.0,4,6,1,10,0.8660254037844386,0.5000000000000001,-0.7818314824680299,0.6234898018587334,62.5,52.0,213.78125,118.38857613485828,train
2016-10-16 05:00:00,Bear_public_Valorie,Bear,71.75,17.8,16.7,1010.7,0.0,2.0,5,6,1,10,0.9659258262890683,0.25881904510252074,-0.7818314824680299,0.6234898018587334,77.0,68.25,213.92708333333334,118.2035247204608,train
2016-10-16 06:00:00,Bear_public_Valorie,Bear,69.75,17.8,16.1,1010.6,2.6,2.0,6,6,1,10,1.0,6.123233995736766e-17,-0.7818314824680299,0.6234898018587334,71.75,127.75,211.51041666666666,120.6104148462481,train
2016-10-16 07:00:00,Bear_public_Valorie,Bear,69.0,17.2,16.1,1010.5,0.0,2.0,7,6,1,10,0.9659258262890683,-0.25881904510252063,-0.7818314824680299,0.6234898018587334,69.75,136.0,208.71875,123.18215816291708,train
2016-10-16 08:00:00,Bear_public_Valorie,Bear,67.75,17.2,16.7,1010.4,0.0,2.0,8,6,1,10,0.8660254037844387,-0.4999999999999998,-0.7818314824680299,0.6234898018587334,69.0,182.75,203.92708333333334,126.43011214240293,train
2016-10-16 09:00:00,Bear_public_Valorie,Bear,67.25,17.8,16.1,1009.9,1.5,2.0,9,6,1,10,0.7071067811865476,-0.7071067811865475,-0.7818314824680299,0.6234898018587334,67.75,256.0,196.0625,128.8966187113432,train
2016-10-16 10:00:00,Bear_public_Valorie,Bear,168.0,18.3,17.2,1009.4,4.6,2.0,10,6,1,10,0.49999999999999994,-0.8660254037844387,-0.7818314824680299,0.6234898018587334,67.25,276.0,191.5625,127.86563621205283,train
2016-10-16 11:00:00,Bear_public_Valorie,Bear,176.75,18.3,17.2,1009.25,4.6,2.0,11,6,1,10,0.258819045102521,-0.9659258262890682,-0.7818314824680299,0.6234898018587334,168.0,355.75,184.10416666666666,123.00019699230127,train
2016-10-16 12:00:00,Bear_public_Valorie,Bear,247.25,17.2,16.7,1009.1,2.1,2.0,12,6,1,10,1.2246467991473532e-16,-1.0,-0.7818314824680299,0.6234898018587334,176.75,338.25,180.3125,119.39148816248233,train
2016-10-16 13:00:00,Bear_public_Valorie,Bear,278.0,17.8,16.7,1008.3,2.6,2.0,13,6,1,10,-0.2588190451025208,-0.9659258262890683,-0.7818314824680299,0.6234898018587334,247.25,341.75,177.65625,116.3131037820461,train
2016-10-16 14:00:00,Bear_public_Valorie,Bear,274.75,17.2,16.7,1007.8,5.1,2.0,14,6,1,10,-0.4999999999999997,-0.8660254037844388,-0.7818314824680299,0.6234898018587334,278.0,342.75,174.82291666666666,112.89463342577697,train
2016-10-16 15:00:00,Bear_public_Valorie,Bear,274.25,17.8,16.1,1007.4,7.7,2.0,15,6,1,10,-0.7071067811865471,-0.7071067811865479,-0.7818314824680299,0.6234898018587334,274.75,345.0,171.875,109.11830436652718,train
2016-10-16 16:00:00,Bear_public_Valorie,Bear,278.75,18.3,16.1,1007.9,7.2,2.0,16,6,1,10,-0.8660254037844385,-0.5000000000000004,-0.7818314824680299,0.6234898018587334,274.25,339.0,169.36458333333334,105.74718567451185,train
2016-10-16 17:00:00,Bear_public_Valorie,Bear,269.25,18.9,15.0,1008.0,8.2,2.0,17,6,1,10,-0.9659258262890683,-0.25881904510252063,-0.7818314824680299,0.6234898018587334,278.75,321.25,167.19791666666666,102.99683350891081,train
2016-10-16 18:00:00,Bear_public_Valorie,Bear,223.25,18.3,14.4,1007.9,8.8,2.0,18,6,1,10,-1.0,-1.8369701987210297e-16,-0.7818314824680299,0.6234898018587334,269.25,314.75,163.38541666666666,98.91001013126345,train
2016-10-16 19:00:00,Bear_public_Valorie,Bear,132.0,18.3,15.0,1007.8,10.3,2.0,19,6,1,10,-0.9659258262890684,0.2588190451025203,-0.7818314824680299,0.6234898018587334,223.25,288.0,156.88541666666666,95.4293780296359,train
2016-10-16 20:00:00,Bear_public_Valorie,Bear,135.0,18.3,15.6,1008.5,10.8,2.0,20,6,1,10,-0.8660254037844386,0.5000000000000001,-0.7818314824680299,0.6234898018587334,132.0,291.0,150.38541666666666,91.11241799481714,train
2016-10-16 21:00:00,Bear_public_Valorie,Bear,139.5,17.8,14.4,1009.0,9.3,2.0,21,6,1,10,-0.7071067811865477,0.7071067811865474,-0.7818314824680299,0.6234898018587334,135.0,288.25,144.1875,86.25638760215888,train
2016-10-16 22:00:00,Bear_public_Valorie,Bear,252.25,18.3,15.0,1010.0,8.2,2.0,22,6,1,10,-0.5000000000000004,0.8660254037844384,-0.7818314824680299,0.6234898018587334,139.5,131.75,149.20833333333334,88.96545087434403,train
2016-10-16 23:00:00,Bear_public_Valorie,Bear,245.25,17.8,13.3,1011.1,6.7,2.0,23,6,1,10,-0.25881904510252157,0.9659258262890681,-0.7818314824680299,0.6234898018587334,252.25,63.5,156.78125,89.08796070091509,train
2016-10-17 00:00:00,Bear_public_Valorie,Bear,245.5,17.2,13.3,1011.9,6.2,2.0,0,0,0,10,0.0,1.0,0.0,1.0,245.25,59.0,164.55208333333334,88.31856183745408,train
2016-10-17 01:00:00,Bear_public_Valorie,Bear,243.5,17.2,13.3,1012.3,6.2,2.0,1,0,0,10,0.25881904510252074,0.9659258262890683,0.0,1.0,245.5,64.75,172.0,87.06441268693952,train
2016-10-17 02:00:00,Bear_public_Valorie,Bear,101.75,17.2,13.9,1012.8,7.2,2.0,2,0,0,10,0.49999999999999994,0.8660254037844387,0.0,1.0,243.5,59.75,173.75,85.11025458064725,train
2016-10-17 03:00:00,Bear_public_Valorie,Bear,40.5,17.2,13.3,1013.5,6.2,2.0,3,0,0,10,0.7071067811865476,0.7071067811865476,0.0,1.0,101.75,62.5,172.83333333333334,86.46819177249964,train
2016-10-17 04:00:00,Bear_public_Valorie,Bear,71.0,17.2,13.9,1013.8,5.1,2.0,4,0,0,10,0.8660254037844386,0.5000000000000001,0.0,1.0,40.5,77.0,172.58333333333334,86.76547809126492,train
2016-10-17 05:00:00,Bear_public_Valorie,Bear,102.5,16.7,13.9,1014.2,5.1,2.0,5,0,0,10,0.9659258262890683,0.25881904510252074,0.0,1.0,71.0,71.75,173.86458333333334,85.42849091894567,train
2016-10-17 06:00:00,Bear_public_Valorie,Bear,174.75,16.7,13.3,1015.0,3.1,2.6666666666666665,6,0,0,10,1.0,6.123233995736766e-17,0.0,1.0,102.5,69.75,178.23958333333334,82.50327658732657,train
2016-10-17 07:00:00,Bear_public_Valorie,Bear,189.5,15.0,12.2,1015.8,0.0,3.333333333333333,7,0,0,10,0.9659258262890683,-0.25881904510252063,0.0,1.0,174.75,69.0,183.26041666666666,79.16539782545341,train
2016-10-17 08:00:00,Bear_public_Valorie,Bear,217.75,16.1,12.8,1016.4,2.6,4.0,8,0,0,10,0.8660254037844387,-0.4999999999999998,0.0,1.0,189.5,67.75,189.51041666666666,75.485115116602,train
2016-10-17 09:00:00,Bear_public_Valorie,Bear,262.25,17.2,13.3,1017.0,3.1,4.0,9,0,0,10,0.7071067811865476,-0.7071067811865475,0.0,1.0,217.75,67.25,197.63541666666666,72.17524638768603,train
2016-10-17 10:00:00,Bear_public_Valorie,Bear,270.0,17.8,13.3,1017.7,0.0,4.0,10,0,0,10,0.49999999999999994,-0.8660254037844387,0.0,1.0,262.25,168.0,201.88541666666666,73.34788974642436,train
2016-10-17 11:00:00,Bear_public_Valorie,Bear,279.0,18.3,13.9,1018.1,2.1,4.0,11,0,0,10,0.258819045102521,-0.9659258262890682,0.0,1.0,270.0,176.75,206.14583333333334,74.78003674061374,train
2016-10-17 12:00:00,Bear_public_Valorie,Bear,327.75,19.4,13.3,1018.1,2.6,4.0,12,0,0,10,1.2246467991473532e-16,-1.0,0.0,1.0,279.0,247.25,209.5,78.42061896122011,train
2016-10-17 13:00:00,Bear_public_Valorie,Bear,341.25,20.0,12.2,1018.0,3.1,4.0,13,0,0,10,-0.2588190451025208,-0.9659258262890683,0.0,1.0,327.75,278.0,212.13541666666666,81.81218480414482,train
2016-10-17 14:00:00,Bear_public_Valorie,Bear,345.0,19.4,12.2,1017.5,4.1,2.0,14,0,0,10,-0.4999999999999997,-0.8660254037844388,0.0,1.0,341.25,274.75,215.0625,85.33085385465932,train
2016-10-17 15:00:00,Bear_public_Valorie,Bear,342.25,20.6,11.7,1017.2,5.7,2.0,15,0,0,10,-0.7071067811865471,-0.7071067811865479,0.0,1.0,345.0,274.25,217.89583333333334,88.45337498988641,train
2016-10-17 16:00:00,Bear_public_Valorie,Bear,341.5,20.0,12.2,1017.2,6.7,2.0,16,0,0,10,-0.8660254037844385,-0.5000000000000004,0.0,1.0,342.25,278.75,220.51041666666666,91.21467389955119,train
2016-10-17 17:00:00,Bear_public_Valorie,Bear,317.0,19.4,11.7,1017.2,6.2,2.0,17,0,0,10,-0.9659258262890683,-0.25881904510252063,0.0,1.0,341.5,269.25,222.5,92.83046140797431,train
2016-10-17 18:00:00,Bear_public_Valorie,Bear,291.75,18.3,11.7,1016.9,5.7,2.0,18,0,0,10,-1.0,-1.8369701987210297e-16,0.0,1.0,317.0,223.25,225.35416666666666,93.90139707793716,train
2016-10-17 19:00:00,Bear_public_Valorie,Bear,267.25,17.2,12.2,1017.3,4.6,2.0,19,0,0,10,-0.9659258262890684,0.2588190451025203,0.0,1.0,291.75,132.0,230.98958333333334,92.09634248882452,train
2016-10-17 20:00:00,Bear_public_Valorie,Bear,269.25,17.2,12.8,1017.9,5.1,2.0,20,0,0,10,-0.8660254037844386,0.5000000000000001,0.0,1.0,267.25,135.0,236.58333333333334,90.0673258646321,train
2016-10-17 21:00:00,Bear_public_Valorie,Bear,256.75,16.1,12.8,1018.1,3.1,2.0,21,0,0,10,-0.7071067811865477,0.7071067811865474,0.0,1.0,269.25,139.5,241.46875,87.72177833367135,train
2016-10-17 22:00:00,Bear_public_Valorie,Bear,255.25,15.6,12.8,1018.5,0.0,0.0,22,0,0,10,-0.5000000000000004,0.8660254037844384,0.0,1.0,256.75,252.25,241.59375,87.73994468896007,train
2016-10-17 23:00:00,Bear_public_Valorie,Bear,251.0,15.0,11.7,1018.8,2.1,0.0,23,0,0,10,-0.25881904510252157,0.9659258262890681,0.0,1.0,255.25,245.25,241.83333333333334,87.75821114396327,train
2016-10-18 00:00:00,Bear_public_Valorie,Bear,248.75,13.3,11.1,1019.3,0.0,0.0,0,1,0,10,0.0,1.0,0.7818314824680298,0.6234898018587336,251.0,245.5,241.96875,87.76662212503774,train
2016-10-18 01:00:00,Bear_public_Valorie,Bear,237.0,13.3,11.1,1019.7,1.5,0.0,1,1,0,10,0.25881904510252074,0.9659258262890683,0.7818314824680298,0.6234898018587336,248.75,243.5,241.69791666666666,87.77172031340957,train
2016-10-18 02:00:00,Bear_public_Valorie,Bear,148.0,12.8,11.1,1019.9,1.5,2.0,2,1,0,10,0.49999999999999994,0.8660254037844387,0.7818314824680298,0.6234898018587336,237.0,101.75,243.625,85.03039737800187,train
2016-10-18 03:00:00,Bear_public_Valorie,Bear,44.0,12.2,10.6,1019.8,1.5,2.0,3,1,0,10,0.7071067811865476,0.7071067811865476,0.7818314824680298,0.6234898018587336,148.0,40.5,243.77083333333334,84.66911032220463,train
2016-10-18 04:00:00,Bear_public_Valorie,Bear,54.5,11.7,10.6,1020.0666666666666,0.0,2.0,4,1,0,10,0.8660254037844386,0.5000000000000001,0.7818314824680298,0.6234898018587336,44.0,71.0,243.08333333333334,86.18637119469749,train
2016-10-18 05:00:00,Bear_public_Valorie,Bear,94.75,11.7,10.6,1020.3333333333334,2.1,2.0,5,1,0,10,0.9659258262890683,0.25881904510252074,0.7818314824680298,0.6234898018587336,54.5,102.5,242.76041666666666,86.74868371281394,train
2016-10-18 06:00:00,Bear_public_Valorie,Bear,138.0,11.1,10.0,1020.6,2.1,2.0,6,1,0,10,1.0,6.123233995736766e-17,0.7818314824680298,0.6234898018587336,94.75,174.75,241.22916666666666,88.3116368281972,train
2016-10-18 07:00:00,Bear_public_Valorie,Bear,162.5,12.2,11.1,1021.6,0.0,2.0,7,1,0,10,0.9659258262890683,-0.25881904510252063,0.7818314824680298,0.6234898018587336,138.0,189.5,240.10416666666666,89.16709755415344,train
2016-10-18 08:00:00,Bear_public_Valorie,Bear,177.0,11.7,11.1,1021.8,0.0,2.0,8,1,0,10,0.8660254037844387,-0.4999999999999998,0.7818314824680298,0.6234898018587336,162.5,217.75,238.40625,89.99540484947978,train
2016-10-18 09:00:00,Bear_public_Valorie,Bear,246.5,14.4,13.3,1022.4,2.1,2.0,9,1,0,10,0.7071067811865476,-0.7071067811865475,0.7818314824680298,0.6234898018587336,177.0,262.25,237.75,89.87131500578812,train
2016-10-18 10:00:00,Bear_public_Valorie,Bear,259.75,16.1,13.3,1023.0,0.0,2.0,10,1,0,10,0.49999999999999994,-0.8660254037844387,0.7818314824680298,0.6234898018587336,246.5,270.0,237.32291666666666,89.73564676213611,train
2016-10-18 11:00:00,Bear_public_Valorie,Bear,271.75,17.2,12.8,1022.9,3.1,2.0,11,1,0,10,0.258819045102521,-0.9659258262890682,0.7818314824680298,0.6234898018587336,259.75,279.0,237.02083333333334,89.60134887943664,train
2016-10-18 12:00:00,Bear_public_Valorie,Bear,317.25,18.3,12.8,1022.8,3.6,2.0,12,1,0,10,1.2246467991473532e-16,-1.0,0.7818314824680298,0.6234898018587336,271.75,327.75,236.58333333333334,89.16364616311672,train
2016-10-18 13:00:00,Bear_public_Valorie,Bear,323.25,20.0,12.8,1021.9,4.6,2.0,13,1,0,10,-0.2588190451025208,-0.9659258262890683,0.7818314824680298,0.6234898018587336,317.25,341.25,235.83333333333334,88.3166445815564,train
2016-10-18 14:00:00,Bear_public_Valorie,Bear,319.25,20.0,13.3,1021.0,4.1,2.0,14,1,0,10,-0.4999999999999997,-0.8660254037844388,0.7818314824680298,0.6234898018587336,323.25,345.0,234.76041666666666,87.08053116807753,train
2016-10-18 15:00:00,Bear_public_Valorie,Bear,319.0,20.0,13.9,1020.4,4.6,2.0,15,1,0,10,-0.7071067811865471,-0.7071067811865479,0.7818314824680298,0.6234898018587336,319.25,342.25,233.79166666666666,85.95479305585809,train
2016-10-18 16:00:00,Bear_public_Valorie,Bear,331.0,20.6,13.3,1019.9,7.2,2.0,16,1,0,10,-0.8660254037844385,-0.5000000000000004,0.7818314824680298,0.6234898018587336,319.0,341.5,233.35416666666666,85.40771515484442,train
2016-10-18 17:00:00,Bear_public_Valorie,Bear,335.0,20.6,13.3,1020.0,7.2,2.0,17,1,0,10,-0.9659258262890683,-0.25881904510252063,0.7818314824680298,0.6234898018587336,331.0,317.0,234.10416666666666,86.24906794287415,train
2016-10-18 18:00:00,Bear_public_Valorie,Bear,322.0,20.0,12.8,1020.2,4.6,2.0,18,1,0,10,-1.0,-1.8369701987210297e-16,0.7818314824680298,0.6234898018587336,335.0,291.75,235.36458333333334,87.34221734220888,train
2016-10-18 19:00:00,Bear_public_Valorie,Bear,314.5,18.3,13.3,1020.6,4.1,2.0,19,1,0,10,-0.9659258262890684,0.2588190451025203,0.7818314824680298,0.6234898018587336,322.0,267.25,237.33333333333334,88.61542665123122,train
2016-10-18 20:00:00,Bear_public_Valorie,Bear,293.0,17.8,10.0,1021.1,4.6,2.0,20,1,0,10,-0.8660254037844386,0.5000000000000001,0.7818314824680298,0.6234898018587336,314.5,269.25,238.32291666666666,89.11852388711829,train
2016-10-18 21:00:00,Bear_public_Valorie,Bear,276.5,17.2,10.0,1021.5,3.1,2.0,21,1,0,10,-0.7071067811865477,0.7071067811865474,0.7818314824680298,0.6234898018587336,293.0,256.75,239.14583333333334,89.38685818769278,train
2016-10-18 22:00:00,Bear_public_Valorie,Bear,274.25,16.1,10.0,1021.8,2.6,2.0,22,1,0,10,-0.5000000000000004,0.8660254037844384,0.7818314824680298,0.6234898018587336,276.5,255.25,239.9375,89.61952336065696,train
2016-10-18 23:00:00,Bear_public_Valorie,Bear,256.75,15.6,10.0,1021.7,3.1,2.0,23,1,0,10,-0.25881904510252157,0.9659258262890681,0.7818314824680298,0.6234898018587336,274.25,251.0,240.17708333333334,89.6580605498357,train
2016-10-19 00:00:00,Bear_public_Valorie,Bear,248.5,15.0,10.0,1021.7,2.6,0.0,0,2,0,10,0.0,1.0,0.9749279121818236,-0.22252093395631434,256.75,248.75,240.16666666666666,89.65703574160283,train
2016-10-19 01:00:00,Bear_public_Valorie,Bear,241.75,15.6,10.0,1021.5,2.1,0.0,1,2,0,10,0.25881904510252074,0.9659258262890683,0.9749279121818236,-0.22252093395631434,248.5,237.0,240.36458333333334,89.65498419565542,train
2016-10-19 02:00:00,Bear_public_Valorie,Bear,142.25,15.6,10.0,1021.8,5.1,0.0,2,2,0,10,0.49999999999999994,0.8660254037844387,0.9749279121818236,-0.22252093395631434,241.75,148.0,240.125,89.91983144421789,train
2016-10-19 03:00:00,Bear_public_Valorie,Bear,44.75,15.0,8.9,1021.9,2.1,0.0,3,2,0,10,0.7071067811865476,0.7071067811865476,0.9749279121818236,-0.22252093395631434,142.25,44.0,240.15625,89.84881058526591,train
2016-10-19 04:00:00,Bear_public_Valorie,Bear,53.0,14.4,8.9,1021.7,0.0,0.0,4,2,0,10,0.8660254037844386,0.5000000000000001,0.9749279121818236,-0.22252093395631434,44.75,54.5,240.09375,89.98399049939765,train
2016-10-19 05:00:00,Bear_public_Valorie,Bear,92.5,12.8,7.8,1021.9,2.1,0.0,5,2,0,10,0.9659258262890683,0.25881904510252074,0.9749279121818236,-0.22252093395631434,53.0,94.75,240.0,90.14303247810038,train
2016-10-19 06:00:00,Bear_public_Valorie,Bear,138.75,12.2,8.3,1022.0,0.0,0.0,6,2,0,10,1.0,6.123233995736766e-17,0.9749279121818236,-0.22252093395631434,92.5,138.0,240.03125,90.10625709646816,train
2016-10-19 07:00:00,Bear_public_Valorie,Bear,169.25,10.0,7.8,1022.3,0.0,2.0,7,2,0,10,0.9659258262890683,-0.25881904510252063,0.9749279121818236,-0.22252093395631434,138.75,162.5,240.3125,89.8639445640393,train
2016-10-19 08:00:00,Bear_public_Valorie,Bear,188.25,11.7,9.4,1022.6,0.0,2.0,8,2,0,10,0.8660254037844387,-0.4999999999999998,0.9749279121818236,-0.22252093395631434,169.25,177.0,240.78125,89.54812018576595,train
2016-10-19 09:00:00,Bear_public_Valorie,Bear,250.25,15.6,11.1,1022.9,1.5,2.0,9,2,0,10,0.7071067811865476,-0.7071067811865475,0.9749279121818236,-0.22252093395631434,188.25,246.5,240.9375,89.5618031087304,train
2016-10-19 10:00:00,Bear_public_Valorie,Bear,268.75,16.7,9.4,1022.9,1.5,4.0,10,2,0,10,0.49999999999999994,-0.8660254037844387,0.9749279121818236,-0.22252093395631434,250.25,259.75,241.3125,89.66278158842691,train
2016-10-19 11:00:00,Bear_public_Valorie,Bear,326.5,18.3,7.8,1022.9,2.6,4.0,11,2,0,10,0.258819045102521,-0.9659258262890682,0.9749279121818236,-0.22252093395631434,268.75,271.75,243.59375,91.15493298261623,train
2016-10-19 12:00:00,Bear_public_Valorie,Bear,334.25,20.0,9.4,1022.5,4.6,4.0,12,2,0,10,1.2246467991473532e-16,-1.0,0.9749279121818236,-0.22252093395631434,326.5,317.25,244.30208333333334,91.81582993093204,train
2016-10-19 13:00:00,Bear_public_Valorie,Bear,319.5,20.6,10.0,1021.9,5.1,2.0,13,2,0,10,-0.2588190451025208,-0.9659258262890683,0.9749279121818236,-0.22252093395631434,334.25,323.25,244.14583333333334,91.67872532674237,train
2016-10-19 14:00:00,Bear_public_Valorie,Bear,297.75,22.2,8.9,1021.3,5.7,2.0,14,2,0,10,-0.4999999999999997,-0.8660254037844388,0.9749279121818236,-0.22252093395631434,319.5,319.25,243.25,91.01558633839468,train
2016-10-19 15:00:00,Bear_public_Valorie,Bear,301.5,22.8,6.7,1020.8,5.7,2.0,15,2,0,10,-0.7071067811865471,-0.7071067811865479,0.9749279121818236,-0.22252093395631434,297.75,319.0,242.52083333333334,90.45068067216525,train
2016-10-19 16:00:00,Bear_public_Valorie,Bear,297.75,23.3,7.2,1020.2,5.1,4.0,16,2,0,10,-0.8660254037844385,-0.5000000000000004,0.9749279121818236,-0.22252093395631434,301.5,331.0,241.13541666666666,89.28365213715954,train
2016-10-19 17:00:00,Bear_public_Valorie,Bear,320.75,21.1,12.2,1019.9,4.6,4.0,17,2,0,10,-0.9659258262890683,-0.25881904510252063,0.9749279121818236,-0.22252093395631434,297.75,335.0,240.54166666666666,88.6776240913839,train
2016-10-19 18:00:00,Bear_public_Valorie,Bear,323.4,20.0,11.1,1019.7,3.6,4.0,18,2,0,10,-1.0,-1.8369701987210297e-16,0.9749279121818236,-0.22252093395631434,320.75,322.0,240.6,88.73398079555614,train
2016-10-19 19:00:00,Bear_public_Valorie,Bear,314.5,18.3,11.7,1019.7,1.5,4.0,19,2,0,10,-0.9659258262890684,0.2588190451025203,0.9749279121818236,-0.22252093395631434,323.4,314.5,240.6,88.73398079555614,train
2016-10-19 20:00:00,Bear_public_Valorie,Bear,302.25,17.8,12.8,1020.1,2.1,4.0,20,2,0,10,-0.8660254037844386,0.5000000000000001,0.9749279121818236,-0.22252093395631434,314.5,293.0,240.98541666666665,88.99119213764781,train
2016-10-19 21:00:00,Bear_public_Valorie,Bear,283.75,16.1,12.2,1020.1,0.0,4.0,21,2,0,10,-0.7071067811865477,0.7071067811865474,0.9749279121818236,-0.22252093395631434,302.25,276.5,241.2875,89.12918719964637,train
2016-10-19 22:00:00,Bear_public_Valorie,Bear,280.25,14.4,12.8,1020.2,0.0,2.0,22,2,0,10,-0.5000000000000004,0.8660254037844384,0.9749279121818236,-0.22252093395631434,283.75,274.25,241.5375,89.23401726335402,train
2016-10-19 23:00:00,Bear_public_Valorie,Bear,276.0,13.9,11.7,1020.6,1.5,2.0,23,2,0,10,-0.25881904510252157,0.9659258262890681,0.9749279121818236,-0.22252093395631434,280.25,256.75,242.3395833333333,89.46292161167744,train
2016-10-20 00:00:00,Bear_public_Valorie,Bear,247.75,13.9,10.6,1020.7,0.0,2.0,0,3,0,10,0.0,1.0,0.43388373911755823,-0.900968867902419,276.0,248.5,242.3083333333333,89.46080714197025,train
2016-10-20 01:00:00,Bear_public_Valorie,Bear,246.0,12.8,10.0,1020.7,2.1,0.0,1,3,0,10,0.25881904510252074,0.9659258262890683,0.43388373911755823,-0.900968867902419,247.75,241.75,242.48541666666665,89.46386017873223,train
2016-10-20 02:00:00,Bear_public_Valorie,Bear,141.0,12.8,8.9,1020.5,2.6,0.0,2,3,0,10,0.49999999999999994,0.8660254037844387,0.43388373911755823,-0.900968867902419,246.0,142.25,242.4333333333333,89.52509444972357,train
2016-10-20 03:00:00,Bear_public_Valorie,Bear,43.0,12.8,8.9,1020.6,0.0,0.0,3,3,0,10,0.7071067811865476,0.7071067811865476,0.43388373911755823,-0.900968867902419,141.0,44.75,242.36041666666665,89.69365856500337,train
2016-10-20 04:00:00,Bear_public_Valorie,Bear,58.25,12.2,8.3,1020.4,2.6,0.0,4,3,0,10,0.8660254037844386,0.5000000000000001,0.43388373911755823,-0.900968867902419,43.0,53.0,242.57916666666665,89.21689121201362,train
2016-10-20 05:00:00,Bear_public_Valorie,Bear,102.5,12.2,8.3,1020.1,1.5,0.0,5,3,0,10,0.9659258262890683,0.25881904510252074,0.43388373911755823,-0.900968867902419,58.25,92.5,242.9958333333333,88.50602646721032,train
2016-10-20 06:00:00,Bear_public_Valorie,Bear,144.75,11.7,8.3,1020.3,1.5,0.0,6,3,0,10,1.0,6.123233995736766e-17,0.43388373911755823,-0.900968867902419,102.5,138.75,243.2458333333333,88.20673211597713,train
2016-10-20 07:00:00,Bear_public_Valorie,Bear,174.0,11.7,8.3,1020.5,1.5,2.0,7,3,0,10,0.9659258262890683,-0.25881904510252063,0.43388373911755823,-0.900968867902419,144.75,169.25,243.44375,88.03865172962162,train
2016-10-20 08:00:00,Bear_public_Valorie,Bear,188.5,12.2,9.4,1020.5,0.0,2.0,8,3,0,10,0.8660254037844387,-0.4999999999999998,0.43388373911755823,-0.900968867902419,174.0,188.25,243.45416666666665,88.03185184014839,train
2016-10-20 09:00:00,Bear_public_Valorie,Bear,252.75,16.1,11.7,1020.8,0.0,2.0,9,3,0,10,0.7071067811865476,-0.7071067811865475,0.43388373911755823,-0.900968867902419,188.5,250.25,243.5583333333333,88.0417214174335,train
2016-10-20 10:00:00,Bear_public_Valorie,Bear,298.75,17.8,12.8,1021.2,3.1,2.0,10,3,0,10,0.49999999999999994,-0.8660254037844387,0.43388373911755823,-0.900968867902419,252.75,268.75,244.8083333333333,88.6259674217964,train
2016-10-20 11:00:00,Bear_public_Valorie,Bear,329.5,21.1,12.8,1020.9,1.5,2.0,11,3,0,10,0.258819045102521,-0.9659258262890682,0.43388373911755823,-0.900968867902419,298.75,326.5,244.9333333333333,88.74822798802539,train
2016-10-20 12:00:00,Bear_public_Valorie,Bear,295.0,21.7,11.7,1020.4,4.1,2.0,12,3,0,10,1.2246467991473532e-16,-1.0,0.43388373911755823,-0.900968867902419,329.5,334.25,243.29791666666665,87.3818997762954,train
2016-10-20 13:00:00,Bear_public_Valorie,Bear,289.25,22.2,12.2,1019.5,3.6,2.0,13,3,0,10,-0.2588190451025208,-0.9659258262890683,0.43388373911755823,-0.900968867902419,295.0,319.5,242.0375,86.44813128213907,train
2016-10-20 14:00:00,Bear_public_Valorie,Bear,284.0,23.3,9.4,1018.6,2.6,2.0,14,3,0,10,-0.4999999999999997,-0.8660254037844388,0.43388373911755823,-0.900968867902419,289.25,297.75,241.4645833333333,86.10774781981868,train
2016-10-20 15:00:00,Bear_public_Valorie,Bear,285.0,22.8,12.2,1018.0,3.6,2.0,15,3,0,10,-0.7071067811865471,-0.7071067811865479,0.43388373911755823,-0.900968867902419,284.0,301.5,240.7770833333333,85.67234216981791,train
2016-10-20 16:00:00,Bear_public_Valorie,Bear,289.25,23.9,10.6,1017.3,3.1,2.0,16,3,0,10,-0.8660254037844385,-0.5000000000000004,0.43388373911755823,-0.900968867902419,285.0,297.75,240.42291666666665,85.44384245141576,train
2016-10-20 17:00:00,Bear_public_Valorie,Bear,285.25,23.9,13.3,1017.0,2.6,0.0,17,3,0,10,-0.9659258262890683,-0.25881904510252063,0.43388373911755823,-0.900968867902419,289.25,320.75,238.94375,84.29231528295394,train
2016-10-20 18:00:00,Bear_public_Valorie,Bear,279.0,22.2,12.2,1016.6,2.1,0.0,18,3,0,10,-1.0,-1.8369701987210297e-16,0.43388373911755823,-0.900968867902419,285.25,323.4,237.09375,82.83272210028785,train
2016-10-20 19:00:00,Bear_public_Valorie,Bear,158.5,21.1,13.3,1016.4,4.6,0.0,19,3,0,10,-0.9659258262890684,0.2588190451025203,0.43388373911755823,-0.900968867902419,279.0,314.5,230.59375,82.61493352807263,train
2016-10-20 20:00:00,Bear_public_Valorie,Bear,165.0,18.9,12.2,1016.5,0.0,0.0,20,3,0,10,-0.8660254037844386,0.5000000000000001,0.43388373911755823,-0.900968867902419,158.5,302.25,224.875,82.18834414345812,train
2016-10-20 21:00:00,Bear_public_Valorie,Bear,257.75,18.3,11.7,1016.2,0.0,0.0,21,3,0,10,-0.7071067811865477,0.7071067811865474,0.43388373911755823,-0.900968867902419,165.0,283.75,223.79166666666666,81.54742107545768,train
2016-10-20 22:00:00,Bear_public_Valorie,Bear,283.25,18.3,14.4,1016.3,2.1,0.0,22,3,0,10,-0.5000000000000004,0.8660254037844384,0.43388373911755823,-0.900968867902419,257.75,280.25,223.91666666666666,81.6399727151324,train
2016-10-20 23:00:00,Bear_public_Valorie,Bear,275.25,17.8,13.9,1016.4,0.0,0.0,23,3,0,10,-0.25881904510252157,0.9659258262890681,0.43388373911755823,-0.900968867902419,283.25,276.0,223.88541666666666,81.61931048040732,train
2016-10-21 00:00:00,Bear_public_Valorie,Bear,271.75,15.6,12.8,1016.1,1.5,0.0,0,4,0,10,0.0,1.0,-0.433883739117558,-0.9009688679024191,275.25,247.75,224.88541666666666,82.07019063657167,train
2016-10-21 01:00:00,Bear_public_Valorie,Bear,271.75,15.6,12.2,1015.9,0.0,0.0,1,4,0,10,0.25881904510252074,0.9659258262890683,-0.433883739117558,-0.9009688679024191,271.75,246.0,225.95833333333334,82.52528158963956,train
2016-10-21 02:00:00,Bear_public_Valorie,Bear,162.75,13.9,11.7,1015.7,0.0,0.0,2,4,0,10,0.49999999999999994,0.8660254037844387,-0.433883739117558,-0.9009688679024191,271.75,141.0,226.86458333333334,81.66670664188628,train
2016-10-21 03:00:00,Bear_public_Valorie,Bear,57.75,14.4,11.7,1015.3,0.0,0.0,3,4,0,10,0.7071067811865476,0.7071067811865476,-0.433883739117558,-0.9009688679024191,162.75,43.0,227.47916666666666,80.26636758003183,train
2016-10-21 04:00:00,Bear_public_Valorie,Bear,71.25,12.8,10.6,1014.9,1.5,0.0,4,4,0,10,0.8660254037844386,0.5000000000000001,-0.433883739117558,-0.9009688679024191,57.75,58.25,228.02083333333334,79.11023255513516,train
2016-10-21 05:00:00,Bear_public_Valorie,Bear,97.0,13.9,11.7,1014.9,0.0,0.0,5,4,0,10,0.9659258262890683,0.25881904510252074,-0.433883739117558,-0.9009688679024191,71.25,102.5,227.79166666666666,79.49667297750757,train
2016-10-21 06:00:00,Bear_public_Valorie,Bear,158.0,13.3,10.6,1014.9,0.0,0.0,6,4,0,10,1.0,6.123233995736766e-17,-0.433883739117558,-0.9009688679024191,97.0,144.75,228.34375,78.9389490469088,train
2016-10-21 07:00:00,Bear_public_Valorie,Bear,170.0,13.3,11.1,1015.0,0.0,0.0,7,4,0,10,0.9659258262890683,-0.25881904510252063,-0.433883739117558,-0.9009688679024191,158.0,174.0,228.17708333333334,79.062801096408,train
2016-10-21 08:00:00,Bear_public_Valorie,Bear,198.0,12.8,11.1,1015.3,1.5,0.0,8,4,0,10,0.8660254037844387,-0.4999999999999998,-0.433883739117558,-0.9009688679024191,170.0,188.5,228.57291666666666,78.87908602958295,train
2016-10-21 09:00:00,Bear_public_Valorie,Bear,259.25,16.7,13.3,1015.7,0.0,2.0,9,4,0,10,0.7071067811865476,-0.7071067811865475,-0.433883739117558,-0.9009688679024191,198.0,252.75,228.84375,78.97680632628816,train
2016-10-21 10:00:00,Bear_public_Valorie,Bear,277.25,17.8,13.9,1015.8,2.6,2.0,10,4,0,10,0.49999999999999994,-0.8660254037844387,-0.433883739117558,-0.9009688679024191,259.25,298.75,227.94791666666666,78.26814205465998,train
2016-10-21 11:00:00,Bear_public_Valorie,Bear,341.5,18.9,14.4,1015.4,3.1,2.0,11,4,0,10,0.258819045102521,-0.9659258262890682,-0.433883739117558,-0.9009688679024191,277.25,329.5,228.44791666666666,78.9801839197199,train
2016-10-21 12:00:00,Bear_public_Valorie,Bear,332.5,19.4,14.4,1014.9,3.6,2.0,12,4,0,10,1.2246467991473532e-16,-1.0,-0.433883739117558,-0.9009688679024191,341.5,295.0,230.01041666666666,80.70613895507739,train
2016-10-21 13:00:00,Bear_public_Valorie,Bear,330.5,20.6,13.9,1014.3,3.6,2.0,13,4,0,10,-0.2588190451025208,-0.9659258262890683,-0.433883739117558,-0.9009688679024191,332.5,289.25,231.72916666666666,82.44312653168166,train
2016-10-21 14:00:00,Bear_public_Valorie,Bear,324.5,21.7,14.4,1013.3,3.6,2.0,14,4,0,10,-0.4999999999999997,-0.8660254037844388,-0.433883739117558,-0.9009688679024191,330.5,284.0,233.41666666666666,83.96009231444013,train
2016-10-21 15:00:00,Bear_public_Valorie,Bear,312.0,23.9,13.9,1012.6,4.6,2.0,15,4,0,10,-0.7071067811865471,-0.7071067811865479,-0.433883739117558,-0.9009688679024191,324.5,285.0,234.54166666666666,84.8574145087009,train
2016-10-21 16:00:00,Bear_public_Valorie,Bear,323.5,22.2,13.9,1012.6,6.2,4.0,16,4,0,10,-0.8660254037844385,-0.5000000000000004,-0.433883739117558,-0.9009688679024191,312.0,289.25,235.96875,86.09642321068829,train
2016-10-21 17:00:00,Bear_public_Valorie,Bear,319.25,20.0,14.4,1012.4,4.1,4.0,17,4,0,10,-0.9659258262890683,-0.25881904510252063,-0.433883739117558,-0.9009688679024191,323.5,285.25,237.38541666666666,87.21503220945995,train
2016-10-21 18:00:00,Bear_public_Valorie,Bear,312.6,18.9,14.4,1012.4,7.2,2.0,18,4,0,10,-1.0,-1.8369701987210297e-16,-0.433883739117558,-0.9009688679024191,319.25,279.0,238.7854166666667,88.17646397888088,train
2016-10-21 19:00:00,Bear_public_Valorie,Bear,243.0,18.3,14.4,1012.3,3.1,2.0,19,4,0,10,-0.9659258262890684,0.2588190451025203,-0.433883739117558,-0.9009688679024191,312.6,158.5,242.30625,86.50246203143607,train
2016-10-21 20:00:00,Bear_public_Valorie,Bear,155.5,17.2,14.4,1012.4,2.1,2.0,20,4,0,10,-0.8660254037844386,0.5000000000000001,-0.433883739117558,-0.9009688679024191,243.0,165.0,241.9104166666667,86.89245098942321,train
2016-10-21 21:00:00,Bear_public_Valorie,Bear,232.25,16.7,13.9,1012.3,0.0,2.0,21,4,0,10,-0.7071067811865477,0.7071067811865474,-0.433883739117558,-0.9009688679024191,155.5,257.75,240.8479166666667,86.84623903544406,train
2016-10-21 22:00:00,Bear_public_Valorie,Bear,155.25,15.6,13.3,1012.1,0.0,0.0,22,4,0,10,-0.5000000000000004,0.8660254037844384,-0.433883739117558,-0.9009688679024191,232.25,283.25,235.51458333333335,88.05102088039493,train
2016-10-21 23:00:00,Bear_public_Valorie,Bear,62.25,15.6,13.9,1012.4,0.0,0.0,23,4,0,10,-0.25881904510252157,0.9659258262890681,-0.433883739117558,-0.9009688679024191,155.25,275.25,226.63958333333335,94.37896087762678,train
2016-10-22 00:00:00,Bear_public_Valorie,Bear,60.5,13.9,12.8,1012.2,0.0,2.0,0,5,1,10,0.0,1.0,-0.9749279121818236,-0.2225209339563146,62.25,271.75,217.8375,99.69036874024108,train
2016-10-22 01:00:00,Bear_public_Valorie,Bear,58.5,13.3,12.2,1012.2,1.5,4.0,1,5,1,10,0.25881904510252074,0.9659258262890683,-0.9749279121818236,-0.2225209339563146,60.5,271.75,208.95208333333335,104.08294505822155,train
2016-10-22 02:00:00,Bear_public_Valorie,Bear,49.0,14.4,13.3,1012.5,1.5,2.0,2,5,1,10,0.49999999999999994,0.8660254037844387,-0.9749279121818236,-0.2225209339563146,58.5,162.75,204.2125,108.76298048468998,train
2016-10-22 03:00:00,Bear_public_Valorie,Bear,41.75,15.6,13.3,1012.3,2.1,2.0,3,5,1,10,0.7071067811865476,0.7071067811865476,-0.9749279121818236,-0.2225209339563146,49.0,57.75,203.54583333333335,109.74436889254589,train
2016-10-22 04:00:00,Bear_public_Valorie,Bear,48.5,12.8,12.2,1011.9,0.0,2.0,4,5,1,10,0.8660254037844386,0.5000000000000001,-0.9749279121818236,-0.2225209339563146,41.75,71.25,202.5979166666667,111.02750685339068,train
2016-10-22 05:00:00,Bear_public_Valorie,Bear,68.25,12.2,11.1,1011.9,0.0,2.0,5,5,1,10,0.9659258262890683,0.25881904510252074,-0.9749279121818236,-0.2225209339563146,48.5,97.0,201.4,112.36343788756665,train
2016-10-22 06:00:00,Bear_public_Valorie,Bear,109.25,12.8,11.7,1012.0,1.5,2.0,6,5,1,10,1.0,6.123233995736766e-17,-0.9749279121818236,-0.2225209339563146,68.25,158.0,199.36875,113.61577299073669,train
2016-10-22 07:00:00,Bear_public_Valorie,Bear,131.5,12.8,12.2,1012.2,1.5,4.0,7,5,1,10,0.9659258262890683,-0.25881904510252063,-0.9749279121818236,-0.2225209339563146,109.25,170.0,197.76458333333335,114.31809024096134,train
2016-10-22 08:00:00,Bear_public_Valorie,Bear,152.4,12.8,12.2,1012.3,0.0,4.0,8,5,1,10,0.8660254037844387,-0.4999999999999998,-0.9749279121818236,-0.2225209339563146,131.5,198.0,195.86458333333334,114.6923374863365,train
2016-10-22 09:00:00,Bear_public_Valorie,Bear,239.25,15.6,15.0,1012.9,0.0,4.0,9,5,1,10,0.7071067811865476,-0.7071067811865475,-0.9749279121818236,-0.2225209339563146,152.4,259.25,195.03125,114.28369716411873,train
2016-10-22 10:00:00,Bear_public_Valorie,Bear,258.75,16.7,14.4,1013.1,1.5,4.0,10,5,1,10,0.49999999999999994,-0.8660254037844387,-0.9749279121818236,-0.2225209339563146,239.25,277.25,194.26041666666666,113.7662467892586,train
2016-10-22 11:00:00,Bear_public_Valorie,Bear,274.75,17.2,13.3,1013.1,2.1,4.0,11,5,1,10,0.258819045102521,-0.9659258262890682,-0.9749279121818236,-0.2225209339563146,258.75,341.5,191.47916666666666,110.78708223696347,train
2016-10-22 12:00:00,Bear_public_Valorie,Bear,316.5,18.3,13.3,1013.2,3.1,4.0,12,5,1,10,1.2246467991473532e-16,-1.0,-0.9749279121818236,-0.2225209339563146,274.75,332.5,190.8125,109.9465386389933,train
2016-10-22 13:00:00,Bear_public_Valorie,Bear,332.25,19.4,13.3,1012.6,4.1,4.0,13,5,1,10,-0.2588190451025208,-0.9659258262890683,-0.9749279121818236,-0.2225209339563146,316.5,330.5,190.88541666666666,110.04374473971966,train
2016-10-22 14:00:00,Bear_public_Valorie,Bear,332.0,20.0,13.3,1012.0,3.6,2.0,14,5,1,10,-0.4999999999999997,-0.8660254037844388,-0.9749279121818236,-0.2225209339563146,332.25,324.5,191.19791666666666,110.44957877689146,train
2016-10-22 15:00:00,Bear_public_Valorie,Bear,334.25,20.0,13.3,1011.5,4.1,2.0,15,5,1,10,-0.7071067811865471,-0.7071067811865479,-0.9749279121818236,-0.2225209339563146,332.0,312.0,192.125,111.59508423800285,train
2016-10-22 16:00:00,Bear_public_Valorie,Bear,336.5,19.4,11.7,1011.4,5.7,2.0,16,5,1,10,-0.8660254037844385,-0.5000000000000004,-0.9749279121818236,-0.2225209339563146,334.25,323.5,192.66666666666666,112.28987203803752,train
2016-10-22 17:00:00,Bear_public_Valorie,Bear,301.75,18.3,11.1,1011.4,6.7,2.0,17,5,1,10,-0.9659258262890683,-0.25881904510252063,-0.9749279121818236,-0.2225209339563146,336.5,319.25,191.9375,111.48609315691039,train
2016-10-22 18:00:00,Bear_public_Valorie,Bear,278.0,17.2,11.1,1011.3,3.6,2.0,18,5,1,10,-1.0,-1.8369701987210297e-16,-0.9749279121818236,-0.2225209339563146,301.75,312.6,190.4958333333333,110.07267551453235,train
2016-10-22 19:00:00,Bear_public_Valorie,Bear,275.0,16.7,11.1,1011.4,4.6,2.0,19,5,1,10,-0.9659258262890684,0.2588190451025203,-0.9749279121818236,-0.2225209339563146,278.0,243.0,191.82916666666665,110.92681872441324,train
2016-10-22 20:00:00,Bear_public_Valorie,Bear,270.25,16.7,11.1,1011.6,3.1,2.0,20,5,1,10,-0.8660254037844386,0.5000000000000001,-0.9749279121818236,-0.2225209339563146,275.0,155.5,196.61041666666665,111.76272029458181,train
2016-10-22 21:00:00,Bear_public_Valorie,Bear,240.25,16.1,10.6,1011.7,3.1,2.0,21,5,1,10,-0.7071067811865477,0.7071067811865474,-0.9749279121818236,-0.2225209339563146,270.25,232.25,196.94375,111.88549981089945,train
2016-10-22 22:00:00,Bear_public_Valorie,Bear,129.5,15.0,10.6,1012.1,2.6,2.0,22,5,1,10,-0.5000000000000004,0.8660254037844384,-0.9749279121818236,-0.2225209339563146,240.25,155.25,195.8708333333333,112.42486565109458,train
2016-10-22 23:00:00,Bear_public_Valorie,Bear,41.5,15.0,10.6,1012.4,3.6,2.0,23,5,1,10,-0.25881904510252157,0.9659258262890681,-0.9749279121818236,-0.2225209339563146,129.5,62.25,195.00625,113.57107457877757,train
2016-10-23 00:00:00,Bear_public_Valorie,Bear,42.0,15.0,10.6,1012.3,2.6,2.0,0,6,1,10,0.0,1.0,-0.7818314824680299,0.6234898018587334,41.5,60.5,194.23541666666665,114.58197509735177,train
2016-10-23 01:00:00,Bear_public_Valorie,Bear,41.75,15.0,10.6,1012.4,4.1,2.0,1,6,1,10,0.25881904510252074,0.9659258262890683,-0.7818314824680299,0.6234898018587334,42.0,58.5,193.5375,115.49208070911934,train
2016-10-23 02:00:00,Bear_public_Valorie,Bear,42.25,12.2,8.9,1012.5,2.1,2.0,2,6,1,10,0.49999999999999994,0.8660254037844387,-0.7818314824680299,0.6234898018587334,41.75,49.0,193.25625,115.86697705680685,train
2016-10-23 03:00:00,Bear_public_Valorie,Bear,42.25,12.2,10.0,1012.8,2.1,4.0,3,6,1,10,0.7071067811865476,0.7071067811865476,-0.7818314824680299,0.6234898018587334,42.25,41.75,193.2770833333333,115.83859270851144,train
2016-10-23 04:00:00,Bear_public_Valorie,Bear,49.5,11.7,9.4,1012.5,2.1,4.0,4,6,1,10,0.8660254037844386,0.5000000000000001,-0.7818314824680299,0.6234898018587334,42.25,48.5,193.31875,115.78442000442402,train
2016-10-23 05:00:00,Bear_public_Valorie,Bear,68.25,15.0,11.7,1012.4,3.1,4.0,5,6,1,10,0.9659258262890683,0.25881904510252074,-0.7818314824680299,0.6234898018587334,49.5,68.25,193.31875,115.78442000442402,train
2016-10-23 06:00:00,Bear_public_Valorie,Bear,68.25,11.7,8.9,1012.7,1.5,4.0,6,6,1,10,1.0,6.123233995736766e-17,-0.7818314824680299,0.6234898018587334,68.25,109.25,191.61041666666665,117.37034102358547,train
2016-10-23 07:00:00,Bear_public_Valorie,Bear,69.0,11.1,9.4,1013.0,1.5,4.0,7,6,1,10,0.9659258262890683,-0.25881904510252063,-0.7818314824680299,0.6234898018587334,68.25,131.5,189.00625,119.43719862656216,train
2016-10-23 08:00:00,Bear_public_Valorie,Bear,67.5,10.6,8.9,1013.4,1.5,4.0,8,6,1,10,0.8660254037844387,-0.4999999999999998,-0.7818314824680299,0.6234898018587334,69.0,152.4,185.46875,121.80241288794765,train
2016-10-23 09:00:00,Bear_public_Valorie,Bear,69.0,13.3,11.7,1013.9,0.0,4.0,9,6,1,10,0.7071067811865476,-0.7071067811865475,-0.7818314824680299,0.6234898018587334,67.5,239.25,178.375,123.48012954036099,train
2016-10-23 10:00:00,Bear_public_Valorie,Bear,154.25,15.6,11.7,1014.3,2.1,4.0,10,6,1,10,0.49999999999999994,-0.8660254037844387,-0.7818314824680299,0.6234898018587334,69.0,258.75,174.02083333333334,122.36007795656315,train
2016-10-23 11:00:00,Bear_public_Valorie,Bear,173.75,16.7,11.7,1014.5,3.1,2.0,11,6,1,10,0.258819045102521,-0.9659258262890682,-0.7818314824680299,0.6234898018587334,154.25,274.75,169.8125,120.46727974487682,train
2016-10-23 12:00:00,Bear_public_Valorie,Bear,237.25,17.8,12.2,1014.1,3.1,2.0,12,6,1,10,1.2246467991473532e-16,-1.0,-0.7818314824680299,0.6234898018587334,173.75,316.5,166.51041666666666,117.31661172560062,train
2016-10-23 13:00:00,Bear_public_Valorie,Bear,273.0,18.3,12.2,1013.6,3.1,2.0,13,6,1,10,-0.2588190451025208,-0.9659258262890683,-0.7818314824680299,0.6234898018587334,237.25,332.25,164.04166666666666,114.26084922958798,train
2016-10-23 14:00:00,Bear_public_Valorie,Bear,276.0,18.9,12.2,1013.2,4.6,2.0,14,6,1,10,-0.4999999999999997,-0.8660254037844388,-0.7818314824680299,0.6234898018587334,273.0,332.0,161.70833333333334,111.2129681078708,train
2016-10-23 15:00:00,Bear_public_Valorie,Bear,276.25,18.3,12.2,1012.4,5.7,2.0,15,6,1,10,-0.7071067811865471,-0.7071067811865479,-0.7818314824680299,0.6234898018587334,276.0,334.25,159.29166666666666,107.88086390598387,train
2016-10-23 16:00:00,Bear_public_Valorie,Bear,267.75,18.9,11.7,1012.1,6.2,2.0,16,6,1,10,-0.8660254037844385,-0.5000000000000004,-0.7818314824680299,0.6234898018587334,276.25,336.5,156.42708333333334,103.80666287064882,train
2016-10-23 17:00:00,Bear_public_Valorie,Bear,266.25,18.9,11.7,1011.8,5.7,2.0,17,6,1,10,-0.9659258262890683,-0.25881904510252063,-0.7818314824680299,0.6234898018587334,267.75,301.75,154.94791666666666,101.88095085758125,train
2016-10-23 18:00:00,Bear_public_Valorie,Bear,262.0,17.8,11.1,1011.8,4.1,2.0,18,6,1,10,-1.0,-1.8369701987210297e-16,-0.7818314824680299,0.6234898018587334,266.25,278.0,154.28125,101.09001887308573,train
2016-10-23 19:00:00,Bear_public_Valorie,Bear,258.5,17.8,12.2,1012.2,4.6,2.0,19,6,1,10,-0.9659258262890684,0.2588190451025203,-0.7818314824680299,0.6234898018587334,262.0,275.0,153.59375,100.286242838773,train
2016-10-23 20:00:00,Bear_public_Valorie,Bear,259.0,17.8,12.8,1012.0,7.2,2.0,20,6,1,10,-0.8660254037844386,0.5000000000000001,-0.7818314824680299,0.6234898018587334,258.5,270.25,153.125,99.74208587979365,train
2016-10-23 21:00:00,Bear_public_Valorie,Bear,249.75,17.8,12.8,1012.5,3.6,2.0,21,6,1,10,-0.7071067811865477,0.7071067811865474,-0.7818314824680299,0.6234898018587334,259.0,240.25,153.52083333333334,100.1210114731456,train
2016-10-23 22:00:00,Bear_public_Valorie,Bear,250.0,18.3,12.8,1012.1,9.8,2.0,22,6,1,10,-0.5000000000000004,0.8660254037844384,-0.7818314824680299,0.6234898018587334,249.75,129.5,158.54166666666666,101.87016637417165,train
2016-10-23 23:00:00,Bear_public_Valorie,Bear,249.25,18.3,12.2,1012.1,12.4,2.0,23,6,1,10,-0.25881904510252157,0.9659258262890681,-0.7818314824680299,0.6234898018587334,250.0,41.5,167.19791666666666,100.3069468303542,train
2016-10-24 00:00:00,Bear_public_Valorie,Bear,244.5,17.8,12.2,1012.5,9.3,2.0,0,0,0,10,0.0,1.0,0.0,1.0,249.25,42.0,175.63541666666666,97.80340138030961,train
2016-10-24 01:00:00,Bear_public_Valorie,Bear,241.5,17.8,12.8,1012.8,8.8,2.0,1,0,0,10,0.25881904510252074,0.9659258262890683,0.0,1.0,244.5,41.75,183.95833333333334,94.35293556257456,train
2016-10-24 02:00:00,Bear_public_Valorie,Bear,123.75,17.8,12.2,1012.7,10.8,2.0,2,0,0,10,0.49999999999999994,0.8660254037844387,0.0,1.0,241.5,42.25,187.35416666666666,90.41546365993246,train
2016-10-24 03:00:00,Bear_public_Valorie,Bear,41.0,18.3,12.2,1013.1,8.2,2.0,3,0,0,10,0.7071067811865476,0.7071067811865476,0.0,1.0,123.75,42.25,187.30208333333334,90.5030019669857,train
2016-10-24 04:00:00,Bear_public_Valorie,Bear,50.75,17.8,11.7,1013.2,7.2,2.0,4,0,0,10,0.8660254037844386,0.5000000000000001,0.0,1.0,41.0,49.5,187.35416666666666,90.42057278011485,train
2016-10-24 05:00:00,Bear_public_Valorie,Bear,88.5,17.8,11.7,1013.3,4.1,2.0,5,0,0,10,0.9659258262890683,0.25881904510252074,0.0,1.0,50.75,68.25,188.19791666666666,89.34897322974749,train
2016-10-24 06:00:00,Bear_public_Valorie,Bear,154.25,17.2,12.2,1013.6,3.6,2.0,6,0,0,10,1.0,6.123233995736766e-17,0.0,1.0,88.5,68.25,191.78125,85.99071968696738,train
2016-10-24 07:00:00,Bear_public_Valorie,Bear,170.25,17.2,12.8,1013.1,8.8,2.0,7,0,0,10,0.9659258262890683,-0.25881904510252063,0.0,1.0,154.25,69.0,196.0,82.10081289646811,train
2016-10-24 08:00:00,Bear_public_Valorie,Bear,202.25,17.8,12.8,1013.4,9.8,2.0,8,0,0,10,0.8660254037844387,-0.4999999999999998,0.0,1.0,170.25,67.5,201.61458333333334,77.40428799374645,train
2016-10-24 09:00:00,Bear_public_Valorie,Bear,266.5,18.3,12.8,1014.3,9.3,2.0,9,0,0,10,0.7071067811865476,-0.7071067811865475,0.0,1.0,202.25,69.0,209.84375,73.06964413504245,train
2016-10-24 10:00:00,Bear_public_Valorie,Bear,266.75,17.8,12.2,1015.1,8.8,2.0,10,0,0,10,0.49999999999999994,-0.8660254037844387,0.0,1.0,266.5,154.25,214.53125,72.95659491675742,train
2016-10-24 11:00:00,Bear_public_Valorie,Bear,273.5,18.9,12.2,1015.4,7.7,2.0,11,0,0,10,0.258819045102521,-0.9659258262890682,0.0,1.0,266.75,173.75,218.6875,73.37245847757517,train
2016-10-24 12:00:00,Bear_public_Valorie,Bear,315.75,19.4,12.2,1015.5,7.7,2.0,12,0,0,10,1.2246467991473532e-16,-1.0,0.0,1.0,273.5,237.25,221.95833333333334,75.94068289685441,train
2016-10-24 13:00:00,Bear_public_Valorie,Bear,325.75,19.4,11.7,1015.1,7.7,2.0,13,0,0,10,-0.2588190451025208,-0.9659258262890683,0.0,1.0,315.75,273.0,224.15625,78.21159331457432,train
2016-10-24 14:00:00,Bear_public_Valorie,Bear,328.25,20.6,11.7,1014.6,9.3,2.0,14,0,0,10,-0.4999999999999997,-0.8660254037844388,0.0,1.0,325.75,276.0,226.33333333333334,80.41366105369156,train
2016-10-24 15:00:00,Bear_public_Valorie,Bear,325.75,19.4,11.1,1014.4,10.3,2.0,15,0,0,10,-0.7071067811865471,-0.7071067811865479,0.0,1.0,328.25,276.25,228.39583333333334,82.36084828187582,train
2016-10-24 16:00:00,Bear_public_Valorie,Bear,314.5,17.8,12.2,1014.7,11.3,2.0,16,0,0,10,-0.8660254037844385,-0.5000000000000004,0.0,1.0,325.75,267.75,230.34375,83.87107771234645,train
2016-10-24 17:00:00,Bear_public_Valorie,Bear,306.0,18.9,12.2,1014.4,8.8,2.0,17,0,0,10,-0.9659258262890683,-0.25881904510252063,0.0,1.0,314.5,266.25,232.0,84.99590782988385,train
2016-10-24 18:00:00,Bear_public_Valorie,Bear,304.75,18.9,12.8,1014.6,9.8,2.0,18,0,0,10,-1.0,-1.8369701987210297e-16,0.0,1.0,306.0,262.0,233.78125,86.09282504632165,train
2016-10-24 19:00:00,Bear_public_Valorie,Bear,282.25,18.3,12.8,1014.7,8.8,2.0,19,0,0,10,-0.9659258262890684,0.2588190451025203,0.0,1.0,304.75,258.5,234.77083333333334,86.52471739921789,train
2016-10-24 20:00:00,Bear_public_Valorie,Bear,269.0,17.2,12.8,1014.9,7.7,2.0,20,0,0,10,-0.8660254037844386,0.5000000000000001,0.0,1.0,282.25,259.0,235.1875,86.67042303035618,train
2016-10-24 21:00:00,Bear_public_Valorie,Bear,258.0,17.2,12.2,1015.0,7.7,2.0,21,0,0,10,-0.7071067811865477,0.7071067811865474,0.0,1.0,269.0,249.75,235.53125,86.74701825786556,train
2016-10-24 22:00:00,Bear_public_Valorie,Bear,259.25,17.8,12.2,1015.2,5.7,2.0,22,0,0,10,-0.5000000000000004,0.8660254037844384,0.0,1.0,258.0,250.0,235.91666666666666,86.83460248314506,train
2016-10-24 23:00:00,Bear_public_Valorie,Bear,257.5,17.8,12.2,1015.4,6.7,2.0,23,0,0,10,-0.25881904510252157,0.9659258262890681,0.0,1.0,259.25,249.25,236.26041666666666,86.90597990528111,train
2016-10-25 00:00:00,Bear_public_Valorie,Bear,253.25,18.3,11.7,1015.3,8.2,2.0,0,1,0,10,0.0,1.0,0.7818314824680298,0.6234898018587336,257.5,244.5,236.625,86.96038578371304,train
2016-10-25 01:00:00,Bear_public_Valorie,Bear,249.75,18.3,11.7,1015.6,7.7,2.0,1,1,0,10,0.25881904510252074,0.9659258262890683,0.7818314824680298,0.6234898018587336,253.25,241.5,236.96875,86.99679256019094,train
2016-10-25 02:00:00,Bear_public_Valorie,Bear,126.25,17.8,12.8,1016.0,7.2,2.0,2,1,0,10,0.49999999999999994,0.8660254037844387,0.7818314824680298,0.6234898018587336,249.75,123.75,237.07291666666666,86.85671856965604,train
2016-10-25 03:00:00,Bear_public_Valorie,Bear,43.0,18.3,12.8,1015.7,7.2,2.0,3,1,0,10,0.7071067811865476,0.7071067811865476,0.7818314824680298,0.6234898018587336,126.25,41.0,237.15625,86.66115963725582,train
2016-10-25 04:00:00,Bear_public_Valorie,Bear,53.0,18.3,13.3,1015.6,8.2,2.0,4,1,0,10,0.8660254037844386,0.5000000000000001,0.7818314824680298,0.6234898018587336,43.0,50.75,237.25,86.45170177116503,train
2016-10-25 05:00:00,Bear_public_Valorie,Bear,93.5,18.3,12.8,1015.9,8.2,2.0,5,1,0,10,0.9659258262890683,0.25881904510252074,0.7818314824680298,0.6234898018587336,53.0,88.5,237.45833333333334,86.08289314813744,train
2016-10-25 06:00:00,Bear_public_Valorie,Bear,162.75,17.2,14.4,1016.2,6.2,2.0,6,1,0,10,1.0,6.123233995736766e-17,0.7818314824680298,0.6234898018587336,93.5,154.25,237.8125,85.74248129035054,train
2016-10-25 07:00:00,Bear_public_Valorie,Bear,175.25,17.8,14.4,1016.5,6.7,2.0,7,1,0,10,0.9659258262890683,-0.25881904510252063,0.7818314824680298,0.6234898018587336,162.75,170.25,238.02083333333334,85.57709836453196,train
2016-10-25 08:00:00,Bear_public_Valorie,Bear,202.75,17.8,13.3,1016.6,7.7,2.0,8,1,0,10,0.8660254037844387,-0.4999999999999998,0.7818314824680298,0.6234898018587336,175.25,202.25,238.04166666666666,85.56807189329592,train
2016-10-25 09:00:00,Bear_public_Valorie,Bear,260.75,18.3,12.8,1017.5,8.8,2.0,9,1,0,10,0.7071067811865476,-0.7071067811865475,0.7818314824680298,0.6234898018587336,202.75,266.5,237.80208333333334,85.49294336397747,train
2016-10-25 10:00:00,Bear_public_Valorie,Bear,273.75,18.3,12.8,1017.9,9.8,2.0,10,1,0,10,0.49999999999999994,-0.8660254037844387,0.7818314824680298,0.6234898018587336,260.75,266.75,238.09375,85.60785888408505,train
2016-10-25 11:00:00,Bear_public_Valorie,Bear,328.25,19.4,12.8,1018.1,8.8,2.0,11,1,0,10,0.258819045102521,-0.9659258262890682,0.7818314824680298,0.6234898018587336,273.75,273.5,240.375,87.30503123108598,train
2016-10-25 12:00:00,Bear_public_Valorie,Bear,322.75,19.4,12.8,1018.1,7.7,2.0,12,1,0,10,1.2246467991473532e-16,-1.0,0.7818314824680298,0.6234898018587336,328.25,315.75,240.66666666666666,87.57905331590524,train
2016-10-25 13:00:00,Bear_public_Valorie,Bear,329.25,20.0,13.9,1018.2,5.1,2.0,13,1,0,10,-0.2588190451025208,-0.9659258262890683,0.7818314824680298,0.6234898018587336,322.75,325.75,240.8125,87.72967527531988,train
2016-10-25 14:00:00,Bear_public_Valorie,Bear,339.25,20.6,14.4,1017.8,5.7,2.0,14,1,0,10,-0.4999999999999997,-0.8660254037844388,0.7818314824680298,0.6234898018587336,329.25,328.25,241.27083333333334,88.23362998395201,train
2016-10-25 15:00:00,Bear_public_Valorie,Bear,341.5,21.7,13.9,1017.2,5.7,2.0,15,1,0,10,-0.7071067811865471,-0.7071067811865479,0.7818314824680298,0.6234898018587336,339.25,325.75,241.92708333333334,88.94497808142867,train
2016-10-25 16:00:00,Bear_public_Valorie,Bear,337.75,21.1,13.9,1016.9,5.7,2.0,16,1,0,10,-0.8660254037844385,-0.5000000000000004,0.7818314824680298,0.6234898018587336,341.5,314.5,242.89583333333334,89.8913570308103,train
2016-10-25 17:00:00,Bear_public_Valorie,Bear,336.0,21.1,14.4,1016.8,4.6,2.0,17,1,0,10,-0.9659258262890683,-0.25881904510252063,0.7818314824680298,0.6234898018587336,337.75,306.0,244.14583333333334,91.0086569182185,train
2016-10-25 18:00:00,Bear_public_Valorie,Bear,332.8,20.6,13.9,1016.6,5.7,2.0,18,1,0,10,-1.0,-1.8369701987210297e-16,0.7818314824680298,0.6234898018587336,336.0,304.75,245.31458333333333,91.99554629953184,train
2016-10-25 19:00:00,Bear_public_Valorie,Bear,324.25,19.4,14.4,1016.7,2.1,2.0,19,1,0,10,-0.9659258262890684,0.2588190451025203,0.7818314824680298,0.6234898018587336,332.8,282.25,247.06458333333333,93.12129243178866,train
2016-10-25 20:00:00,Bear_public_Valorie,Bear,322.25,20.0,13.9,1016.7,3.6,2.0,20,1,0,10,-0.8660254037844386,0.5000000000000001,0.7818314824680298,0.6234898018587336,324.25,269.0,249.28333333333333,94.29365863074277,train
2016-10-25 21:00:00,Bear_public_Valorie,Bear,311.0,18.9,13.9,1016.7,3.1,2.0,21,1,0,10,-0.7071067811865477,0.7071067811865474,0.7818314824680298,0.6234898018587336,322.25,258.0,251.49166666666667,95.12364684139183,train
2016-10-25 22:00:00,Bear_public_Valorie,Bear,309.0,18.3,12.2,1016.8,3.6,2.0,22,1,0,10,-0.5000000000000004,0.8660254037844384,0.7818314824680298,0.6234898018587336,311.0,259.25,253.56458333333333,95.8394439529476,train
2016-10-25 23:00:00,Bear_public_Valorie,Bear,303.25,17.8,12.2,1017.0,3.1,2.0,23,1,0,10,-0.25881904510252157,0.9659258262890681,0.7818314824680298,0.6234898018587336,309.0,257.5,255.47083333333333,96.3746131968405,train
2016-10-26 00:00:00,Bear_public_Valorie,Bear,297.75,17.2,11.7,1016.9,1.5,2.0,0,2,0,10,0.0,1.0,0.9749279121818236,-0.22252093395631434,303.25,253.25,257.325,96.75733990807622,train
2016-10-26 01:00:00,Bear_public_Valorie,Bear,287.75,18.3,12.2,1016.7,3.1,2.0,1,2,0,10,0.25881904510252074,0.9659258262890683,0.9749279121818236,-0.22252093395631434,297.75,249.75,258.90833333333336,96.93873868568262,train
2016-10-26 02:00:00,Bear_public_Valorie,Bear,146.75,17.8,11.7,1016.1,2.1,2.0,2,2,0,10,0.49999999999999994,0.8660254037844387,0.9749279121818236,-0.22252093395631434,287.75,126.25,259.7625,95.80266998412417,train
2016-10-26 03:00:00,Bear_public_Valorie,Bear,61.25,16.7,11.7,1015.9,0.0,2.0,3,2,0,10,0.7071067811865476,0.7071067811865476,0.9749279121818236,-0.22252093395631434,146.75,43.0,260.5229166666667,94.06400223895534,train
2016-10-26 04:00:00,Bear_public_Valorie,Bear,70.0,16.1,11.7,1016.0,0.0,2.0,4,2,0,10,0.8660254037844386,0.5000000000000001,0.9749279121818236,-0.22252093395631434,61.25,53.0,261.23125,92.48408066597453,train
2016-10-26 05:00:00,Bear_public_Valorie,Bear,92.0,15.6,13.3,1016.3,2.1,2.0,5,2,0,10,0.9659258262890683,0.25881904510252074,0.9749279121818236,-0.22252093395631434,70.0,93.5,261.16875,92.6027910797559,train
2016-10-26 06:00:00,Bear_public_Valorie,Bear,160.75,14.4,12.8,1016.7,0.0,2.0,6,2,0,10,1.0,6.123233995736766e-17,0.9749279121818236,-0.22252093395631434,92.0,162.75,261.0854166666667,92.69606187306671,train
2016-10-26 07:00:00,Bear_public_Valorie,Bear,173.0,14.4,12.8,1017.3,3.6,2.0,7,2,0,10,0.9659258262890683,-0.25881904510252063,0.9749279121818236,-0.22252093395631434,160.75,175.25,260.9916666666667,92.78774008534195,train
2016-10-26 08:00:00,Bear_public_Valorie,Bear,195.5,13.9,13.3,1017.7,0.0,2.0,8,2,0,10,0.8660254037844387,-0.4999999999999998,0.9749279121818236,-0.22252093395631434,173.0,202.75,260.68958333333336,92.99716332649835,train
2016-10-26 09:00:00,Bear_public_Valorie,Bear,249.75,15.6,13.9,1018.4,1.5,2.0,9,2,0,10,0.7071067811865476,-0.7071067811865475,0.9749279121818236,-0.22252093395631434,195.5,260.75,260.23125,93.02395532112683,train
2016-10-26 10:00:00,Bear_public_Valorie,Bear,270.25,17.2,13.9,1018.7,0.0,2.0,10,2,0,10,0.49999999999999994,-0.8660254037844387,0.9749279121818236,-0.22252093395631434,249.75,273.75,260.0854166666667,93.00458202733753,train
2016-10-26 11:00:00,Bear_public_Valorie,Bear,334.5,18.3,13.9,1018.4,2.6,2.0,11,2,0,10,0.258819045102521,-0.9659258262890682,0.9749279121818236,-0.22252093395631434,270.25,328.25,260.34583333333336,93.21226234487243,train
2016-10-26 12:00:00,Bear_public_Valorie,Bear,332.25,18.9,13.9,1017.8,2.6,2.0,12,2,0,10,1.2246467991473532e-16,-1.0,0.9749279121818236,-0.22252093395631434,334.5,322.75,260.7416666666667,93.50848911319193,train
2016-10-26 13:00:00,Bear_public_Valorie,Bear,332.75,20.0,13.3,1016.8,1.5,2.0,13,2,0,10,-0.2588190451025208,-0.9659258262890683,0.9749279121818236,-0.22252093395631434,332.25,329.25,260.8875,93.62263783518087,train
2016-10-26 14:00:00,Bear_public_Valorie,Bear,330.25,21.1,12.2,1015.8,3.6,2.0,14,2,0,10,-0.4999999999999997,-0.8660254037844388,0.9749279121818236,-0.22252093395631434,332.75,339.25,260.5125,93.31262584079604,train
2016-10-26 15:00:00,Bear_public_Valorie,Bear,324.5,22.2,13.3,1015.3,5.7,2.0,15,2,0,10,-0.7071067811865471,-0.7071067811865479,0.9749279121818236,-0.22252093395631434,330.25,341.5,259.8041666666667,92.73385118605368,train
2016-10-26 16:00:00,Bear_public_Valorie,Bear,326.0,20.6,13.9,1014.8,5.1,2.0,16,2,0,10,-0.8660254037844385,-0.5000000000000004,0.9749279121818236,-0.22252093395631434,324.5,337.75,259.31458333333336,92.33460592861594,train
2016-10-26 17:00:00,Bear_public_Valorie,Bear,314.5,21.7,13.3,1014.4,3.6,2.0,17,2,0,10,-0.9659258262890683,-0.25881904510252063,0.9749279121818236,-0.22252093395631434,326.0,336.0,258.41875,91.66008662977745,train
2016-10-26 18:00:00,Bear_public_Valorie,Bear,303.8,18.9,13.3,1014.5,4.1,4.0,18,2,0,10,-1.0,-1.8369701987210297e-16,0.9749279121818236,-0.22252093395631434,314.5,332.8,257.2104166666667,90.82424257294592,train
2016-10-26 19:00:00,Bear_public_Valorie,Bear,264.25,17.8,13.3,1015.3,4.1,4.0,19,2,0,10,-0.9659258262890684,0.2588190451025203,0.9749279121818236,-0.22252093395631434,303.8,324.25,254.71041666666667,89.71773124538363,train
2016-10-26 20:00:00,Bear_public_Valorie,Bear,268.75,17.2,13.9,1015.8,3.1,2.0,20,2,0,10,-0.8660254037844386,0.5000000000000001,0.9749279121818236,-0.22252093395631434,264.25,322.25,252.48125000000002,88.62463443537801,train
2016-10-26 21:00:00,Bear_public_Valorie,Bear,257.0,16.1,13.3,1015.9,2.6,2.0,21,2,0,10,-0.7071067811865477,0.7071067811865474,0.9749279121818236,-0.22252093395631434,268.75,311.0,250.23125000000002,87.75558177775483,train
2016-10-26 22:00:00,Bear_public_Valorie,Bear,255.0,15.0,12.8,1015.6,0.0,4.0,22,2,0,10,-0.5000000000000004,0.8660254037844384,0.9749279121818236,-0.22252093395631434,257.0,309.0,247.98125000000002,86.87107990842844,train
2016-10-26 23:00:00,Bear_public_Valorie,Bear,254.75,15.6,13.3,1015.4,1.5,4.0,23,2,0,10,-0.25881904510252157,0.9659258262890681,0.9749279121818236,-0.22252093395631434,255.0,303.25,245.96041666666667,86.09009812673611,train
2016-10-27 00:00:00,Bear_public_Valorie,Bear,251.5,16.1,13.9,1015.4,0.0,4.0,0,3,0,10,0.0,1.0,0.43388373911755823,-0.900968867902419,254.75,297.75,244.03333333333333,85.39524814529868,train
2016-10-27 01:00:00,Bear_public_Valorie,Bear,248.5,16.1,13.9,1015.3,0.0,4.0,1,3,0,10,0.25881904510252074,0.9659258262890683,0.43388373911755823,-0.900968867902419,251.5,287.75,242.39791666666667,84.89600476998804,train
2016-10-27 02:00:00,Bear_public_Valorie,Bear,116.0,15.6,13.3,1015.0,1.5,4.0,2,3,0,10,0.49999999999999994,0.8660254037844387,0.43388373911755823,-0.900968867902419,248.5,146.75,241.11666666666667,86.61688216140288,train
2016-10-27 03:00:00,Bear_public_Valorie,Bear,43.0,15.6,13.9,1014.0,3.6,4.0,3,3,0,10,0.7071067811865476,0.7071067811865476,0.43388373911755823,-0.900968867902419,116.0,61.25,240.35625000000002,88.32781248983338,train
2016-10-27 04:00:00,Bear_public_Valorie,Bear,58.75,16.1,14.4,1013.7,2.6,4.0,4,3,0,10,0.8660254037844386,0.5000000000000001,0.43388373911755823,-0.900968867902419,43.0,70.0,239.88750000000002,89.29573758024532,train
2016-10-27 05:00:00,Bear_public_Valorie,Bear,90.75,16.1,14.4,1013.8,2.1,2.0,5,3,0,10,0.9659258262890683,0.25881904510252074,0.43388373911755823,-0.900968867902419,58.75,92.0,239.83541666666667,89.38606481117496,train
2016-10-27 06:00:00,Bear_public_Valorie,Bear,151.5,16.7,14.4,1013.9,2.1,2.0,6,3,0,10,1.0,6.123233995736766e-17,0.43388373911755823,-0.900968867902419,90.75,160.75,239.45000000000002,89.76104873253907,train
2016-10-27 07:00:00,Bear_public_Valorie,Bear,167.0,16.1,14.4,1014.2,2.6,2.0,7,3,0,10,0.9659258262890683,-0.25881904510252063,0.43388373911755823,-0.900968867902419,151.5,173.0,239.20000000000002,89.96230007499054,train
2016-10-27 08:00:00,Bear_public_Valorie,Bear,200.25,16.7,15.0,1014.4,1.5,2.0,8,3,0,10,0.8660254037844387,-0.4999999999999998,0.43388373911755823,-0.900968867902419,167.0,195.5,239.39791666666667,89.86715495079005,train
2016-10-27 09:00:00,Bear_public_Valorie,Bear,260.75,17.2,15.6,1015.2,0.0,2.0,9,3,0,10,0.7071067811865476,-0.7071067811865475,0.43388373911755823,-0.900968867902419,200.25,249.75,239.85625000000002,89.950259579223,train
2016-10-27 10:00:00,Bear_public_Valorie,Bear,301.5,17.8,14.4,1015.1,1.5,2.0,10,3,0,10,0.49999999999999994,-0.8660254037844387,0.43388373911755823,-0.900968867902419,260.75,270.25,241.15833333333333,90.63294662810422,train
2016-10-27 11:00:00,Bear_public_Valorie,Bear,320.75,18.9,13.9,1014.9,0.0,2.0,11,3,0,10,0.258819045102521,-0.9659258262890682,0.43388373911755823,-0.900968867902419,301.5,334.5,240.58541666666667,90.05889435248908,train
2016-10-27 12:00:00,Bear_public_Valorie,Bear,327.25,19.4,12.8,1014.5,2.6,2.0,12,3,0,10,1.2246467991473532e-16,-1.0,0.43388373911755823,-0.900968867902419,320.75,332.25,240.37708333333333,89.84315194823024,train
2016-10-27 13:00:00,Bear_public_Valorie,Bear,327.0,22.2,15.0,1014.2,2.1,2.0,13,3,0,10,-0.2588190451025208,-0.9659258262890683,0.43388373911755823,-0.900968867902419,327.25,332.75,240.13750000000002,89.5934322248351,train
2016-10-27 14:00:00,Bear_public_Valorie,Bear,325.0,18.9,14.4,1014.2,2.6,2.0,14,3,0,10,-0.4999999999999997,-0.8660254037844388,0.43388373911755823,-0.900968867902419,327.0,330.25,239.91875000000002,89.36997941204154,train
2016-10-27 15:00:00,Bear_public_Valorie,Bear,321.75,18.3,15.6,1013.8,3.1,2.0,15,3,0,10,-0.7071067811865471,-0.7071067811865479,0.43388373911755823,-0.900968867902419,325.0,324.5,239.80416666666667,89.25851428960958,train
2016-10-27 16:00:00,Bear_public_Valorie,Bear,317.25,18.9,16.1,1013.5,0.0,2.0,16,3,0,10,-0.8660254037844385,-0.5000000000000004,0.43388373911755823,-0.900968867902419,321.75,326.0,239.43958333333333,88.90831620902074,train
2016-10-27 17:00:00,Bear_public_Valorie,Bear,311.25,17.8,15.0,1014.2,1.5,2.0,17,3,0,10,-0.9659258262890683,-0.25881904510252063,0.43388373911755823,-0.900968867902419,317.25,314.5,239.30416666666667,88.79141889192114,train
2016-10-27 18:00:00,Bear_public_Valorie,Bear,304.0,16.7,15.6,1012.8,3.6,2.0,18,3,0,10,-1.0,-1.8369701987210297e-16,0.43388373911755823,-0.900968867902419,311.25,303.8,239.3125,88.79774435296171,train
2016-10-27 19:00:00,Bear_public_Valorie,Bear,275.75,17.2,16.1,1013.4,0.0,2.0,19,3,0,10,-0.9659258262890684,0.2588190451025203,0.43388373911755823,-0.900968867902419,304.0,264.25,239.79166666666666,88.96902449077776,train
2016-10-27 20:00:00,Bear_public_Valorie,Bear,266.75,16.7,15.6,1014.1,1.5,2.0,20,3,0,10,-0.8660254037844386,0.5000000000000001,0.43388373911755823,-0.900968867902419,275.75,268.75,239.70833333333334,88.94165364790122,train
2016-10-27 21:00:00,Bear_public_Valorie,Bear,257.0,16.7,16.1,1013.3,2.6,2.0,21,3,0,10,-0.7071067811865477,0.7071067811865474,0.43388373911755823,-0.900968867902419,266.75,257.0,239.70833333333334,88.94165364790122,train
2016-10-27 22:00:00,Bear_public_Valorie,Bear,254.0,16.7,16.1,1013.3,3.1,2.0,22,3,0,10,-0.5000000000000004,0.8660254037844384,0.43388373911755823,-0.900968867902419,257.0,255.0,239.66666666666666,88.93441240681224,train
2016-10-27 23:00:00,Bear_public_Valorie,Bear,253.75,16.7,16.1,1012.9,2.6,2.0,23,3,0,10,-0.25881904510252157,0.9659258262890681,0.43388373911755823,-0.900968867902419,254.0,254.75,239.625,88.92727243432539,train
2016-10-28 00:00:00,Bear_public_Valorie,Bear,251.25,17.2,16.1,1012.6,2.6,2.0,0,4,0,10,0.0,1.0,-0.433883739117558,-0.9009688679024191,253.75,251.5,239.61458333333334,88.92583558562428,train
2016-10-28 01:00:00,Bear_public_Valorie,Bear,249.75,17.2,16.7,1012.5,0.0,2.0,1,4,0,10,0.25881904510252074,0.9659258262890683,-0.433883739117558,-0.9009688679024191,251.25,248.5,239.66666666666666,88.9316318580041,train
2016-10-28 02:00:00,Bear_public_Valorie,Bear,112.5,17.2,16.1,1012.2,0.0,2.0,2,4,0,10,0.49999999999999994,0.8660254037844387,-0.433883739117558,-0.9009688679024191,249.75,116.0,239.52083333333334,89.14585376086572,train
2016-10-28 03:00:00,Bear_public_Valorie,Bear,43.0,17.2,16.7,1011.5,2.1,2.0,3,4,0,10,0.7071067811865476,0.7071067811865476,-0.433883739117558,-0.9009688679024191,112.5,43.0,239.52083333333334,89.14585376086572,train
2016-10-28 04:00:00,Bear_public_Valorie,Bear,68.5,17.2,16.7,1011.1,0.0,2.0,4,4,0,10,0.8660254037844386,0.5000000000000001,-0.433883739117558,-0.9009688679024191,43.0,58.75,239.92708333333334,88.30448432550178,train
2016-10-28 05:00:00,Bear_public_Valorie,Bear,91.5,17.8,16.7,1011.0,1.5,2.0,5,4,0,10,0.9659258262890683,0.25881904510252074,-0.433883739117558,-0.9009688679024191,68.5,90.75,239.95833333333334,88.24951245913711,train
2016-10-28 06:00:00,Bear_public_Valorie,Bear,156.5,17.2,16.7,1010.8,2.1,2.0,6,4,0,10,1.0,6.123233995736766e-17,-0.433883739117558,-0.9009688679024191,91.5,151.5,240.16666666666666,88.03725331366562,train
2016-10-28 07:00:00,Bear_public_Valorie,Bear,182.5,17.8,17.2,1010.9,0.0,2.0,7,4,0,10,0.9659258262890683,-0.25881904510252063,-0.433883739117558,-0.9009688679024191,156.5,167.0,240.8125,87.53257933850807,train
2016-10-28 08:00:00,Bear_public_Valorie,Bear,208.0,17.2,17.2,1011.2,0.0,2.0,8,4,0,10,0.8660254037844387,-0.4999999999999998,-0.433883739117558,-0.9009688679024191,182.5,200.25,241.13541666666666,87.39061420995272,train
2016-10-28 09:00:00,Bear_public_Valorie,Bear,269.0,17.8,17.2,1011.7,0.0,2.0,9,4,0,10,0.7071067811865476,-0.7071067811865475,-0.433883739117558,-0.9009688679024191,208.0,260.75,241.47916666666666,87.48729462621718,train
2016-10-28 10:00:00,Bear_public_Valorie,Bear,271.75,17.8,17.2,1012.0,1.5,2.0,10,4,0,10,0.49999999999999994,-0.8660254037844387,-0.433883739117558,-0.9009688679024191,269.0,301.5,240.23958333333334,86.80802404702753,train
2016-10-28 11:00:00,Bear_public_Valorie,Bear,284.0,18.9,17.2,1011.8,4.1,2.0,11,4,0,10,0.258819045102521,-0.9659258262890682,-0.433883739117558,-0.9009688679024191,271.75,320.75,238.70833333333334,85.64241465772571,train
2016-10-28 12:00:00,Bear_public_Valorie,Bear,338.5,18.9,18.3,1012.4,3.1,2.0,12,4,0,10,1.2246467991473532e-16,-1.0,-0.433883739117558,-0.9009688679024191,284.0,327.25,239.17708333333334,86.1772213159134,train
2016-10-28 13:00:00,Bear_public_Valorie,Bear,345.0,19.4,17.2,1012.3,3.1,2.0,13,4,0,10,-0.2588190451025208,-0.9659258262890683,-0.433883739117558,-0.9009688679024191,338.5,327.0,239.92708333333334,87.0486957412554,train
2016-10-28 14:00:00,Bear_public_Valorie,Bear,346.75,20.6,16.7,1012.2,4.6,2.0,14,4,0,10,-0.4999999999999997,-0.8660254037844388,-0.433883739117558,-0.9009688679024191,345.0,325.0,240.83333333333334,88.07999287538328,train
2016-10-28 15:00:00,Bear_public_Valorie,Bear,345.25,19.4,16.7,1012.3,4.6,2.0,15,4,0,10,-0.7071067811865471,-0.7071067811865479,-0.433883739117558,-0.9009688679024191,346.75,321.75,241.8125,89.14284610034392,train
2016-10-28 16:00:00,Bear_public_Valorie,Bear,340.0,20.6,16.1,1012.1,2.1,2.0,16,4,0,10,-0.8660254037844385,-0.5000000000000004,-0.433883739117558,-0.9009688679024191,345.25,317.25,242.76041666666666,90.09576665628687,train
2016-10-28 17:00:00,Bear_public_Valorie,Bear,335.5,20.0,16.1,1012.5,3.1,2.0,17,4,0,10,-0.9659258262890683,-0.25881904510252063,-0.433883739117558,-0.9009688679024191,340.0,311.25,243.77083333333334,91.02842116693535,train
2016-10-28 18:00:00,Bear_public_Valorie,Bear,331.75,19.4,16.1,1012.9,4.6,2.0,18,4,0,10,-1.0,-1.8369701987210297e-16,-0.433883739117558,-0.9009688679024191,335.5,304.0,244.92708333333334,91.99779886209807,train
2016-10-28 19:00:00,Bear_public_Valorie,Bear,296.5,18.9,15.6,1013.4,4.1,2.0,19,4,0,10,-0.9659258262890684,0.2588190451025203,-0.433883739117558,-0.9009688679024191,331.75,275.75,245.79166666666666,92.39670103590754,train
2016-10-28 20:00:00,Bear_public_Valorie,Bear,177.75,18.9,15.6,1013.7,4.1,2.0,20,4,0,10,-0.8660254037844386,0.5000000000000001,-0.433883739117558,-0.9009688679024191,296.5,266.75,242.08333333333334,93.30055066087887,train
2016-10-28 21:00:00,Bear_public_Valorie,Bear,233.25,18.3,15.6,1013.8,3.1,2.0,21,4,0,10,-0.7071067811865477,0.7071067811865474,-0.433883739117558,-0.9009688679024191,177.75,257.0,241.09375,93.26140251127258,train
2016-10-28 22:00:00,Bear_public_Valorie,Bear,106.0,17.8,15.6,1014.1,2.1,2.0,22,4,0,10,-0.5000000000000004,0.8660254037844384,-0.433883739117558,-0.9009688679024191,233.25,254.0,234.92708333333334,97.1815725276624,train
2016-10-28 23:00:00,Bear_public_Valorie,Bear,42.0,17.8,16.1,1014.3,1.5,2.0,23,4,0,10,-0.25881904510252157,0.9659258262890681,-0.433883739117558,-0.9009688679024191,106.0,253.75,226.10416666666666,104.71830527727687,train
2016-10-29 00:00:00,Bear_public_Valorie,Bear,42.5,17.8,16.1,1014.0,0.0,2.0,0,5,1,10,0.0,1.0,-0.9749279121818236,-0.2225209339563146,42.0,251.25,217.40625,111.01874627492666,train
2016-10-29 01:00:00,Bear_public_Valorie,Bear,42.0,17.8,16.1,1014.0,0.0,2.0,1,5,1,10,0.25881904510252074,0.9659258262890683,-0.9749279121818236,-0.2225209339563146,42.5,249.75,208.75,116.35807271932848,train
2016-10-29 02:00:00,Bear_public_Valorie,Bear,41.25,18.3,16.1,1014.2,0.0,2.0,2,5,1,10,0.49999999999999994,0.8660254037844387,-0.9749279121818236,-0.2225209339563146,42.0,112.5,205.78125,119.77919705105583,train
2016-10-29 03:00:00,Bear_public_Valorie,Bear,40.25,17.8,15.6,1014.1,1.5,2.0,3,5,1,10,0.7071067811865476,0.7071067811865476,-0.9749279121818236,-0.2225209339563146,41.25,43.0,205.66666666666666,119.94289100004755,train
2016-10-29 04:00:00,Bear_public_Valorie,Bear,52.0,17.8,15.6,1013.9,0.0,2.0,4,5,1,10,0.8660254037844386,0.5000000000000001,-0.9749279121818236,-0.2225209339563146,40.25,68.5,204.97916666666666,120.80747162024116,train
2016-10-29 05:00:00,Bear_public_Valorie,Bear,67.5,17.2,15.6,1013.4,0.0,2.0,5,5,1,10,0.9659258262890683,0.25881904510252074,-0.9749279121818236,-0.2225209339563146,52.0,91.5,203.97916666666666,121.8822024999216,train
2016-10-29 06:00:00,Bear_public_Valorie,Bear,131.75,17.2,15.6,1013.5,0.0,2.0,6,5,1,10,1.0,6.123233995736766e-17,-0.9749279121818236,-0.2225209339563146,67.5,156.5,202.94791666666666,122.404975992175,train
2016-10-29 07:00:00,Bear_public_Valorie,Bear,147.75,17.2,15.6,1013.7,0.0,2.0,7,5,1,10,0.9659258262890683,-0.25881904510252063,-0.9749279121818236,-0.2225209339563146,131.75,182.5,201.5,122.86204264026846,train
2016-10-29 08:00:00,Bear_public_Valorie,Bear,189.25,17.2,16.1,1013.8,2.6,4.0,8,5,1,10,0.8660254037844387,-0.4999999999999998,-0.9749279121818236,-0.2225209339563146,147.75,208.0,200.71875,122.87852592358108,train
2016-10-29 09:00:00,Bear_public_Valorie,Bear,251.25,18.3,16.7,1014.6,3.6,4.0,9,5,1,10,0.7071067811865476,-0.7071067811865475,-0.9749279121818236,-0.2225209339563146,189.25,269.0,199.97916666666666,122.5025269629931,train
2016-10-29 10:00:00,Bear_public_Valorie,Bear,257.75,18.3,16.1,1015.0,4.6,4.0,10,5,1,10,0.49999999999999994,-0.8660254037844387,-0.9749279121818236,-0.2225209339563146,251.25,271.75,199.39583333333334,122.1788140005448,train
2016-10-29 11:00:00,Bear_public_Valorie,Bear,293.5,19.4,16.1,1014.8,6.2,4.0,11,5,1,10,0.258819045102521,-0.9659258262890682,-0.9749279121818236,-0.2225209339563146,257.75,284.0,199.79166666666666,122.47984897850388,train
2016-10-29 12:00:00,Bear_public_Valorie,Bear,347.75,19.4,15.6,1014.8,3.6,4.0,12,5,1,10,1.2246467991473532e-16,-1.0,-0.9749279121818236,-0.2225209339563146,293.5,338.5,200.17708333333334,122.94896606454482,train
2016-10-29 13:00:00,Bear_public_Valorie,Bear,341.25,19.4,15.6,1014.6,3.6,4.0,13,5,1,10,-0.2588190451025208,-0.9659258262890683,-0.9749279121818236,-0.2225209339563146,347.75,345.0,200.02083333333334,122.75915171468952,train
2016-10-29 14:00:00,Bear_public_Valorie,Bear,345.0,21.1,16.1,1014.2,4.1,4.0,14,5,1,10,-0.4999999999999997,-0.8660254037844388,-0.9749279121818236,-0.2225209339563146,341.25,346.75,199.94791666666666,122.66869438625142,train
2016-10-29 15:00:00,Bear_public_Valorie,Bear,343.25,20.6,16.1,1013.7,4.1,4.0,15,5,1,10,-0.7071067811865471,-0.7071067811865479,-0.9749279121818236,-0.2225209339563146,345.0,345.25,199.86458333333334,122.56633029326603,train
2016-10-29 16:00:00,Bear_public_Valorie,Bear,342.75,21.1,15.6,1013.7,3.6,4.0,16,5,1,10,-0.8660254037844385,-0.5000000000000004,-0.9749279121818236,-0.2225209339563146,343.25,340.0,199.97916666666666,122.70424226097725,train
2016-10-29 17:00:00,Bear_public_Valorie,Bear,323.5,20.6,15.0,1013.6,4.6,4.0,17,5,1,10,-0.9659258262890683,-0.25881904510252063,-0.9749279121818236,-0.2225209339563146,342.75,335.5,199.47916666666666,122.15120967621374,train
2016-10-29 18:00:00,Bear_public_Valorie,Bear,311.0,20.0,15.0,1013.2,3.6,4.0,18,5,1,10,-1.0,-1.8369701987210297e-16,-0.9749279121818236,-0.2225209339563146,323.5,331.75,198.61458333333334,121.24436291617558,train
2016-10-29 19:00:00,Bear_public_Valorie,Bear,281.25,18.3,14.4,1013.4,3.6,4.0,19,5,1,10,-0.9659258262890684,0.2588190451025203,-0.9749279121818236,-0.2225209339563146,311.0,296.5,197.97916666666666,120.74800647977835,train
2016-10-29 20:00:00,Bear_public_Valorie,Bear,275.75,17.8,13.9,1013.5,3.6,2.0,20,5,1,10,-0.8660254037844386,0.5000000000000001,-0.9749279121818236,-0.2225209339563146,281.25,177.75,202.0625,121.68755094235335,train
2016-10-29 21:00:00,Bear_public_Valorie,Bear,272.75,16.7,13.3,1013.4,1.5,2.0,21,5,1,10,-0.7071067811865477,0.7071067811865474,-0.9749279121818236,-0.2225209339563146,275.75,233.25,203.70833333333334,122.39278064339909,train
2016-10-29 22:00:00,Bear_public_Valorie,Bear,131.5,16.1,13.3,1013.3,2.1,2.0,22,5,1,10,-0.5000000000000004,0.8660254037844384,-0.9749279121818236,-0.2225209339563146,272.75,106.0,204.77083333333334,121.61590724460167,train
2016-10-29 23:00:00,Bear_public_Valorie,Bear,49.0,16.7,13.9,1012.9,2.1,2.0,23,5,1,10,-0.25881904510252157,0.9659258262890681,-0.9749279121818236,-0.2225209339563146,131.5,42.0,205.0625,121.21630526890144,train
2016-10-30 00:00:00,Bear_public_Valorie,Bear,41.4307,15.6,13.3,1012.3,3.6,4.0,0,6,1,10,0.0,1.0,-0.7818314824680299,0.6234898018587334,49.0,42.5,205.01794583333333,121.27883488119436,train
2016-10-30 01:00:00,Bear_public_Valorie,Bear,41.0,15.6,13.3,1011.9,2.6,4.0,1,6,1,10,0.25881904510252074,0.9659258262890683,-0.7818314824680299,0.6234898018587334,41.4307,42.0,204.97627916666667,121.33743416752061,train
2016-10-30 02:00:00,Bear_public_Valorie,Bear,41.0,15.6,13.3,1011.5,2.1,4.0,2,6,1,10,0.49999999999999994,0.8660254037844387,-0.7818314824680299,0.6234898018587334,41.0,41.25,204.9658625,121.35211082409103,train
2016-10-30 03:00:00,Bear_public_Valorie,Bear,42.25,16.7,14.4,1011.3,5.7,4.0,3,6,1,10,0.7071067811865476,0.7071067811865476,-0.7818314824680299,0.6234898018587334,41.0,40.25,205.04919583333333,121.23471132960483,train
2016-10-30 04:00:00,Bear_public_Valorie,Bear,52.5,16.1,13.9,1010.4,2.6,4.0,4,6,1,10,0.8660254037844386,0.5000000000000001,-0.7818314824680299,0.6234898018587334,42.25,52.0,205.07002916666667,121.20730726724756,train
2016-10-30 05:00:00,Bear_public_Valorie,Bear,68.25,15.6,13.3,1009.7,3.6,4.0,5,6,1,10,0.9659258262890683,0.25881904510252074,-0.7818314824680299,0.6234898018587334,52.5,67.5,205.10127916666667,121.17038752951585,train
2016-10-30 06:00:00,Bear_public_Valorie,Bear,68.0,15.6,13.3,1009.6,4.1,4.0,6,6,1,10,1.0,6.123233995736766e-17,-0.7818314824680299,0.6234898018587334,68.25,131.75,202.44502916666667,123.5241675665958,train
2016-10-30 07:00:00,Bear_public_Valorie,Bear,67.0,16.1,13.3,1009.4,7.2,2.0,7,6,1,10,0.9659258262890683,-0.25881904510252063,-0.7818314824680299,0.6234898018587334,68.0,147.75,199.08044583333333,126.15056204285005,train
2016-10-30 08:00:00,Bear_public_Valorie,Bear,66.75,17.2,12.2,1009.2,8.2,2.0,8,6,1,10,0.8660254037844387,-0.4999999999999998,-0.7818314824680299,0.6234898018587334,67.0,189.25,193.97627916666667,129.0113961596147,train
2016-10-30 09:00:00,Bear_public_Valorie,Bear,67.25,17.8,12.2,1009.9,10.8,2.0,9,6,1,10,0.7071067811865476,-0.7071067811865475,-0.7818314824680299,0.6234898018587334,66.75,251.25,186.3096125,130.9130531016154,train
2016-10-30 10:00:00,Bear_public_Valorie,Bear,165.75,17.2,12.8,1009.6,8.2,2.0,10,6,1,10,0.49999999999999994,-0.8660254037844387,-0.7818314824680299,0.6234898018587334,67.25,257.75,182.47627916666667,130.07448265917893,train
2016-10-30 11:00:00,Bear_public_Valorie,Bear,173.5,15.0,13.3,1010.7,4.6,2.0,11,6,1,10,0.258819045102521,-0.9659258262890682,-0.7818314824680299,0.6234898018587334,165.75,293.5,177.47627916666667,127.90958778664204,train
2016-10-30 12:00:00,Bear_public_Valorie,Bear,240.75,16.1,14.4,1011.5,5.1,2.0,12,6,1,10,1.2246467991473532e-16,-1.0,-0.7818314824680299,0.6234898018587334,173.5,347.75,173.01794583333333,123.50553991679882,train
2016-10-30 13:00:00,Bear_public_Valorie,Bear,265.25,17.8,15.0,1011.6,8.2,2.0,13,6,1,10,-0.2588190451025208,-0.9659258262890683,-0.7818314824680299,0.6234898018587334,240.75,341.25,169.85127916666667,119.92702202539307,train
2016-10-30 14:00:00,Bear_public_Valorie,Bear,295.25,18.9,13.9,1012.2,6.7,2.0,14,6,1,10,-0.4999999999999997,-0.8660254037844388,-0.7818314824680299,0.6234898018587334,265.25,345.0,167.7783625,117.16616243351673,train
2016-10-30 15:00:00,Bear_public_Valorie,Bear,328.75,18.3,13.9,1012.6,7.2,4.0,15,6,1,10,-0.7071067811865471,-0.7071067811865479,-0.7818314824680299,0.6234898018587334,295.25,343.25,167.17419583333333,116.25585227755757,train
2016-10-30 16:00:00,Bear_public_Valorie,Bear,324.0,18.9,13.3,1012.8,7.2,4.0,16,6,1,10,-0.8660254037844385,-0.5000000000000004,-0.7818314824680299,0.6234898018587334,328.75,342.75,166.39294583333333,115.08173933419438,train
2016-10-30 17:00:00,Bear_public_Valorie,Bear,317.25,18.9,13.9,1013.2,7.2,4.0,17,6,1,10,-0.9659258262890683,-0.25881904510252063,-0.7818314824680299,0.6234898018587334,324.0,323.5,166.13252916666667,114.71726140289998,train
2016-10-30 18:00:00,Bear_public_Valorie,Bear,310.75,17.8,13.3,1013.8,5.1,4.0,18,6,1,10,-1.0,-1.8369701987210297e-16,-0.7818314824680299,0.6234898018587334,317.25,311.0,166.1221125,114.70354560824939,train
2016-10-30 19:00:00,Bear_public_Valorie,Bear,295.75,17.8,13.9,1014.5,6.7,4.0,19,6,1,10,-0.9659258262890684,0.2588190451025203,-0.7818314824680299,0.6234898018587334,310.75,281.25,166.72627916666667,115.37254890669156,train
2016-10-30 20:00:00,Bear_public_Valorie,Bear,290.0,17.8,13.9,1015.7,7.7,4.0,20,6,1,10,-0.8660254037844386,0.5000000000000001,-0.7818314824680299,0.6234898018587334,295.75,275.75,167.32002916666667,115.99301957154475,train
2016-10-30 21:00:00,Bear_public_Valorie,Bear,283.75,17.2,12.8,1016.5,5.7,4.0,21,6,1,10,-0.7071067811865477,0.7071067811865474,-0.7818314824680299,0.6234898018587334,290.0,272.75,167.7783625,116.44856510515447,train
2016-10-30 22:00:00,Bear_public_Valorie,Bear,281.25,17.2,12.8,1017.2,5.1,2.0,22,6,1,10,-0.5000000000000004,0.8660254037844384,-0.7818314824680299,0.6234898018587334,283.75,131.5,174.01794583333333,118.41553338418794,train
2016-10-30 23:00:00,Bear_public_Valorie,Bear,252.25,16.7,12.8,1018.3,3.1,2.4,23,6,1,10,-0.25881904510252157,0.9659258262890681,-0.7818314824680299,0.6234898018587334,281.25,49.0,182.48669583333333,116.33553060277468,train
2016-10-31 00:00:00,Bear_public_Valorie,Bear,252.5,16.7,12.8,1018.5,3.1,2.8,0,0,0,10,0.0,1.0,0.0,1.0,252.25,41.4307,191.28125,113.14280877117403,train
2016-10-31 01:00:00,Bear_public_Valorie,Bear,243.25,16.7,12.8,1018.9,3.6,3.2,1,0,0,10,0.25881904510252074,0.9659258262890683,0.0,1.0,252.5,41.0,199.70833333333334,108.91594452151861,train
2016-10-31 02:00:00,Bear_public_Valorie,Bear,102.75,16.1,12.8,1018.8,3.1,3.6,2,0,0,10,0.49999999999999994,0.8660254037844387,0.0,1.0,243.25,41.0,202.28125,105.68522048424924,train
2016-10-31 03:00:00,Bear_public_Valorie,Bear,42.25,14.4,11.7,1018.7,2.1,4.0,3,0,0,10,0.7071067811865476,0.7071067811865476,0.0,1.0,102.75,42.25,202.28125,105.68522048424924,train
2016-10-31 04:00:00,Bear_public_Valorie,Bear,64.5,14.4,12.8,1018.1,2.1,3.5,4,0,0,10,0.8660254037844386,0.5000000000000001,0.0,1.0,42.25,52.5,202.78125,104.97176930272018,train
2016-10-31 05:00:00,Bear_public_Valorie,Bear,88.5,13.9,12.2,1017.8,3.1,3.0,5,0,0,10,0.9659258262890683,0.25881904510252074,0.0,1.0,64.5,68.25,203.625,103.919518399326,train
2016-10-31 06:00:00,Bear_public_Valorie,Bear,157.0,13.9,12.8,1018.3,1.5,2.5,6,0,0,10,1.0,6.123233995736766e-17,0.0,1.0,88.5,68.0,207.33333333333334,100.39765139582266,train
2016-10-31 07:00:00,Bear_public_Valorie,Bear,174.5,12.2,11.7,1018.3,1.5,2.0,7,0,0,10,0.9659258262890683,-0.25881904510252063,0.0,1.0,157.0,67.0,211.8125,96.17373460701683,train
2016-10-31 08:00:00,Bear_public_Valorie,Bear,202.25,13.9,12.2,1018.95,3.1,2.2857142857142856,8,0,0,10,0.8660254037844387,-0.4999999999999998,0.0,1.0,174.5,66.75,217.45833333333334,91.1327766010371,train
2016-10-31 09:00:00,Bear_public_Valorie,Bear,246.5,14.4,13.3,1019.6,3.1,2.571428571428571,9,0,0,10,0.7071067811865476,-0.7071067811865475,0.0,1.0,202.25,67.25,224.92708333333334,85.4556355522851,train
2016-10-31 10:00:00,Bear_public_Valorie,Bear,259.0,16.1,13.3,1019.8,4.6,2.857142857142857,10,0,0,10,0.49999999999999994,-0.8660254037844387,0.0,1.0,246.5,165.75,228.8125,84.76515671830208,train
2016-10-31 11:00:00,Bear_public_Valorie,Bear,266.75,16.7,13.3,1019.5,4.1,3.142857142857143,11,0,0,10,0.258819045102521,-0.9659258262890682,0.0,1.0,259.0,173.5,232.69791666666666,84.25517592043893,train
2016-10-31 12:00:00,Bear_public_Valorie,Bear,273.75,17.2,11.7,1019.3,3.1,3.4285714285714284,12,0,0,10,1.2246467991473532e-16,-1.0,0.0,1.0,266.75,240.75,234.07291666666666,84.66059087701304,train
2016-10-31 13:00:00,Bear_public_Valorie,Bear,279.5,17.8,11.1,1018.4,3.6,3.7142857142857144,13,0,0,10,-0.2588190451025208,-0.9659258262890683,0.0,1.0,273.75,265.25,234.66666666666666,84.93826615825796,train
2016-10-31 14:00:00,Bear_public_Valorie,Bear,285.0,18.9,10.6,1017.2,3.6,4.0,14,0,0,10,-0.4999999999999997,-0.8660254037844388,0.0,1.0,279.5,295.25,234.23958333333334,84.64566423469036,train
2016-10-31 15:00:00,Bear_public_Valorie,Bear,290.25,18.9,10.0,1016.4,3.6,4.0,15,0,0,10,-0.7071067811865471,-0.7071067811865479,0.0,1.0,285.0,328.75,232.63541666666666,83.12788011246772,train
2016-10-31 16:00:00,Bear_public_Valorie,Bear,291.75,18.3,11.1,1015.5,3.1,3.8666666666666667,16,0,0,10,-0.8660254037844385,-0.5000000000000004,0.0,1.0,290.25,324.0,231.29166666666666,81.83741393055276,train
2016-10-31 17:00:00,Bear_public_Valorie,Bear,286.0768,18.3,11.1,1015.3,2.1,3.7333333333333334,17,0,0,10,-0.9659258262890683,-0.25881904510252063,0.0,1.0,291.75,317.25,229.99278333333334,80.65261491982127,train
2016-10-31 18:00:00,Bear_public_Valorie,Bear,276.2777,17.8,11.1,1014.9,8.8,3.6,18,0,0,10,-1.0,-1.8369701987210297e-16,0.0,1.0,286.0768,310.75,228.55643750000002,79.44986662941645,train
2016-10-31 19:00:00,Bear_public_Valorie,Bear,272.75,17.2,11.1,1014.8,7.2,3.466666666666667,19,0,0,10,-0.9659258262890684,0.2588190451025203,0.0,1.0,276.2777,295.75,227.59810416666667,78.73967138043393,train
2016-10-31 20:00:00,Bear_public_Valorie,Bear,266.25,16.7,11.7,1014.7,7.7,3.3333333333333335,20,0,0,10,-0.8660254037844386,0.5000000000000001,0.0,1.0,272.75,290.0,226.60852083333336,78.0676948086725,train
2016-10-31 21:00:00,Bear_public_Valorie,Bear,253.75,16.1,12.2,1014.8,6.2,3.2,21,0,0,10,-0.7071067811865477,0.7071067811865474,0.0,1.0,266.25,283.75,225.35852083333336,77.34985613741735,train
2016-10-31 22:00:00,Bear_public_Valorie,Bear,254.0,16.7,13.3,1015.0,5.7,2.0,22,0,0,10,-0.5000000000000004,0.8660254037844384,0.0,1.0,253.75,281.25,224.22310416666667,76.69095020707425,train
2016-10-31 23:00:00,Bear_public_Valorie,Bear,251.25,16.7,13.3,1015.3,5.7,2.0,23,0,0,10,-0.25881904510252157,0.9659258262890681,0.0,1.0,254.0,252.25,224.18143750000002,76.67533103256743,train
2016-11-01 00:00:00,Bear_public_Valorie,Bear,246.0,16.7,12.8,1015.1,4.6,2.8,0,1,0,11,0.0,1.0,0.7818314824680298,0.6234898018587336,251.25,252.5,223.91060416666667,76.58237827071399,train
2016-11-01 01:00:00,Bear_public_Valorie,Bear,244.5,16.7,12.8,1015.5,4.6,2.666666666666667,1,1,0,11,0.25881904510252074,0.9659258262890683,0.7818314824680298,0.6234898018587336,246.0,243.25,223.96268750000002,76.59652651398852,train
2016-11-01 02:00:00,Bear_public_Valorie,Bear,145.75,16.1,12.8,1015.6,6.2,2.533333333333333,2,1,0,11,0.49999999999999994,0.8660254037844387,0.7818314824680298,0.6234898018587336,244.5,102.75,225.75435416666667,74.10019899947483,train
2016-11-01 03:00:00,Bear_public_Valorie,Bear,42.75,15.0,13.3,1015.8,0.0,2.4,3,1,0,11,0.7071067811865476,0.7071067811865476,0.7818314824680298,0.6234898018587336,145.75,42.25,225.77518750000002,74.04641421599885,train
2016-11-01 04:00:00,Bear_public_Valorie,Bear,55.25,15.6,12.2,1015.7,3.1,2.2666666666666666,4,1,0,11,0.8660254037844386,0.5000000000000001,0.7818314824680298,0.6234898018587336,42.75,64.5,225.38977083333336,74.94102954244315,train
2016-11-01 05:00:00,Bear_public_Valorie,Bear,87.25,15.6,12.2,1015.9,3.6,2.1333333333333333,5,1,0,11,0.9659258262890683,0.25881904510252074,0.7818314824680298,0.6234898018587336,55.25,88.5,225.33768750000002,75.04067121211449,train
2016-11-01 06:00:00,Bear_public_Valorie,Bear,136.5,15.0,12.2,1016.3,5.1,2.0,6,1,0,11,1.0,6.123233995736766e-17,0.7818314824680298,0.6234898018587336,87.25,157.0,224.48352083333336,75.96336030356737,train
2016-11-01 07:00:00,Bear_public_Valorie,Bear,163.5,15.0,12.2,1017.0,5.1,2.0,7,1,0,11,0.9659258262890683,-0.25881904510252063,0.7818314824680298,0.6234898018587336,136.5,174.5,224.02518750000002,76.31044554680325,train
2016-11-01 08:00:00,Bear_public_Valorie,Bear,175.5,14.4,11.1,1017.5,3.6,2.0,8,1,0,11,0.8660254037844387,-0.4999999999999998,0.7818314824680298,0.6234898018587336,163.5,202.25,222.91060416666667,76.83586521500136,train
2016-11-01 09:00:00,Bear_public_Valorie,Bear,243.0,16.1,11.7,1018.6,0.0,2.0,9,1,0,11,0.7071067811865476,-0.7071067811865475,0.7818314824680298,0.6234898018587336,175.5,246.5,222.76477083333336,76.79245548010522,train
2016-11-01 10:00:00,Bear_public_Valorie,Bear,257.75,15.6,10.6,1019.2,2.1,4.0,10,1,0,11,0.49999999999999994,-0.8660254037844387,0.7818314824680298,0.6234898018587336,243.0,259.0,222.71268750000002,76.76723071053603,train
2016-11-01 11:00:00,Bear_public_Valorie,Bear,264.25,17.2,10.6,1019.2,3.1,4.0,11,1,0,11,0.258819045102521,-0.9659258262890682,0.7818314824680298,0.6234898018587336,257.75,266.75,222.60852083333336,76.70654990825089,train
2016-11-01 12:00:00,Bear_public_Valorie,Bear,266.25,17.8,10.0,1019.6,3.1,4.0,12,1,0,11,1.2246467991473532e-16,-1.0,0.7818314824680298,0.6234898018587336,264.25,273.75,222.29602083333336,76.50415289538228,train
2016-11-01 13:00:00,Bear_public_Valorie,Bear,275.25,17.2,10.0,1019.4,3.6,2.0,13,1,0,11,-0.2588190451025208,-0.9659258262890683,0.7818314824680298,0.6234898018587336,266.25,279.5,222.11893750000002,76.37078900607429,train
2016-11-01 14:00:00,Bear_public_Valorie,Bear,277.25,17.8,10.0,1019.1,4.1,4.0,14,1,0,11,-0.4999999999999997,-0.8660254037844388,0.7818314824680298,0.6234898018587336,275.25,285.0,221.79602083333336,76.10928753687332,train
2016-11-01 15:00:00,Bear_public_Valorie,Bear,279.0,17.8,11.1,1019.1,4.1,4.0,15,1,0,11,-0.7071067811865471,-0.7071067811865479,0.7818314824680298,0.6234898018587336,277.25,290.25,221.32727083333336,75.70291432755862,train
2016-11-01 16:00:00,Bear_public_Valorie,Bear,273.5,18.3,10.6,1019.0,4.1,4.0,16,1,0,11,-0.8660254037844385,-0.5000000000000004,0.7818314824680298,0.6234898018587336,279.0,291.75,220.56685416666667,75.05365435821652,train
2016-11-01 17:00:00,Bear_public_Valorie,Bear,269.25,17.8,11.1,1019.0,5.1,2.0,17,1,0,11,-0.9659258262890683,-0.25881904510252063,0.7818314824680298,0.6234898018587336,273.5,286.0768,219.86573750000002,74.4915728771112,train
2016-11-01 18:00:00,Bear_public_Valorie,Bear,268.5,17.2,10.6,1019.2,4.6,2.0,18,1,0,11,-1.0,-1.8369701987210297e-16,0.7818314824680298,0.6234898018587336,269.25,276.2777,219.54166666666666,74.25201895464272,train
2016-11-01 19:00:00,Bear_public_Valorie,Bear,265.25,16.1,10.6,1019.8,5.1,2.0,19,1,0,11,-0.9659258262890684,0.2588190451025203,0.7818314824680298,0.6234898018587336,268.5,272.75,219.22916666666666,74.03380972153263,train
2016-11-01 20:00:00,Bear_public_Valorie,Bear,260.25,15.0,11.1,1020.3,3.6,2.0,20,1,0,11,-0.8660254037844386,0.5000000000000001,0.7818314824680298,0.6234898018587336,265.25,266.25,218.97916666666666,73.87809129361999,train
2016-11-01 21:00:00,Bear_public_Valorie,Bear,245.25,13.9,10.6,1020.5,0.0,2.0,21,1,0,11,-0.7071067811865477,0.7071067811865474,0.7818314824680298,0.6234898018587336,260.25,253.75,218.625,73.72436916444721,train
2016-11-01 22:00:00,Bear_public_Valorie,Bear,246.0,12.8,10.6,1020.9,1.5,0.0,22,1,0,11,-0.5000000000000004,0.8660254037844384,0.7818314824680298,0.6234898018587336,245.25,254.0,218.29166666666666,73.57540743828869,train
2016-11-01 23:00:00,Bear_public_Valorie,Bear,241.5,12.8,10.6,1021.1,1.5,0.0,23,1,0,11,-0.25881904510252157,0.9659258262890681,0.7818314824680298,0.6234898018587336,246.0,251.25,217.88541666666666,73.41225090151902,train
2016-11-02 00:00:00,Bear_public_Valorie,Bear,239.75,11.7,10.6,1021.1,1.5,2.0,0,2,0,11,0.0,1.0,0.9749279121818236,-0.22252093395631434,241.5,246.0,217.625,73.3192097730136,train
2016-11-02 01:00:00,Bear_public_Valorie,Bear,229.75,11.7,10.6,1020.9,0.0,0.0,1,2,0,11,0.25881904510252074,0.9659258262890683,0.9749279121818236,-0.22252093395631434,239.75,244.5,217.01041666666666,73.1457552918157,train
2016-11-02 02:00:00,Bear_public_Valorie,Bear,140.5,11.1,10.0,1020.8,0.0,0.0,2,2,0,11,0.49999999999999994,0.8660254037844387,0.9749279121818236,-0.22252093395631434,229.75,145.75,216.79166666666666,73.37562186488107,train
2016-11-02 03:00:00,Bear_public_Valorie,Bear,43.25,11.1,9.4,1020.7,0.0,0.0,3,2,0,11,0.7071067811865476,0.7071067811865476,0.9749279121818236,-0.22252093395631434,140.5,42.75,216.8125,73.32411112137106,train
2016-11-02 04:00:00,Bear_public_Valorie,Bear,52.5,10.6,8.9,1021.1,0.0,0.0,4,2,0,11,0.8660254037844386,0.5000000000000001,0.9749279121818236,-0.22252093395631434,43.25,55.25,216.69791666666666,73.58923077988656,train
2016-11-02 05:00:00,Bear_public_Valorie,Bear,85.0,10.0,8.3,1020.9,2.1,0.0,5,2,0,11,0.9659258262890683,0.25881904510252074,0.9749279121818236,-0.22252093395631434,52.5,87.25,216.60416666666666,73.76254192054225,train
2016-11-02 06:00:00,Bear_public_Valorie,Bear,120.25,9.4,8.3,1021.5,0.0,2.0,6,2,0,11,1.0,6.123233995736766e-17,0.9749279121818236,-0.22252093395631434,85.0,136.5,215.92708333333334,74.59963716424011,train
2016-11-02 07:00:00,Bear_public_Valorie,Bear,142.5,9.4,8.3,1021.6,1.5,2.0,7,2,0,11,0.9659258262890683,-0.25881904510252063,0.9749279121818236,-0.22252093395631434,120.25,163.5,215.05208333333334,75.36058172599088,train
2016-11-02 08:00:00,Bear_public_Valorie,Bear,159.0,9.4,8.9,1021.8,1.5,2.0,8,2,0,11,0.8660254037844387,-0.4999999999999998,0.9749279121818236,-0.22252093395631434,142.5,175.5,214.36458333333334,75.81101285027195,train
2016-11-02 09:00:00,Bear_public_Valorie,Bear,229.25,12.8,11.1,1022.4,1.5,2.0,9,2,0,11,0.7071067811865476,-0.7071067811865475,0.9749279121818236,-0.22252093395631434,159.0,243.0,213.79166666666666,75.63695707365784,train
2016-11-02 10:00:00,Bear_public_Valorie,Bear,240.0,14.4,11.1,1022.5,3.1,2.0,10,2,0,11,0.49999999999999994,-0.8660254037844387,0.9749279121818236,-0.22252093395631434,229.25,257.75,213.05208333333334,75.27435252225665,train
2016-11-02 11:00:00,Bear_public_Valorie,Bear,250.25,15.6,11.1,1022.6,3.6,2.0,11,2,0,11,0.258819045102521,-0.9659258262890682,0.9749279121818236,-0.22252093395631434,240.0,264.25,212.46875,74.913729821448,train
2016-11-02 12:00:00,Bear_public_Valorie,Bear,257.25,16.7,11.7,1022.4,2.1,2.0,12,2,0,11,1.2246467991473532e-16,-1.0,0.9749279121818236,-0.22252093395631434,250.25,266.25,212.09375,74.65488759517265,train
2016-11-02 13:00:00,Bear_public_Valorie,Bear,265.0,16.7,12.2,1021.9,3.1,2.0,13,2,0,11,-0.2588190451025208,-0.9659258262890683,0.9749279121818236,-0.22252093395631434,257.25,275.25,211.66666666666666,74.3063819991065,train
2016-11-02 14:00:00,Bear_public_Valorie,Bear,328.5,17.8,12.8,1021.3,3.1,2.0,14,2,0,11,-0.4999999999999997,-0.8660254037844388,0.9749279121818236,-0.22252093395631434,265.0,277.25,213.80208333333334,76.96201699987108,train
2016-11-02 15:00:00,Bear_public_Valorie,Bear,324.0,18.9,12.2,1020.9,4.1,2.0,15,2,0,11,-0.7071067811865471,-0.7071067811865479,0.9749279121818236,-0.22252093395631434,328.5,279.0,215.67708333333334,79.13690253792564,train
2016-11-02 16:00:00,Bear_public_Valorie,Bear,327.25,18.9,11.7,1020.8,4.1,2.0,16,2,0,11,-0.8660254037844385,-0.5000000000000004,0.9749279121818236,-0.22252093395631434,324.0,273.5,217.91666666666666,81.56767884330226,train
2016-11-02 17:00:00,Bear_public_Valorie,Bear,327.0,19.4,13.3,1021.1,5.1,2.0,17,2,0,11,-0.9659258262890683,-0.25881904510252063,0.9749279121818236,-0.22252093395631434,327.25,269.25,220.32291666666666,83.9644554444305,train
2016-11-02 18:00:00,Bear_public_Valorie,Bear,311.5,18.9,12.2,1021.2,3.6,2.0,18,2,0,11,-1.0,-1.8369701987210297e-16,0.9749279121818236,-0.22252093395631434,327.0,268.5,222.11458333333334,85.48223115535268,train
2016-11-02 19:00:00,Bear_public_Valorie,Bear,297.75,17.2,12.2,1021.7,3.1,0.0,19,2,0,11,-0.9659258262890684,0.2588190451025203,0.9749279121818236,-0.22252093395631434,311.5,265.25,223.46875,86.44724806707043,train
2016-11-02 20:00:00,Bear_public_Valorie,Bear,292.5,16.1,11.7,1021.6,0.0,0.0,20,2,0,11,-0.8660254037844386,0.5000000000000001,0.9749279121818236,-0.22252093395631434,297.75,260.25,224.8125,87.29037778786315,train
2016-11-02 21:00:00,Bear_public_Valorie,Bear,281.0,15.0,11.1,1021.7,0.0,0.0,21,2,0,11,-0.7071067811865477,0.7071067811865474,0.9749279121818236,-0.22252093395631434,292.5,245.25,226.30208333333334,87.95678840149773,train
2016-11-02 22:00:00,Bear_public_Valorie,Bear,278.5,15.6,11.7,1021.9,1.5,0.0,22,2,0,11,-0.5000000000000004,0.8660254037844384,0.9749279121818236,-0.22252093395631434,281.0,246.0,227.65625,88.52160791543967,train
2016-11-02 23:00:00,Bear_public_Valorie,Bear,267.25,15.0,10.6,1021.9,1.5,0.0,23,2,0,11,-0.25881904510252157,0.9659258262890681,0.9749279121818236,-0.22252093395631434,278.5,241.5,228.72916666666666,88.8521279095668,train
2016-11-03 00:00:00,Bear_public_Valorie,Bear,243.25,14.4,10.0,1022.0,0.0,0.0,0,3,0,11,0.0,1.0,0.43388373911755823,-0.900968867902419,267.25,239.75,228.875,88.87387252388271,train
2016-11-03 01:00:00,Bear_public_Valorie,Bear,238.25,11.7,8.9,1021.9,0.0,0.0,1,3,0,11,0.25881904510252074,0.9659258262890683,0.43388373911755823,-0.900968867902419,243.25,229.75,229.22916666666666,88.89444511997617,train
2016-11-03 02:00:00,Bear_public_Valorie,Bear,137.75,12.2,10.0,1021.7,0.0,0.0,2,3,0,11,0.49999999999999994,0.8660254037844387,0.43388373911755823,-0.900968867902419,238.25,140.5,229.11458333333334,89.01547798870723,train
2016-11-03 03:00:00,Bear_public_Valorie,Bear,44.75,11.7,9.4,1021.8,0.0,0.0,3,3,0,11,0.7071067811865476,0.7071067811865476,0.43388373911755823,-0.900968867902419,137.75,43.25,229.17708333333334,88.87972696310605,train
2016-11-03 04:00:00,Bear_public_Valorie,Bear,56.5,12.2,9.4,1021.5,4.1,0.0,4,3,0,11,0.8660254037844386,0.5000000000000001,0.43388373911755823,-0.900968867902419,44.75,52.5,229.34375,88.53710879146792,train
2016-11-03 05:00:00,Bear_public_Valorie,Bear,89.0,12.8,9.4,1021.5,2.6,0.0,5,3,0,11,0.9659258262890683,0.25881904510252074,0.43388373911755823,-0.900968867902419,56.5,85.0,229.51041666666666,88.25689649018801,train
2016-11-03 06:00:00,Bear_public_Valorie,Bear,145.0,12.8,8.9,1021.6,3.1,0.0,6,3,0,11,1.0,6.123233995736766e-17,0.43388373911755823,-0.900968867902419,89.0,120.25,230.54166666666666,87.06121867457117,train
2016-11-03 07:00:00,Bear_public_Valorie,Bear,168.5,11.7,7.8,1021.7,3.6,0.0,7,3,0,11,0.9659258262890683,-0.25881904510252063,0.43388373911755823,-0.900968867902419,145.0,142.5,231.625,86.07422226851943,train
2016-11-03 08:00:00,Bear_public_Valorie,Bear,185.75,11.1,7.8,1022.2,2.6,4.0,8,3,0,11,0.8660254037844387,-0.4999999999999998,0.43388373911755823,-0.900968867902419,168.5,159.0,232.73958333333334,85.26227054260146,train
2016-11-03 09:00:00,Bear_public_Valorie,Bear,243.75,14.4,10.6,1022.5,1.5,2.0,9,3,0,11,0.7071067811865476,-0.7071067811865475,0.43388373911755823,-0.900968867902419,185.75,229.25,233.34375,85.28783785116222,train
2016-11-03 10:00:00,Bear_public_Valorie,Bear,259.25,16.1,10.0,1022.6,0.0,2.0,10,3,0,11,0.49999999999999994,-0.8660254037844387,0.43388373911755823,-0.900968867902419,243.75,240.0,234.14583333333334,85.44353324382402,train
2016-11-03 11:00:00,Bear_public_Valorie,Bear,293.25,16.7,12.2,1022.5,2.6,2.0,11,3,0,11,0.258819045102521,-0.9659258262890682,0.43388373911755823,-0.900968867902419,259.25,250.25,235.9375,86.24299751032122,train
2016-11-03 12:00:00,Bear_public_Valorie,Bear,337.5,17.8,11.7,1022.0,3.1,2.0,12,3,0,11,1.2246467991473532e-16,-1.0,0.43388373911755823,-0.900968867902419,293.25,257.25,239.28125,88.62795688634532,train
2016-11-03 13:00:00,Bear_public_Valorie,Bear,325.25,18.3,13.3,1021.0,3.6,2.0,13,3,0,11,-0.2588190451025208,-0.9659258262890683,0.43388373911755823,-0.900968867902419,337.5,265.0,241.79166666666666,90.226998353509,train
2016-11-03 14:00:00,Bear_public_Valorie,Bear,321.5,20.0,13.3,1020.3,2.6,2.0,14,3,0,11,-0.4999999999999997,-0.8660254037844388,0.43388373911755823,-0.900968867902419,325.25,328.5,241.5,89.94539406241732,train
2016-11-03 15:00:00,Bear_public_Valorie,Bear,319.75,21.1,11.7,1019.5,3.6,2.0,15,3,0,11,-0.7071067811865471,-0.7071067811865479,0.43388373911755823,-0.900968867902419,321.5,324.0,241.32291666666666,89.77993866546925,train
2016-11-03 16:00:00,Bear_public_Valorie,Bear,311.0,21.7,12.2,1019.1,3.6,2.4,16,3,0,11,-0.8660254037844385,-0.5000000000000004,0.43388373911755823,-0.900968867902419,319.75,327.25,240.64583333333334,89.16289186781651,train
2016-11-03 17:00:00,Bear_public_Valorie,Bear,310.75,23.3,8.9,1018.9,3.6,2.8,17,3,0,11,-0.9659258262890683,-0.25881904510252063,0.43388373911755823,-0.900968867902419,311.0,327.0,239.96875,88.53813697141825,train
2016-11-03 18:00:00,Bear_public_Valorie,Bear,305.25,20.0,9.4,1018.6,2.1,3.2,18,3,0,11,-1.0,-1.8369701987210297e-16,0.43388373911755823,-0.900968867902419,310.75,311.5,239.70833333333334,88.32753604164706,train
2016-11-03 19:00:00,Bear_public_Valorie,Bear,306.0,18.9,8.9,1018.7,1.5,3.6,19,3,0,11,-0.9659258262890684,0.2588190451025203,0.43388373911755823,-0.900968867902419,305.25,297.75,240.05208333333334,88.57893738155241,train
2016-11-03 20:00:00,Bear_public_Valorie,Bear,301.0,16.7,10.0,1018.9,2.1,4.0,20,3,0,11,-0.8660254037844386,0.5000000000000001,0.43388373911755823,-0.900968867902419,306.0,292.5,240.40625,88.81443810417834,train
2016-11-03 21:00:00,Bear_public_Valorie,Bear,275.75,17.8,9.4,1019.1,3.1,4.0,21,3,0,11,-0.7071067811865477,0.7071067811865474,0.43388373911755823,-0.900968867902419,301.0,281.0,240.1875,88.716520016923,train
2016-11-03 22:00:00,Bear_public_Valorie,Bear,269.5,15.0,9.4,1019.2,2.6,4.0,22,3,0,11,-0.5000000000000004,0.8660254037844384,0.43388373911755823,-0.900968867902419,275.75,278.5,239.8125,88.56642833636754,train
2016-11-03 23:00:00,Bear_public_Valorie,Bear,269.75,15.0,10.0,1018.9,2.1,4.0,23,3,0,11,-0.25881904510252157,0.9659258262890681,0.43388373911755823,-0.900968867902419,269.5,267.25,239.91666666666666,88.60156499092234,train
2016-11-04 00:00:00,Bear_public_Valorie,Bear,265.25,14.4,9.4,1019.2,0.0,0.0,0,4,0,11,0.0,1.0,-0.433883739117558,-0.9009688679024191,269.75,243.25,240.83333333333334,88.7512298343043,train
2016-11-04 01:00:00,Bear_public_Valorie,Bear,230.75,13.9,9.4,1019.2,0.0,0.0,1,4,0,11,0.25881904510252074,0.9659258262890683,-0.433883739117558,-0.9009688679024191,265.25,238.25,240.52083333333334,88.77392257701696,train
2016-11-04 02:00:00,Bear_public_Valorie,Bear,133.5,12.8,9.4,1019.3,0.0,2.0,2,4,0,11,0.49999999999999994,0.8660254037844387,-0.433883739117558,-0.9009688679024191,230.75,137.75,240.34375,88.99181119203713,train
2016-11-04 03:00:00,Bear_public_Valorie,Bear,42.5,11.7,10.0,1019.7,0.0,2.0,3,4,0,11,0.7071067811865476,0.7071067811865476,-0.433883739117558,-0.9009688679024191,133.5,44.75,240.25,89.20774483827337,train
2016-11-04 04:00:00,Bear_public_Valorie,Bear,61.75,13.3,10.6,1019.6,0.0,0.0,4,4,0,11,0.8660254037844386,0.5000000000000001,-0.433883739117558,-0.9009688679024191,42.5,56.5,240.46875,88.74279862087556,train
2016-11-04 05:00:00,Bear_public_Valorie,Bear,87.5,13.3,11.1,1019.4,0.0,2.0,5,4,0,11,0.9659258262890683,0.25881904510252074,-0.433883739117558,-0.9009688679024191,61.75,89.0,240.40625,88.85457135422766,train
2016-11-04 06:00:00,Bear_public_Valorie,Bear,137.25,13.3,10.6,1019.6,2.1,4.0,6,4,0,11,1.0,6.123233995736766e-17,-0.433883739117558,-0.9009688679024191,87.5,145.0,240.08333333333334,89.22966418750296,train
2016-11-04 07:00:00,Bear_public_Valorie,Bear,165.25,13.9,10.6,1019.4,4.1,0.0,7,4,0,11,0.9659258262890683,-0.25881904510252063,-0.433883739117558,-0.9009688679024191,137.25,168.5,239.94791666666666,89.34541481041421,train
2016-11-04 08:00:00,Bear_public_Valorie,Bear,184.25,13.9,10.0,1019.6,2.1,4.0,8,4,0,11,0.8660254037844387,-0.4999999999999998,-0.433883739117558,-0.9009688679024191,165.25,185.75,239.88541666666666,89.38549206176158,train
2016-11-04 09:00:00,Bear_public_Valorie,Bear,243.75,15.6,12.8,1020.4,2.1,4.0,9,4,0,11,0.7071067811865476,-0.7071067811865475,-0.433883739117558,-0.9009688679024191,184.25,243.75,239.88541666666666,89.38549206176158,train
2016-11-04 10:00:00,Bear_public_Valorie,Bear,253.25,17.2,12.2,1020.7,0.0,4.0,10,4,0,11,0.49999999999999994,-0.8660254037844387,-0.433883739117558,-0.9009688679024191,243.75,259.25,239.63541666666666,89.33735461862344,train
2016-11-04 11:00:00,Bear_public_Valorie,Bear,293.25,17.2,12.8,1021.2,3.1,2.0,11,4,0,11,0.258819045102521,-0.9659258262890682,-0.433883739117558,-0.9009688679024191,253.25,293.25,239.63541666666666,89.33735461862344,train
2016-11-04 12:00:00,Bear_public_Valorie,Bear,334.75,18.9,12.8,1020.8,3.1,2.0,12,4,0,11,1.2246467991473532e-16,-1.0,-0.433883739117558,-0.9009688679024191,293.25,337.5,239.52083333333334,89.20804691314582,train
2016-11-04 13:00:00,Bear_public_Valorie,Bear,334.5,20.0,13.9,1020.1,4.6,2.0,13,4,0,11,-0.2588190451025208,-0.9659258262890683,-0.433883739117558,-0.9009688679024191,334.75,325.25,239.90625,89.61359722199123,train
2016-11-04 14:00:00,Bear_public_Valorie,Bear,305.5,20.6,12.8,1019.7,4.6,2.0,14,4,0,11,-0.4999999999999997,-0.8660254037844388,-0.433883739117558,-0.9009688679024191,334.5,321.5,239.23958333333334,89.03786685787966,train
2016-11-04 15:00:00,Bear_public_Valorie,Bear,299.5,21.7,12.2,1019.5,5.7,2.0,15,4,0,11,-0.7071067811865471,-0.7071067811865479,-0.433883739117558,-0.9009688679024191,305.5,319.75,238.39583333333334,88.33492700914063,train
2016-11-04 16:00:00,Bear_public_Valorie,Bear,310.0,22.2,11.1,1019.1,4.6,2.0,16,4,0,11,-0.8660254037844385,-0.5000000000000004,-0.433883739117558,-0.9009688679024191,299.5,311.0,238.35416666666666,88.299420103304,train
2016-11-04 17:00:00,Bear_public_Valorie,Bear,309.25,22.2,11.1,1019.1,3.1,2.0,17,4,0,11,-0.9659258262890683,-0.25881904510252063,-0.433883739117558,-0.9009688679024191,310.0,310.75,238.29166666666666,88.24646398466716,train
2016-11-04 18:00:00,Bear_public_Valorie,Bear,308.5,19.4,13.3,1018.9,1.5,2.0,18,4,0,11,-1.0,-1.8369701987210297e-16,-0.433883739117558,-0.9009688679024191,309.25,305.25,238.42708333333334,88.35610628140084,train
2016-11-04 19:00:00,Bear_public_Valorie,Bear,290.75,18.3,13.3,1019.1,2.6,2.0,19,4,0,11,-0.9659258262890684,0.2588190451025203,-0.433883739117558,-0.9009688679024191,308.5,306.0,237.79166666666666,87.90269653412841,train
2016-11-04 20:00:00,Bear_public_Valorie,Bear,280.0,15.6,11.7,1019.4,0.0,2.0,20,4,0,11,-0.8660254037844386,0.5000000000000001,-0.433883739117558,-0.9009688679024191,290.75,301.0,236.91666666666666,87.34892755453608,train
2016-11-04 21:00:00,Bear_public_Valorie,Bear,268.0,14.4,12.2,1019.5,1.5,2.0,21,4,0,11,-0.7071067811865477,0.7071067811865474,-0.433883739117558,-0.9009688679024191,280.0,275.75,236.59375,87.213344502084,train
2016-11-04 22:00:00,Bear_public_Valorie,Bear,156.25,14.4,11.7,1019.9,1.5,2.0,22,4,0,11,-0.5000000000000004,0.8660254037844384,-0.433883739117558,-0.9009688679024191,268.0,269.5,231.875,88.41103364153858,train
2016-11-04 23:00:00,Bear_public_Valorie,Bear,57.0,16.1,12.8,1020.0,0.0,2.0,23,4,0,11,-0.25881904510252157,0.9659258262890681,-0.433883739117558,-0.9009688679024191,156.25,269.75,223.01041666666666,94.87762367245465,train
2016-11-05 00:00:00,Bear_public_Valorie,Bear,42.75,15.0,12.2,1020.3,1.5,2.0,0,5,1,11,0.0,1.0,-0.9749279121818236,-0.2225209339563146,57.0,265.25,213.73958333333334,101.22884854664575,train
2016-11-05 01:00:00,Bear_public_Valorie,Bear,42.5,13.3,11.1,1020.1,0.0,2.0,1,5,1,11,0.25881904510252074,0.9659258262890683,-0.9749279121818236,-0.2225209339563146,42.75,230.75,205.89583333333334,106.9832350912036,train
2016-11-05 02:00:00,Bear_public_Valorie,Bear,42.25,12.2,10.6,1020.0,0.0,2.0,2,5,1,11,0.49999999999999994,0.8660254037844387,-0.9749279121818236,-0.2225209339563146,42.5,133.5,202.09375,111.20610547097566,train
2016-11-05 03:00:00,Bear_public_Valorie,Bear,42.75,11.7,10.0,1019.9,0.0,2.0,3,5,1,11,0.7071067811865476,0.7071067811865476,-0.9749279121818236,-0.2225209339563146,42.25,42.5,202.10416666666666,111.19051699151598,train
2016-11-05 04:00:00,Bear_public_Valorie,Bear,49.25,12.2,11.1,1019.5,0.0,2.0,4,5,1,11,0.8660254037844386,0.5000000000000001,-0.9749279121818236,-0.2225209339563146,42.75,61.75,201.58333333333334,111.90353150065847,train
2016-11-05 05:00:00,Bear_public_Valorie,Bear,69.0,11.7,10.0,1019.5,1.5,2.0,5,5,1,11,0.9659258262890683,0.25881904510252074,-0.9749279121818236,-0.2225209339563146,49.25,87.5,200.8125,112.7838026549219,train
2016-11-05 06:00:00,Bear_public_Valorie,Bear,107.0,11.7,10.6,1019.3,0.0,2.0,6,5,1,11,1.0,6.123233995736766e-17,-0.9749279121818236,-0.2225209339563146,69.0,137.25,199.55208333333334,113.69041629064695,train
2016-11-05 07:00:00,Bear_public_Valorie,Bear,120.75,10.6,9.4,1019.0,0.0,2.0,7,5,1,11,0.9659258262890683,-0.25881904510252063,-0.9749279121818236,-0.2225209339563146,107.0,165.25,197.69791666666666,114.6331336113516,train
2016-11-05 08:00:00,Bear_public_Valorie,Bear,139.75,10.0,8.9,1019.1,2.1,2.0,8,5,1,11,0.8660254037844387,-0.4999999999999998,-0.9749279121818236,-0.2225209339563146,120.75,184.25,195.84375,115.21850254540007,train
2016-11-05 09:00:00,Bear_public_Valorie,Bear,225.5,13.9,12.8,1019.5,1.5,2.0,9,5,1,11,0.7071067811865476,-0.7071067811865475,-0.9749279121818236,-0.2225209339563146,139.75,243.75,195.08333333333334,114.94849193052279,train
2016-11-05 10:00:00,Bear_public_Valorie,Bear,242.5,16.7,12.8,1019.5,1.5,4.0,10,5,1,11,0.49999999999999994,-0.8660254037844387,-0.9749279121818236,-0.2225209339563146,225.5,253.25,194.63541666666666,114.73272293841165,train
2016-11-05 11:00:00,Bear_public_Valorie,Bear,252.5,16.7,13.3,1019.8,3.6,4.0,11,5,1,11,0.258819045102521,-0.9659258262890682,-0.9749279121818236,-0.2225209339563146,242.5,293.25,192.9375,113.50484212042507,train
2016-11-05 12:00:00,Bear_public_Valorie,Bear,266.25,18.3,13.9,1019.5,2.6,4.0,12,5,1,11,1.2246467991473532e-16,-1.0,-0.9749279121818236,-0.2225209339563146,252.5,334.75,190.08333333333334,110.60809356606255,train
2016-11-05 13:00:00,Bear_public_Valorie,Bear,262.5,17.8,13.3,1019.3,4.1,4.0,13,5,1,11,-0.2588190451025208,-0.9659258262890683,-0.9749279121818236,-0.2225209339563146,266.25,334.5,187.08333333333334,107.45220541838762,train
2016-11-05 14:00:00,Bear_public_Valorie,Bear,264.75,18.3,13.3,1018.9,6.2,4.0,14,5,1,11,-0.4999999999999997,-0.8660254037844388,-0.9749279121818236,-0.2225209339563146,262.5,305.5,185.38541666666666,105.80907177262289,train
2016-11-05 15:00:00,Bear_public_Valorie,Bear,320.0,18.3,14.4,1018.8,3.6,4.0,15,5,1,11,-0.7071067811865471,-0.7071067811865479,-0.9749279121818236,-0.2225209339563146,264.75,299.5,186.23958333333334,106.84798423274748,train
2016-11-05 16:00:00,Bear_public_Valorie,Bear,308.75,19.4,14.4,1018.6,4.6,4.0,16,5,1,11,-0.8660254037844385,-0.5000000000000004,-0.9749279121818236,-0.2225209339563146,320.0,310.0,186.1875,106.78532024377331,train
2016-11-05 17:00:00,Bear_public_Valorie,Bear,290.6,18.9,14.4,1018.3,4.1,2.0,17,5,1,11,-0.9659258262890683,-0.25881904510252063,-0.9749279121818236,-0.2225209339563146,308.75,309.25,185.41041666666663,105.91516393790248,train
2016-11-05 18:00:00,Bear_public_Valorie,Bear,277.5,18.3,14.4,1018.1,4.1,2.0,18,5,1,11,-1.0,-1.8369701987210297e-16,-0.9749279121818236,-0.2225209339563146,290.6,308.5,184.11874999999998,104.52873727239258,train
2016-11-05 19:00:00,Bear_public_Valorie,Bear,276.25,17.8,13.9,1017.8,2.1,2.0,19,5,1,11,-0.9659258262890684,0.2588190451025203,-0.9749279121818236,-0.2225209339563146,277.5,290.75,183.51458333333332,103.92578714929925,train
2016-11-05 20:00:00,Bear_public_Valorie,Bear,271.75,17.8,14.4,1017.8,2.6,2.0,20,5,1,11,-0.8660254037844386,0.5000000000000001,-0.9749279121818236,-0.2225209339563146,276.25,280.0,183.17083333333332,103.60592344643432,train
2016-11-05 21:00:00,Bear_public_Valorie,Bear,270.5,17.8,14.4,1018.1,3.1,2.0,21,5,1,11,-0.7071067811865477,0.7071067811865474,-0.9749279121818236,-0.2225209339563146,271.75,268.0,183.27499999999998,103.69613740657596,train
2016-11-05 22:00:00,Bear_public_Valorie,Bear,150.75,17.2,14.4,1018.5,3.1,2.0,22,5,1,11,-0.5000000000000004,0.8660254037844384,-0.9749279121818236,-0.2225209339563146,270.5,156.25,183.04583333333332,103.76451382679026,train
2016-11-05 23:00:00,Bear_public_Valorie,Bear,57.0,17.2,15.0,1018.7,1.5,2.0,23,5,1,11,-0.25881904510252157,0.9659258262890681,-0.9749279121818236,-0.2225209339563146,150.75,57.0,183.04583333333332,103.76451382679026,train
2016-11-06 00:00:00,Bear_public_Valorie,Bear,62.5,16.7,14.4,1018.5,0.0,2.0,0,6,1,11,0.0,1.0,-0.7818314824680299,0.6234898018587334,57.0,42.75,183.86874999999998,102.67611255629966,train
2016-11-06 01:00:00,Bear_public_Valorie,Bear,63.25,16.95,14.7,1018.3,2.85,2.0,1,6,1,11,0.25881904510252074,0.9659258262890683,-0.7818314824680299,0.6234898018587334,62.5,42.5,184.73333333333332,101.51475654850114,train
2016-11-06 02:00:00,Bear_public_Valorie,Bear,57.25,16.1,14.4,1018.3,2.6,2.0,2,6,1,11,0.49999999999999994,0.8660254037844387,-0.7818314824680299,0.6234898018587334,63.25,42.25,185.35833333333332,100.64180528495352,train
2016-11-06 03:00:00,Bear_public_Valorie,Bear,66.0,16.1,14.4,1018.1,3.6,2.0,3,6,1,11,0.7071067811865476,0.7071067811865476,-0.7818314824680299,0.6234898018587334,57.25,42.75,186.32708333333332,99.31253476116906,train
2016-11-06 04:00:00,Bear_public_Valorie,Bear,88.25,16.1,13.9,1017.6,4.6,2.0,4,6,1,11,0.8660254037844386,0.5000000000000001,-0.7818314824680299,0.6234898018587334,66.0,49.25,187.95208333333332,97.27016218755247,train
2016-11-06 05:00:00,Bear_public_Valorie,Bear,84.25,16.1,13.9,1017.9,4.6,2.0,5,6,1,11,0.9659258262890683,0.25881904510252074,-0.7818314824680299,0.6234898018587334,88.25,69.0,188.58749999999998,96.5061332247853,train
2016-11-06 06:00:00,Bear_public_Valorie,Bear,82.75,16.1,14.4,1018.0,4.1,2.0,6,6,1,11,1.0,6.123233995736766e-17,-0.7818314824680299,0.6234898018587334,84.25,107.0,187.57708333333332,97.51912407670822,train
2016-11-06 07:00:00,Bear_public_Valorie,Bear,66.0,16.1,13.9,1018.7,2.1,2.0,7,6,1,11,0.9659258262890683,-0.25881904510252063,-0.7818314824680299,0.6234898018587334,82.75,120.75,185.29583333333332,99.76488874028942,train
2016-11-06 08:00:00,Bear_public_Valorie,Bear,65.0,15.6,14.4,1019.3,1.5,2.0,8,6,1,11,0.8660254037844387,-0.4999999999999998,-0.7818314824680299,0.6234898018587334,66.0,139.75,182.18124999999998,102.38113129964748,train
2016-11-06 09:00:00,Bear_public_Valorie,Bear,65.75,16.1,15.0,1019.6,0.0,2.0,9,6,1,11,0.7071067811865476,-0.7071067811865475,-0.7818314824680299,0.6234898018587334,65.0,225.5,175.52499999999998,104.61107992692868,train
2016-11-06 10:00:00,Bear_public_Valorie,Bear,152.5,17.2,15.6,1019.6,2.6,2.0,10,6,1,11,0.49999999999999994,-0.8660254037844387,-0.7818314824680299,0.6234898018587334,65.75,242.5,171.775,103.71511880900111,train
2016-11-06 11:00:00,Bear_public_Valorie,Bear,225.75,17.2,15.6,1020.1,0.0,2.0,11,6,1,11,0.258819045102521,-0.9659258262890682,-0.7818314824680299,0.6234898018587334,152.5,252.5,170.66041666666666,102.95080186266965,train
2016-11-06 12:00:00,Bear_public_Valorie,Bear,291.25,18.9,15.6,1019.8,1.5,2.0,12,6,1,11,1.2246467991473532e-16,-1.0,-0.7818314824680299,0.6234898018587334,225.75,266.25,171.70208333333335,104.08031856629916,train
2016-11-06 13:00:00,Bear_public_Valorie,Bear,311.5,19.4,15.6,1019.4,1.5,2.0,13,6,1,11,-0.2588190451025208,-0.9659258262890683,-0.7818314824680299,0.6234898018587334,291.25,262.5,173.74375,106.39376137367798,train
2016-11-06 14:00:00,Bear_public_Valorie,Bear,320.0,20.0,15.0,1019.1,2.6,2.0,14,6,1,11,-0.4999999999999997,-0.8660254037844388,-0.7818314824680299,0.6234898018587334,311.5,264.75,176.04583333333335,109.01398186816967,train
2016-11-06 15:00:00,Bear_public_Valorie,Bear,324.5,20.6,15.0,1019.2,3.1,2.0,15,6,1,11,-0.7071067811865471,-0.7071067811865479,-0.7818314824680299,0.6234898018587334,320.0,320.0,176.23333333333335,109.27589800160864,train
2016-11-06 16:00:00,Bear_public_Valorie,Bear,320.25,20.0,15.0,1019.4,3.6,2.0,16,6,1,11,-0.8660254037844385,-0.5000000000000004,-0.7818314824680299,0.6234898018587334,324.5,308.75,176.7125,109.90563664977019,train
2016-11-06 17:00:00,Bear_public_Valorie,Bear,315.5,18.9,14.4,1019.5,3.1,2.0,17,6,1,11,-0.9659258262890683,-0.25881904510252063,-0.7818314824680299,0.6234898018587334,320.25,290.6,177.75,111.13808489011983,train
2016-11-06 18:00:00,Bear_public_Valorie,Bear,300.25,17.8,14.4,1019.8,3.1,4.0,18,6,1,11,-1.0,-1.8369701987210297e-16,-0.7818314824680299,0.6234898018587334,315.5,277.5,178.69791666666666,112.11855572985802,train
2016-11-06 19:00:00,Bear_public_Valorie,Bear,291.5,17.2,15.0,1020.1,2.6,4.0,19,6,1,11,-0.9659258262890684,0.2588190451025203,-0.7818314824680299,0.6234898018587334,300.25,276.25,179.33333333333334,112.7369646052518,train
2016-11-06 20:00:00,Bear_public_Valorie,Bear,260.0,17.2,15.0,1019.9,1.5,4.0,20,6,1,11,-0.8660254037844386,0.5000000000000001,-0.7818314824680299,0.6234898018587334,291.5,271.75,178.84375,112.34300186453443,train
2016-11-06 21:00:00,Bear_public_Valorie,Bear,251.75,16.7,15.0,1019.5,0.0,4.0,21,6,1,11,-0.7071067811865477,0.7071067811865474,-0.7818314824680299,0.6234898018587334,260.0,270.5,178.0625,111.74148275099677,train
2016-11-06 22:00:00,Bear_public_Valorie,Bear,251.25,16.7,14.4,1020.0,2.1,4.0,22,6,1,11,-0.5000000000000004,0.8660254037844384,-0.7818314824680299,0.6234898018587334,251.75,150.75,182.25,112.55361041473219,train
2016-11-06 23:00:00,Bear_public_Valorie,Bear,247.75,16.1,14.4,1020.0,1.5,4.0,23,6,1,11,-0.25881904510252157,0.9659258262890681,-0.7818314824680299,0.6234898018587334,251.25,57.0,190.19791666666666,110.0311956547331,train
2016-11-07 00:00:00,Bear_public_Valorie,Bear,242.25,16.1,14.4,1020.1,0.0,4.0,0,0,0,11,0.0,1.0,0.0,1.0,247.75,62.5,197.6875,107.03804306433996,train
2016-11-07 01:00:00,Bear_public_Valorie,Bear,242.25,16.1,14.4,1019.5,1.5,2.0,1,0,0,11,0.25881904510252074,0.9659258262890683,0.0,1.0,242.25,63.25,205.14583333333334,103.43904203281608,train
2016-11-07 02:00:00,Bear_public_Valorie,Bear,122.25,16.1,14.4,1019.8,0.0,2.0,2,0,0,11,0.49999999999999994,0.8660254037844387,0.0,1.0,242.25,57.25,207.85416666666666,100.19852350368674,test
2016-11-07 03:00:00,Bear_public_Valorie,Bear,42.75,13.9,12.8,1020.1,0.0,2.0,3,0,0,11,0.7071067811865476,0.7071067811865476,0.0,1.0,122.25,66.0,206.88541666666666,101.73032816905724,test
2016-11-07 04:00:00,Bear_public_Valorie,Bear,52.25,13.9,13.3,1020.0,0.0,2.0,4,0,0,11,0.8660254037844386,0.5000000000000001,0.0,1.0,42.75,88.25,205.38541666666666,103.80000050176632,test
2016-11-07 05:00:00,Bear_public_Valorie,Bear,79.75,14.4,13.3,1020.5,0.0,4.0,5,0,0,11,0.9659258262890683,0.25881904510252074,0.0,1.0,52.25,84.25,205.19791666666666,104.03213286953257,test
2016-11-07 06:00:00,Bear_public_Valorie,Bear,138.75,13.9,12.8,1020.4,2.1,4.0,6,0,0,11,1.0,6.123233995736766e-17,0.0,1.0,79.75,82.75,207.53125,101.76975592045369,test
2016-11-07 07:00:00,Bear_public_Valorie,Bear,170.5,14.4,12.8,1020.9,2.1,4.0,7,0,0,11,0.9659258262890683,-0.25881904510252063,0.0,1.0,138.75,66.0,211.88541666666666,97.60125676218517,test
2016-11-07 08:00:00,Bear_public_Valorie,Bear,196.5,16.1,15.0,1021.4,0.0,4.0,8,0,0,11,0.8660254037844387,-0.4999999999999998,0.0,1.0,170.5,65.0,217.36458333333334,92.55761951483873,test
2016-11-07 09:00:00,Bear_public_Valorie,Bear,252.0,17.2,15.6,1021.7,1.5,4.0,9,0,0,11,0.7071067811865476,-0.7071067811865475,0.0,1.0,196.5,65.75,225.125,86.92981926968965,test
2016-11-07 10:00:00,Bear_public_Valorie,Bear,309.25,17.8,16.1,1021.5,2.1,4.0,10,0,0,11,0.49999999999999994,-0.8660254037844387,0.0,1.0,252.0,152.5,231.65625,87.12437425700087,test
2016-11-07 11:00:00,Bear_public_Valorie,Bear,313.5,18.3,15.0,1021.4,2.1,4.0,11,0,0,11,0.258819045102521,-0.9659258262890682,0.0,1.0,309.25,225.75,235.3125,88.69287046735592,test
2016-11-07 12:00:00,Bear_public_Valorie,Bear,314.0,18.9,15.6,1020.7,3.1,4.0,12,0,0,11,1.2246467991473532e-16,-1.0,0.0,1.0,313.5,291.25,236.26041666666666,89.4351683807726,test
2016-11-07 13:00:00,Bear_public_Valorie,Bear,321.5,20.0,13.9,1019.9,3.6,2.0,13,0,0,11,-0.2588190451025208,-0.9659258262890683,0.0,1.0,314.0,311.5,236.67708333333334,89.82339191213775,test
2016-11-07 14:00:00,Bear_public_Valorie,Bear,321.0,20.0,13.9,1019.8,3.6,4.0,14,0,0,11,-0.4999999999999997,-0.8660254037844388,0.0,1.0,321.5,320.0,236.71875,89.86394645397371,test
2016-11-07 15:00:00,Bear_public_Valorie,Bear,326.25,20.6,13.9,1019.6,3.1,4.0,15,0,0,11,-0.7071067811865471,-0.7071067811865479,0.0,1.0,321.0,324.5,236.79166666666666,89.93894869717829,test
2016-11-07 16:00:00,Bear_public_Valorie,Bear,334.25,20.0,15.0,1019.7,3.6,4.0,16,0,0,11,-0.8660254037844385,-0.5000000000000004,0.0,1.0,326.25,320.25,237.375,90.54712921288946,test
2016-11-07 17:00:00,Bear_public_Valorie,Bear,327.25,19.4,15.0,1019.6,2.1,4.0,17,0,0,11,-0.9659258262890683,-0.25881904510252063,0.0,1.0,334.25,315.5,237.86458333333334,91.01845187887774,test
2016-11-07 18:00:00,Bear_public_Valorie,Bear,324.0,18.9,15.0,1020.1,1.5,4.0,18,0,0,11,-1.0,-1.8369701987210297e-16,0.0,1.0,327.25,300.25,238.85416666666666,91.85151405424963,test
2016-11-07 19:00:00,Bear_public_Valorie,Bear,317.5,18.3,13.9,1019.9,2.6,4.0,19,0,0,11,-0.9659258262890684,0.2588190451025203,0.0,1.0,324.0,291.5,239.9375,92.64929931221027,test
2016-11-07 20:00:00,Bear_public_Valorie,Bear,314.25,18.3,13.9,1020.1,3.6,4.0,20,0,0,11,-0.8660254037844386,0.5000000000000001,0.0,1.0,317.5,260.0,242.19791666666666,93.81451343077826,test
2016-11-07 21:00:00,Bear_public_Valorie,Bear,305.5,18.3,13.9,1020.1,3.6,3.5,21,0,0,11,-0.7071067811865477,0.7071067811865474,0.0,1.0,314.25,251.75,244.4375,94.68994741420232,test
2016-11-07 22:00:00,Bear_public_Valorie,Bear,300.25,18.9,13.9,1020.1,3.1,3.0,22,0,0,11,-0.5000000000000004,0.8660254037844384,0.0,1.0,305.5,251.25,246.47916666666666,95.36904624606515,test
2016-11-07 23:00:00,Bear_public_Valorie,Bear,286.5,16.7,12.8,1020.1,2.1,2.5,23,0,0,11,-0.25881904510252157,0.9659258262890681,0.0,1.0,300.25,247.75,248.09375,95.7188708763736,test
2016-11-08 00:00:00,Bear_public_Valorie,Bear,277.25,16.1,13.3,1020.0,3.1,2.0,0,1,0,11,0.0,1.0,0.7818314824680298,0.6234898018587336,286.5,242.25,249.55208333333334,95.89243235223306,test
2016-11-08 01:00:00,Bear_public_Valorie,Bear,267.0,15.6,13.3,1019.8,1.5,2.0,1,1,0,11,0.25881904510252074,0.9659258262890683,0.7818314824680298,0.6234898018587336,277.25,242.25,250.58333333333334,95.94355979776196,test
2016-11-08 02:00:00,Bear_public_Valorie,Bear,141.25,16.1,13.3,1019.8,1.5,2.0,2,1,0,11,0.49999999999999994,0.8660254037844387,0.7818314824680298,0.6234898018587336,267.0,122.25,251.375,94.91142896314514,test
2016-11-08 03:00:00,Bear_public_Valorie,Bear,58.5,15.0,12.2,1019.6,2.6,2.0,3,1,0,11,0.7071067811865476,0.7071067811865476,0.7818314824680298,0.6234898018587336,141.25,42.75,252.03125,93.4493966906576,test
2016-11-08 04:00:00,Bear_public_Valorie,Bear,82.25,15.6,12.8,1019.6,0.0,2.0,4,1,0,11,0.8660254037844386,0.5000000000000001,0.7818314824680298,0.6234898018587336,58.5,52.25,253.28125,90.82467320935989,test
2016-11-08 05:00:00,Bear_public_Valorie,Bear,104.25,15.6,12.8,1019.8,2.1,2.0,5,1,0,11,0.9659258262890683,0.25881904510252074,0.7818314824680298,0.6234898018587336,82.25,79.75,254.30208333333334,88.9068876374835,test
2016-11-08 06:00:00,Bear_public_Valorie,Bear,136.5,13.9,11.7,1020.3,0.0,0.0,6,1,0,11,1.0,6.123233995736766e-17,0.7818314824680298,0.6234898018587336,104.25,138.75,254.20833333333334,89.03512578296538,test
2016-11-08 07:00:00,Bear_public_Valorie,Bear,168.0,13.9,12.2,1020.8,0.0,1.0,7,1,0,11,0.9659258262890683,-0.25881904510252063,0.7818314824680298,0.6234898018587336,136.5,170.5,254.10416666666666,89.13872056308217,test
2016-11-08 08:00:00,Bear_public_Valorie,Bear,202.25,17.8,15.6,1021.5,2.1,2.0,8,1,0,11,0.8660254037844387,-0.4999999999999998,0.7818314824680298,0.6234898018587336,168.0,196.5,254.34375,88.98475725907545,test
2016-11-08 09:00:00,Bear_public_Valorie,Bear,317.0,18.3,15.0,1021.7,1.5,3.0,9,1,0,11,0.7071067811865476,-0.7071067811865475,0.7818314824680298,0.6234898018587336,202.25,252.0,257.0520833333333,89.8948352716359,test
2016-11-08 10:00:00,Bear_public_Valorie,Bear,322.75,18.9,15.0,1021.7,2.1,4.0,10,1,0,11,0.49999999999999994,-0.8660254037844387,0.7818314824680298,0.6234898018587336,317.0,309.25,257.6145833333333,90.27707889454524,test
2016-11-08 11:00:00,Bear_public_Valorie,Bear,330.25,19.4,15.0,1021.4,2.6,2.0,11,1,0,11,0.258819045102521,-0.9659258262890682,0.7818314824680298,0.6234898018587336,322.75,313.5,258.3125,90.79118570750123,test
2016-11-08 12:00:00,Bear_public_Valorie,Bear,313.5,20.6,13.9,1020.6,3.1,2.0,12,1,0,11,1.2246467991473532e-16,-1.0,0.7818314824680298,0.6234898018587336,330.25,314.0,258.2916666666667,90.77790823316249,test
2016-11-08 13:00:00,Bear_public_Valorie,Bear,295.75,21.7,14.4,1019.8,3.6,2.0,13,1,0,11,-0.2588190451025208,-0.9659258262890683,0.7818314824680298,0.6234898018587336,313.5,321.5,257.21875,90.1483473196075,test
2016-11-08 14:00:00,Bear_public_Valorie,Bear,303.25,22.8,15.0,1019.2,5.1,2.0,14,1,0,11,-0.4999999999999997,-0.8660254037844388,0.7818314824680298,0.6234898018587336,295.75,321.0,256.4791666666667,89.6738933904242,test
2016-11-08 15:00:00,Bear_public_Valorie,Bear,298.75,22.8,15.0,1018.9,4.1,2.0,15,1,0,11,-0.7071067811865471,-0.7071067811865479,0.7818314824680298,0.6234898018587336,303.25,326.25,255.33333333333334,88.91610807588455,test
2016-11-08 16:00:00,Bear_public_Valorie,Bear,291.5,22.2,15.0,1018.7,4.1,2.5,16,1,0,11,-0.8660254037844385,-0.5000000000000004,0.7818314824680298,0.6234898018587336,298.75,334.25,253.55208333333334,87.68613677445025,test
2016-11-08 17:00:00,Bear_public_Valorie,Bear,289.75,21.7,14.4,1018.7,2.6,3.0,17,1,0,11,-0.9659258262890683,-0.25881904510252063,0.7818314824680298,0.6234898018587336,291.5,327.25,251.98958333333334,86.64371321076524,test
2016-11-08 18:00:00,Bear_public_Valorie,Bear,319.0732,20.0,14.4,1018.9,3.1,3.5,18,1,0,11,-1.0,-1.8369701987210297e-16,0.7818314824680298,0.6234898018587336,289.75,324.0,251.7843,86.4713473586536,test
2016-11-08 19:00:00,Bear_public_Valorie,Bear,313.975,20.0,13.9,1019.4,3.1,4.0,19,1,0,11,-0.9659258262890684,0.2588190451025203,0.7818314824680298,0.6234898018587336,319.0732,317.5,251.637425,86.35779268684301,test
2016-11-08 20:00:00,Bear_public_Valorie,Bear,304.0,17.8,14.4,1019.8,4.1,4.0,20,1,0,11,-0.8660254037844386,0.5000000000000001,0.7818314824680298,0.6234898018587336,313.975,314.25,251.21034166666666,86.0595090712487,test
2016-11-08 21:00:00,Bear_public_Valorie,Bear,284.0,17.2,15.0,1020.2,2.6,4.0,21,1,0,11,-0.7071067811865477,0.7071067811865474,0.7818314824680298,0.6234898018587336,304.0,305.5,250.31450833333335,85.58038011931791,test
2016-11-08 22:00:00,Bear_public_Valorie,Bear,279.0,17.2,15.0,1020.6,1.5,4.0,22,1,0,11,-0.5000000000000004,0.8660254037844384,0.7818314824680298,0.6234898018587336,284.0,300.25,249.42909166666666,85.15012895684272,test
2016-11-08 23:00:00,Bear_public_Valorie,Bear,272.75,16.1,14.4,1020.5,0.0,2.0,23,1,0,11,-0.25881904510252157,0.9659258262890681,0.7818314824680298,0.6234898018587336,279.0,286.5,248.856175,84.93584728132127,test
2016-11-09 00:00:00,Bear_public_Valorie,Bear,269.5,14.4,13.3,1020.5,2.1,3.0,0,2,0,11,0.0,1.0,0.9749279121818236,-0.22252093395631434,272.75,277.25,248.53325833333335,84.83787944391855,test
2016-11-09 01:00:00,Bear_public_Valorie,Bear,266.0,15.0,13.3,1020.5,0.0,4.0,1,2,0,11,0.25881904510252074,0.9659258262890683,0.9749279121818236,-0.22252093395631434,269.5,267.0,248.49159166666666,84.82866055517049,test
2016-11-09 02:00:00,Bear_public_Valorie,Bear,139.25,13.9,12.8,1020.3,0.0,2.0,2,2,0,11,0.49999999999999994,0.8660254037844387,0.9749279121818236,-0.22252093395631434,266.0,141.25,248.40825833333335,84.93950217563797,test
2016-11-09 03:00:00,Bear_public_Valorie,Bear,60.0,14.4,13.3,1019.8,1.5,2.0,3,2,0,11,0.7071067811865476,0.7071067811865476,0.9749279121818236,-0.22252093395631434,139.25,58.5,248.47075833333335,84.79411617237308,test
2016-11-09 04:00:00,Bear_public_Valorie,Bear,81.0,14.4,13.3,1019.7,1.5,2.0,4,2,0,11,0.8660254037844386,0.5000000000000001,0.9749279121818236,-0.22252093395631434,60.0,82.25,248.418675,84.90097004953743,test
2016-11-09 05:00:00,Bear_public_Valorie,Bear,93.5,14.4,13.3,1019.9,2.1,2.0,5,2,0,11,0.9659258262890683,0.25881904510252074,0.9749279121818236,-0.22252093395631434,81.0,104.25,247.97075833333335,85.71905383068466,test
2016-11-09 06:00:00,Bear_public_Valorie,Bear,147.25,12.8,11.7,1019.9,2.1,0.0,6,2,0,11,1.0,6.123233995736766e-17,0.9749279121818236,-0.22252093395631434,93.5,136.5,248.418675,85.13736176043021,test
2016-11-09 07:00:00,Bear_public_Valorie,Bear,167.25,13.3,12.2,1019.9,2.1,2.0,7,2,0,11,0.9659258262890683,-0.25881904510252063,0.9749279121818236,-0.22252093395631434,147.25,168.0,248.387425,85.16829516446843,test
2016-11-09 08:00:00,Bear_public_Valorie,Bear,201.5,15.6,14.4,1020.2,3.1,2.0,8,2,0,11,0.8660254037844387,-0.4999999999999998,0.9749279121818236,-0.22252093395631434,167.25,202.25,248.356175,85.18609570359482,test
2016-11-09 09:00:00,Bear_public_Valorie,Bear,260.5,17.2,15.6,1020.2,3.6,4.0,9,2,0,11,0.7071067811865476,-0.7071067811865475,0.9749279121818236,-0.22252093395631434,201.5,317.0,246.00200833333335,83.97875458203433,test
2016-11-09 10:00:00,Bear_public_Valorie,Bear,312.5,18.9,15.6,1019.8,3.1,4.0,10,2,0,11,0.49999999999999994,-0.8660254037844387,0.9749279121818236,-0.22252093395631434,260.5,322.75,245.574925,83.59666863372485,test
2016-11-09 11:00:00,Bear_public_Valorie,Bear,309.0,18.9,15.0,1019.3,2.6,4.0,11,2,0,11,0.258819045102521,-0.9659258262890682,0.9749279121818236,-0.22252093395631434,312.5,330.25,244.68950833333335,82.76927750272719,test
2016-11-09 12:00:00,Bear_public_Valorie,Bear,318.75,20.0,15.0,1018.4,3.1,2.0,12,2,0,11,1.2246467991473532e-16,-1.0,0.9749279121818236,-0.22252093395631434,309.0,313.5,244.90825833333335,82.96574727650894,test
2016-11-09 13:00:00,Bear_public_Valorie,Bear,302.0,20.6,15.0,1017.6,3.1,2.0,13,2,0,11,-0.2588190451025208,-0.9659258262890683,0.9749279121818236,-0.22252093395631434,318.75,295.75,245.168675,83.14189200792099,test
2016-11-09 14:00:00,Bear_public_Valorie,Bear,300.5,22.2,15.6,1016.9,4.6,2.0,14,2,0,11,-0.4999999999999997,-0.8660254037844388,0.9749279121818236,-0.22252093395631434,302.0,303.25,245.05409166666666,83.0602209142467,test
2016-11-09 15:00:00,Bear_public_Valorie,Bear,297.25,22.8,16.1,1016.5,4.6,2.0,15,2,0,11,-0.7071067811865471,-0.7071067811865479,0.9749279121818236,-0.22252093395631434,300.5,298.75,244.99159166666666,83.0186137814468,test
2016-11-09 16:00:00,Bear_public_Valorie,Bear,291.5,21.7,16.1,1016.1,3.1,4.0,16,2,0,11,-0.8660254037844385,-0.5000000000000004,0.9749279121818236,-0.22252093395631434,297.25,291.5,244.99159166666666,83.0186137814468,test
2016-11-09 17:00:00,Bear_public_Valorie,Bear,288.5,20.0,15.6,1016.0,4.1,2.0,17,2,0,11,-0.9659258262890683,-0.25881904510252063,0.9749279121818236,-0.22252093395631434,291.5,289.75,244.93950833333335,82.98969992701286,test
2016-11-09 18:00:00,Bear_public_Valorie,Bear,318.25,19.4,15.0,1016.4,0.0,2.0,18,2,0,11,-1.0,-1.8369701987210297e-16,0.9749279121818236,-0.22252093395631434,288.5,319.0732,244.90520833333335,82.95789200970513,test
2016-11-09 19:00:00,Bear_public_Valorie,Bear,309.25,18.9,16.1,1016.6,0.0,2.0,19,2,0,11,-0.9659258262890684,0.2588190451025203,0.9749279121818236,-0.22252093395631434,318.25,313.975,244.70833333333334,82.79229073891578,test
2016-11-09 20:00:00,Bear_public_Valorie,Bear,305.5,18.9,15.6,1016.6,2.1,2.0,20,2,0,11,-0.8660254037844386,0.5000000000000001,0.9749279121818236,-0.22252093395631434,309.25,304.0,244.77083333333334,82.83954883658731,test
2016-11-09 21:00:00,Bear_public_Valorie,Bear,300.25,17.8,14.4,1016.8,0.0,2.0,21,2,0,11,-0.7071067811865477,0.7071067811865474,0.9749279121818236,-0.22252093395631434,305.5,284.0,245.44791666666666,83.23956975941155,test
2016-11-09 22:00:00,Bear_public_Valorie,Bear,294.75,17.2,15.6,1017.0,0.0,2.0,22,2,0,11,-0.5000000000000004,0.8660254037844384,0.9749279121818236,-0.22252093395631434,300.25,279.0,246.10416666666666,83.57699251310908,test
2016-11-09 23:00:00,Bear_public_Valorie,Bear,278.25,16.7,14.4,1017.1,2.1,2.0,23,2,0,11,-0.25881904510252157,0.9659258262890681,0.9749279121818236,-0.22252093395631434,294.75,272.75,246.33333333333334,83.66073005671925,test
2016-11-10 00:00:00,Bear_public_Valorie,Bear,273.75,17.8,15.6,1017.4,1.5,2.0,0,3,0,11,0.0,1.0,0.43388373911755823,-0.900968867902419,278.25,269.5,246.51041666666666,83.71637803914365,test
2016-11-10 01:00:00,Bear_public_Valorie,Bear,267.25,16.1,14.4,1017.1,1.5,0.0,1,3,0,11,0.25881904510252074,0.9659258262890683,0.43388373911755823,-0.900968867902419,273.75,266.0,246.5625,83.72941830163693,test
2016-11-10 02:00:00,Bear_public_Valorie,Bear,136.0,14.4,13.3,1017.1,0.0,0.0,2,3,0,11,0.49999999999999994,0.8660254037844387,0.43388373911755823,-0.900968867902419,267.25,139.25,246.42708333333334,83.91294917323151,test
2016-11-10 03:00:00,Bear_public_Valorie,Bear,66.0,13.9,12.2,1017.2,0.0,0.0,3,3,0,11,0.7071067811865476,0.7071067811865476,0.43388373911755823,-0.900968867902419,136.0,60.0,246.67708333333334,83.34036677745969,test
2016-11-10 04:00:00,Bear_public_Valorie,Bear,84.4,13.9,12.8,1017.0,0.0,0.0,4,3,0,11,0.8660254037844386,0.5000000000000001,0.43388373911755823,-0.900968867902419,66.0,81.0,246.81875,83.04887483532274,test
2016-11-10 05:00:00,Bear_public_Valorie,Bear,111.5,13.3,12.8,1017.5,0.0,2.0,5,3,0,11,0.9659258262890683,0.25881904510252074,0.43388373911755823,-0.900968867902419,84.4,93.5,247.56875,81.67397650108668,test
2016-11-10 06:00:00,Bear_public_Valorie,Bear,174.0,12.8,11.7,1018.0,1.5,2.0,6,3,0,11,1.0,6.123233995736766e-17,0.43388373911755823,-0.900968867902419,111.5,147.25,248.6833333333333,80.41830267916104,test
2016-11-10 07:00:00,Bear_public_Valorie,Bear,194.5,13.3,12.8,1017.9,1.5,2.1666666666666665,7,3,0,11,0.9659258262890683,-0.25881904510252063,0.43388373911755823,-0.900968867902419,174.0,167.25,249.81875,79.40454593888771,test
2016-11-10 08:00:00,Bear_public_Valorie,Bear,227.75,16.1,14.4,1018.0,4.1,2.3333333333333335,8,3,0,11,0.8660254037844387,-0.4999999999999998,0.43388373911755823,-0.900968867902419,194.5,201.5,250.9125,78.88916309828548,test
2016-11-10 09:00:00,Bear_public_Valorie,Bear,293.75,18.3,16.1,1018.2,3.6,2.5,9,3,0,11,0.7071067811865476,-0.7071067811865475,0.43388373911755823,-0.900968867902419,227.75,260.5,252.29791666666665,79.35543799229727,test
2016-11-10 10:00:00,Bear_public_Valorie,Bear,303.75,18.3,17.2,1017.9,0.0,2.6666666666666665,10,3,0,11,0.49999999999999994,-0.8660254037844387,0.43388373911755823,-0.900968867902419,293.75,312.5,251.9333333333333,79.0864698298324,test
2016-11-10 11:00:00,Bear_public_Valorie,Bear,315.25,18.9,16.7,1017.5,2.1,2.833333333333333,11,3,0,11,0.258819045102521,-0.9659258262890682,0.43388373911755823,-0.900968867902419,303.75,309.0,252.19375,79.29257094498374,test
2016-11-10 12:00:00,Bear_public_Valorie,Bear,311.25,19.4,16.1,1016.7,2.6,3.0,12,3,0,11,1.2246467991473532e-16,-1.0,0.43388373911755823,-0.900968867902419,315.25,318.75,251.88125,79.03321647930873,test
2016-11-10 13:00:00,Bear_public_Valorie,Bear,312.25,20.6,15.0,1016.1,3.1,3.1666666666666665,13,3,0,11,-0.2588190451025208,-0.9659258262890683,0.43388373911755823,-0.900968867902419,311.25,302.0,252.3083333333333,79.34291380466534,test
2016-11-10 14:00:00,Bear_public_Valorie,Bear,290.75,23.3,15.6,1015.8,4.1,3.333333333333333,14,3,0,11,-0.4999999999999997,-0.8660254037844388,0.43388373911755823,-0.900968867902419,312.25,300.5,251.9020833333333,79.11005471076759,test
2016-11-10 15:00:00,Bear_public_Valorie,Bear,290.0,22.8,15.0,1015.6,2.6,3.5,15,3,0,11,-0.7071067811865471,-0.7071067811865479,0.43388373911755823,-0.900968867902419,290.75,297.25,251.6,78.94302981594892,test
2016-11-10 16:00:00,Bear_public_Valorie,Bear,290.25,22.8,14.4,1016.0,2.6,3.6666666666666665,16,3,0,11,-0.8660254037844385,-0.5000000000000004,0.43388373911755823,-0.900968867902419,290.0,291.5,251.54791666666665,78.91596862591707,test
2016-11-10 17:00:00,Bear_public_Valorie,Bear,304.25,22.8,13.9,1016.2,1.5,3.833333333333333,17,3,0,11,-0.9659258262890683,-0.25881904510252063,0.43388373911755823,-0.900968867902419,290.25,288.5,252.20416666666665,79.3011622216863,test
2016-11-10 18:00:00,Bear_public_Valorie,Bear,313.75,20.0,14.4,1016.6,0.0,4.0,18,3,0,11,-1.0,-1.8369701987210297e-16,0.43388373911755823,-0.900968867902419,304.25,318.25,252.01666666666665,79.14337658939677,test
2016-11-10 19:00:00,Bear_public_Valorie,Bear,309.5,19.4,15.0,1016.5,0.0,2.0,19,3,0,11,-0.9659258262890684,0.2588190451025203,0.43388373911755823,-0.900968867902419,313.75,309.25,252.0270833333333,79.15125308569847,test
2016-11-10 20:00:00,Bear_public_Valorie,Bear,303.0,18.9,15.0,1016.8,0.0,2.0,20,3,0,11,-0.8660254037844386,0.5000000000000001,0.43388373911755823,-0.900968867902419,309.5,305.5,251.92291666666665,79.07943306955046,test
2016-11-10 21:00:00,Bear_public_Valorie,Bear,282.0,16.1,13.9,1017.2,0.0,2.0,21,3,0,11,-0.7071067811865477,0.7071067811865474,0.43388373911755823,-0.900968867902419,303.0,300.25,251.1625,78.68126434352534,test
2016-11-10 22:00:00,Bear_public_Valorie,Bear,270.5,17.8,15.0,1017.5,0.0,0.0,22,3,0,11,-0.5000000000000004,0.8660254037844384,0.43388373911755823,-0.900968867902419,282.0,294.75,250.1520833333333,78.25171685735239,test
2016-11-10 23:00:00,Bear_public_Valorie,Bear,267.5,16.7,14.4,1017.4,0.0,0.0,23,3,0,11,-0.25881904510252157,0.9659258262890681,0.43388373911755823,-0.900968867902419,270.5,278.25,249.70416666666665,78.11453674860611,test
2016-11-11 00:00:00,Bear_public_Valorie,Bear,262.5,16.1,14.4,1017.5,1.5,0.0,0,4,0,11,0.0,1.0,-0.433883739117558,-0.9009688679024191,267.5,273.75,249.23541666666665,77.99763580470403,test
2016-11-11 01:00:00,Bear_public_Valorie,Bear,263.25,16.1,14.4,1017.4,0.0,2.0,1,4,0,11,0.25881904510252074,0.9659258262890683,-0.433883739117558,-0.9009688679024191,262.5,267.25,249.06875,77.96173366313072,test
2016-11-11 02:00:00,Bear_public_Valorie,Bear,219.5,13.3,12.8,1017.1,0.0,2.0,2,4,0,11,0.49999999999999994,0.8660254037844387,-0.433883739117558,-0.9009688679024191,263.25,136.0,252.54791666666665,74.48197692580014,test
2016-11-11 03:00:00,Bear_public_Valorie,Bear,161.75,14.4,13.9,1017.1,1.5,2.0,3,4,0,11,0.7071067811865476,0.7071067811865476,-0.433883739117558,-0.9009688679024191,219.5,66.0,256.53749999999997,66.15401208707947,test
2016-11-11 04:00:00,Bear_public_Valorie,Bear,163.0,14.4,13.3,1017.0,0.0,2.0,4,4,0,11,0.8660254037844386,0.5000000000000001,-0.433883739117558,-0.9009688679024191,161.75,84.4,259.8125,58.79834966997893,test
2016-11-11 05:00:00,Bear_public_Valorie,Bear,162.75,12.2,11.7,1017.0,1.5,2.0,5,4,0,11,0.9659258262890683,0.25881904510252074,-0.433883739117558,-0.9009688679024191,163.0,111.5,261.9479166666667,53.90480635012983,test
2016-11-11 06:00:00,Bear_public_Valorie,Bear,161.25,13.3,12.8,1017.2,1.5,4.0,6,4,0,11,1.0,6.123233995736766e-17,-0.433883739117558,-0.9009688679024191,162.75,174.0,261.4166666666667,54.863549447434444,test
2016-11-11 07:00:00,Bear_public_Valorie,Bear,162.25,15.0,13.9,1017.5,2.1,4.0,7,4,0,11,0.9659258262890683,-0.25881904510252063,-0.433883739117558,-0.9009688679024191,161.25,194.5,260.0729166666667,56.92980418170025,test
2016-11-11 08:00:00,Bear_public_Valorie,Bear,205.75,15.6,15.6,1017.9,0.0,4.0,8,4,0,11,0.8660254037844387,-0.4999999999999998,-0.433883739117558,-0.9009688679024191,162.25,227.75,259.15625,57.645506466340784,test
2016-11-11 09:00:00,Bear_public_Valorie,Bear,266.25,17.8,15.6,1018.0,1.5,4.0,9,4,0,11,0.7071067811865476,-0.7071067811865475,-0.433883739117558,-0.9009688679024191,205.75,293.75,258.0104166666667,57.19956859666858,test
2016-11-11 10:00:00,Bear_public_Valorie,Bear,277.75,18.3,15.6,1018.1,1.5,4.0,10,4,0,11,0.49999999999999994,-0.8660254037844387,-0.433883739117558,-0.9009688679024191,266.25,303.75,256.9270833333333,56.53800564600419,test
2016-11-11 11:00:00,Bear_public_Valorie,Bear,280.25,20.0,16.1,1017.9,2.1,4.0,11,4,0,11,0.258819045102521,-0.9659258262890682,-0.433883739117558,-0.9009688679024191,277.75,315.25,255.46875,55.40833168494392,test
2016-11-11 12:00:00,Bear_public_Valorie,Bear,282.75,20.6,15.6,1017.5,3.1,4.0,12,4,0,11,1.2246467991473532e-16,-1.0,-0.433883739117558,-0.9009688679024191,280.25,311.25,254.28125,54.458116759380545,test
2016-11-11 13:00:00,Bear_public_Valorie,Bear,283.0,21.7,15.0,1017.0,3.6,2.0,13,4,0,11,-0.2588190451025208,-0.9659258262890683,-0.433883739117558,-0.9009688679024191,282.75,312.25,253.0625,53.42183694935565,test
2016-11-11 14:00:00,Bear_public_Valorie,Bear,281.5,22.2,14.4,1017.1,3.6,2.0,14,4,0,11,-0.4999999999999997,-0.8660254037844388,-0.433883739117558,-0.9009688679024191,283.0,290.75,252.67708333333334,53.170893433480636,test
2016-11-11 15:00:00,Bear_public_Valorie,Bear,275.0,22.2,13.9,1017.2,5.7,2.0,15,4,0,11,-0.7071067811865471,-0.7071067811865479,-0.433883739117558,-0.9009688679024191,281.5,290.0,252.05208333333334,52.799970106972246,test
2016-11-11 16:00:00,Bear_public_Valorie,Bear,268.25,17.8,13.3,1017.9,5.1,2.0,16,4,0,11,-0.8660254037844385,-0.5000000000000004,-0.433883739117558,-0.9009688679024191,275.0,290.25,251.13541666666666,52.29655088628226,test
2016-11-11 17:00:00,Bear_public_Valorie,Bear,262.5,18.3,12.2,1018.2,3.6,2.0,17,4,0,11,-0.9659258262890683,-0.25881904510252063,-0.433883739117558,-0.9009688679024191,268.25,304.25,249.39583333333334,51.134409236551015,test
2016-11-11 18:00:00,Bear_public_Valorie,Bear,268.0,18.3,11.7,1018.2,1.5,2.0,18,4,0,11,-1.0,-1.8369701987210297e-16,-0.433883739117558,-0.9009688679024191,262.5,313.75,247.48958333333334,49.456254229648195,test
2016-11-11 19:00:00,Bear_public_Valorie,Bear,277.5,18.3,11.7,1017.4,3.1,2.0,19,4,0,11,-0.9659258262890684,0.2588190451025203,-0.433883739117558,-0.9009688679024191,268.0,309.5,246.15625,48.12522233150283,test
2016-11-11 20:00:00,Bear_public_Valorie,Bear,275.0,18.9,12.8,1017.3,2.6,2.0,20,4,0,11,-0.8660254037844386,0.5000000000000001,-0.433883739117558,-0.9009688679024191,277.5,303.0,244.98958333333334,47.01384388890363,test
2016-11-11 21:00:00,Bear_public_Valorie,Bear,262.25,17.8,13.3,1018.2,3.1,2.0,21,4,0,11,-0.7071067811865477,0.7071067811865474,-0.433883739117558,-0.9009688679024191,275.0,282.0,244.16666666666666,46.50798591234891,test
2016-11-11 22:00:00,Bear_public_Valorie,Bear,216.0,17.2,12.2,1019.1,3.6,2.0,22,4,0,11,-0.5000000000000004,0.8660254037844384,-0.433883739117558,-0.9009688679024191,262.25,270.5,241.89583333333334,46.49683934248256,test
2016-11-11 23:00:00,Bear_public_Valorie,Bear,161.0,16.1,11.7,1018.9,1.5,2.0,23,4,0,11,-0.25881904510252157,0.9659258262890681,-0.433883739117558,-0.9009688679024191,216.0,267.5,237.45833333333334,48.963588216291335,test
2016-11-12 00:00:00,Bear_public_Valorie,Bear,68.0,15.0,10.6,1019.3,0.0,2.0,0,5,1,11,0.0,1.0,-0.9749279121818236,-0.2225209339563146,161.0,262.5,229.35416666666666,59.58324085327816,test
2016-11-12 01:00:00,Bear_public_Valorie,Bear,59.75,16.1,9.4,1019.1,0.0,2.0,1,5,1,11,0.25881904510252074,0.9659258262890683,-0.9749279121818236,-0.2225209339563146,68.0,263.25,220.875,68.38029051148307,test
2016-11-12 02:00:00,Bear_public_Valorie,Bear,63.0,16.1,11.1,1019.6,0.0,2.0,2,5,1,11,0.49999999999999994,0.8660254037844387,-0.9749279121818236,-0.2225209339563146,59.75,219.5,214.35416666666666,75.59819113988921,test
2016-11-12 03:00:00,Bear_public_Valorie,Bear,59.25,16.1,11.1,1019.6,0.0,2.0,3,5,1,11,0.7071067811865476,0.7071067811865476,-0.9749279121818236,-0.2225209339563146,63.0,161.75,210.08333333333334,81.37389105190661,test
2016-11-12 04:00:00,Bear_public_Valorie,Bear,75.0,17.2,10.0,1019.6,0.0,2.0,4,5,1,11,0.8660254037844386,0.5000000000000001,-0.9749279121818236,-0.2225209339563146,59.25,163.0,206.41666666666666,85.4673426910343,test
2016-11-12 05:00:00,Bear_public_Valorie,Bear,84.0,17.2,10.0,1019.9,0.0,2.0,5,5,1,11,0.9659258262890683,0.25881904510252074,-0.9749279121818236,-0.2225209339563146,75.0,162.75,203.13541666666666,88.66840950021111,test
2016-11-12 06:00:00,Bear_public_Valorie,Bear,143.75,17.2,11.1,1020.0,0.0,2.0,6,5,1,11,1.0,6.123233995736766e-17,-0.9749279121818236,-0.2225209339563146,84.0,161.25,202.40625,89.09874262580828,test
2016-11-12 07:00:00,Bear_public_Valorie,Bear,159.25,16.7,12.2,1020.7,0.0,2.0,7,5,1,11,0.9659258262890683,-0.25881904510252063,-0.9749279121818236,-0.2225209339563146,143.75,162.25,202.28125,89.15961238687777,test
2016-11-12 08:00:00,Bear_public_Valorie,Bear,204.75,17.8,12.2,1021.1,2.1,4.0,8,5,1,11,0.8660254037844387,-0.4999999999999998,-0.9749279121818236,-0.2225209339563146,159.25,205.75,202.23958333333334,89.15815451886704,test
2016-11-12 09:00:00,Bear_public_Valorie,Bear,272.5,18.3,13.3,1021.6,0.0,4.0,9,5,1,11,0.7071067811865476,-0.7071067811865475,-0.9749279121818236,-0.2225209339563146,204.75,266.25,202.5,89.36214182361775,test
2016-11-12 10:00:00,Bear_public_Valorie,Bear,292.75,19.4,13.9,1021.3,3.6,4.0,10,5,1,11,0.49999999999999994,-0.8660254037844387,-0.9749279121818236,-0.2225209339563146,272.5,277.75,203.125,89.96176724151998,test
2016-11-12 11:00:00,Bear_public_Valorie,Bear,298.0,19.4,15.0,1021.0,3.6,4.0,11,5,1,11,0.258819045102521,-0.9659258262890682,-0.9749279121818236,-0.2225209339563146,292.75,280.25,203.86458333333334,90.69337313306661,test
2016-11-12 12:00:00,Bear_public_Valorie,Bear,301.25,19.4,15.0,1020.4,3.1,4.0,12,5,1,11,1.2246467991473532e-16,-1.0,-0.9749279121818236,-0.2225209339563146,298.0,282.75,204.63541666666666,91.46830584269017,test
2016-11-12 13:00:00,Bear_public_Valorie,Bear,305.75,20.6,15.0,1019.7,3.6,4.0,13,5,1,11,-0.2588190451025208,-0.9659258262890683,-0.9749279121818236,-0.2225209339563146,301.25,283.0,205.58333333333334,92.42857602855673,test
2016-11-12 14:00:00,Bear_public_Valorie,Bear,310.5,21.7,15.0,1019.3,4.1,4.0,14,5,1,11,-0.4999999999999997,-0.8660254037844388,-0.9749279121818236,-0.2225209339563146,305.75,281.5,206.79166666666666,93.64574396265357,test
2016-11-12 15:00:00,Bear_public_Valorie,Bear,304.5,21.1,15.6,1018.9,4.6,2.0,15,5,1,11,-0.7071067811865471,-0.7071067811865479,-0.9749279121818236,-0.2225209339563146,310.5,275.0,208.02083333333334,94.76684537265176,test
2016-11-12 16:00:00,Bear_public_Valorie,Bear,308.0,20.0,15.0,1019.4,6.2,2.0,16,5,1,11,-0.8660254037844385,-0.5000000000000004,-0.9749279121818236,-0.2225209339563146,304.5,268.25,209.67708333333334,96.20173773532956,test
2016-11-12 17:00:00,Bear_public_Valorie,Bear,286.75,18.3,13.9,1019.5,3.1,2.0,17,5,1,11,-0.9659258262890683,-0.25881904510252063,-0.9749279121818236,-0.2225209339563146,308.0,262.5,210.6875,96.90544051896129,test
2016-11-12 18:00:00,Bear_public_Valorie,Bear,277.75,17.2,13.3,1019.7,2.6,0.0,18,5,1,11,-1.0,-1.8369701987210297e-16,-0.9749279121818236,-0.2225209339563146,286.75,268.0,211.09375,97.17621299619901,test
2016-11-12 19:00:00,Bear_public_Valorie,Bear,270.75,16.7,13.9,1019.1,2.6,0.0,19,5,1,11,-0.9659258262890684,0.2588190451025203,-0.9749279121818236,-0.2225209339563146,277.75,277.5,210.8125,96.98524232201979,test
2016-11-12 20:00:00,Bear_public_Valorie,Bear,265.75,16.7,13.9,1020.1,4.6,0.0,20,5,1,11,-0.8660254037844386,0.5000000000000001,-0.9749279121818236,-0.2225209339563146,270.75,275.0,210.42708333333334,96.73713483632132,test
2016-11-12 21:00:00,Bear_public_Valorie,Bear,266.25,16.1,13.9,1020.3,3.6,0.0,21,5,1,11,-0.7071067811865477,0.7071067811865474,-0.9749279121818236,-0.2225209339563146,265.75,262.25,210.59375,96.83369912032751,test
2016-11-12 22:00:00,Bear_public_Valorie,Bear,118.0,15.6,13.3,1021.0,2.1,2.0,22,5,1,11,-0.5000000000000004,0.8660254037844384,-0.9749279121818236,-0.2225209339563146,266.25,216.0,206.51041666666666,98.64512810990145,test
2016-11-12 23:00:00,Bear_public_Valorie,Bear,41.75,15.0,12.8,1020.9,2.1,0.0,23,5,1,11,-0.25881904510252157,0.9659258262890681,-0.9749279121818236,-0.2225209339563146,118.0,161.0,201.54166666666666,103.90047146675765,test
2016-11-13 00:00:00,Bear_public_Valorie,Bear,40.25,13.9,12.8,1020.5,0.0,2.0,0,6,1,11,0.0,1.0,-0.7818314824680299,0.6234898018587334,41.75,68.0,200.38541666666666,105.59183565191299,test
2016-11-13 01:00:00,Bear_public_Valorie,Bear,41.0,13.3,12.2,1020.9,0.0,2.0,1,6,1,11,0.25881904510252074,0.9659258262890683,-0.7818314824680299,0.6234898018587334,40.25,59.75,199.60416666666666,106.74071888853196,test
2016-11-13 02:00:00,Bear_public_Valorie,Bear,40.5,13.9,12.8,1020.8,0.0,2.0,2,6,1,11,0.49999999999999994,0.8660254037844387,-0.7818314824680299,0.6234898018587334,41.0,63.0,198.66666666666666,108.08304141066596,test
2016-11-13 03:00:00,Bear_public_Valorie,Bear,41.0,12.2,11.1,1020.9,2.1,0.0,3,6,1,11,0.7071067811865476,0.7071067811865476,-0.7818314824680299,0.6234898018587334,40.5,59.25,197.90625,109.16533164495125,test
2016-11-13 04:00:00,Bear_public_Valorie,Bear,53.25,12.8,11.7,1020.4,2.1,0.0,4,6,1,11,0.8660254037844386,0.5000000000000001,-0.7818314824680299,0.6234898018587334,41.0,75.0,197.0,110.31424973978744,test
2016-11-13 05:00:00,Bear_public_Valorie,Bear,67.0,12.2,11.7,1021.1,0.0,0.0,5,6,1,11,0.9659258262890683,0.25881904510252074,-0.7818314824680299,0.6234898018587334,53.25,84.0,196.29166666666666,111.12298970321007,test
2016-11-13 06:00:00,Bear_public_Valorie,Bear,63.75,11.7,10.6,1021.3,1.5,2.0,6,6,1,11,1.0,6.123233995736766e-17,-0.7818314824680299,0.6234898018587334,67.0,143.75,192.95833333333334,113.9319654601956,test
2016-11-13 07:00:00,Bear_public_Valorie,Bear,59.75,11.1,10.6,1021.5,1.5,2.0,7,6,1,11,0.9659258262890683,-0.25881904510252063,-0.7818314824680299,0.6234898018587334,63.75,159.25,188.8125,116.98142387836074,test
2016-11-13 08:00:00,Bear_public_Valorie,Bear,56.0,13.9,13.3,1022.2,0.0,2.0,8,6,1,11,0.8660254037844387,-0.4999999999999998,-0.7818314824680299,0.6234898018587334,59.75,204.75,182.61458333333334,120.00185639792947,test
2016-11-13 09:00:00,Bear_public_Valorie,Bear,56.5,16.1,14.4,1022.6,0.0,2.0,9,6,1,11,0.7071067811865476,-0.7071067811865475,-0.7818314824680299,0.6234898018587334,56.0,272.5,173.61458333333334,121.06264052239084,test
2016-11-13 10:00:00,Bear_public_Valorie,Bear,158.75,16.7,14.4,1022.5,2.1,4.0,10,6,1,11,0.49999999999999994,-0.8660254037844387,-0.7818314824680299,0.6234898018587334,56.5,292.75,168.03125,118.38979264580792,test
2016-11-13 11:00:00,Bear_public_Valorie,Bear,161.5,16.1,13.9,1022.5,3.6,4.0,11,6,1,11,0.258819045102521,-0.9659258262890682,-0.7818314824680299,0.6234898018587334,158.75,298.0,162.34375,115.10783725867482,test
2016-11-13 12:00:00,Bear_public_Valorie,Bear,274.25,19.4,14.4,1021.8,3.6,4.0,12,6,1,11,1.2246467991473532e-16,-1.0,-0.7818314824680299,0.6234898018587334,161.5,301.25,161.21875,113.81591049136436,test
2016-11-13 13:00:00,Bear_public_Valorie,Bear,318.75,20.6,13.9,1021.1,3.6,4.0,13,6,1,11,-0.2588190451025208,-0.9659258262890683,-0.7818314824680299,0.6234898018587334,274.25,305.75,161.76041666666666,114.5621503805635,test
2016-11-13 14:00:00,Bear_public_Valorie,Bear,327.75,21.1,14.4,1020.6,3.6,4.0,14,6,1,11,-0.4999999999999997,-0.8660254037844388,-0.7818314824680299,0.6234898018587334,318.75,310.5,162.47916666666666,115.5854407454453,test
2016-11-13 15:00:00,Bear_public_Valorie,Bear,319.5,20.6,14.4,1020.6,4.1,2.0,15,6,1,11,-0.7071067811865471,-0.7071067811865479,-0.7818314824680299,0.6234898018587334,327.75,304.5,163.10416666666666,116.42428302350088,test
2016-11-13 16:00:00,Bear_public_Valorie,Bear,319.5,21.1,13.9,1020.5,3.6,2.0,16,6,1,11,-0.8660254037844385,-0.5000000000000004,-0.7818314824680299,0.6234898018587334,319.5,308.0,163.58333333333334,117.06844121084143,test
2016-11-13 17:00:00,Bear_public_Valorie,Bear,308.4854,19.4,15.0,1020.4,2.1,2.0,17,6,1,11,-0.9659258262890683,-0.25881904510252063,-0.7818314824680299,0.6234898018587334,319.5,286.75,164.488975,118.1418371935864,test
2016-11-13 18:00:00,Bear_public_Valorie,Bear,295.0902,17.8,15.0,1020.9,3.1,2.0,18,6,1,11,-1.0,-1.8369701987210297e-16,-0.7818314824680299,0.6234898018587334,308.4854,277.75,165.21148333333335,118.91510430708512,test
2016-11-13 19:00:00,Bear_public_Valorie,Bear,290.25,16.7,14.4,1021.0,1.5,2.0,19,6,1,11,-0.9659258262890684,0.2588190451025203,-0.7818314824680299,0.6234898018587334,295.0902,270.75,166.02398333333335,119.73137599469207,test
2016-11-13 20:00:00,Bear_public_Valorie,Bear,264.25,16.1,14.4,1021.4,2.1,2.0,20,6,1,11,-0.8660254037844386,0.5000000000000001,-0.7818314824680299,0.6234898018587334,290.25,265.75,165.96148333333335,119.6774348249409,test
2016-11-13 21:00:00,Bear_public_Valorie,Bear,246.5,15.0,14.4,1021.4,0.0,2.0,21,6,1,11,-0.7071067811865477,0.7071067811865474,-0.7818314824680299,0.6234898018587334,264.25,266.25,165.13856666666666,119.02397398841701,test
2016-11-13 22:00:00,Bear_public_Valorie,Bear,246.5,15.6,14.4,1022.0,3.1,2.0,22,6,1,11,-0.5000000000000004,0.8660254037844384,-0.7818314824680299,0.6234898018587334,246.5,118.0,170.49273333333335,119.69960131819363,test
2016-11-13 23:00:00,Bear_public_Valorie,Bear,240.75,15.0,13.9,1022.0,1.5,2.0,23,6,1,11,-0.25881904510252157,0.9659258262890681,-0.7818314824680299,0.6234898018587334,246.5,41.75,178.7844,117.2613627104854,test
2016-11-14 00:00:00,Bear_public_Valorie,Bear,231.75,13.9,12.8,1021.7,0.0,2.0,0,0,0,11,0.0,1.0,0.0,1.0,240.75,40.25,186.76356666666666,113.89178495241681,test
2016-11-14 01:00:00,Bear_public_Valorie,Bear,226.75,13.9,12.8,1021.6500000000001,0.0,2.0,1,0,0,11,0.25881904510252074,0.9659258262890683,0.0,1.0,231.75,41.0,194.50315,109.79329581002986,test
2016-11-14 02:00:00,Bear_public_Valorie,Bear,137.5,13.3,12.2,1021.6,0.0,2.0,2,0,0,11,0.49999999999999994,0.8660254037844387,0.0,1.0,226.75,40.5,198.54481666666666,105.58232039594054,test
2016-11-14 03:00:00,Bear_public_Valorie,Bear,45.5,12.8,11.7,1021.5,0.0,2.0,3,0,0,11,0.7071067811865476,0.7071067811865476,0.0,1.0,137.5,41.0,198.73231666666666,105.29397968759616,test
2016-11-14 04:00:00,Bear_public_Valorie,Bear,59.5,11.7,11.1,1021.2,0.0,2.0,4,0,0,11,0.8660254037844386,0.5000000000000001,0.0,1.0,45.5,53.25,198.99273333333335,104.92560834309852,test
2016-11-14 05:00:00,Bear_public_Valorie,Bear,90.25,13.3,12.8,1021.5,0.0,5.5,5,0,0,11,0.9659258262890683,0.25881904510252074,0.0,1.0,59.5,67.0,199.96148333333335,103.7547678410793,test
2016-11-14 06:00:00,Bear_public_Valorie,Bear,131.5,14.4,13.9,1021.8,0.0,9.0,6,0,0,11,1.0,6.123233995736766e-17,0.0,1.0,90.25,63.75,202.7844,100.76626990187451,test
2016-11-14 07:00:00,Bear_public_Valorie,Bear,162.75,14.4,13.9,1022.1,0.0,9.0,7,0,0,11,0.9659258262890683,-0.25881904510252063,0.0,1.0,131.5,59.75,207.07606666666666,96.51317062225556,test
2016-11-14 08:00:00,Bear_public_Valorie,Bear,179.75,14.4,14.4,1022.5,1.5,8.222222222222221,8,0,0,11,0.8660254037844387,-0.4999999999999998,0.0,1.0,162.75,56.0,212.23231666666666,91.25331880668523,test
2016-11-14 09:00:00,Bear_public_Valorie,Bear,240.25,14.4,14.4,1022.7,0.0,7.444444444444445,9,0,0,11,0.7071067811865476,-0.7071067811865475,0.0,1.0,179.75,56.5,219.88856666666666,85.12151637049705,test
2016-11-14 10:00:00,Bear_public_Valorie,Bear,240.0,14.4,13.9,1022.6,1.5,6.666666666666666,10,0,0,11,0.49999999999999994,-0.8660254037844387,0.0,1.0,240.25,158.75,223.27398333333335,84.19489526620193,test
2016-11-14 11:00:00,Bear_public_Valorie,Bear,248.75,14.4,14.4,1022.3,1.5,5.888888888888889,11,0,0,11,0.258819045102521,-0.9659258262890682,0.0,1.0,240.0,161.5,226.9094,83.2904194210159,test
2016-11-14 12:00:00,Bear_public_Valorie,Bear,265.25,14.4,14.4,1021.3,2.1,5.111111111111111,12,0,0,11,1.2246467991473532e-16,-1.0,0.0,1.0,248.75,274.25,226.5344,83.08802442055865,test
2016-11-14 13:00:00,Bear_public_Valorie,Bear,318.25,15.0,14.4,1020.7,2.1,4.333333333333333,13,0,0,11,-0.2588190451025208,-0.9659258262890683,0.0,1.0,265.25,318.75,226.51356666666666,83.06395635210843,test
2016-11-14 14:00:00,Bear_public_Valorie,Bear,333.25,15.0,13.9,1020.4,2.1,3.5555555555555554,14,0,0,11,-0.4999999999999997,-0.8660254037844388,0.0,1.0,318.25,327.75,226.74273333333335,83.36245369570958,test
2016-11-14 15:00:00,Bear_public_Valorie,Bear,330.5,16.7,15.0,1020.1,0.0,2.7777777777777777,15,0,0,11,-0.7071067811865471,-0.7071067811865479,0.0,1.0,333.25,319.5,227.20106666666666,83.92296881584312,test
2016-11-14 16:00:00,Bear_public_Valorie,Bear,300.5,16.7,15.0,1020.1,2.1,2.0,16,0,0,11,-0.8660254037844385,-0.5000000000000004,0.0,1.0,330.5,319.5,226.4094,83.10001487169886,test
2016-11-14 17:00:00,Bear_public_Valorie,Bear,293.5,16.1,13.9,1019.8,2.1,2.0,17,0,0,11,-0.9659258262890683,-0.25881904510252063,0.0,1.0,300.5,308.4854,225.78500833333337,82.51071311786795,test
2016-11-14 18:00:00,Bear_public_Valorie,Bear,260.75,15.6,13.9,1020.1,0.0,0.0,18,0,0,11,-1.0,-1.8369701987210297e-16,0.0,1.0,293.5,295.0902,224.35416666666666,81.54876230856001,test
2016-11-14 19:00:00,Bear_public_Valorie,Bear,265.5,15.6,13.9,1020.4,4.1,2.0,19,0,0,11,-0.9659258262890684,0.2588190451025203,0.0,1.0,260.75,290.25,223.32291666666666,80.83257250687842,test
2016-11-14 20:00:00,Bear_public_Valorie,Bear,261.5,15.0,13.9,1020.7,4.6,2.0,20,0,0,11,-0.8660254037844386,0.5000000000000001,0.0,1.0,265.5,264.25,223.20833333333334,80.77396220945548,test
2016-11-14 21:00:00,Bear_public_Valorie,Bear,252.5,14.4,13.9,1020.6,0.0,2.0,21,0,0,11,-0.7071067811865477,0.7071067811865474,0.0,1.0,261.5,246.5,223.45833333333334,80.85842655485935,test
2016-11-14 22:00:00,Bear_public_Valorie,Bear,253.5,13.3,12.8,1020.6,0.0,2.0,22,0,0,11,-0.5000000000000004,0.8660254037844384,0.0,1.0,252.5,246.5,223.75,80.95771843322348,test
2016-11-14 23:00:00,Bear_public_Valorie,Bear,248.75,13.9,13.3,1020.6,0.0,2.0,23,0,0,11,-0.25881904510252157,0.9659258262890681,0.0,1.0,253.5,240.75,224.08333333333334,81.04717717191808,test
2016-11-15 00:00:00,Bear_public_Valorie,Bear,239.25,13.3,13.3,1020.9,0.0,2.0,0,1,0,11,0.0,1.0,0.7818314824680298,0.6234898018587336,248.75,231.75,224.39583333333334,81.09246991882958,test
2016-11-15 01:00:00,Bear_public_Valorie,Bear,221.25,14.4,13.3,1020.8,5.7,2.0,1,1,0,11,0.25881904510252074,0.9659258262890683,0.7818314824680298,0.6234898018587336,239.25,226.75,224.16666666666666,81.09329928178927,test
2016-11-15 02:00:00,Bear_public_Valorie,Bear,136.0,14.4,13.3,1020.9,3.6,2.0,2,1,0,11,0.49999999999999994,0.8660254037844387,0.7818314824680298,0.6234898018587336,221.25,137.5,224.10416666666666,81.16354653557181,test
2016-11-15 03:00:00,Bear_public_Valorie,Bear,47.0,14.4,12.8,1020.8,4.1,2.0,3,1,0,11,0.7071067811865476,0.7071067811865476,0.7818314824680298,0.6234898018587336,136.0,45.5,224.16666666666666,81.02048408013715,test
2016-11-15 04:00:00,Bear_public_Valorie,Bear,62.5,12.8,11.1,1020.6,0.0,2.0,4,1,0,11,0.8660254037844386,0.5000000000000001,0.7818314824680298,0.6234898018587336,47.0,59.5,224.29166666666666,80.75727409243471,test
2016-11-15 05:00:00,Bear_public_Valorie,Bear,93.6,13.3,11.7,1020.8,2.1,2.0,5,1,0,11,0.9659258262890683,0.25881904510252074,0.7818314824680298,0.6234898018587336,62.5,90.25,224.43124999999998,80.5180601027958,test
2016-11-15 06:00:00,Bear_public_Valorie,Bear,128.75,13.9,12.8,1020.3,1.5,2.0,6,1,0,11,1.0,6.123233995736766e-17,0.7818314824680298,0.6234898018587336,93.6,131.5,224.31666666666663,80.65789358210078,test
2016-11-15 07:00:00,Bear_public_Valorie,Bear,163.75,15.0,12.8,1020.2,2.6,2.0,7,1,0,11,0.9659258262890683,-0.25881904510252063,0.7818314824680298,0.6234898018587336,128.75,162.75,224.35833333333332,80.62495792606504,test
2016-11-15 08:00:00,Bear_public_Valorie,Bear,182.75,15.6,13.9,1020.3,1.5,2.0,8,1,0,11,0.8660254037844387,-0.4999999999999998,0.7818314824680298,0.6234898018587336,163.75,179.75,224.48333333333332,80.55508602228676,test
2016-11-15 09:00:00,Bear_public_Valorie,Bear,245.5,16.1,13.9,1020.2,0.0,2.0,9,1,0,11,0.7071067811865476,-0.7071067811865475,0.7818314824680298,0.6234898018587336,182.75,240.25,224.70208333333332,80.60687407191136,test
2016-11-15 10:00:00,Bear_public_Valorie,Bear,249.5,16.7,13.3,1020.3,2.6,2.0,10,1,0,11,0.49999999999999994,-0.8660254037844387,0.7818314824680298,0.6234898018587336,245.5,240.0,225.09791666666663,80.70852478971433,test
2016-11-15 11:00:00,Bear_public_Valorie,Bear,261.5,16.7,13.9,1019.9,5.1,2.0,11,1,0,11,0.258819045102521,-0.9659258262890682,0.7818314824680298,0.6234898018587336,249.5,248.75,225.62916666666663,80.91268363605582,test
2016-11-15 12:00:00,Bear_public_Valorie,Bear,268.5,16.7,13.3,1019.3,3.1,2.0,12,1,0,11,1.2246467991473532e-16,-1.0,0.7818314824680298,0.6234898018587336,261.5,265.25,225.76458333333332,80.98456438966691,test
2016-11-15 13:00:00,Bear_public_Valorie,Bear,269.5,17.8,13.9,1018.6,2.6,2.0,13,1,0,11,-0.2588190451025208,-0.9659258262890683,0.7818314824680298,0.6234898018587336,268.5,318.25,223.73333333333332,79.15469261085465,test
2016-11-15 14:00:00,Bear_public_Valorie,Bear,269.75,16.7,14.4,1018.2,4.1,2.0,14,1,0,11,-0.4999999999999997,-0.8660254037844388,0.7818314824680298,0.6234898018587336,269.5,333.25,221.08749999999998,76.34627243826274,test
2016-11-15 15:00:00,Bear_public_Valorie,Bear,271.0,16.7,13.3,1017.8,7.7,2.0,15,1,0,11,-0.7071067811865471,-0.7071067811865479,0.7818314824680298,0.6234898018587336,269.75,330.5,218.60833333333332,73.55387801478952,test
2016-11-15 16:00:00,Bear_public_Valorie,Bear,267.75,16.1,13.9,1018.3,3.1,2.0,16,1,0,11,-0.8660254037844385,-0.5000000000000004,0.7818314824680298,0.6234898018587336,271.0,300.5,217.24374999999998,72.26098428988855,test
2016-11-15 17:00:00,Bear_public_Valorie,Bear,265.75,16.1,11.7,1018.0,6.2,2.0,17,1,0,11,-0.9659258262890683,-0.25881904510252063,0.7818314824680298,0.6234898018587336,267.75,293.5,216.08749999999998,71.2020093909181,test
2016-11-15 18:00:00,Bear_public_Valorie,Bear,258.0,15.6,10.0,1018.5,7.7,2.0,18,1,0,11,-1.0,-1.8369701987210297e-16,0.7818314824680298,0.6234898018587336,265.75,260.75,215.97291666666663,71.12918586928701,test
2016-11-15 19:00:00,Bear_public_Valorie,Bear,253.0,15.0,9.4,1019.0,6.2,2.0,19,1,0,11,-0.9659258262890684,0.2588190451025203,0.7818314824680298,0.6234898018587336,258.0,265.5,215.45208333333332,70.79574643198814,test
2016-11-15 20:00:00,Bear_public_Valorie,Bear,248.5,15.0,8.9,1019.2,5.1,2.0,20,1,0,11,-0.8660254037844386,0.5000000000000001,0.7818314824680298,0.6234898018587336,253.0,261.5,214.91041666666663,70.47712545828158,test
2016-11-15 21:00:00,Bear_public_Valorie,Bear,239.75,15.0,9.4,1019.4,4.6,2.0,21,1,0,11,-0.7071067811865477,0.7071067811865474,0.7818314824680298,0.6234898018587336,248.5,252.5,214.37916666666663,70.22907690375594,test
2016-11-15 22:00:00,Bear_public_Valorie,Bear,240.25,14.4,7.8,1019.6,3.1,2.0,22,1,0,11,-0.5000000000000004,0.8660254037844384,0.7818314824680298,0.6234898018587336,239.75,253.5,213.82708333333332,69.95973372803203,test
2016-11-15 23:00:00,Bear_public_Valorie,Bear,226.75,13.3,7.8,1019.4,1.5,2.0,23,1,0,11,-0.25881904510252157,0.9659258262890681,0.7818314824680298,0.6234898018587336,240.25,248.75,212.91041666666663,69.62558403340539,test
2016-11-16 00:00:00,Bear_public_Valorie,Bear,225.5,13.9,9.4,1019.4,5.1,2.0,0,2,0,11,0.0,1.0,0.9749279121818236,-0.22252093395631434,226.75,239.25,212.33749999999998,69.45578864347446,test
2016-11-16 01:00:00,Bear_public_Valorie,Bear,223.0,13.9,8.9,1019.4,5.7,2.0,1,2,0,11,0.25881904510252074,0.9659258262890683,0.9749279121818236,-0.22252093395631434,225.5,221.25,212.41041666666663,69.4664698272027,test
2016-11-16 02:00:00,Bear_public_Valorie,Bear,132.75,13.3,8.3,1019.3,4.1,2.0,2,2,0,11,0.49999999999999994,0.8660254037844387,0.9749279121818236,-0.22252093395631434,223.0,136.0,212.27499999999998,69.62488623049043,test
2016-11-16 03:00:00,Bear_public_Valorie,Bear,47.25,12.8,6.7,1019.0,4.6,0.0,3,2,0,11,0.7071067811865476,0.7071067811865476,0.9749279121818236,-0.22252093395631434,132.75,47.0,212.28541666666663,69.59909806881691,test
2016-11-16 04:00:00,Bear_public_Valorie,Bear,60.5,12.2,6.1,1018.7,2.6,0.0,4,2,0,11,0.8660254037844386,0.5000000000000001,0.9749279121818236,-0.22252093395631434,47.25,62.5,212.20208333333332,69.78718189138046,test
2016-11-16 05:00:00,Bear_public_Valorie,Bear,93.5,10.0,6.7,1018.6,2.1,0.0,5,2,0,11,0.9659258262890683,0.25881904510252074,0.9749279121818236,-0.22252093395631434,60.5,93.6,212.19791666666666,69.79457353885799,test
2016-11-16 06:00:00,Bear_public_Valorie,Bear,127.25,8.3,6.7,1018.6,2.1,2.0,6,2,0,11,1.0,6.123233995736766e-17,0.9749279121818236,-0.22252093395631434,93.5,128.75,212.13541666666666,69.87317622908394,test
2016-11-16 07:00:00,Bear_public_Valorie,Bear,138.75,8.9,7.8,1018.8,0.0,2.0,7,2,0,11,0.9659258262890683,-0.25881904510252063,0.9749279121818236,-0.22252093395631434,127.25,163.75,211.09375,70.80598923405479,test
2016-11-16 08:00:00,Bear_public_Valorie,Bear,157.5,10.6,8.3,1019.2,0.0,2.0,8,2,0,11,0.8660254037844387,-0.4999999999999998,0.9749279121818236,-0.22252093395631434,138.75,182.75,210.04166666666666,71.43028931681641,test
2016-11-16 09:00:00,Bear_public_Valorie,Bear,225.25,14.4,6.1,1019.4,3.6,2.0,9,2,0,11,0.7071067811865476,-0.7071067811865475,0.9749279121818236,-0.22252093395631434,157.5,245.5,209.19791666666666,71.1121274423997,test
2016-11-16 10:00:00,Bear_public_Valorie,Bear,224.5,15.0,3.9,1019.4,5.7,2.0,10,2,0,11,0.49999999999999994,-0.8660254037844387,0.9749279121818236,-0.22252093395631434,225.25,249.5,208.15625,70.67788275983571,test
2016-11-16 11:00:00,Bear_public_Valorie,Bear,231.75,15.6,3.9,1019.5,6.7,2.0,11,2,0,11,0.258819045102521,-0.9659258262890682,0.9749279121818236,-0.22252093395631434,224.5,261.5,206.91666666666666,69.95886472508845,test
2016-11-16 12:00:00,Bear_public_Valorie,Bear,240.25,17.2,5.0,1018.9,5.7,2.0,12,2,0,11,1.2246467991473532e-16,-1.0,0.9749279121818236,-0.22252093395631434,231.75,268.5,205.73958333333334,69.1101624993636,test
2016-11-16 13:00:00,Bear_public_Valorie,Bear,241.5,16.7,5.6,1018.1,8.8,2.0,13,2,0,11,-0.2588190451025208,-0.9659258262890683,0.9749279121818236,-0.22252093395631434,240.25,269.5,204.57291666666666,68.2175818519824,test
2016-11-16 14:00:00,Bear_public_Valorie,Bear,250.75,16.7,5.6,1017.7,7.2,2.0,14,2,0,11,-0.4999999999999997,-0.8660254037844388,0.9749279121818236,-0.22252093395631434,241.5,269.75,203.78125,67.53514835688888,test
2016-11-16 15:00:00,Bear_public_Valorie,Bear,257.25,16.1,6.7,1017.5,9.8,2.0,15,2,0,11,-0.7071067811865471,-0.7071067811865479,0.9749279121818236,-0.22252093395631434,250.75,271.0,203.20833333333334,66.99629559302844,test
2016-11-16 16:00:00,Bear_public_Valorie,Bear,255.75,15.6,6.7,1017.8,10.3,2.0,16,2,0,11,-0.8660254037844385,-0.5000000000000004,0.9749279121818236,-0.22252093395631434,257.25,267.75,202.70833333333334,66.53687546843092,test
2016-11-16 17:00:00,Bear_public_Valorie,Bear,249.25,14.4,6.7,1017.9,6.2,2.0,17,2,0,11,-0.9659258262890683,-0.25881904510252063,0.9749279121818236,-0.22252093395631434,255.75,265.75,202.02083333333334,65.9397335462084,test
2016-11-16 18:00:00,Bear_public_Valorie,Bear,246.0,13.9,5.6,1018.2,6.7,2.0,18,2,0,11,-1.0,-1.8369701987210297e-16,0.9749279121818236,-0.22252093395631434,249.25,258.0,201.52083333333334,65.54109715794131,test
2016-11-16 19:00:00,Bear_public_Valorie,Bear,230.5,12.2,5.6,1018.4,2.1,2.0,19,2,0,11,-0.9659258262890684,0.2588190451025203,0.9749279121818236,-0.22252093395631434,246.0,253.0,200.58333333333334,64.93080207398526,test
2016-11-16 20:00:00,Bear_public_Valorie,Bear,225.75,12.2,5.6,1018.6,2.6,2.0,20,2,0,11,-0.8660254037844386,0.5000000000000001,0.9749279121818236,-0.22252093395631434,230.5,248.5,199.63541666666666,64.36445055674015,test
2016-11-16 21:00:00,Bear_public_Valorie,Bear,217.75,11.7,6.7,1018.7,2.1,0.0,21,2,0,11,-0.7071067811865477,0.7071067811865474,0.9749279121818236,-0.22252093395631434,225.75,239.75,198.71875,63.92345594622313,test
2016-11-16 22:00:00,Bear_public_Valorie,Bear,217.75,11.1,6.1,1018.8,2.6,0.0,22,2,0,11,-0.5000000000000004,0.8660254037844384,0.9749279121818236,-0.22252093395631434,217.75,240.25,197.78125,63.451124313367906,test
2016-11-16 23:00:00,Bear_public_Valorie,Bear,212.0,10.6,5.6,1018.7,2.6,0.0,23,2,0,11,-0.25881904510252157,0.9659258262890681,0.9749279121818236,-0.22252093395631434,217.75,226.75,197.16666666666666,63.22938169984711,test
2016-11-17 00:00:00,Bear_public_Valorie,Bear,209.0,10.0,5.0,1019.1,0.0,0.0,0,3,0,11,0.0,1.0,0.43388373911755823,-0.900968867902419,212.0,225.5,196.47916666666666,62.99719268532461,test
2016-11-17 01:00:00,Bear_public_Valorie,Bear,205.0,8.3,4.4,1019.0,2.1,0.0,1,3,0,11,0.25881904510252074,0.9659258262890683,0.43388373911755823,-0.900968867902419,209.0,223.0,195.72916666666666,62.77448061646308,test
2016-11-17 02:00:00,Bear_public_Valorie,Bear,126.0,8.3,5.6,1019.2,2.1,0.0,2,3,0,11,0.49999999999999994,0.8660254037844387,0.43388373911755823,-0.900968867902419,205.0,132.75,195.44791666666666,63.08327739405583,test
2016-11-17 03:00:00,Bear_public_Valorie,Bear,48.0,6.7,4.4,1019.2,1.5,0.0,3,3,0,11,0.7071067811865476,0.7071067811865476,0.43388373911755823,-0.900968867902419,126.0,47.25,195.47916666666666,63.00681108224456,test
2016-11-17 04:00:00,Bear_public_Valorie,Bear,66.75,7.8,5.0,1019.1,1.5,0.0,4,3,0,11,0.8660254037844386,0.5000000000000001,0.43388373911755823,-0.900968867902419,48.0,60.5,195.73958333333334,62.434987019832874,test
2016-11-17 05:00:00,Bear_public_Valorie,Bear,87.0,7.2,5.0,1019.5,0.0,0.0,5,3,0,11,0.9659258262890683,0.25881904510252074,0.43388373911755823,-0.900968867902419,66.75,93.5,195.46875,62.91005969964641,test
2016-11-17 06:00:00,Bear_public_Valorie,Bear,123.25,6.1,3.9,1019.5,1.5,0.0,6,3,0,11,1.0,6.123233995736766e-17,0.43388373911755823,-0.900968867902419,87.0,127.25,195.30208333333334,63.10364917300193,test
2016-11-17 07:00:00,Bear_public_Valorie,Bear,136.75,7.2,5.0,1019.8,1.5,2.0,7,3,0,11,0.9659258262890683,-0.25881904510252063,0.43388373911755823,-0.900968867902419,123.25,138.75,195.21875,63.18284854724033,test
2016-11-17 08:00:00,Bear_public_Valorie,Bear,159.75,8.9,6.7,1020.9,0.0,2.0,8,3,0,11,0.8660254037844387,-0.4999999999999998,0.43388373911755823,-0.900968867902419,136.75,157.5,195.3125,63.12609232804393,test
2016-11-17 09:00:00,Bear_public_Valorie,Bear,214.5,11.1,6.7,1020.8,1.5,2.0,9,3,0,11,0.7071067811865476,-0.7071067811865475,0.43388373911755823,-0.900968867902419,159.75,225.25,194.86458333333334,62.942303599626605,test
2016-11-17 10:00:00,Bear_public_Valorie,Bear,221.75,12.2,7.8,1020.9,2.1,2.0,10,3,0,11,0.49999999999999994,-0.8660254037844387,0.43388373911755823,-0.900968867902419,214.5,224.5,194.75,62.888488267104734,test
2016-11-17 11:00:00,Bear_public_Valorie,Bear,232.5,12.8,8.3,1021.1,2.1,0.0,11,3,0,11,0.258819045102521,-0.9659258262890682,0.43388373911755823,-0.900968867902419,221.75,231.75,194.78125,62.90785672314732,test
2016-11-17 12:00:00,Bear_public_Valorie,Bear,232.75,13.9,7.8,1020.1,2.6,0.0,12,3,0,11,1.2246467991473532e-16,-1.0,0.43388373911755823,-0.900968867902419,232.5,240.25,194.46875,62.69041916346816,test
2016-11-17 13:00:00,Bear_public_Valorie,Bear,238.25,15.0,6.1,1019.4,3.1,2.0,13,3,0,11,-0.2588190451025208,-0.9659258262890683,0.43388373911755823,-0.900968867902419,232.75,241.5,194.33333333333334,62.5878368282577,test
2016-11-17 14:00:00,Bear_public_Valorie,Bear,239.0,15.0,5.6,1018.7,2.6,2.0,14,3,0,11,-0.4999999999999997,-0.8660254037844388,0.43388373911755823,-0.900968867902419,238.25,250.75,193.84375,62.17191332961571,test
2016-11-17 15:00:00,Bear_public_Valorie,Bear,243.5,15.6,6.1,1018.4,2.6,2.0,15,3,0,11,-0.7071067811865471,-0.7071067811865479,0.43388373911755823,-0.900968867902419,239.0,257.25,193.27083333333334,61.62314979437306,test
2016-11-17 16:00:00,Bear_public_Valorie,Bear,249.75,16.1,5.6,1018.3,3.1,2.0,16,3,0,11,-0.8660254037844385,-0.5000000000000004,0.43388373911755823,-0.900968867902419,243.5,255.75,193.02083333333334,61.37030849272947,test
2016-11-17 17:00:00,Bear_public_Valorie,Bear,239.5,14.4,5.0,1018.1,3.6,2.0,17,3,0,11,-0.9659258262890683,-0.25881904510252063,0.43388373911755823,-0.900968867902419,249.75,249.25,192.61458333333334,61.01313913940961,test
2016-11-17 18:00:00,Bear_public_Valorie,Bear,229.25,13.9,4.4,1018.0,2.6,2.0,18,3,0,11,-1.0,-1.8369701987210297e-16,0.43388373911755823,-0.900968867902419,239.5,246.0,191.91666666666666,60.46929991230332,test
2016-11-17 19:00:00,Bear_public_Valorie,Bear,224.25,11.1,3.9,1018.5,0.0,2.0,19,3,0,11,-0.9659258262890684,0.2588190451025203,0.43388373911755823,-0.900968867902419,229.25,230.5,191.65625,60.30915878332413,test
2016-11-17 20:00:00,Bear_public_Valorie,Bear,220.5,11.7,4.4,1018.3,1.5,2.0,20,3,0,11,-0.8660254037844386,0.5000000000000001,0.43388373911755823,-0.900968867902419,224.25,225.75,191.4375,60.1895217841837,test
2016-11-17 21:00:00,Bear_public_Valorie,Bear,211.0,9.4,3.3,1018.2,1.5,0.0,21,3,0,11,-0.7071067811865477,0.7071067811865474,0.43388373911755823,-0.900968867902419,220.5,217.75,191.15625,60.07688970503103,test
2016-11-17 22:00:00,Bear_public_Valorie,Bear,210.5,9.4,3.3,1018.3,2.1,0.0,22,3,0,11,-0.5000000000000004,0.8660254037844384,0.43388373911755823,-0.900968867902419,211.0,217.75,190.85416666666666,59.95545976637265,test
2016-11-17 23:00:00,Bear_public_Valorie,Bear,208.75,8.3,2.8,1018.2,2.6,0.0,23,3,0,11,-0.25881904510252157,0.9659258262890681,0.43388373911755823,-0.900968867902419,210.5,212.0,190.71875,59.909275271755575,test
2016-11-18 00:00:00,Bear_public_Valorie,Bear,201.25,10.0,2.8,1018.0,0.0,0.0,0,4,0,11,0.0,1.0,-0.433883739117558,-0.9009688679024191,208.75,209.0,190.39583333333334,59.82728386720864,test
2016-11-18 01:00:00,Bear_public_Valorie,Bear,199.5,9.4,1.1,1017.7,3.1,0.0,1,4,0,11,0.25881904510252074,0.9659258262890683,-0.433883739117558,-0.9009688679024191,201.25,205.0,190.16666666666666,59.7794254751997,test
2016-11-18 02:00:00,Bear_public_Valorie,Bear,121.25,10.0,1.7,1017.4,3.1,0.0,2,4,0,11,0.49999999999999994,0.8660254037844387,-0.433883739117558,-0.9009688679024191,199.5,126.0,189.96875,60.00852803977138,test
2016-11-18 03:00:00,Bear_public_Valorie,Bear,46.0,10.0,2.2,1017.6,2.6,0.0,3,4,0,11,0.7071067811865476,0.7071067811865476,-0.433883739117558,-0.9009688679024191,121.25,48.0,189.88541666666666,60.21528312279199,test
2016-11-18 04:00:00,Bear_public_Valorie,Bear,69.25,9.4,1.7,1017.2,1.5,0.0,4,4,0,11,0.8660254037844386,0.5000000000000001,-0.433883739117558,-0.9009688679024191,46.0,66.75,189.98958333333334,59.994767850072435,test
2016-11-18 05:00:00,Bear_public_Valorie,Bear,89.25,7.2,1.1,1016.9,2.1,0.0,5,4,0,11,0.9659258262890683,0.25881904510252074,-0.433883739117558,-0.9009688679024191,69.25,87.0,190.08333333333334,59.82836259680286,test
2016-11-18 06:00:00,Bear_public_Valorie,Bear,128.5,7.8,1.7,1016.9,0.0,0.0,6,4,0,11,1.0,6.123233995736766e-17,-0.433883739117558,-0.9009688679024191,89.25,123.25,190.30208333333334,59.58246838583731,test
2016-11-18 07:00:00,Bear_public_Valorie,Bear,124.25,8.3,3.3,1017.3,2.6,0.0,7,4,0,11,0.9659258262890683,-0.25881904510252063,-0.433883739117558,-0.9009688679024191,128.5,136.75,189.78125,60.12312152448385,test
2016-11-18 08:00:00,Bear_public_Valorie,Bear,148.9027,9.4,4.4,1017.6,1.5,0.0,8,4,0,11,0.8660254037844387,-0.4999999999999998,-0.433883739117558,-0.9009688679024191,124.25,159.75,189.32927916666668,60.39883430807909,test
2016-11-18 09:00:00,Bear_public_Valorie,Bear,212.9205,12.2,3.9,1017.9,1.5,0.0,9,4,0,11,0.7071067811865476,-0.7071067811865475,-0.433883739117558,-0.9009688679024191,148.9027,214.5,189.2634666666667,60.37106917084574,test
2016-11-18 10:00:00,Bear_public_Valorie,Bear,221.25,15.0,1.7,1017.5,2.1,0.0,10,4,0,11,0.49999999999999994,-0.8660254037844387,-0.433883739117558,-0.9009688679024191,212.9205,221.75,189.24263333333337,60.35945618978598,test
2016-11-18 11:00:00,Bear_public_Valorie,Bear,232.25,15.0,3.3,1016.9,2.6,0.0,11,4,0,11,0.258819045102521,-0.9659258262890682,-0.433883739117558,-0.9009688679024191,221.25,232.5,189.2322166666667,60.35168745078408,test
2016-11-18 12:00:00,Bear_public_Valorie,Bear,245.5,15.6,5.6,1016.0,2.6,0.0,12,4,0,11,1.2246467991473532e-16,-1.0,-0.433883739117558,-0.9009688679024191,232.25,232.75,189.7634666666667,60.80581874155664,test
2016-11-18 13:00:00,Bear_public_Valorie,Bear,286.25,19.4,2.8,1014.6,4.6,2.0,13,4,0,11,-0.2588190451025208,-0.9659258262890683,-0.433883739117558,-0.9009688679024191,245.5,238.25,191.7634666666667,63.21175655480621,test
2016-11-18 14:00:00,Bear_public_Valorie,Bear,274.0,19.4,4.4,1014.2,3.1,0.0,14,4,0,11,-0.4999999999999997,-0.8660254037844388,-0.433883739117558,-0.9009688679024191,286.25,239.0,193.22180000000003,64.7343123523344,test
2016-11-18 15:00:00,Bear_public_Valorie,Bear,272.75,19.4,3.9,1014.2,4.6,2.0,15,4,0,11,-0.7071067811865471,-0.7071067811865479,-0.433883739117558,-0.9009688679024191,274.0,243.5,194.44055000000003,65.98531004644326,test
2016-11-18 16:00:00,Bear_public_Valorie,Bear,268.75,17.8,8.3,1014.2,4.1,2.0,16,4,0,11,-0.8660254037844385,-0.5000000000000004,-0.433883739117558,-0.9009688679024191,272.75,249.75,195.2322166666667,66.78685229165015,test
2016-11-18 17:00:00,Bear_public_Valorie,Bear,249.75,16.7,8.9,1014.0,5.1,2.0,17,4,0,11,-0.9659258262890683,-0.25881904510252063,-0.433883739117558,-0.9009688679024191,268.75,239.5,195.65930000000003,67.11421094631886,test
2016-11-18 18:00:00,Bear_public_Valorie,Bear,229.5,16.7,6.1,1014.3,5.7,2.0,18,4,0,11,-1.0,-1.8369701987210297e-16,-0.433883739117558,-0.9009688679024191,249.75,229.25,195.6697166666667,67.11967034873122,test
2016-11-18 19:00:00,Bear_public_Valorie,Bear,222.75,15.0,3.9,1014.3,4.1,2.0,19,4,0,11,-0.9659258262890684,0.2588190451025203,-0.433883739117558,-0.9009688679024191,229.5,224.25,195.6072166666667,67.09259299415153,test
2016-11-18 20:00:00,Bear_public_Valorie,Bear,230.0,15.6,3.3,1014.1,4.6,2.0,20,4,0,11,-0.8660254037844386,0.5000000000000001,-0.433883739117558,-0.9009688679024191,222.75,220.5,196.00305000000003,67.2736207957378,test
2016-11-18 21:00:00,Bear_public_Valorie,Bear,226.25,15.6,3.3,1014.1,5.1,2.0,21,4,0,11,-0.7071067811865477,0.7071067811865474,-0.433883739117558,-0.9009688679024191,230.0,211.0,196.6384666666667,67.49309163846327,test
2016-11-18 22:00:00,Bear_public_Valorie,Bear,125.75,15.0,3.9,1014.0,3.6,2.0,22,4,0,11,-0.5000000000000004,0.8660254037844384,-0.433883739117558,-0.9009688679024191,226.25,210.5,193.1072166666667,68.93792412384461,test
2016-11-18 23:00:00,Bear_public_Valorie,Bear,44.0,13.9,5.6,1014.2,2.1,2.0,23,4,0,11,-0.25881904510252157,0.9659258262890681,-0.433883739117558,-0.9009688679024191,125.75,208.75,186.24263333333337,75.22817033795424,test
2016-11-19 00:00:00,Bear_public_Valorie,Bear,44.5,16.1,6.7,1013.9,9.8,2.0,0,5,1,11,0.0,1.0,-0.9749279121818236,-0.2225209339563146,44.0,201.25,179.71138333333337,80.48909315731889,test
2016-11-19 01:00:00,Bear_public_Valorie,Bear,44.0,15.6,6.1,1014.0,7.7,2.0,1,5,1,11,0.25881904510252074,0.9659258262890683,-0.9749279121818236,-0.2225209339563146,44.5,199.5,173.2322166666667,84.96133250859113,test
2016-11-19 02:00:00,Bear_public_Valorie,Bear,45.0,15.0,8.3,1012.8,11.8,4.0,2,5,1,11,0.49999999999999994,0.8660254037844387,-0.9749279121818236,-0.2225209339563146,44.0,121.25,170.05513333333332,88.34786541431444,test
2016-11-19 03:00:00,Bear_public_Valorie,Bear,44.0,15.6,8.3,1012.7,11.8,4.0,3,5,1,11,0.7071067811865476,0.7071067811865476,-0.9749279121818236,-0.2225209339563146,45.0,46.0,169.9718,88.47082454532446,test
2016-11-19 04:00:00,Bear_public_Valorie,Bear,53.25,15.6,7.8,1012.8,11.3,4.108695652173913,4,5,1,11,0.8660254037844386,0.5000000000000001,-0.9749279121818236,-0.2225209339563146,44.0,69.25,169.30513333333332,89.31902451693661,test
2016-11-19 05:00:00,Bear_public_Valorie,Bear,69.25,15.6,8.3,1012.0,11.3,4.217391304347826,5,5,1,11,0.9659258262890683,0.25881904510252074,-0.9749279121818236,-0.2225209339563146,53.25,89.25,168.4718,90.18747765718015,test
2016-11-19 06:00:00,Bear_public_Valorie,Bear,103.0,15.6,7.8,1012.1,8.8,4.326086956521739,6,5,1,11,1.0,6.123233995736766e-17,-0.9749279121818236,-0.2225209339563146,69.25,128.5,167.4093,90.82680220014078,test
2016-11-19 07:00:00,Bear_public_Valorie,Bear,121.5,15.6,8.3,1012.2,11.3,4.434782608695652,7,5,1,11,0.9659258262890683,-0.25881904510252063,-0.9749279121818236,-0.2225209339563146,103.0,124.25,167.29471666666666,90.88533327354904,test
2016-11-19 08:00:00,Bear_public_Valorie,Bear,149.75,15.6,7.8,1012.3,10.3,4.543478260869565,8,5,1,11,0.8660254037844387,-0.4999999999999998,-0.9749279121818236,-0.2225209339563146,121.5,148.9027,167.33002083333332,90.87804259370142,test
2016-11-19 09:00:00,Bear_public_Valorie,Bear,222.25,15.0,7.8,1013.2,10.3,4.6521739130434785,9,5,1,11,0.7071067811865476,-0.7071067811865475,-0.9749279121818236,-0.2225209339563146,149.75,212.9205,167.71875,91.10121319826466,test
2016-11-19 10:00:00,Bear_public_Valorie,Bear,224.0,14.4,8.9,1014.1,5.7,2.0,10,5,1,11,0.49999999999999994,-0.8660254037844387,-0.9749279121818236,-0.2225209339563146,222.25,221.25,167.83333333333334,91.17317095203661,test
2016-11-19 11:00:00,Bear_public_Valorie,Bear,218.25,13.9,11.7,1014.4,9.3,2.0,11,5,1,11,0.258819045102521,-0.9659258262890682,-0.9749279121818236,-0.2225209339563146,224.0,232.25,167.25,90.78707770525983,test
2016-11-19 12:00:00,Bear_public_Valorie,Bear,226.25,15.0,11.1,1014.0,10.8,2.0,12,5,1,11,1.2246467991473532e-16,-1.0,-0.9749279121818236,-0.2225209339563146,218.25,245.5,166.44791666666666,90.14848798940214,test
2016-11-19 13:00:00,Bear_public_Valorie,Bear,220.0,15.0,11.7,1013.9,7.2,2.0,13,5,1,11,-0.2588190451025208,-0.9659258262890683,-0.9749279121818236,-0.2225209339563146,226.25,286.25,163.6875,87.28953726087342,test
2016-11-19 14:00:00,Bear_public_Valorie,Bear,220.8,14.4,12.8,1013.4,8.2,2.0,14,5,1,11,-0.4999999999999997,-0.8660254037844388,-0.9749279121818236,-0.2225209339563146,220.0,274.0,161.47083333333333,85.01220362096709,test
2016-11-19 15:00:00,Bear_public_Valorie,Bear,231.75,15.0,12.8,1013.0,7.2,2.0,15,5,1,11,-0.7071067811865471,-0.7071067811865479,-0.9749279121818236,-0.2225209339563146,220.8,272.75,159.76250000000002,83.06853803257633,test
2016-11-19 16:00:00,Bear_public_Valorie,Bear,234.5,15.0,12.8,1012.9,6.7,2.0,16,5,1,11,-0.8660254037844385,-0.5000000000000004,-0.9749279121818236,-0.2225209339563146,231.75,268.75,158.33541666666667,81.3920537184958,test
2016-11-19 17:00:00,Bear_public_Valorie,Bear,233.25,15.6,12.8,1013.1,7.7,2.0,17,5,1,11,-0.9659258262890683,-0.25881904510252063,-0.9749279121818236,-0.2225209339563146,234.5,249.75,157.64791666666667,80.65265094320632,test
2016-11-19 18:00:00,Bear_public_Valorie,Bear,232.75,15.6,13.3,1013.4,4.6,2.0,18,5,1,11,-1.0,-1.8369701987210297e-16,-0.9749279121818236,-0.2225209339563146,233.25,229.5,157.78333333333333,80.78116260542473,test
2016-11-19 19:00:00,Bear_public_Valorie,Bear,229.5,15.0,12.8,1013.6,4.6,2.0,19,5,1,11,-0.9659258262890684,0.2588190451025203,-0.9749279121818236,-0.2225209339563146,232.75,222.75,158.06458333333333,81.02855841047477,test
2016-11-19 20:00:00,Bear_public_Valorie,Bear,231.5,15.0,13.3,1014.0,4.6,2.0,20,5,1,11,-0.8660254037844386,0.5000000000000001,-0.9749279121818236,-0.2225209339563146,229.5,230.0,158.12708333333333,81.08701442595174,test
2016-11-19 21:00:00,Bear_public_Valorie,Bear,227.75,15.0,13.3,1014.1,6.2,2.0,21,5,1,11,-0.7071067811865477,0.7071067811865474,-0.9749279121818236,-0.2225209339563146,231.5,226.25,158.18958333333333,81.14236412836756,test
2016-11-19 22:00:00,Bear_public_Valorie,Bear,123.25,14.4,12.8,1013.9,5.7,2.0,22,5,1,11,-0.5000000000000004,0.8660254037844384,-0.9749279121818236,-0.2225209339563146,227.75,125.75,158.08541666666667,81.18741131690669,test
2016-11-19 23:00:00,Bear_public_Valorie,Bear,43.75,13.9,12.8,1014.0,3.1,2.0,23,5,1,11,-0.25881904510252157,0.9659258262890681,-0.9749279121818236,-0.2225209339563146,123.25,44.0,158.07500000000002,81.20269994440382,test
2016-11-20 00:00:00,Bear_public_Valorie,Bear,43.5,13.9,12.2,1013.8,3.6,2.0,0,6,1,11,0.0,1.0,-0.7818314824680299,0.6234898018587334,43.75,44.5,158.03333333333333,81.26374487976828,test
2016-11-20 01:00:00,Bear_public_Valorie,Bear,44.0,14.4,12.8,1013.8,3.1,2.0,1,6,1,11,0.25881904510252074,0.9659258262890683,-0.7818314824680299,0.6234898018587334,43.5,44.0,158.03333333333333,81.26374487976828,test
2016-11-20 02:00:00,Bear_public_Valorie,Bear,43.0,14.4,12.8,1013.7,3.1,2.0,2,6,1,11,0.49999999999999994,0.8660254037844387,-0.7818314824680299,0.6234898018587334,44.0,45.0,157.95000000000002,81.38563060863524,test
2016-11-20 03:00:00,Bear_public_Valorie,Bear,44.0,13.9,12.2,1013.4,3.6,2.0,3,6,1,11,0.7071067811865476,0.7071067811865476,-0.7818314824680299,0.6234898018587334,43.0,44.0,157.95000000000002,81.38563060863524,test
2016-11-20 04:00:00,Bear_public_Valorie,Bear,52.75,13.9,12.2,1013.4,2.6,2.0,4,6,1,11,0.8660254037844386,0.5000000000000001,-0.7818314824680299,0.6234898018587334,44.0,53.25,157.92916666666667,81.41365647202524,test
2016-11-20 05:00:00,Bear_public_Valorie,Bear,69.5,13.9,12.8,1013.2,3.1,2.0,5,6,1,11,0.9659258262890683,0.25881904510252074,-0.7818314824680299,0.6234898018587334,52.75,69.25,157.93958333333333,81.40183202078802,test
2016-11-20 06:00:00,Bear_public_Valorie,Bear,69.5,13.9,12.2,1013.3,3.1,2.0,6,6,1,11,1.0,6.123233995736766e-17,-0.7818314824680299,0.6234898018587334,69.5,103.0,156.54375000000002,82.66232556573031,test
2016-11-20 07:00:00,Bear_public_Valorie,Bear,68.25,13.9,12.8,1013.4,4.1,2.0,7,6,1,11,0.9659258262890683,-0.25881904510252063,-0.7818314824680299,0.6234898018587334,69.5,121.5,154.32500000000002,84.34142697599937,test
2016-11-20 08:00:00,Bear_public_Valorie,Bear,67.0,14.4,13.3,1013.6,2.6,2.0,8,6,1,11,0.8660254037844387,-0.4999999999999998,-0.7818314824680299,0.6234898018587334,68.25,149.75,150.87708333333333,86.20737507435284,test
2016-11-20 09:00:00,Bear_public_Valorie,Bear,66.5,15.0,13.3,1014.0,4.1,2.0,9,6,1,11,0.7071067811865476,-0.7071067811865475,-0.7818314824680299,0.6234898018587334,67.0,222.25,144.38750000000002,86.4628624097477,test
2016-11-20 10:00:00,Bear_public_Valorie,Bear,154.0,15.6,13.9,1014.1,3.1,2.0,10,6,1,11,0.49999999999999994,-0.8660254037844387,-0.7818314824680299,0.6234898018587334,66.5,224.0,141.47083333333333,84.82567663547795,test
2016-11-20 11:00:00,Bear_public_Valorie,Bear,172.75,15.0,13.3,1013.8000000000001,2.6,2.0,11,6,1,11,0.258819045102521,-0.9659258262890682,-0.7818314824680299,0.6234898018587334,154.0,218.25,139.57500000000002,83.53369015735119,test
2016-11-20 12:00:00,Bear_public_Valorie,Bear,221.0,15.0,13.9,1013.5,2.1,2.0,12,6,1,11,1.2246467991473532e-16,-1.0,-0.7818314824680299,0.6234898018587334,172.75,226.25,139.35625000000002,83.30340213379775,test
2016-11-20 13:00:00,Bear_public_Valorie,Bear,251.5,15.6,13.9,1013.2,2.1,2.0,13,6,1,11,-0.2588190451025208,-0.9659258262890683,-0.7818314824680299,0.6234898018587334,221.0,220.0,140.66875000000002,84.86279695523369,test
2016-11-20 14:00:00,Bear_public_Valorie,Bear,257.5,15.6,14.4,1013.4,0.0,2.0,14,6,1,11,-0.4999999999999997,-0.8660254037844388,-0.7818314824680299,0.6234898018587334,251.5,220.8,142.19791666666666,86.68066641560635,test
2016-11-20 15:00:00,Bear_public_Valorie,Bear,261.5,15.6,14.4,1013.1,2.6,2.0,15,6,1,11,-0.7071067811865471,-0.7071067811865479,-0.7818314824680299,0.6234898018587334,257.5,231.75,143.4375,88.2161146301218,test
2016-11-20 16:00:00,Bear_public_Valorie,Bear,263.5,16.7,14.4,1012.5,0.0,2.0,16,6,1,11,-0.8660254037844385,-0.5000000000000004,-0.7818314824680299,0.6234898018587334,261.5,234.5,144.64583333333334,89.70373691584243,test
2016-11-20 17:00:00,Bear_public_Valorie,Bear,258.0,15.6,13.3,1013.0,1.5,2.0,17,6,1,11,-0.9659258262890683,-0.25881904510252063,-0.7818314824680299,0.6234898018587334,263.5,233.25,145.67708333333334,90.90090995283617,test
2016-11-20 18:00:00,Bear_public_Valorie,Bear,252.25,14.4,12.8,1012.9,0.0,2.0,18,6,1,11,-1.0,-1.8369701987210297e-16,-0.7818314824680299,0.6234898018587334,258.0,232.75,146.48958333333334,91.7957763771755,test
2016-11-20 19:00:00,Bear_public_Valorie,Bear,247.0,13.9,12.8,1013.1,0.0,8.347826086956522,19,6,1,11,-0.9659258262890684,0.2588190451025203,-0.7818314824680299,0.6234898018587334,252.25,229.5,147.21875,92.55023055957474,test
2016-11-20 20:00:00,Bear_public_Valorie,Bear,241.75,12.8,12.8,1013.4,0.0,8.456521739130434,20,6,1,11,-0.8660254037844386,0.5000000000000001,-0.7818314824680299,0.6234898018587334,247.0,231.5,147.64583333333334,92.978723508996,test
2016-11-20 21:00:00,Bear_public_Valorie,Bear,223.75,12.2,12.2,1013.5,1.5,8.565217391304348,21,6,1,11,-0.7071067811865477,0.7071067811865474,-0.7818314824680299,0.6234898018587334,241.75,227.75,147.47916666666666,92.83236166977771,test
2016-11-20 22:00:00,Bear_public_Valorie,Bear,225.75,11.7,11.7,1013.6,2.6,8.673913043478262,22,6,1,11,-0.5000000000000004,0.8660254037844384,-0.7818314824680299,0.6234898018587334,223.75,123.25,151.75,94.01942445002017,test
2016-11-20 23:00:00,Bear_public_Valorie,Bear,212.0,12.2,12.2,1014.0,2.6,8.782608695652174,23,6,1,11,-0.25881904510252157,0.9659258262890681,-0.7818314824680299,0.6234898018587334,225.75,43.75,158.76041666666666,91.86439909757196,test
2016-11-21 00:00:00,Bear_public_Valorie,Bear,210.5,12.2,12.2,1014.4,1.5,8.891304347826086,0,0,0,11,0.0,1.0,0.0,1.0,212.0,43.5,165.71875,89.03554225884234,test
2016-11-21 01:00:00,Bear_public_Valorie,Bear,208.25,11.1,11.1,1014.2,0.0,9.0,1,0,0,11,0.25881904510252074,0.9659258262890683,0.0,1.0,210.5,44.0,172.5625,85.51580231543285,test
2016-11-21 02:00:00,Bear_public_Valorie,Bear,113.5,8.9,8.9,1014.3,0.0,8.55,2,0,0,11,0.49999999999999994,0.8660254037844387,0.0,1.0,208.25,43.0,175.5,82.01080257582201,test
2016-11-21 03:00:00,Bear_public_Valorie,Bear,46.75,8.3,8.3,1014.5,0.0,8.1,3,0,0,11,0.7071067811865476,0.7071067811865476,0.0,1.0,113.5,44.0,175.61458333333334,81.820787035589,test
2016-11-21 04:00:00,Bear_public_Valorie,Bear,64.25,8.9,8.9,1014.7,0.0,7.65,4,0,0,11,0.8660254037844386,0.5000000000000001,0.0,1.0,46.75,52.75,176.09375,81.10047487195462,test
2016-11-21 05:00:00,Bear_public_Valorie,Bear,91.75,7.8,7.8,1015.1,1.5,7.2,5,0,0,11,0.9659258262890683,0.25881904510252074,0.0,1.0,64.25,69.5,177.02083333333334,79.94797617780927,test
2016-11-21 06:00:00,Bear_public_Valorie,Bear,119.75,8.3,8.3,1015.7,0.0,6.75,6,0,0,11,1.0,6.123233995736766e-17,0.0,1.0,91.75,69.5,179.11458333333334,77.63420984945552,test
2016-11-21 07:00:00,Bear_public_Valorie,Bear,139.75,8.3,8.3,1016.3,1.5,6.3,7,0,0,11,0.9659258262890683,-0.25881904510252063,0.0,1.0,119.75,68.25,182.09375,74.50364057708289,test
2016-11-21 08:00:00,Bear_public_Valorie,Bear,165.25,8.9,8.3,1017.1,0.0,2.0,8,0,0,11,0.8660254037844387,-0.4999999999999998,0.0,1.0,139.75,67.0,186.1875,70.49611652887128,test
2016-11-21 09:00:00,Bear_public_Valorie,Bear,224.25,11.7,8.3,1017.5,2.1,2.0,9,0,0,11,0.7071067811865476,-0.7071067811865475,0.0,1.0,165.25,66.5,192.76041666666666,66.06647998856711,test
2016-11-21 10:00:00,Bear_public_Valorie,Bear,230.0,13.9,13.9,1018.1,0.0,2.0,10,0,0,11,0.49999999999999994,-0.8660254037844387,0.0,1.0,224.25,154.0,195.92708333333334,65.94915198579098,test
2016-11-21 11:00:00,Bear_public_Valorie,Bear,240.755,15.0,13.9,1018.0,1.5,2.0,11,0,0,11,0.258819045102521,-0.9659258262890682,0.0,1.0,230.0,172.75,198.760625,66.3696351522637,test
2016-11-21 12:00:00,Bear_public_Valorie,Bear,246.9536,16.1,11.7,1017.8,1.5,2.0,12,0,0,11,1.2246467991473532e-16,-1.0,0.0,1.0,240.755,221.0,199.842025,66.95659256808156,test
2016-11-21 13:00:00,Bear_public_Valorie,Bear,249.0,15.6,11.7,1017.5,1.5,2.0,13,0,0,11,-0.2588190451025208,-0.9659258262890683,0.0,1.0,246.9536,251.5,199.73785833333332,66.87462680590842,test
2016-11-21 14:00:00,Bear_public_Valorie,Bear,258.75,16.1,11.7,1017.7,2.6,2.0,14,0,0,11,-0.4999999999999997,-0.8660254037844388,0.0,1.0,249.0,257.5,199.78994166666666,66.92203903241153,test
2016-11-21 15:00:00,Bear_public_Valorie,Bear,256.0,16.7,11.7,1017.9,5.1,2.7,15,0,0,11,-0.7071067811865471,-0.7071067811865479,0.0,1.0,258.75,261.5,199.560775,66.71061548781317,test
2016-11-21 16:00:00,Bear_public_Valorie,Bear,261.25,16.1,11.1,1018.2,6.7,2.25,16,0,0,11,-0.8660254037844385,-0.5000000000000004,0.0,1.0,256.0,263.5,199.467025,66.61837064874292,test
2016-11-21 17:00:00,Bear_public_Valorie,Bear,254.5,15.0,10.6,1018.4,6.2,1.7999999999999998,17,0,0,11,-0.9659258262890683,-0.25881904510252063,0.0,1.0,261.25,258.0,199.32119166666666,66.48836996696723,test
2016-11-21 18:00:00,Bear_public_Valorie,Bear,250.0,13.9,10.0,1019.3,3.1,1.3499999999999996,18,0,0,11,-1.0,-1.8369701987210297e-16,0.0,1.0,254.5,252.25,199.22744166666666,66.41203687548865,test
2016-11-21 19:00:00,Bear_public_Valorie,Bear,232.5,12.8,8.9,1019.9,0.0,0.9000000000000004,19,0,0,11,-0.9659258262890684,0.2588190451025203,0.0,1.0,250.0,247.0,198.623275,66.02336021260095,test
2016-11-21 20:00:00,Bear_public_Valorie,Bear,225.25,11.1,7.8,1020.2,2.1,0.4499999999999993,20,0,0,11,-0.8660254037844386,0.5000000000000001,0.0,1.0,232.5,241.75,197.935775,65.63954881596047,test
2016-11-21 21:00:00,Bear_public_Valorie,Bear,216.5,10.6,8.3,1020.6,1.5,0.0,21,0,0,11,-0.7071067811865477,0.7071067811865474,0.0,1.0,225.25,223.75,197.63369166666666,65.53217749780208,test
2016-11-21 22:00:00,Bear_public_Valorie,Bear,215.25,10.6,8.9,1021.0,0.0,0.0,22,0,0,11,-0.5000000000000004,0.8660254037844384,0.0,1.0,216.5,225.75,197.19619166666666,65.37116050405497,test
2016-11-21 23:00:00,Bear_public_Valorie,Bear,209.25,10.6,8.3,1021.4,0.0,0.0,23,0,0,11,-0.25881904510252157,0.9659258262890681,0.0,1.0,215.25,212.0,197.08160833333332,65.34648949018144,test
2016-11-22 00:00:00,Bear_public_Valorie,Bear,208.0,8.3,7.2,1021.4,2.6,0.0,0,1,0,11,0.0,1.0,0.7818314824680298,0.6234898018587336,209.25,210.5,196.97744166666666,65.32615910713253,test
2016-11-22 01:00:00,Bear_public_Valorie,Bear,203.0,9.4,8.3,1021.0,1.5,0.0,1,1,0,11,0.25881904510252074,0.9659258262890683,0.7818314824680298,0.6234898018587336,208.0,208.25,196.75869166666666,65.29555370203711,test
2016-11-22 02:00:00,Bear_public_Valorie,Bear,111.5,8.9,7.2,1021.2,2.6,0.0,2,1,0,11,0.49999999999999994,0.8660254037844387,0.7818314824680298,0.6234898018587336,203.0,113.5,196.67535833333332,65.40761249568774,test
2016-11-22 03:00:00,Bear_public_Valorie,Bear,47.0,8.3,7.2,1021.5,2.6,0.0,3,1,0,11,0.7071067811865476,0.7071067811865476,0.7818314824680298,0.6234898018587336,111.5,46.75,196.685775,65.38271277357971,test
2016-11-22 04:00:00,Bear_public_Valorie,Bear,72.0,8.9,7.8,1021.2,0.0,0.0,4,1,0,11,0.8660254037844386,0.5000000000000001,0.7818314824680298,0.6234898018587336,47.0,64.25,197.00869166666666,64.7159295506403,test
2016-11-22 05:00:00,Bear_public_Valorie,Bear,90.8085,7.8,6.7,1021.5,2.6,0.0,5,1,0,11,0.9659258262890683,0.25881904510252074,0.7818314824680298,0.6234898018587336,72.0,91.75,196.9694625,64.78275970646786,test
2016-11-22 06:00:00,Bear_public_Valorie,Bear,119.1613,9.4,7.8,1022.0,3.1,0.0,6,1,0,11,1.0,6.123233995736766e-17,0.7818314824680298,0.6234898018587336,90.8085,119.75,196.94493333333332,64.81337331533351,test
2016-11-22 07:00:00,Bear_public_Valorie,Bear,130.25,9.4,7.8,1022.1,3.1,0.0,7,1,0,11,0.9659258262890683,-0.25881904510252063,0.7818314824680298,0.6234898018587336,119.1613,139.75,196.54909999999998,65.20568813826941,test
2016-11-22 08:00:00,Bear_public_Valorie,Bear,160.75,10.0,8.3,1022.8,3.6,0.0,8,1,0,11,0.8660254037844387,-0.4999999999999998,0.7818314824680298,0.6234898018587336,130.25,165.25,196.36159999999998,65.30599505021183,test
2016-11-22 09:00:00,Bear_public_Valorie,Bear,217.75,11.7,9.4,1023.0,4.1,0.0,9,1,0,11,0.7071067811865476,-0.7071067811865475,0.7818314824680298,0.6234898018587336,160.75,224.25,196.09076666666667,65.19869935412291,test
2016-11-22 10:00:00,Bear_public_Valorie,Bear,223.25,13.3,10.0,1023.2,3.6,0.0,10,1,0,11,0.49999999999999994,-0.8660254037844387,0.7818314824680298,0.6234898018587336,217.75,230.0,195.80951666666667,65.0604763994019,test
2016-11-22 11:00:00,Bear_public_Valorie,Bear,235.0,13.9,10.0,1022.8,3.6,0.0,11,1,0,11,0.258819045102521,-0.9659258262890682,0.7818314824680298,0.6234898018587336,223.25,240.755,195.56972499999998,64.89802236723119,test
2016-11-22 12:00:00,Bear_public_Valorie,Bear,233.75,14.4,9.4,1022.1,1.5,2.0,12,1,0,11,1.2246467991473532e-16,-1.0,0.7818314824680298,0.6234898018587336,235.0,246.9536,195.019575,64.49822811641239,test
2016-11-22 13:00:00,Bear_public_Valorie,Bear,238.25,15.6,10.0,1021.4,2.1,2.0,13,1,0,11,-0.2588190451025208,-0.9659258262890683,0.7818314824680298,0.6234898018587336,233.75,249.0,194.57165833333332,64.14340630044086,test
2016-11-22 14:00:00,Bear_public_Valorie,Bear,234.25,16.1,7.8,1021.0,2.1,2.0,14,1,0,11,-0.4999999999999997,-0.8660254037844388,0.7818314824680298,0.6234898018587336,238.25,258.75,193.550825,63.2665726676678,test
2016-11-22 15:00:00,Bear_public_Valorie,Bear,243.75,16.1,8.3,1020.9,2.1,2.0,15,1,0,11,-0.7071067811865471,-0.7071067811865479,0.7818314824680298,0.6234898018587336,234.25,256.0,193.04040833333332,62.788453349301,test
2016-11-22 16:00:00,Bear_public_Valorie,Bear,234.5,15.6,8.9,1020.8,2.1,2.0,16,1,0,11,-0.8660254037844385,-0.5000000000000004,0.7818314824680298,0.6234898018587336,243.75,261.25,191.925825,61.75389491099737,test
2016-11-22 17:00:00,Bear_public_Valorie,Bear,232.75,13.9,9.4,1020.8,2.1,2.0,17,1,0,11,-0.9659258262890683,-0.25881904510252063,0.7818314824680298,0.6234898018587336,234.5,254.5,191.019575,60.95004237028368,test
2016-11-22 18:00:00,Bear_public_Valorie,Bear,225.5,14.4,9.4,1020.8,3.6,2.0,18,1,0,11,-1.0,-1.8369701987210297e-16,0.7818314824680298,0.6234898018587336,232.75,250.0,189.99874166666666,60.1187502589084,test
2016-11-22 19:00:00,Bear_public_Valorie,Bear,221.75,13.9,10.0,1020.5,2.6,2.0,19,1,0,11,-0.9659258262890684,0.2588190451025203,0.7818314824680298,0.6234898018587336,225.5,232.5,189.550825,59.82766751029146,test
2016-11-22 20:00:00,Bear_public_Valorie,Bear,219.75,13.9,10.0,1020.2,3.6,2.0,20,1,0,11,-0.8660254037844386,0.5000000000000001,0.7818314824680298,0.6234898018587336,221.75,225.25,189.32165833333332,59.69536579928454,test
2016-11-22 21:00:00,Bear_public_Valorie,Bear,217.75,12.8,9.4,1020.1,4.6,2.0,21,1,0,11,-0.7071067811865477,0.7071067811865474,0.7818314824680298,0.6234898018587336,219.75,216.5,189.37374166666666,59.72064944095568,test
2016-11-22 22:00:00,Bear_public_Valorie,Bear,219.5,13.9,10.0,1020.0,7.2,0.0,22,1,0,11,-0.5000000000000004,0.8660254037844384,0.7818314824680298,0.6234898018587336,217.75,215.25,189.550825,59.806952261860154,test
2016-11-22 23:00:00,Bear_public_Valorie,Bear,217.0,12.8,10.0,1019.7,6.2,0.0,23,1,0,11,-0.25881904510252157,0.9659258262890681,0.7818314824680298,0.6234898018587336,219.5,209.25,189.87374166666666,59.93871598555767,test
2016-11-23 00:00:00,Bear_public_Valorie,Bear,214.75,12.2,11.1,1020.9,3.6,0.0,0,2,0,11,0.0,1.0,0.9749279121818236,-0.22252093395631434,217.0,208.0,190.15499166666666,60.04321308058743,test
2016-11-23 01:00:00,Bear_public_Valorie,Bear,212.5,12.2,11.1,1021.4,2.1,0.0,1,2,0,11,0.25881904510252074,0.9659258262890683,0.9749279121818236,-0.22252093395631434,214.75,203.0,190.550825,60.16277044442079,test
2016-11-23 02:00:00,Bear_public_Valorie,Bear,111.5,11.1,10.6,1021.6,0.0,0.0,2,2,0,11,0.49999999999999994,0.8660254037844387,0.9749279121818236,-0.22252093395631434,212.5,111.5,190.550825,60.16277044442079,test
2016-11-23 03:00:00,Bear_public_Valorie,Bear,48.0,12.8,9.4,1022.2,6.2,0.0,3,2,0,11,0.7071067811865476,0.7071067811865476,0.9749279121818236,-0.22252093395631434,111.5,47.0,190.59249166666666,60.05928682377069,test
2016-11-23 04:00:00,Bear_public_Valorie,Bear,67.25,11.1,9.4,1022.7,1.5,0.0,4,2,0,11,0.8660254037844386,0.5000000000000001,0.9749279121818236,-0.22252093395631434,48.0,72.0,190.394575,60.47348090857881,test
2016-11-23 05:00:00,Bear_public_Valorie,Bear,90.25,10.0,8.3,1023.4,1.5,0.0,5,2,0,11,0.9659258262890683,0.25881904510252074,0.9749279121818236,-0.22252093395631434,67.25,90.8085,190.37130416666665,60.51356301972463,test
2016-11-23 06:00:00,Bear_public_Valorie,Bear,121.75,8.9,7.8,1023.6,2.1,2.0,6,2,0,11,1.0,6.123233995736766e-17,0.9749279121818236,-0.22252093395631434,90.25,119.1613,190.47916666666666,60.38328288068895,test
2016-11-23 07:00:00,Bear_public_Valorie,Bear,128.25,9.4,8.3,1024.5,2.1,2.0,7,2,0,11,0.9659258262890683,-0.25881904510252063,0.9749279121818236,-0.22252093395631434,121.75,130.25,190.39583333333334,60.4713333390056,test
2016-11-23 08:00:00,Bear_public_Valorie,Bear,163.75,11.1,9.4,1025.4,3.6,2.0,8,2,0,11,0.8660254037844387,-0.4999999999999998,0.9749279121818236,-0.22252093395631434,128.25,160.75,190.52083333333334,60.41045820174646,test
2016-11-23 09:00:00,Bear_public_Valorie,Bear,219.25,12.2,10.6,1026.4,3.6,2.0,9,2,0,11,0.7071067811865476,-0.7071067811865475,0.9749279121818236,-0.22252093395631434,163.75,217.75,190.58333333333334,60.440622437064114,test
2016-11-23 10:00:00,Bear_public_Valorie,Bear,225.75,12.2,10.6,1027.2,2.1,2.0,10,2,0,11,0.49999999999999994,-0.8660254037844387,0.9749279121818236,-0.22252093395631434,219.25,223.25,190.6875,60.5014934238963,test
2016-11-23 11:00:00,Bear_public_Valorie,Bear,227.0,15.0,11.1,1027.4,3.6,3.0,11,2,0,11,0.258819045102521,-0.9659258262890682,0.9749279121818236,-0.22252093395631434,225.75,235.0,190.35416666666666,60.2683273887032,test
2016-11-23 12:00:00,Bear_public_Valorie,Bear,226.75,15.0,10.6,1027.3,3.1,4.0,12,2,0,11,1.2246467991473532e-16,-1.0,0.9749279121818236,-0.22252093395631434,227.0,233.75,190.0625,60.06578142192204,test
2016-11-23 13:00:00,Bear_public_Valorie,Bear,228.0,15.6,9.4,1026.7,2.6,4.0,13,2,0,11,-0.2588190451025208,-0.9659258262890683,0.9749279121818236,-0.22252093395631434,226.75,238.25,189.63541666666666,59.74383628234725,test
2016-11-23 14:00:00,Bear_public_Valorie,Bear,226.5,16.1,7.8,1026.1,3.1,2.0,14,2,0,11,-0.4999999999999997,-0.8660254037844388,0.9749279121818236,-0.22252093395631434,228.0,234.25,189.3125,59.51270644375785,test
2016-11-23 15:00:00,Bear_public_Valorie,Bear,228.75,15.6,7.2,1026.4,4.6,2.0,15,2,0,11,-0.7071067811865471,-0.7071067811865479,0.9749279121818236,-0.22252093395631434,226.5,243.75,188.6875,58.99264185878005,test
2016-11-23 16:00:00,Bear_public_Valorie,Bear,223.25,15.0,7.8,1026.4,6.2,2.0,16,2,0,11,-0.8660254037844385,-0.5000000000000004,0.9749279121818236,-0.22252093395631434,228.75,234.5,188.21875,58.65653122109532,test
2016-11-23 17:00:00,Bear_public_Valorie,Bear,205.5,13.3,7.8,1026.7,3.6,2.0,17,2,0,11,-0.9659258262890683,-0.25881904510252063,0.9749279121818236,-0.22252093395631434,223.25,232.75,187.08333333333334,58.01731688014399,test
2016-11-23 18:00:00,Bear_public_Valorie,Bear,203.5,12.8,8.3,1027.1,3.1,0.0,18,2,0,11,-1.0,-1.8369701987210297e-16,0.9749279121818236,-0.22252093395631434,205.5,225.5,186.16666666666666,57.555911694755714,test
2016-11-23 19:00:00,Bear_public_Valorie,Bear,199.5,12.2,7.2,1027.3,2.6,0.0,19,2,0,11,-0.9659258262890684,0.2588190451025203,0.9749279121818236,-0.22252093395631434,203.5,221.75,185.23958333333334,57.135493002934965,test
2016-11-23 20:00:00,Bear_public_Valorie,Bear,199.5,11.7,7.8,1027.8,3.1,0.0,20,2,0,11,-0.8660254037844386,0.5000000000000001,0.9749279121818236,-0.22252093395631434,199.5,219.75,184.39583333333334,56.751935260369095,test
2016-11-23 21:00:00,Bear_public_Valorie,Bear,197.5,8.9,6.1,1028.0,2.1,0.0,21,2,0,11,-0.7071067811865477,0.7071067811865474,0.9749279121818236,-0.22252093395631434,199.5,217.75,183.55208333333334,56.38382530780084,test
2016-11-23 22:00:00,Bear_public_Valorie,Bear,198.75,9.4,7.2,1028.3,0.0,0.0,22,2,0,11,-0.5000000000000004,0.8660254037844384,0.9749279121818236,-0.22252093395631434,197.5,219.5,182.6875,55.9661801020707,test
2016-11-23 23:00:00,Bear_public_Valorie,Bear,198.25,8.3,6.1,1028.4,2.1,0.0,23,2,0,11,-0.25881904510252157,0.9659258262890681,0.9749279121818236,-0.22252093395631434,198.75,217.0,181.90625,55.59602017446171,test
2016-11-24 00:00:00,Bear_public_Valorie,Bear,197.5,8.9,6.7,1027.8,3.6,0.0,0,3,0,11,0.0,1.0,0.43388373911755823,-0.900968867902419,198.25,214.75,181.1875,55.26346235750302,test
2016-11-24 01:00:00,Bear_public_Valorie,Bear,197.25,7.2,6.1,1027.9,0.0,0.0,1,3,0,11,0.25881904510252074,0.9659258262890683,0.43388373911755823,-0.900968867902419,197.5,212.5,180.55208333333334,54.97469670748291,test
2016-11-24 02:00:00,Bear_public_Valorie,Bear,197.25,6.1,5.0,1027.6,2.1,0.0,2,3,0,11,0.49999999999999994,0.8660254037844387,0.43388373911755823,-0.900968867902419,197.25,111.5,184.125,53.04438256534951,test
2016-11-24 03:00:00,Bear_public_Valorie,Bear,198.25,7.8,6.1,1027.5,1.5,2.0,3,3,0,11,0.7071067811865476,0.7071067811865476,0.43388373911755823,-0.900968867902419,197.25,48.0,190.38541666666666,44.450325178951395,test
2016-11-24 04:00:00,Bear_public_Valorie,Bear,197.0,5.6,4.4,1027.4,1.5,2.0,4,3,0,11,0.8660254037844386,0.5000000000000001,0.43388373911755823,-0.900968867902419,198.25,67.25,195.79166666666666,35.888767367916614,test
2016-11-24 05:00:00,Bear_public_Valorie,Bear,197.25,5.0,3.9,1027.4,2.6,2.0,5,3,0,11,0.9659258262890683,0.25881904510252074,0.43388373911755823,-0.900968867902419,197.0,90.25,200.25,27.983011150401786,test
2016-11-24 06:00:00,Bear_public_Valorie,Bear,195.75,5.6,4.4,1027.3,0.0,2.0,6,3,0,11,1.0,6.123233995736766e-17,0.43388373911755823,-0.900968867902419,197.25,121.75,203.33333333333334,22.49633625565661,test
2016-11-24 07:00:00,Bear_public_Valorie,Bear,196.5,5.0,3.9,1027.7,1.5,2.0,7,3,0,11,0.9659258262890683,-0.25881904510252063,0.43388373911755823,-0.900968867902419,195.75,128.25,206.17708333333334,15.95518165230363,test
2016-11-24 08:00:00,Bear_public_Valorie,Bear,195.25,6.1,5.0,1027.4,1.5,2.0,8,3,0,11,0.8660254037844387,-0.4999999999999998,0.43388373911755823,-0.900968867902419,196.5,163.75,207.48958333333334,13.405157826024121,test
2016-11-24 09:00:00,Bear_public_Valorie,Bear,197.0,9.4,7.8,1027.8,0.0,2.0,9,3,0,11,0.7071067811865476,-0.7071067811865475,0.43388373911755823,-0.900968867902419,195.25,219.25,206.5625,13.325614840209091,test
2016-11-24 10:00:00,Bear_public_Valorie,Bear,196.25,12.2,6.7,1027.0,4.1,2.0,10,3,0,11,0.49999999999999994,-0.8660254037844387,0.43388373911755823,-0.900968867902419,197.0,225.75,205.33333333333334,12.830133235497385,test
2016-11-24 11:00:00,Bear_public_Valorie,Bear,198.5,12.8,7.8,1026.3,1.5,2.0,11,3,0,11,0.258819045102521,-0.9659258262890682,0.43388373911755823,-0.900968867902419,196.25,227.0,204.14583333333334,12.031642309622613,test
2016-11-24 12:00:00,Bear_public_Valorie,Bear,197.75,12.2,7.2,1024.4,3.6,2.0,12,3,0,11,1.2246467991473532e-16,-1.0,0.43388373911755823,-0.900968867902419,198.5,226.75,202.9375,11.081528402669198,test
2016-11-24 13:00:00,Bear_public_Valorie,Bear,198.25,13.3,7.8,1023.2,3.1,2.0,13,3,0,11,-0.2588190451025208,-0.9659258262890683,0.43388373911755823,-0.900968867902419,197.75,228.0,201.69791666666666,9.738700020010025,test
2016-11-24 14:00:00,Bear_public_Valorie,Bear,198.75,13.9,7.8,1023.0,4.1,2.0,14,3,0,11,-0.4999999999999997,-0.8660254037844388,0.43388373911755823,-0.900968867902419,198.25,226.5,200.54166666666666,8.190220396604724,test
2016-11-24 15:00:00,Bear_public_Valorie,Bear,199.25,15.6,7.2,1021.6,2.6,4.0,15,3,0,11,-0.7071067811865471,-0.7071067811865479,0.43388373911755823,-0.900968867902419,198.75,228.75,199.3125,5.565933844850233,test
2016-11-24 16:00:00,Bear_public_Valorie,Bear,199.0,14.4,7.8,1021.7,5.1,4.0,16,3,0,11,-0.8660254037844385,-0.5000000000000004,0.43388373911755823,-0.900968867902419,199.25,223.25,198.30208333333334,2.237257597596306,test
2016-11-24 17:00:00,Bear_public_Valorie,Bear,198.5,12.8,7.2,1021.5,3.6,3.75,17,3,0,11,-0.9659258262890683,-0.25881904510252063,0.43388373911755823,-0.900968867902419,199.0,205.5,198.01041666666666,1.6326811216397288,test
2016-11-24 18:00:00,Bear_public_Valorie,Bear,197.0,12.8,6.7,1021.5,3.6,3.5,18,3,0,11,-1.0,-1.8369701987210297e-16,0.43388373911755823,-0.900968867902419,198.5,203.5,197.73958333333334,1.1503287967406466,test
2016-11-24 19:00:00,Bear_public_Valorie,Bear,198.5,11.7,6.7,1021.8,2.1,3.25,19,3,0,11,-0.9659258262890684,0.2588190451025203,0.43388373911755823,-0.900968867902419,197.0,199.5,197.69791666666666,1.1008375434788273,test
2016-11-24 20:00:00,Bear_public_Valorie,Bear,197.25,10.0,6.1,1021.5,1.5,3.0,20,3,0,11,-0.8660254037844386,0.5000000000000001,0.43388373911755823,-0.900968867902419,198.5,199.5,197.60416666666666,1.0345043621915362,test
2016-11-24 21:00:00,Bear_public_Valorie,Bear,197.25,11.1,7.2,1021.8,0.0,2.75,21,3,0,11,-0.7071067811865477,0.7071067811865474,0.43388373911755823,-0.900968867902419,197.25,197.5,197.59375,1.0368548282250512,test
2016-11-24 22:00:00,Bear_public_Valorie,Bear,198.0,9.4,6.7,1022.0,1.5,2.5,22,3,0,11,-0.5000000000000004,0.8660254037844384,0.43388373911755823,-0.900968867902419,197.25,198.75,197.5625,1.0114829836027546,test
2016-11-24 23:00:00,Bear_public_Valorie,Bear,198.25,7.2,5.6,1022.4,1.5,2.25,23,3,0,11,-0.25881904510252157,0.9659258262890681,0.43388373911755823,-0.900968867902419,198.0,198.25,197.5625,1.0114829836027546,test
2016-11-25 00:00:00,Bear_public_Valorie,Bear,197.0,7.2,5.6,1021.8,0.0,2.0,0,4,0,11,0.0,1.0,-0.433883739117558,-0.9009688679024191,198.25,197.5,197.54166666666666,1.017954755423311,test
2016-11-25 01:00:00,Bear_public_Valorie,Bear,197.25,6.7,5.0,1021.4,2.1,0.0,1,4,0,11,0.25881904510252074,0.9659258262890683,-0.433883739117558,-0.9009688679024191,197.0,197.25,197.54166666666666,1.017954755423311,test
2016-11-25 02:00:00,Bear_public_Valorie,Bear,197.25,7.8,5.6,1021.2,1.5,0.0,2,4,0,11,0.49999999999999994,0.8660254037844387,-0.433883739117558,-0.9009688679024191,197.25,197.25,197.54166666666666,1.017954755423311,test
2016-11-25 03:00:00,Bear_public_Valorie,Bear,197.0,6.7,5.6,1020.8,2.1,0.0,3,4,0,11,0.7071067811865476,0.7071067811865476,-0.433883739117558,-0.9009688679024191,197.25,198.25,197.48958333333334,1.0120984621727191,test
2016-11-25 04:00:00,Bear_public_Valorie,Bear,197.75,6.7,5.6,1020.4,1.5,0.0,4,4,0,11,0.8660254037844386,0.5000000000000001,-0.433883739117558,-0.9009688679024191,197.0,197.0,197.52083333333334,1.007894562593882,test
2016-11-25 05:00:00,Bear_public_Valorie,Bear,196.25,7.2,5.6,1020.2,1.5,4.0,5,4,0,11,0.9659258262890683,0.25881904510252074,-0.433883739117558,-0.9009688679024191,197.75,197.25,197.47916666666666,1.0397446035496603,test
2016-11-25 06:00:00,Bear_public_Valorie,Bear,196.5,8.3,6.7,1020.3,2.6,4.0,6,4,0,11,1.0,6.123233995736766e-17,-0.433883739117558,-0.9009688679024191,196.25,195.75,197.51041666666666,0.9958587256635454,test
2016-11-25 07:00:00,Bear_public_Valorie,Bear,196.0,7.8,6.7,1020.6,0.0,4.0,7,4,0,11,0.9659258262890683,-0.25881904510252063,-0.433883739117558,-0.9009688679024191,196.5,196.5,197.48958333333334,1.0227817106143258,test
2016-11-25 08:00:00,Bear_public_Valorie,Bear,200.25,8.3,6.1,1020.3,2.6,4.0,8,4,0,11,0.8660254037844387,-0.4999999999999998,-0.433883739117558,-0.9009688679024191,196.0,195.25,197.69791666666666,1.0554701370365571,test
2016-11-25 09:00:00,Bear_public_Valorie,Bear,200.25,10.0,7.2,1019.7,2.1,4.0,9,4,0,11,0.7071067811865476,-0.7071067811865475,-0.433883739117558,-0.9009688679024191,200.25,197.0,197.83333333333334,1.164853663771602,test
2016-11-25 10:00:00,Bear_public_Valorie,Bear,201.5,10.6,6.7,1019.7,2.6,4.0,10,4,0,11,0.49999999999999994,-0.8660254037844387,-0.433883739117558,-0.9009688679024191,200.25,196.25,198.05208333333334,1.3351012961740831,test
2016-11-25 11:00:00,Bear_public_Valorie,Bear,202.5,11.7,6.7,1019.5,1.5,4.0,11,4,0,11,0.258819045102521,-0.9659258262890682,-0.433883739117558,-0.9009688679024191,201.5,198.5,198.21875,1.6139886118438813,test
2016-11-25 12:00:00,Bear_public_Valorie,Bear,200.75,14.4,7.2,1018.4,2.1,4.0,12,4,0,11,1.2246467991473532e-16,-1.0,-0.433883739117558,-0.9009688679024191,202.5,197.75,198.34375,1.6904663943616705,test
2016-11-25 13:00:00,Bear_public_Valorie,Bear,203.0,14.4,5.0,1017.6,0.0,2.0,13,4,0,11,-0.2588190451025208,-0.9659258262890683,-0.433883739117558,-0.9009688679024191,200.75,198.25,198.54166666666666,1.93882902058071,test
2016-11-25 14:00:00,Bear_public_Valorie,Bear,203.25,13.9,6.7,1016.9,1.5,2.0,14,4,0,11,-0.4999999999999997,-0.8660254037844388,-0.433883739117558,-0.9009688679024191,203.0,198.75,198.72916666666666,2.1643312385530273,test
2016-11-25 15:00:00,Bear_public_Valorie,Bear,202.0,14.4,6.7,1015.7,0.0,2.0,15,4,0,11,-0.7071067811865471,-0.7071067811865479,-0.433883739117558,-0.9009688679024191,203.25,199.25,198.84375,2.2636212091011347,test
2016-11-25 16:00:00,Bear_public_Valorie,Bear,201.75,13.9,7.2,1015.4,0.0,2.0,16,4,0,11,-0.8660254037844385,-0.5000000000000004,-0.433883739117558,-0.9009688679024191,202.0,199.0,198.95833333333334,2.34018146206528,test
2016-11-25 17:00:00,Bear_public_Valorie,Bear,201.5,13.3,8.3,1015.2,1.5,2.0,17,4,0,11,-0.9659258262890683,-0.25881904510252063,-0.433883739117558,-0.9009688679024191,201.75,198.5,199.08333333333334,2.3941353466340938,test
2016-11-25 18:00:00,Bear_public_Valorie,Bear,199.4,11.1,7.8,1015.2,0.0,2.0,18,4,0,11,-1.0,-1.8369701987210297e-16,-0.433883739117558,-0.9009688679024191,201.5,197.0,199.18333333333337,2.3531046405349576,test
2016-11-25 19:00:00,Bear_public_Valorie,Bear,201.5,10.0,7.8,1015.0,2.1,2.0,19,4,0,11,-0.9659258262890684,0.2588190451025203,-0.433883739117558,-0.9009688679024191,199.4,198.5,199.30833333333337,2.3945439189419773,test
2016-11-25 20:00:00,Bear_public_Valorie,Bear,198.75,11.7,7.8,1014.3,3.1,2.0,20,4,0,11,-0.8660254037844386,0.5000000000000001,-0.433883739117558,-0.9009688679024191,201.5,197.25,199.37083333333337,2.3577769866703826,test
2016-11-25 21:00:00,Bear_public_Valorie,Bear,198.25,12.2,7.2,1014.2,4.6,2.0,21,4,0,11,-0.7071067811865477,0.7071067811865474,-0.433883739117558,-0.9009688679024191,198.75,197.25,199.41250000000002,2.3273071769072695,test
2016-11-25 22:00:00,Bear_public_Valorie,Bear,198.5,12.2,7.8,1013.7,4.6,2.0,22,4,0,11,-0.5000000000000004,0.8660254037844384,-0.433883739117558,-0.9009688679024191,198.25,198.0,199.43333333333337,2.3163251755469267,test
2016-11-25 23:00:00,Bear_public_Valorie,Bear,198.75,12.2,7.8,1013.3,6.2,2.0,23,4,0,11,-0.25881904510252157,0.9659258262890681,-0.433883739117558,-0.9009688679024191,198.5,198.25,199.45416666666668,2.307450911758875,test
2016-11-26 00:00:00,Bear_public_Valorie,Bear,141.75,13.3,7.8,1012.6,5.1,2.0,0,5,1,11,0.0,1.0,-0.9749279121818236,-0.2225209339563146,198.75,197.0,197.15208333333337,12.012705946900438,test
2016-11-26 01:00:00,Bear_public_Valorie,Bear,139.75,12.8,7.8,1012.0,4.1,2.0,1,5,1,11,0.25881904510252074,0.9659258262890683,-0.9749279121818236,-0.2225209339563146,141.75,197.25,194.75625000000002,16.780224596233175,test
2016-11-26 02:00:00,Bear_public_Valorie,Bear,140.75,12.8,7.8,1011.6,4.6,2.0,2,5,1,11,0.49999999999999994,0.8660254037844387,-0.9749279121818236,-0.2225209339563146,139.75,197.25,192.40208333333337,20.058276396360206,test
2016-11-26 03:00:00,Bear_public_Valorie,Bear,140.25,13.3,6.7,1010.9,7.2,2.0,3,5,1,11,0.7071067811865476,0.7071067811865476,-0.9749279121818236,-0.2225209339563146,140.75,197.0,190.03750000000002,22.667925290077775,test
2016-11-26 04:00:00,Bear_public_Valorie,Bear,152.25,13.3,6.7,1009.9,7.7,2.0,4,5,1,11,0.8660254037844386,0.5000000000000001,-0.9749279121818236,-0.2225209339563146,140.25,197.75,188.14166666666668,23.865887364817794,test
2016-11-26 05:00:00,Bear_public_Valorie,Bear,166.0,14.4,7.2,1008.8,11.3,2.0,5,5,1,11,0.9659258262890683,0.25881904510252074,-0.9749279121818236,-0.2225209339563146,152.25,196.25,186.88125000000002,24.215279099111168,test
2016-11-26 06:00:00,Bear_public_Valorie,Bear,206.0,12.2,10.0,1010.5,6.2,2.0,6,5,1,11,1.0,6.123233995736766e-17,-0.9749279121818236,-0.2225209339563146,166.0,196.5,187.27708333333337,24.45579854405823,test
2016-11-26 07:00:00,Bear_public_Valorie,Bear,213.75,11.1,9.4,1011.0,4.1,2.0,7,5,1,11,0.9659258262890683,-0.25881904510252063,-0.9749279121818236,-0.2225209339563146,206.0,196.0,188.01666666666668,24.993545543611944,test
2016-11-26 08:00:00,Bear_public_Valorie,Bear,201.25,11.1,10.6,1011.5,3.6,2.0,8,5,1,11,0.8660254037844387,-0.4999999999999998,-0.9749279121818236,-0.2225209339563146,213.75,200.25,188.05833333333337,25.015650173905396,test
2016-11-26 09:00:00,Bear_public_Valorie,Bear,199.0,11.7,11.7,1011.7,0.0,2.0,9,5,1,11,0.7071067811865476,-0.7071067811865475,-0.9749279121818236,-0.2225209339563146,201.25,200.25,188.00625000000002,24.99045170921205,test
2016-11-26 10:00:00,Bear_public_Valorie,Bear,203.25,11.1,11.1,1012.1,4.6,2.0,10,5,1,11,0.49999999999999994,-0.8660254037844387,-0.9749279121818236,-0.2225209339563146,199.0,201.5,188.07916666666668,25.03405036218184,test
2016-11-26 11:00:00,Bear_public_Valorie,Bear,202.5,11.7,11.1,1012.0,5.1,2.0,11,5,1,11,0.258819045102521,-0.9659258262890682,-0.9749279121818236,-0.2225209339563146,203.25,202.5,188.07916666666668,25.03405036218184,test
2016-11-26 12:00:00,Bear_public_Valorie,Bear,199.0,12.8,11.1,1011.5,5.7,2.0,12,5,1,11,1.2246467991473532e-16,-1.0,-0.9749279121818236,-0.2225209339563146,202.5,200.75,188.00625000000002,24.998062153156358,test
2016-11-26 13:00:00,Bear_public_Valorie,Bear,199.75,12.8,9.4,1010.7,6.2,2.0,13,5,1,11,-0.2588190451025208,-0.9659258262890683,-0.9749279121818236,-0.2225209339563146,199.0,203.0,187.87083333333337,24.92199533442898,test
2016-11-26 14:00:00,Bear_public_Valorie,Bear,204.5,12.8,11.1,1010.8,5.1,2.0,14,5,1,11,-0.4999999999999997,-0.8660254037844388,-0.9749279121818236,-0.2225209339563146,199.75,203.25,187.92291666666668,24.95681478407634,test
2016-11-26 15:00:00,Bear_public_Valorie,Bear,205.0,13.3,11.1,1010.9,4.6,2.0,15,5,1,11,-0.7071067811865471,-0.7071067811865479,-0.9749279121818236,-0.2225209339563146,204.5,202.0,188.04791666666668,25.037769205250434,test
2016-11-26 16:00:00,Bear_public_Valorie,Bear,202.0,13.3,10.0,1011.1,5.7,2.0,16,5,1,11,-0.8660254037844385,-0.5000000000000004,-0.9749279121818236,-0.2225209339563146,205.0,201.75,188.05833333333337,25.043768931989156,test
2016-11-26 17:00:00,Bear_public_Valorie,Bear,206.5,12.8,9.4,1011.4,6.7,2.0,17,5,1,11,-0.9659258262890683,-0.25881904510252063,-0.9749279121818236,-0.2225209339563146,202.0,201.5,188.26666666666668,25.180870355968292,test
2016-11-26 18:00:00,Bear_public_Valorie,Bear,202.5,11.7,10.0,1012.1,4.1,2.0,18,5,1,11,-1.0,-1.8369701987210297e-16,-0.9749279121818236,-0.2225209339563146,206.5,199.4,188.39583333333334,25.248322874421564,test
2016-11-26 19:00:00,Bear_public_Valorie,Bear,202.75,11.7,10.0,1012.3,3.6,2.0,19,5,1,11,-0.9659258262890684,0.2588190451025203,-0.9749279121818236,-0.2225209339563146,202.5,201.5,188.44791666666666,25.27780208166317,test
2016-11-26 20:00:00,Bear_public_Valorie,Bear,201.5,12.2,10.0,1012.5,4.1,2.0,20,5,1,11,-0.8660254037844386,0.5000000000000001,-0.9749279121818236,-0.2225209339563146,202.75,198.75,188.5625,25.332704630833803,test
2016-11-26 21:00:00,Bear_public_Valorie,Bear,207.75,12.8,10.0,1013.1,4.6,2.0,21,5,1,11,-0.7071067811865477,0.7071067811865474,-0.9749279121818236,-0.2225209339563146,201.5,198.25,188.95833333333334,25.563823226799226,test
2016-11-26 22:00:00,Bear_public_Valorie,Bear,142.5,12.2,10.0,1012.9,6.7,2.0,22,5,1,11,-0.5000000000000004,0.8660254037844384,-0.9749279121818236,-0.2225209339563146,207.75,198.5,186.625,27.16085338353276,test
2016-11-26 23:00:00,Bear_public_Valorie,Bear,139.75,12.2,10.0,1012.7,8.2,2.0,23,5,1,11,-0.25881904510252157,0.9659258262890681,-0.9749279121818236,-0.2225209339563146,142.5,198.75,184.16666666666666,28.64519333935971,test
2016-11-27 00:00:00,Bear_public_Valorie,Bear,139.5,12.8,10.6,1012.4,8.2,2.0,0,6,1,11,0.0,1.0,-0.7818314824680299,0.6234898018587334,139.75,141.75,184.07291666666666,28.793349093024524,test
2016-11-27 01:00:00,Bear_public_Valorie,Bear,140.5,13.3,10.6,1011.9,7.2,4.0,1,6,1,11,0.25881904510252074,0.9659258262890683,-0.7818314824680299,0.6234898018587334,139.5,139.75,184.10416666666666,28.74351691238872,test
2016-11-27 02:00:00,Bear_public_Valorie,Bear,141.0,12.2,9.4,1012.2,13.4,4.0,2,6,1,11,0.49999999999999994,0.8660254037844387,-0.7818314824680299,0.6234898018587334,140.5,140.75,184.11458333333334,28.72716287375739,test
2016-11-27 03:00:00,Bear_public_Valorie,Bear,139.6592,12.2,9.4,1013.2,6.2,4.0,3,6,1,11,0.7071067811865476,0.7071067811865476,-0.7818314824680299,0.6234898018587334,141.0,140.25,184.08996666666667,28.766611298376922,test
2016-11-27 04:00:00,Bear_public_Valorie,Bear,151.5874,12.2,9.4,1014.0,6.7,4.0,4,6,1,11,0.8660254037844386,0.5000000000000001,-0.7818314824680299,0.6234898018587334,139.6592,152.25,184.06235833333332,28.79879779942427,test
2016-11-27 05:00:00,Bear_public_Valorie,Bear,162.5,12.2,8.9,1014.3,4.6,4.0,5,6,1,11,0.9659258262890683,0.25881904510252074,-0.7818314824680299,0.6234898018587334,151.5874,166.0,183.91652499999998,28.90291353568952,test
2016-11-27 06:00:00,Bear_public_Valorie,Bear,158.75,11.7,8.3,1014.9,7.2,4.0,6,6,1,11,1.0,6.123233995736766e-17,-0.7818314824680299,0.6234898018587334,162.5,206.0,181.94777499999998,28.942487291768,test
2016-11-27 07:00:00,Bear_public_Valorie,Bear,155.25,11.7,7.2,1016.0,4.6,4.0,7,6,1,11,0.9659258262890683,-0.25881904510252063,-0.7818314824680299,0.6234898018587334,158.75,213.75,179.51027499999998,28.60917308774557,test
2016-11-27 08:00:00,Bear_public_Valorie,Bear,156.5,11.7,6.7,1016.7,6.7,4.0,8,6,1,11,0.8660254037844387,-0.4999999999999998,-0.7818314824680299,0.6234898018587334,155.25,201.25,177.64569166666664,28.58896644718391,test
2016-11-27 09:00:00,Bear_public_Valorie,Bear,155.75,12.8,6.1,1017.4,5.7,2.0,9,6,1,11,0.7071067811865476,-0.7071067811865475,-0.7818314824680299,0.6234898018587334,156.5,199.0,175.84360833333335,28.54747516660224,test
2016-11-27 10:00:00,Bear_public_Valorie,Bear,159.0,13.9,5.6,1018.9,4.6,4.0,10,6,1,11,0.49999999999999994,-0.8660254037844387,-0.7818314824680299,0.6234898018587334,155.75,203.25,173.99985833333335,28.126308806585744,test
2016-11-27 11:00:00,Bear_public_Valorie,Bear,160.75,14.4,5.6,1019.5,3.6,2.0,11,6,1,11,0.258819045102521,-0.9659258262890682,-0.7818314824680299,0.6234898018587334,159.0,202.5,172.260275,27.572612238127643,test
2016-11-27 12:00:00,Bear_public_Valorie,Bear,197.25,15.0,6.1,1018.6,2.6,2.0,12,6,1,11,1.2246467991473532e-16,-1.0,-0.7818314824680299,0.6234898018587334,160.75,199.0,172.18735833333335,27.501044729498123,test
2016-11-27 13:00:00,Bear_public_Valorie,Bear,225.0,15.6,5.6,1018.7,5.7,4.0,13,6,1,11,-0.2588190451025208,-0.9659258262890683,-0.7818314824680299,0.6234898018587334,197.25,199.75,173.2394416666667,29.041186950170037,test
2016-11-27 14:00:00,Bear_public_Valorie,Bear,222.75,15.0,7.2,1019.3,4.6,4.0,14,6,1,11,-0.4999999999999997,-0.8660254037844388,-0.7818314824680299,0.6234898018587334,225.0,204.5,173.99985833333335,30.114403373829,test
2016-11-27 15:00:00,Bear_public_Valorie,Bear,228.25,15.0,6.1,1019.0,4.1,4.0,15,6,1,11,-0.7071067811865471,-0.7071067811865479,-0.7818314824680299,0.6234898018587334,222.75,205.0,174.96860833333335,31.497220949128288,test
2016-11-27 16:00:00,Bear_public_Valorie,Bear,225.5,14.4,7.8,1018.9,5.7,4.0,16,6,1,11,-0.8660254037844385,-0.5000000000000004,-0.7818314824680299,0.6234898018587334,228.25,202.0,175.947775,32.71579749015385,test
2016-11-27 17:00:00,Bear_public_Valorie,Bear,222.0,13.9,8.3,1019.0,4.1,4.0,17,6,1,11,-0.9659258262890683,-0.25881904510252063,-0.7818314824680299,0.6234898018587334,225.5,206.5,176.59360833333335,33.48899681914926,test
2016-11-27 18:00:00,Bear_public_Valorie,Bear,224.6,13.3,8.3,1019.2,4.6,4.0,18,6,1,11,-1.0,-1.8369701987210297e-16,-0.7818314824680299,0.6234898018587334,222.0,202.5,177.51444166666667,34.52026435608307,test
2016-11-27 19:00:00,Bear_public_Valorie,Bear,222.75,12.2,7.8,1019.4,1.5,4.0,19,6,1,11,-0.9659258262890684,0.2588190451025203,-0.7818314824680299,0.6234898018587334,224.6,202.75,178.34777499999998,35.38648393690391,test
2016-11-27 20:00:00,Bear_public_Valorie,Bear,224.25,13.3,7.8,1019.5,4.6,2.0,20,6,1,11,-0.8660254037844386,0.5000000000000001,-0.7818314824680299,0.6234898018587334,222.75,201.5,179.29569166666667,36.32587907187237,test
2016-11-27 21:00:00,Bear_public_Valorie,Bear,213.5,13.3,8.3,1019.5,4.6,2.0,21,6,1,11,-0.7071067811865477,0.7071067811865474,-0.7818314824680299,0.6234898018587334,224.25,207.75,179.53527499999998,36.540036243518266,test
2016-11-27 22:00:00,Bear_public_Valorie,Bear,210.0,12.2,7.8,1019.5,0.0,2.0,22,6,1,11,-0.5000000000000004,0.8660254037844384,-0.7818314824680299,0.6234898018587334,213.5,142.5,182.34777499999998,36.16126431308933,test
2016-11-27 23:00:00,Bear_public_Valorie,Bear,210.0,12.8,8.3,1019.3,0.0,2.0,23,6,1,11,-0.25881904510252157,0.9659258262890681,-0.7818314824680299,0.6234898018587334,210.0,139.75,185.27485833333333,35.39841518984987,test
2016-11-28 00:00:00,Bear_public_Valorie,Bear,208.25,12.2,8.9,1019.3,3.1,2.0,0,0,0,11,0.0,1.0,0.0,1.0,210.0,139.5,188.13944166666667,34.29772379817069,test
2016-11-28 01:00:00,Bear_public_Valorie,Bear,207.5,11.7,8.9,1018.5,4.1,2.0,1,0,0,11,0.25881904510252074,0.9659258262890683,0.0,1.0,208.25,140.5,190.93110833333333,32.95184357046093,test
2016-11-28 02:00:00,Bear_public_Valorie,Bear,135.25,11.7,8.9,1018.0,5.1,2.0,2,0,0,11,0.49999999999999994,0.8660254037844387,0.0,1.0,207.5,141.0,190.69152499999998,33.349170199953406,test
2016-11-28 03:00:00,Bear_public_Valorie,Bear,43.5,11.1,8.3,1017.5,6.7,2.0,3,0,0,11,0.7071067811865476,0.7071067811865476,0.0,1.0,135.25,139.6592,186.68489166666666,43.86521683346507,test
2016-11-28 04:00:00,Bear_public_Valorie,Bear,55.0,10.6,8.9,1016.9666666666667,6.2,2.0,4,0,0,11,0.8660254037844386,0.5000000000000001,0.0,1.0,43.5,151.5874,182.66041666666663,51.06516718682963,test
2016-11-28 05:00:00,Bear_public_Valorie,Bear,82.5,10.6,9.4,1016.4333333333333,4.6,2.0,5,0,0,11,0.9659258262890683,0.25881904510252074,0.0,1.0,55.0,162.5,179.32708333333332,54.90504843178923,test
2016-11-28 06:00:00,Bear_public_Valorie,Bear,107.75,10.6,9.4,1015.9,2.6,2.0,6,0,0,11,1.0,6.123233995736766e-17,0.0,1.0,82.5,158.75,177.20208333333332,56.69386417066197,test
2016-11-28 07:00:00,Bear_public_Valorie,Bear,118.0,10.6,10.6,1016.4,2.1,4.0,7,0,0,11,0.9659258262890683,-0.25881904510252063,0.0,1.0,107.75,155.25,175.64999999999998,57.81967658159304,test
2016-11-28 08:00:00,Bear_public_Valorie,Bear,137.75,11.1,11.1,1016.7,0.0,4.0,8,0,0,11,0.8660254037844387,-0.4999999999999998,0.0,1.0,118.0,156.5,174.86875,58.215000331417805,test
2016-11-28 09:00:00,Bear_public_Valorie,Bear,219.0,13.3,13.3,1017.3,0.0,4.0,9,0,0,11,0.7071067811865476,-0.7071067811865475,0.0,1.0,137.75,155.75,177.5041666666667,58.741154591594835,test
2016-11-28 10:00:00,Bear_public_Valorie,Bear,226.25,14.4,12.8,1018.1,3.1,4.0,10,0,0,11,0.49999999999999994,-0.8660254037844387,0.0,1.0,219.0,159.0,180.30625,59.4201497673103,test
2016-11-28 11:00:00,Bear_public_Valorie,Bear,229.75,15.0,10.0,1017.7,4.1,4.0,11,0,0,11,0.258819045102521,-0.9659258262890682,0.0,1.0,226.25,160.75,183.18125,60.09818381922692,test
2016-11-28 12:00:00,Bear_public_Valorie,Bear,238.0,15.6,8.3,1017.3,5.1,4.0,12,0,0,11,1.2246467991473532e-16,-1.0,0.0,1.0,229.75,197.25,184.8791666666667,61.080554289551635,test
2016-11-28 13:00:00,Bear_public_Valorie,Bear,243.25,16.1,8.3,1016.6,7.7,4.0,13,0,0,11,-0.2588190451025208,-0.9659258262890683,0.0,1.0,238.0,225.0,185.63958333333335,61.71208742703064,test
2016-11-28 14:00:00,Bear_public_Valorie,Bear,251.5,16.7,7.8,1016.3,6.7,4.0,14,0,0,11,-0.4999999999999997,-0.8660254037844388,0.0,1.0,243.25,222.75,186.8375,62.73434370769177,test
2016-11-28 15:00:00,Bear_public_Valorie,Bear,243.25,17.2,7.2,1016.2,4.1,4.0,15,0,0,11,-0.7071067811865471,-0.7071067811865479,0.0,1.0,251.5,228.25,187.4625,63.23756150250129,test
2016-11-28 16:00:00,Bear_public_Valorie,Bear,246.25,15.0,8.3,1016.5,4.1,4.0,16,0,0,11,-0.8660254037844385,-0.5000000000000004,0.0,1.0,243.25,225.5,188.32708333333335,63.918402431413156,test
2016-11-28 17:00:00,Bear_public_Valorie,Bear,242.0,12.8,7.2,1016.9,3.1,4.0,17,0,0,11,-0.9659258262890683,-0.25881904510252063,0.0,1.0,246.25,222.0,189.1604166666667,64.50418924576643,test
2016-11-28 18:00:00,Bear_public_Valorie,Bear,256.75,12.2,7.2,1017.2,1.5,4.0,18,0,0,11,-1.0,-1.8369701987210297e-16,0.0,1.0,242.0,224.6,190.5,65.59675893372112,test
2016-11-28 19:00:00,Bear_public_Valorie,Bear,252.25,12.8,7.2,1017.2,1.5,4.0,19,0,0,11,-0.9659258262890684,0.2588190451025203,0.0,1.0,256.75,222.75,191.72916666666666,66.4975447677954,test
2016-11-28 20:00:00,Bear_public_Valorie,Bear,248.25,12.2,7.8,1017.5,2.6,2.0,20,0,0,11,-0.8660254037844386,0.5000000000000001,0.0,1.0,252.25,224.25,192.72916666666666,67.18476780760909,test
2016-11-28 21:00:00,Bear_public_Valorie,Bear,228.25,11.7,6.7,1018.0,3.1,2.0,21,0,0,11,-0.7071067811865477,0.7071067811865474,0.0,1.0,248.25,213.5,193.34375,67.44997391384439,test
2016-11-28 22:00:00,Bear_public_Valorie,Bear,229.5,11.7,6.1,1017.9,3.6,0.0,22,0,0,11,-0.5000000000000004,0.8660254037844384,0.0,1.0,228.25,210.0,194.15625,67.77599824052781,test
2016-11-28 23:00:00,Bear_public_Valorie,Bear,220.25,11.1,6.1,1017.6,4.1,0.0,23,0,0,11,-0.25881904510252157,0.9659258262890681,0.0,1.0,229.5,210.0,194.58333333333334,67.91233426210268,test
2016-11-29 00:00:00,Bear_public_Valorie,Bear,214.25,11.1,6.1,1017.6,4.6,0.0,0,1,0,11,0.0,1.0,0.7818314824680298,0.6234898018587336,220.25,208.25,194.83333333333334,67.97584556083267,test
2016-11-29 01:00:00,Bear_public_Valorie,Bear,209.75,10.6,5.6,1017.5,3.1,0.0,1,1,0,11,0.25881904510252074,0.9659258262890683,0.7818314824680298,0.6234898018587336,214.25,207.5,194.92708333333334,67.99562322737941,test
2016-11-29 02:00:00,Bear_public_Valorie,Bear,137.5,11.1,5.0,1017.8,2.1,0.0,2,1,0,11,0.49999999999999994,0.8660254037844387,0.7818314824680298,0.6234898018587336,209.75,135.25,195.02083333333334,67.91126389998041,test
2016-11-29 03:00:00,Bear_public_Valorie,Bear,48.75,7.8,5.0,1017.9,0.0,0.0,3,1,0,11,0.7071067811865476,0.7071067811865476,0.7818314824680298,0.6234898018587336,137.5,43.5,195.23958333333334,67.40857250858349,test
2016-11-29 04:00:00,Bear_public_Valorie,Bear,61.25,6.7,4.4,1018.2,1.5,0.0,4,1,0,11,0.8660254037844386,0.5000000000000001,0.7818314824680298,0.6234898018587336,48.75,55.0,195.5,66.85301853287218,test
2016-11-29 05:00:00,Bear_public_Valorie,Bear,96.5,6.7,5.0,1018.4,0.0,0.0,5,1,0,11,0.9659258262890683,0.25881904510252074,0.7818314824680298,0.6234898018587336,61.25,82.5,196.08333333333334,65.87812638677511,test
2016-11-29 06:00:00,Bear_public_Valorie,Bear,136.25,5.0,3.9,1018.8,2.1,0.0,6,1,0,11,1.0,6.123233995736766e-17,0.7818314824680298,0.6234898018587336,96.5,107.75,197.27083333333334,64.45818988114429,test
2016-11-29 07:00:00,Bear_public_Valorie,Bear,146.0,6.7,5.0,1019.3,0.0,2.0,7,1,0,11,0.9659258262890683,-0.25881904510252063,0.7818314824680298,0.6234898018587336,136.25,118.0,198.4375,63.20219666311851,test
2016-11-29 08:00:00,Bear_public_Valorie,Bear,164.5,6.1,4.4,1020.0,1.5,4.0,8,1,0,11,0.8660254037844387,-0.4999999999999998,0.7818314824680298,0.6234898018587336,146.0,137.75,199.55208333333334,62.31507333732556,test
2016-11-29 09:00:00,Bear_public_Valorie,Bear,235.25,11.1,6.7,1020.4,1.5,2.0,9,1,0,11,0.7071067811865476,-0.7071067811865475,0.7818314824680298,0.6234898018587336,164.5,219.0,200.22916666666666,62.62309255390158,test
2016-11-29 10:00:00,Bear_public_Valorie,Bear,248.75,12.8,6.1,1021.0,0.0,2.0,10,1,0,11,0.49999999999999994,-0.8660254037844387,0.7818314824680298,0.6234898018587336,235.25,226.25,201.16666666666666,63.19537797261348,test
2016-11-29 11:00:00,Bear_public_Valorie,Bear,247.5,13.9,4.4,1021.2,2.6,2.0,11,1,0,11,0.258819045102521,-0.9659258262890682,0.7818314824680298,0.6234898018587336,248.75,229.75,201.90625,63.6466900544823,test
2016-11-29 12:00:00,Bear_public_Valorie,Bear,238.25,14.4,5.0,1020.6,3.1,2.0,12,1,0,11,1.2246467991473532e-16,-1.0,0.7818314824680298,0.6234898018587336,247.5,238.0,201.91666666666666,63.652874293288065,test
2016-11-29 13:00:00,Bear_public_Valorie,Bear,244.75,14.4,3.9,1020.3,3.6,2.0,13,1,0,11,-0.2588190451025208,-0.9659258262890683,0.7818314824680298,0.6234898018587336,238.25,243.25,201.97916666666666,63.6959453979997,test
2016-11-29 14:00:00,Bear_public_Valorie,Bear,258.5,15.0,5.0,1020.1,3.1,2.0,14,1,0,11,-0.4999999999999997,-0.8660254037844388,0.7818314824680298,0.6234898018587336,244.75,251.5,202.27083333333334,63.948090219752885,test
2016-11-29 15:00:00,Bear_public_Valorie,Bear,259.5,15.6,5.6,1020.0,3.6,2.0,15,1,0,11,-0.7071067811865471,-0.7071067811865479,0.7818314824680298,0.6234898018587336,258.5,243.25,202.94791666666666,64.4846198028896,test
2016-11-29 16:00:00,Bear_public_Valorie,Bear,257.25,15.0,6.1,1019.8,2.6,0.0,16,1,0,11,-0.8660254037844385,-0.5000000000000004,0.7818314824680298,0.6234898018587336,259.5,246.25,203.40625,64.84386819004445,test
2016-11-29 17:00:00,Bear_public_Valorie,Bear,254.75,12.8,5.0,1019.7,3.1,0.0,17,1,0,11,-0.9659258262890683,-0.25881904510252063,0.7818314824680298,0.6234898018587336,257.25,242.0,203.9375,65.22491396831387,test
2016-11-29 18:00:00,Bear_public_Valorie,Bear,252.0,12.8,3.9,1019.7,1.5,0.0,18,1,0,11,-1.0,-1.8369701987210297e-16,0.7818314824680298,0.6234898018587336,254.75,256.75,203.73958333333334,65.06470354689215,test
2016-11-29 19:00:00,Bear_public_Valorie,Bear,237.5,11.7,2.2,1019.8,1.5,0.0,19,1,0,11,-0.9659258262890684,0.2588190451025203,0.7818314824680298,0.6234898018587336,252.0,252.25,203.125,64.65493693110565,test
2016-11-29 20:00:00,Bear_public_Valorie,Bear,236.25,11.1,2.2,1019.9,1.5,0.0,20,1,0,11,-0.8660254037844386,0.5000000000000001,0.7818314824680298,0.6234898018587336,237.5,248.25,202.625,64.33641203116248,test
2016-11-29 21:00:00,Bear_public_Valorie,Bear,227.25,10.0,3.9,1019.8,1.5,0.0,21,1,0,11,-0.7071067811865477,0.7071067811865474,0.7818314824680298,0.6234898018587336,236.25,228.25,202.58333333333334,64.31941634406061,test
2016-11-29 22:00:00,Bear_public_Valorie,Bear,231.25,8.3,3.3,1020.3,0.0,0.0,22,1,0,11,-0.5000000000000004,0.8660254037844384,0.7818314824680298,0.6234898018587336,227.25,229.5,202.65625,64.35224112259053,test
2016-11-29 23:00:00,Bear_public_Valorie,Bear,220.75,7.8,3.3,1020.7,1.5,0.0,23,1,0,11,-0.25881904510252157,0.9659258262890681,0.7818314824680298,0.6234898018587336,231.25,220.25,202.67708333333334,64.35826520206143,test
2016-11-30 00:00:00,Bear_public_Valorie,Bear,215.25,7.2,2.8,1020.8,2.1,0.0,0,2,0,11,0.0,1.0,0.9749279121818236,-0.22252093395631434,220.75,214.25,202.71875,64.36640666578528,test
2016-11-30 01:00:00,Bear_public_Valorie,Bear,213.0,7.2,3.3,1020.8,2.6,0.0,1,2,0,11,0.25881904510252074,0.9659258262890683,0.9749279121818236,-0.22252093395631434,215.25,209.75,202.85416666666666,64.3852584340796,test
2016-11-30 02:00:00,Bear_public_Valorie,Bear,130.0,6.1,2.8,1021.2,2.1,2.0,2,2,0,11,0.49999999999999994,0.8660254037844387,0.9749279121818236,-0.22252093395631434,213.0,137.5,202.54166666666666,64.7335116939589,test
2016-11-30 03:00:00,Bear_public_Valorie,Bear,48.25,7.2,3.3,1020.8,3.1,2.0,3,2,0,11,0.7071067811865476,0.7071067811865476,0.9749279121818236,-0.22252093395631434,130.0,48.75,202.52083333333334,64.78521858496335,test
2016-11-30 04:00:00,Bear_public_Valorie,Bear,68.75,7.8,3.3,1020.9,3.6,2.125,4,2,0,11,0.8660254037844386,0.5000000000000001,0.9749279121818236,-0.22252093395631434,48.25,61.25,202.83333333333334,64.08849463770831,test
2016-11-30 05:00:00,Bear_public_Valorie,Bear,95.25,8.3,3.3,1020.7,4.1,2.25,5,2,0,11,0.9659258262890683,0.25881904510252074,0.9749279121818236,-0.22252093395631434,68.75,96.5,202.78125,64.17911046523415,test
2016-11-30 06:00:00,Bear_public_Valorie,Bear,129.5,8.9,3.3,1021.2,2.1,2.375,6,2,0,11,1.0,6.123233995736766e-17,0.9749279121818236,-0.22252093395631434,95.25,136.25,202.5,64.49734574922974,test
2016-11-30 07:00:00,Bear_public_Valorie,Bear,136.75,9.4,3.9,1020.9,3.1,2.5,7,2,0,11,0.9659258262890683,-0.25881904510252063,0.9749279121818236,-0.22252093395631434,129.5,146.0,202.11458333333334,64.87617717649725,test
2016-11-30 08:00:00,Bear_public_Valorie,Bear,158.25,9.4,4.4,1021.2,3.6,2.625,8,2,0,11,0.8660254037844387,-0.4999999999999998,0.9749279121818236,-0.22252093395631434,136.75,164.5,201.85416666666666,65.04605043764197,test
2016-11-30 09:00:00,Bear_public_Valorie,Bear,226.75,10.6,4.4,1021.6,2.6,2.75,9,2,0,11,0.7071067811865476,-0.7071067811865475,0.9749279121818236,-0.22252093395631434,158.25,235.25,201.5,64.87923564123837,test
2016-11-30 10:00:00,Bear_public_Valorie,Bear,227.25,11.1,5.0,1021.4,3.1,2.0,10,2,0,11,0.49999999999999994,-0.8660254037844387,0.9749279121818236,-0.22252093395631434,226.75,248.75,200.60416666666666,64.34468647476854,test
2016-11-30 11:00:00,Bear_public_Valorie,Bear,230.25,11.7,6.7,1021.1,1.5,2.0,11,2,0,11,0.258819045102521,-0.9659258262890682,0.9749279121818236,-0.22252093395631434,227.25,247.5,199.88541666666666,63.89282717986629,test
2016-11-30 12:00:00,Bear_public_Valorie,Bear,233.5,12.8,7.8,1020.1,1.5,2.0,12,2,0,11,1.2246467991473532e-16,-1.0,0.9749279121818236,-0.22252093395631434,230.25,238.25,199.6875,63.77607096914091,test
2016-11-30 13:00:00,Bear_public_Valorie,Bear,237.0,12.8,8.9,1019.6,3.1,3.25,13,2,0,11,-0.2588190451025208,-0.9659258262890683,0.9749279121818236,-0.22252093395631434,233.5,244.75,199.36458333333334,63.55723110634875,test
2016-11-30 14:00:00,Bear_public_Valorie,Bear,244.0,12.8,10.6,1019.2,1.5,3.375,14,2,0,11,-0.4999999999999997,-0.8660254037844388,0.9749279121818236,-0.22252093395631434,237.0,258.5,198.76041666666666,63.037449151048634,test
2016-11-30 15:00:00,Bear_public_Valorie,Bear,253.0,13.3,10.6,1019.0,3.1,3.5,15,2,0,11,-0.7071067811865471,-0.7071067811865479,0.9749279121818236,-0.22252093395631434,244.0,259.5,198.48958333333334,62.77857391895047,test
2016-11-30 16:00:00,Bear_public_Valorie,Bear,241.75,13.3,8.9,1018.8,3.1,3.625,16,2,0,11,-0.8660254037844385,-0.5000000000000004,0.9749279121818236,-0.22252093395631434,253.0,257.25,197.84375,62.22508286454929,test
2016-11-30 17:00:00,Bear_public_Valorie,Bear,236.0,12.2,8.9,1018.9,1.5,3.75,17,2,0,11,-0.9659258262890683,-0.25881904510252063,0.9749279121818236,-0.22252093395631434,241.75,254.75,197.0625,61.59405365497712,test
2016-11-30 18:00:00,Bear_public_Valorie,Bear,232.0,10.6,7.2,1018.9,3.1,3.875,18,2,0,11,-1.0,-1.8369701987210297e-16,0.9749279121818236,-0.22252093395631434,236.0,252.0,196.22916666666666,60.95039486383986,test
2016-11-30 19:00:00,Bear_public_Valorie,Bear,232.25,10.0,7.2,1018.7,3.6,4.0,19,2,0,11,-0.9659258262890684,0.2588190451025203,0.9749279121818236,-0.22252093395631434,232.0,237.5,196.01041666666666,60.80508234472922,test
2016-11-30 20:00:00,Bear_public_Valorie,Bear,232.75,10.0,7.2,1019.2,0.0,4.0,20,2,0,11,-0.8660254037844386,0.5000000000000001,0.9749279121818236,-0.22252093395631434,232.25,236.25,195.86458333333334,60.708497147481935,test
2016-11-30 21:00:00,Bear_public_Valorie,Bear,222.0,10.6,7.2,1019.2,0.0,4.0,21,2,0,11,-0.7071067811865477,0.7071067811865474,0.9749279121818236,-0.22252093395631434,232.75,227.25,195.64583333333334,60.59985097676249,test
2016-11-30 22:00:00,Bear_public_Valorie,Bear,218.0,10.0,6.7,1019.5,1.5,4.0,22,2,0,11,-0.5000000000000004,0.8660254037844384,0.9749279121818236,-0.22252093395631434,222.0,231.25,195.09375,60.32109788907611,test
2016-11-30 23:00:00,Bear_public_Valorie,Bear,219.75,9.4,6.7,1019.5,1.5,4.0,23,2,0,11,-0.25881904510252157,0.9659258262890681,0.9749279121818236,-0.22252093395631434,218.0,220.75,195.05208333333334,60.30294801209389,test
2016-12-01 00:00:00,Bear_public_Valorie,Bear,213.0,8.3,6.1,1019.8,0.0,4.0,0,3,0,12,0.0,1.0,0.43388373911755823,-0.900968867902419,219.75,215.25,194.95833333333334,60.27192306659006,test
2016-12-01 01:00:00,Bear_public_Valorie,Bear,208.25,8.9,6.7,1019.7,2.6,2.666666666666667,1,3,0,12,0.25881904510252074,0.9659258262890683,0.43388373911755823,-0.900968867902419,213.0,213.0,194.76041666666666,60.21787792307193,test
2016-12-01 02:00:00,Bear_public_Valorie,Bear,127.25,8.3,6.7,1019.6,2.6,1.3333333333333335,2,3,0,12,0.49999999999999994,0.8660254037844387,0.43388373911755823,-0.900968867902419,208.25,130.0,194.64583333333334,60.34893629815578,test
2016-12-01 03:00:00,Bear_public_Valorie,Bear,49.0,7.8,5.6,1019.9,2.1,0.0,3,3,0,12,0.7071067811865476,0.7071067811865476,0.43388373911755823,-0.900968867902419,127.25,48.25,194.67708333333334,60.269975904019056,test
2016-12-01 04:00:00,Bear_public_Valorie,Bear,69.75,7.2,5.6,1019.8,1.5,0.0,4,3,0,12,0.8660254037844386,0.5000000000000001,0.43388373911755823,-0.900968867902419,49.0,68.75,194.71875,60.17941077294031,test
2016-12-01 05:00:00,Bear_public_Valorie,Bear,93.5,5.0,3.9,1019.8,0.0,2.0,5,3,0,12,0.9659258262890683,0.25881904510252074,0.43388373911755823,-0.900968867902419,69.75,95.25,194.64583333333334,60.30609947640449,test
2016-12-01 06:00:00,Bear_public_Valorie,Bear,131.0,6.1,4.4,1019.8,1.5,0.0,6,3,0,12,1.0,6.123233995736766e-17,0.43388373911755823,-0.900968867902419,93.5,129.5,194.70833333333334,60.23638519573779,test
2016-12-01 07:00:00,Bear_public_Valorie,Bear,141.75,6.1,4.4,1020.3,0.0,0.0,7,3,0,12,0.9659258262890683,-0.25881904510252063,0.43388373911755823,-0.900968867902419,131.0,136.75,194.91666666666666,60.03552692159573,test
2016-12-01 08:00:00,Bear_public_Valorie,Bear,160.25,5.6,4.4,1020.6,0.0,2.0,8,3,0,12,0.8660254037844387,-0.4999999999999998,0.43388373911755823,-0.900968867902419,141.75,158.25,195.0,59.983784040573084,test
2016-12-01 09:00:00,Bear_public_Valorie,Bear,224.0,10.0,8.3,1020.8,0.0,0.0,9,3,0,12,0.7071067811865476,-0.7071067811865475,0.43388373911755823,-0.900968867902419,160.25,226.75,194.88541666666666,59.92309288319846,test
2016-12-01 10:00:00,Bear_public_Valorie,Bear,225.5,11.7,7.2,1021.1,0.0,2.0,10,3,0,12,0.49999999999999994,-0.8660254037844387,0.43388373911755823,-0.900968867902419,224.0,227.25,194.8125,59.88304951791651,test
2016-12-01 11:00:00,Bear_public_Valorie,Bear,233.5,13.3,5.0,1020.5,3.1,2.0,11,3,0,12,0.258819045102521,-0.9659258262890682,0.43388373911755823,-0.900968867902419,225.5,230.25,194.94791666666666,59.970281551649244,test
2016-12-01 12:00:00,Bear_public_Valorie,Bear,241.0,14.4,5.0,1020.0,5.7,2.0,12,3,0,12,1.2246467991473532e-16,-1.0,0.43388373911755823,-0.900968867902419,233.5,233.5,195.26041666666666,60.19901230441875,test
2016-12-01 13:00:00,Bear_public_Valorie,Bear,242.0,15.0,4.4,1019.3,4.6,2.0,13,3,0,12,-0.2588190451025208,-0.9659258262890683,0.43388373911755823,-0.900968867902419,241.0,237.0,195.46875,60.35818415113035,test
2016-12-01 14:00:00,Bear_public_Valorie,Bear,242.25,15.6,2.8,1018.8,5.1,2.0,14,3,0,12,-0.4999999999999997,-0.8660254037844388,0.43388373911755823,-0.900968867902419,242.0,244.0,195.39583333333334,60.298033201515274,test
2016-12-01 15:00:00,Bear_public_Valorie,Bear,249.25,15.6,3.9,1018.8,3.6,2.0,15,3,0,12,-0.7071067811865471,-0.7071067811865479,0.43388373911755823,-0.900968867902419,242.25,253.0,195.23958333333334,60.146943214761414,test
2016-12-01 16:00:00,Bear_public_Valorie,Bear,239.75,14.4,7.2,1019.2,4.6,4.0,16,3,0,12,-0.8660254037844385,-0.5000000000000004,0.43388373911755823,-0.900968867902419,249.25,241.75,195.15625,60.081050894857505,test
2016-12-01 17:00:00,Bear_public_Valorie,Bear,237.75,13.3,6.7,1019.5,3.6,2.0,17,3,0,12,-0.9659258262890683,-0.25881904510252063,0.43388373911755823,-0.900968867902419,239.75,236.0,195.22916666666666,60.13381439804059,test
2016-12-01 18:00:00,Bear_public_Valorie,Bear,235.5,12.2,7.2,1019.8,2.1,2.0,18,3,0,12,-1.0,-1.8369701987210297e-16,0.43388373911755823,-0.900968867902419,237.75,232.0,195.375,60.23103165240545,test
2016-12-01 19:00:00,Bear_public_Valorie,Bear,232.0,9.4,5.0,1020.2,2.1,0.0,19,3,0,12,-0.9659258262890684,0.2588190451025203,0.43388373911755823,-0.900968867902419,235.5,232.25,195.36458333333334,60.2243982754909,test
2016-12-01 20:00:00,Bear_public_Valorie,Bear,229.75,9.4,5.0,1020.0,0.0,0.0,20,3,0,12,-0.8660254037844386,0.5000000000000001,0.43388373911755823,-0.900968867902419,232.0,232.75,195.23958333333334,60.14649142097689,test
2016-12-01 21:00:00,Bear_public_Valorie,Bear,222.75,11.1,5.6,1020.9,3.6,0.0,21,3,0,12,-0.7071067811865477,0.7071067811865474,0.43388373911755823,-0.900968867902419,229.75,222.0,195.27083333333334,60.161192743485934,test
2016-12-01 22:00:00,Bear_public_Valorie,Bear,222.75,11.1,4.4,1020.9,3.6,0.0,22,3,0,12,-0.5000000000000004,0.8660254037844384,0.43388373911755823,-0.900968867902419,222.75,218.0,195.46875,60.2469696378457,test
2016-12-01 23:00:00,Bear_public_Valorie,Bear,216.5,11.7,2.2,1021.3,4.6,0.0,23,3,0,12,-0.25881904510252157,0.9659258262890681,0.43388373911755823,-0.900968867902419,222.75,219.75,195.33333333333334,60.19364885366947,test
2016-12-02 00:00:00,Bear_public_Valorie,Bear,210.5,11.7,2.2,1021.1,6.2,0.0,0,4,0,12,0.0,1.0,-0.433883739117558,-0.9009688679024191,216.5,213.0,195.22916666666666,60.16390279291551,test
2016-12-02 01:00:00,Bear_public_Valorie,Bear,209.25,10.6,-0.6,1021.1,2.6,0.0,1,4,0,12,0.25881904510252074,0.9659258262890683,-0.433883739117558,-0.9009688679024191,210.5,208.25,195.27083333333334,60.17365796026418,test
2016-12-02 02:00:00,Bear_public_Valorie,Bear,122.25,11.7,-2.8,1021.3,3.6,0.0,2,4,0,12,0.49999999999999994,0.8660254037844387,-0.433883739117558,-0.9009688679024191,209.25,127.25,195.0625,60.427519015328194,test
2016-12-02 03:00:00,Bear_public_Valorie,Bear,48.0,10.0,-2.2,1021.1,0.0,0.0,3,4,0,12,0.7071067811865476,0.7071067811865476,-0.433883739117558,-0.9009688679024191,122.25,49.0,195.02083333333334,60.53286551924531,test
2016-12-02 04:00:00,Bear_public_Valorie,Bear,64.25,10.6,-1.7,1021.2,2.6,0.0,4,4,0,12,0.8660254037844386,0.5000000000000001,-0.433883739117558,-0.9009688679024191,48.0,69.75,194.79166666666666,61.03605788645646,test
2016-12-02 05:00:00,Bear_public_Valorie,Bear,95.75,10.0,-2.2,1021.4,3.1,0.0,5,4,0,12,0.9659258262890683,0.25881904510252074,-0.433883739117558,-0.9009688679024191,64.25,93.5,194.88541666666666,60.8752278438139,test
2016-12-02 06:00:00,Bear_public_Valorie,Bear,131.25,10.0,-2.2,1022.0,3.6,0.0,6,4,0,12,1.0,6.123233995736766e-17,-0.433883739117558,-0.9009688679024191,95.75,131.0,194.89583333333334,60.86384111931422,test
2016-12-02 07:00:00,Bear_public_Valorie,Bear,139.0,11.1,-1.1,1022.5,5.7,0.0,7,4,0,12,0.9659258262890683,-0.25881904510252063,-0.433883739117558,-0.9009688679024191,131.25,141.75,194.78125,60.9707392623353,test
2016-12-02 08:00:00,Bear_public_Valorie,Bear,160.5,11.7,-1.7,1023.1,4.1,2.0,8,4,0,12,0.8660254037844387,-0.4999999999999998,-0.433883739117558,-0.9009688679024191,139.0,160.25,194.79166666666666,60.96460424717376,test
2016-12-02 09:00:00,Bear_public_Valorie,Bear,219.25,13.3,-1.7,1023.7,4.6,2.0,9,4,0,12,0.7071067811865476,-0.7071067811865475,-0.433883739117558,-0.9009688679024191,160.5,224.0,194.59375,60.873300909240825,test
2016-12-02 10:00:00,Bear_public_Valorie,Bear,226.5,14.4,-1.7,1024.0,6.2,2.0,10,4,0,12,0.49999999999999994,-0.8660254037844387,-0.433883739117558,-0.9009688679024191,219.25,225.5,194.63541666666666,60.89571356223398,test
2016-12-02 11:00:00,Bear_public_Valorie,Bear,240.75,16.7,-1.7,1024.0,5.7,2.0,11,4,0,12,0.258819045102521,-0.9659258262890682,-0.433883739117558,-0.9009688679024191,226.5,233.5,194.9375,61.11447962279677,test
2016-12-02 12:00:00,Bear_public_Valorie,Bear,244.5,17.2,-1.7,1023.4,6.2,2.0,12,4,0,12,1.2246467991473532e-16,-1.0,-0.433883739117558,-0.9009688679024191,240.75,241.0,195.08333333333334,61.23323491349316,test
2016-12-02 13:00:00,Bear_public_Valorie,Bear,243.25,18.3,-1.1,1022.6,4.1,2.0,13,4,0,12,-0.2588190451025208,-0.9659258262890683,-0.433883739117558,-0.9009688679024191,244.5,242.0,195.13541666666666,61.27539310211616,test
2016-12-02 14:00:00,Bear_public_Valorie,Bear,247.0,17.8,-1.7,1022.2,5.1,2.0,14,4,0,12,-0.4999999999999997,-0.8660254037844388,-0.433883739117558,-0.9009688679024191,243.25,242.25,195.33333333333334,61.44163307857582,test
2016-12-02 15:00:00,Bear_public_Valorie,Bear,254.75,18.3,-1.1,1022.3,3.6,2.0,15,4,0,12,-0.7071067811865471,-0.7071067811865479,-0.433883739117558,-0.9009688679024191,247.0,249.25,195.5625,61.661340594517306,test
2016-12-02 16:00:00,Bear_public_Valorie,Bear,255.0,17.2,1.7,1022.2,3.6,2.0,16,4,0,12,-0.8660254037844385,-0.5000000000000004,-0.433883739117558,-0.9009688679024191,254.75,239.75,196.19791666666666,62.21259916987104,test
2016-12-02 17:00:00,Bear_public_Valorie,Bear,245.0,15.6,-2.8,1022.5,3.1,2.0,17,4,0,12,-0.9659258262890683,-0.25881904510252063,-0.433883739117558,-0.9009688679024191,255.0,237.75,196.5,62.440319331829926,test
2016-12-02 18:00:00,Bear_public_Valorie,Bear,244.2,15.0,-2.8,1022.5,2.6,2.0,18,4,0,12,-1.0,-1.8369701987210297e-16,-0.433883739117558,-0.9009688679024191,245.0,235.5,196.86249999999998,62.70128847230319,test
2016-12-02 19:00:00,Bear_public_Valorie,Bear,240.75,13.3,-2.2,1022.6,2.1,0.0,19,4,0,12,-0.9659258262890684,0.2588190451025203,-0.433883739117558,-0.9009688679024191,244.2,232.0,197.22708333333333,62.939468814103236,test
2016-12-02 20:00:00,Bear_public_Valorie,Bear,236.25,13.3,-0.6,1022.7,2.6,0.0,20,4,0,12,-0.8660254037844386,0.5000000000000001,-0.433883739117558,-0.9009688679024191,240.75,229.75,197.49791666666667,63.09928422243855,test
2016-12-02 21:00:00,Bear_public_Valorie,Bear,222.5,13.3,-1.1,1022.9,2.6,0.0,21,4,0,12,-0.7071067811865477,0.7071067811865474,-0.433883739117558,-0.9009688679024191,236.25,222.75,197.48749999999998,63.094954752479346,test
2016-12-02 22:00:00,Bear_public_Valorie,Bear,122.0,10.6,0.0,1023.1,1.5,0.0,22,4,0,12,-0.5000000000000004,0.8660254037844384,-0.433883739117558,-0.9009688679024191,222.5,222.75,193.28958333333333,64.67296152174242,test
2016-12-02 23:00:00,Bear_public_Valorie,Bear,43.25,9.4,1.7,1023.4,1.5,0.0,23,4,0,12,-0.25881904510252157,0.9659258262890681,-0.433883739117558,-0.9009688679024191,122.0,216.5,186.07083333333333,71.29916140226814,test
2016-12-03 00:00:00,Bear_public_Valorie,Bear,43.0,8.3,1.1,1023.5,1.5,0.6666666666666666,0,5,1,12,0.0,1.0,-0.9749279121818236,-0.2225209339563146,43.25,210.5,179.09166666666667,76.79039464767021,test
2016-12-03 01:00:00,Bear_public_Valorie,Bear,43.25,8.9,1.1,1023.7,1.5,1.3333333333333333,1,5,1,12,0.25881904510252074,0.9659258262890683,-0.9749279121818236,-0.2225209339563146,43.0,209.25,172.17499999999998,81.29946119934839,test
2016-12-03 02:00:00,Bear_public_Valorie,Bear,43.0,6.7,1.7,1023.7,1.5,2.0,2,5,1,12,0.49999999999999994,0.8660254037844387,-0.9749279121818236,-0.2225209339563146,43.25,122.25,168.87291666666667,84.94316255612475,test
2016-12-03 03:00:00,Bear_public_Valorie,Bear,43.5,6.1,1.7,1023.7,1.5,2.0,3,5,1,12,0.7071067811865476,0.7071067811865476,-0.9749279121818236,-0.2225209339563146,43.0,48.0,168.68541666666667,85.22606827058445,test
2016-12-03 04:00:00,Bear_public_Valorie,Bear,52.0,6.1,1.1,1023.8,0.0,2.0,4,5,1,12,0.8660254037844386,0.5000000000000001,-0.9749279121818236,-0.2225209339563146,43.5,64.25,168.17499999999998,85.91264015923639,test
2016-12-03 05:00:00,Bear_public_Valorie,Bear,69.25,5.0,1.1,1024.2,2.6,2.0,5,5,1,12,0.9659258262890683,0.25881904510252074,-0.9749279121818236,-0.2225209339563146,52.0,95.75,167.07083333333333,87.04673771659367,test
2016-12-03 06:00:00,Bear_public_Valorie,Bear,96.0,6.1,2.2,1024.6,2.6,2.0,6,5,1,12,1.0,6.123233995736766e-17,-0.9749279121818236,-0.2225209339563146,69.25,131.25,165.60208333333333,87.96991886949651,test
2016-12-03 07:00:00,Bear_public_Valorie,Bear,95.5,7.8,1.7,1024.8,0.0,2.0,7,5,1,12,0.9659258262890683,-0.25881904510252063,-0.9749279121818236,-0.2225209339563146,96.0,139.0,163.78958333333333,88.98413143726766,test
2016-12-03 08:00:00,Bear_public_Valorie,Bear,133.75,6.7,2.2,1025.1,0.0,2.0,8,5,1,12,0.8660254037844387,-0.4999999999999998,-0.9749279121818236,-0.2225209339563146,95.5,160.5,162.67499999999998,89.19440906635153,test
2016-12-03 09:00:00,Bear_public_Valorie,Bear,205.25,11.7,2.8,1025.4,0.0,2.0,9,5,1,12,0.7071067811865476,-0.7071067811865475,-0.9749279121818236,-0.2225209339563146,133.75,219.25,162.09166666666667,88.85344879248548,test
2016-12-03 10:00:00,Bear_public_Valorie,Bear,219.25,13.3,5.0,1026.0,2.1,2.0,10,5,1,12,0.49999999999999994,-0.8660254037844387,-0.9749279121818236,-0.2225209339563146,205.25,226.5,161.78958333333333,88.63701378578995,test
2016-12-03 11:00:00,Bear_public_Valorie,Bear,225.0,13.3,7.2,1025.3,2.6,2.0,11,5,1,12,0.258819045102521,-0.9659258262890682,-0.9749279121818236,-0.2225209339563146,219.25,240.75,161.13333333333333,88.08356662933743,test
2016-12-03 12:00:00,Bear_public_Valorie,Bear,233.5,14.4,6.7,1024.4,3.1,2.0,12,5,1,12,1.2246467991473532e-16,-1.0,-0.9749279121818236,-0.2225209339563146,225.0,244.5,160.67499999999998,87.65850984260504,test
2016-12-03 13:00:00,Bear_public_Valorie,Bear,248.0,15.6,6.1,1023.5,3.1,2.0,13,5,1,12,-0.2588190451025208,-0.9659258262890683,-0.9749279121818236,-0.2225209339563146,233.5,243.25,160.87291666666667,87.8581898129602,test
2016-12-03 14:00:00,Bear_public_Valorie,Bear,250.75,16.7,3.3,1022.9,4.6,2.0,14,5,1,12,-0.4999999999999997,-0.8660254037844388,-0.9749279121818236,-0.2225209339563146,248.0,247.0,161.02916666666667,88.02120411121632,test
2016-12-03 15:00:00,Bear_public_Valorie,Bear,253.25,16.7,3.3,1022.3,3.6,2.0,15,5,1,12,-0.7071067811865471,-0.7071067811865479,-0.9749279121818236,-0.2225209339563146,250.75,254.75,160.96666666666667,87.9522692525137,test
2016-12-03 16:00:00,Bear_public_Valorie,Bear,253.75,15.6,7.8,1022.1,3.1,2.0,16,5,1,12,-0.8660254037844385,-0.5000000000000004,-0.9749279121818236,-0.2225209339563146,253.25,255.0,160.91458333333333,87.8945149388776,test
2016-12-03 17:00:00,Bear_public_Valorie,Bear,239.0,13.9,8.9,1022.0,4.1,2.0,17,5,1,12,-0.9659258262890683,-0.25881904510252063,-0.9749279121818236,-0.2225209339563146,253.75,245.0,160.66458333333333,87.65315227740909,test
2016-12-03 18:00:00,Bear_public_Valorie,Bear,228.25,12.8,9.4,1022.0,2.1,2.0,18,5,1,12,-1.0,-1.8369701987210297e-16,-0.9749279121818236,-0.2225209339563146,239.0,244.2,160.0,87.05064742660622,test
2016-12-03 19:00:00,Bear_public_Valorie,Bear,220.0,13.3,9.4,1022.1,0.0,2.0,19,5,1,12,-0.9659258262890684,0.2588190451025203,-0.9749279121818236,-0.2225209339563146,228.25,240.75,159.13541666666666,86.3136966801993,test
2016-12-03 20:00:00,Bear_public_Valorie,Bear,216.25,11.1,8.9,1022.4,1.5,2.0,20,5,1,12,-0.8660254037844386,0.5000000000000001,-0.9749279121818236,-0.2225209339563146,220.0,236.25,158.30208333333334,85.63065211959754,test
2016-12-03 21:00:00,Bear_public_Valorie,Bear,212.75,10.6,7.8,1022.0,2.6,2.0,21,5,1,12,-0.7071067811865477,0.7071067811865474,-0.9749279121818236,-0.2225209339563146,216.25,222.5,157.89583333333334,85.33546069160975,test
2016-12-03 22:00:00,Bear_public_Valorie,Bear,118.75,8.3,6.1,1022.2,1.5,2.0,22,5,1,12,-0.5000000000000004,0.8660254037844384,-0.9749279121818236,-0.2225209339563146,212.75,122.0,157.76041666666666,85.39745564273927,test
2016-12-03 23:00:00,Bear_public_Valorie,Bear,43.25,8.9,6.7,1022.4,0.0,2.0,23,5,1,12,-0.25881904510252157,0.9659258262890681,-0.9749279121818236,-0.2225209339563146,118.75,43.25,157.76041666666666,85.39745564273927,test
2016-12-04 00:00:00,Bear_public_Valorie,Bear,44.5,8.3,5.6,1022.5,1.5,2.0,0,6,1,12,0.0,1.0,-0.7818314824680299,0.6234898018587334,43.25,43.0,157.82291666666666,85.3103184278058,test
2016-12-04 01:00:00,Bear_public_Valorie,Bear,44.25,7.8,5.6,1022.0,0.0,2.0,1,6,1,12,0.25881904510252074,0.9659258262890683,-0.7818314824680299,0.6234898018587334,44.5,43.25,157.86458333333334,85.2521509089445,test
2016-12-04 02:00:00,Bear_public_Valorie,Bear,45.0,8.3,5.6,1022.0,1.5,2.0,2,6,1,12,0.49999999999999994,0.8660254037844387,-0.7818314824680299,0.6234898018587334,44.25,43.0,157.94791666666666,85.13588815530588,test
2016-12-04 03:00:00,Bear_public_Valorie,Bear,44.25,7.2,5.0,1022.0,1.5,0.0,3,6,1,12,0.7071067811865476,0.7071067811865476,-0.7818314824680299,0.6234898018587334,45.0,43.5,157.97916666666666,85.0921788117306,test
2016-12-04 04:00:00,Bear_public_Valorie,Bear,53.25,7.2,5.0,1021.6,2.1,0.0,4,6,1,12,0.8660254037844386,0.5000000000000001,-0.7818314824680299,0.6234898018587334,44.25,52.0,158.03125,85.02484651239612,test
2016-12-04 05:00:00,Bear_public_Valorie,Bear,71.0,6.7,5.0,1021.5,1.5,0.0,5,6,1,12,0.9659258262890683,0.25881904510252074,-0.7818314824680299,0.6234898018587334,53.25,69.25,158.10416666666666,84.94611196756327,test
2016-12-04 06:00:00,Bear_public_Valorie,Bear,70.75,6.1,5.0,1021.4,1.5,0.0,6,6,1,12,1.0,6.123233995736766e-17,-0.7818314824680299,0.6234898018587334,71.0,96.0,157.05208333333334,85.89974500033854,test
2016-12-04 07:00:00,Bear_public_Valorie,Bear,66.75,5.6,4.4,1022.1,1.5,4.0,7,6,1,12,0.9659258262890683,-0.25881904510252063,-0.7818314824680299,0.6234898018587334,70.75,95.5,155.85416666666666,86.98900219926186,test
2016-12-04 08:00:00,Bear_public_Valorie,Bear,62.75,6.7,5.6,1022.3,0.0,4.0,8,6,1,12,0.8660254037844387,-0.4999999999999998,-0.7818314824680299,0.6234898018587334,66.75,133.75,152.89583333333334,88.95840248783922,test
2016-12-04 09:00:00,Bear_public_Valorie,Bear,61.25,10.6,8.3,1022.9,0.0,4.0,9,6,1,12,0.7071067811865476,-0.7071067811865475,-0.7818314824680299,0.6234898018587334,62.75,205.25,146.89583333333334,90.12231774536811,test
2016-12-04 10:00:00,Bear_public_Valorie,Bear,149.25,11.7,8.3,1023.1,2.6,4.0,10,6,1,12,0.49999999999999994,-0.8660254037844387,-0.7818314824680299,0.6234898018587334,61.25,219.25,143.97916666666666,88.80192653201331,test
2016-12-04 11:00:00,Bear_public_Valorie,Bear,166.25,12.2,8.9,1022.8,2.1,2.0,11,6,1,12,0.258819045102521,-0.9659258262890682,-0.7818314824680299,0.6234898018587334,149.25,225.0,141.53125,87.26790063349895,test
2016-12-04 12:00:00,Bear_public_Valorie,Bear,217.0,13.3,8.9,1021.4,2.1,2.0,12,6,1,12,1.2246467991473532e-16,-1.0,-0.7818314824680299,0.6234898018587334,166.25,233.5,140.84375,86.5741016005062,test
2016-12-04 13:00:00,Bear_public_Valorie,Bear,249.75,14.4,8.9,1021.0,2.6,2.2857142857142856,13,6,1,12,-0.2588190451025208,-0.9659258262890683,-0.7818314824680299,0.6234898018587334,217.0,248.0,140.91666666666666,86.66896248352694,test
2016-12-04 14:00:00,Bear_public_Valorie,Bear,247.5,15.6,7.8,1020.5,2.6,2.571428571428571,14,6,1,12,-0.4999999999999997,-0.8660254037844388,-0.7818314824680299,0.6234898018587334,249.75,250.75,140.78125,86.49224998267303,test
2016-12-04 15:00:00,Bear_public_Valorie,Bear,256.0,15.0,9.4,1020.2,3.1,2.857142857142857,15,6,1,12,-0.7071067811865471,-0.7071067811865479,-0.7818314824680299,0.6234898018587334,247.5,253.25,140.89583333333334,86.64940341582755,test
2016-12-04 16:00:00,Bear_public_Valorie,Bear,255.75,14.4,10.6,1020.2,2.1,3.142857142857143,16,6,1,12,-0.8660254037844385,-0.5000000000000004,-0.7818314824680299,0.6234898018587334,256.0,253.75,140.97916666666666,86.76354413334957,test
2016-12-04 17:00:00,Bear_public_Valorie,Bear,255.5,13.9,10.6,1020.2,0.0,3.4285714285714284,17,6,1,12,-0.9659258262890683,-0.25881904510252063,-0.7818314824680299,0.6234898018587334,255.75,239.0,141.66666666666666,87.63500971379088,test
2016-12-04 18:00:00,Bear_public_Valorie,Bear,251.5,12.8,10.0,1020.3,0.0,3.7142857142857144,18,6,1,12,-1.0,-1.8369701987210297e-16,-0.7818314824680299,0.6234898018587334,255.5,228.25,142.63541666666666,88.75509719492001,test
2016-12-04 19:00:00,Bear_public_Valorie,Bear,249.75,11.7,10.0,1020.1,1.5,4.0,19,6,1,12,-0.9659258262890684,0.2588190451025203,-0.7818314824680299,0.6234898018587334,251.5,220.0,143.875,90.08042903790015,test
2016-12-04 20:00:00,Bear_public_Valorie,Bear,243.5,11.1,9.4,1020.1,0.0,4.0,20,6,1,12,-0.8660254037844386,0.5000000000000001,-0.7818314824680299,0.6234898018587334,249.75,216.25,145.01041666666666,91.19715501279371,test
2016-12-04 21:00:00,Bear_public_Valorie,Bear,241.25,10.6,8.9,1020.4,0.0,2.0,21,6,1,12,-0.7071067811865477,0.7071067811865474,-0.7818314824680299,0.6234898018587334,243.5,212.75,146.19791666666666,92.29648525877451,test
2016-12-04 22:00:00,Bear_public_Valorie,Bear,239.5,9.4,8.3,1020.5,1.5,2.0,22,6,1,12,-0.5000000000000004,0.8660254037844384,-0.7818314824680299,0.6234898018587334,241.25,118.75,151.22916666666666,94.01043295094,test
2016-12-04 23:00:00,Bear_public_Valorie,Bear,235.5,11.1,10.0,1020.5,0.0,2.0,23,6,1,12,-0.25881904510252157,0.9659258262890681,-0.7818314824680299,0.6234898018587334,239.5,43.25,159.23958333333334,92.58960052784437,test
2016-12-05 00:00:00,Bear_public_Valorie,Bear,233.0,10.0,9.4,1020.0,0.0,2.0,0,0,0,12,0.0,1.0,0.0,1.0,235.5,44.5,167.09375,90.40250611245824,test
2016-12-05 01:00:00,Bear_public_Valorie,Bear,218.25,11.7,11.1,1020.0,0.0,2.0,1,0,0,12,0.25881904510252074,0.9659258262890683,0.0,1.0,233.0,44.25,174.34375,87.03696779867143,test
2016-12-05 02:00:00,Bear_public_Valorie,Bear,115.5,11.7,10.6,1019.8,1.5,2.0,2,0,0,12,0.49999999999999994,0.8660254037844387,0.0,1.0,218.25,45.0,177.28125,83.60379231634128,test
2016-12-05 03:00:00,Bear_public_Valorie,Bear,47.25,11.1,10.6,1019.6,0.0,2.0,3,0,0,12,0.7071067811865476,0.7071067811865476,0.0,1.0,115.5,44.25,177.40625,83.39823310673974,test
2016-12-05 04:00:00,Bear_public_Valorie,Bear,70.25,10.6,10.0,1019.3,2.1,2.0,4,0,0,12,0.8660254037844386,0.5000000000000001,0.0,1.0,47.25,53.25,178.11458333333334,82.36365476292205,test
2016-12-05 05:00:00,Bear_public_Valorie,Bear,94.25,11.1,10.6,1019.0,0.0,2.0,5,0,0,12,0.9659258262890683,0.25881904510252074,0.0,1.0,70.25,71.0,179.08333333333334,81.17719703734907,test
2016-12-05 06:00:00,Bear_public_Valorie,Bear,138.0,11.1,11.1,1018.8,0.0,2.0,6,0,0,12,1.0,6.123233995736766e-17,0.0,1.0,94.25,70.75,181.88541666666666,78.38790040722894,test
2016-12-05 07:00:00,Bear_public_Valorie,Bear,146.5,10.6,9.4,1019.1,2.1,2.0,7,0,0,12,0.9659258262890683,-0.25881904510252063,0.0,1.0,138.0,66.75,185.20833333333334,74.90812004899992,test
2016-12-05 08:00:00,Bear_public_Valorie,Bear,175.0,11.7,10.0,1019.4,0.0,2.0,8,0,0,12,0.8660254037844387,-0.4999999999999998,0.0,1.0,146.5,62.75,189.88541666666666,70.29174371575566,test
2016-12-05 09:00:00,Bear_public_Valorie,Bear,244.5,12.8,10.0,1019.7,0.0,2.0,9,0,0,12,0.7071067811865476,-0.7071067811865475,0.0,1.0,175.0,61.25,197.52083333333334,65.50070181613192,test
2016-12-05 10:00:00,Bear_public_Valorie,Bear,247.0,12.2,9.4,1019.8,3.1,2.0,10,0,0,12,0.49999999999999994,-0.8660254037844387,0.0,1.0,244.5,149.25,201.59375,65.40770183425774,test
2016-12-05 11:00:00,Bear_public_Valorie,Bear,254.25,12.2,8.9,1019.8,3.1,2.0,11,0,0,12,0.258819045102521,-0.9659258262890682,0.0,1.0,247.0,166.25,205.26041666666666,65.80560465618946,test
2016-12-05 12:00:00,Bear_public_Valorie,Bear,254.0,12.8,8.3,1019.2,0.0,2.0,12,0,0,12,1.2246467991473532e-16,-1.0,0.0,1.0,254.25,217.0,206.80208333333334,66.52210237332179,test
2016-12-05 13:00:00,Bear_public_Valorie,Bear,261.75,13.3,8.3,1018.5,2.6,2.0,13,0,0,12,-0.2588190451025208,-0.9659258262890683,0.0,1.0,254.0,249.75,207.30208333333334,66.90295450544774,test
2016-12-05 14:00:00,Bear_public_Valorie,Bear,272.5,13.3,8.3,1018.4,3.6,2.0,14,0,0,12,-0.4999999999999997,-0.8660254037844388,0.0,1.0,261.75,247.5,208.34375,67.7453597199616,test
2016-12-05 15:00:00,Bear_public_Valorie,Bear,273.0,13.3,8.9,1018.1,2.6,2.0,15,0,0,12,-0.7071067811865471,-0.7071067811865479,0.0,1.0,272.5,256.0,209.05208333333334,68.35147255047897,test
2016-12-05 16:00:00,Bear_public_Valorie,Bear,270.25,12.2,9.4,1017.8,2.6,2.0,16,0,0,12,-0.8660254037844385,-0.5000000000000004,0.0,1.0,273.0,255.75,209.65625,68.8444928688534,test
2016-12-05 17:00:00,Bear_public_Valorie,Bear,266.75,12.2,8.9,1017.3,0.0,2.0,17,0,0,12,-0.9659258262890683,-0.25881904510252063,0.0,1.0,270.25,255.5,210.125,69.20754859557398,test
2016-12-05 18:00:00,Bear_public_Valorie,Bear,252.0,11.7,8.9,1017.0,0.0,2.0,18,0,0,12,-1.0,-1.8369701987210297e-16,0.0,1.0,266.75,251.5,210.14583333333334,69.22061912695436,test
2016-12-05 19:00:00,Bear_public_Valorie,Bear,246.0,11.7,9.4,1017.1,0.0,2.0,19,0,0,12,-0.9659258262890684,0.2588190451025203,0.0,1.0,252.0,249.75,209.98958333333334,69.1315098030194,test
2016-12-05 20:00:00,Bear_public_Valorie,Bear,243.75,11.7,9.4,1017.2,0.0,2.0,20,0,0,12,-0.8660254037844386,0.5000000000000001,0.0,1.0,246.0,243.5,210.0,69.13679728719342,test
2016-12-05 21:00:00,Bear_public_Valorie,Bear,242.5,10.0,8.3,1017.2,0.0,2.0,21,0,0,12,-0.7071067811865477,0.7071067811865474,0.0,1.0,243.75,241.25,210.05208333333334,69.16182894073562,test
2016-12-05 22:00:00,Bear_public_Valorie,Bear,236.0,11.1,8.9,1017.4,2.1,2.0,22,0,0,12,-0.5000000000000004,0.8660254037844384,0.0,1.0,242.5,239.5,209.90625,69.1006989087227,test
2016-12-05 23:00:00,Bear_public_Valorie,Bear,232.25,11.1,7.2,1018.0,1.5,2.0,23,0,0,12,-0.25881904510252157,0.9659258262890681,0.0,1.0,236.0,235.5,209.77083333333334,69.0515291469803,test
2016-12-06 00:00:00,Bear_public_Valorie,Bear,224.75,10.0,7.2,1017.8,2.1,2.0,0,1,0,12,0.0,1.0,0.7818314824680298,0.6234898018587336,232.25,233.0,209.42708333333334,68.95132495363927,test
2016-12-06 01:00:00,Bear_public_Valorie,Bear,221.0,9.4,4.4,1017.7,2.6,2.0,1,1,0,12,0.25881904510252074,0.9659258262890683,0.7818314824680298,0.6234898018587336,224.75,218.25,209.54166666666666,68.96890708810437,test
2016-12-06 02:00:00,Bear_public_Valorie,Bear,157.5,8.3,3.3,1017.7,1.5,2.0,2,1,0,12,0.49999999999999994,0.8660254037844387,0.7818314824680298,0.6234898018587336,221.0,115.5,211.29166666666666,66.98323389616573,test
2016-12-06 03:00:00,Bear_public_Valorie,Bear,145.5,6.7,2.8,1017.6,1.5,0.0,3,1,0,12,0.7071067811865476,0.7071067811865476,0.7818314824680298,0.6234898018587336,157.5,47.25,215.38541666666666,59.05487403800782,test
2016-12-06 04:00:00,Bear_public_Valorie,Bear,155.25,6.7,1.7,1017.8,3.1,2.0,4,1,0,12,0.8660254037844386,0.5000000000000001,0.7818314824680298,0.6234898018587336,145.5,70.25,218.92708333333334,52.11314400494135,test
2016-12-06 05:00:00,Bear_public_Valorie,Bear,170.75,6.7,1.7,1018.0,3.1,2.0,5,1,0,12,0.9659258262890683,0.25881904510252074,0.7818314824680298,0.6234898018587336,155.25,94.25,222.11458333333334,46.1546301769975,test
2016-12-06 06:00:00,Bear_public_Valorie,Bear,214.0,7.2,0.6,1018.2,4.1,2.0,6,1,0,12,1.0,6.123233995736766e-17,0.7818314824680298,0.6234898018587336,170.75,138.0,225.28125,42.60315566108522,test
2016-12-06 07:00:00,Bear_public_Valorie,Bear,209.0,6.7,0.6,1018.7,2.1,2.0,7,1,0,12,0.9659258262890683,-0.25881904510252063,0.7818314824680298,0.6234898018587336,214.0,146.5,227.88541666666666,39.365344169180354,test
2016-12-06 08:00:00,Bear_public_Valorie,Bear,213.0,7.2,1.7,1019.0,4.6,2.4,8,1,0,12,0.8660254037844387,-0.4999999999999998,0.7818314824680298,0.6234898018587336,209.0,175.0,229.46875,37.88199013555764,test
2016-12-06 09:00:00,Bear_public_Valorie,Bear,227.0,8.9,2.2,1019.9,1.5,2.8,9,1,0,12,0.7071067811865476,-0.7071067811865475,0.7818314824680298,0.6234898018587336,213.0,244.5,228.73958333333334,37.748270847719695,test
2016-12-06 10:00:00,Bear_public_Valorie,Bear,235.25,10.0,2.8,1020.1,1.5,3.2,10,1,0,12,0.49999999999999994,-0.8660254037844387,0.7818314824680298,0.6234898018587336,227.0,247.0,228.25,37.57695003473664,test
2016-12-06 11:00:00,Bear_public_Valorie,Bear,239.0,12.2,3.3,1019.9,3.6,3.6,11,1,0,12,0.258819045102521,-0.9659258262890682,0.7818314824680298,0.6234898018587336,235.25,254.25,227.61458333333334,37.24565769603478,test
2016-12-06 12:00:00,Bear_public_Valorie,Bear,244.25,13.3,3.9,1019.4,2.6,4.0,12,1,0,12,1.2246467991473532e-16,-1.0,0.7818314824680298,0.6234898018587336,239.0,254.0,227.20833333333334,36.9976987141765,test
2016-12-06 13:00:00,Bear_public_Valorie,Bear,251.5,12.2,3.3,1018.6,1.5,4.0,13,1,0,12,-0.2588190451025208,-0.9659258262890683,0.7818314824680298,0.6234898018587336,244.25,261.75,226.78125,36.63905261644308,test
2016-12-06 14:00:00,Bear_public_Valorie,Bear,252.0,12.2,4.4,1018.3,3.1,4.0,14,1,0,12,-0.4999999999999997,-0.8660254037844388,0.7818314824680298,0.6234898018587336,251.5,272.5,225.92708333333334,35.75516678737218,test
2016-12-06 15:00:00,Bear_public_Valorie,Bear,253.0,14.4,4.4,1018.2,3.1,4.0,15,1,0,12,-0.7071067811865471,-0.7071067811865479,0.7818314824680298,0.6234898018587336,252.0,273.0,225.09375,34.831489727407345,test
2016-12-06 16:00:00,Bear_public_Valorie,Bear,250.25,12.8,5.6,1018.4,7.2,4.0,16,1,0,12,-0.8660254037844385,-0.5000000000000004,0.7818314824680298,0.6234898018587336,253.0,270.25,224.26041666666666,33.931795334192046,test
2016-12-06 17:00:00,Bear_public_Valorie,Bear,242.75,11.7,5.6,1018.5,6.2,2.0,17,1,0,12,-0.9659258262890683,-0.25881904510252063,0.7818314824680298,0.6234898018587336,250.25,266.75,223.26041666666666,32.9650242159477,test
2016-12-06 18:00:00,Bear_public_Valorie,Bear,235.6,11.1,6.1,1018.9,6.7,2.0,18,1,0,12,-1.0,-1.8369701987210297e-16,0.7818314824680298,0.6234898018587336,242.75,252.0,222.57708333333335,32.51021905950724,test
2016-12-06 19:00:00,Bear_public_Valorie,Bear,227.5,10.0,5.0,1019.2,3.6,2.0,19,1,0,12,-0.9659258262890684,0.2588190451025203,0.7818314824680298,0.6234898018587336,235.6,246.0,221.80625,32.14800795945086,test
2016-12-06 20:00:00,Bear_public_Valorie,Bear,225.75,9.4,5.0,1019.4,1.5,2.0,20,1,0,12,-0.8660254037844386,0.5000000000000001,0.7818314824680298,0.6234898018587336,227.5,243.75,221.05625,31.82212558316117,test
2016-12-06 21:00:00,Bear_public_Valorie,Bear,223.0,8.3,3.9,1019.7,1.5,2.0,21,1,0,12,-0.7071067811865477,0.7071067811865474,0.7818314824680298,0.6234898018587336,225.75,242.5,220.24375,31.49809970976237,test
2016-12-06 22:00:00,Bear_public_Valorie,Bear,222.5,7.2,4.4,1020.2,1.5,2.0,22,1,0,12,-0.5000000000000004,0.8660254037844384,0.7818314824680298,0.6234898018587336,223.0,236.0,219.68125,31.324552158567688,test
2016-12-06 23:00:00,Bear_public_Valorie,Bear,217.25,6.1,3.9,1020.6,2.1,4.0,23,1,0,12,-0.25881904510252157,0.9659258262890681,0.7818314824680298,0.6234898018587336,222.5,232.25,219.05625,31.212314015396178,test
2016-12-07 00:00:00,Bear_public_Valorie,Bear,212.5,6.7,4.4,1020.9,0.0,0.0,0,2,0,12,0.0,1.0,0.9749279121818236,-0.22252093395631434,217.25,224.75,218.54583333333335,31.215317855831998,test
2016-12-07 01:00:00,Bear_public_Valorie,Bear,209.0,5.6,3.3,1021.0,1.5,0.0,1,2,0,12,0.25881904510252074,0.9659258262890683,0.9749279121818236,-0.22252093395631434,212.5,221.0,218.04583333333335,31.270356558175127,test
2016-12-07 02:00:00,Bear_public_Valorie,Bear,156.5,5.6,3.3,1021.0,0.0,0.0,2,2,0,12,0.49999999999999994,0.8660254037844387,0.9749279121818236,-0.22252093395631434,209.0,157.5,218.0041666666667,31.35509083090873,test
2016-12-07 03:00:00,Bear_public_Valorie,Bear,144.75,5.0,3.3,1020.8,0.0,0.0,3,2,0,12,0.7071067811865476,0.7071067811865476,0.9749279121818236,-0.22252093395631434,156.5,145.5,217.9729166666667,31.430776177549806,test
2016-12-07 04:00:00,Bear_public_Valorie,Bear,156.75,6.7,3.3,1020.8,2.1,0.0,4,2,0,12,0.8660254037844386,0.5000000000000001,0.9749279121818236,-0.22252093395631434,144.75,155.25,218.0354166666667,31.301856033200853,test
2016-12-07 05:00:00,Bear_public_Valorie,Bear,171.75,6.7,3.3,1020.8,3.1,0.0,5,2,0,12,0.9659258262890683,0.25881904510252074,0.9749279121818236,-0.22252093395631434,156.75,170.75,218.07708333333335,31.236774520228245,test
2016-12-07 06:00:00,Bear_public_Valorie,Bear,214.75,6.1,3.3,1021.0,4.1,0.0,6,2,0,12,1.0,6.123233995736766e-17,0.9749279121818236,-0.22252093395631434,171.75,214.0,218.10833333333335,31.2328932887821,test
2016-12-07 07:00:00,Bear_public_Valorie,Bear,215.25,6.1,2.8,1021.8,2.1,0.018691588785046728,7,2,0,12,0.9659258262890683,-0.25881904510252063,0.9749279121818236,-0.22252093395631434,214.75,209.0,218.36875,31.17965757021229,test
2016-12-07 08:00:00,Bear_public_Valorie,Bear,214.0,6.7,2.8,1022.1,3.1,0.037383177570093455,8,2,0,12,0.8660254037844387,-0.4999999999999998,0.9749279121818236,-0.22252093395631434,215.25,213.0,218.4104166666667,31.172838578420738,test
2016-12-07 09:00:00,Bear_public_Valorie,Bear,229.0,7.8,1.7,1022.6,4.1,0.05607476635514018,9,2,0,12,0.7071067811865476,-0.7071067811865475,0.9749279121818236,-0.22252093395631434,214.0,227.0,218.49375,31.199461089619053,test
2016-12-07 10:00:00,Bear_public_Valorie,Bear,232.75,8.9,0.6,1022.7,4.6,0.07476635514018691,10,2,0,12,0.49999999999999994,-0.8660254037844387,0.9749279121818236,-0.22252093395631434,229.0,235.25,218.38958333333335,31.145210320462464,test
2016-12-07 11:00:00,Bear_public_Valorie,Bear,237.25,10.6,0.6,1022.3,4.1,0.09345794392523364,11,2,0,12,0.258819045102521,-0.9659258262890682,0.9749279121818236,-0.22252093395631434,232.75,239.0,218.3166666666667,31.09687061938685,test
2016-12-07 12:00:00,Bear_public_Valorie,Bear,241.0,10.6,1.7,1021.8,4.1,0.11214953271028036,12,2,0,12,1.2246467991473532e-16,-1.0,0.9749279121818236,-0.22252093395631434,237.25,244.25,218.18125,30.98590778044602,test
2016-12-07 13:00:00,Bear_public_Valorie,Bear,242.5,10.6,2.2,1021.3,3.1,2.0,13,2,0,12,-0.2588190451025208,-0.9659258262890683,0.9749279121818236,-0.22252093395631434,241.0,251.5,217.80625,30.617412325342652,test
2016-12-07 14:00:00,Bear_public_Valorie,Bear,252.75,11.1,1.1,1020.6,4.6,2.0,14,2,0,12,-0.4999999999999997,-0.8660254037844388,0.9749279121818236,-0.22252093395631434,242.5,252.0,217.8375,30.65419061358426,test
2016-12-07 15:00:00,Bear_public_Valorie,Bear,246.5,11.7,1.1,1020.6,2.6,2.0,15,2,0,12,-0.7071067811865471,-0.7071067811865479,0.9749279121818236,-0.22252093395631434,252.75,253.0,217.5666666666667,30.357295042853945,test
2016-12-07 16:00:00,Bear_public_Valorie,Bear,245.25,10.0,2.8,1020.1,3.6,2.0,16,2,0,12,-0.8660254037844385,-0.5000000000000004,0.9749279121818236,-0.22252093395631434,246.5,250.25,217.35833333333335,30.139623157199807,test
2016-12-07 17:00:00,Bear_public_Valorie,Bear,239.75,10.0,2.2,1019.6,4.6,2.0,17,2,0,12,-0.9659258262890683,-0.25881904510252063,0.9749279121818236,-0.22252093395631434,245.25,242.75,217.23333333333335,30.035778182270167,test
2016-12-07 18:00:00,Bear_public_Valorie,Bear,235.75,9.4,3.3,1019.7,3.1,2.0,18,2,0,12,-1.0,-1.8369701987210297e-16,0.9749279121818236,-0.22252093395631434,239.75,235.6,217.23958333333334,30.0397815193774,test
2016-12-07 19:00:00,Bear_public_Valorie,Bear,232.25,8.9,4.4,1019.7,4.6,2.0,19,2,0,12,-0.9659258262890684,0.2588190451025203,0.9749279121818236,-0.22252093395631434,235.75,227.5,217.4375,30.125845649325772,test
2016-12-07 20:00:00,Bear_public_Valorie,Bear,232.5,8.9,5.0,1019.5,3.6,2.0,20,2,0,12,-0.8660254037844386,0.5000000000000001,0.9749279121818236,-0.22252093395631434,232.25,225.75,217.71875,30.238123117580518,test
2016-12-07 21:00:00,Bear_public_Valorie,Bear,219.5,8.9,5.6,1019.7,4.1,2.0,21,2,0,12,-0.7071067811865477,0.7071067811865474,0.9749279121818236,-0.22252093395631434,232.5,223.0,217.57291666666666,30.219979639041817,test
2016-12-07 22:00:00,Bear_public_Valorie,Bear,219.5,8.3,7.2,1019.0,5.7,2.0,22,2,0,12,-0.5000000000000004,0.8660254037844384,0.9749279121818236,-0.22252093395631434,219.5,222.5,217.44791666666666,30.204914224297102,test
2016-12-07 23:00:00,Bear_public_Valorie,Bear,217.0,8.3,7.2,1019.0,5.1,2.0,23,2,0,12,-0.25881904510252157,0.9659258262890681,0.9749279121818236,-0.22252093395631434,219.5,217.25,217.4375,30.20502855486225,test
2016-12-08 00:00:00,Bear_public_Valorie,Bear,212.5,8.3,7.8,1018.2,4.6,2.0,0,3,0,12,0.0,1.0,0.43388373911755823,-0.900968867902419,217.0,212.5,217.4375,30.20502855486225,test
2016-12-08 01:00:00,Bear_public_Valorie,Bear,210.25,8.3,8.3,1017.8,5.1,2.0,1,3,0,12,0.25881904510252074,0.9659258262890683,0.43388373911755823,-0.900968867902419,212.5,209.0,217.48958333333334,30.19092139371525,test
2016-12-08 02:00:00,Bear_public_Valorie,Bear,152.25,8.3,8.3,1017.8,4.6,2.0,2,3,0,12,0.49999999999999994,0.8660254037844387,0.43388373911755823,-0.900968867902419,210.25,156.5,217.3125,30.574236987884884,test
2016-12-08 03:00:00,Bear_public_Valorie,Bear,145.25,8.9,8.9,1017.8,2.1,2.0,3,3,0,12,0.7071067811865476,0.7071067811865476,0.43388373911755823,-0.900968867902419,152.25,144.75,217.33333333333334,30.522770070124153,test
2016-12-08 04:00:00,Bear_public_Valorie,Bear,156.75,8.3,8.3,1017.4,2.1,2.0,4,3,0,12,0.8660254037844386,0.5000000000000001,0.43388373911755823,-0.900968867902419,145.25,156.75,217.33333333333334,30.522770070124153,test
2016-12-08 05:00:00,Bear_public_Valorie,Bear,173.0,8.9,8.9,1017.6,2.1,2.0,5,3,0,12,0.9659258262890683,0.25881904510252074,0.43388373911755823,-0.900968867902419,156.75,171.75,217.38541666666666,30.442567020134916,test
2016-12-08 06:00:00,Bear_public_Valorie,Bear,221.5,8.9,8.9,1017.9,1.5,2.0,6,3,0,12,1.0,6.123233995736766e-17,0.43388373911755823,-0.900968867902419,173.0,214.75,217.66666666666666,30.448340665386123,test
2016-12-08 07:00:00,Bear_public_Valorie,Bear,221.5,9.4,8.9,1018.4,2.1,2.0,7,3,0,12,0.9659258262890683,-0.25881904510252063,0.43388373911755823,-0.900968867902419,221.5,215.25,217.92708333333334,30.45349976020772,test
2016-12-08 08:00:00,Bear_public_Valorie,Bear,222.5,10.0,10.0,1018.7,0.0,2.0,8,3,0,12,0.8660254037844387,-0.4999999999999998,0.43388373911755823,-0.900968867902419,221.5,214.0,218.28125,30.455269453742225,test
2016-12-08 09:00:00,Bear_public_Valorie,Bear,243.75,11.7,10.6,1019.4,2.1,2.0,9,3,0,12,0.7071067811865476,-0.7071067811865475,0.43388373911755823,-0.900968867902419,222.5,229.0,218.89583333333334,30.82752834113097,test
2016-12-08 10:00:00,Bear_public_Valorie,Bear,253.25,12.8,12.2,1020.1,4.6,2.0,10,3,0,12,0.49999999999999994,-0.8660254037844387,0.43388373911755823,-0.900968867902419,243.75,232.75,219.75,31.504658040691613,test
2016-12-08 11:00:00,Bear_public_Valorie,Bear,261.5,14.4,12.8,1020.0,6.2,2.0,11,3,0,12,0.258819045102521,-0.9659258262890682,0.43388373911755823,-0.900968867902419,253.25,237.25,220.76041666666666,32.464569246189384,test
2016-12-08 12:00:00,Bear_public_Valorie,Bear,267.25,14.4,12.8,1019.8,6.2,2.0,12,3,0,12,1.2246467991473532e-16,-1.0,0.43388373911755823,-0.900968867902419,261.5,241.0,221.85416666666666,33.59848572114032,test
2016-12-08 13:00:00,Bear_public_Valorie,Bear,270.25,15.0,12.8,1019.6,5.1,2.0,13,3,0,12,-0.2588190451025208,-0.9659258262890683,0.43388373911755823,-0.900968867902419,267.25,242.5,223.01041666666666,34.79602669460884,test
2016-12-08 14:00:00,Bear_public_Valorie,Bear,279.75,15.0,13.3,1019.7,5.1,2.0,14,3,0,12,-0.4999999999999997,-0.8660254037844388,0.43388373911755823,-0.900968867902419,270.25,252.75,224.13541666666666,36.2072070629198,test
2016-12-08 15:00:00,Bear_public_Valorie,Bear,278.75,15.6,13.3,1019.8,6.2,2.0,15,3,0,12,-0.7071067811865471,-0.7071067811865479,0.43388373911755823,-0.900968867902419,279.75,246.5,225.47916666666666,37.64327099827171,test
2016-12-08 16:00:00,Bear_public_Valorie,Bear,279.25,15.6,13.3,1020.1,2.6,2.0,16,3,0,12,-0.8660254037844385,-0.5000000000000004,0.43388373911755823,-0.900968867902419,278.75,245.25,226.89583333333334,39.03377277008612,test
2016-12-08 17:00:00,Bear_public_Valorie,Bear,276.75,15.0,13.3,1020.3,0.0,2.0,17,3,0,12,-0.9659258262890683,-0.25881904510252063,0.43388373911755823,-0.900968867902419,279.25,239.75,228.4375,40.274482832078114,test
2016-12-08 18:00:00,Bear_public_Valorie,Bear,275.25,15.0,13.3,1020.7,3.1,2.0,18,3,0,12,-1.0,-1.8369701987210297e-16,0.43388373911755823,-0.900968867902419,276.75,235.75,230.08333333333334,41.37827004460324,test
2016-12-08 19:00:00,Bear_public_Valorie,Bear,274.0,14.4,13.3,1021.0,3.1,2.0,19,3,0,12,-0.9659258262890684,0.2588190451025203,0.43388373911755823,-0.900968867902419,275.25,232.25,231.82291666666666,42.33975410981697,test
2016-12-08 20:00:00,Bear_public_Valorie,Bear,275.25,14.4,13.9,1021.7,0.0,2.0,20,3,0,12,-0.8660254037844386,0.5000000000000001,0.43388373911755823,-0.900968867902419,274.0,232.5,233.60416666666666,43.258758642330655,test
2016-12-08 21:00:00,Bear_public_Valorie,Bear,265.5,14.4,13.9,1022.0,1.5,2.0,21,3,0,12,-0.7071067811865477,0.7071067811865474,0.43388373911755823,-0.900968867902419,275.25,219.5,235.52083333333334,43.62419282090407,test
2016-12-08 22:00:00,Bear_public_Valorie,Bear,259.25,14.4,13.3,1022.2,4.1,2.0,22,3,0,12,-0.5000000000000004,0.8660254037844384,0.43388373911755823,-0.900968867902419,265.5,219.5,237.17708333333334,43.74391132580359,test
2016-12-08 23:00:00,Bear_public_Valorie,Bear,256.75,14.4,13.9,1022.7,3.1,2.0,23,3,0,12,-0.25881904510252157,0.9659258262890681,0.43388373911755823,-0.900968867902419,259.25,217.0,238.83333333333334,43.699235558598225,test
2016-12-09 00:00:00,Bear_public_Valorie,Bear,248.75,13.9,13.9,1022.7,0.0,2.0,0,4,0,12,0.0,1.0,-0.433883739117558,-0.9009688679024191,256.75,212.5,240.34375,43.374745488541045,test
2016-12-09 01:00:00,Bear_public_Valorie,Bear,236.25,14.4,13.9,1022.7,0.0,2.0,1,4,0,12,0.25881904510252074,0.9659258262890683,-0.433883739117558,-0.9009688679024191,248.75,210.25,241.42708333333334,42.91266910114213,test
2016-12-09 02:00:00,Bear_public_Valorie,Bear,156.0,14.4,13.3,1022.8,3.1,2.0,2,4,0,12,0.49999999999999994,0.8660254037844387,-0.433883739117558,-0.9009688679024191,236.25,152.25,241.58333333333334,42.57938025838876,test
2016-12-09 03:00:00,Bear_public_Valorie,Bear,146.5,13.9,13.9,1022.8,2.1,2.0,3,4,0,12,0.7071067811865476,0.7071067811865476,-0.433883739117558,-0.9009688679024191,156.0,145.25,241.63541666666666,42.45701017337866,test
2016-12-09 04:00:00,Bear_public_Valorie,Bear,158.0,13.3,13.3,1022.9,2.1,2.0,4,4,0,12,0.8660254037844386,0.5000000000000001,-0.433883739117558,-0.9009688679024191,146.5,156.75,241.6875,42.34898040454349,test
2016-12-09 05:00:00,Bear_public_Valorie,Bear,175.75,13.9,13.3,1022.7,2.6,2.0,5,4,0,12,0.9659258262890683,0.25881904510252074,-0.433883739117558,-0.9009688679024191,158.0,173.0,241.80208333333334,42.1583440582282,test
2016-12-09 06:00:00,Bear_public_Valorie,Bear,237.25,14.4,13.9,1022.9,2.6,2.0,6,4,0,12,1.0,6.123233995736766e-17,-0.433883739117558,-0.9009688679024191,175.75,221.5,242.45833333333334,41.95064819592222,test
2016-12-09 07:00:00,Bear_public_Valorie,Bear,243.75,14.4,13.9,1023.1,2.1,2.0,7,4,0,12,0.9659258262890683,-0.25881904510252063,-0.433883739117558,-0.9009688679024191,237.25,221.5,243.38541666666666,41.71252413105829,test
2016-12-09 08:00:00,Bear_public_Valorie,Bear,247.0,14.4,13.3,1023.2,2.6,2.0,8,4,0,12,0.8660254037844387,-0.4999999999999998,-0.433883739117558,-0.9009688679024191,243.75,222.5,244.40625,41.478308402523425,test
2016-12-09 09:00:00,Bear_public_Valorie,Bear,261.0,13.9,13.3,1024.2,2.1,2.0,9,4,0,12,0.7071067811865476,-0.7071067811865475,-0.433883739117558,-0.9009688679024191,247.0,243.75,245.125,41.615671692703046,test
2016-12-09 10:00:00,Bear_public_Valorie,Bear,266.75,14.4,13.9,1024.9,2.6,2.0,10,4,0,12,0.49999999999999994,-0.8660254037844387,-0.433883739117558,-0.9009688679024191,261.0,253.25,245.6875,41.82099860014233,test
2016-12-09 11:00:00,Bear_public_Valorie,Bear,276.5,16.7,15.0,1024.7,1.5,2.0,11,4,0,12,0.258819045102521,-0.9659258262890682,-0.433883739117558,-0.9009688679024191,266.75,261.5,246.3125,42.178145098061236,test
2016-12-09 12:00:00,Bear_public_Valorie,Bear,283.25,17.2,14.4,1023.7,2.1,2.0,12,4,0,12,1.2246467991473532e-16,-1.0,-0.433883739117558,-0.9009688679024191,276.5,267.25,246.97916666666666,42.64730970837883,test
2016-12-09 13:00:00,Bear_public_Valorie,Bear,285.0,17.2,14.4,1022.7,1.5,2.0,13,4,0,12,-0.2588190451025208,-0.9659258262890683,-0.433883739117558,-0.9009688679024191,283.25,270.25,247.59375,43.10110790591648,test
2016-12-09 14:00:00,Bear_public_Valorie,Bear,285.5,17.8,13.9,1022.0,1.5,2.0,14,4,0,12,-0.4999999999999997,-0.8660254037844388,-0.433883739117558,-0.9009688679024191,285.0,279.75,247.83333333333334,43.30313189463463,test
2016-12-09 15:00:00,Bear_public_Valorie,Bear,287.5,17.8,13.3,1022.1,1.5,2.0,15,4,0,12,-0.7071067811865471,-0.7071067811865479,-0.433883739117558,-0.9009688679024191,285.5,278.75,248.19791666666666,43.61049055875693,test
2016-12-09 16:00:00,Bear_public_Valorie,Bear,284.25,17.2,13.3,1021.9,2.1,2.0,16,4,0,12,-0.8660254037844385,-0.5000000000000004,-0.433883739117558,-0.9009688679024191,287.5,279.25,248.40625,43.77690554663721,test
2016-12-09 17:00:00,Bear_public_Valorie,Bear,280.0,16.1,13.3,1021.2,1.5,2.0,17,4,0,12,-0.9659258262890683,-0.25881904510252063,-0.433883739117558,-0.9009688679024191,284.25,276.75,248.54166666666666,43.873314823742845,test
2016-12-09 18:00:00,Bear_public_Valorie,Bear,282.6,16.1,13.3,1021.3,0.0,2.0,18,4,0,12,-1.0,-1.8369701987210297e-16,-0.433883739117558,-0.9009688679024191,280.0,275.25,248.84791666666663,44.092956351541076,test
2016-12-09 19:00:00,Bear_public_Valorie,Bear,274.25,16.1,13.3,1021.1,0.0,2.0,19,4,0,12,-0.9659258262890684,0.2588190451025203,-0.433883739117558,-0.9009688679024191,282.6,274.0,248.85833333333335,44.0991858020742,test
2016-12-09 20:00:00,Bear_public_Valorie,Bear,273.75,16.1,13.3,1020.7,1.5,2.0,20,4,0,12,-0.8660254037844386,0.5000000000000001,-0.433883739117558,-0.9009688679024191,274.25,275.25,248.79583333333335,44.06120228842507,test
2016-12-09 21:00:00,Bear_public_Valorie,Bear,260.25,15.0,13.3,1020.8,2.1,2.0,21,4,0,12,-0.7071067811865477,0.7071067811865474,-0.433883739117558,-0.9009688679024191,273.75,265.5,248.57708333333335,43.98763655146891,test
2016-12-09 22:00:00,Bear_public_Valorie,Bear,165.75,15.0,12.8,1020.2,4.6,2.0,22,4,0,12,-0.5000000000000004,0.8660254037844384,-0.433883739117558,-0.9009688679024191,260.25,259.25,244.68125,47.036125830602124,test
2016-12-09 23:00:00,Bear_public_Valorie,Bear,158.5,15.6,13.3,1020.0,6.2,2.0,23,4,0,12,-0.25881904510252157,0.9659258262890681,-0.433883739117558,-0.9009688679024191,165.75,256.75,240.5875,50.11485775088426,test
2016-12-10 00:00:00,Bear_public_Valorie,Bear,155.0,15.6,13.9,1019.7,6.2,2.0,0,5,1,12,0.0,1.0,-0.9749279121818236,-0.2225209339563146,158.5,248.75,236.68125,53.020446860868155,test
2016-12-10 01:00:00,Bear_public_Valorie,Bear,152.25,15.6,14.4,1019.7,5.1,2.0,1,5,1,12,0.25881904510252074,0.9659258262890683,-0.9749279121818236,-0.2225209339563146,155.0,236.25,233.18125,55.75228950748248,test
2016-12-10 02:00:00,Bear_public_Valorie,Bear,151.75,15.0,14.4,1019.8,4.1,2.0,2,5,1,12,0.49999999999999994,0.8660254037844387,-0.9749279121818236,-0.2225209339563146,152.25,156.0,233.0041666666667,56.014229396891565,test
2016-12-10 03:00:00,Bear_public_Valorie,Bear,149.5,15.6,14.4,1019.9,6.7,2.0,3,5,1,12,0.7071067811865476,0.7071067811865476,-0.9749279121818236,-0.2225209339563146,151.75,146.5,233.1291666666667,55.81579158786307,test
2016-12-10 04:00:00,Bear_public_Valorie,Bear,160.25,15.0,14.4,1019.5,5.7,2.0,4,5,1,12,0.8660254037844386,0.5000000000000001,-0.9749279121818236,-0.2225209339563146,149.5,158.0,233.2229166666667,55.68585406813077,test
2016-12-10 05:00:00,Bear_public_Valorie,Bear,175.0,15.0,13.9,1019.4,3.6,2.0,5,5,1,12,0.9659258262890683,0.25881904510252074,-0.9749279121818236,-0.2225209339563146,160.25,175.75,233.1916666666667,55.71970938988114,test
2016-12-10 06:00:00,Bear_public_Valorie,Bear,247.25,15.0,13.9,1019.3,5.1,2.0,6,5,1,12,1.0,6.123233995736766e-17,-0.9749279121818236,-0.2225209339563146,175.0,237.25,233.60833333333335,55.78872347228176,test
2016-12-10 07:00:00,Bear_public_Valorie,Bear,251.5,14.4,14.4,1019.6,2.6,2.0,7,5,1,12,0.9659258262890683,-0.25881904510252063,-0.9749279121818236,-0.2225209339563146,247.25,243.75,233.93125,55.872344431593916,test
2016-12-10 08:00:00,Bear_public_Valorie,Bear,252.5,14.4,13.9,1019.1,4.1,2.0,8,5,1,12,0.8660254037844387,-0.4999999999999998,-0.9749279121818236,-0.2225209339563146,251.5,247.0,234.1604166666667,55.93951698654951,test
2016-12-10 09:00:00,Bear_public_Valorie,Bear,262.75,15.0,14.4,1019.45,5.1,2.0,9,5,1,12,0.7071067811865476,-0.7071067811865475,-0.9749279121818236,-0.2225209339563146,252.5,261.0,234.23333333333335,55.97715113575733,test
2016-12-10 10:00:00,Bear_public_Valorie,Bear,270.0,15.6,14.4,1019.8,4.6,2.0,10,5,1,12,0.49999999999999994,-0.8660254037844387,-0.9749279121818236,-0.2225209339563146,262.75,266.75,234.36875,56.06309879230462,test
2016-12-10 11:00:00,Bear_public_Valorie,Bear,275.25,15.0,14.4,1019.5,4.6,2.0,11,5,1,12,0.258819045102521,-0.9659258262890682,-0.9749279121818236,-0.2225209339563146,270.0,276.5,234.3166666666667,56.02282273026523,test
2016-12-10 12:00:00,Bear_public_Valorie,Bear,275.75,15.6,14.4,1018.7,5.1,2.0,12,5,1,12,1.2246467991473532e-16,-1.0,-0.9749279121818236,-0.2225209339563146,275.25,283.25,234.0041666666667,55.75829420981655,test
2016-12-10 13:00:00,Bear_public_Valorie,Bear,278.75,15.6,15.0,1017.9,6.2,2.0,13,5,1,12,-0.2588190451025208,-0.9659258262890683,-0.9749279121818236,-0.2225209339563146,275.75,285.0,233.74375,55.52386739541414,test
2016-12-10 14:00:00,Bear_public_Valorie,Bear,280.25,15.6,15.0,1017.2,5.1,2.0,14,5,1,12,-0.4999999999999997,-0.8660254037844388,-0.9749279121818236,-0.2225209339563146,278.75,285.5,233.525,55.32106682614377,test
2016-12-10 15:00:00,Bear_public_Valorie,Bear,281.5,15.6,15.0,1017.45,3.1,2.0,15,5,1,12,-0.7071067811865471,-0.7071067811865479,-0.9749279121818236,-0.2225209339563146,280.25,287.5,233.275,55.07957484601208,test
2016-12-10 16:00:00,Bear_public_Valorie,Bear,277.75,15.0,13.9,1017.7,3.1,2.0,16,5,1,12,-0.8660254037844385,-0.5000000000000004,-0.9749279121818236,-0.2225209339563146,281.5,284.25,233.0041666666667,54.8334571713509,test
2016-12-10 17:00:00,Bear_public_Valorie,Bear,262.5,14.4,13.9,1018.0,2.6,2.0,17,5,1,12,-0.9659258262890683,-0.25881904510252063,-0.9749279121818236,-0.2225209339563146,277.75,280.0,232.275,54.29505542384422,test
2016-12-10 18:00:00,Bear_public_Valorie,Bear,261.0,14.4,13.3,1018.2,1.5,2.0,18,5,1,12,-1.0,-1.8369701987210297e-16,-0.9749279121818236,-0.2225209339563146,262.5,282.6,231.375,53.59915638531492,test
2016-12-10 19:00:00,Bear_public_Valorie,Bear,258.0,13.9,12.8,1019.0,4.1,2.0,19,5,1,12,-0.9659258262890684,0.2588190451025203,-0.9749279121818236,-0.2225209339563146,261.0,274.25,230.69791666666666,53.13462082534961,test
2016-12-10 20:00:00,Bear_public_Valorie,Bear,239.5,13.3,12.2,1019.1,2.1,2.0,20,5,1,12,-0.8660254037844386,0.5000000000000001,-0.9749279121818236,-0.2225209339563146,258.0,273.75,229.27083333333334,52.38268033687675,test
2016-12-10 21:00:00,Bear_public_Valorie,Bear,239.0,12.8,11.1,1019.6,0.0,2.0,21,5,1,12,-0.7071067811865477,0.7071067811865474,-0.9749279121818236,-0.2225209339563146,239.5,260.25,228.38541666666666,52.014576717716736,test
2016-12-10 22:00:00,Bear_public_Valorie,Bear,180.5,12.2,10.6,1020.5,1.5,2.0,22,5,1,12,-0.5000000000000004,0.8660254037844384,-0.9749279121818236,-0.2225209339563146,239.0,165.75,229.0,51.32489225724145,test
2016-12-10 23:00:00,Bear_public_Valorie,Bear,157.0,11.1,10.0,1021.1,1.5,2.0,23,5,1,12,-0.25881904510252157,0.9659258262890681,-0.9749279121818236,-0.2225209339563146,180.5,158.5,228.9375,51.41530868711532,test
2016-12-11 00:00:00,Bear_public_Valorie,Bear,156.75,11.7,10.6,1021.2,2.6,2.0,0,6,1,12,0.0,1.0,-0.7818314824680299,0.6234898018587334,157.0,155.0,229.01041666666666,51.30701913834374,test
2016-12-11 01:00:00,Bear_public_Valorie,Bear,154.75,11.1,10.6,1021.3,1.5,2.0,1,6,1,12,0.25881904510252074,0.9659258262890683,-0.7818314824680299,0.6234898018587334,156.75,152.25,229.11458333333334,51.14668691545512,test
2016-12-11 02:00:00,Bear_public_Valorie,Bear,150.5,10.0,10.0,1021.4,0.0,2.0,2,6,1,12,0.49999999999999994,0.8660254037844387,-0.7818314824680299,0.6234898018587334,154.75,151.75,229.0625,51.22946301138471,test
2016-12-11 03:00:00,Bear_public_Valorie,Bear,148.5,10.0,8.9,1021.6,2.1,2.0,3,6,1,12,0.7071067811865476,0.7071067811865476,-0.7818314824680299,0.6234898018587334,150.5,149.5,229.02083333333334,51.29734910658026,test
2016-12-11 04:00:00,Bear_public_Valorie,Bear,153.75,10.0,8.9,1021.6,1.5,2.0,4,6,1,12,0.8660254037844386,0.5000000000000001,-0.7818314824680299,0.6234898018587334,148.5,160.25,228.75,51.69186505673335,test
2016-12-11 05:00:00,Bear_public_Valorie,Bear,172.5,9.4,7.8,1021.6,1.5,2.0,5,6,1,12,0.9659258262890683,0.25881904510252074,-0.7818314824680299,0.6234898018587334,153.75,175.0,228.64583333333334,51.807278565071265,test
2016-12-11 06:00:00,Bear_public_Valorie,Bear,170.5,8.9,6.7,1021.6,0.0,2.0,6,6,1,12,1.0,6.123233995736766e-17,-0.7818314824680299,0.6234898018587334,172.5,247.25,225.44791666666666,52.96481498037963,test
2016-12-11 07:00:00,Bear_public_Valorie,Bear,169.75,7.8,6.7,1022.0,0.0,2.0,7,6,1,12,0.9659258262890683,-0.25881904510252063,-0.7818314824680299,0.6234898018587334,170.5,251.5,222.04166666666666,53.83805561017323,test
2016-12-11 08:00:00,Bear_public_Valorie,Bear,164.0,7.8,7.2,1022.0,1.5,2.0,8,6,1,12,0.8660254037844387,-0.4999999999999998,-0.7818314824680299,0.6234898018587334,169.75,252.5,218.35416666666666,54.685311032796264,test
2016-12-11 09:00:00,Bear_public_Valorie,Bear,163.75,9.4,8.3,1022.7,0.0,2.0,9,6,1,12,0.7071067811865476,-0.7071067811865475,-0.7818314824680299,0.6234898018587334,164.0,262.75,214.22916666666666,54.92420254643996,test
2016-12-11 10:00:00,Bear_public_Valorie,Bear,173.5,10.6,8.9,1022.8,1.5,2.0,10,6,1,12,0.49999999999999994,-0.8660254037844387,-0.7818314824680299,0.6234898018587334,163.75,270.0,210.20833333333334,54.19122074466621,test
2016-12-11 11:00:00,Bear_public_Valorie,Bear,177.25,11.7,7.8,1022.8,0.0,2.0,11,6,1,12,0.258819045102521,-0.9659258262890682,-0.7818314824680299,0.6234898018587334,173.5,275.25,206.125,52.75023181486293,test
2016-12-11 12:00:00,Bear_public_Valorie,Bear,229.0,11.1,7.2,1022.1,0.0,2.0,12,6,1,12,1.2246467991473532e-16,-1.0,-0.7818314824680299,0.6234898018587334,177.25,275.75,204.17708333333334,50.89804809439039,test
2016-12-11 13:00:00,Bear_public_Valorie,Bear,264.25,11.7,6.7,1021.7,0.0,2.0,13,6,1,12,-0.2588190451025208,-0.9659258262890683,-0.7818314824680299,0.6234898018587334,229.0,278.75,203.57291666666666,50.053421416233384,test
2016-12-11 14:00:00,Bear_public_Valorie,Bear,262.25,11.7,6.1,1021.3,0.0,2.0,14,6,1,12,-0.4999999999999997,-0.8660254037844388,-0.7818314824680299,0.6234898018587334,264.25,280.25,202.82291666666666,48.977838775544434,test
2016-12-11 15:00:00,Bear_public_Valorie,Bear,248.0,12.2,6.1,1021.4,1.5,2.0,15,6,1,12,-0.7071067811865471,-0.7071067811865479,-0.7818314824680299,0.6234898018587334,262.25,281.5,201.42708333333334,47.07865061041083,test
2016-12-11 16:00:00,Bear_public_Valorie,Bear,244.25,11.7,6.1,1021.2,0.0,2.0,16,6,1,12,-0.8660254037844385,-0.5000000000000004,-0.7818314824680299,0.6234898018587334,248.0,277.75,200.03125,45.17552197071021,test
2016-12-11 17:00:00,Bear_public_Valorie,Bear,241.5,11.7,6.1,1020.7,2.1,2.0,17,6,1,12,-0.9659258262890683,-0.25881904510252063,-0.7818314824680299,0.6234898018587334,244.25,262.5,199.15625,44.10362134520138,test
2016-12-11 18:00:00,Bear_public_Valorie,Bear,241.25,11.7,6.7,1020.9,0.0,2.0,18,6,1,12,-1.0,-1.8369701987210297e-16,-0.7818314824680299,0.6234898018587334,241.5,261.0,198.33333333333334,43.07170882899015,test
2016-12-11 19:00:00,Bear_public_Valorie,Bear,237.25,10.6,6.7,1021.1,1.5,2.0,19,6,1,12,-0.9659258262890684,0.2588190451025203,-0.7818314824680299,0.6234898018587334,241.25,258.0,197.46875,42.0172915039287,test
2016-12-11 20:00:00,Bear_public_Valorie,Bear,236.0,10.6,7.2,1020.7,0.0,2.0,20,6,1,12,-0.8660254037844386,0.5000000000000001,-0.7818314824680299,0.6234898018587334,237.25,239.5,197.32291666666666,41.87088585673306,test
2016-12-11 21:00:00,Bear_public_Valorie,Bear,227.0,11.1,7.8,1021.0,0.0,2.0,21,6,1,12,-0.7071067811865477,0.7071067811865474,-0.7818314824680299,0.6234898018587334,236.0,239.0,196.82291666666666,41.42079130090087,test
2016-12-11 22:00:00,Bear_public_Valorie,Bear,227.25,10.6,7.8,1021.3,0.0,2.0,22,6,1,12,-0.5000000000000004,0.8660254037844384,-0.7818314824680299,0.6234898018587334,227.0,180.5,198.77083333333334,41.717991939321685,test
2016-12-11 23:00:00,Bear_public_Valorie,Bear,223.75,10.6,8.3,1021.2,0.0,2.0,23,6,1,12,-0.25881904510252157,0.9659258262890681,-0.7818314824680299,0.6234898018587334,227.25,157.0,201.55208333333334,41.03153474216066,test
2016-12-12 00:00:00,Bear_public_Valorie,Bear,220.75,11.1,7.2,1021.3,0.0,2.0,0,0,0,12,0.0,1.0,0.0,1.0,223.75,156.75,204.21875,40.06145499891976,test
2016-12-12 01:00:00,Bear_public_Valorie,Bear,216.75,10.0,7.2,1021.1,0.0,2.0,1,0,0,12,0.25881904510252074,0.9659258262890683,0.0,1.0,220.75,154.75,206.80208333333334,38.70898805627215,test
2016-12-12 02:00:00,Bear_public_Valorie,Bear,170.0,10.0,7.8,1021.2,1.5,2.0,2,0,0,12,0.49999999999999994,0.8660254037844387,0.0,1.0,216.75,150.5,207.61458333333334,37.66644071770812,test
2016-12-12 03:00:00,Bear_public_Valorie,Bear,150.0,10.0,7.8,1020.9,1.5,2.0,3,0,0,12,0.7071067811865476,0.7071067811865476,0.0,1.0,170.0,148.5,207.67708333333334,37.56519544092022,test
2016-12-12 04:00:00,Bear_public_Valorie,Bear,156.5,10.0,6.7,1020.7,0.0,2.0,4,0,0,12,0.8660254037844386,0.5000000000000001,0.0,1.0,150.0,153.75,207.79166666666666,37.39737164289948,test
2016-12-12 05:00:00,Bear_public_Valorie,Bear,177.75,9.4,6.7,1020.9,2.1,2.0,5,0,0,12,0.9659258262890683,0.25881904510252074,0.0,1.0,156.5,172.5,208.01041666666666,37.196779837153436,test
2016-12-12 06:00:00,Bear_public_Valorie,Bear,218.5,10.0,7.8,1021.1,0.0,2.0,6,0,0,12,1.0,6.123233995736766e-17,0.0,1.0,177.75,170.5,210.01041666666666,36.37355100704853,test
2016-12-12 07:00:00,Bear_public_Valorie,Bear,226.25,8.9,7.2,1021.2,0.0,2.0,7,0,0,12,0.9659258262890683,-0.25881904510252063,0.0,1.0,218.5,169.75,212.36458333333334,35.471741597964964,test
2016-12-12 08:00:00,Bear_public_Valorie,Bear,222.0,7.8,5.6,1021.5,1.5,2.0,8,0,0,12,0.8660254037844387,-0.4999999999999998,0.0,1.0,226.25,164.0,214.78125,33.97771908209533,test
2016-12-12 09:00:00,Bear_public_Valorie,Bear,233.25,9.4,7.2,1021.7,2.1,2.0,9,0,0,12,0.7071067811865476,-0.7071067811865475,0.0,1.0,222.0,163.75,217.67708333333334,32.3626259856714,test
2016-12-12 10:00:00,Bear_public_Valorie,Bear,245.25,11.7,7.2,1022.1,4.1,2.0,10,0,0,12,0.49999999999999994,-0.8660254037844387,0.0,1.0,233.25,173.5,220.66666666666666,31.40406947690371,test
2016-12-12 11:00:00,Bear_public_Valorie,Bear,247.25,13.3,6.7,1022.0,1.5,2.0,11,0,0,12,0.258819045102521,-0.9659258262890682,0.0,1.0,245.25,177.25,223.58333333333334,30.432004272772172,test
2016-12-12 12:00:00,Bear_public_Valorie,Bear,243.75,12.8,7.2,1021.4,4.1,2.0,12,0,0,12,1.2246467991473532e-16,-1.0,0.0,1.0,247.25,229.0,224.19791666666666,30.693964422876473,test
2016-12-12 13:00:00,Bear_public_Valorie,Bear,256.0,13.3,7.8,1020.4,3.6,2.0,13,0,0,12,-0.2588190451025208,-0.9659258262890683,0.0,1.0,243.75,264.25,223.85416666666666,30.26916538638716,test
2016-12-12 14:00:00,Bear_public_Valorie,Bear,256.25,14.4,6.1,1020.0,2.6,2.0,14,0,0,12,-0.4999999999999997,-0.8660254037844388,0.0,1.0,256.0,262.25,223.60416666666666,29.961471333911597,test
2016-12-12 15:00:00,Bear_public_Valorie,Bear,257.75,14.4,6.7,1019.9,2.1,2.0,15,0,0,12,-0.7071067811865471,-0.7071067811865479,0.0,1.0,256.25,248.0,224.01041666666666,30.369954328346466,test
2016-12-12 16:00:00,Bear_public_Valorie,Bear,247.75,13.3,6.7,1019.8,3.1,2.0,16,0,0,12,-0.8660254037844385,-0.5000000000000004,0.0,1.0,257.75,244.25,224.15625,30.479573746378456,test
2016-12-12 17:00:00,Bear_public_Valorie,Bear,242.5,11.7,6.7,1019.7,3.1,2.0,17,0,0,12,-0.9659258262890683,-0.25881904510252063,0.0,1.0,247.75,241.5,224.19791666666666,30.50498704476864,test
2016-12-12 18:00:00,Bear_public_Valorie,Bear,245.6,11.1,7.2,1019.2,3.6,2.0,18,0,0,12,-1.0,-1.8369701987210297e-16,0.0,1.0,242.5,241.25,224.3791666666667,30.623402945640578,test
2016-12-12 19:00:00,Bear_public_Valorie,Bear,243.5,10.6,7.2,1019.5,2.1,2.0,19,0,0,12,-0.9659258262890684,0.2588190451025203,0.0,1.0,245.6,237.25,224.63958333333335,30.763865658490918,test
2016-12-12 20:00:00,Bear_public_Valorie,Bear,236.75,10.6,7.2,1019.8,2.1,2.0,20,0,0,12,-0.8660254037844386,0.5000000000000001,0.0,1.0,243.5,236.0,224.67083333333335,30.77628574881653,test
2016-12-12 21:00:00,Bear_public_Valorie,Bear,230.5,10.6,5.6,1019.6,2.6,2.0,21,0,0,12,-0.7071067811865477,0.7071067811865474,0.0,1.0,236.75,227.0,224.8166666666667,30.796088355034122,test
2016-12-12 22:00:00,Bear_public_Valorie,Bear,235.5,10.6,5.0,1019.5,2.1,2.0,22,0,0,12,-0.5000000000000004,0.8660254037844384,0.0,1.0,230.5,227.25,225.1604166666667,30.8703846371402,test
2016-12-12 23:00:00,Bear_public_Valorie,Bear,236.0,10.6,6.1,1019.4,3.6,2.0,23,0,0,12,-0.25881904510252157,0.9659258262890681,0.0,1.0,235.5,223.75,225.67083333333335,30.947226878176497,test
2016-12-13 00:00:00,Bear_public_Valorie,Bear,224.5,11.1,5.6,1019.3,2.6,2.0,0,1,0,12,0.0,1.0,0.7818314824680298,0.6234898018587336,236.0,220.75,225.82708333333335,30.93076412544819,test
2016-12-13 01:00:00,Bear_public_Valorie,Bear,219.5,10.6,6.1,1019.6,0.0,2.0,1,1,0,12,0.25881904510252074,0.9659258262890683,0.7818314824680298,0.6234898018587336,224.5,216.75,225.9416666666667,30.90075511483047,test
2016-12-13 02:00:00,Bear_public_Valorie,Bear,166.5,10.6,6.1,1019.7,0.0,2.0,2,1,0,12,0.49999999999999994,0.8660254037844387,0.7818314824680298,0.6234898018587336,219.5,170.0,225.79583333333335,31.18321356068148,test
2016-12-13 03:00:00,Bear_public_Valorie,Bear,149.25,10.0,6.1,1019.2,2.1,2.0,3,1,0,12,0.7071067811865476,0.7071067811865476,0.7818314824680298,0.6234898018587336,166.5,150.0,225.76458333333335,31.262748631443273,test
2016-12-13 04:00:00,Bear_public_Valorie,Bear,157.75,10.0,6.1,1018.7,1.5,2.0,4,1,0,12,0.8660254037844386,0.5000000000000001,0.7818314824680298,0.6234898018587336,149.25,156.5,225.8166666666667,31.143150083148363,test
2016-12-13 05:00:00,Bear_public_Valorie,Bear,175.25,10.6,7.2,1018.6,1.5,2.0,5,1,0,12,0.9659258262890683,0.25881904510252074,0.7818314824680298,0.6234898018587336,157.75,177.75,225.7125,31.314621012084583,test
2016-12-13 06:00:00,Bear_public_Valorie,Bear,217.75,10.6,7.2,1018.9,0.0,2.0,6,1,0,12,1.0,6.123233995736766e-17,0.7818314824680298,0.6234898018587336,175.25,218.5,225.68125,31.322504801903566,test
2016-12-13 07:00:00,Bear_public_Valorie,Bear,240.0,10.0,6.7,1019.5,1.5,2.0,7,1,0,12,0.9659258262890683,-0.25881904510252063,0.7818314824680298,0.6234898018587336,217.75,226.25,226.2541666666667,31.45881336614355,test
2016-12-13 08:00:00,Bear_public_Valorie,Bear,226.75,10.0,7.2,1019.7,0.0,2.0,8,1,0,12,0.8660254037844387,-0.4999999999999998,0.7818314824680298,0.6234898018587336,240.0,222.0,226.45208333333335,31.445824631823815,test
2016-12-13 09:00:00,Bear_public_Valorie,Bear,245.75,11.7,8.3,1020.7,2.6,2.0,9,1,0,12,0.7071067811865476,-0.7071067811865475,0.7818314824680298,0.6234898018587336,226.75,233.25,226.9729166666667,31.66605980063129,test
2016-12-13 10:00:00,Bear_public_Valorie,Bear,254.0,12.8,7.8,1021.4,1.5,2.0,10,1,0,12,0.49999999999999994,-0.8660254037844387,0.7818314824680298,0.6234898018587336,245.75,245.25,227.3375,31.934870031254228,test
2016-12-13 11:00:00,Bear_public_Valorie,Bear,259.25,13.3,7.8,1021.1,0.0,2.0,11,1,0,12,0.258819045102521,-0.9659258262890682,0.7818314824680298,0.6234898018587336,254.0,247.25,227.8375,32.35141704443045,test
2016-12-13 12:00:00,Bear_public_Valorie,Bear,262.25,13.9,7.8,1020.6,2.6,2.0,12,1,0,12,1.2246467991473532e-16,-1.0,0.7818314824680298,0.6234898018587336,259.25,243.75,228.60833333333335,32.96168944417973,test
2016-12-13 13:00:00,Bear_public_Valorie,Bear,266.5,13.9,8.3,1019.6,2.6,2.0,13,1,0,12,-0.2588190451025208,-0.9659258262890683,0.7818314824680298,0.6234898018587336,262.25,256.0,229.04583333333335,33.40773119538718,test
2016-12-13 14:00:00,Bear_public_Valorie,Bear,266.75,13.9,8.9,1018.9,2.1,2.0,14,1,0,12,-0.4999999999999997,-0.8660254037844388,0.7818314824680298,0.6234898018587336,266.5,256.25,229.48333333333335,33.845366604304466,test
2016-12-13 15:00:00,Bear_public_Valorie,Bear,268.5,13.3,9.4,1018.7,2.6,2.0,15,1,0,12,-0.7071067811865471,-0.7071067811865479,0.7818314824680298,0.6234898018587336,266.75,257.75,229.93125,34.30374809189562,test
2016-12-13 16:00:00,Bear_public_Valorie,Bear,272.75,13.9,9.4,1018.9,2.6,2.0,16,1,0,12,-0.8660254037844385,-0.5000000000000004,0.7818314824680298,0.6234898018587336,268.5,247.75,230.9729166666667,35.235283635333175,test
2016-12-13 17:00:00,Bear_public_Valorie,Bear,269.25,14.4,8.9,1018.5,1.5,2.0,17,1,0,12,-0.9659258262890683,-0.25881904510252063,0.7818314824680298,0.6234898018587336,272.75,242.5,232.0875,36.02989474335793,test
2016-12-13 18:00:00,Bear_public_Valorie,Bear,254.25,12.8,10.6,1018.6,1.5,2.0,18,1,0,12,-1.0,-1.8369701987210297e-16,0.7818314824680298,0.6234898018587336,269.25,245.6,232.44791666666666,36.21373592138925,test
2016-12-13 19:00:00,Bear_public_Valorie,Bear,249.0,12.8,12.8,1018.5,0.0,2.0,19,1,0,12,-0.9659258262890684,0.2588190451025203,0.7818314824680298,0.6234898018587336,254.25,243.5,232.67708333333334,36.3040061843909,test
2016-12-13 20:00:00,Bear_public_Valorie,Bear,252.25,13.3,13.3,1018.7,0.0,2.0,20,1,0,12,-0.8660254037844386,0.5000000000000001,0.7818314824680298,0.6234898018587336,249.0,236.75,233.32291666666666,36.51685727217353,test
2016-12-13 21:00:00,Bear_public_Valorie,Bear,244.0,12.8,12.8,1019.0,0.0,2.0,21,1,0,12,-0.7071067811865477,0.7071067811865474,0.7818314824680298,0.6234898018587336,252.25,230.5,233.88541666666666,36.57541190937761,test
2016-12-13 22:00:00,Bear_public_Valorie,Bear,237.5,12.8,12.8,1019.2,1.5,2.0,22,1,0,12,-0.5000000000000004,0.8660254037844384,0.7818314824680298,0.6234898018587336,244.0,235.5,233.96875,36.58152840039297,test
2016-12-13 23:00:00,Bear_public_Valorie,Bear,235.25,12.2,11.7,1019.1,0.0,2.0,23,1,0,12,-0.25881904510252157,0.9659258262890681,0.7818314824680298,0.6234898018587336,237.5,236.0,233.9375,36.580038064259455,test
2016-12-14 00:00:00,Bear_public_Valorie,Bear,234.75,12.2,12.2,1018.7,0.0,2.0,0,2,0,12,0.0,1.0,0.9749279121818236,-0.22252093395631434,235.25,224.5,234.36458333333334,36.52485597735778,test
2016-12-14 01:00:00,Bear_public_Valorie,Bear,239.5,12.8,12.8,1018.4,0.0,2.0,1,2,0,12,0.25881904510252074,0.9659258262890683,0.9749279121818236,-0.22252093395631434,234.75,219.5,235.19791666666666,36.39890549945195,test
2016-12-14 02:00:00,Bear_public_Valorie,Bear,169.25,12.8,12.8,1018.4,0.0,2.0,2,2,0,12,0.49999999999999994,0.8660254037844387,0.9749279121818236,-0.22252093395631434,239.5,166.5,235.3125,36.176894049151606,test
2016-12-14 03:00:00,Bear_public_Valorie,Bear,148.5,12.8,12.8,1017.9,0.0,2.0,3,2,0,12,0.7071067811865476,0.7071067811865476,0.9749279121818236,-0.22252093395631434,169.25,149.25,235.28125,36.254708277445445,test
2016-12-14 04:00:00,Bear_public_Valorie,Bear,157.0,12.8,12.2,1017.9,1.5,2.0,4,2,0,12,0.8660254037844386,0.5000000000000001,0.9749279121818236,-0.22252093395631434,148.5,157.75,235.25,36.32469814949928,test
2016-12-14 05:00:00,Bear_public_Valorie,Bear,175.5,12.8,11.7,1017.4,1.5,2.0,5,2,0,12,0.9659258262890683,0.25881904510252074,0.9749279121818236,-0.22252093395631434,157.0,175.25,235.26041666666666,36.30677556590252,test
2016-12-14 06:00:00,Bear_public_Valorie,Bear,222.75,13.3,12.8,1017.0,2.6,2.0,6,2,0,12,1.0,6.123233995736766e-17,0.9749279121818236,-0.22252093395631434,175.5,217.75,235.46875,36.216162055383535,test
2016-12-14 07:00:00,Bear_public_Valorie,Bear,245.0,13.9,13.9,1017.0,3.1,2.0,7,2,0,12,0.9659258262890683,-0.25881904510252063,0.9749279121818236,-0.22252093395631434,222.75,240.0,235.67708333333334,36.25771875593004,test
2016-12-14 08:00:00,Bear_public_Valorie,Bear,247.5,14.4,13.9,1017.4,3.1,2.0,8,2,0,12,0.8660254037844387,-0.4999999999999998,0.9749279121818236,-0.22252093395631434,245.0,226.75,236.54166666666666,36.28298099860307,test
2016-12-14 09:00:00,Bear_public_Valorie,Bear,261.0,13.9,12.8,1017.8,2.1,2.0,9,2,0,12,0.7071067811865476,-0.7071067811865475,0.9749279121818236,-0.22252093395631434,247.5,245.75,237.17708333333334,36.583546370414886,test
2016-12-14 10:00:00,Bear_public_Valorie,Bear,267.75,15.0,13.3,1018.0,1.5,2.0,10,2,0,12,0.49999999999999994,-0.8660254037844387,0.9749279121818236,-0.22252093395631434,261.0,254.0,237.75,36.96414243678624,test
2016-12-14 11:00:00,Bear_public_Valorie,Bear,274.25,16.1,13.3,1017.6,4.6,2.0,11,2,0,12,0.258819045102521,-0.9659258262890682,0.9749279121818236,-0.22252093395631434,267.75,259.25,238.375,37.466869422836645,test
2016-12-14 12:00:00,Bear_public_Valorie,Bear,279.0,16.1,13.3,1016.9,5.1,2.0,12,2,0,12,1.2246467991473532e-16,-1.0,0.9749279121818236,-0.22252093395631434,274.25,262.25,239.07291666666666,38.08189681510491,test
2016-12-14 13:00:00,Bear_public_Valorie,Bear,280.25,15.6,13.3,1016.4,3.6,2.0,13,2,0,12,-0.2588190451025208,-0.9659258262890683,0.9749279121818236,-0.22252093395631434,279.0,266.5,239.64583333333334,38.61219653185453,test
2016-12-14 14:00:00,Bear_public_Valorie,Bear,279.5,16.1,12.8,1016.1,3.6,2.0,14,2,0,12,-0.4999999999999997,-0.8660254037844388,0.9749279121818236,-0.22252093395631434,280.25,266.75,240.17708333333334,39.08612836101434,test
2016-12-14 15:00:00,Bear_public_Valorie,Bear,278.0,16.7,12.8,1015.9,5.7,2.0,15,2,0,12,-0.7071067811865471,-0.7071067811865479,0.9749279121818236,-0.22252093395631434,279.5,268.5,240.57291666666666,39.432005261580876,test
2016-12-14 16:00:00,Bear_public_Valorie,Bear,274.25,16.1,12.8,1015.7,5.7,2.0,16,2,0,12,-0.8660254037844385,-0.5000000000000004,0.9749279121818236,-0.22252093395631434,278.0,272.75,240.63541666666666,39.486374862968965,test
2016-12-14 17:00:00,Bear_public_Valorie,Bear,271.75,15.0,12.8,1015.9,4.6,2.0,17,2,0,12,-0.9659258262890683,-0.25881904510252063,0.9749279121818236,-0.22252093395631434,274.25,269.25,240.73958333333334,39.5683557666954,test
2016-12-14 18:00:00,Bear_public_Valorie,Bear,269.5,15.0,13.3,1015.9,2.6,2.0,18,2,0,12,-1.0,-1.8369701987210297e-16,0.9749279121818236,-0.22252093395631434,271.75,254.25,241.375,39.915671979377784,test
2016-12-14 19:00:00,Bear_public_Valorie,Bear,263.75,15.0,13.9,1015.2,5.7,2.0,19,2,0,12,-0.9659258262890684,0.2588190451025203,0.9749279121818236,-0.22252093395631434,269.5,249.0,241.98958333333334,40.15103815639516,test
2016-12-14 20:00:00,Bear_public_Valorie,Bear,265.75,14.4,12.8,1014.7,4.1,2.0,20,2,0,12,-0.8660254037844386,0.5000000000000001,0.9749279121818236,-0.22252093395631434,263.75,252.25,242.55208333333334,40.39485675173043,test
2016-12-14 21:00:00,Bear_public_Valorie,Bear,257.5,14.4,12.8,1015.5,4.1,2.0,21,2,0,12,-0.7071067811865477,0.7071067811865474,0.9749279121818236,-0.22252093395631434,265.75,244.0,243.11458333333334,40.50972636606784,test
2016-12-14 22:00:00,Bear_public_Valorie,Bear,253.0,14.4,12.2,1015.7,6.2,2.0,22,2,0,12,-0.5000000000000004,0.8660254037844384,0.9749279121818236,-0.22252093395631434,257.5,237.5,243.76041666666666,40.539867600132844,test
2016-12-14 23:00:00,Bear_public_Valorie,Bear,254.5,15.0,12.2,1015.7,4.1,2.0,23,2,0,12,-0.25881904510252157,0.9659258262890681,0.9749279121818236,-0.22252093395631434,253.0,235.25,244.5625,40.55459618513295,test
2016-12-15 00:00:00,Bear_public_Valorie,Bear,251.5,15.0,12.2,1015.6,6.2,2.0,0,3,0,12,0.0,1.0,0.43388373911755823,-0.900968867902419,254.5,234.75,245.26041666666666,40.52250308582442,test
2016-12-15 01:00:00,Bear_public_Valorie,Bear,245.75,15.0,12.2,1015.1,7.2,2.0,1,3,0,12,0.25881904510252074,0.9659258262890683,0.43388373911755823,-0.900968867902419,251.5,239.5,245.52083333333334,40.503952884569586,test
2016-12-15 02:00:00,Bear_public_Valorie,Bear,168.75,15.0,12.2,1014.8,6.7,2.0,2,3,0,12,0.49999999999999994,0.8660254037844387,0.43388373911755823,-0.900968867902419,245.75,169.25,245.5,40.54499647466386,test
2016-12-15 03:00:00,Bear_public_Valorie,Bear,149.75,15.0,12.2,1014.4,7.7,2.0,3,3,0,12,0.7071067811865476,0.7071067811865476,0.43388373911755823,-0.900968867902419,168.75,148.5,245.55208333333334,40.41557082408094,test
2016-12-15 04:00:00,Bear_public_Valorie,Bear,157.5,15.0,12.2,1013.5,6.7,2.0,4,3,0,12,0.8660254037844386,0.5000000000000001,0.43388373911755823,-0.900968867902419,149.75,157.0,245.57291666666666,40.368040466726384,test
2016-12-15 05:00:00,Bear_public_Valorie,Bear,174.5,15.0,12.2,1012.5,7.7,2.0,5,3,0,12,0.9659258262890683,0.25881904510252074,0.43388373911755823,-0.900968867902419,157.5,175.5,245.53125,40.44395696382062,test
2016-12-15 06:00:00,Bear_public_Valorie,Bear,229.5,15.0,12.2,1012.3,7.7,2.0,6,3,0,12,1.0,6.123233995736766e-17,0.43388373911755823,-0.900968867902419,174.5,222.75,245.8125,40.30186706755042,test
2016-12-15 07:00:00,Bear_public_Valorie,Bear,246.0,15.0,12.2,1011.7,7.7,2.0,7,3,0,12,0.9659258262890683,-0.25881904510252063,0.43388373911755823,-0.900968867902419,229.5,245.0,245.85416666666666,40.30150746092829,test
2016-12-15 08:00:00,Bear_public_Valorie,Bear,245.0,15.6,12.2,1011.2,9.8,2.0,8,3,0,12,0.8660254037844387,-0.4999999999999998,0.43388373911755823,-0.900968867902419,246.0,247.5,245.75,40.30029938393576,test
2016-12-15 09:00:00,Bear_public_Valorie,Bear,261.5,15.6,12.2,1011.0,9.8,2.0,9,3,0,12,0.7071067811865476,-0.7071067811865475,0.43388373911755823,-0.900968867902419,245.0,261.0,245.77083333333334,40.30865404078609,test
2016-12-15 10:00:00,Bear_public_Valorie,Bear,264.0,15.6,12.8,1011.0,7.2,2.0,10,3,0,12,0.49999999999999994,-0.8660254037844387,0.43388373911755823,-0.900968867902419,261.5,267.75,245.61458333333334,40.2269363550664,test
2016-12-15 11:00:00,Bear_public_Valorie,Bear,269.75,15.6,13.3,1010.5,6.7,2.0,11,3,0,12,0.258819045102521,-0.9659258262890682,0.43388373911755823,-0.900968867902419,264.0,274.25,245.42708333333334,40.09794253413864,test
2016-12-15 12:00:00,Bear_public_Valorie,Bear,269.25,15.0,13.9,1009.2,6.7,2.0,12,3,0,12,1.2246467991473532e-16,-1.0,0.43388373911755823,-0.900968867902419,269.75,279.0,245.02083333333334,39.791229415612015,test
2016-12-15 13:00:00,Bear_public_Valorie,Bear,274.0,15.6,13.9,1008.2,6.2,2.0,13,3,0,12,-0.2588190451025208,-0.9659258262890683,0.43388373911755823,-0.900968867902419,269.25,280.25,244.76041666666666,39.5704846614323,test
2016-12-15 14:00:00,Bear_public_Valorie,Bear,275.0,15.0,13.3,1007.1,6.2,2.0,14,3,0,12,-0.4999999999999997,-0.8660254037844388,0.43388373911755823,-0.900968867902419,274.0,279.5,244.57291666666666,39.409050436931985,test
2016-12-15 15:00:00,Bear_public_Valorie,Bear,270.5,15.0,14.4,1006.1,5.7,2.0,15,3,0,12,-0.7071067811865471,-0.7071067811865479,0.43388373911755823,-0.900968867902419,275.0,278.0,244.26041666666666,39.16141895541475,test
2016-12-15 16:00:00,Bear_public_Valorie,Bear,274.25,15.0,13.9,1005.9,6.7,2.0,16,3,0,12,-0.8660254037844385,-0.5000000000000004,0.43388373911755823,-0.900968867902419,270.5,274.25,244.26041666666666,39.16141895541475,test
2016-12-15 17:00:00,Bear_public_Valorie,Bear,271.5,15.0,14.4,1004.6,9.3,2.0,17,3,0,12,-0.9659258262890683,-0.25881904510252063,0.43388373911755823,-0.900968867902419,274.25,271.75,244.25,39.153821513748866,test
2016-12-15 18:00:00,Bear_public_Valorie,Bear,268.0,15.0,14.4,1004.0,8.8,2.0,18,3,0,12,-1.0,-1.8369701987210297e-16,0.43388373911755823,-0.900968867902419,271.5,269.5,244.1875,39.11293917451914,test
2016-12-15 19:00:00,Bear_public_Valorie,Bear,262.25,15.0,14.4,1003.7,8.2,2.0,19,3,0,12,-0.9659258262890684,0.2588190451025203,0.43388373911755823,-0.900968867902419,268.0,263.75,244.125,39.08150624572768,test
2016-12-15 20:00:00,Bear_public_Valorie,Bear,253.0,15.0,13.9,1003.9,4.6,2.0,20,3,0,12,-0.8660254037844386,0.5000000000000001,0.43388373911755823,-0.900968867902419,262.25,265.75,243.59375,38.86080318851619,test
2016-12-15 21:00:00,Bear_public_Valorie,Bear,238.5,12.8,11.7,1004.5,10.8,2.0,21,3,0,12,-0.7071067811865477,0.7071067811865474,0.43388373911755823,-0.900968867902419,253.0,257.5,242.80208333333334,38.75858805019857,test
2016-12-15 22:00:00,Bear_public_Valorie,Bear,226.5,11.7,10.6,1005.2,10.8,3.887850467289719,22,3,0,12,-0.5000000000000004,0.8660254037844384,0.43388373911755823,-0.900968867902419,238.5,253.0,241.69791666666666,38.83283426702475,test
2016-12-15 23:00:00,Bear_public_Valorie,Bear,225.75,11.7,8.9,1005.7,9.3,3.906542056074766,23,3,0,12,-0.25881904510252157,0.9659258262890681,0.43388373911755823,-0.900968867902419,226.5,254.5,240.5,38.86417261493604,test
2016-12-16 00:00:00,Bear_public_Valorie,Bear,225.75,11.7,7.8,1006.6,8.2,3.9252336448598126,0,4,0,12,0.0,1.0,-0.433883739117558,-0.9009688679024191,225.75,251.5,239.42708333333334,38.902713047133375,test
2016-12-16 01:00:00,Bear_public_Valorie,Bear,223.5,11.1,6.7,1007.3,8.8,3.9439252336448596,1,4,0,12,0.25881904510252074,0.9659258262890683,-0.433883739117558,-0.9009688679024191,225.75,245.75,238.5,39.01045010495737,test
2016-12-16 02:00:00,Bear_public_Valorie,Bear,161.5,10.6,5.0,1007.8,9.8,3.962616822429906,2,4,0,12,0.49999999999999994,0.8660254037844387,-0.433883739117558,-0.9009688679024191,223.5,168.75,238.19791666666666,39.59770381783509,test
2016-12-16 03:00:00,Bear_public_Valorie,Bear,147.75,10.6,5.0,1008.5,9.3,3.981308411214953,3,4,0,12,0.7071067811865476,0.7071067811865476,-0.433883739117558,-0.9009688679024191,161.5,149.75,238.11458333333334,39.793555517049114,test
2016-12-16 04:00:00,Bear_public_Valorie,Bear,159.25,10.6,4.4,1009.1,7.2,4.0,4,4,0,12,0.8660254037844386,0.5000000000000001,-0.433883739117558,-0.9009688679024191,147.75,157.5,238.1875,39.64072688865498,test
2016-12-16 05:00:00,Bear_public_Valorie,Bear,180.0,10.0,3.9,1009.2,8.8,4.0,5,4,0,12,0.9659258262890683,0.25881904510252074,-0.433883739117558,-0.9009688679024191,159.25,174.5,238.41666666666666,39.270706713747416,test
2016-12-16 06:00:00,Bear_public_Valorie,Bear,221.5,10.0,3.3,1009.8,10.8,2.0,6,4,0,12,1.0,6.123233995736766e-17,-0.433883739117558,-0.9009688679024191,180.0,229.5,238.08333333333334,39.383473323394895,test
2016-12-16 07:00:00,Bear_public_Valorie,Bear,222.25,10.0,3.9,1010.8,8.2,2.0,7,4,0,12,0.9659258262890683,-0.25881904510252063,-0.433883739117558,-0.9009688679024191,221.5,246.0,237.09375,39.47418064380898,test
2016-12-16 08:00:00,Bear_public_Valorie,Bear,218.75,10.0,3.3,1011.6,6.2,4.0,8,4,0,12,0.8660254037844387,-0.4999999999999998,-0.433883739117558,-0.9009688679024191,222.25,245.0,236.0,39.60902674896295,test
2016-12-16 09:00:00,Bear_public_Valorie,Bear,231.75,10.6,3.3,1012.5,7.2,2.0,9,4,0,12,0.7071067811865476,-0.7071067811865475,-0.433883739117558,-0.9009688679024191,218.75,261.5,234.76041666666666,39.24009700373306,test
2016-12-16 10:00:00,Bear_public_Valorie,Bear,229.0,11.7,3.3,1013.4,9.3,2.0,10,4,0,12,0.49999999999999994,-0.8660254037844387,-0.433883739117558,-0.9009688679024191,231.75,264.0,233.30208333333334,38.75353975183637,test
2016-12-16 11:00:00,Bear_public_Valorie,Bear,227.0,12.2,3.3,1014.1,10.8,2.0,11,4,0,12,0.258819045102521,-0.9659258262890682,-0.433883739117558,-0.9009688679024191,229.0,269.75,231.52083333333334,37.98018051983033,test
2016-12-16 12:00:00,Bear_public_Valorie,Bear,233.25,12.8,4.4,1013.8,8.8,2.0,12,4,0,12,1.2246467991473532e-16,-1.0,-0.433883739117558,-0.9009688679024191,227.0,269.25,230.02083333333334,37.12661332072619,test
2016-12-16 13:00:00,Bear_public_Valorie,Bear,231.25,12.8,3.9,1013.7,9.3,2.0,13,4,0,12,-0.2588190451025208,-0.9659258262890683,-0.433883739117558,-0.9009688679024191,233.25,274.0,228.23958333333334,35.93112971265434,test
2016-12-16 14:00:00,Bear_public_Valorie,Bear,236.0,13.3,5.0,1013.5,11.3,2.0,14,4,0,12,-0.4999999999999997,-0.8660254037844388,-0.433883739117558,-0.9009688679024191,231.25,275.0,226.61458333333334,34.5809525328578,test
2016-12-16 15:00:00,Bear_public_Valorie,Bear,231.25,12.8,3.9,1014.1,10.8,2.0,15,4,0,12,-0.7071067811865471,-0.7071067811865479,-0.433883739117558,-0.9009688679024191,236.0,270.5,224.97916666666666,33.3204073669801,test
2016-12-16 16:00:00,Bear_public_Valorie,Bear,232.0,12.2,4.4,1014.7,10.8,2.0,16,4,0,12,-0.8660254037844385,-0.5000000000000004,-0.433883739117558,-0.9009688679024191,231.25,274.25,223.21875,31.679810511140847,test
2016-12-16 17:00:00,Bear_public_Valorie,Bear,221.0,11.1,3.3,1015.3,5.7,2.0,17,4,0,12,-0.9659258262890683,-0.25881904510252063,-0.433883739117558,-0.9009688679024191,232.0,271.5,221.11458333333334,29.96419776408133,test
2016-12-16 18:00:00,Bear_public_Valorie,Bear,220.8,10.6,3.3,1016.1,8.2,2.0,18,4,0,12,-1.0,-1.8369701987210297e-16,-0.433883739117558,-0.9009688679024191,221.0,268.0,219.14791666666667,28.253243288879716,test
2016-12-16 19:00:00,Bear_public_Valorie,Bear,214.25,10.0,2.8,1016.9,7.2,2.0,19,4,0,12,-0.9659258262890684,0.2588190451025203,-0.433883739117558,-0.9009688679024191,220.8,262.25,217.14791666666667,26.727166114546037,test
2016-12-16 20:00:00,Bear_public_Valorie,Bear,213.0,10.0,2.2,1017.8,6.7,2.0,20,4,0,12,-0.8660254037844386,0.5000000000000001,-0.433883739117558,-0.9009688679024191,214.25,253.0,215.48125000000002,25.618453829817252,test
2016-12-16 21:00:00,Bear_public_Valorie,Bear,206.25,9.4,1.7,1018.3,5.7,0.0,21,4,0,12,-0.7071067811865477,0.7071067811865474,-0.433883739117558,-0.9009688679024191,213.0,238.5,214.13750000000002,25.20096293018856,test
2016-12-16 22:00:00,Bear_public_Valorie,Bear,119.0,8.9,1.7,1018.8,2.6,0.0,22,4,0,12,-0.5000000000000004,0.8660254037844384,-0.433883739117558,-0.9009688679024191,206.25,226.5,209.65833333333333,31.639160059574913,test
2016-12-16 23:00:00,Bear_public_Valorie,Bear,43.0,7.8,1.1,1019.6,2.6,0.0,23,4,0,12,-0.25881904510252157,0.9659258262890681,-0.433883739117558,-0.9009688679024191,119.0,225.75,202.04375000000002,46.22644244345753,test
2016-12-17 00:00:00,Bear_public_Valorie,Bear,44.5,7.2,1.1,1020.2,3.1,0.0,0,5,1,12,0.0,1.0,-0.9749279121818236,-0.2225209339563146,43.0,225.75,194.49166666666667,55.9648815867104,test
2016-12-17 01:00:00,Bear_public_Valorie,Bear,43.5,6.7,1.1,1020.8,3.1,0.0,1,5,1,12,0.25881904510252074,0.9659258262890683,-0.9749279121818236,-0.2225209339563146,44.5,223.5,186.99166666666667,63.46671956824017,test
2016-12-17 02:00:00,Bear_public_Valorie,Bear,43.75,6.7,1.1,1021.2,4.1,0.0,2,5,1,12,0.49999999999999994,0.8660254037844387,-0.9749279121818236,-0.2225209339563146,43.5,161.5,182.08541666666667,69.76208089108033,test
2016-12-17 03:00:00,Bear_public_Valorie,Bear,43.25,6.1,1.1,1022.3,3.1,0.0,3,5,1,12,0.7071067811865476,0.7071067811865476,-0.9749279121818236,-0.2225209339563146,43.75,147.75,177.73125000000002,75.058395835017,test
2016-12-17 04:00:00,Bear_public_Valorie,Bear,53.25,4.4,0.6,1022.6,0.0,0.0,4,5,1,12,0.8660254037844386,0.5000000000000001,-0.9749279121818236,-0.2225209339563146,43.25,159.25,173.31458333333333,79.19771691807938,test
2016-12-17 05:00:00,Bear_public_Valorie,Bear,70.25,5.0,1.1,1023.1,0.0,0.0,5,5,1,12,0.9659258262890683,0.25881904510252074,-0.9749279121818236,-0.2225209339563146,53.25,180.0,168.74166666666665,81.91674945076686,test
2016-12-17 06:00:00,Bear_public_Valorie,Bear,107.25,2.8,0.6,1023.6,1.5,0.0,6,5,1,12,1.0,6.123233995736766e-17,-0.9749279121818236,-0.2225209339563146,70.25,221.5,163.98125000000002,82.03711886873288,test
2016-12-17 07:00:00,Bear_public_Valorie,Bear,104.75,2.8,0.6,1024.4,0.0,2.0,7,5,1,12,0.9659258262890683,-0.25881904510252063,-0.9749279121818236,-0.2225209339563146,107.25,222.25,159.08541666666667,81.91455712743647,test
2016-12-17 08:00:00,Bear_public_Valorie,Bear,96.5,2.2,0.6,1025.1,1.5,2.0,8,5,1,12,0.8660254037844387,-0.4999999999999998,-0.9749279121818236,-0.2225209339563146,104.75,218.75,153.99166666666667,81.84402937861456,test
2016-12-17 09:00:00,Bear_public_Valorie,Bear,94.25,6.1,2.2,1025.8,2.1,2.0,9,5,1,12,0.7071067811865476,-0.7071067811865475,-0.9749279121818236,-0.2225209339563146,96.5,231.75,148.26250000000002,80.97213322307643,test
2016-12-17 10:00:00,Bear_public_Valorie,Bear,94.5,8.9,1.7,1026.3,2.1,2.0,10,5,1,12,0.49999999999999994,-0.8660254037844387,-0.9749279121818236,-0.2225209339563146,94.25,229.0,142.65833333333333,79.78702311761603,test
2016-12-17 11:00:00,Bear_public_Valorie,Bear,94.25,10.0,-0.6,1026.4,0.0,2.0,11,5,1,12,0.258819045102521,-0.9659258262890682,-0.9749279121818236,-0.2225209339563146,94.5,227.0,137.12708333333333,78.2728963295649,test
2016-12-17 12:00:00,Bear_public_Valorie,Bear,94.25,10.0,-2.8,1025.7,3.1,2.0,12,5,1,12,1.2246467991473532e-16,-1.0,-0.9749279121818236,-0.2225209339563146,94.25,233.25,131.33541666666667,75.9595580028789,test
2016-12-17 13:00:00,Bear_public_Valorie,Bear,93.5,10.6,-3.9,1024.8,2.6,2.0,13,5,1,12,-0.2588190451025208,-0.9659258262890683,-0.9749279121818236,-0.2225209339563146,94.25,231.25,125.59583333333335,73.23714298304382,test
2016-12-17 14:00:00,Bear_public_Valorie,Bear,94.75,10.6,-3.3,1024.5,2.6,2.0,14,5,1,12,-0.4999999999999997,-0.8660254037844388,-0.9749279121818236,-0.2225209339563146,93.5,236.0,119.71041666666667,69.56251173548317,test
2016-12-17 15:00:00,Bear_public_Valorie,Bear,93.25,10.6,-1.1,1024.7,2.1,2.0,15,5,1,12,-0.7071067811865471,-0.7071067811865479,-0.9749279121818236,-0.2225209339563146,94.75,231.25,113.96041666666667,65.52837583024036,test
2016-12-17 16:00:00,Bear_public_Valorie,Bear,93.75,10.6,-1.7,1024.7,1.5,2.0,16,5,1,12,-0.8660254037844385,-0.5000000000000004,-0.9749279121818236,-0.2225209339563146,93.25,232.0,108.2,60.5912911664485,test
2016-12-17 17:00:00,Bear_public_Valorie,Bear,93.5,9.4,0.6,1024.7,2.1,2.0,17,5,1,12,-0.9659258262890683,-0.25881904510252063,-0.9749279121818236,-0.2225209339563146,93.75,221.0,102.8875,55.66003610819132,test
2016-12-17 18:00:00,Bear_public_Valorie,Bear,95.0,8.3,0.6,1024.8,2.1,2.0,18,5,1,12,-1.0,-1.8369701987210297e-16,-0.9749279121818236,-0.2225209339563146,93.5,220.8,97.64583333333333,49.67475283119704,test
2016-12-17 19:00:00,Bear_public_Valorie,Bear,94.25,7.8,0.6,1025.2,1.5,0.0,19,5,1,12,-0.9659258262890684,0.2588190451025203,-0.9749279121818236,-0.2225209339563146,95.0,214.25,92.64583333333333,43.021412557071294,test
2016-12-17 20:00:00,Bear_public_Valorie,Bear,94.75,6.1,1.7,1025.7,0.0,0.0,20,5,1,12,-0.8660254037844386,0.5000000000000001,-0.9749279121818236,-0.2225209339563146,94.25,213.0,87.71875,34.582000258049796,test
2016-12-17 21:00:00,Bear_public_Valorie,Bear,94.25,6.1,0.6,1026.5,0.0,0.0,21,5,1,12,-0.7071067811865477,0.7071067811865474,-0.9749279121818236,-0.2225209339563146,94.75,206.25,83.05208333333333,23.75268625159252,test
2016-12-17 22:00:00,Bear_public_Valorie,Bear,50.75,3.9,0.0,1026.4,1.5,0.0,22,5,1,12,-0.5000000000000004,0.8660254037844384,-0.9749279121818236,-0.2225209339563146,94.25,119.0,80.20833333333333,23.34379941257241,test
2016-12-17 23:00:00,Bear_public_Valorie,Bear,42.75,3.9,0.0,1026.8,0.0,0.0,23,5,1,12,-0.25881904510252157,0.9659258262890681,-0.9749279121818236,-0.2225209339563146,50.75,43.0,80.19791666666667,23.361174028560225,test
2016-12-18 00:00:00,Bear_public_Valorie,Bear,43.5,5.6,0.6,1026.9,0.0,0.0,0,6,1,12,0.0,1.0,-0.7818314824680299,0.6234898018587334,42.75,44.5,80.15625,23.42840765664645,test
2016-12-18 01:00:00,Bear_public_Valorie,Bear,43.0,2.8,0.6,1026.5,0.0,0.0,1,6,1,12,0.25881904510252074,0.9659258262890683,-0.7818314824680299,0.6234898018587334,43.5,43.5,80.13541666666667,23.462618182817465,test
2016-12-18 02:00:00,Bear_public_Valorie,Bear,43.5,3.3,0.6,1026.8,0.0,2.0,2,6,1,12,0.49999999999999994,0.8660254037844387,-0.7818314824680299,0.6234898018587334,43.0,43.75,80.125,23.479523919325622,test
2016-12-18 03:00:00,Bear_public_Valorie,Bear,43.0,4.4,0.6,1026.8,2.6,0.0,3,6,1,12,0.7071067811865476,0.7071067811865476,-0.7818314824680299,0.6234898018587334,43.5,43.25,80.11458333333333,23.496643974824007,test
2016-12-18 04:00:00,Bear_public_Valorie,Bear,53.25,5.6,-3.9,1027.0,0.0,0.0,4,6,1,12,0.8660254037844386,0.5000000000000001,-0.7818314824680299,0.6234898018587334,43.0,53.25,80.11458333333333,23.496643974824007,test
2016-12-18 05:00:00,Bear_public_Valorie,Bear,64.0,5.0,-5.6,1027.2,2.6,0.0,5,6,1,12,0.9659258262890683,0.25881904510252074,-0.7818314824680299,0.6234898018587334,53.25,70.25,79.85416666666667,23.644895196225814,test
2016-12-18 06:00:00,Bear_public_Valorie,Bear,60.5,4.4,-5.0,1027.6,3.1,0.0,6,6,1,12,1.0,6.123233995736766e-17,-0.7818314824680299,0.6234898018587334,64.0,107.25,77.90625,23.21155218616854,test
2016-12-18 07:00:00,Bear_public_Valorie,Bear,59.25,3.3,-5.0,1027.8,3.1,0.0,7,6,1,12,0.9659258262890683,-0.25881904510252063,-0.7818314824680299,0.6234898018587334,60.5,104.75,76.01041666666667,22.777811376932334,test
2016-12-18 08:00:00,Bear_public_Valorie,Bear,58.75,3.9,-3.3,1028.1,3.6,0.0,8,6,1,12,0.8660254037844387,-0.4999999999999998,-0.7818314824680299,0.6234898018587334,59.25,96.5,74.4375,22.604137029966076,test
2016-12-18 09:00:00,Bear_public_Valorie,Bear,59.0,6.7,-2.8,1028.7,0.0,0.0,9,6,1,12,0.7071067811865476,-0.7071067811865475,-0.7818314824680299,0.6234898018587334,58.75,94.25,72.96875,22.405151836224295,test
2016-12-18 10:00:00,Bear_public_Valorie,Bear,58.75,8.9,-4.4,1029.2,3.6,0.0,10,6,1,12,0.49999999999999994,-0.8660254037844387,-0.7818314824680299,0.6234898018587334,59.0,94.5,71.47916666666667,22.09772227425399,test
2016-12-18 11:00:00,Bear_public_Valorie,Bear,58.25,9.4,-2.2,1029.1,0.0,0.0,11,6,1,12,0.258819045102521,-0.9659258262890682,-0.7818314824680299,0.6234898018587334,58.75,94.25,69.97916666666667,21.70315002515551,test
2016-12-18 12:00:00,Bear_public_Valorie,Bear,94.5,11.7,-5.0,1028.0,4.1,0.0,12,6,1,12,1.2246467991473532e-16,-1.0,-0.7818314824680299,0.6234898018587334,58.25,94.25,69.98958333333333,21.715362119768308,test
2016-12-18 13:00:00,Bear_public_Valorie,Bear,92.75,12.2,-4.4,1026.9,4.1,2.0,13,6,1,12,-0.2588190451025208,-0.9659258262890683,-0.7818314824680299,0.6234898018587334,94.5,93.5,69.95833333333333,21.680569675384227,test
2016-12-18 14:00:00,Bear_public_Valorie,Bear,94.25,12.2,-4.4,1026.4,2.6,2.0,14,6,1,12,-0.4999999999999997,-0.8660254037844388,-0.7818314824680299,0.6234898018587334,92.75,94.75,69.9375,21.65593728207422,test
2016-12-18 15:00:00,Bear_public_Valorie,Bear,92.5,11.7,-1.1,1026.2,0.0,2.0,15,6,1,12,-0.7071067811865471,-0.7071067811865479,-0.7818314824680299,0.6234898018587334,94.25,93.25,69.90625,21.621347706152584,test
2016-12-18 16:00:00,Bear_public_Valorie,Bear,94.0,12.2,-3.9,1026.0,3.6,2.0,16,6,1,12,-0.8660254037844385,-0.5000000000000004,-0.7818314824680299,0.6234898018587334,92.5,93.75,69.91666666666667,21.63339139359154,test
2016-12-18 17:00:00,Bear_public_Valorie,Bear,92.75,9.4,-2.8,1026.9,4.1,2.0,17,6,1,12,-0.9659258262890683,-0.25881904510252063,-0.7818314824680299,0.6234898018587334,94.0,93.5,69.88541666666667,21.598356817361353,test
2016-12-18 18:00:00,Bear_public_Valorie,Bear,94.0,8.3,-2.2,1027.5,1.5,2.0,18,6,1,12,-1.0,-1.8369701987210297e-16,-0.7818314824680299,0.6234898018587334,92.75,95.0,69.84375,21.548707781793603,test
2016-12-18 19:00:00,Bear_public_Valorie,Bear,93.25,9.4,-3.3,1028.5,0.0,0.0,19,6,1,12,-0.9659258262890684,0.2588190451025203,-0.7818314824680299,0.6234898018587334,94.0,94.25,69.80208333333333,21.50037653444942,test
2016-12-18 20:00:00,Bear_public_Valorie,Bear,94.5,5.6,-0.6,1028.7,0.0,0.0,20,6,1,12,-0.8660254037844386,0.5000000000000001,-0.7818314824680299,0.6234898018587334,93.25,94.75,69.79166666666667,21.487820952234248,test
2016-12-18 21:00:00,Bear_public_Valorie,Bear,93.5,5.6,-1.1,1029.4,0.0,0.0,21,6,1,12,-0.7071067811865477,0.7071067811865474,-0.7818314824680299,0.6234898018587334,94.5,94.25,69.76041666666667,21.451218568641384,test
2016-12-18 22:00:00,Bear_public_Valorie,Bear,94.5,4.4,-1.1,1029.4,1.5,0.0,22,6,1,12,-0.5000000000000004,0.8660254037844384,-0.7818314824680299,0.6234898018587334,93.5,50.75,71.58333333333333,21.623717185707285,test
2016-12-18 23:00:00,Bear_public_Valorie,Bear,94.25,3.9,-0.6,1029.5,2.1,0.0,23,6,1,12,-0.25881904510252157,0.9659258262890681,-0.7818314824680299,0.6234898018587334,94.5,42.75,73.72916666666667,21.18896819546256,test
2016-12-19 00:00:00,Bear_public_Valorie,Bear,94.75,3.9,-0.6,1029.3,2.1,0.0,0,0,0,12,0.0,1.0,0.0,1.0,94.25,43.5,75.86458333333333,20.583865986475796,test
2016-12-19 01:00:00,Bear_public_Valorie,Bear,97.0,5.6,-1.1,1029.2,0.0,0.0,1,0,0,12,0.25881904510252074,0.9659258262890683,0.0,1.0,94.75,43.0,78.11458333333333,19.77055605629958,test
2016-12-19 02:00:00,Bear_public_Valorie,Bear,51.0,2.8,-1.7,1029.3,0.0,0.0,2,0,0,12,0.49999999999999994,0.8660254037844387,0.0,1.0,97.0,43.5,78.42708333333333,19.25211439074718,test
2016-12-19 03:00:00,Bear_public_Valorie,Bear,46.5,2.2,-1.7,1029.2,2.1,0.0,3,0,0,12,0.7071067811865476,0.7071067811865476,0.0,1.0,51.0,43.0,78.57291666666667,18.983470951961866,test
2016-12-19 04:00:00,Bear_public_Valorie,Bear,56.0,1.1,-2.2,1029.2,1.5,0.0,4,0,0,12,0.8660254037844386,0.5000000000000001,0.0,1.0,46.5,53.25,78.6875,18.831669959888927,test
2016-12-19 05:00:00,Bear_public_Valorie,Bear,69.75,1.1,-1.1,1029.4,1.5,0.0,5,0,0,12,0.9659258262890683,0.25881904510252074,0.0,1.0,56.0,64.0,78.92708333333333,18.672590812333727,test
2016-12-19 06:00:00,Bear_public_Valorie,Bear,110.5,1.1,-1.1,1029.5,0.0,0.0,6,0,0,12,1.0,6.123233995736766e-17,0.0,1.0,69.75,60.5,81.01041666666667,19.305816757866783,test
2016-12-19 07:00:00,Bear_public_Valorie,Bear,109.25,1.7,-1.7,1030.0,1.5,2.0,7,0,0,12,0.9659258262890683,-0.25881904510252063,0.0,1.0,110.5,59.25,83.09375,19.5517446819618,test
2016-12-19 08:00:00,Bear_public_Valorie,Bear,153.75,3.3,-0.6,1030.7,3.6,2.0,8,0,0,12,0.8660254037844387,-0.4999999999999998,0.0,1.0,109.25,58.75,87.05208333333333,23.60533506004587,test
2016-12-19 09:00:00,Bear_public_Valorie,Bear,213.5,6.1,0.6,1031.0,3.6,2.0,9,0,0,12,0.7071067811865476,-0.7071067811865475,0.0,1.0,153.75,59.0,93.48958333333333,34.27728040543311,test
2016-12-19 10:00:00,Bear_public_Valorie,Bear,214.25,8.3,1.7,1031.6,2.1,2.0,10,0,0,12,0.49999999999999994,-0.8660254037844387,0.0,1.0,213.5,58.75,99.96875,41.384813462501285,test
2016-12-19 11:00:00,Bear_public_Valorie,Bear,214.5,9.4,1.7,1031.2,0.0,2.0,11,0,0,12,0.258819045102521,-0.9659258262890682,0.0,1.0,214.25,58.25,106.47916666666667,46.509402781603164,test
2016-12-19 12:00:00,Bear_public_Valorie,Bear,215.75,12.2,-1.1,1029.6,3.6,2.0,12,0,0,12,1.2246467991473532e-16,-1.0,0.0,1.0,214.5,94.5,111.53125,51.472201895146604,test
2016-12-19 13:00:00,Bear_public_Valorie,Bear,214.75,11.7,2.2,1028.4,4.1,2.0,13,0,0,12,-0.2588190451025208,-0.9659258262890683,0.0,1.0,215.75,92.75,116.61458333333333,55.41037510596742,test
2016-12-19 14:00:00,Bear_public_Valorie,Bear,215.5,12.2,1.1,1028.0,5.7,4.0,14,0,0,12,-0.4999999999999997,-0.8660254037844388,0.0,1.0,214.75,94.25,121.66666666666667,58.711789917888545,test
2016-12-19 15:00:00,Bear_public_Valorie,Bear,216.5,13.9,2.8,1027.7,4.1,4.0,15,0,0,12,-0.7071067811865471,-0.7071067811865479,0.0,1.0,215.5,92.5,126.83333333333333,61.426770942364875,test
2016-12-19 16:00:00,Bear_public_Valorie,Bear,216.25,12.8,0.0,1027.6,4.1,3.5,16,0,0,12,-0.8660254037844385,-0.5000000000000004,0.0,1.0,216.5,94.0,131.92708333333334,63.61545816238467,test
2016-12-19 17:00:00,Bear_public_Valorie,Bear,163.0,10.0,0.6,1027.1,2.6,3.0,17,0,0,12,-0.9659258262890683,-0.25881904510252063,0.0,1.0,216.25,92.75,134.85416666666666,63.350084788842985,test
2016-12-19 18:00:00,Bear_public_Valorie,Bear,97.75,9.4,1.7,1027.8,3.1,2.5,18,0,0,12,-1.0,-1.8369701987210297e-16,0.0,1.0,163.0,94.0,135.01041666666666,63.24948355033446,test
2016-12-19 19:00:00,Bear_public_Valorie,Bear,96.75,8.3,0.6,1027.6,2.1,2.0,19,0,0,12,-0.9659258262890684,0.2588190451025203,0.0,1.0,97.75,93.25,135.15625,63.152972170925665,test
2016-12-19 20:00:00,Bear_public_Valorie,Bear,95.25,9.4,-0.6,1027.6,1.5,1.5,20,0,0,12,-0.8660254037844386,0.5000000000000001,0.0,1.0,96.75,94.5,135.1875,63.13216166864947,test
2016-12-19 21:00:00,Bear_public_Valorie,Bear,95.0,8.3,1.1,1027.7,2.1,1.0,21,0,0,12,-0.7071067811865477,0.7071067811865474,0.0,1.0,95.25,93.5,135.25,63.089825542289255,test
2016-12-19 22:00:00,Bear_public_Valorie,Bear,95.0,7.2,0.6,1027.8,0.0,0.5,22,0,0,12,-0.5000000000000004,0.8660254037844384,0.0,1.0,95.0,94.5,135.27083333333334,63.07586515056869,test
2016-12-19 23:00:00,Bear_public_Valorie,Bear,95.0,6.7,0.6,1027.9,1.5,0.0,23,0,0,12,-0.25881904510252157,0.9659258262890681,0.0,1.0,95.0,94.25,135.30208333333334,63.05484065679332,test
2016-12-20 00:00:00,Bear_public_Valorie,Bear,95.5,6.7,0.0,1027.8,0.0,0.0,0,1,0,12,0.0,1.0,0.7818314824680298,0.6234898018587336,95.0,94.75,135.33333333333334,63.03405164406488,test
2016-12-20 01:00:00,Bear_public_Valorie,Bear,94.25,4.4,0.0,1027.5,1.5,0.0,1,1,0,12,0.25881904510252074,0.9659258262890683,0.7818314824680298,0.6234898018587336,95.5,97.0,135.21875,63.1092183242668,test
2016-12-20 02:00:00,Bear_public_Valorie,Bear,50.0,5.6,0.0,1027.7,0.0,0.0,2,1,0,12,0.49999999999999994,0.8660254037844387,0.7818314824680298,0.6234898018587336,94.25,51.0,135.17708333333334,63.167542881861856,test
2016-12-20 03:00:00,Bear_public_Valorie,Bear,43.0,5.0,-0.6,1027.8,0.0,0.0,3,1,0,12,0.7071067811865476,0.7071067811865476,0.7818314824680298,0.6234898018587336,50.0,46.5,135.03125,63.38483705062872,test
2016-12-20 04:00:00,Bear_public_Valorie,Bear,55.75,3.3,-0.6,1027.3,2.1,0.0,4,1,0,12,0.8660254037844386,0.5000000000000001,0.7818314824680298,0.6234898018587336,43.0,56.0,135.02083333333334,63.39840883455669,test
2016-12-20 05:00:00,Bear_public_Valorie,Bear,65.5,4.4,0.0,1027.1,0.0,0.0,5,1,0,12,0.9659258262890683,0.25881904510252074,0.7818314824680298,0.6234898018587336,55.75,69.75,134.84375,63.59428179192219,test
2016-12-20 06:00:00,Bear_public_Valorie,Bear,102.5,3.3,0.0,1027.2,0.0,0.0,6,1,0,12,1.0,6.123233995736766e-17,0.7818314824680298,0.6234898018587336,65.5,110.5,134.51041666666666,63.74820880546974,test
2016-12-20 07:00:00,Bear_public_Valorie,Bear,101.0,3.9,0.6,1027.5,2.1,0.0,7,1,0,12,0.9659258262890683,-0.25881904510252063,0.7818314824680298,0.6234898018587336,102.5,109.25,134.16666666666666,63.912374910236586,test
2016-12-20 08:00:00,Bear_public_Valorie,Bear,143.5,6.1,1.7,1027.5,1.5,0.0,8,1,0,12,0.8660254037844387,-0.4999999999999998,0.7818314824680298,0.6234898018587336,101.0,153.75,133.73958333333334,63.8099879383187,test
2016-12-20 09:00:00,Bear_public_Valorie,Bear,211.5,8.3,3.3,1027.7,2.6,0.0,9,1,0,12,0.7071067811865476,-0.7071067811865475,0.7818314824680298,0.6234898018587336,143.5,213.5,133.65625,63.702510551338946,test
2016-12-20 10:00:00,Bear_public_Valorie,Bear,212.25,10.0,3.3,1027.8,2.1,0.0,10,1,0,12,0.49999999999999994,-0.8660254037844387,0.7818314824680298,0.6234898018587336,211.5,214.25,133.57291666666666,63.59371205443421,test
2016-12-20 11:00:00,Bear_public_Valorie,Bear,211.25,10.0,4.4,1027.0,3.6,0.0,11,1,0,12,0.258819045102521,-0.9659258262890682,0.7818314824680298,0.6234898018587336,212.25,214.5,133.4375,63.41710825609434,test
2016-12-20 12:00:00,Bear_public_Valorie,Bear,215.5,10.0,5.6,1025.7,2.1,0.0,12,1,0,12,1.2246467991473532e-16,-1.0,0.7818314824680298,0.6234898018587336,211.25,215.75,133.42708333333334,63.40301902557908,test
2016-12-20 13:00:00,Bear_public_Valorie,Bear,216.0,11.1,3.9,1024.9,2.6,2.0,13,1,0,12,-0.2588190451025208,-0.9659258262890683,0.7818314824680298,0.6234898018587336,215.5,214.75,133.47916666666666,63.47320200831511,test
2016-12-20 14:00:00,Bear_public_Valorie,Bear,218.5,12.2,5.6,1023.8,2.1,2.0,14,1,0,12,-0.4999999999999997,-0.8660254037844388,0.7818314824680298,0.6234898018587336,216.0,215.5,133.60416666666666,63.64447432667515,test
2016-12-20 15:00:00,Bear_public_Valorie,Bear,218.25,12.2,4.4,1023.2,2.6,2.0,15,1,0,12,-0.7071067811865471,-0.7071067811865479,0.7818314824680298,0.6234898018587336,218.5,216.5,133.67708333333334,63.74450015349412,test
2016-12-20 16:00:00,Bear_public_Valorie,Bear,222.5,12.2,5.6,1023.1,1.5,0.0,16,1,0,12,-0.8660254037844385,-0.5000000000000004,0.7818314824680298,0.6234898018587336,218.25,216.25,133.9375,64.10823261586928,test
2016-12-20 17:00:00,Bear_public_Valorie,Bear,162.25,11.7,6.7,1022.7,2.1,0.0,17,1,0,12,-0.9659258262890683,-0.25881904510252063,0.7818314824680298,0.6234898018587336,222.5,163.0,133.90625,64.09363108917785,test
2016-12-20 18:00:00,Bear_public_Valorie,Bear,101.0,11.7,3.3,1023.1,2.1,0.0,18,1,0,12,-1.0,-1.8369701987210297e-16,0.7818314824680298,0.6234898018587336,162.25,97.75,134.04166666666666,64.01730687642302,test
2016-12-20 19:00:00,Bear_public_Valorie,Bear,99.5,11.7,0.6,1023.3,3.1,0.0,19,1,0,12,-0.9659258262890684,0.2588190451025203,0.7818314824680298,0.6234898018587336,101.0,96.75,134.15625,63.950082966427935,test
2016-12-20 20:00:00,Bear_public_Valorie,Bear,98.0,12.2,0.0,1022.8,3.6,0.0,20,1,0,12,-0.8660254037844386,0.5000000000000001,0.7818314824680298,0.6234898018587336,99.5,95.25,134.27083333333334,63.87976633568272,test
2016-12-20 21:00:00,Bear_public_Valorie,Bear,96.5,10.6,1.7,1022.7,2.1,0.0,21,1,0,12,-0.7071067811865477,0.7071067811865474,0.7818314824680298,0.6234898018587336,98.0,95.0,134.33333333333334,63.84039484912923,test
2016-12-20 22:00:00,Bear_public_Valorie,Bear,96.5,8.9,1.7,1022.4,1.5,0.0,22,1,0,12,-0.5000000000000004,0.8660254037844384,0.7818314824680298,0.6234898018587336,96.5,95.0,134.39583333333334,63.80093517896206,test
2016-12-20 23:00:00,Bear_public_Valorie,Bear,102.75,10.0,1.7,1021.9,3.1,0.1111111111111111,23,1,0,12,-0.25881904510252157,0.9659258262890681,0.7818314824680298,0.6234898018587336,96.5,95.0,134.71875,63.61220455175843,test
2016-12-21 00:00:00,Bear_public_Valorie,Bear,106.75,8.9,1.1,1021.7,1.5,0.2222222222222222,0,2,0,12,0.0,1.0,0.9749279121818236,-0.22252093395631434,102.75,95.5,135.1875,63.35155749432286,test
2016-12-21 01:00:00,Bear_public_Valorie,Bear,108.5,7.2,2.2,1021.6,1.5,0.3333333333333333,1,2,0,12,0.25881904510252074,0.9659258262890683,0.9749279121818236,-0.22252093395631434,106.75,94.25,135.78125,63.01709190594709,test
2016-12-21 02:00:00,Bear_public_Valorie,Bear,62.5,8.9,4.4,1020.8,1.5,0.4444444444444444,2,2,0,12,0.49999999999999994,0.8660254037844387,0.9749279121818236,-0.22252093395631434,108.5,50.0,136.30208333333334,62.32514580663903,test
2016-12-21 03:00:00,Bear_public_Valorie,Bear,55.0,8.3,5.6,1020.8,2.1,0.5555555555555556,3,2,0,12,0.7071067811865476,0.7071067811865476,0.9749279121818236,-0.22252093395631434,62.5,43.0,136.80208333333334,61.58786490995317,test
2016-12-21 04:00:00,Bear_public_Valorie,Bear,63.75,8.3,5.0,1020.0,1.5,0.6666666666666666,4,2,0,12,0.8660254037844386,0.5000000000000001,0.9749279121818236,-0.22252093395631434,55.0,55.75,137.13541666666666,61.150206155517516,test
2016-12-21 05:00:00,Bear_public_Valorie,Bear,71.5,8.3,5.6,1020.3,2.1,2.0,5,2,0,12,0.9659258262890683,0.25881904510252074,0.9749279121818236,-0.22252093395631434,63.75,65.5,137.38541666666666,60.85616413201126,test
2016-12-21 06:00:00,Bear_public_Valorie,Bear,105.25,7.2,5.0,1020.3,1.5,2.0,6,2,0,12,1.0,6.123233995736766e-17,0.9749279121818236,-0.22252093395631434,71.5,102.5,137.5,60.79017726716946,test
2016-12-21 07:00:00,Bear_public_Valorie,Bear,106.25,6.7,5.0,1020.4,0.0,2.0,7,2,0,12,0.9659258262890683,-0.25881904510252063,0.9749279121818236,-0.22252093395631434,105.25,101.0,137.71875,60.66243521484797,test
2016-12-21 08:00:00,Bear_public_Valorie,Bear,148.5,7.8,5.0,1020.4,1.5,2.0,8,2,0,12,0.8660254037844387,-0.4999999999999998,0.9749279121818236,-0.22252093395631434,106.25,143.5,137.92708333333334,60.691731725324956,test
2016-12-21 09:00:00,Bear_public_Valorie,Bear,214.25,10.6,7.8,1020.5,1.5,2.0,9,2,0,12,0.7071067811865476,-0.7071067811865475,0.9749279121818236,-0.22252093395631434,148.5,211.5,138.04166666666666,60.83909045618785,test
2016-12-21 10:00:00,Bear_public_Valorie,Bear,217.0,13.3,7.8,1020.7,2.6,1.3333333333333333,10,2,0,12,0.49999999999999994,-0.8660254037844387,0.9749279121818236,-0.22252093395631434,214.25,212.25,138.23958333333334,61.098169365528584,test
2016-12-21 11:00:00,Bear_public_Valorie,Bear,216.5,17.2,3.3,1020.1,5.7,1.4444444444444444,11,2,0,12,0.258819045102521,-0.9659258262890682,0.9749279121818236,-0.22252093395631434,217.0,211.25,138.45833333333334,61.37968377004007,test
2016-12-21 12:00:00,Bear_public_Valorie,Bear,223.25,18.3,2.8,1019.2,4.6,1.5555555555555554,12,2,0,12,1.2246467991473532e-16,-1.0,0.9749279121818236,-0.22252093395631434,216.5,215.5,138.78125,61.82141674156908,test
2016-12-21 13:00:00,Bear_public_Valorie,Bear,225.25,18.3,2.8,1018.1,4.6,1.6666666666666665,13,2,0,12,-0.2588190451025208,-0.9659258262890683,0.9749279121818236,-0.22252093395631434,223.25,216.0,139.16666666666666,62.35032803279448,test
2016-12-21 14:00:00,Bear_public_Valorie,Bear,229.5,18.9,3.3,1017.2,5.7,1.7777777777777777,14,2,0,12,-0.4999999999999997,-0.8660254037844388,0.9749279121818236,-0.22252093395631434,225.25,218.5,139.625,62.995945349163215,test
2016-12-21 15:00:00,Bear_public_Valorie,Bear,225.75,18.3,3.3,1017.3,5.1,1.8888888888888888,15,2,0,12,-0.7071067811865471,-0.7071067811865479,0.9749279121818236,-0.22252093395631434,229.5,218.25,139.9375,63.420107650080524,test
2016-12-21 16:00:00,Bear_public_Valorie,Bear,218.0,17.2,3.9,1016.9,6.2,2.0,16,2,0,12,-0.8660254037844385,-0.5000000000000004,0.9749279121818236,-0.22252093395631434,225.75,222.5,139.75,63.171565906904746,test
2016-12-21 17:00:00,Bear_public_Valorie,Bear,163.75,15.0,3.9,1016.8,4.1,2.0,17,2,0,12,-0.9659258262890683,-0.25881904510252063,0.9749279121818236,-0.22252093395631434,218.0,162.25,139.8125,63.19553205519443,test
2016-12-21 18:00:00,Bear_public_Valorie,Bear,99.25,13.9,3.3,1016.9,3.6,0.0,18,2,0,12,-1.0,-1.8369701987210297e-16,0.9749279121818236,-0.22252093395631434,163.75,101.0,139.73958333333334,63.243253599935635,test
2016-12-21 19:00:00,Bear_public_Valorie,Bear,97.0,13.9,4.4,1017.4,2.1,0.0,19,2,0,12,-0.9659258262890684,0.2588190451025203,0.9749279121818236,-0.22252093395631434,99.25,99.5,139.63541666666666,63.31443183097898,test
2016-12-21 20:00:00,Bear_public_Valorie,Bear,97.75,11.7,7.8,1017.6,1.5,0.0,20,2,0,12,-0.8660254037844386,0.5000000000000001,0.9749279121818236,-0.22252093395631434,97.0,98.0,139.625,63.321599790276736,test
2016-12-21 21:00:00,Bear_public_Valorie,Bear,95.5,11.7,7.2,1017.6,0.0,0.0,21,2,0,12,-0.7071067811865477,0.7071067811865474,0.9749279121818236,-0.22252093395631434,97.75,96.5,139.58333333333334,63.351532472913725,test
2016-12-21 22:00:00,Bear_public_Valorie,Bear,95.5,7.2,4.4,1017.8,1.5,0.0,22,2,0,12,-0.5000000000000004,0.8660254037844384,0.9749279121818236,-0.22252093395631434,95.5,96.5,139.54166666666666,63.381422437058816,test
2016-12-21 23:00:00,Bear_public_Valorie,Bear,115.75,8.3,6.7,1017.4,0.0,0.0,23,2,0,12,-0.25881904510252157,0.9659258262890681,0.9749279121818236,-0.22252093395631434,95.5,102.75,140.08333333333334,63.10828627923139,test
2016-12-22 00:00:00,Bear_public_Valorie,Bear,128.25,6.7,5.0,1016.8,0.0,0.0,0,3,0,12,0.0,1.0,0.43388373911755823,-0.900968867902419,115.75,106.75,140.97916666666666,62.76621203472759,test
2016-12-22 01:00:00,Bear_public_Valorie,Bear,127.5,7.8,5.0,1016.4,1.5,0.0,1,3,0,12,0.25881904510252074,0.9659258262890683,0.43388373911755823,-0.900968867902419,128.25,108.5,141.77083333333334,62.4578082225993,test
2016-12-22 02:00:00,Bear_public_Valorie,Bear,74.6,7.8,7.2,1016.5,0.0,0.0,2,3,0,12,0.49999999999999994,0.8660254037844387,0.43388373911755823,-0.900968867902419,127.5,62.5,142.275,61.83584334137531,test
2016-12-22 03:00:00,Bear_public_Valorie,Bear,75.75,8.9,6.7,1016.2,3.1,0.0,3,3,0,12,0.7071067811865476,0.7071067811865476,0.43388373911755823,-0.900968867902419,74.6,55.0,143.13958333333332,60.69709358267525,test
2016-12-22 04:00:00,Bear_public_Valorie,Bear,86.25,8.3,7.2,1015.9,1.5,0.0,4,3,0,12,0.8660254037844386,0.5000000000000001,0.43388373911755823,-0.900968867902419,75.75,63.75,144.07708333333332,59.58106640311051,test
2016-12-22 05:00:00,Bear_public_Valorie,Bear,99.5,8.3,5.6,1016.0,0.0,0.0,5,3,0,12,0.9659258262890683,0.25881904510252074,0.43388373911755823,-0.900968867902419,86.25,71.5,145.24375,58.35975257066017,test
2016-12-22 06:00:00,Bear_public_Valorie,Bear,138.0,8.3,5.6,1015.9,2.6,0.0,6,3,0,12,1.0,6.123233995736766e-17,0.43388373911755823,-0.900968867902419,99.5,105.25,146.60833333333332,57.76379125118197,test
2016-12-22 07:00:00,Bear_public_Valorie,Bear,130.75,5.6,3.3,1016.3,0.0,0.0,7,3,0,12,0.9659258262890683,-0.25881904510252063,0.43388373911755823,-0.900968867902419,138.0,106.25,147.62916666666666,57.23360201206407,test
2016-12-22 08:00:00,Bear_public_Valorie,Bear,162.25,5.6,4.4,1016.5,0.0,0.0,8,3,0,12,0.8660254037844387,-0.4999999999999998,0.43388373911755823,-0.900968867902419,130.75,148.5,148.20208333333332,57.31146497176745,test
2016-12-22 09:00:00,Bear_public_Valorie,Bear,212.25,9.4,6.7,1017.0,0.0,0.0,9,3,0,12,0.7071067811865476,-0.7071067811865475,0.43388373911755823,-0.900968867902419,162.25,214.25,148.11875,57.21262176892347,test
2016-12-22 10:00:00,Bear_public_Valorie,Bear,213.25,11.1,6.1,1017.4,0.0,0.0,10,3,0,12,0.49999999999999994,-0.8660254037844387,0.43388373911755823,-0.900968867902419,212.25,217.0,147.9625,57.02112547117938,test
2016-12-22 11:00:00,Bear_public_Valorie,Bear,222.0,11.7,4.4,1017.1,1.5,0.0,11,3,0,12,0.258819045102521,-0.9659258262890682,0.43388373911755823,-0.900968867902419,213.25,216.5,148.19166666666666,57.31882736949941,test
2016-12-22 12:00:00,Bear_public_Valorie,Bear,222.25,17.8,5.0,1015.9,2.6,2.0,12,3,0,12,1.2246467991473532e-16,-1.0,0.43388373911755823,-0.900968867902419,222.0,223.25,148.15,57.26222861613874,test
2016-12-22 13:00:00,Bear_public_Valorie,Bear,224.0,12.8,6.7,1015.6,3.6,2.0,13,3,0,12,-0.2588190451025208,-0.9659258262890683,0.43388373911755823,-0.900968867902419,222.25,225.25,148.09791666666666,57.18957505936721,test
2016-12-22 14:00:00,Bear_public_Valorie,Bear,232.5,16.1,0.0,1015.0,0.0,2.0,14,3,0,12,-0.4999999999999997,-0.8660254037844388,0.43388373911755823,-0.900968867902419,224.0,229.5,148.22291666666666,57.378199880773124,test
2016-12-22 15:00:00,Bear_public_Valorie,Bear,222.25,16.1,0.0,1014.8,1.5,2.0,15,3,0,12,-0.7071067811865471,-0.7071067811865479,0.43388373911755823,-0.900968867902419,232.5,225.75,148.07708333333332,57.17668265079094,test
2016-12-22 16:00:00,Bear_public_Valorie,Bear,220.75,13.9,6.1,1014.8,1.5,2.0,16,3,0,12,-0.8660254037844385,-0.5000000000000004,0.43388373911755823,-0.900968867902419,222.25,218.0,148.19166666666666,57.325464154943326,test
2016-12-22 17:00:00,Bear_public_Valorie,Bear,159.5,12.8,5.0,1014.9,0.0,2.0,17,3,0,12,-0.9659258262890683,-0.25881904510252063,0.43388373911755823,-0.900968867902419,220.75,163.75,148.01458333333332,57.281861229413444,test
2016-12-22 18:00:00,Bear_public_Valorie,Bear,112.2,10.0,5.0,1015.6,1.5,2.0,18,3,0,12,-1.0,-1.8369701987210297e-16,0.43388373911755823,-0.900968867902419,159.5,99.25,148.55416666666667,56.861991425209176,test
2016-12-22 19:00:00,Bear_public_Valorie,Bear,119.25,10.0,8.3,1015.8,3.1,2.0,19,3,0,12,-0.9659258262890684,0.2588190451025203,0.43388373911755823,-0.900968867902419,112.2,97.0,149.48125000000002,56.16197617547628,test
2016-12-22 20:00:00,Bear_public_Valorie,Bear,110.5,9.4,7.8,1016.3,2.6,2.0,20,3,0,12,-0.8660254037844386,0.5000000000000001,0.43388373911755823,-0.900968867902419,119.25,97.75,150.01250000000002,55.70984467289641,test
2016-12-22 21:00:00,Bear_public_Valorie,Bear,107.7219,8.9,7.2,1015.9,1.5,2.0,21,3,0,12,-0.7071067811865477,0.7071067811865474,0.43388373911755823,-0.900968867902419,110.5,95.5,150.52174583333334,55.24378953505886,test
2016-12-22 22:00:00,Bear_public_Valorie,Bear,99.5029,7.8,7.2,1016.0,0.0,4.0,22,3,0,12,-0.5000000000000004,0.8660254037844384,0.43388373911755823,-0.900968867902419,107.7219,95.5,150.68853333333334,55.07623845432761,test
2016-12-22 23:00:00,Bear_public_Valorie,Bear,98.75,8.3,6.7,1015.7,0.0,4.0,23,3,0,12,-0.25881904510252157,0.9659258262890681,0.43388373911755823,-0.900968867902419,99.5029,115.75,149.9802,55.651432826220095,test
2016-12-23 00:00:00,Bear_public_Valorie,Bear,97.0,8.3,5.0,1014.8,1.5,4.0,0,4,0,12,0.0,1.0,-0.433883739117558,-0.9009688679024191,98.75,128.25,148.67811666666668,56.540441599793795,test
2016-12-23 01:00:00,Bear_public_Valorie,Bear,98.75,8.9,6.1,1014.0,3.1,4.0,1,4,0,12,0.25881904510252074,0.9659258262890683,-0.433883739117558,-0.9009688679024191,97.0,127.5,147.4802,57.308000594446014,test
2016-12-23 02:00:00,Bear_public_Valorie,Bear,47.25,9.4,6.7,1013.2,1.5,4.0,2,4,0,12,0.49999999999999994,0.8660254037844387,-0.433883739117558,-0.9009688679024191,98.75,74.6,146.34061666666668,59.065240743823075,test
2016-12-23 03:00:00,Bear_public_Valorie,Bear,43.75,9.4,7.2,1012.5,2.6,4.0,3,4,0,12,0.7071067811865476,0.7071067811865476,-0.433883739117558,-0.9009688679024191,47.25,75.75,145.00728333333333,61.05567454840344,test
2016-12-23 04:00:00,Bear_public_Valorie,Bear,54.5,9.4,6.7,1013.0,1.5,4.0,4,4,0,12,0.8660254037844386,0.5000000000000001,-0.433883739117558,-0.9009688679024191,43.75,86.25,143.68436666666668,62.70581467469408,test
2016-12-23 05:00:00,Bear_public_Valorie,Bear,61.75,8.9,7.8,1012.8,2.1,2.0,5,4,0,12,0.9659258262890683,0.25881904510252074,-0.433883739117558,-0.9009688679024191,54.5,99.5,142.11145000000002,64.31513651089944,test
2016-12-23 06:00:00,Bear_public_Valorie,Bear,97.25,8.9,7.2,1011.6,4.6,2.0,6,4,0,12,1.0,6.123233995736766e-17,-0.433883739117558,-0.9009688679024191,61.75,138.0,140.41353333333333,64.96303350581734,test
2016-12-23 07:00:00,Bear_public_Valorie,Bear,96.25,9.4,7.2,1011.5,8.2,2.0,7,4,0,12,0.9659258262890683,-0.25881904510252063,-0.433883739117558,-0.9009688679024191,97.25,130.75,138.97603333333333,65.56508272150616,test
2016-12-23 08:00:00,Bear_public_Valorie,Bear,143.5,9.4,7.2,1011.7,7.2,2.0,8,4,0,12,0.8660254037844387,-0.4999999999999998,-0.433883739117558,-0.9009688679024191,96.25,162.25,138.19478333333333,65.3871686571252,test
2016-12-23 09:00:00,Bear_public_Valorie,Bear,200.5,9.4,8.3,1011.8,4.1,2.0,9,4,0,12,0.7071067811865476,-0.7071067811865475,-0.433883739117558,-0.9009688679024191,143.5,212.25,137.70520000000002,64.85036095875522,test
2016-12-23 10:00:00,Bear_public_Valorie,Bear,203.25,10.6,8.9,1011.3,6.7,2.0,10,4,0,12,0.49999999999999994,-0.8660254037844387,-0.433883739117558,-0.9009688679024191,200.5,213.25,137.28853333333333,64.3742561332768,test
2016-12-23 11:00:00,Bear_public_Valorie,Bear,204.0,11.1,8.9,1010.5,8.8,2.0,11,4,0,12,0.258819045102521,-0.9659258262890682,-0.433883739117558,-0.9009688679024191,203.25,222.0,136.53853333333333,63.44251722499006,test
2016-12-23 12:00:00,Bear_public_Valorie,Bear,203.75,11.1,9.4,1009.7,11.8,2.0,12,4,0,12,1.2246467991473532e-16,-1.0,-0.433883739117558,-0.9009688679024191,204.0,222.25,135.76770000000002,62.46062555515844,test
2016-12-23 13:00:00,Bear_public_Valorie,Bear,203.5,11.7,10.6,1009.3,7.2,4.0,13,4,0,12,-0.2588190451025208,-0.9659258262890683,-0.433883739117558,-0.9009688679024191,203.75,224.0,134.91353333333333,61.33152938082488,test
2016-12-23 14:00:00,Bear_public_Valorie,Bear,203.5,11.1,10.0,1009.15,5.7,4.0,14,4,0,12,-0.4999999999999997,-0.8660254037844388,-0.433883739117558,-0.9009688679024191,203.5,232.5,133.70520000000002,59.58616073605891,test
2016-12-23 15:00:00,Bear_public_Valorie,Bear,147.75,11.7,8.9,1009.0,5.7,4.0,15,4,0,12,-0.7071067811865471,-0.7071067811865479,-0.433883739117558,-0.9009688679024191,203.5,222.25,130.60103333333333,56.64057428104552,test
2016-12-23 16:00:00,Bear_public_Valorie,Bear,144.5,11.7,8.3,1009.4,9.3,4.0,16,4,0,12,-0.8660254037844385,-0.5000000000000004,-0.433883739117558,-0.9009688679024191,147.75,220.75,127.42395,53.410489745464794,test
2016-12-23 17:00:00,Bear_public_Valorie,Bear,96.0,11.1,7.8,1009.6,5.7,4.0,17,4,0,12,-0.9659258262890683,-0.25881904510252063,-0.433883739117558,-0.9009688679024191,144.5,159.5,124.77811666666668,53.325184022957494,test
2016-12-23 18:00:00,Bear_public_Valorie,Bear,44.25,10.6,6.7,1009.6,5.7,4.0,18,4,0,12,-1.0,-1.8369701987210297e-16,-0.433883739117558,-0.9009688679024191,96.0,112.2,121.94686666666666,55.769874949143905,test
2016-12-23 19:00:00,Bear_public_Valorie,Bear,44.0,10.0,5.0,1009.8,4.6,4.0,19,4,0,12,-0.9659258262890684,0.2588190451025203,-0.433883739117558,-0.9009688679024191,44.25,119.25,118.81145,57.99884433689701,test
2016-12-23 20:00:00,Bear_public_Valorie,Bear,44.5,9.4,4.4,1010.2,3.6,2.0,20,4,0,12,-0.8660254037844386,0.5000000000000001,-0.433883739117558,-0.9009688679024191,44.0,110.5,116.06145,59.9421924863262,test
2016-12-23 21:00:00,Bear_public_Valorie,Bear,42.25,9.4,5.0,1010.3,7.2,2.0,21,4,0,12,-0.7071067811865477,0.7071067811865474,-0.433883739117558,-0.9009688679024191,44.5,107.7219,113.33345416666667,61.79929052218983,test
2016-12-23 22:00:00,Bear_public_Valorie,Bear,43.0,9.4,4.4,1010.6,8.2,2.0,22,4,0,12,-0.5000000000000004,0.8660254037844384,-0.433883739117558,-0.9009688679024191,42.25,99.5029,110.97916666666667,63.404494965925004,test
2016-12-23 23:00:00,Bear_public_Valorie,Bear,43.5,9.4,5.0,1011.0,7.7,2.0,23,4,0,12,-0.25881904510252157,0.9659258262890681,-0.433883739117558,-0.9009688679024191,43.0,98.75,108.67708333333333,64.85424624757063,test
2016-12-24 00:00:00,Bear_public_Valorie,Bear,42.75,8.9,4.4,1011.0,6.7,2.0,0,5,1,12,0.0,1.0,-0.9749279121818236,-0.2225209339563146,43.5,97.0,106.41666666666667,66.21016713378698,test
2016-12-24 01:00:00,Bear_public_Valorie,Bear,43.0,8.9,5.0,1010.9,6.7,2.0,1,5,1,12,0.25881904510252074,0.9659258262890683,-0.9749279121818236,-0.2225209339563146,42.75,98.75,104.09375,67.45706414244054,test
2016-12-24 02:00:00,Bear_public_Valorie,Bear,42.25,8.9,4.4,1011.0,6.2,2.0,2,5,1,12,0.49999999999999994,0.8660254037844387,-0.9749279121818236,-0.2225209339563146,43.0,47.25,103.88541666666667,67.64770390262368,test
2016-12-24 03:00:00,Bear_public_Valorie,Bear,43.5,8.9,3.9,1011.1,6.7,2.0,3,5,1,12,0.7071067811865476,0.7071067811865476,-0.9749279121818236,-0.2225209339563146,42.25,43.75,103.875,67.65738495634,test
2016-12-24 04:00:00,Bear_public_Valorie,Bear,42.5,7.8,2.8,1011.2,2.6,2.0,4,5,1,12,0.8660254037844386,0.5000000000000001,-0.9749279121818236,-0.2225209339563146,43.5,54.5,103.375,68.08115362022603,test
2016-12-24 05:00:00,Bear_public_Valorie,Bear,43.0,7.2,2.8,1011.1,0.0,2.0,5,5,1,12,0.9659258262890683,0.25881904510252074,-0.9749279121818236,-0.2225209339563146,42.5,61.75,102.59375,68.68448706649052,test
2016-12-24 06:00:00,Bear_public_Valorie,Bear,42.25,7.8,2.8,1011.4,2.6,2.0,6,5,1,12,1.0,6.123233995736766e-17,-0.9749279121818236,-0.2225209339563146,43.0,97.25,100.30208333333333,69.77934863174748,test
2016-12-24 07:00:00,Bear_public_Valorie,Bear,42.5,7.8,2.2,1011.6,3.6,2.0,7,5,1,12,0.9659258262890683,-0.25881904510252063,-0.9749279121818236,-0.2225209339563146,42.25,96.25,98.0625,70.77057428608694,test
2016-12-24 08:00:00,Bear_public_Valorie,Bear,40.25,7.8,2.8,1012.0,3.1,2.0,8,5,1,12,0.8660254037844387,-0.4999999999999998,-0.9749279121818236,-0.2225209339563146,42.5,143.5,93.76041666666667,71.02615406093973,test
2016-12-24 09:00:00,Bear_public_Valorie,Bear,41.0,8.9,3.3,1012.5,3.1,2.0,9,5,1,12,0.7071067811865476,-0.7071067811865475,-0.9749279121818236,-0.2225209339563146,40.25,200.5,87.11458333333333,68.00215706164155,test
2016-12-24 10:00:00,Bear_public_Valorie,Bear,40.25,9.4,3.3,1013.2,1.5,2.0,10,5,1,12,0.49999999999999994,-0.8660254037844387,-0.9749279121818236,-0.2225209339563146,41.0,203.25,80.32291666666667,63.91589578971241,test
2016-12-24 11:00:00,Bear_public_Valorie,Bear,40.75,10.0,2.8,1013.2,3.6,2.0,11,5,1,12,0.258819045102521,-0.9659258262890682,-0.9749279121818236,-0.2225209339563146,40.25,204.0,73.52083333333333,58.65155566465378,test
2016-12-24 12:00:00,Bear_public_Valorie,Bear,40.5,10.6,2.8,1012.6,3.6,2.0,12,5,1,12,1.2246467991473532e-16,-1.0,-0.9749279121818236,-0.2225209339563146,40.75,203.75,66.71875,51.97842949870736,test
2016-12-24 13:00:00,Bear_public_Valorie,Bear,41.25,11.1,2.8,1011.9,4.1,2.0,13,5,1,12,-0.2588190451025208,-0.9659258262890683,-0.9749279121818236,-0.2225209339563146,40.5,203.5,59.958333333333336,43.22996310598517,test
2016-12-24 14:00:00,Bear_public_Valorie,Bear,40.25,11.7,1.7,1011.8,4.1,4.0,14,5,1,12,-0.4999999999999997,-0.8660254037844388,-0.9749279121818236,-0.2225209339563146,41.25,203.5,53.15625,30.685537991824944,test
2016-12-24 15:00:00,Bear_public_Valorie,Bear,40.75,11.7,1.1,1012.0,4.1,4.0,15,5,1,12,-0.7071067811865471,-0.7071067811865479,-0.9749279121818236,-0.2225209339563146,40.25,147.75,48.697916666666664,23.205834532299892,test
2016-12-24 16:00:00,Bear_public_Valorie,Bear,40.5,11.1,1.7,1012.4,3.6,4.0,16,5,1,12,-0.8660254037844385,-0.5000000000000004,-0.9749279121818236,-0.2225209339563146,40.75,144.5,44.364583333333336,11.081216766949876,test
2016-12-24 17:00:00,Bear_public_Valorie,Bear,41.5,10.0,2.2,1012.6,3.1,4.0,17,5,1,12,-0.9659258262890683,-0.25881904510252063,-0.9749279121818236,-0.2225209339563146,40.5,96.0,42.09375,1.3589727977832227,test
2016-12-24 18:00:00,Bear_public_Valorie,Bear,42.0,10.0,3.3,1013.0,4.1,2.0,18,5,1,12,-1.0,-1.8369701987210297e-16,-0.9749279121818236,-0.2225209339563146,41.5,44.25,42.0,1.2790111669233724,test
2016-12-24 19:00:00,Bear_public_Valorie,Bear,41.5,8.9,2.8,1013.8,2.1,2.0,19,5,1,12,-0.9659258262890684,0.2588190451025203,-0.9749279121818236,-0.2225209339563146,42.0,44.0,41.895833333333336,1.2089266409032513,test
2016-12-24 20:00:00,Bear_public_Valorie,Bear,42.75,8.3,3.3,1014.4,2.6,2.0,20,5,1,12,-0.8660254037844386,0.5000000000000001,-0.9749279121818236,-0.2225209339563146,41.5,44.5,41.822916666666664,1.0921637047018962,test
2016-12-24 21:00:00,Bear_public_Valorie,Bear,41.75,7.8,3.3,1014.8,3.1,0.0,21,5,1,12,-0.7071067811865477,0.7071067811865474,-0.9749279121818236,-0.2225209339563146,42.75,42.25,41.802083333333336,1.0884251852815197,test
2016-12-24 22:00:00,Bear_public_Valorie,Bear,42.75,6.7,2.8,1015.1,0.0,0.0,22,5,1,12,-0.5000000000000004,0.8660254037844384,-0.9749279121818236,-0.2225209339563146,41.75,43.0,41.791666666666664,1.0776046974448015,test
2016-12-24 23:00:00,Bear_public_Valorie,Bear,42.25,5.6,2.8,1015.8,1.5,0.0,23,5,1,12,-0.25881904510252157,0.9659258262890681,-0.9749279121818236,-0.2225209339563146,42.75,43.5,41.739583333333336,1.0201213872988975,test
2016-12-25 00:00:00,Bear_public_Valorie,Bear,42.75,3.3,1.7,1016.3,2.6,0.0,0,6,1,12,0.0,1.0,-0.7818314824680299,0.6234898018587334,42.25,42.75,41.739583333333336,1.0201213872988975,test
2016-12-25 01:00:00,Bear_public_Valorie,Bear,42.0,3.3,2.2,1016.6,0.0,0.0,1,6,1,12,0.25881904510252074,0.9659258262890683,-0.7818314824680299,0.6234898018587334,42.75,43.0,41.697916666666664,0.9862620656883743,test
2016-12-25 02:00:00,Bear_public_Valorie,Bear,42.75,2.8,1.1,1016.7,2.6,0.0,2,6,1,12,0.49999999999999994,0.8660254037844387,-0.7818314824680299,0.6234898018587334,42.0,42.25,41.71875,1.0035602383868083,test
2016-12-25 03:00:00,Bear_public_Valorie,Bear,42.0,2.2,0.6,1017.0,2.1,0.0,3,6,1,12,0.7071067811865476,0.7071067811865476,-0.7818314824680299,0.6234898018587334,42.75,43.5,41.65625,0.9319582584800675,test
2016-12-25 04:00:00,Bear_public_Valorie,Bear,42.75,4.4,2.2,1017.0,2.6,2.0,4,6,1,12,0.8660254037844386,0.5000000000000001,-0.7818314824680299,0.6234898018587334,42.0,42.5,41.666666666666664,0.9431292347924661,test
2016-12-25 05:00:00,Bear_public_Valorie,Bear,42.25,2.8,1.7,1017.1,0.0,4.0,5,6,1,12,0.9659258262890683,0.25881904510252074,-0.7818314824680299,0.6234898018587334,42.75,43.0,41.635416666666664,0.9088309698624208,test
2016-12-25 06:00:00,Bear_public_Valorie,Bear,42.75,3.3,2.2,1017.2,1.5,4.0,6,6,1,12,1.0,6.123233995736766e-17,-0.7818314824680299,0.6234898018587334,42.25,42.25,41.65625,0.929037896396323,test
2016-12-25 07:00:00,Bear_public_Valorie,Bear,41.0,5.0,2.8,1017.3,3.6,4.0,7,6,1,12,0.9659258262890683,-0.25881904510252063,-0.7818314824680299,0.6234898018587334,42.75,42.5,41.59375,0.9202212044472622,test
2016-12-25 08:00:00,Bear_public_Valorie,Bear,41.25,4.4,2.8,1017.6,1.5,4.0,8,6,1,12,0.8660254037844387,-0.4999999999999998,-0.7818314824680299,0.6234898018587334,41.0,40.25,41.635416666666664,0.8784223959429268,test
2016-12-25 09:00:00,Bear_public_Valorie,Bear,40.25,6.7,3.3,1018.1,2.6,4.0,9,6,1,12,0.7071067811865476,-0.7071067811865475,-0.7818314824680299,0.6234898018587334,41.25,41.0,41.604166666666664,0.9146057200156755,test
2016-12-25 10:00:00,Bear_public_Valorie,Bear,41.0,8.3,3.3,1018.9,2.1,4.0,10,6,1,12,0.49999999999999994,-0.8660254037844387,-0.7818314824680299,0.6234898018587334,40.25,40.25,41.635416666666664,0.8784223959429268,test
2016-12-25 11:00:00,Bear_public_Valorie,Bear,41.0,10.6,2.8,1018.4,3.1,4.0,11,6,1,12,0.258819045102521,-0.9659258262890682,-0.7818314824680299,0.6234898018587334,41.0,40.75,41.645833333333336,0.8688969351741264,test
2016-12-25 12:00:00,Bear_public_Valorie,Bear,41.5,10.6,3.3,1017.9,4.6,4.0,12,6,1,12,1.2246467991473532e-16,-1.0,-0.7818314824680299,0.6234898018587334,41.0,40.5,41.6875,0.8348717682747862,test
2016-12-25 13:00:00,Bear_public_Valorie,Bear,41.0,11.1,2.8,1017.5,3.6,4.0,13,6,1,12,-0.2588190451025208,-0.9659258262890683,-0.7818314824680299,0.6234898018587334,41.5,41.25,41.677083333333336,0.8420961380354052,test
2016-12-25 14:00:00,Bear_public_Valorie,Bear,41.25,11.7,2.8,1017.3,3.1,4.0,14,6,1,12,-0.4999999999999997,-0.8660254037844388,-0.7818314824680299,0.6234898018587334,41.0,40.25,41.71875,0.7916428294769631,test
2016-12-25 15:00:00,Bear_public_Valorie,Bear,41.0,11.1,1.7,1017.4,1.5,4.0,15,6,1,12,-0.7071067811865471,-0.7071067811865479,-0.7818314824680299,0.6234898018587334,41.25,40.75,41.729166666666664,0.7798991944605862,test
2016-12-25 16:00:00,Bear_public_Valorie,Bear,41.0,11.1,3.9,1017.6,4.1,4.0,16,6,1,12,-0.8660254037844385,-0.5000000000000004,-0.7818314824680299,0.6234898018587334,41.0,40.5,41.75,0.7518094114876765,test
2016-12-25 17:00:00,Bear_public_Valorie,Bear,42.0,9.4,3.9,1017.4,4.6,4.0,17,6,1,12,-0.9659258262890683,-0.25881904510252063,-0.7818314824680299,0.6234898018587334,41.0,41.5,41.770833333333336,0.7515081454320622,test
2016-12-25 18:00:00,Bear_public_Valorie,Bear,42.25,8.3,3.3,1017.9,6.2,4.0,18,6,1,12,-1.0,-1.8369701987210297e-16,-0.7818314824680299,0.6234898018587334,42.0,42.0,41.78125,0.756538527356924,test
2016-12-25 19:00:00,Bear_public_Valorie,Bear,42.25,7.2,3.3,1018.6,4.1,2.0,19,6,1,12,-0.9659258262890684,0.2588190451025203,-0.7818314824680299,0.6234898018587334,42.25,41.5,41.8125,0.7598984485252349,test
2016-12-25 20:00:00,Bear_public_Valorie,Bear,42.0,7.2,3.3,1019.5,4.6,2.0,20,6,1,12,-0.8660254037844386,0.5000000000000001,-0.7818314824680299,0.6234898018587334,42.25,42.75,41.78125,0.7346712514609574,test
2016-12-25 21:00:00,Bear_public_Valorie,Bear,42.75,6.7,2.8,1020.5,4.6,2.0,21,6,1,12,-0.7071067811865477,0.7071067811865474,-0.7818314824680299,0.6234898018587334,42.0,41.75,41.822916666666664,0.7607175054417769,test
2016-12-25 22:00:00,Bear_public_Valorie,Bear,42.0,6.1,2.8,1021.0,4.6,0.0,22,6,1,12,-0.5000000000000004,0.8660254037844384,-0.7818314824680299,0.6234898018587334,42.75,42.75,41.791666666666664,0.735980072124101,test
2016-12-25 23:00:00,Bear_public_Valorie,Bear,43.25,5.6,2.2,1021.9,3.6,2.0,23,6,1,12,-0.25881904510252157,0.9659258262890681,-0.7818314824680299,0.6234898018587334,42.0,42.25,41.833333333333336,0.7894228307404486,test
2016-12-26 00:00:00,Bear_public_Valorie,Bear,42.75,6.1,2.2,1022.1,3.6,0.0,0,0,0,12,0.0,1.0,0.0,1.0,43.25,42.75,41.833333333333336,0.7894228307404486,test
2016-12-26 01:00:00,Bear_public_Valorie,Bear,43.5,5.6,1.7,1022.4,4.1,0.0,1,0,0,12,0.25881904510252074,0.9659258262890683,0.0,1.0,42.75,42.0,41.895833333333336,0.859463516461922,test
2016-12-26 02:00:00,Bear_public_Valorie,Bear,42.75,5.0,0.6,1023.0,2.1,0.0,2,0,0,12,0.49999999999999994,0.8660254037844387,0.0,1.0,43.5,42.75,41.895833333333336,0.859463516461922,test
2016-12-26 03:00:00,Bear_public_Valorie,Bear,43.0,5.6,-0.6,1023.2,3.1,0.0,3,0,0,12,0.7071067811865476,0.7071067811865476,0.0,1.0,42.75,42.0,41.9375,0.8884830745772725,test
2016-12-26 04:00:00,Bear_public_Valorie,Bear,42.25,5.0,-1.1,1023.6,2.6,0.0,4,0,0,12,0.8660254037844386,0.5000000000000001,0.0,1.0,43.0,42.75,41.916666666666664,0.8743527626309718,test
2016-12-26 05:00:00,Bear_public_Valorie,Bear,42.75,5.0,-1.7,1023.9,3.1,0.0,5,0,0,12,0.9659258262890683,0.25881904510252074,0.0,1.0,42.25,42.25,41.9375,0.8884830745772725,test
2016-12-26 06:00:00,Bear_public_Valorie,Bear,42.0,5.0,-2.8,1024.2,2.6,0.0,6,0,0,12,1.0,6.123233995736766e-17,0.0,1.0,42.75,42.75,41.90625,0.8716940652404815,test
2016-12-26 07:00:00,Bear_public_Valorie,Bear,41.75,4.4,-1.7,1024.6,3.1,2.0,7,0,0,12,0.9659258262890683,-0.25881904510252063,0.0,1.0,42.0,41.0,41.9375,0.8509904714542551,test
2016-12-26 08:00:00,Bear_public_Valorie,Bear,40.0,4.4,-0.6,1025.6,3.6,2.0,8,0,0,12,0.8660254037844387,-0.4999999999999998,0.0,1.0,41.75,41.25,41.885416666666664,0.929525260572368,test
2016-12-26 09:00:00,Bear_public_Valorie,Bear,41.0,6.7,-0.6,1026.2,2.6,2.0,9,0,0,12,0.7071067811865476,-0.7071067811865475,0.0,1.0,40.0,40.25,41.916666666666664,0.8836272411749763,test
2016-12-26 10:00:00,Bear_public_Valorie,Bear,40.0,8.9,-2.8,1026.6,6.2,2.0,10,0,0,12,0.49999999999999994,-0.8660254037844387,0.0,1.0,41.0,41.0,41.875,0.9498283597264675,test
2016-12-26 11:00:00,Bear_public_Valorie,Bear,40.75,10.6,-2.2,1026.6,4.6,2.0,11,0,0,12,0.258819045102521,-0.9659258262890682,0.0,1.0,40.0,41.0,41.864583333333336,0.9611450560335654,test
2016-12-26 12:00:00,Bear_public_Valorie,Bear,40.0,11.1,-2.2,1026.1,6.7,2.0,12,0,0,12,1.2246467991473532e-16,-1.0,0.0,1.0,40.75,41.5,41.802083333333336,1.0320388396585694,test
2016-12-26 13:00:00,Bear_public_Valorie,Bear,40.75,12.2,-2.2,1025.7,6.7,2.0,13,0,0,12,-0.2588190451025208,-0.9659258262890683,0.0,1.0,40.0,41.0,41.791666666666664,1.041702897871252,test
2016-12-26 14:00:00,Bear_public_Valorie,Bear,40.0,12.8,-2.2,1025.4,5.7,2.0,14,0,0,12,-0.4999999999999997,-0.8660254037844388,0.0,1.0,40.75,41.25,41.739583333333336,1.099602612626123,test
2016-12-26 15:00:00,Bear_public_Valorie,Bear,41.0,12.8,-1.7,1025.3,5.7,2.0,15,0,0,12,-0.7071067811865471,-0.7071067811865479,0.0,1.0,40.0,41.0,41.739583333333336,1.099602612626123,test
2016-12-26 16:00:00,Bear_public_Valorie,Bear,40.25,12.2,-1.1,1025.4,5.1,2.0,16,0,0,12,-0.8660254037844385,-0.5000000000000004,0.0,1.0,41.0,41.0,41.708333333333336,1.1317230674269858,test
2016-12-26 17:00:00,Bear_public_Valorie,Bear,41.5,8.9,-0.6,1025.5,2.1,2.0,17,0,0,12,-0.9659258262890683,-0.25881904510252063,0.0,1.0,40.25,42.0,41.6875,1.1307221624221875,test
2016-12-26 18:00:00,Bear_public_Valorie,Bear,41.25,7.8,-1.7,1025.5,3.6,2.0,18,0,0,12,-1.0,-1.8369701987210297e-16,0.0,1.0,41.5,42.25,41.645833333333336,1.1275132956116671,test
2016-12-26 19:00:00,Bear_public_Valorie,Bear,42.75,7.2,-2.2,1025.7,2.6,2.0,19,0,0,12,-0.9659258262890684,0.2588190451025203,0.0,1.0,41.25,42.25,41.666666666666664,1.1436656042697944,test
2016-12-26 20:00:00,Bear_public_Valorie,Bear,42.0,6.1,-3.3,1027.1,2.6,2.0,20,0,0,12,-0.8660254037844386,0.5000000000000001,0.0,1.0,42.75,42.0,41.666666666666664,1.1436656042697944,test
2016-12-26 21:00:00,Bear_public_Valorie,Bear,42.0,7.2,-3.9,1027.2,0.0,0.0,21,0,0,12,-0.7071067811865477,0.7071067811865474,0.0,1.0,42.0,42.75,41.635416666666664,1.1228340663146659,test
2016-12-26 22:00:00,Bear_public_Valorie,Bear,42.75,7.8,-2.8,1028.2,3.6,2.0,22,0,0,12,-0.5000000000000004,0.8660254037844384,0.0,1.0,42.0,42.0,41.666666666666664,1.1436656042697944,test
2016-12-26 23:00:00,Bear_public_Valorie,Bear,42.0,6.7,-1.7,1028.2,3.1,2.0,23,0,0,12,-0.25881904510252157,0.9659258262890681,0.0,1.0,42.75,43.25,41.614583333333336,1.0958894706041573,test
2016-12-27 00:00:00,Bear_public_Valorie,Bear,43.0,6.1,-3.9,1028.4,2.1,2.0,0,1,0,12,0.0,1.0,0.7818314824680298,0.6234898018587336,42.0,42.75,41.625,1.1082693126953516,test
2016-12-27 01:00:00,Bear_public_Valorie,Bear,42.0,5.0,-2.2,1027.6,2.6,2.0,1,1,0,12,0.25881904510252074,0.9659258262890683,0.7818314824680298,0.6234898018587336,43.0,43.5,41.5625,1.038000795794915,test
2016-12-27 02:00:00,Bear_public_Valorie,Bear,43.0,6.1,-3.9,1027.8,0.0,2.0,2,1,0,12,0.49999999999999994,0.8660254037844387,0.7818314824680298,0.6234898018587336,42.0,42.75,41.572916666666664,1.0516011773143161,test
2016-12-27 03:00:00,Bear_public_Valorie,Bear,42.0,4.4,-1.7,1028.6,3.1,2.0,3,1,0,12,0.7071067811865476,0.7071067811865476,0.7818314824680298,0.6234898018587336,43.0,43.0,41.53125,1.0116508784639793,test
2016-12-27 04:00:00,Bear_public_Valorie,Bear,42.75,3.9,-1.7,1027.8,0.0,2.0,4,1,0,12,0.8660254037844386,0.5000000000000001,0.7818314824680298,0.6234898018587336,42.0,42.25,41.552083333333336,1.0320388396584805,test
2016-12-27 05:00:00,Bear_public_Valorie,Bear,42.0,3.9,-1.1,1027.4,2.1,2.0,5,1,0,12,0.9659258262890683,0.25881904510252074,0.7818314824680298,0.6234898018587336,42.75,42.75,41.520833333333336,1.005194840099968,test
2016-12-27 06:00:00,Bear_public_Valorie,Bear,42.75,5.0,-0.6,1027.1,0.0,2.0,6,1,0,12,1.0,6.123233995736766e-17,0.7818314824680298,0.6234898018587336,42.0,42.0,41.552083333333336,1.0320388396584805,test
2016-12-27 07:00:00,Bear_public_Valorie,Bear,41.25,4.4,-1.7,1028.2,1.5,2.0,7,1,0,12,0.9659258262890683,-0.25881904510252063,0.7818314824680298,0.6234898018587336,42.75,41.75,41.53125,1.0329161441116632,test
2016-12-27 08:00:00,Bear_public_Valorie,Bear,42.0,4.4,-1.1,1028.4,0.0,2.0,8,1,0,12,0.8660254037844387,-0.4999999999999998,0.7818314824680298,0.6234898018587336,41.25,40.0,41.614583333333336,0.9835029637002347,test
2016-12-27 09:00:00,Bear_public_Valorie,Bear,40.75,7.8,0.6,1028.4,3.1,2.0,9,1,0,12,0.7071067811865476,-0.7071067811865475,0.7818314824680298,0.6234898018587336,42.0,41.0,41.604166666666664,0.9915859788844239,test
2016-12-27 10:00:00,Bear_public_Valorie,Bear,41.5,9.4,0.6,1028.5,3.1,2.0,10,1,0,12,0.49999999999999994,-0.8660254037844387,0.7818314824680298,0.6234898018587336,40.75,40.0,41.666666666666664,0.931532942565878,test
2016-12-27 11:00:00,Bear_public_Valorie,Bear,40.0,8.9,1.7,1028.4,2.1,2.0,11,1,0,12,0.258819045102521,-0.9659258262890682,0.7818314824680298,0.6234898018587336,41.5,40.75,41.635416666666664,0.9751788204124785,test
2016-12-27 12:00:00,Bear_public_Valorie,Bear,41.0,10.6,2.8,1028.1,4.6,2.0,12,1,0,12,1.2246467991473532e-16,-1.0,0.7818314824680298,0.6234898018587336,40.0,40.0,41.677083333333336,0.9221877539418063,test
2016-12-27 13:00:00,Bear_public_Valorie,Bear,40.25,10.6,2.8,1026.6,2.6,4.0,13,1,0,12,-0.2588190451025208,-0.9659258262890683,0.7818314824680298,0.6234898018587336,41.0,40.75,41.65625,0.9492917840165782,test
2016-12-27 14:00:00,Bear_public_Valorie,Bear,41.0,11.7,3.9,1026.5,3.6,4.0,14,1,0,12,-0.4999999999999997,-0.8660254037844388,0.7818314824680298,0.6234898018587336,40.25,40.0,41.697916666666664,0.8937560174553455,test
2016-12-27 15:00:00,Bear_public_Valorie,Bear,40.0,12.2,4.4,1026.3,3.6,4.0,15,1,0,12,-0.7071067811865471,-0.7071067811865479,0.7818314824680298,0.6234898018587336,41.0,41.0,41.65625,0.9492917840165781,test
2016-12-27 16:00:00,Bear_public_Valorie,Bear,41.0,11.7,5.0,1026.1,2.1,4.0,16,1,0,12,-0.8660254037844385,-0.5000000000000004,0.7818314824680298,0.6234898018587336,40.0,40.25,41.6875,0.9126228326530412,test
2016-12-27 17:00:00,Bear_public_Valorie,Bear,41.25,10.6,5.0,1026.2,2.6,4.0,17,1,0,12,-0.9659258262890683,-0.25881904510252063,0.7818314824680298,0.6234898018587336,41.0,41.5,41.677083333333336,0.9162754434681972,test
2016-12-27 18:00:00,Bear_public_Valorie,Bear,42.0,8.9,4.4,1026.2,1.5,4.0,18,1,0,12,-1.0,-1.8369701987210297e-16,0.7818314824680298,0.6234898018587336,41.25,41.25,41.708333333333336,0.9138626414474439,test
2016-12-27 19:00:00,Bear_public_Valorie,Bear,42.0,10.6,-1.7,1026.0,0.0,4.0,19,1,0,12,-0.9659258262890684,0.2588190451025203,0.7818314824680298,0.6234898018587336,42.0,42.75,41.677083333333336,0.8891836957707786,test
2016-12-27 20:00:00,Bear_public_Valorie,Bear,42.25,9.4,2.8,1026.2,1.5,2.0,20,1,0,12,-0.8660254037844386,0.5000000000000001,0.7818314824680298,0.6234898018587336,42.0,42.0,41.6875,0.8945790848368225,test
2016-12-27 21:00:00,Bear_public_Valorie,Bear,41.5,7.2,1.7,1026.6,0.0,2.0,21,1,0,12,-0.7071067811865477,0.7071067811865474,0.7818314824680298,0.6234898018587336,42.25,42.0,41.666666666666664,0.8928053814647394,test
2016-12-27 22:00:00,Bear_public_Valorie,Bear,42.25,6.1,0.6,1026.8,1.5,0.0,22,1,0,12,-0.5000000000000004,0.8660254037844384,0.7818314824680298,0.6234898018587336,41.5,42.75,41.645833333333336,0.8720187306266349,test
2016-12-27 23:00:00,Bear_public_Valorie,Bear,42.5,7.2,-0.6,1027.1,0.0,0.0,23,1,0,12,-0.25881904510252157,0.9659258262890681,0.7818314824680298,0.6234898018587336,42.25,42.0,41.666666666666664,0.8866971771439265,test
2016-12-28 00:00:00,Bear_public_Valorie,Bear,42.0,6.7,0.6,1026.9,1.5,0.0,0,2,0,12,0.0,1.0,0.9749279121818236,-0.22252093395631434,42.5,43.0,41.625,0.8437751605944177,test
2016-12-28 01:00:00,Bear_public_Valorie,Bear,43.0,4.4,0.0,1026.8,0.0,0.0,1,2,0,12,0.25881904510252074,0.9659258262890683,0.9749279121818236,-0.22252093395631434,42.0,42.0,41.666666666666664,0.8866971771439265,test
2016-12-28 02:00:00,Bear_public_Valorie,Bear,41.75,4.4,0.6,1026.5,1.5,0.0,2,2,0,12,0.49999999999999994,0.8660254037844387,0.9749279121818236,-0.22252093395631434,43.0,43.0,41.614583333333336,0.8404811207812765,test
2016-12-28 03:00:00,Bear_public_Valorie,Bear,42.75,3.9,1.1,1026.5,0.0,0.0,3,2,0,12,0.7071067811865476,0.7071067811865476,0.9749279121818236,-0.22252093395631434,41.75,42.0,41.645833333333336,0.8688969351741276,test
2016-12-28 04:00:00,Bear_public_Valorie,Bear,42.0,3.9,0.0,1026.3,0.0,0.0,4,2,0,12,0.8660254037844386,0.5000000000000001,0.9749279121818236,-0.22252093395631434,42.75,42.75,41.614583333333336,0.8404811207812765,test
2016-12-28 05:00:00,Bear_public_Valorie,Bear,42.25,2.8,0.0,1026.1,1.5,0.0,5,2,0,12,0.9659258262890683,0.25881904510252074,0.9749279121818236,-0.22252093395631434,42.0,42.0,41.625,0.8469895537991193,test
2016-12-28 06:00:00,Bear_public_Valorie,Bear,41.25,2.8,0.6,1026.1,0.0,0.0,6,2,0,12,1.0,6.123233995736766e-17,0.9749279121818236,-0.22252093395631434,42.25,42.75,41.5625,0.8151086883416224,test
2016-12-28 07:00:00,Bear_public_Valorie,Bear,41.25,5.6,1.7,1026.3,2.1,0.0,7,2,0,12,0.9659258262890683,-0.25881904510252063,0.9749279121818236,-0.22252093395631434,41.25,41.25,41.5625,0.8151086883416224,test
2016-12-28 08:00:00,Bear_public_Valorie,Bear,40.25,5.6,0.6,1026.2,2.1,0.0,8,2,0,12,0.8660254037844387,-0.4999999999999998,0.9749279121818236,-0.22252093395631434,41.25,42.0,41.489583333333336,0.8517219343894397,test
2016-12-28 09:00:00,Bear_public_Valorie,Bear,41.5,8.9,1.7,1026.6,2.6,2.0,9,2,0,12,0.7071067811865476,-0.7071067811865475,0.9749279121818236,-0.22252093395631434,40.25,40.75,41.520833333333336,0.8370388628181723,test
2016-12-28 10:00:00,Bear_public_Valorie,Bear,40.25,12.8,0.6,1026.7,2.6,0.0,10,2,0,12,0.49999999999999994,-0.8660254037844387,0.9749279121818236,-0.22252093395631434,41.5,41.5,41.46875,0.8763576423402656,test
2016-12-28 11:00:00,Bear_public_Valorie,Bear,41.25,12.8,0.6,1026.4,3.6,2.0,11,2,0,12,0.258819045102521,-0.9659258262890682,0.9749279121818236,-0.22252093395631434,40.25,40.0,41.520833333333336,0.8206461751720171,test
2016-12-28 12:00:00,Bear_public_Valorie,Bear,40.0,16.1,1.1,1025.2,3.1,2.0,12,2,0,12,1.2246467991473532e-16,-1.0,0.9749279121818236,-0.22252093395631434,41.25,41.0,41.479166666666664,0.8720187306265611,test
2016-12-28 13:00:00,Bear_public_Valorie,Bear,41.25,12.2,3.9,1024.6,2.6,2.0,13,2,0,12,-0.2588190451025208,-0.9659258262890683,0.9749279121818236,-0.22252093395631434,40.0,40.25,41.520833333333336,0.8337861088188285,test
2016-12-28 14:00:00,Bear_public_Valorie,Bear,40.0,12.8,3.9,1023.7,3.1,2.0,14,2,0,12,-0.4999999999999997,-0.8660254037844388,0.9749279121818236,-0.22252093395631434,41.25,41.0,41.479166666666664,0.8843957242085364,test
2016-12-28 15:00:00,Bear_public_Valorie,Bear,41.25,13.9,0.6,1023.4,2.6,0.0,15,2,0,12,-0.7071067811865471,-0.7071067811865479,0.9749279121818236,-0.22252093395631434,40.0,40.0,41.53125,0.8285414764257745,test
2016-12-28 16:00:00,Bear_public_Valorie,Bear,41.0,13.9,1.7,1023.3,2.6,0.0,16,2,0,12,-0.8660254037844385,-0.5000000000000004,0.9749279121818236,-0.22252093395631434,41.25,41.0,41.53125,0.8285414764257745,test
2016-12-28 17:00:00,Bear_public_Valorie,Bear,41.0,12.8,3.3,1022.8,1.5,2.0,17,2,0,12,-0.9659258262890683,-0.25881904510252063,0.9749279121818236,-0.22252093395631434,41.0,41.25,41.520833333333336,0.8337861088188285,test
2016-12-28 18:00:00,Bear_public_Valorie,Bear,42.2,11.7,3.3,1022.8,0.0,2.0,18,2,0,12,-1.0,-1.8369701987210297e-16,0.9749279121818236,-0.22252093395631434,41.0,42.0,41.52916666666667,0.8397614394929371,test
2016-12-28 19:00:00,Bear_public_Valorie,Bear,42.0,11.1,3.3,1023.2,2.1,0.0,19,2,0,12,-0.9659258262890684,0.2588190451025203,0.9749279121818236,-0.22252093395631434,42.2,42.0,41.52916666666667,0.8397614394929371,test
2016-12-28 20:00:00,Bear_public_Valorie,Bear,60.0,10.6,2.2,1023.7,1.5,0.0,20,2,0,12,-0.8660254037844386,0.5000000000000001,0.9749279121818236,-0.22252093395631434,42.0,42.25,42.268750000000004,3.865927317169404,test
2016-12-28 21:00:00,Bear_public_Valorie,Bear,62.0,10.0,1.1,1024.0,1.5,0.0,21,2,0,12,-0.7071067811865477,0.7071067811865474,0.9749279121818236,-0.22252093395631434,60.0,41.5,43.12291666666667,5.575430947785232,test
2016-12-28 22:00:00,Bear_public_Valorie,Bear,63.75,8.9,1.7,1023.9,0.0,0.0,22,2,0,12,-0.5000000000000004,0.8660254037844384,0.9749279121818236,-0.22252093395631434,62.0,42.25,44.018750000000004,6.979532382796681,test
2016-12-28 23:00:00,Bear_public_Valorie,Bear,61.5,8.9,1.7,1023.8,0.0,0.0,23,2,0,12,-0.25881904510252157,0.9659258262890681,0.9749279121818236,-0.22252093395631434,63.75,42.5,44.81041666666667,7.826001521769594,test
2016-12-29 00:00:00,Bear_public_Valorie,Bear,42.0,6.1,1.1,1023.3,0.0,0.0,0,3,0,12,0.0,1.0,0.43388373911755823,-0.900968867902419,61.5,42.0,44.81041666666667,7.826001521769594,test
2016-12-29 01:00:00,Bear_public_Valorie,Bear,42.0,6.7,2.2,1022.8,0.0,0.0,1,3,0,12,0.25881904510252074,0.9659258262890683,0.43388373911755823,-0.900968867902419,42.0,43.0,44.768750000000004,7.838711247497163,test
2016-12-29 02:00:00,Bear_public_Valorie,Bear,42.0,5.0,3.3,1022.4,0.0,0.0,2,3,0,12,0.49999999999999994,0.8660254037844387,0.43388373911755823,-0.900968867902419,42.0,41.75,44.77916666666667,7.834690369651197,test
2016-12-29 03:00:00,Bear_public_Valorie,Bear,42.75,5.6,3.3,1022.6,3.1,0.0,3,3,0,12,0.7071067811865476,0.7071067811865476,0.43388373911755823,-0.900968867902419,42.0,42.75,44.77916666666667,7.834690369651197,test
2016-12-29 04:00:00,Bear_public_Valorie,Bear,41.5,7.2,4.4,1022.2,2.6,0.0,4,3,0,12,0.8660254037844386,0.5000000000000001,0.43388373911755823,-0.900968867902419,42.75,42.0,44.75833333333333,7.843062105345411,test
2016-12-29 05:00:00,Bear_public_Valorie,Bear,41.75,8.3,3.3,1021.6,1.5,0.0,5,3,0,12,0.9659258262890683,0.25881904510252074,0.43388373911755823,-0.900968867902419,41.5,42.25,44.737500000000004,7.850674991743469,test
2016-12-29 06:00:00,Bear_public_Valorie,Bear,41.5,9.4,4.4,1021.7,0.0,0.0,6,3,0,12,1.0,6.123233995736766e-17,0.43388373911755823,-0.900968867902419,41.75,41.25,44.74791666666667,7.8460108829431086,test
2016-12-29 07:00:00,Bear_public_Valorie,Bear,40.5,6.7,3.3,1021.5,0.0,0.0,7,3,0,12,0.9659258262890683,-0.25881904510252063,0.43388373911755823,-0.900968867902419,41.5,41.25,44.71666666666667,7.862025774268465,test
2016-12-29 08:00:00,Bear_public_Valorie,Bear,40.75,6.7,1.1,1022.1,3.6,0.0,8,3,0,12,0.8660254037844387,-0.4999999999999998,0.43388373911755823,-0.900968867902419,40.5,40.25,44.737500000000004,7.85032884937807,test
2016-12-29 09:00:00,Bear_public_Valorie,Bear,40.0,10.6,4.4,1022.6,2.6,0.0,9,3,0,12,0.7071067811865476,-0.7071067811865475,0.43388373911755823,-0.900968867902419,40.75,41.5,44.675000000000004,7.883127276155905,test
2016-12-29 10:00:00,Bear_public_Valorie,Bear,40.5,13.3,3.9,1023.2,3.6,0.0,10,3,0,12,0.49999999999999994,-0.8660254037844387,0.43388373911755823,-0.900968867902419,40.0,40.25,44.68541666666667,7.877188849238412,test
2016-12-29 11:00:00,Bear_public_Valorie,Bear,40.0,15.0,3.9,1023.1,1.5,0.0,11,3,0,12,0.258819045102521,-0.9659258262890682,0.43388373911755823,-0.900968867902419,40.5,41.25,44.63333333333333,7.904974584924678,test
2016-12-29 12:00:00,Bear_public_Valorie,Bear,40.25,12.2,6.7,1022.4,3.1,2.0,12,3,0,12,1.2246467991473532e-16,-1.0,0.43388373911755823,-0.900968867902419,40.0,40.0,44.643750000000004,7.898765898372391,test
2016-12-29 13:00:00,Bear_public_Valorie,Bear,40.75,12.8,5.6,1021.5,2.6,2.0,13,3,0,12,-0.2588190451025208,-0.9659258262890683,0.43388373911755823,-0.900968867902419,40.25,41.25,44.62291666666667,7.908759304200839,test
2016-12-29 14:00:00,Bear_public_Valorie,Bear,40.0,13.3,5.0,1020.7,2.1,2.0,14,3,0,12,-0.4999999999999997,-0.8660254037844388,0.43388373911755823,-0.900968867902419,40.75,40.0,44.62291666666667,7.908759304200839,test
2016-12-29 15:00:00,Bear_public_Valorie,Bear,40.75,13.9,5.0,1020.4,3.1,2.0,15,3,0,12,-0.7071067811865471,-0.7071067811865479,0.43388373911755823,-0.900968867902419,40.0,41.25,44.60208333333333,7.918682904951721,test
2016-12-29 16:00:00,Bear_public_Valorie,Bear,40.0,13.3,5.6,1020.3,0.0,2.0,16,3,0,12,-0.8660254037844385,-0.5000000000000004,0.43388373911755823,-0.900968867902419,40.75,41.0,44.56041666666667,7.941059768917649,test
2016-12-29 17:00:00,Bear_public_Valorie,Bear,41.25,13.3,4.4,1020.1,0.0,2.0,17,3,0,12,-0.9659258262890683,-0.25881904510252063,0.43388373911755823,-0.900968867902419,40.0,41.0,44.57083333333333,7.936348912306606,test
2016-12-29 18:00:00,Bear_public_Valorie,Bear,41.25,12.2,5.0,1020.2,2.1,2.0,18,3,0,12,-1.0,-1.8369701987210297e-16,0.43388373911755823,-0.900968867902419,41.25,42.2,44.53125,7.95104330725297,test
2016-12-29 19:00:00,Bear_public_Valorie,Bear,41.25,11.7,4.4,1020.1,3.6,2.0,19,3,0,12,-0.9659258262890684,0.2588190451025203,0.43388373911755823,-0.900968867902419,41.25,42.0,44.5,7.962889469002528,test
2016-12-29 20:00:00,Bear_public_Valorie,Bear,41.75,8.9,3.9,1020.4,2.6,2.0,20,3,0,12,-0.8660254037844386,0.5000000000000001,0.43388373911755823,-0.900968867902419,41.25,60.0,43.739583333333336,7.258607771140479,test
2016-12-29 21:00:00,Bear_public_Valorie,Bear,41.5,9.4,3.9,1020.3,2.1,2.0,21,3,0,12,-0.7071067811865477,0.7071067811865474,0.43388373911755823,-0.900968867902419,41.75,62.0,42.885416666666664,6.135684632190209,test
2016-12-29 22:00:00,Bear_public_Valorie,Bear,42.5,10.6,6.7,1020.2,0.0,2.0,22,3,0,12,-0.5000000000000004,0.8660254037844384,0.43388373911755823,-0.900968867902419,41.5,63.75,42.0,4.231738259338534,test
2016-12-29 23:00:00,Bear_public_Valorie,Bear,41.25,8.9,6.7,1020.3,0.0,2.0,23,3,0,12,-0.25881904510252157,0.9659258262890681,0.43388373911755823,-0.900968867902419,42.5,61.5,41.15625,0.8103022114061943,test
2016-12-30 00:00:00,Bear_public_Valorie,Bear,42.25,9.4,7.2,1019.9,1.5,2.0,0,4,0,12,0.0,1.0,-0.433883739117558,-0.9009688679024191,41.25,42.0,41.166666666666664,0.8231258906028839,test
2016-12-30 01:00:00,Bear_public_Valorie,Bear,42.0,8.9,6.1,1019.5,0.0,2.0,1,4,0,12,0.25881904510252074,0.9659258262890683,-0.433883739117558,-0.9009688679024191,42.25,42.0,41.166666666666664,0.8231258906028839,test
2016-12-30 02:00:00,Bear_public_Valorie,Bear,42.0,7.2,5.6,1019.2,0.0,2.0,2,4,0,12,0.49999999999999994,0.8660254037844387,-0.433883739117558,-0.9009688679024191,42.0,42.0,41.166666666666664,0.8231258906028839,test
2016-12-30 03:00:00,Bear_public_Valorie,Bear,42.75,6.1,5.0,1019.0,0.0,0.0,3,4,0,12,0.7071067811865476,0.7071067811865476,-0.433883739117558,-0.9009688679024191,42.0,42.75,41.166666666666664,0.8231258906028839,test
2016-12-30 04:00:00,Bear_public_Valorie,Bear,42.5,6.1,5.0,1018.5,0.0,4.0,4,4,0,12,0.8660254037844386,0.5000000000000001,-0.433883739117558,-0.9009688679024191,42.75,41.5,41.208333333333336,0.8649788469632448,test
2016-12-30 05:00:00,Bear_public_Valorie,Bear,42.75,6.1,5.0,1018.1,0.0,3.0,5,4,0,12,0.9659258262890683,0.25881904510252074,-0.433883739117558,-0.9009688679024191,42.5,41.75,41.25,0.9148532787479765,test
2016-12-30 06:00:00,Bear_public_Valorie,Bear,42.0,6.1,5.0,1018.6,1.5,2.0,6,4,0,12,1.0,6.123233995736766e-17,-0.433883739117558,-0.9009688679024191,42.75,41.5,41.270833333333336,0.9264139212684552,test
2016-12-30 07:00:00,Bear_public_Valorie,Bear,41.5,6.1,4.4,1018.6,0.0,2.2857142857142856,7,4,0,12,0.9659258262890683,-0.25881904510252063,-0.433883739117558,-0.9009688679024191,42.0,40.5,41.3125,0.912622832652923,test
2016-12-30 08:00:00,Bear_public_Valorie,Bear,40.0,6.1,3.9,1018.5,2.1,2.571428571428571,8,4,0,12,0.8660254037844387,-0.4999999999999998,-0.433883739117558,-0.9009688679024191,41.5,40.75,41.28125,0.9449882101318084,test
2016-12-30 09:00:00,Bear_public_Valorie,Bear,40.0,7.8,5.0,1018.0,0.0,2.857142857142857,9,4,0,12,0.7071067811865476,-0.7071067811865475,-0.433883739117558,-0.9009688679024191,40.0,40.0,41.28125,0.9449882101318084,test
2016-12-30 10:00:00,Bear_public_Valorie,Bear,40.75,10.6,7.2,1018.5,1.5,3.142857142857143,10,4,0,12,0.49999999999999994,-0.8660254037844387,-0.433883739117558,-0.9009688679024191,40.0,40.5,41.291666666666664,0.937349021604343,test
2016-12-30 11:00:00,Bear_public_Valorie,Bear,40.25,11.7,7.2,1018.3,2.1,3.4285714285714284,11,4,0,12,0.258819045102521,-0.9659258262890682,-0.433883739117558,-0.9009688679024191,40.75,40.0,41.302083333333336,0.9236599183814166,test
2016-12-30 12:00:00,Bear_public_Valorie,Bear,40.75,11.7,7.2,1017.2,2.1,3.7142857142857144,12,4,0,12,1.2246467991473532e-16,-1.0,-0.433883739117558,-0.9009688679024191,40.25,40.25,41.322916666666664,0.9043348704256948,test
2016-12-30 13:00:00,Bear_public_Valorie,Bear,39.75,12.8,7.2,1016.5,2.1,4.0,13,4,0,12,-0.2588190451025208,-0.9659258262890683,-0.433883739117558,-0.9009688679024191,40.75,40.75,41.28125,0.9535759356832604,test
2016-12-30 14:00:00,Bear_public_Valorie,Bear,41.0,14.4,5.0,1015.5,0.0,2.0,14,4,0,12,-0.4999999999999997,-0.8660254037844388,-0.433883739117558,-0.9009688679024191,39.75,40.0,41.322916666666664,0.9162754434680878,test
2016-12-30 15:00:00,Bear_public_Valorie,Bear,40.5,13.3,6.7,1014.7,3.1,2.0,15,4,0,12,-0.7071067811865471,-0.7071067811865479,-0.433883739117558,-0.9009688679024191,41.0,40.75,41.3125,0.9244563619307445,test
2016-12-30 16:00:00,Bear_public_Valorie,Bear,40.0,12.2,6.1,1014.4,3.1,2.0,16,4,0,12,-0.8660254037844385,-0.5000000000000004,-0.433883739117558,-0.9009688679024191,40.5,40.0,41.3125,0.9244563619307445,test
2016-12-30 17:00:00,Bear_public_Valorie,Bear,41.5,11.7,8.9,1014.4,4.1,2.0,17,4,0,12,-0.9659258262890683,-0.25881904510252063,-0.433883739117558,-0.9009688679024191,40.0,41.25,41.322916666666664,0.9251297401601183,test
2016-12-30 18:00:00,Bear_public_Valorie,Bear,41.75,11.1,8.9,1014.2,1.5,4.0,18,4,0,12,-1.0,-1.8369701987210297e-16,-0.433883739117558,-0.9009688679024191,41.5,41.25,41.34375,0.9290378963962326,test
2016-12-30 19:00:00,Bear_public_Valorie,Bear,42.0,11.1,8.3,1014.3,6.2,4.0,19,4,0,12,-0.9659258262890684,0.2588190451025203,-0.433883739117558,-0.9009688679024191,41.75,41.25,41.375,0.9383148632018873,test
2016-12-30 20:00:00,Bear_public_Valorie,Bear,41.25,11.1,7.8,1014.1,6.2,4.0,20,4,0,12,-0.8660254037844386,0.5000000000000001,-0.433883739117558,-0.9009688679024191,42.0,41.75,41.354166666666664,0.9351722308463514,test
2016-12-30 21:00:00,Bear_public_Valorie,Bear,42.25,11.1,6.7,1014.0,7.2,4.0,21,4,0,12,-0.7071067811865477,0.7071067811865474,-0.433883739117558,-0.9009688679024191,41.25,41.5,41.385416666666664,0.9526255670048861,test
2016-12-30 22:00:00,Bear_public_Valorie,Bear,41.5,11.1,6.7,1013.6,4.6,4.0,22,4,0,12,-0.5000000000000004,0.8660254037844384,-0.433883739117558,-0.9009688679024191,42.25,42.5,41.34375,0.9231694577502798,test
2016-12-30 23:00:00,Bear_public_Valorie,Bear,43.0,11.1,6.1,1013.5,6.7,4.0,23,4,0,12,-0.25881904510252157,0.9659258262890681,-0.433883739117558,-0.9009688679024191,41.5,41.25,41.416666666666664,0.982639155561103,test
2016-12-31 00:00:00,Bear_public_Valorie,Bear,42.25,10.6,5.0,1013.3,6.2,4.0,0,5,1,12,0.0,1.0,-0.9749279121818236,-0.2225209339563146,43.0,42.25,41.416666666666664,0.982639155561103,test
2016-12-31 01:00:00,Bear_public_Valorie,Bear,42.0,10.6,4.4,1013.1,5.1,4.0,1,5,1,12,0.25881904510252074,0.9659258262890683,-0.9749279121818236,-0.2225209339563146,42.25,42.0,41.416666666666664,0.982639155561103,test
2016-12-31 02:00:00,Bear_public_Valorie,Bear,42.75,10.0,2.2,1013.1,5.1,4.0,2,5,1,12,0.49999999999999994,0.8660254037844387,-0.9749279121818236,-0.2225209339563146,42.0,42.0,41.447916666666664,1.0134400269886368,test
2016-12-31 03:00:00,Bear_public_Valorie,Bear,42.0,10.0,3.3,1013.0,3.6,4.0,3,5,1,12,0.7071067811865476,0.7071067811865476,-0.9749279121818236,-0.2225209339563146,42.75,42.75,41.416666666666664,0.982639155561103,test
2016-12-31 04:00:00,Bear_public_Valorie,Bear,42.75,9.4,3.3,1013.1,2.1,2.0,4,5,1,12,0.8660254037844386,0.5000000000000001,-0.9749279121818236,-0.2225209339563146,42.0,42.5,41.427083333333336,0.9958587255962527,test
2016-12-31 05:00:00,Bear_public_Valorie,Bear,42.0,9.4,5.0,1012.8,3.6,2.6666666666666665,5,5,1,12,0.9659258262890683,0.25881904510252074,-0.9749279121818236,-0.2225209339563146,42.75,42.75,41.395833333333336,0.9637919523595989,test
2016-12-31 06:00:00,Bear_public_Valorie,Bear,42.5,8.3,3.9,1013.1,2.6,3.333333333333333,6,5,1,12,1.0,6.123233995736766e-17,-0.9749279121818236,-0.2225209339563146,42.0,42.0,41.416666666666664,0.982639155561103,test
2016-12-31 07:00:00,Bear_public_Valorie,Bear,41.25,7.2,4.4,1013.1,2.6,4.0,7,5,1,12,0.9659258262890683,-0.25881904510252063,-0.9749279121818236,-0.2225209339563146,42.5,41.5,41.40625,0.9830423604838188,test
2016-12-31 08:00:00,Bear_public_Valorie,Bear,40.25,7.2,3.9,1013.2,3.6,2.0,8,5,1,12,0.8660254037844387,-0.4999999999999998,-0.9749279121818236,-0.2225209339563146,41.25,40.0,41.416666666666664,0.9687134751815727,test
2016-12-31 09:00:00,Bear_public_Valorie,Bear,40.5,8.9,3.9,1014.2,3.1,2.0,9,5,1,12,0.7071067811865476,-0.7071067811865475,-0.9749279121818236,-0.2225209339563146,40.25,40.0,41.4375,0.9419279488190643,test
2016-12-31 10:00:00,Bear_public_Valorie,Bear,40.2436,11.1,3.9,1014.6,4.1,2.0,10,5,1,12,0.49999999999999994,-0.8660254037844387,-0.9749279121818236,-0.2225209339563146,40.5,40.75,41.4164,0.9634247317823813,test
2016-12-31 11:00:00,Bear_public_Valorie,Bear,40.6129,12.8,3.3,1015.0,3.1,2.0,11,5,1,12,0.258819045102521,-0.9659258262890682,-0.9749279121818236,-0.2225209339563146,40.2436,40.25,41.43152083333333,0.947030642202304,test
2016-12-31 12:00:00,Bear_public_Valorie,Bear,39.75,11.1,3.9,1014.7,4.1,2.0,12,5,1,12,1.2246467991473532e-16,-1.0,-0.9749279121818236,-0.2225209339563146,40.6129,40.75,41.389854166666666,0.9988975848885445,test
2016-12-31 13:00:00,Bear_public_Valorie,Bear,40.75,11.1,3.3,1014.2,5.1,2.0,13,5,1,12,-0.2588190451025208,-0.9659258262890683,-0.9749279121818236,-0.2225209339563146,39.75,39.75,41.43152083333333,0.947030642202304,test
2016-12-31 14:00:00,Bear_public_Valorie,Bear,40.5,11.7,3.3,1013.7,2.6,2.0,14,5,1,12,-0.4999999999999997,-0.8660254037844388,-0.9749279121818236,-0.2225209339563146,40.75,41.0,41.4106875,0.9623125683992078,test
2016-12-31 15:00:00,Bear_public_Valorie,Bear,41.0,12.8,3.3,1013.6,2.1,2.0,15,5,1,12,-0.7071067811865471,-0.7071067811865479,-0.9749279121818236,-0.2225209339563146,40.5,40.5,41.43152083333333,0.9470306422023042,test
2016-12-31 16:00:00,Bear_public_Valorie,Bear,40.0,11.4,4.15,1013.75,2.6,2.0,16,5,1,12,-0.8660254037844385,-0.5000000000000004,-0.9749279121818236,-0.2225209339563146,41.0,40.0,41.43152083333333,0.9470306422023042,test
2016-12-31 17:00:00,Bear_public_Valorie,Bear,41.2,10.0,5.0,1013.9,3.1,2.0,17,5,1,12,-0.9659258262890683,-0.25881904510252063,-0.9749279121818236,-0.2225209339563146,40.0,41.5,41.419020833333335,0.9480667825773782,test
2016-12-31 18:00:00,Bear_public_Valorie,Bear,42.0,10.0,5.0,1014.4,2.6,2.0,18,5,1,12,-1.0,-1.8369701987210297e-16,-0.9749279121818236,-0.2225209339563146,41.2,41.75,41.4294375,0.9532208506787175,test
2016-12-31 19:00:00,Bear_public_Valorie,Bear,42.25,10.0,5.6,1014.6,3.1,2.0,19,5,1,12,-0.9659258262890684,0.2588190451025203,-0.9749279121818236,-0.2225209339563146,42.0,42.0,41.43985416666667,0.9610607105922225,test
2016-12-31 20:00:00,Bear_public_Valorie,Bear,42.5,10.0,5.0,1014.9,4.6,2.0,20,5,1,12,-0.8660254037844386,0.5000000000000001,-0.9749279121818236,-0.2225209339563146,42.25,41.25,41.4919375,0.9839235405492458,test
2016-12-31 21:00:00,Bear_public_Valorie,Bear,42.0,8.9,5.0,1014.7,2.1,2.0,21,5,1,12,-0.7071067811865477,0.7071067811865474,-0.9749279121818236,-0.2225209339563146,42.5,42.25,41.481520833333335,0.9768470098988916,test
2016-12-31 22:00:00,Bear_public_Valorie,Bear,42.75,6.1,4.4,1014.6,0.0,2.0,22,5,1,12,-0.5000000000000004,0.8660254037844384,-0.9749279121818236,-0.2225209339563146,42.0,41.5,41.53360416666667,1.010615086216099,test
2016-12-31 23:00:00,Bear_public_Valorie,Bear,42.0,8.3,6.1,1014.9,3.1,2.0,23,5,1,12,-0.25881904510252157,0.9659258262890681,-0.9749279121818236,-0.2225209339563146,42.75,43.0,41.4919375,0.9672108549818852,test
