timestamp,building_id,site_id,electricity,airTemperature,dewTemperature,seaLvlPressure,windSpeed,cloudCoverage,hour,day_of_week,is_weekend,month,hour_sin,hour_cos,dow_sin,dow_cos,electricity_lag_1h,electricity_lag_24h,electricity_rolling_24h,electricity_rolling_std_24h,split
2016-07-02 00:00:00,Hog_public_Gerard,Hog,44.834,17.8,10.6,1020.7,3.1,5.0,0,5,1,7,0.0,1.0,-0.9749279121818236,-0.2225209339563146,45.58,44.337,57.516375000000004,20.612608715799475,train
2016-07-02 01:00:00,Hog_public_Gerard,Hog,39.252,17.2,10.6,1020.8,2.1,6.0,1,5,1,7,0.25881904510252074,0.9659258262890683,-0.9749279121818236,-0.2225209339563146,44.834,40.824,57.450874999999996,20.670374431964433,train
2016-07-02 02:00:00,Hog_public_Gerard,Hog,38.916,17.2,10.6,1019.9,2.1,6.0,2,5,1,7,0.49999999999999994,0.8660254037844387,-0.9749279121818236,-0.2225209339563146,39.252,37.454,57.51179166666666,20.610949223925424,train
2016-07-02 03:00:00,Hog_public_Gerard,Hog,38.659,16.7,10.6,1019.5,1.5,6.0,3,5,1,7,0.7071067811865476,0.7071067811865476,-0.9749279121818236,-0.2225209339563146,38.916,37.764,57.549083333333336,20.57444314195282,train
2016-07-02 04:00:00,Hog_public_Gerard,Hog,38.162,16.1,10.6,1019.7,1.5,6.0,4,5,1,7,0.8660254037844386,0.5000000000000001,-0.9749279121818236,-0.2225209339563146,38.659,33.863,57.728208333333335,20.377028564749654,train
2016-07-02 05:00:00,Hog_public_Gerard,Hog,38.792,16.1,10.6,1019.7,1.5,6.0,5,5,1,7,0.9659258262890683,0.25881904510252074,-0.9749279121818236,-0.2225209339563146,38.162,28.649,58.15083333333333,19.84595970855588,train
2016-07-02 06:00:00,Hog_public_Gerard,Hog,38.715,16.1,10.6,1019.8,2.1,6.0,6,5,1,7,1.0,6.123233995736766e-17,-0.9749279121818236,-0.2225209339563146,38.792,29.057,58.55325,19.32135856293215,train
2016-07-02 07:00:00,Hog_public_Gerard,Hog,36.488,16.1,10.6,1020.3,2.6,6.0,7,5,1,7,0.9659258262890683,-0.25881904510252063,-0.9749279121818236,-0.2225209339563146,38.715,33.115,58.69379166666666,19.139691597122752,train
2016-07-02 08:00:00,Hog_public_Gerard,Hog,36.479,17.8,11.7,1020.5,2.1,4.0,8,5,1,7,0.8660254037844387,-0.4999999999999998,-0.9749279121818236,-0.2225209339563146,36.488,64.85300000000001,57.511541666666666,19.61316686394554,train
2016-07-02 09:00:00,Hog_public_Gerard,Hog,38.206,19.4,11.7,1020.3,1.5,2.0,9,5,1,7,0.7071067811865476,-0.7071067811865475,-0.9749279121818236,-0.2225209339563146,36.479,76.693,55.90791666666667,19.54994952938369,train
2016-07-02 10:00:00,Hog_public_Gerard,Hog,42.273,22.2,12.2,1020.1,2.6,2.0,10,5,1,7,0.49999999999999994,-0.8660254037844387,-0.9749279121818236,-0.2225209339563146,38.206,78.891,54.38216666666667,19.102049777710903,train
2016-07-02 11:00:00,Hog_public_Gerard,Hog,69.029,23.3,11.1,1019.7,3.1,4.0,11,5,1,7,0.258819045102521,-0.9659258262890682,-0.9749279121818236,-0.2225209339563146,42.273,81.387,53.867250000000006,18.499513970701344,train
2016-07-02 12:00:00,Hog_public_Gerard,Hog,75.78,23.9,10.6,1019.4,3.1,4.0,12,5,1,7,1.2246467991473532e-16,-1.0,-0.9749279121818236,-0.2225209339563146,69.029,82.398,53.591499999999996,18.100776344148056,train
2016-07-02 13:00:00,Hog_public_Gerard,Hog,74.01,24.4,10.6,1019.2,2.6,6.0,13,5,1,7,-0.2588190451025208,-0.9659258262890683,-0.9749279121818236,-0.2225209339563146,75.78,81.98,53.25941666666666,17.62414093353,train
2016-07-02 14:00:00,Hog_public_Gerard,Hog,73.007,23.9,10.0,1018.9,3.1,4.0,14,5,1,7,-0.4999999999999997,-0.8660254037844388,-0.9749279121818236,-0.2225209339563146,74.01,79.169,53.00266666666667,17.271635895095574,train
2016-07-02 15:00:00,Hog_public_Gerard,Hog,74.563,25.0,10.0,1018.5,1.5,4.0,15,5,1,7,-0.7071067811865471,-0.7071067811865479,-0.9749279121818236,-0.2225209339563146,73.007,79.913,52.77975,16.940568337188594,train
2016-07-02 16:00:00,Hog_public_Gerard,Hog,74.34899999999998,25.0,9.4,1018.2,4.1,4.0,16,5,1,7,-0.8660254037844385,-0.5000000000000004,-0.9749279121818236,-0.2225209339563146,74.563,81.798,52.46937500000001,16.44684112345643,train
2016-07-02 17:00:00,Hog_public_Gerard,Hog,75.237,25.6,9.4,1018.0,3.6,4.0,17,5,1,7,-0.9659258262890683,-0.25881904510252063,-0.9749279121818236,-0.2225209339563146,74.34899999999998,78.10300000000002,52.349958333333326,16.26199514065572,train
2016-07-02 18:00:00,Hog_public_Gerard,Hog,78.112,25.6,9.4,1017.7,3.1,4.0,18,5,1,7,-1.0,-1.8369701987210297e-16,-0.9749279121818236,-0.2225209339563146,75.237,78.181,52.34708333333333,16.25723525325602,train
2016-07-02 19:00:00,Hog_public_Gerard,Hog,42.591,25.6,8.9,1017.6,3.1,4.0,19,5,1,7,-0.9659258262890684,0.2588190451025203,-0.9749279121818236,-0.2225209339563146,78.112,51.411,51.97958333333332,16.37855253974238,train
2016-07-02 20:00:00,Hog_public_Gerard,Hog,37.927,25.0,8.9,1017.4,3.6,4.0,20,5,1,7,-0.8660254037844386,0.5000000000000001,-0.9749279121818236,-0.2225209339563146,42.591,44.56399999999999,51.70304166666667,16.564182719714896,train
2016-07-02 21:00:00,Hog_public_Gerard,Hog,39.755,23.3,9.4,1017.3,3.1,2.0,21,5,1,7,-0.7071067811865477,0.7071067811865474,-0.9749279121818236,-0.2225209339563146,37.927,43.909,51.529958333333326,16.670527308316284,train
2016-07-02 22:00:00,Hog_public_Gerard,Hog,40.738,22.2,11.1,1017.4,3.1,2.0,22,5,1,7,-0.5000000000000004,0.8660254037844384,-0.9749279121818236,-0.2225209339563146,39.755,46.003,51.310583333333334,16.780699503263882,train
2016-07-02 23:00:00,Hog_public_Gerard,Hog,39.766,21.1,12.2,1017.5,2.6,2.0,23,5,1,7,-0.25881904510252157,0.9659258262890681,-0.9749279121818236,-0.2225209339563146,40.738,45.58,51.068333333333335,16.908503805113458,train
2016-07-03 00:00:00,Hog_public_Gerard,Hog,41.057,21.1,12.2,1017.7,2.1,0.0,0,6,1,7,0.0,1.0,-0.7818314824680299,0.6234898018587334,39.766,44.834,50.91095833333333,16.986449841434784,train
2016-07-03 01:00:00,Hog_public_Gerard,Hog,35.012,20.6,12.8,1017.8,1.5,0.0,1,6,1,7,0.25881904510252074,0.9659258262890683,-0.7818314824680299,0.6234898018587334,41.057,39.252,50.73429166666667,17.134385081718673,train
2016-07-03 02:00:00,Hog_public_Gerard,Hog,34.037,19.4,12.8,1018.0,2.6,0.0,2,6,1,7,0.49999999999999994,0.8660254037844387,-0.7818314824680299,0.6234898018587334,35.012,38.916,50.531,17.3087564795847,train
2016-07-03 03:00:00,Hog_public_Gerard,Hog,34.213,18.9,13.3,1018.1,3.1,0.0,3,6,1,7,0.7071067811865476,0.7071067811865476,-0.7818314824680299,0.6234898018587334,34.037,38.659,50.34575,17.464435026772207,train
2016-07-03 04:00:00,Hog_public_Gerard,Hog,33.895,17.8,13.3,1017.9,2.1,0.0,4,6,1,7,0.8660254037844386,0.5000000000000001,-0.7818314824680299,0.6234898018587334,34.213,38.162,50.16795833333333,17.614931984662203,train
2016-07-03 05:00:00,Hog_public_Gerard,Hog,33.361999999999995,17.8,13.3,1017.7,0.0,2.0,5,6,1,7,0.9659258262890683,0.25881904510252074,-0.7818314824680299,0.6234898018587334,33.895,38.792,49.94170833333334,17.80128638849297,train
2016-07-03 06:00:00,Hog_public_Gerard,Hog,33.778,17.2,13.3,1018.0,1.5,2.0,6,6,1,7,1.0,6.123233995736766e-17,-0.7818314824680299,0.6234898018587334,33.361999999999995,38.715,49.736,17.964438589226415,train
2016-07-03 07:00:00,Hog_public_Gerard,Hog,32.381,17.2,13.9,1018.2,2.6,4.0,7,6,1,7,0.9659258262890683,-0.25881904510252063,-0.7818314824680299,0.6234898018587334,33.778,36.488,49.564875,18.115052531005457,train
2016-07-03 08:00:00,Hog_public_Gerard,Hog,31.14,18.9,13.9,1018.4,0.0,4.0,8,6,1,7,0.8660254037844387,-0.4999999999999998,-0.7818314824680299,0.6234898018587334,32.381,36.479,49.34241666666667,18.314423085352036,train
2016-07-03 09:00:00,Hog_public_Gerard,Hog,31.353,21.7,13.9,1018.4,0.0,4.0,9,6,1,7,0.7071067811865476,-0.7071067811865475,-0.7818314824680299,0.6234898018587334,31.14,38.206,49.05687499999999,18.547540158743896,train
2016-07-03 10:00:00,Hog_public_Gerard,Hog,30.329,22.2,13.3,1018.2,1.5,4.0,10,6,1,7,0.49999999999999994,-0.8660254037844387,-0.7818314824680299,0.6234898018587334,31.353,42.273,48.55920833333334,18.894474540777832,train
2016-07-03 11:00:00,Hog_public_Gerard,Hog,29.829,23.3,13.9,1017.5,3.1,4.0,11,6,1,7,0.258819045102521,-0.9659258262890682,-0.7818314824680299,0.6234898018587334,30.329,69.029,46.925875,18.741732710283113,train
2016-07-03 12:00:00,Hog_public_Gerard,Hog,65.891,24.4,12.8,1017.3,3.6,4.0,12,6,1,7,1.2246467991473532e-16,-1.0,-0.7818314824680299,0.6234898018587334,29.829,75.78,46.51383333333334,18.180076638444362,train
2016-07-03 13:00:00,Hog_public_Gerard,Hog,78.582,25.0,10.6,1017.2,5.7,4.0,13,6,1,7,-0.2588190451025208,-0.9659258262890683,-0.7818314824680299,0.6234898018587334,65.891,74.01,46.70433333333333,18.5018288841393,train
2016-07-03 14:00:00,Hog_public_Gerard,Hog,74.241,25.6,8.9,1016.7,4.6,4.0,14,6,1,7,-0.4999999999999997,-0.8660254037844388,-0.7818314824680299,0.6234898018587334,78.582,73.007,46.75575,18.579653137703932,train
2016-07-03 15:00:00,Hog_public_Gerard,Hog,77.544,26.1,7.8,1016.1,4.6,2.0,15,6,1,7,-0.7071067811865471,-0.7071067811865479,-0.7818314824680299,0.6234898018587334,74.241,74.563,46.87995833333333,18.782489147165933,train
2016-07-03 16:00:00,Hog_public_Gerard,Hog,78.52600000000002,26.1,8.9,1015.5,3.1,2.0,16,6,1,7,-0.8660254037844385,-0.5000000000000004,-0.7818314824680299,0.6234898018587334,77.544,74.34899999999998,47.054,19.065311543766338,train
2016-07-03 17:00:00,Hog_public_Gerard,Hog,77.169,26.7,8.9,1015.0,3.6,2.0,17,6,1,7,-0.9659258262890683,-0.25881904510252063,-0.7818314824680299,0.6234898018587334,78.52600000000002,75.237,47.1345,19.19313351854954,train
2016-07-03 18:00:00,Hog_public_Gerard,Hog,74.63600000000002,26.1,9.4,1014.5,4.6,2.0,18,6,1,7,-1.0,-1.8369701987210297e-16,-0.7818314824680299,0.6234898018587334,77.169,78.112,46.989666666666665,18.960921096839684,train
2016-07-03 19:00:00,Hog_public_Gerard,Hog,40.126,25.6,10.0,1014.0,4.1,2.0,19,6,1,7,-0.9659258262890684,0.2588190451025203,-0.7818314824680299,0.6234898018587334,74.63600000000002,42.591,46.88695833333333,18.992434007254783,train
2016-07-03 20:00:00,Hog_public_Gerard,Hog,36.447,25.0,10.6,1013.5,3.6,0.0,20,6,1,7,-0.8660254037844386,0.5000000000000001,-0.7818314824680299,0.6234898018587334,40.126,37.927,46.825291666666665,19.025165541139295,train
2016-07-03 21:00:00,Hog_public_Gerard,Hog,36.342,23.3,11.7,1012.9,3.6,0.0,21,6,1,7,-0.7071067811865477,0.7071067811865474,-0.7818314824680299,0.6234898018587334,36.447,39.755,46.68308333333334,19.09294687874277,train
2016-07-03 22:00:00,Hog_public_Gerard,Hog,38.51300000000001,22.2,12.2,1013.1,2.6,2.0,22,6,1,7,-0.5000000000000004,0.8660254037844384,-0.7818314824680299,0.6234898018587334,36.342,40.738,46.590375,19.12843801621601,train
2016-07-03 23:00:00,Hog_public_Gerard,Hog,37.811,21.1,12.8,1014.0,3.6,2.0,23,6,1,7,-0.25881904510252157,0.9659258262890681,-0.7818314824680299,0.6234898018587334,38.51300000000001,39.766,46.508916666666664,19.162894763889,train
2016-07-04 00:00:00,Hog_public_Gerard,Hog,37.055,20.0,12.8,1014.0,2.6,0.0,0,0,0,7,0.0,1.0,0.0,1.0,37.811,41.057,46.342166666666664,19.22969412736158,train
2016-07-04 01:00:00,Hog_public_Gerard,Hog,37.391,19.4,12.8,1013.3,4.1,0.0,1,0,0,7,0.25881904510252074,0.9659258262890683,0.0,1.0,37.055,35.012,46.44129166666667,19.17480346586923,train
2016-07-04 02:00:00,Hog_public_Gerard,Hog,38.264,20.0,12.2,1012.9,3.6,0.0,2,0,0,7,0.49999999999999994,0.8660254037844387,0.0,1.0,37.391,34.037,46.617416666666664,19.075067029152663,train
2016-07-04 03:00:00,Hog_public_Gerard,Hog,32.583,19.4,11.7,1012.1,2.1,0.0,3,0,0,7,0.7071067811865476,0.7071067811865476,0.0,1.0,38.264,34.213,46.5495,19.123992197373898,train
2016-07-04 04:00:00,Hog_public_Gerard,Hog,31.354,18.9,12.2,1011.6,2.6,0.0,4,0,0,7,0.8660254037844386,0.5000000000000001,0.0,1.0,32.583,33.895,46.443625000000004,19.203963139012885,train
2016-07-04 05:00:00,Hog_public_Gerard,Hog,31.822,18.3,12.2,1012.0,0.0,2.0,5,0,0,7,0.9659258262890683,0.25881904510252074,0.0,1.0,31.354,33.361999999999995,46.37945833333333,19.25208604615675,train
2016-07-04 06:00:00,Hog_public_Gerard,Hog,31.732,16.7,12.2,1011.6,2.1,2.0,6,0,0,7,1.0,6.123233995736766e-17,0.0,1.0,31.822,33.778,46.29420833333333,19.314740547907224,train
2016-07-04 07:00:00,Hog_public_Gerard,Hog,43.865,18.3,13.3,1011.7,1.5,2.0,7,0,0,7,0.9659258262890683,-0.25881904510252063,0.0,1.0,31.732,32.381,46.772708333333334,19.096084562205007,train
2016-07-04 08:00:00,Hog_public_Gerard,Hog,41.99,20.0,13.3,1011.5,3.1,2.0,8,0,0,7,0.8660254037844387,-0.4999999999999998,0.0,1.0,43.865,31.14,47.22479166666667,18.836571590991195,train
2016-07-04 09:00:00,Hog_public_Gerard,Hog,40.329,21.7,13.9,1010.7,4.1,2.0,9,0,0,7,0.7071067811865476,-0.7071067811865475,0.0,1.0,41.99,31.353,47.59879166666667,18.59529980580453,train
2016-07-04 10:00:00,Hog_public_Gerard,Hog,39.13800000000001,22.8,12.8,1010.5,4.1,3.0,10,0,0,7,0.49999999999999994,-0.8660254037844387,0.0,1.0,40.329,30.329,47.965833333333336,18.324567784609652,train
2016-07-04 11:00:00,Hog_public_Gerard,Hog,36.228,22.8,13.3,1010.3,5.1,4.0,11,0,0,7,0.258819045102521,-0.9659258262890682,0.0,1.0,39.13800000000001,29.829,48.232458333333334,18.094307197422907,train
2016-07-04 12:00:00,Hog_public_Gerard,Hog,34.483000000000004,23.9,13.9,1010.0,4.1,5.0,12,0,0,7,1.2246467991473532e-16,-1.0,0.0,1.0,36.228,65.891,46.923791666666666,17.896334122989185,train
2016-07-04 13:00:00,Hog_public_Gerard,Hog,33.941,24.4,13.9,1009.2,5.7,6.0,13,0,0,7,-0.2588190451025208,-0.9659258262890683,0.0,1.0,34.483000000000004,78.582,45.063750000000006,16.745782636493765,train
2016-07-04 14:00:00,Hog_public_Gerard,Hog,34.015,24.4,13.9,1009.2,4.1,6.333333333333333,14,0,0,7,-0.4999999999999997,-0.8660254037844388,0.0,1.0,33.941,74.241,43.38766666666667,15.677496003110212,train
2016-07-04 15:00:00,Hog_public_Gerard,Hog,34.233000000000004,26.1,14.4,1008.8,3.6,6.666666666666667,15,0,0,7,-0.7071067811865471,-0.7071067811865479,0.0,1.0,34.015,77.544,41.58304166666667,13.975167359903757,train
2016-07-04 16:00:00,Hog_public_Gerard,Hog,34.245,26.1,15.0,1008.4,4.1,7.0,16,0,0,7,-0.8660254037844385,-0.5000000000000004,0.0,1.0,34.233000000000004,78.52600000000002,39.73800000000001,11.60844212668936,train
2016-07-04 17:00:00,Hog_public_Gerard,Hog,34.396,26.1,15.6,1008.4,5.7,7.333333333333333,17,0,0,7,-0.9659258262890683,-0.25881904510252063,0.0,1.0,34.245,77.169,37.95579166666667,8.471469160500993,train
2016-07-04 18:00:00,Hog_public_Gerard,Hog,34.397,26.1,15.6,1007.7,4.6,7.666666666666666,18,0,0,7,-1.0,-1.8369701987210297e-16,0.0,1.0,34.396,74.63600000000002,36.27916666666667,3.299372571007914,train
2016-07-04 19:00:00,Hog_public_Gerard,Hog,35.617,25.6,16.1,1007.5,3.6,8.0,19,0,0,7,-0.9659258262890684,0.2588190451025203,0.0,1.0,34.397,40.126,36.09129166666667,3.1976076312465747,train
2016-07-04 20:00:00,Hog_public_Gerard,Hog,35.717,25.6,16.1,1006.9,4.1,6.666666666666667,20,0,0,7,-0.8660254037844386,0.5000000000000001,0.0,1.0,35.617,36.447,36.060875,3.1975489024714205,train
2016-07-04 21:00:00,Hog_public_Gerard,Hog,36.13800000000001,24.4,16.7,1006.9,4.6,5.333333333333334,21,0,0,7,-0.7071067811865477,0.7071067811865474,0.0,1.0,35.717,36.342,36.052375000000005,3.1970402047288533,train
2016-07-04 22:00:00,Hog_public_Gerard,Hog,38.26,23.9,16.7,1007.1,3.6,4.0,22,0,0,7,-0.5000000000000004,0.8660254037844384,0.0,1.0,36.13800000000001,38.51300000000001,36.04183333333334,3.18898092849728,train
2016-07-04 23:00:00,Hog_public_Gerard,Hog,38.902,22.8,16.7,1007.8,3.6,4.0,23,0,0,7,-0.25881904510252157,0.9659258262890681,0.0,1.0,38.26,37.811,36.087291666666665,3.2228922533106514,train
2016-07-05 00:00:00,Hog_public_Gerard,Hog,39.261,22.2,16.7,1008.0,2.6,4.0,0,1,0,7,0.0,1.0,0.7818314824680298,0.6234898018587336,38.902,37.055,36.179208333333335,3.282595672027706,train
2016-07-05 01:00:00,Hog_public_Gerard,Hog,50.44300000000001,21.7,16.7,1008.3,3.1,4.0,1,1,0,7,0.25881904510252074,0.9659258262890683,0.7818314824680298,0.6234898018587336,39.261,37.391,36.72304166666667,4.387354312994811,train
2016-07-05 02:00:00,Hog_public_Gerard,Hog,53.33600000000001,21.1,16.7,1008.3,2.1,4.666666666666667,2,1,0,7,0.49999999999999994,0.8660254037844387,0.7818314824680298,0.6234898018587336,50.44300000000001,38.264,37.35104166666667,5.543797187763864,train
2016-07-05 03:00:00,Hog_public_Gerard,Hog,47.511,21.1,17.2,1008.0,2.1,5.333333333333333,3,1,0,7,0.7071067811865476,0.7071067811865476,0.7818314824680298,0.6234898018587336,53.33600000000001,32.583,37.97304166666667,5.816319331278702,train
2016-07-05 04:00:00,Hog_public_Gerard,Hog,31.233,21.1,17.2,1007.2,4.1,6.0,4,1,0,7,0.8660254037844386,0.5000000000000001,0.7818314824680298,0.6234898018587336,47.511,31.354,37.968,5.822355574403125,train
2016-07-05 05:00:00,Hog_public_Gerard,Hog,30.243,21.1,17.8,1006.9,5.1,6.666666666666666,5,1,0,7,0.9659258262890683,0.25881904510252074,0.7818314824680298,0.6234898018587336,31.233,31.822,37.902208333333334,5.903184055930236,train
2016-07-05 06:00:00,Hog_public_Gerard,Hog,29.225,21.7,18.3,1008.0,1.5,7.333333333333333,6,1,0,7,1.0,6.123233995736766e-17,0.7818314824680298,0.6234898018587336,30.243,31.732,37.79775,6.037761543529379,train
2016-07-05 07:00:00,Hog_public_Gerard,Hog,33.644,21.7,18.3,1008.7,5.1,8.0,7,1,0,7,0.9659258262890683,-0.25881904510252063,0.7818314824680298,0.6234898018587336,29.225,43.865,37.371875,5.951047516943012,train
2016-07-05 08:00:00,Hog_public_Gerard,Hog,65.472,22.2,18.9,1008.6,3.6,7.666666666666667,8,1,0,7,0.8660254037844387,-0.4999999999999998,0.7818314824680298,0.6234898018587336,33.644,41.99,38.35029166666667,8.235287268182773,train
2016-07-05 09:00:00,Hog_public_Gerard,Hog,79.045,23.3,18.3,1007.7,3.6,7.333333333333333,9,1,0,7,0.7071067811865476,-0.7071067811865475,0.7818314824680298,0.6234898018587336,65.472,40.329,39.963458333333335,11.702002125163,train
2016-07-05 10:00:00,Hog_public_Gerard,Hog,80.688,25.0,18.3,1007.3,4.6,7.0,10,1,0,7,0.49999999999999994,-0.8660254037844387,0.7818314824680298,0.6234898018587336,79.045,39.13800000000001,41.69470833333334,14.348793482014202,train
2016-07-05 11:00:00,Hog_public_Gerard,Hog,81.608,28.9,17.8,1007.5,4.1,6.666666666666667,11,1,0,7,0.258819045102521,-0.9659258262890682,0.7818314824680298,0.6234898018587336,80.688,36.228,43.58554166666667,16.435382094946394,train
2016-07-05 12:00:00,Hog_public_Gerard,Hog,82.051,28.9,18.3,1007.2,5.1,6.333333333333334,12,1,0,7,1.2246467991473532e-16,-1.0,0.7818314824680298,0.6234898018587336,81.608,34.483000000000004,45.56754166666667,18.076235287584137,train
2016-07-05 13:00:00,Hog_public_Gerard,Hog,85.38,28.3,20.0,1006.7,5.7,6.0,13,1,0,7,-0.2588190451025208,-0.9659258262890683,0.7818314824680298,0.6234898018587336,82.051,33.941,47.71083333333333,19.621265169213228,train
2016-07-05 14:00:00,Hog_public_Gerard,Hog,84.19200000000002,30.6,20.0,1006.7,5.7,6.333333333333333,14,1,0,7,-0.4999999999999997,-0.8660254037844388,0.7818314824680298,0.6234898018587336,85.38,34.015,49.80154166666667,20.739855850363117,train
2016-07-05 15:00:00,Hog_public_Gerard,Hog,82.042,31.7,19.4,1006.2,6.7,6.666666666666667,15,1,0,7,-0.7071067811865471,-0.7071067811865479,0.7818314824680298,0.6234898018587336,84.19200000000002,34.233000000000004,51.79358333333334,21.462897632318032,train
2016-07-05 16:00:00,Hog_public_Gerard,Hog,83.75299999999999,32.2,20.6,1005.8,7.2,7.0,16,1,0,7,-0.8660254037844385,-0.5000000000000004,0.7818314824680298,0.6234898018587336,82.042,34.245,53.85641666666667,22.073407376527655,train
2016-07-05 17:00:00,Hog_public_Gerard,Hog,84.316,29.4,21.7,1006.7,3.1,7.333333333333333,17,1,0,7,-0.9659258262890683,-0.25881904510252063,0.7818314824680298,0.6234898018587336,83.75299999999999,34.396,55.936416666666666,22.50763832069822,train
2016-07-05 18:00:00,Hog_public_Gerard,Hog,85.18299999999998,26.7,20.0,1005.75,14.9,7.666666666666666,18,1,0,7,-1.0,-1.8369701987210297e-16,0.7818314824680298,0.6234898018587336,84.316,34.397,58.0525,22.780241020597703,train
2016-07-05 19:00:00,Hog_public_Gerard,Hog,88.792,21.7,18.3,1004.8,14.9,8.0,19,1,0,7,-0.9659258262890684,0.2588190451025203,0.7818314824680298,0.6234898018587336,85.18299999999998,35.617,60.268125,23.087127132767424,train
2016-07-05 20:00:00,Hog_public_Gerard,Hog,87.96700000000001,20.6,18.3,1007.25,6.2,7.2,20,1,0,7,-0.8660254037844386,0.5000000000000001,0.7818314824680298,0.6234898018587336,88.792,35.717,62.44520833333333,23.134833924060082,train
2016-07-05 21:00:00,Hog_public_Gerard,Hog,88.617,20.6,17.8,1009.7,2.6,6.4,21,1,0,7,-0.7071067811865477,0.7071067811865474,0.7818314824680298,0.6234898018587336,87.96700000000001,36.13800000000001,64.63183333333333,23.020042317920296,train
2016-07-05 22:00:00,Hog_public_Gerard,Hog,58.054,21.1,16.7,1002.7,8.8,5.6,22,1,0,7,-0.5000000000000004,0.8660254037844384,0.7818314824680298,0.6234898018587336,88.617,38.26,65.45658333333334,22.379807676674265,train
2016-07-05 23:00:00,Hog_public_Gerard,Hog,49.46100000000001,21.1,16.7,1005.1,2.6,4.8,23,1,0,7,-0.25881904510252157,0.9659258262890681,0.7818314824680298,0.6234898018587336,58.054,38.902,65.89654166666666,21.93443835611455,train
2016-07-06 00:00:00,Hog_public_Gerard,Hog,47.119,19.4,17.2,1007.8,3.6,4.0,0,2,0,7,0.0,1.0,0.9749279121818236,-0.22252093395631434,49.46100000000001,39.261,66.22395833333333,21.575269285395247,train
2016-07-06 01:00:00,Hog_public_Gerard,Hog,52.039,18.9,17.2,1008.2,3.1,2.0,1,2,0,7,0.25881904510252074,0.9659258262890683,0.9749279121818236,-0.22252093395631434,47.119,50.44300000000001,66.29045833333333,21.52691933770604,train
2016-07-06 02:00:00,Hog_public_Gerard,Hog,42.975,19.4,17.2,1008.0,0.0,0.0,2,2,0,7,0.49999999999999994,0.8660254037844387,0.9749279121818236,-0.22252093395631434,52.039,53.33600000000001,65.85875,21.898689228690913,train
2016-07-06 03:00:00,Hog_public_Gerard,Hog,38.439,18.9,17.2,1007.4,1.5,4.0,3,2,0,7,0.7071067811865476,0.7071067811865476,0.9749279121818236,-0.22252093395631434,42.975,47.511,65.48075,22.303716898759294,train
2016-07-06 04:00:00,Hog_public_Gerard,Hog,31.531,19.4,17.2,1008.2,1.5,4.0,4,2,0,7,0.8660254037844386,0.5000000000000001,0.9749279121818236,-0.22252093395631434,38.439,31.233,65.49316666666667,22.283896073888986,train
2016-07-06 05:00:00,Hog_public_Gerard,Hog,28.748,18.9,17.2,1008.2,0.0,4.666666666666667,5,2,0,7,0.9659258262890683,0.25881904510252074,0.9749279121818236,-0.22252093395631434,31.531,30.243,65.430875,22.38856118512796,train
2016-07-06 06:00:00,Hog_public_Gerard,Hog,29.271,18.9,17.2,1008.1,1.5,5.333333333333333,6,2,0,7,1.0,6.123233995736766e-17,0.9749279121818236,-0.22252093395631434,28.748,29.225,65.43279166666666,22.3853286017178,train
2016-07-06 07:00:00,Hog_public_Gerard,Hog,33.958,19.4,17.2,1008.2,1.5,6.0,7,2,0,7,0.9659258262890683,-0.25881904510252063,0.9749279121818236,-0.22252093395631434,29.271,33.644,65.445875,22.366024960839912,train
2016-07-06 08:00:00,Hog_public_Gerard,Hog,65.747,21.1,18.3,1009.2,4.1,5.6,8,2,0,7,0.8660254037844387,-0.4999999999999998,0.9749279121818236,-0.22252093395631434,33.958,65.472,65.45733333333334,22.366109369285518,train
2016-07-06 09:00:00,Hog_public_Gerard,Hog,81.712,22.8,17.8,1009.5,3.1,5.2,9,2,0,7,0.7071067811865476,-0.7071067811865475,0.9749279121818236,-0.22252093395631434,65.747,79.045,65.56845833333334,22.443047382748098,train
2016-07-06 10:00:00,Hog_public_Gerard,Hog,81.704,24.4,17.8,1009.7,3.6,4.8,10,2,0,7,0.49999999999999994,-0.8660254037844387,0.9749279121818236,-0.22252093395631434,81.712,80.688,65.61079166666667,22.473743905469426,train
2016-07-06 11:00:00,Hog_public_Gerard,Hog,85.27799999999998,26.1,16.1,1009.6,4.1,4.4,11,2,0,7,0.258819045102521,-0.9659258262890682,0.9749279121818236,-0.22252093395631434,81.704,81.608,65.76370833333333,22.599459403844495,train
2016-07-06 12:00:00,Hog_public_Gerard,Hog,84.89299999999999,27.2,14.4,1010.0,1.5,4.0,12,2,0,7,1.2246467991473532e-16,-1.0,0.9749279121818236,-0.22252093395631434,85.27799999999998,82.051,65.882125,22.695752708022187,train
2016-07-06 13:00:00,Hog_public_Gerard,Hog,87.18299999999998,28.9,15.0,1009.7,2.1,4.0,13,2,0,7,-0.2588190451025208,-0.9659258262890683,0.9749279121818236,-0.22252093395631434,84.89299999999999,85.38,65.95725,22.765973931839994,train
2016-07-06 14:00:00,Hog_public_Gerard,Hog,86.971,28.9,14.4,1009.2,3.1,4.0,14,2,0,7,-0.4999999999999997,-0.8660254037844388,0.9749279121818236,-0.22252093395631434,87.18299999999998,84.19200000000002,66.07304166666667,22.86958287956179,train
2016-07-06 15:00:00,Hog_public_Gerard,Hog,82.75,30.0,12.8,1009.2,3.1,2.0,15,2,0,7,-0.7071067811865471,-0.7071067811865479,0.9749279121818236,-0.22252093395631434,86.971,82.042,66.10254166666667,22.89152331052807,train
2016-07-06 16:00:00,Hog_public_Gerard,Hog,82.154,30.6,11.7,1009.2,3.6,2.0,16,2,0,7,-0.8660254037844385,-0.5000000000000004,0.9749279121818236,-0.22252093395631434,82.75,83.75299999999999,66.03591666666667,22.840188084424454,train
2016-07-06 17:00:00,Hog_public_Gerard,Hog,82.292,31.1,11.7,1009.1,3.1,2.0,17,2,0,7,-0.9659258262890683,-0.25881904510252063,0.9749279121818236,-0.22252093395631434,82.154,84.316,65.95158333333333,22.773396490903256,train
2016-07-06 18:00:00,Hog_public_Gerard,Hog,82.477,30.0,11.7,1009.3,1.5,2.0,18,2,0,7,-1.0,-1.8369701987210297e-16,0.9749279121818236,-0.22252093395631434,82.292,85.18299999999998,65.83883333333334,22.68055231416032,train
2016-07-06 19:00:00,Hog_public_Gerard,Hog,82.509,29.4,12.2,1008.9,3.1,2.0,19,2,0,7,-0.9659258262890684,0.2588190451025203,0.9749279121818236,-0.22252093395631434,82.477,88.792,65.57704166666667,22.439070337402235,train
2016-07-06 20:00:00,Hog_public_Gerard,Hog,81.664,28.9,13.3,1009.1,4.6,2.0,20,2,0,7,-0.8660254037844386,0.5000000000000001,0.9749279121818236,-0.22252093395631434,82.509,87.96700000000001,65.31441666666667,22.20125129046378,train
2016-07-06 21:00:00,Hog_public_Gerard,Hog,80.286,26.7,14.4,1008.4,3.6,2.0,21,2,0,7,-0.7071067811865477,0.7071067811865474,0.9749279121818236,-0.22252093395631434,81.664,88.617,64.96729166666667,21.883926872159286,train
2016-07-06 22:00:00,Hog_public_Gerard,Hog,46.441,25.6,15.6,1008.8,2.6,3.5,22,2,0,7,-0.5000000000000004,0.8660254037844384,0.9749279121818236,-0.22252093395631434,80.286,58.054,64.48341666666666,22.16995078913696,train
2016-07-06 23:00:00,Hog_public_Gerard,Hog,41.949,25.0,15.6,1009.1,2.1,5.0,23,2,0,7,-0.25881904510252157,0.9659258262890681,0.9749279121818236,-0.22252093395631434,46.441,49.46100000000001,64.17041666666667,22.44261298999832,train
2016-07-07 00:00:00,Hog_public_Gerard,Hog,43.063,24.4,16.1,1009.2,2.1,6.5,0,3,0,7,0.0,1.0,0.43388373911755823,-0.900968867902419,41.949,47.119,64.00141666666666,22.59137672521488,train
2016-07-07 01:00:00,Hog_public_Gerard,Hog,45.483,23.3,16.1,1008.3,3.1,8.0,1,3,0,7,0.25881904510252074,0.9659258262890683,0.43388373911755823,-0.900968867902419,43.063,52.039,63.72825,22.78115011840693,train
2016-07-07 02:00:00,Hog_public_Gerard,Hog,38.62,23.3,17.2,1009.1,0.0,8.0,2,3,0,7,0.49999999999999994,0.8660254037844387,0.43388373911755823,-0.900968867902419,45.483,42.975,63.54679166666666,22.97020281370056,train
2016-07-07 03:00:00,Hog_public_Gerard,Hog,37.438,22.8,17.2,1008.0,2.6,8.0,3,3,0,7,0.7071067811865476,0.7071067811865476,0.43388373911755823,-0.900968867902419,38.62,38.439,63.50508333333334,23.01863238470782,train
2016-07-07 04:00:00,Hog_public_Gerard,Hog,31.241,22.8,17.8,1007.5,2.1,8.0,4,3,0,7,0.8660254037844386,0.5000000000000001,0.43388373911755823,-0.900968867902419,37.438,31.531,63.493,23.03621592189136,train
2016-07-07 05:00:00,Hog_public_Gerard,Hog,29.335,21.1,18.9,1004.6,9.8,8.0,5,3,0,7,0.9659258262890683,0.25881904510252074,0.43388373911755823,-0.900968867902419,31.241,28.748,63.51745833333334,22.99800198690081,train
2016-07-07 06:00:00,Hog_public_Gerard,Hog,29.44,20.6,17.8,1006.0,4.1,8.0,6,3,0,7,1.0,6.123233995736766e-17,0.43388373911755823,-0.900968867902419,29.335,29.271,63.524499999999996,22.987083577333276,train
2016-07-07 07:00:00,Hog_public_Gerard,Hog,34.975,20.6,17.8,1007.0,4.1,8.0,7,3,0,7,0.9659258262890683,-0.25881904510252063,0.43388373911755823,-0.900968867902419,29.44,33.958,63.566875,22.93107934150299,train
2016-07-07 08:00:00,Hog_public_Gerard,Hog,68.3,22.2,17.8,1007.3,2.1,7.2,8,3,0,7,0.8660254037844387,-0.4999999999999998,0.43388373911755823,-0.900968867902419,34.975,65.747,63.673249999999996,22.947548080161095,train
2016-07-07 09:00:00,Hog_public_Gerard,Hog,80.07300000000002,22.2,17.8,1007.2,3.1,6.4,9,3,0,7,0.7071067811865476,-0.7071067811865475,0.43388373911755823,-0.900968867902419,68.3,81.712,63.604958333333336,22.89390702591484,train
2016-07-07 10:00:00,Hog_public_Gerard,Hog,76.749,23.9,16.7,1007.6,3.1,5.6,10,3,0,7,0.49999999999999994,-0.8660254037844387,0.43388373911755823,-0.900968867902419,80.07300000000002,81.704,63.39849999999999,22.745453474027098,train
2016-07-07 11:00:00,Hog_public_Gerard,Hog,78.586,25.6,16.1,1007.4,0.0,4.8,11,3,0,7,0.258819045102521,-0.9659258262890682,0.43388373911755823,-0.900968867902419,76.749,85.27799999999998,63.11966666666666,22.50532470263461,train
2016-07-07 12:00:00,Hog_public_Gerard,Hog,84.021,26.1,16.1,1007.3,1.5,4.0,12,3,0,7,1.2246467991473532e-16,-1.0,0.43388373911755823,-0.900968867902419,78.586,84.89299999999999,63.083333333333336,22.469319882253128,train
2016-07-07 13:00:00,Hog_public_Gerard,Hog,80.479,26.7,16.7,1007.4,2.1,6.0,13,3,0,7,-0.2588190451025208,-0.9659258262890683,0.43388373911755823,-0.900968867902419,84.021,87.18299999999998,62.803999999999995,22.196709863910236,train
2016-07-07 14:00:00,Hog_public_Gerard,Hog,83.11399999999998,27.2,17.2,1007.2,1.5,6.333333333333333,14,3,0,7,-0.4999999999999997,-0.8660254037844388,0.43388373911755823,-0.900968867902419,80.479,86.971,62.64329166666666,22.027446042882563,train
2016-07-07 15:00:00,Hog_public_Gerard,Hog,79.314,28.9,16.1,1007.0,3.6,6.666666666666667,15,3,0,7,-0.7071067811865471,-0.7071067811865479,0.43388373911755823,-0.900968867902419,83.11399999999998,82.75,62.500125,21.901889531970827,train
2016-07-07 16:00:00,Hog_public_Gerard,Hog,78.6,27.8,16.7,1007.4,5.1,7.0,16,3,0,7,-0.8660254037844385,-0.5000000000000004,0.43388373911755823,-0.900968867902419,79.314,82.154,62.35204166666666,21.77487431297861,train
2016-07-07 17:00:00,Hog_public_Gerard,Hog,81.187,26.7,17.2,1008.0,4.6,7.333333333333333,17,3,0,7,-0.9659258262890683,-0.25881904510252063,0.43388373911755823,-0.900968867902419,78.6,82.292,62.306000000000004,21.732005371761304,train
2016-07-07 18:00:00,Hog_public_Gerard,Hog,80.42399999999998,25.6,18.3,1008.0,5.1,7.666666666666666,18,3,0,7,-1.0,-1.8369701987210297e-16,0.43388373911755823,-0.900968867902419,81.187,82.477,62.22045833333333,21.653053191638556,train
2016-07-07 19:00:00,Hog_public_Gerard,Hog,81.925,24.4,19.4,1008.8,4.1,8.0,19,3,0,7,-0.9659258262890684,0.2588190451025203,0.43388373911755823,-0.900968867902419,80.42399999999998,82.509,62.196125,21.629577391020185,train
2016-07-07 20:00:00,Hog_public_Gerard,Hog,79.264,23.3,19.4,1007.8,3.1,7.0,20,3,0,7,-0.8660254037844386,0.5000000000000001,0.43388373911755823,-0.900968867902419,81.925,81.664,62.096124999999994,21.541024981290153,train
2016-07-07 21:00:00,Hog_public_Gerard,Hog,81.503,22.8,18.9,1007.0,3.1,6.0,21,3,0,7,-0.7071067811865477,0.7071067811865474,0.43388373911755823,-0.900968867902419,79.264,80.286,62.14683333333334,21.58708948838892,train
2016-07-07 22:00:00,Hog_public_Gerard,Hog,49.249,22.2,18.3,1008.0,5.7,5.0,22,3,0,7,-0.5000000000000004,0.8660254037844384,0.43388373911755823,-0.900968867902419,81.503,46.441,62.26383333333333,21.505720490071997,train
2016-07-07 23:00:00,Hog_public_Gerard,Hog,39.295,21.7,18.9,1008.5,4.1,4.0,23,3,0,7,-0.25881904510252157,0.9659258262890681,0.43388373911755823,-0.900968867902419,49.249,41.949,62.15324999999999,21.621235214382487,train
2016-07-08 00:00:00,Hog_public_Gerard,Hog,38.688,22.2,18.3,1008.1,5.1,3.0,0,4,0,7,0.0,1.0,-0.433883739117558,-0.9009688679024191,39.295,43.063,61.970958333333336,21.806832262986198,train
2016-07-08 01:00:00,Hog_public_Gerard,Hog,43.692,21.7,17.8,1008.3,3.1,2.0,1,4,0,7,0.25881904510252074,0.9659258262890683,-0.433883739117558,-0.9009688679024191,38.688,45.483,61.89633333333333,21.868685534674782,train
2016-07-08 02:00:00,Hog_public_Gerard,Hog,42.714,21.1,18.3,1008.1,3.1,2.0,2,4,0,7,0.49999999999999994,0.8660254037844387,-0.433883739117558,-0.9009688679024191,43.692,38.62,62.066916666666664,21.694501619407944,train
2016-07-08 03:00:00,Hog_public_Gerard,Hog,35.755,20.6,17.8,1008.1,3.6,2.0,3,4,0,7,0.7071067811865476,0.7071067811865476,-0.433883739117558,-0.9009688679024191,42.714,37.438,61.99679166666666,21.780124180145013,train
2016-07-08 04:00:00,Hog_public_Gerard,Hog,30.31900000000001,20.0,17.2,1007.9,3.1,2.0,4,4,0,7,0.8660254037844386,0.5000000000000001,-0.433883739117558,-0.9009688679024191,35.755,31.241,61.958375,21.837468755235136,train
2016-07-08 05:00:00,Hog_public_Gerard,Hog,29.738000000000003,19.4,16.7,1007.9,3.1,2.6666666666666665,5,4,0,7,0.9659258262890683,0.25881904510252074,-0.433883739117558,-0.9009688679024191,30.31900000000001,29.335,61.97516666666666,21.811432143372173,train
2016-07-08 06:00:00,Hog_public_Gerard,Hog,31.846,19.4,16.7,1008.0,3.6,3.333333333333333,6,4,0,7,1.0,6.123233995736766e-17,-0.433883739117558,-0.9009688679024191,29.738000000000003,29.44,62.07541666666666,21.660398217698503,train
2016-07-08 07:00:00,Hog_public_Gerard,Hog,33.61,19.4,16.1,1008.5,4.1,4.0,7,4,0,7,0.9659258262890683,-0.25881904510252063,-0.433883739117558,-0.9009688679024191,31.846,34.975,62.018541666666664,21.736310334431447,train
2016-07-08 08:00:00,Hog_public_Gerard,Hog,65.556,20.0,15.0,1008.9,5.7,2.0,8,4,0,7,0.8660254037844387,-0.4999999999999998,-0.433883739117558,-0.9009688679024191,33.61,68.3,61.90420833333334,21.709032844455965,train
2016-07-08 09:00:00,Hog_public_Gerard,Hog,79.82300000000002,21.7,13.9,1009.5,8.8,4.0,9,4,0,7,0.7071067811865476,-0.7071067811865475,-0.433883739117558,-0.9009688679024191,65.556,80.07300000000002,61.89379166666666,21.699993951069445,train
2016-07-08 10:00:00,Hog_public_Gerard,Hog,78.775,21.1,13.9,1010.0,9.3,4.5,10,4,0,7,0.49999999999999994,-0.8660254037844387,-0.433883739117558,-0.9009688679024191,79.82300000000002,76.749,61.97820833333333,21.76414174334188,train
2016-07-08 11:00:00,Hog_public_Gerard,Hog,85.86200000000002,21.1,13.9,1010.5,9.3,5.0,11,4,0,7,0.258819045102521,-0.9659258262890682,-0.433883739117558,-0.9009688679024191,78.775,78.586,62.281375000000004,22.05428266960078,train
2016-07-08 12:00:00,Hog_public_Gerard,Hog,85.861,21.1,14.4,1011.2,8.8,5.5,12,4,0,7,1.2246467991473532e-16,-1.0,-0.433883739117558,-0.9009688679024191,85.86200000000002,84.021,62.35804166666666,22.136187357747946,train
2016-07-08 13:00:00,Hog_public_Gerard,Hog,80.999,23.3,15.0,1011.3,9.8,6.0,13,4,0,7,-0.2588190451025208,-0.9659258262890683,-0.433883739117558,-0.9009688679024191,85.861,80.479,62.37970833333333,22.15494165796324,train
2016-07-08 14:00:00,Hog_public_Gerard,Hog,79.744,23.3,14.4,1011.5,7.7,6.0,14,4,0,7,-0.4999999999999997,-0.8660254037844388,-0.433883739117558,-0.9009688679024191,80.999,83.11399999999998,62.239291666666674,22.02813190184647,train
2016-07-08 15:00:00,Hog_public_Gerard,Hog,83.999,24.4,15.0,1011.8,8.2,6.0,15,4,0,7,-0.7071067811865471,-0.7071067811865479,-0.433883739117558,-0.9009688679024191,79.744,79.314,62.43449999999999,22.20606299698549,train
2016-07-08 16:00:00,Hog_public_Gerard,Hog,82.251,25.6,15.6,1012.3,7.2,6.0,16,4,0,7,-0.8660254037844385,-0.5000000000000004,-0.433883739117558,-0.9009688679024191,83.999,78.6,62.586625000000005,22.333760028870536,train
2016-07-08 17:00:00,Hog_public_Gerard,Hog,80.551,26.1,15.6,1012.4,7.7,6.0,17,4,0,7,-0.9659258262890683,-0.25881904510252063,-0.433883739117558,-0.9009688679024191,82.251,81.187,62.560125,22.31109610526743,train
2016-07-08 18:00:00,Hog_public_Gerard,Hog,79.589,25.6,15.0,1012.7,5.1,6.0,18,4,0,7,-1.0,-1.8369701987210297e-16,-0.433883739117558,-0.9009688679024191,80.551,80.42399999999998,62.52533333333333,22.282661147113977,train
2016-07-08 19:00:00,Hog_public_Gerard,Hog,52.937,26.1,14.4,1012.7,6.7,6.0,19,4,0,7,-0.9659258262890684,0.2588190451025203,-0.433883739117558,-0.9009688679024191,79.589,81.925,61.3175,21.968818926912746,train
2016-07-08 20:00:00,Hog_public_Gerard,Hog,41.45399999999999,25.0,13.9,1013.3,6.2,5.0,20,4,0,7,-0.8660254037844386,0.5000000000000001,-0.433883739117558,-0.9009688679024191,52.937,79.264,59.74208333333334,21.98159544574919,train
2016-07-08 21:00:00,Hog_public_Gerard,Hog,41.301,23.3,14.4,1013.9,4.6,4.0,21,4,0,7,-0.7071067811865477,0.7071067811865474,-0.433883739117558,-0.9009688679024191,41.45399999999999,81.503,58.067,21.78209949357105,train
2016-07-08 22:00:00,Hog_public_Gerard,Hog,43.085,22.8,14.4,1014.7,4.6,2.0,22,4,0,7,-0.5000000000000004,0.8660254037844384,-0.433883739117558,-0.9009688679024191,41.301,49.249,57.810166666666674,21.926454957755823,train
2016-07-08 23:00:00,Hog_public_Gerard,Hog,43.519,21.7,15.0,1015.3,2.1,2.0,23,4,0,7,-0.25881904510252157,0.9659258262890681,-0.433883739117558,-0.9009688679024191,43.085,39.295,57.98616666666667,21.787889980379088,train
2016-07-09 00:00:00,Hog_public_Gerard,Hog,43.319,20.6,15.0,1015.5,2.6,0.0,0,5,1,7,0.0,1.0,-0.9749279121818236,-0.2225209339563146,43.519,38.688,58.179125,21.629481085480897,train
2016-07-09 01:00:00,Hog_public_Gerard,Hog,37.976,20.0,15.0,1015.9,2.1,0.0,1,5,1,7,0.25881904510252074,0.9659258262890683,-0.9749279121818236,-0.2225209339563146,43.319,43.692,57.940958333333334,21.826510112563636,train
2016-07-09 02:00:00,Hog_public_Gerard,Hog,37.389,19.4,15.6,1016.6,1.5,0.0,2,5,1,7,0.49999999999999994,0.8660254037844387,-0.9749279121818236,-0.2225209339563146,37.976,42.714,57.71908333333334,22.01428563044558,train
2016-07-09 03:00:00,Hog_public_Gerard,Hog,36.469,19.4,15.6,1017.1,0.0,0.0,3,5,1,7,0.7071067811865476,0.7071067811865476,-0.9749279121818236,-0.2225209339563146,37.389,35.755,57.748833333333344,21.983774249020257,train
2016-07-09 04:00:00,Hog_public_Gerard,Hog,36.841,17.8,15.6,1017.7,1.5,0.0,4,5,1,7,0.8660254037844386,0.5000000000000001,-0.9749279121818236,-0.2225209339563146,36.469,30.31900000000001,58.02058333333333,21.66800384039883,train
2016-07-09 05:00:00,Hog_public_Gerard,Hog,36.997,17.8,15.6,1017.9,1.5,0.0,5,5,1,7,0.9659258262890683,0.25881904510252074,-0.9749279121818236,-0.2225209339563146,36.841,29.738000000000003,58.323041666666676,21.303649382164327,train
2016-07-09 06:00:00,Hog_public_Gerard,Hog,36.567,17.8,15.0,1017.9,0.0,0.0,6,5,1,7,1.0,6.123233995736766e-17,-0.9749279121818236,-0.2225209339563146,36.997,31.846,58.51975000000001,21.069046866145325,train
2016-07-09 07:00:00,Hog_public_Gerard,Hog,35.184,18.3,15.0,1017.9,3.1,0.0,7,5,1,7,0.9659258262890683,-0.25881904510252063,-0.9749279121818236,-0.2225209339563146,36.567,33.61,58.58533333333333,20.990440142177125,train
2016-07-09 08:00:00,Hog_public_Gerard,Hog,34.937,19.4,14.4,1018.2,3.1,0.0,8,5,1,7,0.8660254037844387,-0.4999999999999998,-0.9749279121818236,-0.2225209339563146,35.184,65.556,57.30954166666667,21.473297158744764,train
2016-07-09 09:00:00,Hog_public_Gerard,Hog,35.17,21.1,15.6,1018.7,0.0,0.0,9,5,1,7,0.7071067811865476,-0.7071067811865475,-0.9749279121818236,-0.2225209339563146,34.937,79.82300000000002,55.449000000000005,21.372048000580875,train
2016-07-09 10:00:00,Hog_public_Gerard,Hog,39.832,22.2,14.4,1018.8,2.1,0.0,10,5,1,7,0.49999999999999994,-0.8660254037844387,-0.9749279121818236,-0.2225209339563146,35.17,78.775,53.826375000000006,20.99915169055238,train
2016-07-09 11:00:00,Hog_public_Gerard,Hog,67.387,23.9,15.0,1018.6,3.1,0.0,11,5,1,7,0.258819045102521,-0.9659258262890682,-0.9749279121818236,-0.2225209339563146,39.832,85.86200000000002,53.05658333333333,20.09279335421945,train
2016-07-09 12:00:00,Hog_public_Gerard,Hog,79.126,25.0,15.0,1018.5,3.6,0.0,12,5,1,7,1.2246467991473532e-16,-1.0,-0.9749279121818236,-0.2225209339563146,67.387,85.861,52.775958333333335,19.657018497615113,train
2016-07-09 13:00:00,Hog_public_Gerard,Hog,76.483,25.6,13.9,1018.4,1.5,2.0,13,5,1,7,-0.2588190451025208,-0.9659258262890683,-0.9749279121818236,-0.2225209339563146,79.126,80.999,52.58779166666667,19.394975409332858,train
2016-07-09 14:00:00,Hog_public_Gerard,Hog,75.19800000000002,26.1,14.4,1018.1,2.6,4.0,14,5,1,7,-0.4999999999999997,-0.8660254037844388,-0.9749279121818236,-0.2225209339563146,76.483,79.744,52.398374999999994,19.138735383265406,train
2016-07-09 15:00:00,Hog_public_Gerard,Hog,74.015,27.2,14.4,1017.7,4.6,4.0,15,5,1,7,-0.7071067811865471,-0.7071067811865479,-0.9749279121818236,-0.2225209339563146,75.19800000000002,83.999,51.98237500000001,18.520520991856188,train
2016-07-09 16:00:00,Hog_public_Gerard,Hog,76.057,27.2,15.0,1017.5,4.1,4.0,16,5,1,7,-0.8660254037844385,-0.5000000000000004,-0.9749279121818236,-0.2225209339563146,74.015,82.251,51.724291666666666,18.119197591119136,train
2016-07-09 17:00:00,Hog_public_Gerard,Hog,74.194,27.2,15.0,1017.1,4.1,4.0,17,5,1,7,-0.9659258262890683,-0.25881904510252063,-0.9749279121818236,-0.2225209339563146,76.057,80.551,51.45941666666667,17.721575231576026,train
2016-07-09 18:00:00,Hog_public_Gerard,Hog,77.882,27.2,14.4,1016.5,5.7,4.0,18,5,1,7,-1.0,-1.8369701987210297e-16,-0.9749279121818236,-0.2225209339563146,74.194,79.589,51.38829166666667,17.606823406749225,train
2016-07-09 19:00:00,Hog_public_Gerard,Hog,41.993,26.7,15.6,1015.7,5.7,4.0,19,5,1,7,-0.9659258262890684,0.2588190451025203,-0.9749279121818236,-0.2225209339563146,77.882,52.937,50.932291666666664,17.706407394620697,train
2016-07-09 20:00:00,Hog_public_Gerard,Hog,36.913,26.1,15.6,1015.5,3.6,4.0,20,5,1,7,-0.8660254037844386,0.5000000000000001,-0.9749279121818236,-0.2225209339563146,41.993,41.45399999999999,50.74308333333334,17.835883683612806,train
2016-07-09 21:00:00,Hog_public_Gerard,Hog,36.441,24.4,16.1,1015.1,4.1,4.0,21,5,1,7,-0.7071067811865477,0.7071067811865474,-0.9749279121818236,-0.2225209339563146,36.913,41.301,50.54058333333334,17.974793553671336,train
2016-07-09 22:00:00,Hog_public_Gerard,Hog,37.751,23.9,16.1,1015.2,4.1,4.0,22,5,1,7,-0.5000000000000004,0.8660254037844384,-0.9749279121818236,-0.2225209339563146,36.441,43.085,50.318333333333335,18.103501839163133,train
2016-07-09 23:00:00,Hog_public_Gerard,Hog,38.223,22.8,16.1,1014.9,3.6,4.0,23,5,1,7,-0.25881904510252157,0.9659258262890681,-0.9749279121818236,-0.2225209339563146,37.751,43.519,50.09766666666667,18.221873403106603,train
2016-07-10 00:00:00,Hog_public_Gerard,Hog,38.758,22.8,15.6,1015.0,4.1,4.0,0,6,1,7,0.0,1.0,-0.7818314824680299,0.6234898018587334,38.223,43.319,49.907625,18.31916833552872,train
2016-07-10 01:00:00,Hog_public_Gerard,Hog,32.217,22.2,16.1,1014.6,4.1,6.0,1,6,1,7,0.25881904510252074,0.9659258262890683,-0.7818314824680299,0.6234898018587334,38.758,37.976,49.66766666666666,18.51888222438339,train
2016-07-10 02:00:00,Hog_public_Gerard,Hog,32.221,21.7,16.1,1013.8,4.6,6.333333333333333,2,6,1,7,0.49999999999999994,0.8660254037844387,-0.7818314824680299,0.6234898018587334,32.217,37.389,49.452333333333335,18.697052375608173,train
2016-07-10 03:00:00,Hog_public_Gerard,Hog,32.028,21.7,16.1,1013.9,4.6,6.666666666666667,3,6,1,7,0.7071067811865476,0.7071067811865476,-0.7818314824680299,0.6234898018587334,32.221,36.469,49.267291666666665,18.85246302782698,train
2016-07-10 04:00:00,Hog_public_Gerard,Hog,30.946,21.7,16.1,1013.2,5.7,7.0,4,6,1,7,0.8660254037844386,0.5000000000000001,-0.7818314824680299,0.6234898018587334,32.028,36.841,49.021666666666675,19.05867641662523,train
2016-07-10 05:00:00,Hog_public_Gerard,Hog,31.593000000000004,21.1,16.7,1012.0,6.2,7.333333333333333,5,6,1,7,0.9659258262890683,0.25881904510252074,-0.7818314824680299,0.6234898018587334,30.946,36.997,48.7965,19.237996130845808,train
2016-07-10 06:00:00,Hog_public_Gerard,Hog,32.316,19.4,17.2,1013.2,2.2,7.666666666666666,6,6,1,7,1.0,6.123233995736766e-17,-0.7818314824680299,0.6234898018587334,31.593000000000004,36.567,48.619375,19.3745739247682,train
2016-07-10 07:00:00,Hog_public_Gerard,Hog,31.531,18.9,17.8,1010.8,5.7,8.0,7,6,1,7,0.9659258262890683,-0.25881904510252063,-0.7818314824680299,0.6234898018587334,32.316,35.184,48.467166666666664,19.4986642589707,train
2016-07-10 08:00:00,Hog_public_Gerard,Hog,31.602,19.4,17.8,1010.2,5.1,8.0,8,6,1,7,0.8660254037844387,-0.4999999999999998,-0.7818314824680299,0.6234898018587334,31.531,34.937,48.32820833333334,19.610840937070023,train
2016-07-10 09:00:00,Hog_public_Gerard,Hog,30.273000000000003,20.0,17.8,1010.3,4.1,8.0,9,6,1,7,0.7071067811865476,-0.7071067811865475,-0.7818314824680299,0.6234898018587334,31.602,35.17,48.12416666666667,19.77845754012861,train
2016-07-10 10:00:00,Hog_public_Gerard,Hog,29.205,21.1,17.8,1010.2,3.1,8.0,10,6,1,7,0.49999999999999994,-0.8660254037844387,-0.7818314824680299,0.6234898018587334,30.273000000000003,39.832,47.681375,20.088693655046562,train
2016-07-10 11:00:00,Hog_public_Gerard,Hog,28.639,23.3,18.3,1009.8,2.1,8.0,11,6,1,7,0.258819045102521,-0.9659258262890682,-0.7818314824680299,0.6234898018587334,29.205,67.387,46.066875,19.992956190733004,train
2016-07-10 12:00:00,Hog_public_Gerard,Hog,63.247,24.4,17.8,1010.8,5.7,8.0,12,6,1,7,1.2246467991473532e-16,-1.0,-0.7818314824680299,0.6234898018587334,28.639,79.126,45.40525,19.09389367732191,train
2016-07-10 13:00:00,Hog_public_Gerard,Hog,78.317,25.6,17.8,1008.0,3.1,8.0,13,6,1,7,-0.2588190451025208,-0.9659258262890683,-0.7818314824680299,0.6234898018587334,63.247,76.483,45.48166666666666,19.22688610902138,train
2016-07-10 14:00:00,Hog_public_Gerard,Hog,77.436,26.7,17.8,1009.4,2.1,7.666666666666667,14,6,1,7,-0.4999999999999997,-0.8660254037844388,-0.7818314824680299,0.6234898018587334,78.317,75.19800000000002,45.57491666666667,19.3820767674376,train
2016-07-10 15:00:00,Hog_public_Gerard,Hog,81.76,26.7,18.9,1008.9,4.6,7.333333333333333,15,6,1,7,-0.7071067811865471,-0.7071067811865479,-0.7818314824680299,0.6234898018587334,77.436,74.015,45.897625000000005,19.93283857665109,train
2016-07-10 16:00:00,Hog_public_Gerard,Hog,80.273,26.7,18.3,1009.2,4.1,7.0,16,6,1,7,-0.8660254037844385,-0.5000000000000004,-0.7818314824680299,0.6234898018587334,81.76,76.057,46.07329166666667,20.226600147329044,train
2016-07-10 17:00:00,Hog_public_Gerard,Hog,80.68,26.7,18.9,1009.7,2.6,6.666666666666667,17,6,1,7,-0.9659258262890683,-0.25881904510252063,-0.7818314824680299,0.6234898018587334,80.273,74.194,46.343541666666674,20.65740241462927,train
2016-07-10 18:00:00,Hog_public_Gerard,Hog,82.57700000000001,27.2,18.3,1009.6,2.6,6.333333333333334,18,6,1,7,-1.0,-1.8369701987210297e-16,-0.7818314824680299,0.6234898018587334,80.68,77.882,46.53916666666667,20.988631501811742,train
2016-07-10 19:00:00,Hog_public_Gerard,Hog,44.07899999999999,27.2,18.3,1009.1,3.6,6.0,19,6,1,7,-0.9659258262890684,0.2588190451025203,-0.7818314824680299,0.6234898018587334,82.57700000000001,41.993,46.626083333333334,20.973300297856362,train
2016-07-10 20:00:00,Hog_public_Gerard,Hog,39.116,27.2,18.3,1009.4,3.6,5.333333333333333,20,6,1,7,-0.8660254037844386,0.5000000000000001,-0.7818314824680299,0.6234898018587334,44.07899999999999,36.913,46.717875,20.933725265834518,train
2016-07-10 21:00:00,Hog_public_Gerard,Hog,39.651,25.6,18.9,1008.7,4.1,4.666666666666667,21,6,1,7,-0.7071067811865477,0.7071067811865474,-0.7818314824680299,0.6234898018587334,39.116,36.441,46.851625000000006,20.87538268915044,train
2016-07-10 22:00:00,Hog_public_Gerard,Hog,39.868,24.4,19.4,1009.0,4.6,4.0,22,6,1,7,-0.5000000000000004,0.8660254037844384,-0.7818314824680299,0.6234898018587334,39.651,37.751,46.93983333333333,20.839698488736655,train
2016-07-10 23:00:00,Hog_public_Gerard,Hog,40.605,23.9,19.4,1009.6,4.6,5.333333333333333,23,6,1,7,-0.25881904510252157,0.9659258262890681,-0.7818314824680299,0.6234898018587334,39.868,38.223,47.03908333333334,20.80201733301826,train
2016-07-11 00:00:00,Hog_public_Gerard,Hog,39.85,23.9,19.4,1009.2,3.6,6.666666666666666,0,0,0,7,0.0,1.0,0.0,1.0,40.605,38.758,47.084583333333335,20.784303410353374,train
2016-07-11 01:00:00,Hog_public_Gerard,Hog,42.108,23.3,19.4,1008.5,5.1,8.0,1,0,0,7,0.25881904510252074,0.9659258262890683,0.0,1.0,39.85,32.217,47.49670833333334,20.57367692291844,train
2016-07-11 02:00:00,Hog_public_Gerard,Hog,38.647,23.3,19.4,1008.4,4.1,8.0,2,0,0,7,0.49999999999999994,0.8660254037844387,0.0,1.0,42.108,32.221,47.76445833333333,20.40737473259245,train
2016-07-11 03:00:00,Hog_public_Gerard,Hog,38.94,22.8,19.4,1007.7,4.6,8.0,3,0,0,7,0.7071067811865476,0.7071067811865476,0.0,1.0,38.647,32.028,48.052458333333334,20.223582863189172,train
2016-07-11 04:00:00,Hog_public_Gerard,Hog,30.995,22.2,19.4,1006.8,5.7,8.0,4,0,0,7,0.8660254037844386,0.5000000000000001,0.0,1.0,38.94,30.946,48.0545,20.22178319234642,train
2016-07-11 05:00:00,Hog_public_Gerard,Hog,29.655,22.2,20.0,1006.75,6.7,8.0,5,0,0,7,0.9659258262890683,0.25881904510252074,0.0,1.0,30.995,31.593000000000004,47.973749999999995,20.29411563943992,train
2016-07-11 06:00:00,Hog_public_Gerard,Hog,29.249,22.2,20.0,1006.7,3.6,8.0,6,0,0,7,1.0,6.123233995736766e-17,0.0,1.0,29.655,32.316,47.84595833333333,20.406345103336186,train
2016-07-11 07:00:00,Hog_public_Gerard,Hog,33.531,23.3,20.6,1007.6,5.1,8.0,7,0,0,7,0.9659258262890683,-0.25881904510252063,0.0,1.0,29.249,31.531,47.929291666666664,20.34080143664817,train
2016-07-11 08:00:00,Hog_public_Gerard,Hog,63.502,23.3,20.6,1007.7,5.1,8.0,8,0,0,7,0.8660254037844387,-0.4999999999999998,0.0,1.0,33.531,31.602,49.258458333333344,20.269635725216528,train
2016-07-11 09:00:00,Hog_public_Gerard,Hog,76.92,23.3,19.4,1007.5,7.2,8.0,9,0,0,7,0.7071067811865476,-0.7071067811865475,0.0,1.0,63.502,30.273000000000003,51.20208333333333,20.6036995726426,train
2016-07-11 10:00:00,Hog_public_Gerard,Hog,78.888,23.3,18.9,1006.7,5.1,8.0,10,0,0,7,0.49999999999999994,-0.8660254037844387,0.0,1.0,76.92,29.205,53.27220833333334,20.792530343494683,train
2016-07-11 11:00:00,Hog_public_Gerard,Hog,83.132,25.0,20.6,1007.3,5.1,8.0,11,0,0,7,0.258819045102521,-0.9659258262890682,0.0,1.0,78.888,28.639,55.54274999999999,20.96027079822168,train
2016-07-11 12:00:00,Hog_public_Gerard,Hog,84.837,26.7,21.7,1006.3,5.7,8.0,12,0,0,7,1.2246467991473532e-16,-1.0,0.0,1.0,83.132,63.247,56.44233333333333,21.753593911305153,train
2016-07-11 13:00:00,Hog_public_Gerard,Hog,82.801,27.8,22.2,1005.5,5.1,8.0,13,0,0,7,-0.2588190451025208,-0.9659258262890683,0.0,1.0,84.837,78.317,56.62916666666667,21.967836183377543,train
2016-07-11 14:00:00,Hog_public_Gerard,Hog,84.618,30.0,23.3,1004.2,6.2,7.666666666666667,14,0,0,7,-0.4999999999999997,-0.8660254037844388,0.0,1.0,82.801,77.436,56.928416666666664,22.309848942089275,train
2016-07-11 15:00:00,Hog_public_Gerard,Hog,84.527,32.2,23.3,1003.4,7.7,7.333333333333333,15,0,0,7,-0.7071067811865471,-0.7071067811865479,0.0,1.0,84.618,81.76,57.043708333333335,22.45045805183761,train
2016-07-11 16:00:00,Hog_public_Gerard,Hog,85.777,31.7,22.8,1002.4,9.8,7.0,16,0,0,7,-0.8660254037844385,-0.5000000000000004,0.0,1.0,84.527,80.273,57.27304166666667,22.724503479493105,train
2016-07-11 17:00:00,Hog_public_Gerard,Hog,83.196,31.7,22.8,1002.4,9.3,6.666666666666667,17,0,0,7,-0.9659258262890683,-0.25881904510252063,0.0,1.0,85.777,80.68,57.377874999999996,22.84267616681456,train
2016-07-11 18:00:00,Hog_public_Gerard,Hog,86.84200000000001,31.7,22.2,1001.4,10.3,6.333333333333334,18,0,0,7,-1.0,-1.8369701987210297e-16,0.0,1.0,83.196,82.57700000000001,57.55558333333334,23.06277019432473,train
2016-07-11 19:00:00,Hog_public_Gerard,Hog,84.43,31.1,22.8,1001.4,8.8,6.0,19,0,0,7,-0.9659258262890684,0.2588190451025203,0.0,1.0,86.84200000000001,44.07899999999999,59.236875,23.504186177216642,train
2016-07-11 20:00:00,Hog_public_Gerard,Hog,82.87899999999998,30.6,22.8,1000.5,9.3,6.333333333333333,20,0,0,7,-0.8660254037844386,0.5000000000000001,0.0,1.0,84.43,39.116,61.06033333333334,23.572806843750154,train
2016-07-11 21:00:00,Hog_public_Gerard,Hog,83.804,30.0,22.2,1000.0,7.7,6.666666666666667,21,0,0,7,-0.7071067811865477,0.7071067811865474,0.0,1.0,82.87899999999998,39.651,62.90004166666666,23.55221977441906,train
2016-07-11 22:00:00,Hog_public_Gerard,Hog,56.21,30.0,22.2,1000.1,6.7,7.0,22,0,0,7,-0.5000000000000004,0.8660254037844384,0.0,1.0,83.804,39.868,63.580958333333335,23.089068059749696,train
2016-07-11 23:00:00,Hog_public_Gerard,Hog,46.96,28.9,22.8,1000.3,5.1,7.333333333333333,23,0,0,7,-0.25881904510252157,0.9659258262890681,0.0,1.0,56.21,40.605,63.84575,22.849312911846567,train
2016-07-12 00:00:00,Hog_public_Gerard,Hog,48.466,27.8,22.8,999.8,4.6,7.666666666666666,0,1,0,7,0.0,1.0,0.7818314824680298,0.6234898018587336,46.96,39.85,64.20475,22.521239116134062,train
2016-07-12 01:00:00,Hog_public_Gerard,Hog,47.289,28.3,21.7,1001.2,5.1,8.0,1,1,0,7,0.25881904510252074,0.9659258262890683,0.7818314824680298,0.6234898018587336,48.466,42.108,64.420625,22.324193008078847,train
2016-07-12 02:00:00,Hog_public_Gerard,Hog,39.162,25.6,22.8,1001.5,1.5,7.666666666666667,2,1,0,7,0.49999999999999994,0.8660254037844387,0.7818314824680298,0.6234898018587336,47.289,38.647,64.44208333333333,22.29857471545165,train
2016-07-12 03:00:00,Hog_public_Gerard,Hog,39.191,24.4,21.7,1001.5,4.6,7.333333333333333,3,1,0,7,0.7071067811865476,0.7071067811865476,0.7818314824680298,0.6234898018587336,39.162,38.94,64.45254166666666,22.28614925674331,train
2016-07-12 04:00:00,Hog_public_Gerard,Hog,34.045,22.8,19.4,1001.4,3.6,7.0,4,1,0,7,0.8660254037844386,0.5000000000000001,0.7818314824680298,0.6234898018587336,39.191,30.995,64.57962500000001,22.094943560466888,train
2016-07-12 05:00:00,Hog_public_Gerard,Hog,28.992,22.8,19.4,1002.3,5.7,6.666666666666667,5,1,0,7,0.9659258262890683,0.25881904510252074,0.7818314824680298,0.6234898018587336,34.045,29.655,64.552,22.140874573276573,train
2016-07-12 06:00:00,Hog_public_Gerard,Hog,29.017,22.8,20.0,1002.9,6.7,6.333333333333334,6,1,0,7,1.0,6.123233995736766e-17,0.7818314824680298,0.6234898018587336,28.992,29.249,64.54233333333333,22.157002712199265,train
2016-07-12 07:00:00,Hog_public_Gerard,Hog,32.562,22.8,18.9,1004.2,5.7,6.0,7,1,0,7,0.9659258262890683,-0.25881904510252063,0.7818314824680298,0.6234898018587336,29.017,33.531,64.50195833333333,22.216771468340063,train
2016-07-12 08:00:00,Hog_public_Gerard,Hog,64.446,22.2,16.1,1005.2,5.1,5.333333333333333,8,1,0,7,0.8660254037844387,-0.4999999999999998,0.7818314824680298,0.6234898018587336,32.562,63.502,64.54129166666667,22.215759757588394,train
2016-07-12 09:00:00,Hog_public_Gerard,Hog,79.35,22.8,15.6,1005.9,5.1,4.666666666666667,9,1,0,7,0.7071067811865476,-0.7071067811865475,0.7818314824680298,0.6234898018587336,64.446,76.92,64.64254166666667,22.280073922637424,train
2016-07-12 10:00:00,Hog_public_Gerard,Hog,81.926,24.4,14.4,1006.1,4.6,4.0,10,1,0,7,0.49999999999999994,-0.8660254037844387,0.7818314824680298,0.6234898018587336,79.35,78.888,64.76912499999999,22.37296432384116,train
2016-07-12 11:00:00,Hog_public_Gerard,Hog,84.802,25.6,14.4,1006.5,6.2,4.0,11,1,0,7,0.258819045102521,-0.9659258262890682,0.7818314824680298,0.6234898018587336,81.926,83.132,64.83870833333334,22.435069547627524,train
2016-07-12 12:00:00,Hog_public_Gerard,Hog,86.915,26.7,12.8,1006.4,7.7,2.0,12,1,0,7,1.2246467991473532e-16,-1.0,0.7818314824680298,0.6234898018587336,84.802,84.837,64.92529166666667,22.519455369271764,train
2016-07-12 13:00:00,Hog_public_Gerard,Hog,86.05799999999998,27.8,13.9,1005.9,6.7,2.0,13,1,0,7,-0.2588190451025208,-0.9659258262890683,0.7818314824680298,0.6234898018587336,86.915,82.801,65.06099999999999,22.641346772048998,train
2016-07-12 14:00:00,Hog_public_Gerard,Hog,84.97200000000002,28.9,13.9,1005.9,9.3,0.0,14,1,0,7,-0.4999999999999997,-0.8660254037844388,0.7818314824680298,0.6234898018587336,86.05799999999998,84.618,65.07575,22.654752716161667,train
2016-07-12 15:00:00,Hog_public_Gerard,Hog,84.445,29.4,13.3,1006.1,6.7,2.0,15,1,0,7,-0.7071067811865471,-0.7071067811865479,0.7818314824680298,0.6234898018587336,84.97200000000002,84.527,65.07233333333333,22.651697616901384,train
2016-07-12 16:00:00,Hog_public_Gerard,Hog,81.22,29.4,13.3,1006.0,7.2,0.0,16,1,0,7,-0.8660254037844385,-0.5000000000000004,0.7818314824680298,0.6234898018587336,84.445,85.777,64.88245833333333,22.489113279210112,train
2016-07-12 17:00:00,Hog_public_Gerard,Hog,80.393,30.0,12.2,1006.1,9.3,0.0,17,1,0,7,-0.9659258262890683,-0.25881904510252063,0.7818314824680298,0.6234898018587336,81.22,83.196,64.76566666666666,22.39696087431946,train
2016-07-12 18:00:00,Hog_public_Gerard,Hog,84.50299999999999,29.4,11.7,1006.3,7.7,0.0,18,1,0,7,-1.0,-1.8369701987210297e-16,0.7818314824680298,0.6234898018587336,80.393,86.84200000000001,64.66820833333333,22.301607054550562,train
2016-07-12 19:00:00,Hog_public_Gerard,Hog,81.373,29.4,13.3,1006.4,6.7,0.0,19,1,0,7,-0.9659258262890684,0.2588190451025203,0.7818314824680298,0.6234898018587336,84.50299999999999,84.43,64.54083333333334,22.192292870286735,train
2016-07-12 20:00:00,Hog_public_Gerard,Hog,79.682,28.3,12.8,1006.6,5.7,0.0,20,1,0,7,-0.8660254037844386,0.5000000000000001,0.7818314824680298,0.6234898018587336,81.373,82.87899999999998,64.407625,22.086777029456172,train
2016-07-12 21:00:00,Hog_public_Gerard,Hog,83.58200000000002,27.2,13.9,1006.6,5.1,0.0,21,1,0,7,-0.7071067811865477,0.7071067811865474,0.7818314824680298,0.6234898018587336,79.682,83.804,64.398375,22.078345469698302,train
2016-07-12 22:00:00,Hog_public_Gerard,Hog,53.312,26.1,14.4,1007.0,4.1,0.0,22,1,0,7,-0.5000000000000004,0.8660254037844384,0.7818314824680298,0.6234898018587336,83.58200000000002,56.21,64.277625,22.132933440449044,train
2016-07-12 23:00:00,Hog_public_Gerard,Hog,44.652,25.0,13.9,1007.0,5.1,0.0,23,1,0,7,-0.25881904510252157,0.9659258262890681,0.7818314824680298,0.6234898018587336,53.312,46.96,64.18145833333334,22.21630633992727,train
2016-07-13 00:00:00,Hog_public_Gerard,Hog,43.839,25.0,14.4,1007.1,4.6,0.0,0,2,0,7,0.0,1.0,0.9749279121818236,-0.22252093395631434,44.652,48.466,63.98866666666666,22.37810078910934,train
2016-07-13 01:00:00,Hog_public_Gerard,Hog,43.044,24.4,16.1,1006.7,4.6,0.0,1,2,0,7,0.25881904510252074,0.9659258262890683,0.9749279121818236,-0.22252093395631434,43.839,47.289,63.811791666666664,22.532079010156327,train
2016-07-13 02:00:00,Hog_public_Gerard,Hog,40.744,23.9,15.6,1006.4,5.1,0.0,2,2,0,7,0.49999999999999994,0.8660254037844387,0.9749279121818236,-0.22252093395631434,43.044,39.162,63.87770833333334,22.459027377366958,train
2016-07-13 03:00:00,Hog_public_Gerard,Hog,38.027,23.9,16.7,1006.2,6.2,0.0,3,2,0,7,0.7071067811865476,0.7071067811865476,0.9749279121818236,-0.22252093395631434,40.744,39.191,63.829208333333334,22.51584084494092,train
2016-07-13 04:00:00,Hog_public_Gerard,Hog,33.561,23.3,16.7,1005.8,4.6,0.0,4,2,0,7,0.8660254037844386,0.5000000000000001,0.9749279121818236,-0.22252093395631434,38.027,34.045,63.809041666666666,22.54387669196529,train
2016-07-13 05:00:00,Hog_public_Gerard,Hog,29.778,23.3,17.8,1005.8,5.7,0.0,5,2,0,7,0.9659258262890683,0.25881904510252074,0.9749279121818236,-0.22252093395631434,33.561,28.992,63.841791666666666,22.491608406110938,train
2016-07-13 06:00:00,Hog_public_Gerard,Hog,28.557,22.8,18.3,1006.6,4.6,2.0,6,2,0,7,1.0,6.123233995736766e-17,0.9749279121818236,-0.22252093395631434,29.778,29.017,63.822624999999995,22.522749766118114,train
2016-07-13 07:00:00,Hog_public_Gerard,Hog,34.097,22.8,18.9,1006.1,5.7,2.0,7,2,0,7,0.9659258262890683,-0.25881904510252063,0.9749279121818236,-0.22252093395631434,28.557,32.562,63.886583333333334,22.432115798786004,train
2016-07-13 08:00:00,Hog_public_Gerard,Hog,65.107,23.3,19.4,1006.0,4.1,4.0,8,2,0,7,0.8660254037844387,-0.4999999999999998,0.9749279121818236,-0.22252093395631434,34.097,64.446,63.91412499999999,22.433238253736633,train
2016-07-13 09:00:00,Hog_public_Gerard,Hog,81.521,24.4,17.8,1006.1,5.7,4.0,9,2,0,7,0.7071067811865476,-0.7071067811865475,0.9749279121818236,-0.22252093395631434,65.107,79.35,64.00458333333334,22.502457384485353,train
2016-07-13 10:00:00,Hog_public_Gerard,Hog,82.38799999999998,25.0,16.7,1006.7,5.1,3.5,10,2,0,7,0.49999999999999994,-0.8660254037844387,0.9749279121818236,-0.22252093395631434,81.521,81.926,64.02383333333334,22.518646834909106,train
2016-07-13 11:00:00,Hog_public_Gerard,Hog,83.634,24.4,16.7,1007.8,6.2,3.0,11,2,0,7,0.258819045102521,-0.9659258262890682,0.9749279121818236,-0.22252093395631434,82.38799999999998,84.802,63.97516666666667,22.473005115638983,train
2016-07-13 12:00:00,Hog_public_Gerard,Hog,84.39200000000002,26.7,15.0,1006.6,7.2,2.5,12,2,0,7,1.2246467991473532e-16,-1.0,0.9749279121818236,-0.22252093395631434,83.634,86.915,63.87004166666667,22.366680338083572,train
2016-07-13 13:00:00,Hog_public_Gerard,Hog,81.331,28.3,13.9,1006.1,7.7,2.0,13,2,0,7,-0.2588190451025208,-0.9659258262890683,0.9749279121818236,-0.22252093395631434,84.39200000000002,86.05799999999998,63.67308333333333,22.18285815261055,train
2016-07-13 14:00:00,Hog_public_Gerard,Hog,80.477,28.9,13.3,1005.7,7.7,2.0,14,2,0,7,-0.4999999999999997,-0.8660254037844388,0.9749279121818236,-0.22252093395631434,81.331,84.97200000000002,63.48579166666667,22.01354068666387,train
2016-07-13 15:00:00,Hog_public_Gerard,Hog,81.309,28.9,13.3,1005.5,10.8,2.0,15,2,0,7,-0.7071067811865471,-0.7071067811865479,0.9749279121818236,-0.22252093395631434,80.477,84.445,63.35512500000001,21.892698765674485,train
2016-07-13 16:00:00,Hog_public_Gerard,Hog,80.467,28.3,13.9,1006.0,7.2,4.0,16,2,0,7,-0.8660254037844385,-0.5000000000000004,0.9749279121818236,-0.22252093395631434,81.309,81.22,63.32375,21.86650689236653,train
2016-07-13 17:00:00,Hog_public_Gerard,Hog,83.257,28.9,13.9,1005.4,10.3,4.0,17,2,0,7,-0.9659258262890683,-0.25881904510252063,0.9749279121818236,-0.22252093395631434,80.467,80.393,63.443083333333334,21.97127396697524,train
2016-07-13 18:00:00,Hog_public_Gerard,Hog,82.365,28.3,14.4,1005.7,8.2,4.0,18,2,0,7,-1.0,-1.8369701987210297e-16,0.9749279121818236,-0.22252093395631434,83.257,84.50299999999999,63.354000000000006,21.886343383389836,train
2016-07-13 19:00:00,Hog_public_Gerard,Hog,83.36399999999998,27.8,13.3,1005.9,8.8,2.0,19,2,0,7,-0.9659258262890684,0.2588190451025203,0.9749279121818236,-0.22252093395631434,82.365,81.373,63.43695833333334,21.961257569676345,train
2016-07-13 20:00:00,Hog_public_Gerard,Hog,81.192,26.7,13.3,1006.6,6.2,2.0,20,2,0,7,-0.8660254037844386,0.5000000000000001,0.9749279121818236,-0.22252093395631434,83.36399999999998,79.682,63.499875,22.0119259223218,train
2016-07-13 21:00:00,Hog_public_Gerard,Hog,77.785,26.1,13.9,1007.0,5.1,2.0,21,2,0,7,-0.7071067811865477,0.7071067811865474,0.9749279121818236,-0.22252093395631434,81.192,83.58200000000002,63.258333333333326,21.81288524197819,train
2016-07-13 22:00:00,Hog_public_Gerard,Hog,45.738,21.7,16.7,1008.0,5.1,4.0,22,2,0,7,-0.5000000000000004,0.8660254037844384,0.9749279121818236,-0.22252093395631434,77.785,53.312,62.94275,22.01687835206356,train
2016-07-13 23:00:00,Hog_public_Gerard,Hog,40.401,21.7,14.4,1008.4,6.7,2.0,23,2,0,7,-0.25881904510252157,0.9659258262890681,0.9749279121818236,-0.22252093395631434,45.738,44.652,62.765625,22.186867878196892,train
2016-07-14 00:00:00,Hog_public_Gerard,Hog,39.787,21.7,11.1,1008.6,8.2,2.0,0,3,0,7,0.0,1.0,0.43388373911755823,-0.900968867902419,40.401,43.839,62.59679166666667,22.35195682899251,train
2016-07-14 01:00:00,Hog_public_Gerard,Hog,44.20399999999999,21.1,11.7,1008.5,6.2,2.0,1,3,0,7,0.25881904510252074,0.9659258262890683,0.43388373911755823,-0.900968867902419,39.787,43.044,62.645125,22.30905105910174,train
2016-07-14 02:00:00,Hog_public_Gerard,Hog,47.38399999999999,21.1,12.2,1008.4,7.7,2.0,2,3,0,7,0.49999999999999994,0.8660254037844387,0.43388373911755823,-0.900968867902419,44.20399999999999,40.744,62.92179166666667,22.065477712794717,train
2016-07-14 03:00:00,Hog_public_Gerard,Hog,44.404,20.6,12.2,1008.1,7.2,2.0,3,3,0,7,0.7071067811865476,0.7071067811865476,0.43388373911755823,-0.900968867902419,47.38399999999999,38.027,63.1875,21.789332838919535,train
2016-07-14 04:00:00,Hog_public_Gerard,Hog,31.553,20.0,12.8,1008.2,4.6,2.0,4,3,0,7,0.8660254037844386,0.5000000000000001,0.43388373911755823,-0.900968867902419,44.404,33.561,63.103833333333334,21.911551126144012,train
2016-07-14 05:00:00,Hog_public_Gerard,Hog,29.427,20.0,13.3,1008.4,4.6,2.0,5,3,0,7,0.9659258262890683,0.25881904510252074,0.43388373911755823,-0.900968867902419,31.553,29.778,63.08920833333334,21.934866503353224,train
2016-07-14 06:00:00,Hog_public_Gerard,Hog,29.1,19.4,13.9,1008.5,5.1,2.0,6,3,0,7,1.0,6.123233995736766e-17,0.43388373911755823,-0.900968867902419,29.427,28.557,63.11183333333333,21.897948148204414,train
2016-07-14 07:00:00,Hog_public_Gerard,Hog,33.998000000000005,20.0,14.4,1009.1,6.2,4.0,7,3,0,7,0.9659258262890683,-0.25881904510252063,0.43388373911755823,-0.900968867902419,29.1,34.097,63.107708333333335,21.903659998868093,train
2016-07-14 08:00:00,Hog_public_Gerard,Hog,68.134,20.6,15.0,1009.7,6.2,4.666666666666667,8,3,0,7,0.8660254037844387,-0.4999999999999998,0.43388373911755823,-0.900968867902419,33.998000000000005,65.107,63.23383333333334,21.924377985657216,train
2016-07-14 09:00:00,Hog_public_Gerard,Hog,81.066,21.1,15.0,1010.4,6.2,5.333333333333333,9,3,0,7,0.7071067811865476,-0.7071067811865475,0.43388373911755823,-0.900968867902419,68.134,81.521,63.214875,21.908067928847576,train
2016-07-14 10:00:00,Hog_public_Gerard,Hog,81.92299999999999,20.6,13.9,1010.9,7.7,6.0,10,3,0,7,0.49999999999999994,-0.8660254037844387,0.43388373911755823,-0.900968867902419,81.066,82.38799999999998,63.1955,21.89057305345603,train
2016-07-14 11:00:00,Hog_public_Gerard,Hog,84.411,20.0,13.3,1010.8,8.2,6.666666666666666,11,3,0,7,0.258819045102521,-0.9659258262890682,0.43388373911755823,-0.900968867902419,81.92299999999999,83.634,63.227875000000004,21.92266579773882,train
2016-07-14 12:00:00,Hog_public_Gerard,Hog,84.411,20.6,12.2,1011.3,6.2,7.333333333333333,12,3,0,7,1.2246467991473532e-16,-1.0,0.43388373911755823,-0.900968867902419,84.411,84.39200000000002,63.22866666666666,21.92346363000681,train
2016-07-14 13:00:00,Hog_public_Gerard,Hog,84.411,20.6,12.2,1011.9,8.2,8.0,13,3,0,7,-0.2588190451025208,-0.9659258262890683,0.43388373911755823,-0.900968867902419,84.411,81.331,63.357,22.042726721173754,train
2016-07-14 14:00:00,Hog_public_Gerard,Hog,84.411,20.6,13.3,1012.2,6.2,8.0,14,3,0,7,-0.4999999999999997,-0.8660254037844388,0.43388373911755823,-0.900968867902419,84.411,80.477,63.520916666666665,22.189708834652745,train
2016-07-14 15:00:00,Hog_public_Gerard,Hog,84.411,20.0,13.9,1012.3,6.7,8.0,15,3,0,7,-0.7071067811865471,-0.7071067811865479,0.43388373911755823,-0.900968867902419,84.411,81.309,63.65016666666666,22.306551813247623,train
2016-07-14 16:00:00,Hog_public_Gerard,Hog,82.96,20.0,14.4,1012.5,6.2,8.0,16,3,0,7,-0.8660254037844385,-0.5000000000000004,0.43388373911755823,-0.900968867902419,84.411,80.467,63.754041666666666,22.393901204839253,train
2016-07-14 17:00:00,Hog_public_Gerard,Hog,84.728,17.2,15.0,1013.0,6.7,8.0,17,3,0,7,-0.9659258262890683,-0.25881904510252063,0.43388373911755823,-0.900968867902419,82.96,83.257,63.815333333333335,22.451540124699996,train
2016-07-14 18:00:00,Hog_public_Gerard,Hog,85.184,18.9,15.6,1012.8,5.7,8.0,18,3,0,7,-1.0,-1.8369701987210297e-16,0.43388373911755823,-0.900968867902419,84.728,82.365,63.93279166666667,22.559917040356176,train
2016-07-14 19:00:00,Hog_public_Gerard,Hog,81.505,17.8,15.6,1013.3,5.7,8.0,19,3,0,7,-0.9659258262890684,0.2588190451025203,0.43388373911755823,-0.900968867902419,85.184,83.36399999999998,63.855333333333334,22.49339358212938,train
2016-07-14 20:00:00,Hog_public_Gerard,Hog,79.39399999999998,17.8,15.6,1013.6,4.6,8.0,20,3,0,7,-0.8660254037844386,0.5000000000000001,0.43388373911755823,-0.900968867902419,81.505,81.192,63.78041666666667,22.43606259712961,train
2016-07-14 21:00:00,Hog_public_Gerard,Hog,81.42,16.7,15.6,1014.05,3.6,8.0,21,3,0,7,-0.7071067811865477,0.7071067811865474,0.43388373911755823,-0.900968867902419,79.39399999999998,77.785,63.931875,22.546709782741544,train
2016-07-14 22:00:00,Hog_public_Gerard,Hog,48.244,17.2,15.6,1014.5,4.1,8.0,22,3,0,7,-0.5000000000000004,0.8660254037844384,0.43388373911755823,-0.900968867902419,81.42,45.738,64.03629166666667,22.46444095720895,train
2016-07-14 23:00:00,Hog_public_Gerard,Hog,43.205,16.7,15.6,1014.8,4.1,8.0,23,3,0,7,-0.25881904510252157,0.9659258262890681,0.43388373911755823,-0.900968867902419,48.244,40.401,64.153125,22.34313781691001,train
2016-07-15 00:00:00,Hog_public_Gerard,Hog,47.316,17.2,15.6,1015.3,3.6,8.0,0,4,0,7,0.0,1.0,-0.433883739117558,-0.9009688679024191,43.205,39.787,64.46683333333333,22.03690816446978,train
2016-07-15 01:00:00,Hog_public_Gerard,Hog,45.044,17.2,15.6,1015.6,5.1,8.0,1,4,0,7,0.25881904510252074,0.9659258262890683,-0.433883739117558,-0.9009688679024191,47.316,44.20399999999999,64.50183333333332,22.003969042497484,train
2016-07-15 02:00:00,Hog_public_Gerard,Hog,41.691,16.7,15.0,1016.1,6.2,8.0,2,4,0,7,0.49999999999999994,0.8660254037844387,-0.433883739117558,-0.9009688679024191,45.044,47.38399999999999,64.264625,22.226091703636914,train
2016-07-15 03:00:00,Hog_public_Gerard,Hog,37.782,16.1,14.4,1016.5,4.1,8.0,3,4,0,7,0.7071067811865476,0.7071067811865476,-0.433883739117558,-0.9009688679024191,41.691,44.404,63.98870833333333,22.52248961734482,train
2016-07-15 04:00:00,Hog_public_Gerard,Hog,31.619,16.1,14.4,1016.8,3.1,8.0,4,4,0,7,0.8660254037844386,0.5000000000000001,-0.433883739117558,-0.9009688679024191,37.782,31.553,63.991458333333334,22.51836067085115,train
2016-07-15 05:00:00,Hog_public_Gerard,Hog,28.465,16.1,14.4,1017.1,3.6,8.0,5,4,0,7,0.9659258262890683,0.25881904510252074,-0.433883739117558,-0.9009688679024191,31.619,29.427,63.95137499999999,22.583323926050227,train
2016-07-15 06:00:00,Hog_public_Gerard,Hog,28.709,16.1,14.4,1017.5,2.1,8.0,6,4,0,7,1.0,6.123233995736766e-17,-0.433883739117558,-0.9009688679024191,28.465,29.1,63.93508333333333,22.60968456968339,train
2016-07-15 07:00:00,Hog_public_Gerard,Hog,34.961,16.7,14.4,1018.3,0.0,8.0,7,4,0,7,0.9659258262890683,-0.25881904510252063,-0.433883739117558,-0.9009688679024191,28.709,33.998000000000005,63.975208333333335,22.55503428038832,train
2016-07-15 08:00:00,Hog_public_Gerard,Hog,66.039,17.2,14.4,1018.8,2.1,7.2,8,4,0,7,0.8660254037844387,-0.4999999999999998,-0.433883739117558,-0.9009688679024191,34.961,68.134,63.88791666666666,22.54228968139017,train
2016-07-15 09:00:00,Hog_public_Gerard,Hog,80.984,17.8,14.4,1019.4,1.5,6.4,9,4,0,7,0.7071067811865476,-0.7071067811865475,-0.433883739117558,-0.9009688679024191,66.039,81.066,63.884499999999996,22.539578901201278,train
2016-07-15 10:00:00,Hog_public_Gerard,Hog,81.685,18.9,13.9,1019.2,0.0,5.6,10,4,0,7,0.49999999999999994,-0.8660254037844387,-0.433883739117558,-0.9009688679024191,80.984,81.92299999999999,63.874583333333334,22.53134835486783,train
2016-07-15 11:00:00,Hog_public_Gerard,Hog,82.04899999999998,20.6,14.4,1019.4,0.0,4.8,11,4,0,7,0.258819045102521,-0.9659258262890682,-0.433883739117558,-0.9009688679024191,81.685,84.411,63.776166666666676,22.44272972366051,train
2016-07-15 12:00:00,Hog_public_Gerard,Hog,80.447,22.2,13.9,1019.1,2.1,4.0,12,4,0,7,1.2246467991473532e-16,-1.0,-0.433883739117558,-0.9009688679024191,82.04899999999998,84.411,63.611,22.29838785164991,train
2016-07-15 13:00:00,Hog_public_Gerard,Hog,81.628,22.8,13.3,1019.0,2.1,6.0,13,4,0,7,-0.2588190451025208,-0.9659258262890683,-0.433883739117558,-0.9009688679024191,80.447,84.411,63.49504166666666,22.192503527639126,train
2016-07-15 14:00:00,Hog_public_Gerard,Hog,80.329,23.9,13.3,1018.8,4.6,5.0,14,4,0,7,-0.4999999999999997,-0.8660254037844388,-0.433883739117558,-0.9009688679024191,81.628,84.411,63.324958333333335,22.04035474242874,train
2016-07-15 15:00:00,Hog_public_Gerard,Hog,82.665,25.6,12.2,1018.5,4.6,4.0,15,4,0,7,-0.7071067811865471,-0.7071067811865479,-0.433883739117558,-0.9009688679024191,80.329,84.411,63.25220833333333,21.970499481724328,train
2016-07-15 16:00:00,Hog_public_Gerard,Hog,79.038,25.0,10.0,1018.0,0.0,4.5,16,4,0,7,-0.8660254037844385,-0.5000000000000004,-0.433883739117558,-0.9009688679024191,82.665,82.96,63.08879166666667,21.831686921176637,train
2016-07-15 17:00:00,Hog_public_Gerard,Hog,78.751,24.4,11.7,1017.5,4.1,5.0,17,4,0,7,-0.9659258262890683,-0.25881904510252063,-0.433883739117558,-0.9009688679024191,79.038,84.728,62.83975,21.60704358637428,train
2016-07-15 18:00:00,Hog_public_Gerard,Hog,79.51100000000002,24.4,10.6,1017.2,4.1,5.5,18,4,0,7,-1.0,-1.8369701987210297e-16,-0.433883739117558,-0.9009688679024191,78.751,85.184,62.603375,21.381832761589102,train
2016-07-15 19:00:00,Hog_public_Gerard,Hog,40.142,23.3,10.6,1017.0,3.1,6.0,19,4,0,7,-0.9659258262890684,0.2588190451025203,-0.433883739117558,-0.9009688679024191,79.51100000000002,81.505,60.87991666666667,21.458917568464283,train
2016-07-15 20:00:00,Hog_public_Gerard,Hog,36.713,24.4,10.0,1016.8,3.1,4.0,20,4,0,7,-0.8660254037844386,0.5000000000000001,-0.433883739117558,-0.9009688679024191,40.142,79.39399999999998,59.10154166666667,21.625793828061923,train
2016-07-15 21:00:00,Hog_public_Gerard,Hog,36.19,22.2,11.1,1017.0,2.1,4.0,21,4,0,7,-0.7071067811865477,0.7071067811865474,-0.433883739117558,-0.9009688679024191,36.713,81.42,57.21695833333334,21.56699320414773,train
2016-07-15 22:00:00,Hog_public_Gerard,Hog,38.045,21.1,11.7,1017.5,1.5,4.0,22,4,0,7,-0.5000000000000004,0.8660254037844384,-0.433883739117558,-0.9009688679024191,36.19,48.244,56.791999999999994,21.8501073124417,train
2016-07-15 23:00:00,Hog_public_Gerard,Hog,37.704,20.6,12.2,1017.8,0.0,2.0,23,4,0,7,-0.25881904510252157,0.9659258262890681,-0.433883739117558,-0.9009688679024191,38.045,43.205,56.56279166666667,22.026969299473055,train
2016-07-16 00:00:00,Hog_public_Gerard,Hog,38.018,19.4,12.8,1018.0,0.0,2.0,0,5,1,7,0.0,1.0,-0.9749279121818236,-0.2225209339563146,37.704,47.316,56.175375,22.27702423498941,train
2016-07-16 01:00:00,Hog_public_Gerard,Hog,33.589,19.4,12.8,1018.1,1.5,0.0,1,5,1,7,0.25881904510252074,0.9659258262890683,-0.9749279121818236,-0.2225209339563146,38.018,45.044,55.69808333333334,22.64555148927984,train
2016-07-16 02:00:00,Hog_public_Gerard,Hog,32.256,18.9,13.3,1018.1,1.5,4.0,2,5,1,7,0.49999999999999994,0.8660254037844387,-0.9749279121818236,-0.2225209339563146,33.589,41.691,55.30495833333333,22.978730056253973,train
2016-07-16 03:00:00,Hog_public_Gerard,Hog,31.659,18.3,13.3,1018.1,1.5,3.0,3,5,1,7,0.7071067811865476,0.7071067811865476,-0.9749279121818236,-0.2225209339563146,32.256,37.782,55.04983333333333,23.214521271912098,train
2016-07-16 04:00:00,Hog_public_Gerard,Hog,32.085,17.8,13.3,1017.9,0.0,2.0,4,5,1,7,0.8660254037844386,0.5000000000000001,-0.9749279121818236,-0.2225209339563146,31.659,31.619,55.069250000000004,23.194257650004317,train
2016-07-16 05:00:00,Hog_public_Gerard,Hog,31.735,17.2,13.3,1018.0,1.5,2.0,5,5,1,7,0.9659258262890683,0.25881904510252074,-0.9749279121818236,-0.2225209339563146,32.085,28.465,55.2055,23.040274841733332,train
2016-07-16 06:00:00,Hog_public_Gerard,Hog,31.71,16.7,12.8,1018.2,0.0,2.0,6,5,1,7,1.0,6.123233995736766e-17,-0.9749279121818236,-0.2225209339563146,31.735,28.709,55.33054166666667,22.89792742468225,train
2016-07-16 07:00:00,Hog_public_Gerard,Hog,31.13,17.2,12.8,1018.7,1.5,2.0,7,5,1,7,0.9659258262890683,-0.25881904510252063,-0.9749279121818236,-0.2225209339563146,31.71,34.961,55.17091666666667,23.058888047621785,train
2016-07-16 08:00:00,Hog_public_Gerard,Hog,29.762,18.9,13.3,1019.1,0.0,0.0,8,5,1,7,0.8660254037844387,-0.4999999999999998,-0.9749279121818236,-0.2225209339563146,31.13,66.039,53.659375000000004,23.50027467704879,train
2016-07-16 09:00:00,Hog_public_Gerard,Hog,30.265,21.1,13.9,1018.6,1.5,0.0,9,5,1,7,0.7071067811865476,-0.7071067811865475,-0.9749279121818236,-0.2225209339563146,29.762,80.984,51.546083333333335,23.214991911930888,train
2016-07-16 10:00:00,Hog_public_Gerard,Hog,35.34,22.8,13.3,1018.3,2.6,0.0,10,5,1,7,0.49999999999999994,-0.8660254037844387,-0.9749279121818236,-0.2225209339563146,30.265,81.685,49.61504166666666,22.51599745394409,train
2016-07-16 11:00:00,Hog_public_Gerard,Hog,61.832,25.0,13.3,1017.9,4.6,4.0,11,5,1,7,0.258819045102521,-0.9659258262890682,-0.9749279121818236,-0.2225209339563146,35.34,82.04899999999998,48.77266666666666,21.609755620344647,train
2016-07-16 12:00:00,Hog_public_Gerard,Hog,74.78,25.0,12.8,1017.7,4.6,4.0,12,5,1,7,1.2246467991473532e-16,-1.0,-0.9749279121818236,-0.2225209339563146,61.832,80.447,48.536541666666665,21.27700866516065,train
2016-07-16 13:00:00,Hog_public_Gerard,Hog,74.926,25.6,11.7,1017.1,5.1,4.0,13,5,1,7,-0.2588190451025208,-0.9659258262890683,-0.9749279121818236,-0.2225209339563146,74.78,81.628,48.257291666666674,20.863784527843407,train
2016-07-16 14:00:00,Hog_public_Gerard,Hog,74.90899999999998,25.6,12.2,1016.3,4.6,4.0,14,5,1,7,-0.4999999999999997,-0.8660254037844388,-0.9749279121818236,-0.2225209339563146,74.926,80.329,48.031458333333326,20.528175416028443,train
2016-07-16 15:00:00,Hog_public_Gerard,Hog,74.389,26.7,13.3,1015.5,5.7,4.0,15,5,1,7,-0.7071067811865471,-0.7071067811865479,-0.9749279121818236,-0.2225209339563146,74.90899999999998,82.665,47.686625,19.983386175200053,train
2016-07-16 16:00:00,Hog_public_Gerard,Hog,72.468,26.7,12.8,1014.7,7.2,4.5,16,5,1,7,-0.8660254037844385,-0.5000000000000004,-0.9749279121818236,-0.2225209339563146,74.389,79.038,47.41287499999999,19.576084482841573,train
2016-07-16 17:00:00,Hog_public_Gerard,Hog,73.041,26.7,13.9,1014.4,5.7,5.0,17,5,1,7,-0.9659258262890683,-0.25881904510252063,-0.9749279121818236,-0.2225209339563146,72.468,78.751,47.174958333333336,19.20993304308816,train
2016-07-16 18:00:00,Hog_public_Gerard,Hog,73.804,26.1,13.9,1013.7,6.7,5.5,18,5,1,7,-1.0,-1.8369701987210297e-16,-0.9749279121818236,-0.2225209339563146,73.041,79.51100000000002,46.93716666666666,18.82369497218333,train
2016-07-16 19:00:00,Hog_public_Gerard,Hog,46.428,25.0,14.4,1013.4,6.7,6.0,19,5,1,7,-0.9659258262890684,0.2588190451025203,-0.9749279121818236,-0.2225209339563146,73.804,40.142,47.199083333333334,18.768686778356678,train
2016-07-16 20:00:00,Hog_public_Gerard,Hog,37.775,24.4,15.0,1013.4,4.1,6.333333333333333,20,5,1,7,-0.8660254037844386,0.5000000000000001,-0.9749279121818236,-0.2225209339563146,46.428,36.713,47.24333333333333,18.74412520989072,train
2016-07-16 21:00:00,Hog_public_Gerard,Hog,39.075,23.9,16.1,1014.1,3.6,6.666666666666667,21,5,1,7,-0.7071067811865477,0.7071067811865474,-0.9749279121818236,-0.2225209339563146,37.775,36.19,47.36354166666666,18.67929565048402,train
2016-07-16 22:00:00,Hog_public_Gerard,Hog,40.074,23.3,17.2,1014.9,2.1,7.0,22,5,1,7,-0.5000000000000004,0.8660254037844384,-0.9749279121818236,-0.2225209339563146,39.075,38.045,47.44808333333334,18.639836538088776,train
2016-07-16 23:00:00,Hog_public_Gerard,Hog,38.738,22.2,17.2,1015.0,2.1,7.333333333333333,23,5,1,7,-0.25881904510252157,0.9659258262890681,-0.9749279121818236,-0.2225209339563146,40.074,37.704,47.49116666666666,18.617516863022583,train
2016-07-17 00:00:00,Hog_public_Gerard,Hog,39.083,20.0,17.2,1011.0,10.3,7.666666666666666,0,6,1,7,0.0,1.0,-0.7818314824680299,0.6234898018587334,38.738,38.018,47.53554166666666,18.595211639323566,train
2016-07-17 01:00:00,Hog_public_Gerard,Hog,34.814,20.6,16.7,1008.4,5.7,8.0,1,6,1,7,0.25881904510252074,0.9659258262890683,-0.7818314824680299,0.6234898018587334,39.083,33.589,47.58658333333333,18.55690739535316,train
2016-07-17 02:00:00,Hog_public_Gerard,Hog,32.515,21.7,17.2,1009.45,9.3,7.666666666666667,2,6,1,7,0.49999999999999994,0.8660254037844387,-0.7818314824680299,0.6234898018587334,34.814,32.256,47.597375,18.547677367337098,train
2016-07-17 03:00:00,Hog_public_Gerard,Hog,32.47,20.6,17.2,1010.5,6.7,7.333333333333333,3,6,1,7,0.7071067811865476,0.7071067811865476,-0.7818314824680299,0.6234898018587334,32.515,31.659,47.631166666666665,18.51809220304787,train
2016-07-17 04:00:00,Hog_public_Gerard,Hog,32.641,19.4,16.1,1006.3,13.4,7.0,4,6,1,7,0.8660254037844386,0.5000000000000001,-0.7818314824680299,0.6234898018587334,32.47,32.085,47.654333333333334,18.49813493693162,train
2016-07-17 05:00:00,Hog_public_Gerard,Hog,32.207,20.0,15.6,1007.2,4.1,6.666666666666667,5,6,1,7,0.9659258262890683,0.25881904510252074,-0.7818314824680299,0.6234898018587334,32.641,31.735,47.674,18.480716815102237,train
2016-07-17 06:00:00,Hog_public_Gerard,Hog,32.26,18.9,16.1,1010.1,6.7,6.333333333333334,6,6,1,7,1.0,6.123233995736766e-17,-0.7818314824680299,0.6234898018587334,32.207,31.71,47.69691666666666,18.460390096487544,train
2016-07-17 07:00:00,Hog_public_Gerard,Hog,32.49,18.9,16.7,1010.1,3.1,6.0,7,6,1,7,0.9659258262890683,-0.25881904510252063,-0.7818314824680299,0.6234898018587334,32.26,31.13,47.753583333333324,18.40934141163522,train
2016-07-17 08:00:00,Hog_public_Gerard,Hog,30.358,19.4,17.2,1010.7,2.1,5.333333333333333,8,6,1,7,0.8660254037844387,-0.4999999999999998,-0.7818314824680299,0.6234898018587334,32.49,29.762,47.778416666666665,18.384401500035167,train
2016-07-17 09:00:00,Hog_public_Gerard,Hog,30.037,20.6,16.7,1010.5,2.6,4.666666666666667,9,6,1,7,0.7071067811865476,-0.7071067811865475,-0.7818314824680299,0.6234898018587334,30.358,30.265,47.76891666666666,18.393901354422734,train
2016-07-17 10:00:00,Hog_public_Gerard,Hog,29.282,22.8,16.7,1010.0,4.1,4.0,10,6,1,7,0.49999999999999994,-0.8660254037844387,-0.7818314824680299,0.6234898018587334,30.037,35.34,47.5165,18.61214883746175,train
2016-07-17 11:00:00,Hog_public_Gerard,Hog,28.377,25.0,16.7,1009.8,5.1,2.0,11,6,1,7,0.258819045102521,-0.9659258262890682,-0.7818314824680299,0.6234898018587334,29.282,61.832,46.12254166666667,18.74570093782479,train
2016-07-17 12:00:00,Hog_public_Gerard,Hog,64.238,26.1,17.2,1010.0,8.8,4.0,12,6,1,7,1.2246467991473532e-16,-1.0,-0.7818314824680299,0.6234898018587334,28.377,74.78,45.68329166666667,18.159342215340388,train
2016-07-17 13:00:00,Hog_public_Gerard,Hog,82.617,27.2,18.3,1010.7,6.7,6.0,13,6,1,7,-0.2588190451025208,-0.9659258262890683,-0.7818314824680299,0.6234898018587334,64.238,74.926,46.00375,18.755888928547293,train
2016-07-17 14:00:00,Hog_public_Gerard,Hog,83.12100000000002,27.8,17.8,1010.5,7.2,5.0,14,6,1,7,-0.4999999999999997,-0.8660254037844388,-0.7818314824680299,0.6234898018587334,82.617,74.90899999999998,46.34591666666666,19.370960331554798,train
2016-07-17 15:00:00,Hog_public_Gerard,Hog,81.839,28.9,18.3,1010.7,9.3,4.0,15,6,1,7,-0.7071067811865471,-0.7071067811865479,-0.7818314824680299,0.6234898018587334,83.12100000000002,74.389,46.65633333333333,19.89255512183805,train
2016-07-17 16:00:00,Hog_public_Gerard,Hog,81.934,27.8,17.2,1011.5,8.2,4.0,16,6,1,7,-0.8660254037844385,-0.5000000000000004,-0.7818314824680299,0.6234898018587334,81.839,72.468,47.050749999999994,20.510818263731675,train
2016-07-17 17:00:00,Hog_public_Gerard,Hog,81.271,27.2,16.7,1012.4,7.7,4.0,17,6,1,7,-0.9659258262890683,-0.25881904510252063,-0.7818314824680299,0.6234898018587334,81.934,73.041,47.39366666666667,21.026551046891615,train
2016-07-17 18:00:00,Hog_public_Gerard,Hog,80.113,26.7,16.1,1012.9,7.7,4.0,18,6,1,7,-1.0,-1.8369701987210297e-16,-0.7818314824680299,0.6234898018587334,81.271,73.804,47.65654166666666,21.407084477440595,train
2016-07-17 19:00:00,Hog_public_Gerard,Hog,48.573,26.7,16.1,1013.4,5.7,2.0,19,6,1,7,-0.9659258262890684,0.2588190451025203,-0.7818314824680299,0.6234898018587334,80.113,46.428,47.745916666666666,21.40620997446809,train
2016-07-17 20:00:00,Hog_public_Gerard,Hog,40.239,26.1,16.7,1013.8,4.6,2.0,20,6,1,7,-0.8660254037844386,0.5000000000000001,-0.7818314824680299,0.6234898018587334,48.573,37.775,47.84858333333333,21.362172615684987,train
2016-07-17 21:00:00,Hog_public_Gerard,Hog,40.328,25.0,16.1,1014.7,3.1,2.0,21,6,1,7,-0.7071067811865477,0.7071067811865474,-0.7818314824680299,0.6234898018587334,40.239,39.075,47.90079166666666,21.341319002835785,train
2016-07-17 22:00:00,Hog_public_Gerard,Hog,42.425,24.4,16.1,1015.7,2.6,0.0,22,6,1,7,-0.5000000000000004,0.8660254037844384,-0.7818314824680299,0.6234898018587334,40.328,40.074,47.99875,21.30920290319579,train
2016-07-17 23:00:00,Hog_public_Gerard,Hog,41.159,23.3,16.7,1016.5,2.6,0.0,23,6,1,7,-0.25881904510252157,0.9659258262890681,-0.7818314824680299,0.6234898018587334,42.425,38.738,48.099625,21.269150372050962,train
2016-07-18 00:00:00,Hog_public_Gerard,Hog,39.43,22.2,16.7,1017.0,2.6,0.0,0,0,0,7,0.0,1.0,0.0,1.0,41.159,39.083,48.114083333333326,21.26287157774995,train
2016-07-18 01:00:00,Hog_public_Gerard,Hog,39.634,22.2,16.7,1017.3,3.6,0.0,1,0,0,7,0.25881904510252074,0.9659258262890683,0.0,1.0,39.43,34.814,48.31491666666667,21.154272728893527,train
2016-07-18 02:00:00,Hog_public_Gerard,Hog,36.81800000000001,21.1,16.7,1017.6,3.6,0.0,2,0,0,7,0.49999999999999994,0.8660254037844387,0.0,1.0,39.634,32.515,48.494208333333326,21.03242330510556,train
2016-07-18 03:00:00,Hog_public_Gerard,Hog,37.067,20.0,16.1,1017.3,1.5,0.0,3,0,0,7,0.7071067811865476,0.7071067811865476,0.0,1.0,36.81800000000001,32.47,48.68574999999999,20.90066611430702,train
2016-07-18 04:00:00,Hog_public_Gerard,Hog,34.943000000000005,19.4,16.1,1017.2,1.5,0.0,4,0,0,7,0.8660254037844386,0.5000000000000001,0.0,1.0,37.067,32.641,48.78166666666667,20.828991905445257,train
2016-07-18 05:00:00,Hog_public_Gerard,Hog,28.884,20.0,16.1,1017.7,0.0,0.0,5,0,0,7,0.9659258262890683,0.25881904510252074,0.0,1.0,34.943000000000005,32.207,48.64320833333333,20.954626192508332,train
2016-07-18 06:00:00,Hog_public_Gerard,Hog,27.962,19.4,15.6,1018.9,1.5,0.0,6,0,0,7,1.0,6.123233995736766e-17,0.0,1.0,28.884,32.26,48.464125,21.118454135439336,train
2016-07-18 07:00:00,Hog_public_Gerard,Hog,35.652,20.0,16.7,1020.2,1.5,4.0,7,0,0,7,0.9659258262890683,-0.25881904510252063,0.0,1.0,27.962,32.49,48.595875,21.02411731138382,train
2016-07-18 08:00:00,Hog_public_Gerard,Hog,66.26899999999999,22.2,16.1,1021.1,0.0,2.0,8,0,0,7,0.8660254037844387,-0.4999999999999998,0.0,1.0,35.652,30.358,50.092166666666664,20.947446283428054,train
2016-07-18 09:00:00,Hog_public_Gerard,Hog,78.373,22.8,16.7,1021.7,1.5,2.0,9,0,0,7,0.7071067811865476,-0.7071067811865475,0.0,1.0,66.26899999999999,30.037,52.10616666666667,21.256757241070403,train
2016-07-18 10:00:00,Hog_public_Gerard,Hog,82.09200000000001,24.4,16.1,1021.9,2.1,2.0,10,0,0,7,0.49999999999999994,-0.8660254037844387,0.0,1.0,78.373,29.282,54.30658333333334,21.523038582385205,train
2016-07-18 11:00:00,Hog_public_Gerard,Hog,81.917,26.7,14.4,1021.8,0.0,0.0,11,0,0,7,0.258819045102521,-0.9659258262890682,0.0,1.0,82.09200000000001,28.377,56.53741666666667,21.493275354654898,train
2016-07-18 12:00:00,Hog_public_Gerard,Hog,84.324,27.8,15.6,1021.9,1.5,2.0,12,0,0,7,1.2246467991473532e-16,-1.0,0.0,1.0,81.917,64.238,57.37433333333334,22.18605641950088,train
2016-07-18 13:00:00,Hog_public_Gerard,Hog,84.287,28.3,13.9,1021.3,2.6,2.0,13,0,0,7,-0.2588190451025208,-0.9659258262890683,0.0,1.0,84.324,82.617,57.443916666666674,22.271124305226294,train
2016-07-18 14:00:00,Hog_public_Gerard,Hog,84.469,29.4,13.9,1021.2,2.1,4.0,14,0,0,7,-0.4999999999999997,-0.8660254037844388,0.0,1.0,84.287,83.12100000000002,57.50008333333333,22.340288521192956,train
2016-07-18 15:00:00,Hog_public_Gerard,Hog,83.876,29.4,13.9,1021.1,1.5,2.0,15,0,0,7,-0.7071067811865471,-0.7071067811865479,0.0,1.0,84.469,81.839,57.58495833333334,22.440422110032827,train
2016-07-18 16:00:00,Hog_public_Gerard,Hog,85.339,30.6,14.4,1020.75,3.6,2.0,16,0,0,7,-0.8660254037844385,-0.5000000000000004,0.0,1.0,83.876,81.934,57.72683333333333,22.611171187993655,train
2016-07-18 17:00:00,Hog_public_Gerard,Hog,80.796,30.0,14.4,1020.4,4.6,2.0,17,0,0,7,-0.9659258262890683,-0.25881904510252063,0.0,1.0,85.339,81.271,57.70704166666667,22.58986469824788,train
2016-07-18 18:00:00,Hog_public_Gerard,Hog,83.075,30.0,12.8,1020.4,3.1,2.0,18,0,0,7,-1.0,-1.8369701987210297e-16,0.0,1.0,80.796,80.113,57.83045833333333,22.725284217822182,train
2016-07-18 19:00:00,Hog_public_Gerard,Hog,82.88799999999998,28.9,13.3,1020.1,2.6,2.0,19,0,0,7,-0.9659258262890684,0.2588190451025203,0.0,1.0,83.075,48.573,59.260250000000006,23.19220543959057,train
2016-07-18 20:00:00,Hog_public_Gerard,Hog,83.60700000000001,28.3,13.9,1020.1,1.5,2.0,20,0,0,7,-0.8660254037844386,0.5000000000000001,0.0,1.0,82.88799999999998,40.239,61.06725,23.33479707153172,train
2016-07-18 21:00:00,Hog_public_Gerard,Hog,82.45299999999997,26.1,15.6,1020.6,2.6,0.0,21,0,0,7,-0.7071067811865477,0.7071067811865474,0.0,1.0,83.60700000000001,40.328,62.82245833333334,23.29124580083062,train
2016-07-18 22:00:00,Hog_public_Gerard,Hog,51.515,26.1,15.6,1021.1,2.1,0.0,22,0,0,7,-0.5000000000000004,0.8660254037844384,0.0,1.0,82.45299999999997,42.425,63.201208333333334,23.017430523653843,train
2016-07-18 23:00:00,Hog_public_Gerard,Hog,44.947,25.0,16.1,1021.6,1.5,0.0,23,0,0,7,-0.25881904510252157,0.9659258262890681,0.0,1.0,51.515,41.159,63.35904166666666,22.87224232173739,train
2016-07-19 00:00:00,Hog_public_Gerard,Hog,43.343,23.3,16.1,1021.6,1.5,0.0,0,1,0,7,0.0,1.0,0.7818314824680298,0.6234898018587336,44.947,39.43,63.52208333333334,22.7076052092813,train
2016-07-19 01:00:00,Hog_public_Gerard,Hog,45.105,22.8,17.2,1021.4,0.0,0.0,1,1,0,7,0.25881904510252074,0.9659258262890683,0.7818314824680298,0.6234898018587336,43.343,39.634,63.750041666666675,22.48372741316467,train
2016-07-19 02:00:00,Hog_public_Gerard,Hog,45.057,22.8,16.7,1021.2,0.0,0.0,2,1,0,7,0.49999999999999994,0.8660254037844387,0.7818314824680298,0.6234898018587336,45.105,36.81800000000001,64.09333333333332,22.114504900957932,train
2016-07-19 03:00:00,Hog_public_Gerard,Hog,42.729,21.7,16.7,1021.1,1.5,0.0,3,1,0,7,0.7071067811865476,0.7071067811865476,0.7818314824680298,0.6234898018587336,45.057,37.067,64.32925,21.84217779245904,train
2016-07-19 04:00:00,Hog_public_Gerard,Hog,40.282,20.6,17.2,1021.4,2.1,0.0,4,1,0,7,0.8660254037844386,0.5000000000000001,0.7818314824680298,0.6234898018587336,42.729,34.943000000000005,64.55170833333334,21.555174547676405,train
2016-07-19 05:00:00,Hog_public_Gerard,Hog,30.687,21.1,16.7,1021.8,1.5,2.0,5,1,0,7,0.9659258262890683,0.25881904510252074,0.7818314824680298,0.6234898018587336,40.282,28.884,64.62683333333332,21.428227266787633,train
2016-07-19 06:00:00,Hog_public_Gerard,Hog,29.796,21.1,16.7,1021.7,2.6,4.0,6,1,0,7,1.0,6.123233995736766e-17,0.7818314824680298,0.6234898018587336,30.687,27.962,64.70325,21.294643178712697,train
2016-07-19 07:00:00,Hog_public_Gerard,Hog,34.861999999999995,21.7,16.7,1021.7,2.6,6.0,7,1,0,7,0.9659258262890683,-0.25881904510252063,0.7818314824680298,0.6234898018587336,29.796,35.652,64.67033333333333,21.342060042099483,train
2016-07-19 08:00:00,Hog_public_Gerard,Hog,65.868,22.8,17.2,1021.6,2.6,4.0,8,1,0,7,0.8660254037844387,-0.4999999999999998,0.7818314824680298,0.6234898018587336,34.861999999999995,66.26899999999999,64.653625,21.34091099439412,train
2016-07-19 09:00:00,Hog_public_Gerard,Hog,76.696,24.4,18.9,1021.5,3.1,3.6,9,1,0,7,0.7071067811865476,-0.7071067811865475,0.7818314824680298,0.6234898018587336,65.868,78.373,64.58375,21.296737301143402,train
2016-07-19 10:00:00,Hog_public_Gerard,Hog,78.33,26.7,20.6,1021.2,3.1,3.2,10,1,0,7,0.49999999999999994,-0.8660254037844387,0.7818314824680298,0.6234898018587336,76.696,82.09200000000001,64.42699999999999,21.175769920811145,train
2016-07-19 11:00:00,Hog_public_Gerard,Hog,82.04899999999998,27.8,21.1,1021.0,4.1,2.8,11,1,0,7,0.258819045102521,-0.9659258262890682,0.7818314824680298,0.6234898018587336,78.33,81.917,64.43249999999999,21.18052672909101,train
2016-07-19 12:00:00,Hog_public_Gerard,Hog,83.029,29.4,20.6,1020.4,7.2,2.4,12,1,0,7,1.2246467991473532e-16,-1.0,0.7818314824680298,0.6234898018587336,82.04899999999998,84.324,64.37854166666666,21.12923644370142,train
2016-07-19 13:00:00,Hog_public_Gerard,Hog,88.228,29.4,21.1,1019.6,7.2,2.0,13,1,0,7,-0.2588190451025208,-0.9659258262890683,0.7818314824680298,0.6234898018587336,83.029,84.287,64.54275,21.305265073399713,train
2016-07-19 14:00:00,Hog_public_Gerard,Hog,81.877,30.0,20.6,1019.4,7.7,4.0,14,1,0,7,-0.4999999999999997,-0.8660254037844388,0.7818314824680298,0.6234898018587336,88.228,84.469,64.43475,21.206203157792412,train
2016-07-19 15:00:00,Hog_public_Gerard,Hog,85.59899999999998,30.0,20.0,1019.7,6.7,4.0,15,1,0,7,-0.7071067811865471,-0.7071067811865479,0.7818314824680298,0.6234898018587336,81.877,83.876,64.50654166666665,21.277677406716055,train
2016-07-19 16:00:00,Hog_public_Gerard,Hog,83.42200000000003,30.0,20.0,1019.6,5.1,4.0,16,1,0,7,-0.8660254037844385,-0.5000000000000004,0.7818314824680298,0.6234898018587336,85.59899999999998,85.339,64.42666666666666,21.19952820161369,train
2016-07-19 17:00:00,Hog_public_Gerard,Hog,83.617,30.0,18.9,1019.4,4.6,2.0,17,1,0,7,-0.9659258262890683,-0.25881904510252063,0.7818314824680298,0.6234898018587336,83.42200000000003,80.796,64.54420833333333,21.30180860045367,train
2016-07-19 18:00:00,Hog_public_Gerard,Hog,83.958,30.0,20.0,1019.0,5.1,2.0,18,1,0,7,-1.0,-1.8369701987210297e-16,0.7818314824680298,0.6234898018587336,83.617,83.075,64.581,21.335941020198543,train
2016-07-19 19:00:00,Hog_public_Gerard,Hog,83.15700000000002,28.9,20.0,1018.3,5.1,2.0,19,1,0,7,-0.9659258262890684,0.2588190451025203,0.7818314824680298,0.6234898018587336,83.958,82.88799999999998,64.59220833333333,21.346044571951808,train
2016-07-19 20:00:00,Hog_public_Gerard,Hog,81.857,28.9,18.9,1017.7,5.1,2.0,20,1,0,7,-0.8660254037844386,0.5000000000000001,0.7818314824680298,0.6234898018587336,83.15700000000002,83.60700000000001,64.51929166666666,21.28115757614695,train
2016-07-19 21:00:00,Hog_public_Gerard,Hog,82.993,26.1,19.4,1017.3,3.6,4.0,21,1,0,7,-0.7071067811865477,0.7071067811865474,0.7818314824680298,0.6234898018587336,81.857,82.45299999999997,64.54179166666667,21.301218799543236,train
2016-07-19 22:00:00,Hog_public_Gerard,Hog,53.203,25.6,19.4,1017.3,4.1,2.0,22,1,0,7,-0.5000000000000004,0.8660254037844384,0.7818314824680298,0.6234898018587336,82.993,51.515,64.612125,21.259081319495266,train
2016-07-19 23:00:00,Hog_public_Gerard,Hog,44.637,25.0,18.9,1017.7,5.1,2.0,23,1,0,7,-0.25881904510252157,0.9659258262890681,0.7818314824680298,0.6234898018587336,53.203,44.947,64.59920833333332,21.271639478073723,train
2016-07-20 00:00:00,Hog_public_Gerard,Hog,41.045,24.4,18.9,1018.2,5.7,2.0,0,2,0,7,0.0,1.0,0.9749279121818236,-0.22252093395631434,44.637,43.343,64.50345833333333,21.37639409535498,train
2016-07-20 01:00:00,Hog_public_Gerard,Hog,40.761,22.8,19.4,1019.2,3.1,2.0,1,2,0,7,0.25881904510252074,0.9659258262890683,0.9749279121818236,-0.22252093395631434,41.045,45.105,64.32245833333333,21.56534361661172,train
2016-07-20 02:00:00,Hog_public_Gerard,Hog,40.51,22.8,20.0,1018.7,3.6,2.0,2,2,0,7,0.49999999999999994,0.8660254037844387,0.9749279121818236,-0.22252093395631434,40.761,45.057,64.133,21.761041037677355,train
2016-07-20 03:00:00,Hog_public_Gerard,Hog,37.569,22.2,19.4,1018.4,3.6,4.0,3,2,0,7,0.7071067811865476,0.7071067811865476,0.9749279121818236,-0.22252093395631434,40.51,42.729,63.918000000000006,22.0058217020544,train
2016-07-20 04:00:00,Hog_public_Gerard,Hog,34.107,22.2,19.4,1017.5,3.6,4.5,4,2,0,7,0.8660254037844386,0.5000000000000001,0.9749279121818236,-0.22252093395631434,37.569,40.282,63.66070833333333,22.327930248280992,train
2016-07-20 05:00:00,Hog_public_Gerard,Hog,28.34800000000001,22.8,19.4,1016.8,4.1,5.0,5,2,0,7,0.9659258262890683,0.25881904510252074,0.9749279121818236,-0.22252093395631434,34.107,30.687,63.563250000000004,22.482681996613955,train
2016-07-20 06:00:00,Hog_public_Gerard,Hog,29.113000000000003,22.8,19.4,1016.2,4.6,5.5,6,2,0,7,1.0,6.123233995736766e-17,0.9749279121818236,-0.22252093395631434,28.34800000000001,29.796,63.53479166666667,22.527669826776915,train
2016-07-20 07:00:00,Hog_public_Gerard,Hog,33.751999999999995,22.8,20.0,1016.3,3.6,6.0,7,2,0,7,0.9659258262890683,-0.25881904510252063,0.9749279121818236,-0.22252093395631434,29.113000000000003,34.861999999999995,63.48854166666667,22.590148141206743,train
2016-07-20 08:00:00,Hog_public_Gerard,Hog,65.497,23.9,20.0,1016.5,4.1,5.6,8,2,0,7,0.8660254037844387,-0.4999999999999998,0.9749279121818236,-0.22252093395631434,33.751999999999995,65.868,63.47308333333333,22.58857597743615,train
2016-07-20 09:00:00,Hog_public_Gerard,Hog,79.884,24.0,22.0,1016.3,5.1,5.2,9,2,0,7,0.7071067811865476,-0.7071067811865475,0.9749279121818236,-0.22252093395631434,65.497,76.696,63.605916666666666,22.678907818033043,train
2016-07-20 10:00:00,Hog_public_Gerard,Hog,84.521,26.1,22.2,1015.7,4.1,4.8,10,2,0,7,0.49999999999999994,-0.8660254037844387,0.9749279121818236,-0.22252093395631434,79.884,78.33,63.86387500000001,22.88791292613047,train
2016-07-20 11:00:00,Hog_public_Gerard,Hog,84.773,26.7,22.2,1015.2,5.1,4.4,11,2,0,7,0.258819045102521,-0.9659258262890682,0.9749279121818236,-0.22252093395631434,84.521,82.04899999999998,63.977375,22.988545729695563,train
2016-07-20 12:00:00,Hog_public_Gerard,Hog,84.132,29.4,22.2,1014.8,4.6,4.0,12,2,0,7,1.2246467991473532e-16,-1.0,0.9749279121818236,-0.22252093395631434,84.773,83.029,64.02333333333334,23.029355747500347,train
2016-07-20 13:00:00,Hog_public_Gerard,Hog,79.413,31.7,23.3,1014.0,6.2,2.0,13,2,0,7,-0.2588190451025208,-0.9659258262890683,0.9749279121818236,-0.22252093395631434,84.132,88.228,63.656041666666674,22.694393558722567,train
2016-07-20 14:00:00,Hog_public_Gerard,Hog,80.667,32.8,23.3,1013.8,6.7,2.0,14,2,0,7,-0.4999999999999997,-0.8660254037844388,0.9749279121818236,-0.22252093395631434,79.413,81.877,63.605625,22.6534620193461,train
2016-07-20 15:00:00,Hog_public_Gerard,Hog,85.494,33.3,23.3,1013.5,6.2,2.0,15,2,0,7,-0.7071067811865471,-0.7071067811865479,0.9749279121818236,-0.22252093395631434,80.667,85.59899999999998,63.60125,22.649039532855905,train
2016-07-20 16:00:00,Hog_public_Gerard,Hog,82.11399999999998,33.3,23.3,1013.4,7.7,2.0,16,2,0,7,-0.8660254037844385,-0.5000000000000004,0.9749279121818236,-0.22252093395631434,85.494,83.42200000000003,63.54675,22.600793855334025,train
2016-07-20 17:00:00,Hog_public_Gerard,Hog,81.845,31.7,24.4,1013.4,6.7,4.0,17,2,0,7,-0.9659258262890683,-0.25881904510252063,0.9749279121818236,-0.22252093395631434,82.11399999999998,83.617,63.47291666666666,22.53517587725555,train
2016-07-20 18:00:00,Hog_public_Gerard,Hog,85.443,31.1,24.4,1013.3,7.2,4.0,18,2,0,7,-1.0,-1.8369701987210297e-16,0.9749279121818236,-0.22252093395631434,81.845,83.958,63.53479166666667,22.59582447956329,train
2016-07-20 19:00:00,Hog_public_Gerard,Hog,83.13799999999998,31.1,25.0,1012.8,5.7,4.0,19,2,0,7,-0.9659258262890684,0.2588190451025203,0.9749279121818236,-0.22252093395631434,85.443,83.15700000000002,63.53399999999999,22.595107427320936,train
2016-07-20 20:00:00,Hog_public_Gerard,Hog,83.14299999999999,31.1,25.0,1012.3,6.2,4.0,20,2,0,7,-0.8660254037844386,0.5000000000000001,0.9749279121818236,-0.22252093395631434,83.13799999999998,81.857,63.58758333333333,22.641925209887624,train
2016-07-20 21:00:00,Hog_public_Gerard,Hog,82.72399999999998,30.6,25.0,1012.0,7.2,4.0,21,2,0,7,-0.7071067811865477,0.7071067811865474,0.9749279121818236,-0.22252093395631434,83.14299999999999,82.993,63.57637499999999,22.631965761828223,train
2016-07-20 22:00:00,Hog_public_Gerard,Hog,50.692,29.4,25.0,1012.1,6.7,4.0,22,2,0,7,-0.5000000000000004,0.8660254037844384,0.9749279121818236,-0.22252093395631434,82.72399999999998,53.203,63.47174999999999,22.687740995965193,train
2016-07-20 23:00:00,Hog_public_Gerard,Hog,49.105,28.9,25.0,1012.3,4.6,2.0,23,2,0,7,-0.25881904510252157,0.9659258262890681,0.9749279121818236,-0.22252093395631434,50.692,44.637,63.657916666666665,22.5443490555966,train
2016-07-21 00:00:00,Hog_public_Gerard,Hog,43.237,28.9,25.0,1011.8,4.1,2.0,0,3,0,7,0.0,1.0,0.43388373911755823,-0.900968867902419,49.105,41.045,63.749249999999996,22.4530100088278,train
2016-07-21 01:00:00,Hog_public_Gerard,Hog,43.607,28.9,25.0,1012.1,3.6,0.0,1,3,0,7,0.25881904510252074,0.9659258262890683,0.43388373911755823,-0.900968867902419,43.237,40.761,63.86783333333333,22.333518632153627,train
2016-07-21 02:00:00,Hog_public_Gerard,Hog,46.2,28.9,24.4,1011.5,4.1,0.0,2,3,0,7,0.49999999999999994,0.8660254037844387,0.43388373911755823,-0.900968867902419,43.607,40.51,64.10491666666667,22.103800780618588,train
2016-07-21 03:00:00,Hog_public_Gerard,Hog,44.663,28.9,23.9,1010.6,5.1,2.0,3,3,0,7,0.7071067811865476,0.7071067811865476,0.43388373911755823,-0.900968867902419,46.2,37.569,64.40050000000001,21.778560047421177,train
2016-07-21 04:00:00,Hog_public_Gerard,Hog,33.836,28.3,23.9,1010.9,3.6,3.0,4,3,0,7,0.8660254037844386,0.5000000000000001,0.43388373911755823,-0.900968867902419,44.663,34.107,64.38920833333333,21.795013436422565,train
2016-07-21 05:00:00,Hog_public_Gerard,Hog,30.423,22.8,19.4,1013.8,5.7,4.0,5,3,0,7,0.9659258262890683,0.25881904510252074,0.43388373911755823,-0.900968867902419,33.836,28.34800000000001,64.47566666666667,21.649455516130818,train
2016-07-21 06:00:00,Hog_public_Gerard,Hog,29.972,22.2,19.4,1012.9,1.5,5.0,6,3,0,7,1.0,6.123233995736766e-17,0.43388373911755823,-0.900968867902419,30.423,29.113000000000003,64.51145833333332,21.589076676349976,train
2016-07-21 07:00:00,Hog_public_Gerard,Hog,37.231,22.8,19.4,1013.2,3.6,6.0,7,3,0,7,0.9659258262890683,-0.25881904510252063,0.43388373911755823,-0.900968867902419,29.972,33.751999999999995,64.65641666666666,21.38427312183594,train
2016-07-21 08:00:00,Hog_public_Gerard,Hog,67.52600000000001,23.3,19.4,1012.5,4.6,5.6,8,3,0,7,0.8660254037844387,-0.4999999999999998,0.43388373911755823,-0.900968867902419,37.231,65.497,64.74095833333334,21.391750282027477,train
2016-07-21 09:00:00,Hog_public_Gerard,Hog,79.33,25.0,20.0,1011.9,4.6,5.2,9,3,0,7,0.7071067811865476,-0.7071067811865475,0.43388373911755823,-0.900968867902419,67.52600000000001,79.884,64.717875,21.374991666029384,train
2016-07-21 10:00:00,Hog_public_Gerard,Hog,79.475,26.1,20.0,1011.6,4.6,4.8,10,3,0,7,0.49999999999999994,-0.8660254037844387,0.43388373911755823,-0.900968867902419,79.33,84.521,64.50762499999999,21.195799663494643,train
2016-07-21 11:00:00,Hog_public_Gerard,Hog,83.661,28.3,20.6,1011.9,5.1,4.4,11,3,0,7,0.258819045102521,-0.9659258262890682,0.43388373911755823,-0.900968867902419,79.475,84.773,64.46129166666667,21.150741651050737,train
2016-07-21 12:00:00,Hog_public_Gerard,Hog,81.143,30.6,21.7,1013.1,3.1,4.0,12,3,0,7,1.2246467991473532e-16,-1.0,0.43388373911755823,-0.900968867902419,83.661,84.132,64.33675,21.038380492824757,train
2016-07-21 13:00:00,Hog_public_Gerard,Hog,82.054,30.6,22.2,1012.2,3.6,4.0,13,3,0,7,-0.2588190451025208,-0.9659258262890683,0.43388373911755823,-0.900968867902419,81.143,79.413,64.44679166666667,21.127384300700655,train
2016-07-21 14:00:00,Hog_public_Gerard,Hog,84.039,32.2,23.3,1012.7,0.0,4.0,14,3,0,7,-0.4999999999999997,-0.8660254037844388,0.43388373911755823,-0.900968867902419,82.054,80.667,64.58729166666667,21.250792469068195,train
2016-07-21 15:00:00,Hog_public_Gerard,Hog,83.43,34.4,23.9,1011.8,2.1,4.0,15,3,0,7,-0.7071067811865471,-0.7071067811865479,0.43388373911755823,-0.900968867902419,84.039,85.494,64.50129166666666,21.166515653532386,train
2016-07-21 16:00:00,Hog_public_Gerard,Hog,81.347,33.9,22.8,1011.6,2.1,4.0,16,3,0,7,-0.8660254037844385,-0.5000000000000004,0.43388373911755823,-0.900968867902419,83.43,82.11399999999998,64.46933333333332,21.139328416107684,train
2016-07-21 17:00:00,Hog_public_Gerard,Hog,82.436,34.4,23.3,1011.4,3.1,4.0,17,3,0,7,-0.9659258262890683,-0.25881904510252063,0.43388373911755823,-0.900968867902419,81.347,81.845,64.49395833333334,21.160782533568337,train
2016-07-21 18:00:00,Hog_public_Gerard,Hog,82.374,33.9,22.8,1011.6,4.1,4.0,18,3,0,7,-1.0,-1.8369701987210297e-16,0.43388373911755823,-0.900968867902419,82.436,85.443,64.36608333333334,21.037597395298413,train
2016-07-21 19:00:00,Hog_public_Gerard,Hog,81.012,33.3,21.1,1012.0,4.1,4.0,19,3,0,7,-0.9659258262890684,0.2588190451025203,0.43388373911755823,-0.900968867902419,82.374,83.13799999999998,64.2775,20.959448376826845,train
2016-07-21 20:00:00,Hog_public_Gerard,Hog,80.795,31.7,21.7,1012.6,4.1,2.0,20,3,0,7,-0.8660254037844386,0.5000000000000001,0.43388373911755823,-0.900968867902419,81.012,83.14299999999999,64.17966666666668,20.87286147060375,train
2016-07-21 21:00:00,Hog_public_Gerard,Hog,83.93299999999998,30.6,22.2,1012.2,3.1,2.0,21,3,0,7,-0.7071067811865477,0.7071067811865474,0.43388373911755823,-0.900968867902419,80.795,82.72399999999998,64.23004166666668,20.920966114692252,train
2016-07-21 22:00:00,Hog_public_Gerard,Hog,48.142,29.4,21.7,1013.0,0.0,2.0,22,3,0,7,-0.5000000000000004,0.8660254037844384,0.43388373911755823,-0.900968867902419,83.93299999999998,50.692,64.12379166666666,20.999039841360794,train
2016-07-21 23:00:00,Hog_public_Gerard,Hog,41.824,29.4,21.7,1013.5,2.6,0.0,23,3,0,7,-0.25881904510252157,0.9659258262890681,0.43388373911755823,-0.900968867902419,48.142,49.105,63.82041666666667,21.276216809665296,train
2016-07-22 00:00:00,Hog_public_Gerard,Hog,41.389,27.2,20.6,1013.8,1.5,2.0,0,4,0,7,0.0,1.0,-0.433883739117558,-0.9009688679024191,41.824,43.237,63.74341666666666,21.357138462282386,train
2016-07-22 01:00:00,Hog_public_Gerard,Hog,45.631,27.2,20.0,1014.3,0.0,6.0,1,4,0,7,0.25881904510252074,0.9659258262890683,-0.433883739117558,-0.9009688679024191,41.389,43.607,63.82775,21.278017873628052,train
2016-07-22 02:00:00,Hog_public_Gerard,Hog,49.54,26.1,20.0,1014.2,1.5,4.0,2,4,0,7,0.49999999999999994,0.8660254037844387,-0.433883739117558,-0.9009688679024191,45.631,46.2,63.96691666666666,21.168352547091875,train
2016-07-22 03:00:00,Hog_public_Gerard,Hog,43.657,24.4,20.0,1014.4,1.5,2.0,3,4,0,7,0.7071067811865476,0.7071067811865476,-0.433883739117558,-0.9009688679024191,49.54,44.663,63.925000000000004,21.209195901368084,train
2016-07-22 04:00:00,Hog_public_Gerard,Hog,37.51300000000001,25.0,20.0,1014.2,0.0,4.0,4,4,0,7,0.8660254037844386,0.5000000000000001,-0.433883739117558,-0.9009688679024191,43.657,33.836,64.07820833333334,20.994587567480888,train
2016-07-22 05:00:00,Hog_public_Gerard,Hog,32.837,23.9,19.4,1014.1,0.0,4.0,5,4,0,7,0.9659258262890683,0.25881904510252074,-0.433883739117558,-0.9009688679024191,37.51300000000001,30.423,64.17879166666667,20.831486938890002,train
2016-07-22 06:00:00,Hog_public_Gerard,Hog,33.332,23.9,19.4,1014.5,0.0,4.0,6,4,0,7,1.0,6.123233995736766e-17,-0.433883739117558,-0.9009688679024191,32.837,29.972,64.31879166666667,20.601624108580168,train
2016-07-22 07:00:00,Hog_public_Gerard,Hog,37.587,24.4,19.4,1014.7,3.1,2.0,7,4,0,7,0.9659258262890683,-0.25881904510252063,-0.433883739117558,-0.9009688679024191,33.332,37.231,64.333625,20.581390933712527,train
2016-07-22 08:00:00,Hog_public_Gerard,Hog,66.667,26.7,18.3,1015.8,2.6,2.0,8,4,0,7,0.8660254037844387,-0.4999999999999998,-0.433883739117558,-0.9009688679024191,37.587,67.52600000000001,64.29783333333333,20.57634421551511,train
2016-07-22 09:00:00,Hog_public_Gerard,Hog,77.84100000000002,27.8,17.8,1015.8,3.1,2.0,9,4,0,7,0.7071067811865476,-0.7071067811865475,-0.433883739117558,-0.9009688679024191,66.667,79.33,64.23579166666667,20.531244056801025,train
2016-07-22 10:00:00,Hog_public_Gerard,Hog,82.402,29.4,17.8,1015.6,3.1,2.0,10,4,0,7,0.49999999999999994,-0.8660254037844387,-0.433883739117558,-0.9009688679024191,77.84100000000002,79.475,64.35775,20.634138323893367,train
2016-07-22 11:00:00,Hog_public_Gerard,Hog,82.82600000000002,31.1,16.7,1015.7,3.1,0.0,11,4,0,7,0.258819045102521,-0.9659258262890682,-0.433883739117558,-0.9009688679024191,82.402,83.661,64.32295833333333,20.60085269125732,train
2016-07-22 12:00:00,Hog_public_Gerard,Hog,80.26899999999998,32.2,16.7,1015.9,2.6,0.0,12,4,0,7,1.2246467991473532e-16,-1.0,-0.433883739117558,-0.9009688679024191,82.82600000000002,81.143,64.28654166666666,20.570576963393222,train
2016-07-22 13:00:00,Hog_public_Gerard,Hog,81.94200000000002,33.9,13.9,1015.7,1.5,0.0,13,4,0,7,-0.2588190451025208,-0.9659258262890683,-0.433883739117558,-0.9009688679024191,80.26899999999998,82.054,64.281875,20.56638324254772,train
2016-07-22 14:00:00,Hog_public_Gerard,Hog,79.834,35.0,5.6,1015.2,3.1,0.0,14,4,0,7,-0.4999999999999997,-0.8660254037844388,-0.433883739117558,-0.9009688679024191,81.94200000000002,84.039,64.10666666666667,20.408053190211277,train
2016-07-22 15:00:00,Hog_public_Gerard,Hog,83.021,35.0,13.3,1014.5,3.1,2.0,15,4,0,7,-0.7071067811865471,-0.7071067811865479,-0.433883739117558,-0.9009688679024191,79.834,83.43,64.089625,20.39137971068742,train
2016-07-22 16:00:00,Hog_public_Gerard,Hog,84.652,35.6,12.2,1014.5,4.1,2.0,16,4,0,7,-0.8660254037844385,-0.5000000000000004,-0.433883739117558,-0.9009688679024191,83.021,81.347,64.22733333333333,20.523720716721197,train
2016-07-22 17:00:00,Hog_public_Gerard,Hog,81.607,35.0,12.2,1014.4,4.6,2.0,17,4,0,7,-0.9659258262890683,-0.25881904510252063,-0.433883739117558,-0.9009688679024191,84.652,82.436,64.19279166666666,20.49241663975527,train
2016-07-22 18:00:00,Hog_public_Gerard,Hog,80.947,35.6,13.9,1014.4,5.1,2.0,18,4,0,7,-1.0,-1.8369701987210297e-16,-0.433883739117558,-0.9009688679024191,81.607,82.374,64.13333333333334,20.43937220100007,train
2016-07-22 19:00:00,Hog_public_Gerard,Hog,44.731,33.9,14.4,1014.2,3.1,2.0,19,4,0,7,-0.9659258262890684,0.2588190451025203,-0.433883739117558,-0.9009688679024191,80.947,81.012,62.621625,20.4783845613995,train
2016-07-22 20:00:00,Hog_public_Gerard,Hog,38.56800000000001,31.7,17.2,1013.4,3.6,2.6666666666666665,20,4,0,7,-0.8660254037844386,0.5000000000000001,-0.433883739117558,-0.9009688679024191,44.731,80.795,60.86216666666667,20.66228033348959,train
2016-07-22 21:00:00,Hog_public_Gerard,Hog,38.42,31.1,16.1,1013.7,3.1,3.333333333333333,21,4,0,7,-0.7071067811865477,0.7071067811865474,-0.433883739117558,-0.9009688679024191,38.56800000000001,83.93299999999998,58.96579166666667,20.541012882987513,train
2016-07-22 22:00:00,Hog_public_Gerard,Hog,40.007,28.9,17.2,1014.1,3.1,4.0,22,4,0,7,-0.5000000000000004,0.8660254037844384,-0.433883739117558,-0.9009688679024191,38.42,48.142,58.62683333333334,20.79296256923958,train
2016-07-22 23:00:00,Hog_public_Gerard,Hog,39.811,28.9,17.8,1014.2,3.1,4.666666666666666,23,4,0,7,-0.25881904510252157,0.9659258262890681,-0.433883739117558,-0.9009688679024191,40.007,41.824,58.54295833333334,20.867615081079645,train
2016-07-23 00:00:00,Hog_public_Gerard,Hog,39.662,28.3,17.8,1013.9,2.6,5.333333333333333,0,5,1,7,0.0,1.0,-0.9749279121818236,-0.2225209339563146,39.811,41.389,58.471000000000004,20.932216993449853,train
2016-07-23 01:00:00,Hog_public_Gerard,Hog,35.916,26.7,18.9,1014.5,1.5,6.0,1,5,1,7,0.25881904510252074,0.9659258262890683,-0.9749279121818236,-0.2225209339563146,39.662,45.631,58.06620833333334,21.282322899490783,train
2016-07-23 02:00:00,Hog_public_Gerard,Hog,34.917,26.1,19.4,1014.0,2.6,4.666666666666667,2,5,1,7,0.49999999999999994,0.8660254037844387,-0.9749279121818236,-0.2225209339563146,35.916,49.54,57.45691666666667,21.741402208522683,train
2016-07-23 03:00:00,Hog_public_Gerard,Hog,33.935,25.0,18.9,1013.4,3.1,3.3333333333333335,3,5,1,7,0.7071067811865476,0.7071067811865476,-0.9749279121818236,-0.2225209339563146,34.917,43.657,57.05183333333333,22.09735549132851,train
2016-07-23 04:00:00,Hog_public_Gerard,Hog,34.222,25.0,18.9,1013.7,3.1,2.0,4,5,1,7,0.8660254037844386,0.5000000000000001,-0.9749279121818236,-0.2225209339563146,33.935,37.51300000000001,56.91470833333333,22.233665970245458,train
2016-07-23 05:00:00,Hog_public_Gerard,Hog,34.169000000000004,25.0,18.9,1013.8,2.1,2.0,5,5,1,7,0.9659258262890683,0.25881904510252074,-0.9749279121818236,-0.2225209339563146,34.222,32.837,56.97020833333334,22.172528086290033,train
2016-07-23 06:00:00,Hog_public_Gerard,Hog,33.179,24.4,19.4,1013.5,3.1,5.0,6,5,1,7,1.0,6.123233995736766e-17,-0.9749279121818236,-0.2225209339563146,34.169000000000004,33.332,56.96383333333333,22.17964084600949,train
2016-07-23 07:00:00,Hog_public_Gerard,Hog,32.63,25.0,20.6,1013.0,4.1,8.0,7,5,1,7,0.9659258262890683,-0.25881904510252063,-0.9749279121818236,-0.2225209339563146,33.179,37.587,56.75729166666667,22.390010110254984,train
2016-07-23 08:00:00,Hog_public_Gerard,Hog,32.301,26.1,22.2,1011.9,4.6,8.0,8,5,1,7,0.8660254037844387,-0.4999999999999998,-0.9749279121818236,-0.2225209339563146,32.63,66.667,55.325375,22.82341222405,train
2016-07-23 09:00:00,Hog_public_Gerard,Hog,32.659,27.2,23.3,1010.7,4.1,8.0,9,5,1,7,0.7071067811865476,-0.7071067811865475,-0.9749279121818236,-0.2225209339563146,32.301,77.84100000000002,53.442791666666665,22.748759788419985,train
2016-07-23 10:00:00,Hog_public_Gerard,Hog,40.185,27.2,22.8,1010.5,5.7,8.0,10,5,1,7,0.49999999999999994,-0.8660254037844387,-0.9749279121818236,-0.2225209339563146,32.659,82.402,51.68375,22.03308923109104,train
2016-07-23 11:00:00,Hog_public_Gerard,Hog,68.063,22.2,20.6,1011.2,3.1,8.0,11,5,1,7,0.258819045102521,-0.9659258262890682,-0.9749279121818236,-0.2225209339563146,40.185,82.82600000000002,51.068625000000004,21.320403056824173,train
2016-07-23 12:00:00,Hog_public_Gerard,Hog,83.73299999999998,22.8,21.1,1011.9,5.7,8.0,12,5,1,7,1.2246467991473532e-16,-1.0,-0.9749279121818236,-0.2225209339563146,68.063,80.26899999999998,51.21295833333334,21.537298297481808,train
2016-07-23 13:00:00,Hog_public_Gerard,Hog,81.132,22.8,21.7,1011.6,5.7,8.0,13,5,1,7,-0.2588190451025208,-0.9659258262890683,-0.9749279121818236,-0.2225209339563146,83.73299999999998,81.94200000000002,51.17920833333334,21.48762811678263,train
2016-07-23 14:00:00,Hog_public_Gerard,Hog,79.775,23.3,21.7,1010.6,7.7,7.333333333333333,14,5,1,7,-0.4999999999999997,-0.8660254037844388,-0.9749279121818236,-0.2225209339563146,81.132,79.834,51.17675,21.484210378483986,train
2016-07-23 15:00:00,Hog_public_Gerard,Hog,77.627,23.9,20.0,1010.4,6.7,6.666666666666667,15,5,1,7,-0.7071067811865471,-0.7071067811865479,-0.9749279121818236,-0.2225209339563146,79.775,83.021,50.952,21.16240202114,train
2016-07-23 16:00:00,Hog_public_Gerard,Hog,79.72,23.9,20.6,1010.4,2.1,6.0,16,5,1,7,-0.8660254037844385,-0.5000000000000004,-0.9749279121818236,-0.2225209339563146,77.627,84.652,50.7465,20.842453813227568,train
2016-07-23 17:00:00,Hog_public_Gerard,Hog,80.596,21.7,20.6,1010.9,3.6,5.333333333333334,17,5,1,7,-0.9659258262890683,-0.25881904510252063,-0.9749279121818236,-0.2225209339563146,79.72,81.607,50.704375,20.778292250646192,train
2016-07-23 18:00:00,Hog_public_Gerard,Hog,78.21600000000002,23.3,21.1,1009.6,5.7,4.666666666666667,18,5,1,7,-1.0,-1.8369701987210297e-16,-0.9749279121818236,-0.2225209339563146,80.596,80.947,50.590583333333335,20.61228342289616,train
2016-07-23 19:00:00,Hog_public_Gerard,Hog,43.344,23.9,21.1,1008.8,5.1,4.0,19,5,1,7,-0.9659258262890684,0.2588190451025203,-0.9749279121818236,-0.2225209339563146,78.21600000000002,44.731,50.53279166666667,20.631362089071217,train
2016-07-23 20:00:00,Hog_public_Gerard,Hog,37.901,23.9,21.1,1007.8,3.6,2.0,20,5,1,7,-0.8660254037844386,0.5000000000000001,-0.9749279121818236,-0.2225209339563146,43.344,38.56800000000001,50.504999999999995,20.64862214794727,train
2016-07-23 21:00:00,Hog_public_Gerard,Hog,38.695,23.9,21.7,1007.8,3.1,2.0,21,5,1,7,-0.7071067811865477,0.7071067811865474,-0.9749279121818236,-0.2225209339563146,37.901,38.42,50.51645833333333,20.641699506579645,train
2016-07-23 22:00:00,Hog_public_Gerard,Hog,39.589,23.9,21.7,1007.8,3.1,2.0,22,5,1,7,-0.5000000000000004,0.8660254037844384,-0.9749279121818236,-0.2225209339563146,38.695,40.007,50.49904166666667,20.65112671624396,train
2016-07-23 23:00:00,Hog_public_Gerard,Hog,40.522,23.9,21.7,1008.4,1.5,4.0,23,5,1,7,-0.25881904510252157,0.9659258262890681,-0.9749279121818236,-0.2225209339563146,39.589,39.811,50.52866666666666,20.63563176236402,train
2016-07-24 00:00:00,Hog_public_Gerard,Hog,40.485,23.9,21.1,1007.8,3.6,6.0,0,6,1,7,0.0,1.0,-0.7818314824680299,0.6234898018587334,40.522,39.662,50.56295833333334,20.61746456068822,train
2016-07-24 01:00:00,Hog_public_Gerard,Hog,34.622,23.3,21.1,1007.9,2.6,8.0,1,6,1,7,0.25881904510252074,0.9659258262890683,-0.7818314824680299,0.6234898018587334,40.485,35.916,50.50904166666666,20.65908309442941,train
2016-07-24 02:00:00,Hog_public_Gerard,Hog,30.363000000000003,24.4,22.2,1007.3,3.1,7.666666666666667,2,6,1,7,0.49999999999999994,0.8660254037844387,-0.7818314824680299,0.6234898018587334,34.622,34.917,50.319291666666665,20.828736982893105,train
2016-07-24 03:00:00,Hog_public_Gerard,Hog,29.132,24.4,22.8,1007.1,0.0,7.333333333333333,3,6,1,7,0.7071067811865476,0.7071067811865476,-0.7818314824680299,0.6234898018587334,30.363000000000003,33.935,50.11916666666667,21.015242556538517,train
2016-07-24 04:00:00,Hog_public_Gerard,Hog,28.88,25.0,23.3,1007.4,4.1,7.0,4,6,1,7,0.8660254037844386,0.5000000000000001,-0.7818314824680299,0.6234898018587334,29.132,34.222,49.89658333333333,21.218247792503053,train
2016-07-24 05:00:00,Hog_public_Gerard,Hog,28.164,23.9,21.1,1007.6,3.1,6.666666666666667,5,6,1,7,0.9659258262890683,0.25881904510252074,-0.7818314824680299,0.6234898018587334,28.88,34.169000000000004,49.646375,21.44595705856028,train
2016-07-24 06:00:00,Hog_public_Gerard,Hog,29.04300000000001,23.3,20.0,1008.3,2.6,6.333333333333334,6,6,1,7,1.0,6.123233995736766e-17,-0.7818314824680299,0.6234898018587334,28.164,33.179,49.474041666666665,21.600101204431184,train
2016-07-24 07:00:00,Hog_public_Gerard,Hog,27.779,22.8,20.6,1008.9,2.6,6.0,7,6,1,7,0.9659258262890683,-0.25881904510252063,-0.7818314824680299,0.6234898018587334,29.04300000000001,32.63,49.27191666666667,21.786466822352175,train
2016-07-24 08:00:00,Hog_public_Gerard,Hog,26.393,24.4,21.1,1009.7,3.6,4.0,8,6,1,7,0.8660254037844387,-0.4999999999999998,-0.7818314824680299,0.6234898018587334,27.779,32.301,49.02575000000001,22.01869917227476,train
2016-07-24 09:00:00,Hog_public_Gerard,Hog,26.659,25.6,20.6,1010.0,4.6,4.0,9,6,1,7,0.7071067811865476,-0.7071067811865475,-0.7818314824680299,0.6234898018587334,26.393,32.659,48.775749999999995,22.245500379901028,train
2016-07-24 10:00:00,Hog_public_Gerard,Hog,25.581,26.1,19.4,1010.3,4.6,4.0,10,6,1,7,0.49999999999999994,-0.8660254037844387,-0.7818314824680299,0.6234898018587334,26.659,40.185,48.16725,22.686082223037932,train
2016-07-24 11:00:00,Hog_public_Gerard,Hog,25.067,27.2,17.8,1011.1,6.7,4.0,11,6,1,7,0.258819045102521,-0.9659258262890682,-0.7818314824680299,0.6234898018587334,25.581,68.063,46.375750000000004,22.74422512514949,train
2016-07-24 12:00:00,Hog_public_Gerard,Hog,63.099,27.8,16.1,1011.3,6.2,4.0,12,6,1,7,1.2246467991473532e-16,-1.0,-0.7818314824680299,0.6234898018587334,25.067,83.73299999999998,45.516,21.633566654019777,train
2016-07-24 13:00:00,Hog_public_Gerard,Hog,78.764,27.8,17.2,1011.2,7.2,6.0,13,6,1,7,-0.2588190451025208,-0.9659258262890683,-0.7818314824680299,0.6234898018587334,63.099,81.132,45.41733333333334,21.468839043694498,train
2016-07-24 14:00:00,Hog_public_Gerard,Hog,78.726,28.3,16.7,1011.3,7.2,4.0,14,6,1,7,-0.4999999999999997,-0.8660254037844388,-0.7818314824680299,0.6234898018587334,78.764,79.775,45.373625000000004,21.396796096637697,train
2016-07-24 15:00:00,Hog_public_Gerard,Hog,78.557,29.4,17.2,1011.3,5.1,4.0,15,6,1,7,-0.7071067811865471,-0.7071067811865479,-0.7818314824680299,0.6234898018587334,78.726,77.627,45.412375,21.458500346346053,train
2016-07-24 16:00:00,Hog_public_Gerard,Hog,79.321,28.9,16.7,1012.8,5.7,4.0,16,6,1,7,-0.8660254037844385,-0.5000000000000004,-0.7818314824680299,0.6234898018587334,78.557,79.72,45.39575,21.430901639110303,train
2016-07-24 17:00:00,Hog_public_Gerard,Hog,80.415,28.9,16.1,1013.1,8.2,4.0,17,6,1,7,-0.9659258262890683,-0.25881904510252063,-0.7818314824680299,0.6234898018587334,79.321,80.596,45.38820833333333,21.418003846782742,train
2016-07-24 18:00:00,Hog_public_Gerard,Hog,79.778,28.3,17.2,1013.0,6.7,4.0,18,6,1,7,-1.0,-1.8369701987210297e-16,-0.7818314824680299,0.6234898018587334,80.415,78.21600000000002,45.453291666666665,21.524205430932273,train
2016-07-24 19:00:00,Hog_public_Gerard,Hog,49.084,27.2,16.7,1012.9,5.7,4.0,19,6,1,7,-0.9659258262890684,0.2588190451025203,-0.7818314824680299,0.6234898018587334,79.778,43.344,45.69245833333333,21.531637755474485,train
2016-07-24 20:00:00,Hog_public_Gerard,Hog,41.515,26.1,16.7,1013.0,6.2,2.0,20,6,1,7,-0.8660254037844386,0.5000000000000001,-0.7818314824680299,0.6234898018587334,49.084,37.901,45.84304166666667,21.487370293468356,train
2016-07-24 21:00:00,Hog_public_Gerard,Hog,44.05,25.0,17.2,1013.1,3.6,2.0,21,6,1,7,-0.7071067811865477,0.7071067811865474,-0.7818314824680299,0.6234898018587334,41.515,38.695,46.06616666666667,21.437663477215096,train
2016-07-24 22:00:00,Hog_public_Gerard,Hog,45.81399999999999,25.0,17.2,1013.8,3.6,2.0,22,6,1,7,-0.5000000000000004,0.8660254037844384,-0.7818314824680299,0.6234898018587334,44.05,39.589,46.32554166666667,21.39350149599315,train
2016-07-24 23:00:00,Hog_public_Gerard,Hog,46.005,23.9,17.2,1014.3,3.6,0.0,23,6,1,7,-0.25881904510252157,0.9659258262890681,-0.7818314824680299,0.6234898018587334,45.81399999999999,40.522,46.554,21.358078461444524,train
2016-07-25 00:00:00,Hog_public_Gerard,Hog,46.106,23.3,16.7,1014.4,3.1,0.0,0,0,0,7,0.0,1.0,0.0,1.0,46.005,40.485,46.78820833333333,21.319417884987224,train
2016-07-25 01:00:00,Hog_public_Gerard,Hog,47.08,22.2,15.6,1014.8,3.6,0.0,1,0,0,7,0.25881904510252074,0.9659258262890683,0.0,1.0,46.106,34.622,47.307291666666664,21.161394394919295,train
2016-07-25 02:00:00,Hog_public_Gerard,Hog,47.479,21.7,15.6,1014.9,2.6,0.0,2,0,0,7,0.49999999999999994,0.8660254037844387,0.0,1.0,47.08,30.363000000000003,48.02045833333333,20.851670766087825,train
2016-07-25 03:00:00,Hog_public_Gerard,Hog,41.898,21.7,15.0,1015.5,2.6,0.0,3,0,0,7,0.7071067811865476,0.7071067811865476,0.0,1.0,47.479,29.132,48.552375000000005,20.508895403686434,train
2016-07-25 04:00:00,Hog_public_Gerard,Hog,35.499,20.6,15.6,1015.7,1.5,0.0,4,0,0,7,0.8660254037844386,0.5000000000000001,0.0,1.0,41.898,28.88,48.828166666666675,20.276033165477386,train
2016-07-25 05:00:00,Hog_public_Gerard,Hog,29.896,20.0,16.1,1015.8,1.5,0.0,5,0,0,7,0.9659258262890683,0.25881904510252074,0.0,1.0,35.499,28.164,48.90033333333334,20.202235282408722,train
2016-07-25 06:00:00,Hog_public_Gerard,Hog,30.16800000000001,19.4,15.6,1016.1,0.0,0.0,6,0,0,7,1.0,6.123233995736766e-17,0.0,1.0,29.896,29.04300000000001,48.94720833333333,20.155408196397524,train
2016-07-25 07:00:00,Hog_public_Gerard,Hog,35.808,20.0,16.7,1016.9,2.1,0.0,7,0,0,7,0.9659258262890683,-0.25881904510252063,0.0,1.0,30.16800000000001,27.779,49.281749999999995,19.85314644485534,train
2016-07-25 08:00:00,Hog_public_Gerard,Hog,68.40100000000001,22.2,16.7,1017.5,2.6,0.0,8,0,0,7,0.8660254037844387,-0.4999999999999998,0.0,1.0,35.808,26.393,51.03208333333333,19.59759699980253,train
2016-07-25 09:00:00,Hog_public_Gerard,Hog,83.97200000000002,23.9,16.1,1017.8,3.1,0.0,9,0,0,7,0.7071067811865476,-0.7071067811865475,0.0,1.0,68.40100000000001,26.659,53.420125000000006,19.986559260429352,train
2016-07-25 10:00:00,Hog_public_Gerard,Hog,80.467,26.1,16.1,1017.9,2.1,0.0,10,0,0,7,0.49999999999999994,-0.8660254037844387,0.0,1.0,83.97200000000002,25.581,55.70704166666667,19.80188345560832,train
2016-07-25 11:00:00,Hog_public_Gerard,Hog,84.465,27.2,16.1,1017.6,3.6,0.0,11,0,0,7,0.258819045102521,-0.9659258262890682,0.0,1.0,80.467,25.067,58.181958333333334,19.515699863753355,train
2016-07-25 12:00:00,Hog_public_Gerard,Hog,84.955,28.3,15.6,1017.4,3.1,0.0,12,0,0,7,1.2246467991473532e-16,-1.0,0.0,1.0,84.465,63.099,59.092625,20.25119790082748,train
2016-07-25 13:00:00,Hog_public_Gerard,Hog,83.734,28.9,15.0,1017.3,3.6,0.0,13,0,0,7,-0.2588190451025208,-0.9659258262890683,0.0,1.0,84.955,78.764,59.299708333333335,20.485157448597796,train
2016-07-25 14:00:00,Hog_public_Gerard,Hog,83.811,30.0,15.6,1017.1,5.1,0.0,14,0,0,7,-0.4999999999999997,-0.8660254037844388,0.0,1.0,83.734,78.726,59.511583333333334,20.71976977360066,train
2016-07-25 15:00:00,Hog_public_Gerard,Hog,84.96700000000001,29.4,15.0,1017.0,4.1,2.0,15,0,0,7,-0.7071067811865471,-0.7071067811865479,0.0,1.0,83.811,78.557,59.77866666666667,21.015151992678124,train
2016-07-25 16:00:00,Hog_public_Gerard,Hog,84.76100000000002,30.0,16.1,1016.5,3.1,2.0,16,0,0,7,-0.8660254037844385,-0.5000000000000004,0.0,1.0,84.96700000000001,79.321,60.00533333333334,21.26297376368986,train
2016-07-25 17:00:00,Hog_public_Gerard,Hog,83.01700000000002,30.6,16.7,1016.3,4.6,2.0,17,0,0,7,-0.9659258262890683,-0.25881904510252063,0.0,1.0,84.76100000000002,80.415,60.11375000000001,21.377887228853236,train
2016-07-25 18:00:00,Hog_public_Gerard,Hog,80.587,30.0,16.7,1016.0,4.1,2.0,18,0,0,7,-1.0,-1.8369701987210297e-16,0.0,1.0,83.01700000000002,79.778,60.14745833333334,21.41085401497015,train
2016-07-25 19:00:00,Hog_public_Gerard,Hog,80.60600000000002,29.4,17.2,1015.9,3.6,2.0,19,0,0,7,-0.9659258262890684,0.2588190451025203,0.0,1.0,80.587,49.084,61.46087500000001,21.667966436780258,train
2016-07-25 20:00:00,Hog_public_Gerard,Hog,77.413,28.9,17.2,1015.9,4.6,2.0,20,0,0,7,-0.8660254037844386,0.5000000000000001,0.0,1.0,80.60600000000002,41.515,62.956625,21.469346831587604,train
2016-07-25 21:00:00,Hog_public_Gerard,Hog,80.635,27.8,17.2,1016.2,2.6,0.0,21,0,0,7,-0.7071067811865477,0.7071067811865474,0.0,1.0,77.413,44.05,64.48100000000001,21.367133276010215,train
2016-07-25 22:00:00,Hog_public_Gerard,Hog,50.731,26.7,17.2,1016.3,1.5,0.0,22,0,0,7,-0.5000000000000004,0.8660254037844384,0.0,1.0,80.635,45.81399999999999,64.685875,21.20331094184914,train
2016-07-25 23:00:00,Hog_public_Gerard,Hog,52.002,26.7,17.8,1016.4,1.5,0.0,23,0,0,7,-0.25881904510252157,0.9659258262890681,0.0,1.0,50.731,46.005,64.93575,21.008027633864575,train
2016-07-26 00:00:00,Hog_public_Gerard,Hog,49.12,25.6,17.8,1016.6,1.5,0.0,0,1,0,7,0.0,1.0,0.7818314824680298,0.6234898018587336,52.002,46.106,65.06133333333334,20.899299063899704,train
2016-07-26 01:00:00,Hog_public_Gerard,Hog,49.21100000000001,24.4,18.3,1016.8,1.5,0.0,1,1,0,7,0.25881904510252074,0.9659258262890683,0.7818314824680298,0.6234898018587336,49.12,47.08,65.15012500000002,20.82397409616159,train
2016-07-26 02:00:00,Hog_public_Gerard,Hog,55.109,23.9,18.3,1016.7,1.5,0.0,2,1,0,7,0.49999999999999994,0.8660254037844387,0.7818314824680298,0.6234898018587336,49.21100000000001,47.479,65.46804166666668,20.599494994821274,train
2016-07-26 03:00:00,Hog_public_Gerard,Hog,47.521,23.3,17.8,1016.6,1.5,0.0,3,1,0,7,0.7071067811865476,0.7071067811865476,0.7818314824680298,0.6234898018587336,55.109,41.898,65.70233333333333,20.35023072332974,train
2016-07-26 04:00:00,Hog_public_Gerard,Hog,41.681,22.8,17.8,1016.6,2.1,4.0,4,1,0,7,0.8660254037844386,0.5000000000000001,0.7818314824680298,0.6234898018587336,47.521,35.499,65.95991666666667,19.98719613177759,train
2016-07-26 05:00:00,Hog_public_Gerard,Hog,36.183,22.8,17.8,1016.4,2.1,2.0,5,1,0,7,0.9659258262890683,0.25881904510252074,0.7818314824680298,0.6234898018587336,41.681,29.896,66.221875,19.52995019987974,train
2016-07-26 06:00:00,Hog_public_Gerard,Hog,36.816,22.2,17.8,1016.7,2.6,2.0,6,1,0,7,1.0,6.123233995736766e-17,0.7818314824680298,0.6234898018587336,36.183,30.16800000000001,66.49887500000001,19.03728383830575,train
2016-07-26 07:00:00,Hog_public_Gerard,Hog,38.967,22.2,17.8,1016.9,2.1,2.0,7,1,0,7,0.9659258262890683,-0.25881904510252063,0.7818314824680298,0.6234898018587336,36.816,35.808,66.63050000000001,18.825603028623128,train
2016-07-26 08:00:00,Hog_public_Gerard,Hog,62.756,23.9,18.3,1016.8,3.1,2.0,8,1,0,7,0.8660254037844387,-0.4999999999999998,0.7818314824680298,0.6234898018587336,38.967,68.40100000000001,66.39529166666667,18.837781076011943,train
2016-07-26 09:00:00,Hog_public_Gerard,Hog,78.42699999999998,25.6,18.3,1016.9,4.1,4.0,9,1,0,7,0.7071067811865476,-0.7071067811865475,0.7818314824680298,0.6234898018587336,62.756,83.97200000000002,66.16425000000001,18.645859907065514,train
2016-07-26 10:00:00,Hog_public_Gerard,Hog,79.796,27.8,18.9,1017.0,4.6,4.0,10,1,0,7,0.49999999999999994,-0.8660254037844387,0.7818314824680298,0.6234898018587336,78.42699999999998,80.467,66.13629166666666,18.62397157821109,train
2016-07-26 11:00:00,Hog_public_Gerard,Hog,80.985,28.9,17.8,1016.8,4.6,2.0,11,1,0,7,0.258819045102521,-0.9659258262890682,0.7818314824680298,0.6234898018587336,79.796,84.465,65.99129166666667,18.488117557617255,train
2016-07-26 12:00:00,Hog_public_Gerard,Hog,82.8,30.0,17.8,1016.6,6.2,2.0,12,1,0,7,1.2246467991473532e-16,-1.0,0.7818314824680298,0.6234898018587336,80.985,84.955,65.90150000000001,18.397020351841952,train
2016-07-26 13:00:00,Hog_public_Gerard,Hog,80.935,31.1,17.2,1016.1,6.7,2.0,13,1,0,7,-0.2588190451025208,-0.9659258262890683,0.7818314824680298,0.6234898018587336,82.8,83.734,65.784875,18.287605523039492,train
2016-07-26 14:00:00,Hog_public_Gerard,Hog,81.258,31.7,17.2,1015.3,6.7,2.0,14,1,0,7,-0.4999999999999997,-0.8660254037844388,0.7818314824680298,0.6234898018587336,80.935,83.811,65.6785,18.18533176467519,train
2016-07-26 15:00:00,Hog_public_Gerard,Hog,82.29299999999998,32.2,16.1,1014.7,7.2,2.0,15,1,0,7,-0.7071067811865471,-0.7071067811865479,0.7818314824680298,0.6234898018587336,81.258,84.96700000000001,65.56708333333334,18.06984294322321,train
2016-07-26 16:00:00,Hog_public_Gerard,Hog,78.865,32.2,17.2,1014.5,8.2,2.0,16,1,0,7,-0.8660254037844385,-0.5000000000000004,0.7818314824680298,0.6234898018587336,82.29299999999998,84.76100000000002,65.32141666666666,17.83611608608309,train
2016-07-26 17:00:00,Hog_public_Gerard,Hog,79.194,32.2,17.2,1014.5,7.7,4.0,17,1,0,7,-0.9659258262890683,-0.25881904510252063,0.7818314824680298,0.6234898018587336,78.865,83.01700000000002,65.162125,17.687661848852375,train
2016-07-26 18:00:00,Hog_public_Gerard,Hog,84.818,31.7,17.8,1014.2,5.7,5.0,18,1,0,7,-1.0,-1.8369701987210297e-16,0.7818314824680298,0.6234898018587336,79.194,80.587,65.33841666666667,17.868247939502528,train
2016-07-26 19:00:00,Hog_public_Gerard,Hog,85.72200000000002,30.6,18.3,1013.9,6.7,6.0,19,1,0,7,-0.9659258262890684,0.2588190451025203,0.7818314824680298,0.6234898018587336,84.818,80.60600000000002,65.55158333333334,18.08747987569366,train
2016-07-26 20:00:00,Hog_public_Gerard,Hog,84.039,30.0,18.9,1013.7,5.1,6.333333333333333,20,1,0,7,-0.8660254037844386,0.5000000000000001,0.7818314824680298,0.6234898018587336,85.72200000000002,77.413,65.82766666666667,18.325405732898854,train
2016-07-26 21:00:00,Hog_public_Gerard,Hog,83.984,29.4,19.4,1013.7,3.6,6.666666666666667,21,1,0,7,-0.7071067811865477,0.7071067811865474,0.7818314824680298,0.6234898018587336,84.039,80.635,65.96720833333333,18.455350804103837,train
2016-07-26 22:00:00,Hog_public_Gerard,Hog,54.699,28.3,20.0,1014.5,3.6,7.0,22,1,0,7,-0.5000000000000004,0.8660254037844384,0.7818314824680298,0.6234898018587336,83.984,50.731,66.13254166666667,18.330271728765023,train
2016-07-26 23:00:00,Hog_public_Gerard,Hog,48.338,27.8,20.6,1014.7,3.6,7.333333333333333,23,1,0,7,-0.25881904510252157,0.9659258262890681,0.7818314824680298,0.6234898018587336,54.699,52.002,65.979875,18.467819193567614,train
2016-07-27 00:00:00,Hog_public_Gerard,Hog,46.368,26.7,20.0,1014.8,3.1,7.666666666666666,0,2,0,7,0.0,1.0,0.9749279121818236,-0.22252093395631434,48.338,49.12,65.86520833333333,18.585223964867232,train
2016-07-27 01:00:00,Hog_public_Gerard,Hog,46.658,26.7,20.0,1014.5,2.6,8.0,1,2,0,7,0.25881904510252074,0.9659258262890683,0.9749279121818236,-0.22252093395631434,46.368,49.21100000000001,65.75883333333333,18.69169225750508,train
2016-07-27 02:00:00,Hog_public_Gerard,Hog,42.543,26.1,20.0,1014.1,2.1,8.0,2,2,0,7,0.49999999999999994,0.8660254037844387,0.9749279121818236,-0.22252093395631434,46.658,55.109,65.23525,19.17278629192044,train
2016-07-27 03:00:00,Hog_public_Gerard,Hog,41.077,26.1,20.0,1013.9,3.6,8.0,3,2,0,7,0.7071067811865476,0.7071067811865476,0.9749279121818236,-0.22252093395631434,42.543,47.521,64.96675,19.474395746053666,train
2016-07-27 04:00:00,Hog_public_Gerard,Hog,39.44,25.6,20.0,1014.2,3.1,8.0,4,2,0,7,0.8660254037844386,0.5000000000000001,0.9749279121818236,-0.22252093395631434,41.077,41.681,64.873375,19.595893116343895,train
2016-07-27 05:00:00,Hog_public_Gerard,Hog,35.328,25.0,20.0,1013.8,3.1,8.0,5,2,0,7,0.9659258262890683,0.25881904510252074,0.9749279121818236,-0.22252093395631434,39.44,36.183,64.83775,19.651019144386474,train
2016-07-27 06:00:00,Hog_public_Gerard,Hog,34.66,25.0,20.0,1013.6,2.6,8.0,6,2,0,7,1.0,6.123233995736766e-17,0.9749279121818236,-0.22252093395631434,35.328,36.816,64.74791666666667,19.789130931807797,train
2016-07-27 07:00:00,Hog_public_Gerard,Hog,39.479,24.4,20.0,1014.0,2.6,8.0,7,2,0,7,0.9659258262890683,-0.25881904510252063,0.9749279121818236,-0.22252093395631434,34.66,38.967,64.76925,19.760384977437102,train
2016-07-27 08:00:00,Hog_public_Gerard,Hog,62.076,24.4,19.4,1014.5,2.6,8.0,8,2,0,7,0.8660254037844387,-0.4999999999999998,0.9749279121818236,-0.22252093395631434,39.479,62.756,64.74091666666668,19.763884372031086,train
2016-07-27 09:00:00,Hog_public_Gerard,Hog,77.947,24.4,20.0,1014.6,0.0,8.0,9,2,0,7,0.7071067811865476,-0.7071067811865475,0.9749279121818236,-0.22252093395631434,62.076,78.42699999999998,64.72091666666667,19.749670383417122,train
2016-07-27 10:00:00,Hog_public_Gerard,Hog,77.767,25.6,20.0,1013.9,2.6,8.0,10,2,0,7,0.49999999999999994,-0.8660254037844387,0.9749279121818236,-0.22252093395631434,77.947,79.796,64.636375,19.686575279732264,train
2016-07-27 11:00:00,Hog_public_Gerard,Hog,81.435,26.1,20.0,1013.6,2.1,8.0,11,2,0,7,0.258819045102521,-0.9659258262890682,0.9749279121818236,-0.22252093395631434,77.767,80.985,64.655125,19.703030542251952,train
2016-07-27 12:00:00,Hog_public_Gerard,Hog,83.387,26.7,20.0,1013.6,2.6,8.0,12,2,0,7,1.2246467991473532e-16,-1.0,0.9749279121818236,-0.22252093395631434,81.435,82.8,64.67958333333333,19.726883867534386,train
2016-07-27 13:00:00,Hog_public_Gerard,Hog,85.189,25.6,20.6,1013.9,3.1,8.0,13,2,0,7,-0.2588190451025208,-0.9659258262890683,0.9749279121818236,-0.22252093395631434,83.387,80.935,64.85683333333334,19.897664668884193,train
2016-07-27 14:00:00,Hog_public_Gerard,Hog,84.985,21.7,16.7,1013.3,2.1,7.666666666666667,14,2,0,7,-0.4999999999999997,-0.8660254037844388,0.9749279121818236,-0.22252093395631434,85.189,81.258,65.012125,20.045229744391428,train
2016-07-27 15:00:00,Hog_public_Gerard,Hog,88.01299999999998,24.4,20.6,1013.2,2.1,7.333333333333333,15,2,0,7,-0.7071067811865471,-0.7071067811865479,0.9749279121818236,-0.22252093395631434,84.985,82.29299999999998,65.25045833333334,20.292113224812816,train
2016-07-27 16:00:00,Hog_public_Gerard,Hog,88.38,22.2,20.0,1013.1,5.1,7.0,16,2,0,7,-0.8660254037844385,-0.5000000000000004,0.9749279121818236,-0.22252093395631434,88.01299999999998,78.865,65.64691666666667,20.659300897125508,train
2016-07-27 17:00:00,Hog_public_Gerard,Hog,83.015,23.9,20.0,1013.3,4.6,6.666666666666667,17,2,0,7,-0.9659258262890683,-0.25881904510252063,0.9749279121818236,-0.22252093395631434,88.38,79.194,65.806125,20.782594022114836,train
2016-07-27 18:00:00,Hog_public_Gerard,Hog,82.34100000000002,24.4,19.4,1013.1,2.1,6.333333333333334,18,2,0,7,-1.0,-1.8369701987210297e-16,0.9749279121818236,-0.22252093395631434,83.015,84.818,65.70291666666667,20.690018578419938,train
2016-07-27 19:00:00,Hog_public_Gerard,Hog,80.622,23.3,18.3,1013.3,3.6,6.0,19,2,0,7,-0.9659258262890684,0.2588190451025203,0.9749279121818236,-0.22252093395631434,82.34100000000002,85.72200000000002,65.49041666666666,20.500794875186976,train
2016-07-27 20:00:00,Hog_public_Gerard,Hog,79.05199999999998,22.2,17.8,1013.1,5.1,6.333333333333333,20,2,0,7,-0.8660254037844386,0.5000000000000001,0.9749279121818236,-0.22252093395631434,80.622,84.039,65.282625,20.329171504777367,train
2016-07-27 21:00:00,Hog_public_Gerard,Hog,80.393,21.7,17.8,1013.7,5.1,6.666666666666667,21,2,0,7,-0.7071067811865477,0.7071067811865474,0.9749279121818236,-0.22252093395631434,79.05199999999998,83.984,65.133,20.198336808412886,train
2016-07-27 22:00:00,Hog_public_Gerard,Hog,51.471,21.1,17.8,1014.7,2.6,7.0,22,2,0,7,-0.5000000000000004,0.8660254037844384,0.9749279121818236,-0.22252093395631434,80.393,54.699,64.99849999999999,20.281414010390634,train
2016-07-27 23:00:00,Hog_public_Gerard,Hog,48.632,21.1,17.2,1014.7,5.1,7.333333333333333,23,2,0,7,-0.25881904510252157,0.9659258262890681,0.9749279121818236,-0.22252093395631434,51.471,48.338,65.01075,20.270999641273782,train
2016-07-28 00:00:00,Hog_public_Gerard,Hog,47.382,20.0,17.8,1014.8,5.7,7.666666666666666,0,3,0,7,0.0,1.0,0.43388373911755823,-0.900968867902419,48.632,46.368,65.053,20.23147211003516,train
2016-07-28 01:00:00,Hog_public_Gerard,Hog,48.139,20.0,17.8,1015.1,4.1,8.0,1,3,0,7,0.25881904510252074,0.9659258262890683,0.43388373911755823,-0.900968867902419,47.382,46.658,65.11470833333333,20.175105890523614,train
2016-07-28 02:00:00,Hog_public_Gerard,Hog,49.36600000000001,19.4,17.2,1015.2,4.6,8.0,2,3,0,7,0.49999999999999994,0.8660254037844387,0.43388373911755823,-0.900968867902419,48.139,42.543,65.399,19.889261601263083,train
2016-07-28 03:00:00,Hog_public_Gerard,Hog,44.316,18.9,16.7,1015.0,4.6,8.0,3,3,0,7,0.7071067811865476,0.7071067811865476,0.43388373911755823,-0.900968867902419,49.36600000000001,41.077,65.53395833333333,19.727379778146712,train
2016-07-28 04:00:00,Hog_public_Gerard,Hog,38.673,18.9,16.7,1015.2,4.6,8.0,4,3,0,7,0.8660254037844386,0.5000000000000001,0.43388373911755823,-0.900968867902419,44.316,39.44,65.502,19.77206055325896,train
2016-07-28 05:00:00,Hog_public_Gerard,Hog,34.724000000000004,18.9,16.7,1014.7,4.6,8.0,5,3,0,7,0.9659258262890683,0.25881904510252074,0.43388373911755823,-0.900968867902419,38.673,35.328,65.47683333333333,19.812480161376246,train
2016-07-28 06:00:00,Hog_public_Gerard,Hog,35.19300000000001,18.9,16.1,1015.2,4.1,8.0,6,3,0,7,1.0,6.123233995736766e-17,0.43388373911755823,-0.900968867902419,34.724000000000004,34.66,65.49904166666666,19.77670129103208,train
2016-07-28 07:00:00,Hog_public_Gerard,Hog,41.073,18.9,16.7,1015.8,4.1,8.0,7,3,0,7,0.9659258262890683,-0.25881904510252063,0.43388373911755823,-0.900968867902419,35.19300000000001,39.479,65.56545833333332,19.68799578639595,train
2016-07-28 08:00:00,Hog_public_Gerard,Hog,63.017,18.3,16.1,1016.1,4.1,8.0,8,3,0,7,0.8660254037844387,-0.4999999999999998,0.43388373911755823,-0.900968867902419,41.073,62.076,65.60466666666666,19.681680426371038,train
2016-07-28 09:00:00,Hog_public_Gerard,Hog,76.107,18.3,16.1,1016.4,4.1,8.0,9,3,0,7,0.7071067811865476,-0.7071067811865475,0.43388373911755823,-0.900968867902419,63.017,77.947,65.528,19.635041067925734,train
2016-07-28 10:00:00,Hog_public_Gerard,Hog,82.303,18.9,16.1,1016.7,3.1,8.0,10,3,0,7,0.49999999999999994,-0.8660254037844387,0.43388373911755823,-0.900968867902419,76.107,77.767,65.717,19.77927271270301,train
2016-07-28 11:00:00,Hog_public_Gerard,Hog,80.729,18.9,16.1,1017.1,4.6,8.0,11,3,0,7,0.258819045102521,-0.9659258262890682,0.43388373911755823,-0.900968867902419,82.303,81.435,65.68758333333334,19.755390370438278,train
2016-07-28 12:00:00,Hog_public_Gerard,Hog,80.947,20.0,16.7,1016.9,4.1,8.0,12,3,0,7,1.2246467991473532e-16,-1.0,0.43388373911755823,-0.900968867902419,80.729,83.387,65.58591666666668,19.666422167296176,train
2016-07-28 13:00:00,Hog_public_Gerard,Hog,80.483,22.2,16.7,1016.7,4.1,8.0,13,3,0,7,-0.2588190451025208,-0.9659258262890683,0.43388373911755823,-0.900968867902419,80.947,85.189,65.38983333333333,19.48509703352274,train
2016-07-28 14:00:00,Hog_public_Gerard,Hog,80.044,22.8,16.1,1016.4,5.7,8.0,14,3,0,7,-0.4999999999999997,-0.8660254037844388,0.43388373911755823,-0.900968867902419,80.483,84.985,65.18395833333334,19.2942252714193,train
2016-07-28 15:00:00,Hog_public_Gerard,Hog,82.33,23.3,15.6,1016.3,6.2,8.0,15,3,0,7,-0.7071067811865471,-0.7071067811865479,0.43388373911755823,-0.900968867902419,80.044,88.01299999999998,64.94716666666666,19.035001944168343,train
2016-07-28 16:00:00,Hog_public_Gerard,Hog,80.12,23.3,15.0,1016.2,4.1,8.0,16,3,0,7,-0.8660254037844385,-0.5000000000000004,0.43388373911755823,-0.900968867902419,82.33,88.38,64.603,18.66395532663917,train
2016-07-28 17:00:00,Hog_public_Gerard,Hog,80.082,24.4,13.9,1015.8,6.2,8.0,17,3,0,7,-0.9659258262890683,-0.25881904510252063,0.43388373911755823,-0.900968867902419,80.12,83.015,64.48079166666666,18.547393481422404,train
2016-07-28 18:00:00,Hog_public_Gerard,Hog,79.79899999999998,23.9,13.9,1016.1,4.6,8.0,18,3,0,7,-1.0,-1.8369701987210297e-16,0.43388373911755823,-0.900968867902419,80.082,82.34100000000002,64.374875,18.44795822168169,train
2016-07-28 19:00:00,Hog_public_Gerard,Hog,77.962,23.3,14.4,1016.7,5.1,8.0,19,3,0,7,-0.9659258262890684,0.2588190451025203,0.43388373911755823,-0.900968867902419,79.79899999999998,80.622,64.26404166666667,18.353853779612766,train
2016-07-28 20:00:00,Hog_public_Gerard,Hog,78.033,23.3,14.4,1016.6,3.1,6.0,20,3,0,7,-0.8660254037844386,0.5000000000000001,0.43388373911755823,-0.900968867902419,77.962,79.05199999999998,64.22158333333333,18.31930325928902,train
2016-07-28 21:00:00,Hog_public_Gerard,Hog,80.77199999999998,22.2,13.3,1016.5,2.6,4.0,21,3,0,7,-0.7071067811865477,0.7071067811865474,0.43388373911755823,-0.900968867902419,78.033,80.393,64.237375,18.334006943175062,train
2016-07-28 22:00:00,Hog_public_Gerard,Hog,48.982,21.1,13.9,1016.8,2.6,2.0,22,3,0,7,-0.5000000000000004,0.8660254037844384,0.43388373911755823,-0.900968867902419,80.77199999999998,51.471,64.13366666666667,18.416216447247905,train
2016-07-28 23:00:00,Hog_public_Gerard,Hog,41.914,20.6,13.9,1017.1,3.1,2.0,23,3,0,7,-0.25881904510252157,0.9659258262890681,0.43388373911755823,-0.900968867902419,48.982,48.632,63.85375,18.710777046234966,train
2016-07-29 00:00:00,Hog_public_Gerard,Hog,41.715,20.0,13.9,1017.2,3.6,2.0,0,4,0,7,0.0,1.0,-0.433883739117558,-0.9009688679024191,41.914,47.382,63.617625000000004,18.961758620541925,train
2016-07-29 01:00:00,Hog_public_Gerard,Hog,46.718,18.9,13.9,1017.6,1.5,6.0,1,4,0,7,0.25881904510252074,0.9659258262890683,-0.433883739117558,-0.9009688679024191,41.715,48.139,63.558416666666666,19.014337871417087,train
2016-07-29 02:00:00,Hog_public_Gerard,Hog,44.163,18.9,13.3,1017.7,2.1,5.333333333333333,2,4,0,7,0.49999999999999994,0.8660254037844387,-0.433883739117558,-0.9009688679024191,46.718,49.36600000000001,63.341625,19.21182330439639,train
2016-07-29 03:00:00,Hog_public_Gerard,Hog,36.401,18.3,13.3,1017.6,2.1,4.666666666666667,3,4,0,7,0.7071067811865476,0.7071067811865476,-0.433883739117558,-0.9009688679024191,44.163,44.316,63.01183333333333,19.61629549449989,train
2016-07-29 04:00:00,Hog_public_Gerard,Hog,36.361,17.2,13.3,1017.4,2.6,4.0,4,4,0,7,0.8660254037844386,0.5000000000000001,-0.433883739117558,-0.9009688679024191,36.401,38.673,62.9155,19.74626383152895,train
2016-07-29 05:00:00,Hog_public_Gerard,Hog,35.136,16.7,13.3,1017.4,3.1,4.0,5,4,0,7,0.9659258262890683,0.25881904510252074,-0.433883739117558,-0.9009688679024191,36.361,34.724000000000004,62.93266666666667,19.720852335550312,train
2016-07-29 06:00:00,Hog_public_Gerard,Hog,35.089,16.1,12.8,1017.6,2.6,4.0,6,4,0,7,1.0,6.123233995736766e-17,-0.433883739117558,-0.9009688679024191,35.136,35.19300000000001,62.928333333333335,19.727223083336153,train
2016-07-29 07:00:00,Hog_public_Gerard,Hog,38.679,16.7,13.3,1017.5,3.6,6.0,7,4,0,7,0.9659258262890683,-0.25881904510252063,-0.433883739117558,-0.9009688679024191,35.089,41.073,62.828583333333334,19.848220130293303,train
2016-07-29 08:00:00,Hog_public_Gerard,Hog,61.791,17.8,12.8,1017.8,3.6,5.333333333333333,8,4,0,7,0.8660254037844387,-0.4999999999999998,-0.433883739117558,-0.9009688679024191,38.679,63.017,62.777499999999996,19.849291767017142,train
2016-07-29 09:00:00,Hog_public_Gerard,Hog,78.851,18.9,12.8,1018.1,3.6,4.666666666666667,9,4,0,7,0.7071067811865476,-0.7071067811865475,-0.433883739117558,-0.9009688679024191,61.791,76.107,62.89183333333333,19.93711736755183,train
2016-07-29 10:00:00,Hog_public_Gerard,Hog,77.538,20.6,12.8,1018.3,3.1,4.0,10,4,0,7,0.49999999999999994,-0.8660254037844387,-0.433883739117558,-0.9009688679024191,78.851,82.303,62.693291666666674,19.7583330587137,train
2016-07-29 11:00:00,Hog_public_Gerard,Hog,80.815,22.2,12.2,1018.4,1.5,4.0,11,4,0,7,0.258819045102521,-0.9659258262890682,-0.433883739117558,-0.9009688679024191,77.538,80.729,62.696875,19.761753696410885,train
2016-07-29 12:00:00,Hog_public_Gerard,Hog,81.383,23.3,10.6,1018.2,3.6,2.0,12,4,0,7,1.2246467991473532e-16,-1.0,-0.433883739117558,-0.9009688679024191,80.815,80.947,62.71504166666666,19.779452661964253,train
2016-07-29 13:00:00,Hog_public_Gerard,Hog,81.016,24.4,10.0,1017.9,5.7,0.0,13,4,0,7,-0.2588190451025208,-0.9659258262890683,-0.433883739117558,-0.9009688679024191,81.383,80.483,62.737249999999996,19.80055784293223,train
2016-07-29 14:00:00,Hog_public_Gerard,Hog,79.695,24.4,8.9,1017.8,3.1,2.0,14,4,0,7,-0.4999999999999997,-0.8660254037844388,-0.433883739117558,-0.9009688679024191,81.016,80.044,62.72270833333334,19.787418823430237,train
2016-07-29 15:00:00,Hog_public_Gerard,Hog,84.006,25.6,10.0,1017.2,2.6,2.0,15,4,0,7,-0.7071067811865471,-0.7071067811865479,-0.433883739117558,-0.9009688679024191,79.695,82.33,62.792541666666665,19.862440283061623,train
2016-07-29 16:00:00,Hog_public_Gerard,Hog,80.23100000000002,25.6,10.0,1016.6,4.1,2.0,16,4,0,7,-0.8660254037844385,-0.5000000000000004,-0.433883739117558,-0.9009688679024191,84.006,80.12,62.79716666666667,19.866662905845395,train
2016-07-29 17:00:00,Hog_public_Gerard,Hog,78.28699999999998,25.6,10.0,1016.5,5.1,2.0,17,4,0,7,-0.9659258262890683,-0.25881904510252063,-0.433883739117558,-0.9009688679024191,80.23100000000002,80.082,62.722375,19.8020354768689,train
2016-07-29 18:00:00,Hog_public_Gerard,Hog,77.91199999999998,25.6,10.6,1016.5,4.1,2.0,18,4,0,7,-1.0,-1.8369701987210297e-16,-0.433883739117558,-0.9009688679024191,78.28699999999998,79.79899999999998,62.64374999999999,19.734916340797128,train
2016-07-29 19:00:00,Hog_public_Gerard,Hog,47.153,25.0,11.1,1016.3,3.6,2.0,19,4,0,7,-0.9659258262890684,0.2588190451025203,-0.433883739117558,-0.9009688679024191,77.91199999999998,77.962,61.36004166666666,19.697168204060677,train
2016-07-29 20:00:00,Hog_public_Gerard,Hog,41.115,23.9,11.1,1016.3,3.1,4.0,20,4,0,7,-0.8660254037844386,0.5000000000000001,-0.433883739117558,-0.9009688679024191,47.153,78.033,59.82179166666666,19.77986357490031,train
2016-07-29 21:00:00,Hog_public_Gerard,Hog,42.36,23.3,11.1,1016.5,0.0,4.0,21,4,0,7,-0.7071067811865477,0.7071067811865474,-0.433883739117558,-0.9009688679024191,41.115,80.77199999999998,58.22129166666667,19.563845984208793,train
2016-07-29 22:00:00,Hog_public_Gerard,Hog,43.363,21.1,12.8,1016.7,2.6,4.0,22,4,0,7,-0.5000000000000004,0.8660254037844384,-0.433883739117558,-0.9009688679024191,42.36,48.982,57.98716666666667,19.71228085024264,train
2016-07-29 23:00:00,Hog_public_Gerard,Hog,43.286,20.6,13.3,1016.6,2.1,5.333333333333333,23,4,0,7,-0.25881904510252157,0.9659258262890681,-0.433883739117558,-0.9009688679024191,43.363,41.914,58.04433333333333,19.665575260308117,train
2016-07-30 00:00:00,Hog_public_Gerard,Hog,43.045,21.1,13.9,1016.8,1.5,6.666666666666666,0,5,1,7,0.0,1.0,-0.9749279121818236,-0.2225209339563146,43.286,41.715,58.09975,19.619378980664973,train
2016-07-30 01:00:00,Hog_public_Gerard,Hog,38.609,21.7,13.9,1016.5,0.0,8.0,1,5,1,7,0.25881904510252074,0.9659258262890683,-0.9749279121818236,-0.2225209339563146,43.045,46.718,57.761874999999996,19.891844516988506,train
2016-07-30 02:00:00,Hog_public_Gerard,Hog,38.083,21.7,13.9,1016.3,2.1,7.666666666666667,2,5,1,7,0.49999999999999994,0.8660254037844387,-0.9749279121818236,-0.2225209339563146,38.609,44.163,57.508541666666666,20.11008232309527,train
2016-07-30 03:00:00,Hog_public_Gerard,Hog,37.562,20.6,14.4,1016.0,2.1,7.333333333333333,3,5,1,7,0.7071067811865476,0.7071067811865476,-0.9749279121818236,-0.2225209339563146,38.083,36.401,57.556916666666666,20.05843040787435,train
2016-07-30 04:00:00,Hog_public_Gerard,Hog,37.782,20.6,14.4,1016.1,1.5,7.0,4,5,1,7,0.8660254037844386,0.5000000000000001,-0.9749279121818236,-0.2225209339563146,37.562,36.361,57.616125000000004,19.99514159535962,train
2016-07-30 05:00:00,Hog_public_Gerard,Hog,37.65,20.6,14.4,1016.1,1.5,6.666666666666667,5,5,1,7,0.9659258262890683,0.25881904510252074,-0.9749279121818236,-0.2225209339563146,37.782,35.136,57.720875,19.878497883746963,train
2016-07-30 06:00:00,Hog_public_Gerard,Hog,37.224,20.0,14.4,1016.2,2.1,6.333333333333334,6,5,1,7,1.0,6.123233995736766e-17,-0.9749279121818236,-0.2225209339563146,37.65,35.089,57.80983333333334,19.777334182399837,train
2016-07-30 07:00:00,Hog_public_Gerard,Hog,36.635,19.4,15.6,1016.7,2.6,6.0,7,5,1,7,0.9659258262890683,-0.25881904510252063,-0.9749279121818236,-0.2225209339563146,37.224,38.679,57.72466666666667,19.867494198065017,train
2016-07-30 08:00:00,Hog_public_Gerard,Hog,35.081,20.6,16.1,1016.9,2.1,5.666666666666667,8,5,1,7,0.8660254037844387,-0.4999999999999998,-0.9749279121818236,-0.2225209339563146,36.635,61.791,56.61175,20.371520039442167,train
2016-07-30 09:00:00,Hog_public_Gerard,Hog,35.535,20.6,16.7,1016.7,3.1,5.333333333333333,9,5,1,7,0.7071067811865476,-0.7071067811865475,-0.9749279121818236,-0.2225209339563146,35.081,78.851,54.806916666666666,20.23389327216288,train
2016-07-30 10:00:00,Hog_public_Gerard,Hog,41.703,21.7,17.2,1016.9,2.6,5.0,10,5,1,7,0.49999999999999994,-0.8660254037844387,-0.9749279121818236,-0.2225209339563146,35.535,77.538,53.31379166666667,19.801124691331804,train
2016-07-30 11:00:00,Hog_public_Gerard,Hog,61.98,22.2,17.8,1017.1,1.5,4.666666666666667,11,5,1,7,0.258819045102521,-0.9659258262890682,-0.9749279121818236,-0.2225209339563146,41.703,80.815,52.529,19.021669055374122,train
2016-07-30 12:00:00,Hog_public_Gerard,Hog,76.314,23.3,17.8,1016.8,2.1,4.333333333333334,12,5,1,7,1.2246467991473532e-16,-1.0,-0.9749279121818236,-0.2225209339563146,61.98,81.383,52.317791666666665,18.71299461076553,train
2016-07-30 13:00:00,Hog_public_Gerard,Hog,74.384,25.6,17.2,1016.3,2.1,4.0,13,5,1,7,-0.2588190451025208,-0.9659258262890683,-0.9749279121818236,-0.2225209339563146,76.314,81.016,52.04145833333333,18.31553105968244,train
2016-07-30 14:00:00,Hog_public_Gerard,Hog,75.262,26.1,16.7,1015.7,5.1,4.0,14,5,1,7,-0.4999999999999997,-0.8660254037844388,-0.9749279121818236,-0.2225209339563146,74.384,79.695,51.85675,18.044878799573805,train
2016-07-30 15:00:00,Hog_public_Gerard,Hog,77.007,26.1,16.7,1015.6,2.6,4.4,15,5,1,7,-0.7071067811865471,-0.7071067811865479,-0.9749279121818236,-0.2225209339563146,75.262,84.006,51.565124999999995,17.552561669386396,train
2016-07-30 16:00:00,Hog_public_Gerard,Hog,78.416,26.7,16.7,1015.1,4.6,4.8,16,5,1,7,-0.8660254037844385,-0.5000000000000004,-0.9749279121818236,-0.2225209339563146,77.007,80.23100000000002,51.48949999999999,17.427147146110226,train
2016-07-30 17:00:00,Hog_public_Gerard,Hog,76.89,26.7,16.7,1014.8,4.6,5.2,17,5,1,7,-0.9659258262890683,-0.25881904510252063,-0.9749279121818236,-0.2225209339563146,78.416,78.28699999999998,51.43129166666666,17.335843244509114,train
2016-07-30 18:00:00,Hog_public_Gerard,Hog,80.896,23.9,19.4,1014.9,3.1,5.6,18,5,1,7,-1.0,-1.8369701987210297e-16,-0.9749279121818236,-0.2225209339563146,76.89,77.91199999999998,51.555625,17.543478555001187,train
2016-07-30 19:00:00,Hog_public_Gerard,Hog,45.229,25.0,16.7,1014.6,4.6,6.0,19,5,1,7,-0.9659258262890684,0.2588190451025203,-0.9749279121818236,-0.2225209339563146,80.896,47.153,51.475458333333336,17.568849102340227,train
2016-07-30 20:00:00,Hog_public_Gerard,Hog,39.941,25.0,17.2,1014.8,2.6,4.0,20,5,1,7,-0.8660254037844386,0.5000000000000001,-0.9749279121818236,-0.2225209339563146,45.229,41.115,51.42654166666667,17.600555519837663,train
2016-07-30 21:00:00,Hog_public_Gerard,Hog,40.484,23.9,17.2,1014.6,3.1,4.0,21,5,1,7,-0.7071067811865477,0.7071067811865474,-0.9749279121818236,-0.2225209339563146,39.941,42.36,51.348375,17.646677425442235,train
2016-07-30 22:00:00,Hog_public_Gerard,Hog,41.868,23.3,17.8,1015.1,3.6,2.0,22,5,1,7,-0.5000000000000004,0.8660254037844384,-0.9749279121818236,-0.2225209339563146,40.484,43.363,51.28608333333333,17.678700431572434,train
2016-07-30 23:00:00,Hog_public_Gerard,Hog,41.431,22.2,18.3,1015.3,2.6,2.0,23,5,1,7,-0.25881904510252157,0.9659258262890681,-0.9749279121818236,-0.2225209339563146,41.868,43.286,51.20879166666666,17.7192063370678,train
2016-07-31 00:00:00,Hog_public_Gerard,Hog,41.769,21.1,18.3,1015.5,3.1,2.0,0,6,1,7,0.0,1.0,-0.7818314824680299,0.6234898018587334,41.431,43.045,51.15562499999999,17.746659962082624,train
2016-07-31 01:00:00,Hog_public_Gerard,Hog,36.592,21.1,17.8,1015.2,2.6,2.0,1,6,1,7,0.25881904510252074,0.9659258262890683,-0.7818314824680299,0.6234898018587334,41.769,38.609,51.071583333333336,17.813310213864415,train
2016-07-31 02:00:00,Hog_public_Gerard,Hog,35.808,20.6,17.2,1015.2,2.6,2.0,2,6,1,7,0.49999999999999994,0.8660254037844387,-0.7818314824680299,0.6234898018587334,36.592,38.083,50.976791666666664,17.8913150001048,train
2016-07-31 03:00:00,Hog_public_Gerard,Hog,35.433,20.0,17.2,1015.4,2.6,3.0,3,6,1,7,0.7071067811865476,0.7071067811865476,-0.7818314824680299,0.6234898018587334,35.808,37.562,50.888083333333334,17.96584255436994,train
2016-07-31 04:00:00,Hog_public_Gerard,Hog,35.844,20.0,17.2,1015.3,2.6,4.0,4,6,1,7,0.8660254037844386,0.5000000000000001,-0.7818314824680299,0.6234898018587334,35.433,37.782,50.80733333333333,18.03154602758542,train
2016-07-31 05:00:00,Hog_public_Gerard,Hog,35.851,20.0,17.2,1015.1,3.6,4.0,5,6,1,7,0.9659258262890683,0.25881904510252074,-0.7818314824680299,0.6234898018587334,35.844,37.65,50.732375,18.09225709430165,train
2016-07-31 06:00:00,Hog_public_Gerard,Hog,35.327,20.0,17.2,1014.9,2.1,5.0,6,6,1,7,1.0,6.123233995736766e-17,-0.7818314824680299,0.6234898018587334,35.851,37.224,50.65333333333333,18.157863403008704,train
2016-07-31 07:00:00,Hog_public_Gerard,Hog,35.068000000000005,20.0,17.2,1015.0,2.6,6.0,7,6,1,7,0.9659258262890683,-0.25881904510252063,-0.7818314824680299,0.6234898018587334,35.327,36.635,50.58804166666666,18.213194823913916,train
2016-07-31 08:00:00,Hog_public_Gerard,Hog,33.631,21.1,17.2,1015.3,4.6,6.0,8,6,1,7,0.8660254037844387,-0.4999999999999998,-0.7818314824680299,0.6234898018587334,35.068000000000005,35.081,50.527625,18.269190062750923,train
2016-07-31 09:00:00,Hog_public_Gerard,Hog,33.01,22.2,17.8,1015.6,4.6,6.0,9,6,1,7,0.7071067811865476,-0.7071067811865475,-0.7818314824680299,0.6234898018587334,33.631,35.535,50.42241666666666,18.36629564060143,train
2016-07-31 10:00:00,Hog_public_Gerard,Hog,32.297,23.3,18.3,1015.9,3.6,6.0,10,6,1,7,0.49999999999999994,-0.8660254037844387,-0.7818314824680299,0.6234898018587334,33.01,41.703,50.030499999999996,18.658480869240943,train
2016-07-31 11:00:00,Hog_public_Gerard,Hog,32.43,25.0,18.9,1015.9,3.1,6.0,11,6,1,7,0.258819045102521,-0.9659258262890682,-0.7818314824680299,0.6234898018587334,32.297,61.98,48.79925,18.810032596532448,train
2016-07-31 12:00:00,Hog_public_Gerard,Hog,60.944,26.1,19.4,1015.5,5.1,6.0,12,6,1,7,1.2246467991473532e-16,-1.0,-0.7818314824680299,0.6234898018587334,32.43,76.314,48.15883333333334,18.080001906181895,train
2016-07-31 13:00:00,Hog_public_Gerard,Hog,80.479,27.2,19.4,1015.5,4.6,6.0,13,6,1,7,-0.2588190451025208,-0.9659258262890683,-0.7818314824680299,0.6234898018587334,60.944,74.384,48.41279166666667,18.502261572644056,train
2016-07-31 14:00:00,Hog_public_Gerard,Hog,82.336,27.2,18.9,1015.1,6.7,5.333333333333333,14,6,1,7,-0.4999999999999997,-0.8660254037844388,-0.7818314824680299,0.6234898018587334,80.479,75.262,48.707541666666664,18.998276500730086,train
2016-07-31 15:00:00,Hog_public_Gerard,Hog,79.693,28.3,18.9,1014.8,6.2,4.666666666666667,15,6,1,7,-0.7071067811865471,-0.7071067811865479,-0.7818314824680299,0.6234898018587334,82.336,77.007,48.81945833333333,19.17928276298519,train
2016-07-31 16:00:00,Hog_public_Gerard,Hog,81.281,28.3,18.3,1014.4,6.7,4.0,16,6,1,7,-0.8660254037844385,-0.5000000000000004,-0.7818314824680299,0.6234898018587334,79.693,78.416,48.93883333333334,19.37937811104936,train
2016-07-31 17:00:00,Hog_public_Gerard,Hog,81.41,27.2,18.3,1014.4,5.1,4.0,17,6,1,7,-0.9659258262890683,-0.25881904510252063,-0.7818314824680299,0.6234898018587334,81.281,76.89,49.12716666666666,19.6824182052359,train
2016-07-31 18:00:00,Hog_public_Gerard,Hog,82.455,27.8,18.9,1014.5,5.1,4.0,18,6,1,7,-1.0,-1.8369701987210297e-16,-0.7818314824680299,0.6234898018587334,81.41,80.896,49.192125000000004,19.79408005552594,train
2016-07-31 19:00:00,Hog_public_Gerard,Hog,55.301,27.2,18.9,1014.4,6.2,4.0,19,6,1,7,-0.9659258262890684,0.2588190451025203,-0.7818314824680299,0.6234898018587334,82.455,45.229,49.61179166666667,19.81316430180618,train
2016-07-31 20:00:00,Hog_public_Gerard,Hog,48.722,26.1,18.9,1014.3,5.1,4.0,20,6,1,7,-0.8660254037844386,0.5000000000000001,-0.7818314824680299,0.6234898018587334,55.301,39.941,49.977666666666664,19.707611420059568,train
2016-07-31 21:00:00,Hog_public_Gerard,Hog,49.981,25.6,18.9,1014.6,4.1,2.0,21,6,1,7,-0.7071067811865477,0.7071067811865474,-0.7818314824680299,0.6234898018587334,48.722,40.484,50.373375,19.60377189041757,train
2016-07-31 22:00:00,Hog_public_Gerard,Hog,50.925,25.0,18.3,1014.8,4.6,3.0,22,6,1,7,-0.5000000000000004,0.8660254037844384,-0.7818314824680299,0.6234898018587334,49.981,41.868,50.75074999999999,19.519918549923723,train
2016-07-31 23:00:00,Hog_public_Gerard,Hog,49.541,24.4,18.3,1015.3,5.1,4.0,23,6,1,7,-0.25881904510252157,0.9659258262890681,-0.7818314824680299,0.6234898018587334,50.925,41.431,51.088666666666676,19.421515764216608,train
2016-08-01 00:00:00,Hog_public_Gerard,Hog,50.459,23.3,18.3,1015.9,3.6,4.0,0,0,0,8,0.0,1.0,0.0,1.0,49.541,41.769,51.45075,19.320956300596748,train
2016-08-01 01:00:00,Hog_public_Gerard,Hog,48.91,22.8,18.3,1016.2,2.6,4.0,1,0,0,8,0.25881904510252074,0.9659258262890683,0.0,1.0,50.459,36.592,51.964,19.071075127578492,train
2016-08-01 02:00:00,Hog_public_Gerard,Hog,43.719,22.2,18.3,1015.4,3.1,4.0,2,0,0,8,0.49999999999999994,0.8660254037844387,0.0,1.0,48.91,35.808,52.293625,18.84674101181178,train
2016-08-01 03:00:00,Hog_public_Gerard,Hog,41.059,21.7,18.3,1015.3,3.1,3.0,3,0,0,8,0.7071067811865476,0.7071067811865476,0.0,1.0,43.719,35.433,52.52804166666667,18.661992496909697,train
2016-08-01 04:00:00,Hog_public_Gerard,Hog,36.672,21.7,18.3,1015.1,3.1,2.0,4,0,0,8,0.8660254037844386,0.5000000000000001,0.0,1.0,41.059,35.844,52.56254166666667,18.63054693117499,train
2016-08-01 05:00:00,Hog_public_Gerard,Hog,34.837,21.7,18.3,1014.8,4.6,2.0,5,0,0,8,0.9659258262890683,0.25881904510252074,0.0,1.0,36.672,35.851,52.52029166666667,18.671198206768974,train
2016-08-01 06:00:00,Hog_public_Gerard,Hog,34.221,21.1,18.3,1015.1,4.6,4.0,6,0,0,8,1.0,6.123233995736766e-17,0.0,1.0,34.837,35.327,52.47420833333334,18.716788100013332,train
2016-08-01 07:00:00,Hog_public_Gerard,Hog,38.908,21.1,17.8,1015.5,4.1,4.0,7,0,0,8,0.9659258262890683,-0.25881904510252063,0.0,1.0,34.221,35.068000000000005,52.63420833333333,18.577416310692957,train
2016-08-01 08:00:00,Hog_public_Gerard,Hog,62.789,22.2,18.3,1016.1,3.6,2.0,8,0,0,8,0.8660254037844387,-0.4999999999999998,0.0,1.0,38.908,33.631,53.849124999999994,18.230817736226896,train
2016-08-01 09:00:00,Hog_public_Gerard,Hog,77.718,23.3,18.9,1016.9,4.1,4.0,9,0,0,8,0.7071067811865476,-0.7071067811865475,0.0,1.0,62.789,33.01,55.711958333333335,18.292922084497484,train
2016-08-01 10:00:00,Hog_public_Gerard,Hog,76.877,25.0,19.4,1017.1,5.1,4.0,10,0,0,8,0.49999999999999994,-0.8660254037844387,0.0,1.0,77.718,32.297,57.56945833333333,18.074007673714632,train
2016-08-01 11:00:00,Hog_public_Gerard,Hog,80.061,25.6,20.0,1016.4,5.7,4.666666666666667,11,0,0,8,0.258819045102521,-0.9659258262890682,0.0,1.0,76.877,32.43,59.554083333333324,17.806632540363676,train
2016-08-01 12:00:00,Hog_public_Gerard,Hog,78.362,27.2,20.0,1015.3,6.2,5.333333333333333,12,0,0,8,1.2246467991473532e-16,-1.0,0.0,1.0,80.061,60.944,60.27983333333333,18.21599450475059,train
2016-08-01 13:00:00,Hog_public_Gerard,Hog,78.229,27.8,20.0,1014.7,6.2,6.0,13,0,0,8,-0.2588190451025208,-0.9659258262890683,0.0,1.0,78.362,80.479,60.186083333333336,18.113016933342124,train
2016-08-01 14:00:00,Hog_public_Gerard,Hog,82.309,28.9,20.0,1014.5,7.2,5.666666666666667,14,0,0,8,-0.4999999999999997,-0.8660254037844388,0.0,1.0,78.229,82.336,60.184958333333334,18.11158216861146,train
2016-08-01 15:00:00,Hog_public_Gerard,Hog,81.15100000000002,28.9,20.0,1015.2,6.2,5.333333333333333,15,0,0,8,-0.7071067811865471,-0.7071067811865479,0.0,1.0,82.309,79.693,60.24570833333334,18.182168808022,train
2016-08-01 16:00:00,Hog_public_Gerard,Hog,79.09100000000002,28.3,20.6,1015.0,5.1,5.0,16,0,0,8,-0.8660254037844385,-0.5000000000000004,0.0,1.0,81.15100000000002,81.281,60.15445833333333,18.077202462431956,train
2016-08-01 17:00:00,Hog_public_Gerard,Hog,76.72399999999998,28.9,20.0,1014.8,6.2,4.666666666666667,17,0,0,8,-0.9659258262890683,-0.25881904510252063,0.0,1.0,79.09100000000002,81.41,59.95920833333334,17.86166339442052,train
2016-08-01 18:00:00,Hog_public_Gerard,Hog,80.835,28.3,20.6,1014.4,5.1,4.333333333333334,18,0,0,8,-1.0,-1.8369701987210297e-16,0.0,1.0,76.72399999999998,82.455,59.89170833333333,17.77580931559173,train
2016-08-01 19:00:00,Hog_public_Gerard,Hog,81.185,28.3,20.6,1014.5,4.6,4.0,19,0,0,8,-0.9659258262890684,0.2588190451025203,0.0,1.0,80.835,55.301,60.97020833333334,18.26369634948021,train
2016-08-01 20:00:00,Hog_public_Gerard,Hog,80.49,27.2,20.0,1015.0,5.1,4.0,20,0,0,8,-0.8660254037844386,0.5000000000000001,0.0,1.0,81.185,48.722,62.29387500000001,18.487238038388686,train
2016-08-01 21:00:00,Hog_public_Gerard,Hog,81.592,26.1,20.0,1015.2,3.6,4.0,21,0,0,8,-0.7071067811865477,0.7071067811865474,0.0,1.0,80.49,49.981,63.611,18.696742817934943,train
2016-08-01 22:00:00,Hog_public_Gerard,Hog,55.455,25.0,20.6,1015.7,3.1,4.0,22,0,0,8,-0.5000000000000004,0.8660254037844384,0.0,1.0,81.592,50.925,63.799749999999996,18.5856409260062,train
2016-08-01 23:00:00,Hog_public_Gerard,Hog,47.049,25.0,20.6,1015.9,2.1,3.0,23,0,0,8,-0.25881904510252157,0.9659258262890681,0.0,1.0,55.455,49.541,63.69591666666667,18.675508304395308,train
2016-08-02 00:00:00,Hog_public_Gerard,Hog,47.018,24.4,20.6,1016.0,2.6,2.0,0,1,0,8,0.0,1.0,0.7818314824680298,0.6234898018587336,47.049,50.459,63.55254166666666,18.79437893298023,train
2016-08-02 01:00:00,Hog_public_Gerard,Hog,52.018,24.4,21.1,1015.7,3.1,8.0,1,1,0,8,0.25881904510252074,0.9659258262890683,0.7818314824680298,0.6234898018587336,47.018,48.91,63.68204166666666,18.699568429056665,train
2016-08-02 02:00:00,Hog_public_Gerard,Hog,45.666,23.9,21.1,1015.2,3.1,4.0,2,1,0,8,0.49999999999999994,0.8660254037844387,0.7818314824680298,0.6234898018587336,52.018,43.719,63.76316666666667,18.61322057189386,train
2016-08-02 03:00:00,Hog_public_Gerard,Hog,40.664,23.3,20.6,1014.7,2.6,0.0,3,1,0,8,0.7071067811865476,0.7071067811865476,0.7818314824680298,0.6234898018587336,45.666,41.059,63.74670833333334,18.634331752648265,train
2016-08-02 04:00:00,Hog_public_Gerard,Hog,35.398,23.3,21.1,1015.2,2.1,2.0,4,1,0,8,0.8660254037844386,0.5000000000000001,0.7818314824680298,0.6234898018587336,40.664,36.672,63.693625,18.716446106386293,train
2016-08-02 05:00:00,Hog_public_Gerard,Hog,32.778,22.8,20.6,1015.5,1.5,4.0,5,1,0,8,0.9659258262890683,0.25881904510252074,0.7818314824680298,0.6234898018587336,35.398,34.837,63.60783333333333,18.85864762929195,train
2016-08-02 06:00:00,Hog_public_Gerard,Hog,31.528,23.9,20.6,1016.0,2.6,6.0,6,1,0,8,1.0,6.123233995736766e-17,0.7818314824680298,0.6234898018587336,32.778,34.221,63.495625,19.04815994265821,train
2016-08-02 07:00:00,Hog_public_Gerard,Hog,35.444,23.9,20.6,1016.2,0.0,8.0,7,1,0,8,0.9659258262890683,-0.25881904510252063,0.7818314824680298,0.6234898018587336,31.528,38.908,63.35129166666667,19.254573174407813,train
2016-08-02 08:00:00,Hog_public_Gerard,Hog,66.082,23.9,20.0,1016.3,2.1,6.0,8,1,0,8,0.8660254037844387,-0.4999999999999998,0.7818314824680298,0.6234898018587336,35.444,62.789,63.48850000000001,19.262123563457763,train
2016-08-02 09:00:00,Hog_public_Gerard,Hog,77.075,25.0,20.0,1016.4,2.6,4.0,9,1,0,8,0.7071067811865476,-0.7071067811865475,0.7818314824680298,0.6234898018587336,66.082,77.718,63.46170833333333,19.241907820260643,train
2016-08-02 10:00:00,Hog_public_Gerard,Hog,79.168,26.1,20.6,1016.6,3.6,2.0,10,1,0,8,0.49999999999999994,-0.8660254037844387,0.7818314824680298,0.6234898018587336,77.075,76.877,63.55716666666667,19.316890821622785,train
2016-08-02 11:00:00,Hog_public_Gerard,Hog,81.061,26.7,20.0,1016.9,2.1,2.0,11,1,0,8,0.258819045102521,-0.9659258262890682,0.7818314824680298,0.6234898018587336,79.168,80.061,63.59883333333334,19.35507823862229,train
2016-08-02 12:00:00,Hog_public_Gerard,Hog,77.648,27.2,20.6,1016.9,3.6,4.0,12,1,0,8,1.2246467991473532e-16,-1.0,0.7818314824680298,0.6234898018587336,81.061,78.362,63.56908333333334,19.331934591143064,train
2016-08-02 13:00:00,Hog_public_Gerard,Hog,80.501,28.3,20.6,1016.5,1.5,4.0,13,1,0,8,-0.2588190451025208,-0.9659258262890683,0.7818314824680298,0.6234898018587336,77.648,78.229,63.66375,19.412240141881846,train
2016-08-02 14:00:00,Hog_public_Gerard,Hog,81.744,29.4,20.0,1016.2,1.5,4.0,14,1,0,8,-0.4999999999999997,-0.8660254037844388,0.7818314824680298,0.6234898018587336,80.501,82.309,63.640208333333334,19.388974163906276,train
2016-08-02 15:00:00,Hog_public_Gerard,Hog,83.289,30.0,20.6,1015.7,2.6,4.0,15,1,0,8,-0.7071067811865471,-0.7071067811865479,0.7818314824680298,0.6234898018587336,81.744,81.15100000000002,63.72929166666666,19.477634965974577,train
2016-08-02 16:00:00,Hog_public_Gerard,Hog,81.207,29.4,20.6,1015.5,3.1,4.0,16,1,0,8,-0.8660254037844385,-0.5000000000000004,0.7818314824680298,0.6234898018587336,83.289,79.09100000000002,63.81745833333334,19.554830064916327,train
2016-08-02 17:00:00,Hog_public_Gerard,Hog,78.884,30.6,20.0,1015.2,4.1,4.0,17,1,0,8,-0.9659258262890683,-0.25881904510252063,0.7818314824680298,0.6234898018587336,81.207,76.72399999999998,63.90745833333333,19.621670777106285,train
2016-08-02 18:00:00,Hog_public_Gerard,Hog,82.416,31.1,20.6,1015.1,4.6,4.0,18,1,0,8,-1.0,-1.8369701987210297e-16,0.7818314824680298,0.6234898018587336,78.884,80.835,63.973333333333336,19.683528175844828,train
2016-08-02 19:00:00,Hog_public_Gerard,Hog,82.257,30.6,20.6,1015.1,3.6,4.0,19,1,0,8,-0.9659258262890684,0.2588190451025203,0.7818314824680298,0.6234898018587336,82.416,81.185,64.018,19.725455401146274,train
2016-08-02 20:00:00,Hog_public_Gerard,Hog,80.507,30.0,20.6,1015.0,4.1,2.0,20,1,0,8,-0.8660254037844386,0.5000000000000001,0.7818314824680298,0.6234898018587336,82.257,80.49,64.01870833333332,19.72607291726665,train
2016-08-02 21:00:00,Hog_public_Gerard,Hog,81.811,29.4,21.1,1015.2,2.6,2.0,21,1,0,8,-0.7071067811865477,0.7071067811865474,0.7818314824680298,0.6234898018587336,80.507,81.592,64.02783333333333,19.734604321094125,train
2016-08-02 22:00:00,Hog_public_Gerard,Hog,54.059,28.3,21.1,1015.6,2.1,2.0,22,1,0,8,-0.5000000000000004,0.8660254037844384,0.7818314824680298,0.6234898018587336,81.811,55.455,63.969666666666676,19.76300776190465,train
2016-08-02 23:00:00,Hog_public_Gerard,Hog,48.599,27.8,21.7,1016.0,2.1,4.0,23,1,0,8,-0.25881904510252157,0.9659258262890681,0.7818314824680298,0.6234898018587336,54.059,47.049,64.03425,19.70776416465265,train
2016-08-03 00:00:00,Hog_public_Gerard,Hog,47.246,27.2,21.7,1016.1,2.6,2.0,0,2,0,8,0.0,1.0,0.9749279121818236,-0.22252093395631434,48.599,47.018,64.04375,19.69925807530307,train
2016-08-03 01:00:00,Hog_public_Gerard,Hog,47.679,26.7,21.7,1016.4,2.1,2.0,1,2,0,8,0.25881904510252074,0.9659258262890683,0.9749279121818236,-0.22252093395631434,47.246,52.018,63.86295833333333,19.83387484885214,train
2016-08-03 02:00:00,Hog_public_Gerard,Hog,42.512,25.6,21.7,1016.4,0.0,2.0,2,2,0,8,0.49999999999999994,0.8660254037844387,0.9749279121818236,-0.22252093395631434,47.679,45.666,63.731541666666665,19.969671837627633,train
2016-08-03 03:00:00,Hog_public_Gerard,Hog,39.62300000000001,25.6,22.2,1016.1,2.1,2.0,3,2,0,8,0.7071067811865476,0.7071067811865476,0.9749279121818236,-0.22252093395631434,42.512,40.664,63.68816666666666,20.023013276394458,train
2016-08-03 04:00:00,Hog_public_Gerard,Hog,31.692,24.4,21.7,1016.2,1.5,2.0,4,2,0,8,0.8660254037844386,0.5000000000000001,0.9749279121818236,-0.22252093395631434,39.62300000000001,35.398,63.53375,20.26351752641876,train
2016-08-03 05:00:00,Hog_public_Gerard,Hog,29.625,23.9,21.7,1016.0,1.5,0.0,5,2,0,8,0.9659258262890683,0.25881904510252074,0.9749279121818236,-0.22252093395631434,31.692,32.778,63.402375,20.480644331772552,train
2016-08-03 06:00:00,Hog_public_Gerard,Hog,29.066,23.9,22.2,1016.0,0.0,2.0,6,2,0,8,1.0,6.123233995736766e-17,0.9749279121818236,-0.22252093395631434,29.625,31.528,63.299791666666664,20.65268119024783,train
2016-08-03 07:00:00,Hog_public_Gerard,Hog,32.606,24.4,21.7,1016.6,0.0,2.0,7,2,0,8,0.9659258262890683,-0.25881904510252063,0.9749279121818236,-0.22252093395631434,29.066,35.444,63.18154166666667,20.82650135718429,train
2016-08-03 08:00:00,Hog_public_Gerard,Hog,64.543,25.0,22.2,1016.7,2.1,0.0,8,2,0,8,0.8660254037844387,-0.4999999999999998,0.9749279121818236,-0.22252093395631434,32.606,66.082,63.117416666666664,20.81955067158436,train
2016-08-03 09:00:00,Hog_public_Gerard,Hog,78.655,26.7,22.2,1016.9,2.6,2.0,9,2,0,8,0.7071067811865476,-0.7071067811865475,0.9749279121818236,-0.22252093395631434,64.543,77.075,63.18325000000001,20.86804632477716,train
2016-08-03 10:00:00,Hog_public_Gerard,Hog,79.414,27.8,22.2,1016.3,3.1,2.0,10,2,0,8,0.49999999999999994,-0.8660254037844387,0.9749279121818236,-0.22252093395631434,78.655,79.168,63.1935,20.87629788935815,train
2016-08-03 11:00:00,Hog_public_Gerard,Hog,81.66,29.4,22.2,1015.8,3.6,2.0,11,2,0,8,0.258819045102521,-0.9659258262890682,0.9749279121818236,-0.22252093395631434,79.414,81.061,63.21845833333334,20.89893364032094,train
2016-08-03 12:00:00,Hog_public_Gerard,Hog,79.719,30.0,21.7,1015.7,3.1,4.0,12,2,0,8,1.2246467991473532e-16,-1.0,0.9749279121818236,-0.22252093395631434,81.66,77.648,63.30474999999999,20.965273897255877,train
2016-08-03 13:00:00,Hog_public_Gerard,Hog,80.252,30.6,22.2,1015.2,3.6,4.0,13,2,0,8,-0.2588190451025208,-0.9659258262890683,0.9749279121818236,-0.22252093395631434,79.719,80.501,63.294375,20.95645382134836,train
2016-08-03 14:00:00,Hog_public_Gerard,Hog,81.718,31.7,21.1,1014.9,5.1,4.0,14,2,0,8,-0.4999999999999997,-0.8660254037844388,0.9749279121818236,-0.22252093395631434,80.252,81.744,63.29329166666667,20.955459258563646,train
2016-08-03 15:00:00,Hog_public_Gerard,Hog,82.405,31.7,21.1,1014.3,4.6,4.0,15,2,0,8,-0.7071067811865471,-0.7071067811865479,0.9749279121818236,-0.22252093395631434,81.718,83.289,63.256458333333335,20.919530874237843,train
2016-08-03 16:00:00,Hog_public_Gerard,Hog,81.711,32.2,21.1,1013.9,5.1,4.0,16,2,0,8,-0.8660254037844385,-0.5000000000000004,0.9749279121818236,-0.22252093395631434,82.405,81.207,63.27745833333333,20.938578222940315,train
2016-08-03 17:00:00,Hog_public_Gerard,Hog,80.252,31.7,21.7,1013.5,4.6,4.0,17,2,0,8,-0.9659258262890683,-0.25881904510252063,0.9749279121818236,-0.22252093395631434,81.711,78.884,63.33445833333334,20.984721439924662,train
2016-08-03 18:00:00,Hog_public_Gerard,Hog,80.08,31.1,21.1,1013.0,4.6,4.0,18,2,0,8,-1.0,-1.8369701987210297e-16,0.9749279121818236,-0.22252093395631434,80.252,82.416,63.237125,20.897604234046256,train
2016-08-03 19:00:00,Hog_public_Gerard,Hog,81.134,31.1,20.0,1012.7,4.6,2.0,19,2,0,8,-0.9659258262890684,0.2588190451025203,0.9749279121818236,-0.22252093395631434,80.08,82.257,63.190333333333335,20.854377900651706,train
2016-08-03 20:00:00,Hog_public_Gerard,Hog,80.60600000000002,30.0,21.1,1012.0,5.7,2.0,20,2,0,8,-0.8660254037844386,0.5000000000000001,0.9749279121818236,-0.22252093395631434,81.134,80.507,63.19445833333334,20.85796154736205,train
2016-08-03 21:00:00,Hog_public_Gerard,Hog,80.89699999999998,29.4,21.7,1011.9,4.1,2.0,21,2,0,8,-0.7071067811865477,0.7071067811865474,0.9749279121818236,-0.22252093395631434,80.60600000000002,81.811,63.156375,20.82329843523422,train
2016-08-03 22:00:00,Hog_public_Gerard,Hog,47.612,27.8,21.7,1012.1,3.6,0.0,22,2,0,8,-0.5000000000000004,0.8660254037844384,0.9749279121818236,-0.22252093395631434,80.89699999999998,54.059,62.887750000000004,20.986701756837274,train
2016-08-03 23:00:00,Hog_public_Gerard,Hog,40.987,26.7,21.7,1012.0,4.1,0.0,23,2,0,8,-0.25881904510252157,0.9659258262890681,0.9749279121818236,-0.22252093395631434,47.612,48.599,62.57058333333333,21.26767108305711,train
2016-08-04 00:00:00,Hog_public_Gerard,Hog,44.55,26.7,21.7,1010.9,5.7,0.0,0,3,0,8,0.0,1.0,0.43388373911755823,-0.900968867902419,40.987,47.246,62.45825,21.35905661133209,train
2016-08-04 01:00:00,Hog_public_Gerard,Hog,44.988,26.1,21.7,1010.9,3.6,0.0,1,3,0,8,0.25881904510252074,0.9659258262890683,0.43388373911755823,-0.900968867902419,44.55,47.679,62.346125,21.44689656339791,train
2016-08-04 02:00:00,Hog_public_Gerard,Hog,41.675,26.1,21.7,1010.8,3.1,0.0,2,3,0,8,0.49999999999999994,0.8660254037844387,0.43388373911755823,-0.900968867902419,44.988,42.512,62.311249999999994,21.481204387435653,train
2016-08-04 03:00:00,Hog_public_Gerard,Hog,38.129,25.6,21.7,1009.8,5.7,4.0,3,3,0,8,0.7071067811865476,0.7071067811865476,0.43388373911755823,-0.900968867902419,41.675,39.62300000000001,62.249,21.551859387149882,train
2016-08-04 04:00:00,Hog_public_Gerard,Hog,32.18,25.6,21.7,1010.3,5.1,0.0,4,3,0,8,0.8660254037844386,0.5000000000000001,0.43388373911755823,-0.900968867902419,38.129,31.692,62.26933333333334,21.52198610858146,train
2016-08-04 05:00:00,Hog_public_Gerard,Hog,29.314,25.6,21.7,1008.9,5.7,4.0,5,3,0,8,0.9659258262890683,0.25881904510252074,0.43388373911755823,-0.900968867902419,32.18,29.625,62.256375,21.542579520997027,train
2016-08-04 06:00:00,Hog_public_Gerard,Hog,28.431,25.0,21.7,1009.2,3.1,6.0,6,3,0,8,1.0,6.123233995736766e-17,0.43388373911755823,-0.900968867902419,29.314,29.066,62.22991666666667,21.585463149630595,train
2016-08-04 07:00:00,Hog_public_Gerard,Hog,35.027,25.6,21.7,1010.2,2.6,8.0,7,3,0,8,0.9659258262890683,-0.25881904510252063,0.43388373911755823,-0.900968867902419,28.431,32.606,62.33079166666667,21.446210837873867,train
2016-08-04 08:00:00,Hog_public_Gerard,Hog,68.581,21.7,20.0,1010.9,4.6,7.666666666666667,8,3,0,8,0.8660254037844387,-0.4999999999999998,0.43388373911755823,-0.900968867902419,35.027,64.543,62.49904166666666,21.480133297455385,train
2016-08-04 09:00:00,Hog_public_Gerard,Hog,81.458,22.2,19.4,1010.6,2.6,7.333333333333333,9,3,0,8,0.7071067811865476,-0.7071067811865475,0.43388373911755823,-0.900968867902419,68.581,78.655,62.615833333333335,21.57918749058049,train
2016-08-04 10:00:00,Hog_public_Gerard,Hog,76.95100000000002,22.2,20.6,1009.7,3.6,7.0,10,3,0,8,0.49999999999999994,-0.8660254037844387,0.43388373911755823,-0.900968867902419,81.458,79.414,62.51320833333333,21.50154341068727,train
2016-08-04 11:00:00,Hog_public_Gerard,Hog,76.33800000000002,22.8,20.6,1009.4,6.7,6.666666666666667,11,3,0,8,0.258819045102521,-0.9659258262890682,0.43388373911755823,-0.900968867902419,76.95100000000002,81.66,62.29145833333333,21.322188451142086,train
2016-08-04 12:00:00,Hog_public_Gerard,Hog,73.168,25.0,21.1,1009.2,4.6,6.333333333333334,12,3,0,8,1.2246467991473532e-16,-1.0,0.43388373911755823,-0.900968867902419,76.33800000000002,79.719,62.01850000000001,21.130457481827193,train
2016-08-04 13:00:00,Hog_public_Gerard,Hog,78.94,25.0,21.1,1008.7,5.1,6.0,13,3,0,8,-0.2588190451025208,-0.9659258262890683,0.43388373911755823,-0.900968867902419,73.168,80.252,61.96383333333333,21.082878160636284,train
2016-08-04 14:00:00,Hog_public_Gerard,Hog,79.378,27.2,21.1,1009.2,4.6,5.0,14,3,0,8,-0.4999999999999997,-0.8660254037844388,0.43388373911755823,-0.900968867902419,78.94,81.718,61.86633333333334,20.992769185078313,train
2016-08-04 15:00:00,Hog_public_Gerard,Hog,79.166,28.9,20.0,1008.8,8.8,4.0,15,3,0,8,-0.7071067811865471,-0.7071067811865479,0.43388373911755823,-0.900968867902419,79.378,82.405,61.73137500000001,20.865012053284275,train
2016-08-04 16:00:00,Hog_public_Gerard,Hog,77.595,29.4,20.0,1009.0,7.7,4.0,16,3,0,8,-0.8660254037844385,-0.5000000000000004,0.43388373911755823,-0.900968867902419,79.166,81.711,61.559875000000005,20.709989222411338,train
2016-08-04 17:00:00,Hog_public_Gerard,Hog,78.139,28.3,18.3,1008.4,6.7,2.0,17,3,0,8,-0.9659258262890683,-0.25881904510252063,0.43388373911755823,-0.900968867902419,77.595,80.252,61.47183333333333,20.631413205124417,train
2016-08-04 18:00:00,Hog_public_Gerard,Hog,78.1,27.8,18.9,1008.2,8.2,2.0,18,3,0,8,-1.0,-1.8369701987210297e-16,0.43388373911755823,-0.900968867902419,78.139,80.08,61.38933333333333,20.557595189394526,train
2016-08-04 19:00:00,Hog_public_Gerard,Hog,77.44800000000002,26.7,15.6,1008.5,7.7,2.0,19,3,0,8,-0.9659258262890684,0.2588190451025203,0.43388373911755823,-0.900968867902419,78.1,81.134,61.235749999999996,20.41695945137603,train
2016-08-04 20:00:00,Hog_public_Gerard,Hog,76.357,25.6,15.0,1009.8,8.2,2.0,20,3,0,8,-0.8660254037844386,0.5000000000000001,0.43388373911755823,-0.900968867902419,77.44800000000002,80.60600000000002,61.058708333333335,20.259506336487842,train
2016-08-04 21:00:00,Hog_public_Gerard,Hog,78.919,23.3,15.0,1010.9,4.6,2.0,21,3,0,8,-0.7071067811865477,0.7071067811865474,0.43388373911755823,-0.900968867902419,76.357,80.89699999999998,60.97629166666667,20.17915833225437,train
2016-08-04 22:00:00,Hog_public_Gerard,Hog,48.132,23.3,15.0,1012.2,2.6,2.0,22,3,0,8,-0.5000000000000004,0.8660254037844384,0.43388373911755823,-0.900968867902419,78.919,47.612,60.99795833333334,20.164458813939454,train
2016-08-04 23:00:00,Hog_public_Gerard,Hog,41.492,22.8,15.0,1012.1,4.1,2.0,23,3,0,8,-0.25881904510252157,0.9659258262890681,0.43388373911755823,-0.900968867902419,48.132,40.987,61.019000000000005,20.142921417147857,train
2016-08-05 00:00:00,Hog_public_Gerard,Hog,46.164,21.7,15.6,1012.3,3.1,0.0,0,4,0,8,0.0,1.0,-0.433883739117558,-0.9009688679024191,41.492,44.55,61.08625,20.088166575612814,train
2016-08-05 01:00:00,Hog_public_Gerard,Hog,43.54,21.1,15.6,1012.0,4.6,0.0,1,4,0,8,0.25881904510252074,0.9659258262890683,-0.433883739117558,-0.9009688679024191,46.164,44.988,61.02591666666667,20.14072438340807,train
2016-08-05 02:00:00,Hog_public_Gerard,Hog,36.421,20.6,15.6,1012.0,4.6,0.0,2,4,0,8,0.49999999999999994,0.8660254037844387,-0.433883739117558,-0.9009688679024191,43.54,41.675,60.80700000000001,20.38724630103666,train
2016-08-05 03:00:00,Hog_public_Gerard,Hog,36.911,20.0,15.0,1012.6,5.1,0.0,3,4,0,8,0.7071067811865476,0.7071067811865476,-0.433883739117558,-0.9009688679024191,36.421,38.129,60.75625,20.447579838189483,train
2016-08-05 04:00:00,Hog_public_Gerard,Hog,31.14,18.9,14.4,1013.1,3.6,0.0,4,4,0,8,0.8660254037844386,0.5000000000000001,-0.433883739117558,-0.9009688679024191,36.911,32.18,60.712916666666665,20.511774054486892,train
2016-08-05 05:00:00,Hog_public_Gerard,Hog,27.97300000000001,18.9,14.4,1013.6,3.6,0.0,5,4,0,8,0.9659258262890683,0.25881904510252074,-0.433883739117558,-0.9009688679024191,31.14,29.314,60.65704166666668,20.60265007116106,train
2016-08-05 06:00:00,Hog_public_Gerard,Hog,27.765,17.8,13.9,1014.0,4.1,0.0,6,4,0,8,1.0,6.123233995736766e-17,-0.433883739117558,-0.9009688679024191,27.97300000000001,28.431,60.62929166666667,20.648340843924647,train
2016-08-05 07:00:00,Hog_public_Gerard,Hog,33.228,18.3,13.9,1014.5,4.6,0.0,7,4,0,8,0.9659258262890683,-0.25881904510252063,-0.433883739117558,-0.9009688679024191,27.765,35.027,60.55433333333334,20.74834736984401,train
2016-08-05 08:00:00,Hog_public_Gerard,Hog,66.455,19.4,13.9,1014.9,6.2,0.0,8,4,0,8,0.8660254037844387,-0.4999999999999998,-0.433883739117558,-0.9009688679024191,33.228,68.581,60.46575000000001,20.717103088259417,train
2016-08-05 09:00:00,Hog_public_Gerard,Hog,75.515,20.6,13.9,1015.1,6.2,0.0,9,4,0,8,0.7071067811865476,-0.7071067811865475,-0.433883739117558,-0.9009688679024191,66.455,81.458,60.21812500000001,20.489547726271965,train
2016-08-05 10:00:00,Hog_public_Gerard,Hog,78.197,21.7,13.9,1015.3,5.7,0.0,10,4,0,8,0.49999999999999994,-0.8660254037844387,-0.433883739117558,-0.9009688679024191,75.515,76.95100000000002,60.270041666666664,20.535316526030904,train
2016-08-05 11:00:00,Hog_public_Gerard,Hog,79.615,22.2,13.9,1015.8,6.7,4.0,11,4,0,8,0.258819045102521,-0.9659258262890682,-0.433883739117558,-0.9009688679024191,78.197,76.33800000000002,60.40658333333334,20.657331419717806,train
2016-08-05 12:00:00,Hog_public_Gerard,Hog,80.105,23.3,13.9,1016.0,7.2,4.0,12,4,0,8,1.2246467991473532e-16,-1.0,-0.433883739117558,-0.9009688679024191,79.615,73.168,60.695625,20.890867188720087,train
2016-08-05 13:00:00,Hog_public_Gerard,Hog,82.065,24.4,13.9,1016.0,4.1,6.0,13,4,0,8,-0.2588190451025208,-0.9659258262890683,-0.433883739117558,-0.9009688679024191,80.105,78.94,60.82583333333334,21.018871128969657,train
2016-08-05 14:00:00,Hog_public_Gerard,Hog,79.938,24.4,13.3,1015.9,5.1,6.0,14,4,0,8,-0.4999999999999997,-0.8660254037844388,-0.433883739117558,-0.9009688679024191,82.065,79.378,60.84916666666666,21.040661112664058,train
2016-08-05 15:00:00,Hog_public_Gerard,Hog,83.59299999999998,24.4,12.8,1015.9,6.2,6.0,15,4,0,8,-0.7071067811865471,-0.7071067811865479,-0.433883739117558,-0.9009688679024191,79.938,79.166,61.033625,21.226803846762127,train
2016-08-05 16:00:00,Hog_public_Gerard,Hog,79.846,25.6,13.3,1015.3,7.7,6.0,16,4,0,8,-0.8660254037844385,-0.5000000000000004,-0.433883739117558,-0.9009688679024191,83.59299999999998,77.595,61.12741666666667,21.307980564377434,train
2016-08-05 17:00:00,Hog_public_Gerard,Hog,78.587,24.4,12.8,1015.2,5.1,6.0,17,4,0,8,-0.9659258262890683,-0.25881904510252063,-0.433883739117558,-0.9009688679024191,79.846,78.139,61.14608333333334,21.323721779147636,train
2016-08-05 18:00:00,Hog_public_Gerard,Hog,77.14399999999998,23.9,12.8,1015.4,3.6,6.0,18,4,0,8,-1.0,-1.8369701987210297e-16,-0.433883739117558,-0.9009688679024191,78.587,78.1,61.106249999999996,21.29154303279576,train
2016-08-05 19:00:00,Hog_public_Gerard,Hog,39.921,25.0,12.8,1015.3,4.6,6.0,19,4,0,8,-0.9659258262890684,0.2588190451025203,-0.433883739117558,-0.9009688679024191,77.14399999999998,77.44800000000002,59.54262500000001,21.416845642812252,train
2016-08-05 20:00:00,Hog_public_Gerard,Hog,35.38,23.9,12.2,1015.4,5.1,2.0,20,4,0,8,-0.8660254037844386,0.5000000000000001,-0.433883739117558,-0.9009688679024191,39.921,76.357,57.835249999999995,21.650198826780635,train
2016-08-05 21:00:00,Hog_public_Gerard,Hog,36.69,22.2,12.2,1015.7,3.6,2.0,21,4,0,8,-0.7071067811865477,0.7071067811865474,-0.433883739117558,-0.9009688679024191,35.38,78.919,56.07570833333333,21.578077553647713,train
2016-08-05 22:00:00,Hog_public_Gerard,Hog,36.88800000000001,21.7,12.8,1016.4,2.6,0.0,22,4,0,8,-0.5000000000000004,0.8660254037844384,-0.433883739117558,-0.9009688679024191,36.69,48.132,55.607208333333325,21.878028233583944,train
2016-08-05 23:00:00,Hog_public_Gerard,Hog,36.595,20.6,13.3,1016.7,1.5,0.0,23,4,0,8,-0.25881904510252157,0.9659258262890681,-0.433883739117558,-0.9009688679024191,36.88800000000001,41.492,55.403166666666664,22.037648135913287,train
2016-08-06 00:00:00,Hog_public_Gerard,Hog,36.535,19.4,13.3,1017.1,2.1,0.0,0,5,1,8,0.0,1.0,-0.9749279121818236,-0.2225209339563146,36.595,46.164,55.001958333333334,22.2992637731446,train
2016-08-06 01:00:00,Hog_public_Gerard,Hog,31.853,18.3,13.9,1017.4,2.1,0.0,1,5,1,8,0.25881904510252074,0.9659258262890683,-0.9749279121818236,-0.2225209339563146,36.535,43.54,54.51500000000001,22.68472143555436,train
2016-08-06 02:00:00,Hog_public_Gerard,Hog,30.735,17.8,13.9,1017.5,2.1,2.0,2,5,1,8,0.49999999999999994,0.8660254037844387,-0.9749279121818236,-0.2225209339563146,31.853,36.421,54.278083333333335,22.91047790273891,train
2016-08-06 03:00:00,Hog_public_Gerard,Hog,30.757,18.3,13.3,1017.4,0.0,2.0,3,5,1,8,0.7071067811865476,0.7071067811865476,-0.9749279121818236,-0.2225209339563146,30.735,36.911,54.02166666666667,23.14652545747692,train
2016-08-06 04:00:00,Hog_public_Gerard,Hog,30.571,18.3,12.8,1017.5,0.0,2.0,4,5,1,8,0.8660254037844386,0.5000000000000001,-0.9749279121818236,-0.2225209339563146,30.757,31.14,53.99795833333334,23.17125969531561,train
2016-08-06 05:00:00,Hog_public_Gerard,Hog,30.103,17.2,12.8,1017.8,1.5,0.0,5,5,1,8,0.9659258262890683,0.25881904510252074,-0.9749279121818236,-0.2225209339563146,30.571,27.97300000000001,54.08670833333333,23.071108306200923,train
2016-08-06 06:00:00,Hog_public_Gerard,Hog,30.821,17.2,13.3,1018.3,0.0,0.0,6,5,1,8,1.0,6.123233995736766e-17,-0.9749279121818236,-0.2225209339563146,30.103,27.765,54.21404166666667,22.927504470811076,train
2016-08-06 07:00:00,Hog_public_Gerard,Hog,29.919,17.2,13.3,1018.4,1.5,0.0,7,5,1,8,0.9659258262890683,-0.25881904510252063,-0.9749279121818236,-0.2225209339563146,30.821,33.228,54.076166666666666,23.068705967489738,train
2016-08-06 08:00:00,Hog_public_Gerard,Hog,27.95300000000001,19.4,14.4,1018.6,2.6,0.0,8,5,1,8,0.8660254037844387,-0.4999999999999998,-0.9749279121818236,-0.2225209339563146,29.919,66.455,52.471916666666665,23.50505678603004,train
2016-08-06 09:00:00,Hog_public_Gerard,Hog,29.1,21.1,14.4,1018.5,2.1,0.0,9,5,1,8,0.7071067811865476,-0.7071067811865475,-0.9749279121818236,-0.2225209339563146,27.95300000000001,75.515,50.53795833333333,23.43605091470092,train
2016-08-06 10:00:00,Hog_public_Gerard,Hog,34.365,22.8,14.4,1018.3,2.6,0.0,10,5,1,8,0.49999999999999994,-0.8660254037844387,-0.9749279121818236,-0.2225209339563146,29.1,78.197,48.711625,22.888392016787364,train
2016-08-06 11:00:00,Hog_public_Gerard,Hog,59.556,23.9,14.4,1018.5,4.1,4.0,11,5,1,8,0.258819045102521,-0.9659258262890682,-0.9749279121818236,-0.2225209339563146,34.365,79.615,47.87583333333333,22.06218680017469,train
2016-08-06 12:00:00,Hog_public_Gerard,Hog,59.77,25.0,14.4,1018.5,4.1,4.0,12,5,1,8,1.2246467991473532e-16,-1.0,-0.9749279121818236,-0.2225209339563146,59.556,80.105,47.02854166666666,21.141905973022084,train
2016-08-06 13:00:00,Hog_public_Gerard,Hog,58.719,25.0,14.4,1018.2,4.6,2.0,13,5,1,8,-0.2588190451025208,-0.9659258262890683,-0.9749279121818236,-0.2225209339563146,59.77,82.065,46.055791666666664,19.964041489810867,train
2016-08-06 14:00:00,Hog_public_Gerard,Hog,57.878,25.6,13.9,1017.8,2.6,4.0,14,5,1,8,-0.4999999999999997,-0.8660254037844388,-0.9749279121818236,-0.2225209339563146,58.719,79.938,45.136625,18.81076433463741,train
2016-08-06 15:00:00,Hog_public_Gerard,Hog,57.604,26.7,13.9,1017.6,5.1,4.0,15,5,1,8,-0.7071067811865471,-0.7071067811865479,-0.9749279121818236,-0.2225209339563146,57.878,83.59299999999998,44.05375,17.177881992867334,train
2016-08-06 16:00:00,Hog_public_Gerard,Hog,57.762,27.2,14.4,1017.3,3.1,4.0,16,5,1,8,-0.8660254037844385,-0.5000000000000004,-0.9749279121818236,-0.2225209339563146,57.604,79.846,43.13358333333333,15.705636598026894,train
2016-08-06 17:00:00,Hog_public_Gerard,Hog,57.429,27.8,13.9,1016.9,3.1,4.0,17,5,1,8,-0.9659258262890683,-0.25881904510252063,-0.9749279121818236,-0.2225209339563146,57.762,78.587,42.252,14.145368155720663,train
2016-08-06 18:00:00,Hog_public_Gerard,Hog,58.128,26.7,13.3,1016.7,3.1,4.0,18,5,1,8,-1.0,-1.8369701987210297e-16,-0.9749279121818236,-0.2225209339563146,57.429,77.14399999999998,41.45966666666667,12.548396445854177,train
2016-08-06 19:00:00,Hog_public_Gerard,Hog,37.453,26.1,13.3,1016.4,3.6,4.0,19,5,1,8,-0.9659258262890684,0.2588190451025203,-0.9749279121818236,-0.2225209339563146,58.128,39.921,41.356833333333334,12.571644970940326,train
2016-08-06 20:00:00,Hog_public_Gerard,Hog,34.378,25.6,12.2,1016.4,5.1,4.0,20,5,1,8,-0.8660254037844386,0.5000000000000001,-0.9749279121818236,-0.2225209339563146,37.453,35.38,41.31508333333334,12.594000748861568,train
2016-08-06 21:00:00,Hog_public_Gerard,Hog,35.365,23.3,13.3,1016.5,2.6,2.0,21,5,1,8,-0.7071067811865477,0.7071067811865474,-0.9749279121818236,-0.2225209339563146,34.378,36.69,41.259875,12.61803851397769,train
2016-08-06 22:00:00,Hog_public_Gerard,Hog,36.426,23.3,13.3,1017.2,1.5,2.0,22,5,1,8,-0.5000000000000004,0.8660254037844384,-0.9749279121818236,-0.2225209339563146,35.365,36.88800000000001,41.240625,12.625348500786474,train
2016-08-06 23:00:00,Hog_public_Gerard,Hog,35.992,21.7,13.9,1017.5,1.5,2.0,23,5,1,8,-0.25881904510252157,0.9659258262890681,-0.9749279121818236,-0.2225209339563146,36.426,36.595,41.2155,12.635591299114886,train
2016-08-07 00:00:00,Hog_public_Gerard,Hog,36.25,21.7,14.4,1017.6,0.0,2.0,0,6,1,8,0.0,1.0,-0.7818314824680299,0.6234898018587334,35.992,36.535,41.203624999999995,12.64031434946409,train
2016-08-07 01:00:00,Hog_public_Gerard,Hog,31.97,20.6,15.6,1018.1,0.0,2.0,1,6,1,8,0.25881904510252074,0.9659258262890683,-0.7818314824680299,0.6234898018587334,36.25,31.853,41.2085,12.636573300646644,train
2016-08-07 02:00:00,Hog_public_Gerard,Hog,30.611,19.4,15.6,1018.1,0.0,0.0,2,6,1,8,0.49999999999999994,0.8660254037844387,-0.7818314824680299,0.6234898018587334,31.97,30.735,41.20333333333333,12.641066296062851,train
2016-08-07 03:00:00,Hog_public_Gerard,Hog,29.717,19.4,15.6,1017.8,0.0,0.0,3,6,1,8,0.7071067811865476,0.7071067811865476,-0.7818314824680299,0.6234898018587334,30.611,30.757,41.160000000000004,12.680155190382365,train
2016-08-07 04:00:00,Hog_public_Gerard,Hog,30.498,18.9,15.6,1017.8,0.0,0.0,4,6,1,8,0.8660254037844386,0.5000000000000001,-0.7818314824680299,0.6234898018587334,29.717,30.571,41.156958333333336,12.682814152398603,train
2016-08-07 05:00:00,Hog_public_Gerard,Hog,30.161,17.8,15.6,1018.0,0.0,0.0,5,6,1,8,0.9659258262890683,0.25881904510252074,-0.7818314824680299,0.6234898018587334,30.498,30.103,41.159375000000004,12.680621616955465,train
2016-08-07 06:00:00,Hog_public_Gerard,Hog,29.946,17.2,13.9,1018.4,2.1,2.0,6,6,1,8,1.0,6.123233995736766e-17,-0.7818314824680299,0.6234898018587334,30.161,30.821,41.12291666666667,12.712854955642156,train
2016-08-07 07:00:00,Hog_public_Gerard,Hog,29.777,17.8,14.4,1018.8,1.5,4.0,7,6,1,8,0.9659258262890683,-0.25881904510252063,-0.7818314824680299,0.6234898018587334,29.946,29.919,41.117,12.71832792879452,train
2016-08-07 08:00:00,Hog_public_Gerard,Hog,28.368,20.0,15.6,1019.2,1.5,4.0,8,6,1,8,0.8660254037844387,-0.4999999999999998,-0.7818314824680299,0.6234898018587334,29.777,27.95300000000001,41.13429166666666,12.699920970241084,train
2016-08-07 09:00:00,Hog_public_Gerard,Hog,27.209,21.7,15.6,1019.2,0.0,4.0,9,6,1,8,0.7071067811865476,-0.7071067811865475,-0.7818314824680299,0.6234898018587334,28.368,29.1,41.0555,12.783420662173873,train
2016-08-07 10:00:00,Hog_public_Gerard,Hog,26.943,24.4,15.0,1019.2,0.0,4.0,10,6,1,8,0.49999999999999994,-0.8660254037844387,-0.7818314824680299,0.6234898018587334,27.209,34.365,40.746249999999996,13.039520230738288,train
2016-08-07 11:00:00,Hog_public_Gerard,Hog,26.996,24.4,15.6,1019.1,1.5,4.0,11,6,1,8,0.258819045102521,-0.9659258262890682,-0.7818314824680299,0.6234898018587334,26.943,59.556,39.389583333333334,12.686450550015095,train
2016-08-07 12:00:00,Hog_public_Gerard,Hog,58.75899999999999,25.6,13.9,1018.9,2.1,5.0,12,6,1,8,1.2246467991473532e-16,-1.0,-0.7818314824680299,0.6234898018587334,26.996,59.77,39.34745833333333,12.617325844902975,train
2016-08-07 13:00:00,Hog_public_Gerard,Hog,59.832,27.2,13.9,1018.5,2.6,6.0,13,6,1,8,-0.2588190451025208,-0.9659258262890683,-0.7818314824680299,0.6234898018587334,58.75899999999999,58.719,39.39383333333333,12.693437485110685,train
2016-08-07 14:00:00,Hog_public_Gerard,Hog,58.81399999999999,26.7,13.3,1018.0,2.1,5.333333333333333,14,6,1,8,-0.4999999999999997,-0.8660254037844388,-0.7818314824680299,0.6234898018587334,59.832,57.878,39.43283333333333,12.75399190932767,train
2016-08-07 15:00:00,Hog_public_Gerard,Hog,58.04,26.1,13.3,1017.8,0.0,4.666666666666667,15,6,1,8,-0.7071067811865471,-0.7071067811865479,-0.7818314824680299,0.6234898018587334,58.81399999999999,57.604,39.451,12.781281411570061,train
2016-08-07 16:00:00,Hog_public_Gerard,Hog,60.107,26.7,13.3,1017.4,2.1,4.0,16,6,1,8,-0.8660254037844385,-0.5000000000000004,-0.7818314824680299,0.6234898018587334,58.04,57.762,39.54870833333333,12.935382959253408,train
2016-08-07 17:00:00,Hog_public_Gerard,Hog,59.26,26.7,12.8,1017.1,0.0,4.0,17,6,1,8,-0.9659258262890683,-0.25881904510252063,-0.7818314824680299,0.6234898018587334,60.107,57.429,39.625,13.050313242950823,train
2016-08-07 18:00:00,Hog_public_Gerard,Hog,58.798,26.1,13.9,1016.9,2.6,4.0,18,6,1,8,-1.0,-1.8369701987210297e-16,-0.7818314824680299,0.6234898018587334,59.26,58.128,39.65291666666666,13.092264157714261,train
2016-08-07 19:00:00,Hog_public_Gerard,Hog,38.413,26.7,13.3,1016.6,2.1,4.0,19,6,1,8,-0.9659258262890684,0.2588190451025203,-0.7818314824680299,0.6234898018587334,58.798,37.453,39.69291666666667,13.086715995924196,train
2016-08-07 20:00:00,Hog_public_Gerard,Hog,35.757,25.6,14.4,1016.5,3.1,4.0,20,6,1,8,-0.8660254037844386,0.5000000000000001,-0.7818314824680299,0.6234898018587334,38.413,34.378,39.750375,13.06537572235531,train
2016-08-07 21:00:00,Hog_public_Gerard,Hog,36.267,25.0,15.0,1016.7,3.6,4.0,21,6,1,8,-0.7071067811865477,0.7071067811865474,-0.7818314824680299,0.6234898018587334,35.757,35.365,39.787958333333336,13.053504395303031,train
2016-08-07 22:00:00,Hog_public_Gerard,Hog,36.835,23.3,15.6,1016.9,3.1,4.0,22,6,1,8,-0.5000000000000004,0.8660254037844384,-0.7818314824680299,0.6234898018587334,36.267,36.426,39.805,13.049190712870923,train
2016-08-07 23:00:00,Hog_public_Gerard,Hog,36.932,23.9,16.1,1017.0,2.1,4.0,23,6,1,8,-0.25881904510252157,0.9659258262890681,-0.7818314824680299,0.6234898018587334,36.835,35.992,39.844166666666666,13.038654977534897,train
2016-08-08 00:00:00,Hog_public_Gerard,Hog,36.56,22.8,16.1,1016.9,2.1,2.0,0,0,0,8,0.0,1.0,0.0,1.0,36.932,36.25,39.857083333333335,13.035092694644645,train
2016-08-08 01:00:00,Hog_public_Gerard,Hog,39.879,21.1,16.1,1017.0,2.1,0.0,1,0,0,8,0.25881904510252074,0.9659258262890683,0.0,1.0,36.56,31.97,40.186625,12.926551387215053,train
2016-08-08 02:00:00,Hog_public_Gerard,Hog,44.165,21.7,16.1,1017.1,1.5,0.0,2,0,0,8,0.49999999999999994,0.8660254037844387,0.0,1.0,39.879,30.611,40.751375,12.785321168238479,train
2016-08-08 03:00:00,Hog_public_Gerard,Hog,41.75899999999999,20.6,16.1,1017.9,0.0,0.0,3,0,0,8,0.7071067811865476,0.7071067811865476,0.0,1.0,44.165,29.717,41.253125000000004,12.567898829307246,train
2016-08-08 04:00:00,Hog_public_Gerard,Hog,32.349000000000004,20.6,15.0,1018.0,1.5,0.0,4,0,0,8,0.8660254037844386,0.5000000000000001,0.0,1.0,41.75899999999999,30.498,41.33025,12.504548446378736,train
2016-08-08 05:00:00,Hog_public_Gerard,Hog,28.55,18.3,15.6,1017.8,2.6,0.0,5,0,0,8,0.9659258262890683,0.25881904510252074,0.0,1.0,32.349000000000004,30.161,41.263124999999995,12.571258348389923,train
2016-08-08 06:00:00,Hog_public_Gerard,Hog,28.099,18.3,15.6,1017.7,2.6,0.0,6,0,0,8,1.0,6.123233995736766e-17,0.0,1.0,28.55,29.946,41.186166666666665,12.648964668636426,train
2016-08-08 07:00:00,Hog_public_Gerard,Hog,33.652,18.3,15.6,1017.8,2.1,2.0,7,0,0,8,0.9659258262890683,-0.25881904510252063,0.0,1.0,28.099,29.777,41.347625,12.521084821777112,train
2016-08-08 08:00:00,Hog_public_Gerard,Hog,67.711,20.0,16.1,1017.6,2.1,2.0,8,0,0,8,0.8660254037844387,-0.4999999999999998,0.0,1.0,33.652,28.368,42.98691666666667,13.299143845986412,train
2016-08-08 09:00:00,Hog_public_Gerard,Hog,76.453,22.2,16.7,1017.8,1.5,2.0,9,0,0,8,0.7071067811865476,-0.7071067811865475,0.0,1.0,67.711,27.209,45.03875,14.503285715433043,train
2016-08-08 10:00:00,Hog_public_Gerard,Hog,76.492,23.9,15.6,1017.5,4.6,2.0,10,0,0,8,0.49999999999999994,-0.8660254037844387,0.0,1.0,76.453,26.943,47.10329166666667,15.31906543431428,train
2016-08-08 11:00:00,Hog_public_Gerard,Hog,80.488,25.0,15.0,1017.0,6.2,2.0,11,0,0,8,0.258819045102521,-0.9659258262890682,0.0,1.0,76.492,26.996,49.332125,16.135981171747968,train
2016-08-08 12:00:00,Hog_public_Gerard,Hog,86.145,25.6,15.0,1016.5,6.2,4.0,12,0,0,8,1.2246467991473532e-16,-1.0,0.0,1.0,80.488,58.75899999999999,50.47320833333333,17.72198280932033,train
2016-08-08 13:00:00,Hog_public_Gerard,Hog,82.154,26.1,15.6,1016.1,4.1,4.0,13,0,0,8,-0.2588190451025208,-0.9659258262890683,0.0,1.0,86.145,59.832,51.40329166666667,18.78818289216648,train
2016-08-08 14:00:00,Hog_public_Gerard,Hog,85.184,26.1,15.0,1015.7,5.7,4.0,14,0,0,8,-0.4999999999999997,-0.8660254037844388,0.0,1.0,82.154,58.81399999999999,52.50204166666666,19.974056430843998,train
2016-08-08 15:00:00,Hog_public_Gerard,Hog,85.48,26.7,16.1,1015.1,4.6,4.0,15,0,0,8,-0.7071067811865471,-0.7071067811865479,0.0,1.0,85.184,58.04,53.645375,21.060627889835914,train
2016-08-08 16:00:00,Hog_public_Gerard,Hog,82.955,26.7,15.6,1014.4,6.7,4.0,16,0,0,8,-0.8660254037844385,-0.5000000000000004,0.0,1.0,85.48,60.107,54.597375,21.866394016573633,train
2016-08-08 17:00:00,Hog_public_Gerard,Hog,82.184,27.8,16.1,1014.1,6.7,4.0,17,0,0,8,-0.9659258262890683,-0.25881904510252063,0.0,1.0,82.955,59.26,55.55254166666666,22.568337645585427,train
2016-08-08 18:00:00,Hog_public_Gerard,Hog,70.117,27.2,16.7,1013.7,4.6,4.0,18,0,0,8,-1.0,-1.8369701987210297e-16,0.0,1.0,82.184,58.798,56.024166666666666,22.75659388180605,train
2016-08-08 19:00:00,Hog_public_Gerard,Hog,64.212,27.2,16.1,1013.0,7.2,4.0,19,0,0,8,-0.9659258262890684,0.2588190451025203,0.0,1.0,70.117,38.413,57.099124999999994,22.496370306867252,train
2016-08-08 20:00:00,Hog_public_Gerard,Hog,63.994,26.7,16.1,1012.5,5.1,2.0,20,0,0,8,-0.8660254037844386,0.5000000000000001,0.0,1.0,64.212,35.757,58.275666666666666,22.065933378945488,train
2016-08-08 21:00:00,Hog_public_Gerard,Hog,65.069,24.4,16.1,1012.5,2.6,2.0,21,0,0,8,-0.7071067811865477,0.7071067811865474,0.0,1.0,63.994,36.267,59.475750000000005,21.595115927792214,train
2016-08-08 22:00:00,Hog_public_Gerard,Hog,44.403,23.3,17.2,1012.4,3.6,2.0,22,0,0,8,-0.5000000000000004,0.8660254037844384,0.0,1.0,65.069,36.835,59.79108333333334,21.303424427555818,train
2016-08-08 23:00:00,Hog_public_Gerard,Hog,40.43,23.9,17.2,1012.4,5.1,2.0,23,0,0,8,-0.25881904510252157,0.9659258262890681,0.0,1.0,44.403,36.932,59.93683333333334,21.15165688579727,train
2016-08-09 00:00:00,Hog_public_Gerard,Hog,42.987,22.8,17.2,1012.7,4.1,2.0,0,1,0,8,0.0,1.0,0.7818314824680298,0.6234898018587336,40.43,36.56,60.204625,20.88178836630144,train
2016-08-09 01:00:00,Hog_public_Gerard,Hog,47.78100000000001,22.2,17.2,1012.9,4.6,0.0,1,1,0,8,0.25881904510252074,0.9659258262890683,0.7818314824680298,0.6234898018587336,42.987,39.879,60.533875,20.607873818798573,train
2016-08-09 02:00:00,Hog_public_Gerard,Hog,41.146,22.2,17.2,1012.9,4.1,0.0,2,1,0,8,0.49999999999999994,0.8660254037844387,0.7818314824680298,0.6234898018587336,47.78100000000001,44.165,60.40808333333334,20.721037954354486,train
2016-08-09 03:00:00,Hog_public_Gerard,Hog,31.502,22.2,17.2,1012.8,2.6,0.0,3,1,0,8,0.7071067811865476,0.7071067811865476,0.7818314824680298,0.6234898018587336,41.146,41.75899999999999,59.98070833333333,21.222119591471355,train
2016-08-09 04:00:00,Hog_public_Gerard,Hog,32.262,20.6,17.2,1012.6,2.1,0.0,4,1,0,8,0.8660254037844386,0.5000000000000001,0.7818314824680298,0.6234898018587336,31.502,32.349000000000004,59.97708333333333,21.227051495913113,train
2016-08-09 05:00:00,Hog_public_Gerard,Hog,29.822,21.7,17.2,1011.5,1.5,0.6666666666666666,5,1,0,8,0.9659258262890683,0.25881904510252074,0.7818314824680298,0.6234898018587336,32.262,28.55,60.030083333333344,21.146607825239844,train
2016-08-09 06:00:00,Hog_public_Gerard,Hog,31.88300000000001,22.2,17.8,1011.8,3.1,1.3333333333333333,6,1,0,8,1.0,6.123233995736766e-17,0.7818314824680298,0.6234898018587336,29.822,28.099,60.187749999999994,20.910976028309243,train
2016-08-09 07:00:00,Hog_public_Gerard,Hog,35.94300000000001,22.2,17.8,1011.6,3.6,2.0,7,1,0,8,0.9659258262890683,-0.25881904510252063,0.7818314824680298,0.6234898018587336,31.88300000000001,33.652,60.283208333333334,20.78944998327003,train
2016-08-09 08:00:00,Hog_public_Gerard,Hog,64.434,22.8,18.3,1012.3,4.6,2.6666666666666665,8,1,0,8,0.8660254037844387,-0.4999999999999998,0.7818314824680298,0.6234898018587336,35.94300000000001,67.711,60.146666666666675,20.749266974305783,train
2016-08-09 09:00:00,Hog_public_Gerard,Hog,78.866,23.3,18.9,1012.6,4.1,3.333333333333333,9,1,0,8,0.7071067811865476,-0.7071067811865475,0.7818314824680298,0.6234898018587336,64.434,76.453,60.24720833333333,20.83737462178538,train
2016-08-09 10:00:00,Hog_public_Gerard,Hog,80.402,25.0,20.0,1011.4,5.1,4.0,10,1,0,8,0.49999999999999994,-0.8660254037844387,0.7818314824680298,0.6234898018587336,78.866,76.492,60.410125,20.98467094004475,train
2016-08-09 11:00:00,Hog_public_Gerard,Hog,82.323,24.4,20.0,1012.2,6.7,4.0,11,1,0,8,0.258819045102521,-0.9659258262890682,0.7818314824680298,0.6234898018587336,80.402,80.488,60.48658333333333,21.064198204364573,train
2016-08-09 12:00:00,Hog_public_Gerard,Hog,82.726,26.1,20.6,1012.2,5.1,4.0,12,1,0,8,1.2246467991473532e-16,-1.0,0.7818314824680298,0.6234898018587336,82.323,86.145,60.344125,20.893997994665575,train
2016-08-09 13:00:00,Hog_public_Gerard,Hog,82.165,27.8,20.6,1012.2,5.1,4.0,13,1,0,8,-0.2588190451025208,-0.9659258262890683,0.7818314824680298,0.6234898018587336,82.726,82.154,60.34458333333333,20.89449733452138,train
2016-08-09 14:00:00,Hog_public_Gerard,Hog,83.294,28.9,21.7,1011.7,4.6,4.0,14,1,0,8,-0.4999999999999997,-0.8660254037844388,0.7818314824680298,0.6234898018587336,82.165,85.184,60.265833333333326,20.800157504977847,train
2016-08-09 15:00:00,Hog_public_Gerard,Hog,82.92299999999999,30.6,21.7,1011.7,5.1,4.0,15,1,0,8,-0.7071067811865471,-0.7071067811865479,0.7818314824680298,0.6234898018587336,83.294,85.48,60.15929166666666,20.67154237420675,train
2016-08-09 16:00:00,Hog_public_Gerard,Hog,81.741,30.0,21.7,1011.6,6.2,4.0,16,1,0,8,-0.8660254037844385,-0.5000000000000004,0.7818314824680298,0.6234898018587336,82.92299999999999,82.955,60.10870833333333,20.61474322880338,train
2016-08-09 17:00:00,Hog_public_Gerard,Hog,84.29,30.0,21.7,1011.6,4.1,4.0,17,1,0,8,-0.9659258262890683,-0.25881904510252063,0.7818314824680298,0.6234898018587336,81.741,82.184,60.19645833333334,20.717024343528788,train
2016-08-09 18:00:00,Hog_public_Gerard,Hog,70.311,30.0,22.2,1011.9,3.6,4.0,18,1,0,8,-1.0,-1.8369701987210297e-16,0.7818314824680298,0.6234898018587336,84.29,70.117,60.20454166666667,20.721100864617902,train
2016-08-09 19:00:00,Hog_public_Gerard,Hog,64.737,30.0,22.2,1012.0,3.6,4.0,19,1,0,8,-0.9659258262890684,0.2588190451025203,0.7818314824680298,0.6234898018587336,70.311,64.212,60.22641666666667,20.725792013852,train
2016-08-09 20:00:00,Hog_public_Gerard,Hog,63.575,29.4,22.8,1012.0,2.1,2.0,20,1,0,8,-0.8660254037844386,0.5000000000000001,0.7818314824680298,0.6234898018587336,64.737,63.994,60.20895833333333,20.722656648301825,train
2016-08-09 21:00:00,Hog_public_Gerard,Hog,65.165,28.9,22.8,1012.4,3.6,2.0,21,1,0,8,-0.7071067811865477,0.7071067811865474,0.7818314824680298,0.6234898018587336,63.575,65.069,60.21295833333334,20.723644789129555,train
2016-08-09 22:00:00,Hog_public_Gerard,Hog,44.44300000000001,28.9,22.8,1013.1,3.6,2.0,22,1,0,8,-0.5000000000000004,0.8660254037844384,0.7818314824680298,0.6234898018587336,65.165,44.403,60.214625000000005,20.722319581872657,train
2016-08-09 23:00:00,Hog_public_Gerard,Hog,40.731,27.8,22.2,1013.4,2.6,2.0,23,1,0,8,-0.25881904510252157,0.9659258262890681,0.7818314824680298,0.6234898018587336,44.44300000000001,40.43,60.22716666666667,20.70991218814271,train
2016-08-10 00:00:00,Hog_public_Gerard,Hog,39.676,27.2,21.7,1013.2,3.6,2.0,0,2,0,8,0.0,1.0,0.9749279121818236,-0.22252093395631434,40.731,42.987,60.08920833333334,20.840367360901322,train
2016-08-10 01:00:00,Hog_public_Gerard,Hog,43.795,26.7,21.1,1013.2,2.6,0.0,1,2,0,8,0.25881904510252074,0.9659258262890683,0.9749279121818236,-0.22252093395631434,39.676,47.78100000000001,59.923125000000006,20.958269297349432,train
2016-08-10 02:00:00,Hog_public_Gerard,Hog,38.199,26.1,21.1,1014.0,3.1,1.3333333333333333,2,2,0,8,0.49999999999999994,0.8660254037844387,0.9749279121818236,-0.22252093395631434,43.795,41.146,59.80033333333333,21.081336802070243,train
2016-08-10 03:00:00,Hog_public_Gerard,Hog,37.292,25.6,20.6,1014.0,3.1,2.6666666666666665,3,2,0,8,0.7071067811865476,0.7071067811865476,0.9749279121818236,-0.22252093395631434,38.199,31.502,60.041583333333335,20.774311136837902,train
2016-08-10 04:00:00,Hog_public_Gerard,Hog,31.423,25.6,20.6,1013.7,2.1,4.0,4,2,0,8,0.8660254037844386,0.5000000000000001,0.9749279121818236,-0.22252093395631434,37.292,32.262,60.00662500000001,20.82373729730512,train
2016-08-10 05:00:00,Hog_public_Gerard,Hog,29.077,25.0,20.6,1014.8,2.1,4.666666666666667,5,2,0,8,0.9659258262890683,0.25881904510252074,0.9749279121818236,-0.22252093395631434,31.423,29.822,59.97558333333333,20.87119066605552,train
2016-08-10 06:00:00,Hog_public_Gerard,Hog,29.776,24.4,20.6,1014.5,3.6,5.333333333333333,6,2,0,8,1.0,6.123233995736766e-17,0.9749279121818236,-0.22252093395631434,29.077,31.88300000000001,59.88779166666668,20.998538679961587,train
2016-08-10 07:00:00,Hog_public_Gerard,Hog,35.37,23.9,20.6,1015.3,0.0,6.0,7,2,0,8,0.9659258262890683,-0.25881904510252063,0.9749279121818236,-0.22252093395631434,29.776,35.94300000000001,59.86391666666666,21.027253323736367,train
2016-08-10 08:00:00,Hog_public_Gerard,Hog,65.78699999999999,23.9,20.6,1016.5,2.1,5.333333333333333,8,2,0,8,0.8660254037844387,-0.4999999999999998,0.9749279121818236,-0.22252093395631434,35.37,64.434,59.920291666666664,21.041847303759063,train
2016-08-10 09:00:00,Hog_public_Gerard,Hog,84.664,24.4,21.1,1015.9,3.1,4.666666666666667,9,2,0,8,0.7071067811865476,-0.7071067811865475,0.9749279121818236,-0.22252093395631434,65.78699999999999,78.866,60.161875,21.300515722094058,train
2016-08-10 10:00:00,Hog_public_Gerard,Hog,73.29899999999998,26.1,21.7,1015.8,0.0,4.0,10,2,0,8,0.49999999999999994,-0.8660254037844387,0.9749279121818236,-0.22252093395631434,84.664,80.402,59.865916666666664,21.054994772317595,train
2016-08-10 11:00:00,Hog_public_Gerard,Hog,75.773,28.3,22.8,1015.6,0.0,4.0,11,2,0,8,0.258819045102521,-0.9659258262890682,0.9749279121818236,-0.22252093395631434,73.29899999999998,82.323,59.592999999999996,20.7920570285449,train
2016-08-10 12:00:00,Hog_public_Gerard,Hog,81.462,29.4,22.2,1015.2,5.7,4.0,12,2,0,8,1.2246467991473532e-16,-1.0,0.9749279121818236,-0.22252093395631434,75.773,82.726,59.54033333333333,20.73242840841727,train
2016-08-10 13:00:00,Hog_public_Gerard,Hog,81.99700000000001,30.6,22.2,1014.1,7.2,4.0,13,2,0,8,-0.2588190451025208,-0.9659258262890683,0.9749279121818236,-0.22252093395631434,81.462,82.165,59.53333333333333,20.72448423581591,train
2016-08-10 14:00:00,Hog_public_Gerard,Hog,84.48299999999998,31.7,22.2,1013.6,7.2,4.0,14,2,0,8,-0.4999999999999997,-0.8660254037844388,0.9749279121818236,-0.22252093395631434,81.99700000000001,83.294,59.582875,20.785085956066897,train
2016-08-10 15:00:00,Hog_public_Gerard,Hog,85.079,31.7,22.2,1013.4,7.7,4.0,15,2,0,8,-0.7071067811865471,-0.7071067811865479,0.9749279121818236,-0.22252093395631434,84.48299999999998,82.92299999999999,59.67270833333333,20.89471811035589,train
2016-08-10 16:00:00,Hog_public_Gerard,Hog,82.64399999999998,32.2,21.1,1013.5,7.2,4.0,16,2,0,8,-0.8660254037844385,-0.5000000000000004,0.9749279121818236,-0.22252093395631434,85.079,81.741,59.71033333333333,20.936954432952724,train
2016-08-10 17:00:00,Hog_public_Gerard,Hog,81.60600000000002,31.1,22.2,1011.9,7.7,4.0,17,2,0,8,-0.9659258262890683,-0.25881904510252063,0.9749279121818236,-0.22252093395631434,82.64399999999998,84.29,59.598499999999994,20.806718653608918,train
2016-08-10 18:00:00,Hog_public_Gerard,Hog,70.818,30.6,22.2,1010.8,5.1,5.0,18,2,0,8,-1.0,-1.8369701987210297e-16,0.9749279121818236,-0.22252093395631434,81.60600000000002,70.311,59.61962499999999,20.818322051192705,train
2016-08-10 19:00:00,Hog_public_Gerard,Hog,64.693,30.0,21.7,1011.4,5.1,6.0,19,2,0,8,-0.9659258262890684,0.2588190451025203,0.9749279121818236,-0.22252093395631434,70.818,64.737,59.617791666666655,20.81785373596673,train
2016-08-10 20:00:00,Hog_public_Gerard,Hog,65.587,30.0,22.2,1012.2,3.6,6.333333333333333,20,2,0,8,-0.8660254037844386,0.5000000000000001,0.9749279121818236,-0.22252093395631434,64.693,63.575,59.70162500000001,20.838523130120514,train
2016-08-10 21:00:00,Hog_public_Gerard,Hog,65.525,20.6,19.4,1013.8,5.7,6.666666666666667,21,2,0,8,-0.7071067811865477,0.7071067811865474,0.9749279121818236,-0.22252093395631434,65.587,65.165,59.71662499999999,20.842755903091895,train
2016-08-10 22:00:00,Hog_public_Gerard,Hog,44.736,21.1,19.4,1015.4,4.6,7.0,22,2,0,8,-0.5000000000000004,0.8660254037844384,0.9749279121818236,-0.22252093395631434,65.525,44.44300000000001,59.728833333333334,20.833504392573154,train
2016-08-10 23:00:00,Hog_public_Gerard,Hog,39.322,21.7,19.4,1013.7,6.2,7.333333333333333,23,2,0,8,-0.25881904510252157,0.9659258262890681,0.9749279121818236,-0.22252093395631434,44.736,40.731,59.67012499999999,20.891272649045142,train
2016-08-11 00:00:00,Hog_public_Gerard,Hog,40.259,21.1,19.4,1014.1,4.1,7.666666666666666,0,3,0,8,0.0,1.0,0.43388373911755823,-0.900968867902419,39.322,39.676,59.69441666666666,20.867338587656228,train
2016-08-11 01:00:00,Hog_public_Gerard,Hog,41.087,20.6,18.9,1013.2,1.5,8.0,1,3,0,8,0.25881904510252074,0.9659258262890683,0.43388373911755823,-0.900968867902419,40.259,43.795,59.58158333333333,20.964144136693502,train
2016-08-11 02:00:00,Hog_public_Gerard,Hog,38.668,21.1,19.4,1011.0,6.2,8.0,2,3,0,8,0.49999999999999994,0.8660254037844387,0.43388373911755823,-0.900968867902419,41.087,38.199,59.601125,20.94355430428994,train
2016-08-11 03:00:00,Hog_public_Gerard,Hog,37.445,21.1,19.4,1010.7,4.6,8.0,3,3,0,8,0.7071067811865476,0.7071067811865476,0.43388373911755823,-0.900968867902419,38.668,37.292,59.607499999999995,20.936490487019217,train
2016-08-11 04:00:00,Hog_public_Gerard,Hog,30.549,20.6,19.4,1009.9,5.7,8.0,4,3,0,8,0.8660254037844386,0.5000000000000001,0.43388373911755823,-0.900968867902419,37.445,31.423,59.57108333333333,20.98834162290372,train
2016-08-11 05:00:00,Hog_public_Gerard,Hog,28.19,20.6,19.4,1011.4,3.1,8.0,5,3,0,8,0.9659258262890683,0.25881904510252074,0.43388373911755823,-0.900968867902419,30.549,29.077,59.534124999999996,21.045077524855465,train
2016-08-11 06:00:00,Hog_public_Gerard,Hog,28.595,20.6,19.4,1010.8,3.1,8.0,6,3,0,8,1.0,6.123233995736766e-17,0.43388373911755823,-0.900968867902419,28.19,29.776,59.48491666666666,21.118935416426442,train
2016-08-11 07:00:00,Hog_public_Gerard,Hog,34.926,20.6,19.4,1007.7,4.6,8.0,7,3,0,8,0.9659258262890683,-0.25881904510252063,0.43388373911755823,-0.900968867902419,28.595,35.37,59.46641666666667,21.141161098706288,train
2016-08-11 08:00:00,Hog_public_Gerard,Hog,68.05199999999999,21.1,19.4,1008.4,2.6,7.666666666666667,8,3,0,8,0.8660254037844387,-0.4999999999999998,0.43388373911755823,-0.900968867902419,34.926,65.78699999999999,59.56079166666666,21.17563061835816,train
2016-08-11 09:00:00,Hog_public_Gerard,Hog,87.551,22.8,20.0,1008.9,2.6,7.333333333333333,9,3,0,8,0.7071067811865476,-0.7071067811865475,0.43388373911755823,-0.900968867902419,68.05199999999999,84.664,59.68108333333333,21.3320559455089,train
2016-08-11 10:00:00,Hog_public_Gerard,Hog,83.145,23.3,20.0,1010.1,1.5,7.0,10,3,0,8,0.49999999999999994,-0.8660254037844387,0.43388373911755823,-0.900968867902419,87.551,73.29899999999998,60.09133333333333,21.696894647905758,train
2016-08-11 11:00:00,Hog_public_Gerard,Hog,83.359,24.4,20.0,1010.6,2.6,6.666666666666667,11,3,0,8,0.258819045102521,-0.9659258262890682,0.43388373911755823,-0.900968867902419,83.145,75.773,60.40741666666667,21.98857637584194,train
2016-08-11 12:00:00,Hog_public_Gerard,Hog,82.667,26.7,20.6,1010.6,2.6,6.333333333333334,12,3,0,8,1.2246467991473532e-16,-1.0,0.43388373911755823,-0.900968867902419,83.359,81.462,60.457625,22.040057764093262,train
2016-08-11 13:00:00,Hog_public_Gerard,Hog,81.76100000000002,27.2,20.6,1010.4,2.6,6.0,13,3,0,8,-0.2588190451025208,-0.9659258262890683,0.43388373911755823,-0.900968867902419,82.667,81.99700000000001,60.44779166666667,22.030080378347506,train
2016-08-11 14:00:00,Hog_public_Gerard,Hog,83.825,27.2,20.0,1010.5,2.6,6.0,14,3,0,8,-0.4999999999999997,-0.8660254037844388,0.43388373911755823,-0.900968867902419,81.76100000000002,84.48299999999998,60.420375,21.999255662927066,train
2016-08-11 15:00:00,Hog_public_Gerard,Hog,85.476,28.3,19.4,1010.6,2.6,6.0,15,3,0,8,-0.7071067811865471,-0.7071067811865479,0.43388373911755823,-0.900968867902419,83.825,85.079,60.43691666666667,22.018743728561365,train
2016-08-11 16:00:00,Hog_public_Gerard,Hog,82.975,28.9,20.0,1010.5,3.6,6.0,16,3,0,8,-0.8660254037844385,-0.5000000000000004,0.43388373911755823,-0.900968867902419,85.476,82.64399999999998,60.45070833333333,22.033356943860877,train
2016-08-11 17:00:00,Hog_public_Gerard,Hog,82.07600000000002,27.8,19.4,1010.6,4.1,6.0,17,3,0,8,-0.9659258262890683,-0.25881904510252063,0.43388373911755823,-0.900968867902419,82.975,81.60600000000002,60.47029166666667,22.05317732107355,train
2016-08-11 18:00:00,Hog_public_Gerard,Hog,67.002,27.8,19.4,1010.8,1.5,6.0,18,3,0,8,-1.0,-1.8369701987210297e-16,0.43388373911755823,-0.900968867902419,82.07600000000002,70.818,60.311291666666676,21.988991209000368,train
2016-08-11 19:00:00,Hog_public_Gerard,Hog,62.941,27.2,19.4,1010.9,1.5,6.0,19,3,0,8,-0.9659258262890684,0.2588190451025203,0.43388373911755823,-0.900968867902419,67.002,64.693,60.23829166666667,21.97671692155962,train
2016-08-11 20:00:00,Hog_public_Gerard,Hog,61.74,26.1,20.0,1010.4,2.6,6.333333333333333,20,3,0,8,-0.8660254037844386,0.5000000000000001,0.43388373911755823,-0.900968867902419,62.941,65.587,60.077999999999996,21.950022083776215,train
2016-08-11 21:00:00,Hog_public_Gerard,Hog,63.147,26.1,20.0,1010.1,2.6,6.666666666666667,21,3,0,8,-0.7071067811865477,0.7071067811865474,0.43388373911755823,-0.900968867902419,61.74,65.525,59.97891666666667,21.92972286134426,train
2016-08-11 22:00:00,Hog_public_Gerard,Hog,42.386,26.1,20.0,1011.0,1.5,7.0,22,3,0,8,-0.5000000000000004,0.8660254037844384,0.43388373911755823,-0.900968867902419,63.147,44.736,59.881,22.00585617116702,train
2016-08-11 23:00:00,Hog_public_Gerard,Hog,38.387,26.1,19.4,1010.2,2.1,7.333333333333333,23,3,0,8,-0.25881904510252157,0.9659258262890681,0.43388373911755823,-0.900968867902419,42.386,39.322,59.84204166666667,22.044629004696652,train
2016-08-12 00:00:00,Hog_public_Gerard,Hog,43.364,25.0,20.6,1010.6,2.6,7.666666666666666,0,4,0,8,0.0,1.0,-0.433883739117558,-0.9009688679024191,38.387,40.259,59.97141666666667,21.93353496542937,train
2016-08-12 01:00:00,Hog_public_Gerard,Hog,45.96,23.9,19.4,1011.8,4.1,8.0,1,4,0,8,0.25881904510252074,0.9659258262890683,-0.433883739117558,-0.9009688679024191,43.364,41.087,60.17445833333334,21.77308686944224,train
2016-08-12 02:00:00,Hog_public_Gerard,Hog,39.019,23.3,18.9,1011.4,3.1,7.666666666666667,2,4,0,8,0.49999999999999994,0.8660254037844387,-0.433883739117558,-0.9009688679024191,45.96,38.668,60.189083333333336,21.758125624428416,train
2016-08-12 03:00:00,Hog_public_Gerard,Hog,29.921,23.3,18.3,1011.2,1.5,7.333333333333333,3,4,0,8,0.7071067811865476,0.7071067811865476,-0.433883739117558,-0.9009688679024191,39.019,37.445,59.87558333333334,22.150741938534225,train
2016-08-12 04:00:00,Hog_public_Gerard,Hog,28.88300000000001,22.8,18.3,1011.0,2.1,7.0,4,4,0,8,0.8660254037844386,0.5000000000000001,-0.433883739117558,-0.9009688679024191,29.921,30.549,59.80616666666666,22.249034719983182,train
2016-08-12 05:00:00,Hog_public_Gerard,Hog,27.901,22.8,18.3,1010.8,2.6,6.666666666666667,5,4,0,8,0.9659258262890683,0.25881904510252074,-0.433883739117558,-0.9009688679024191,28.88300000000001,28.19,59.794125,22.266961041578544,train
2016-08-12 06:00:00,Hog_public_Gerard,Hog,28.202,22.8,18.3,1010.6,2.1,6.333333333333334,6,4,0,8,1.0,6.123233995736766e-17,-0.433883739117558,-0.9009688679024191,27.901,28.595,59.77775,22.29103374872864,train
2016-08-12 07:00:00,Hog_public_Gerard,Hog,34.27,22.2,18.9,1010.3,2.1,6.0,7,4,0,8,0.9659258262890683,-0.25881904510252063,-0.433883739117558,-0.9009688679024191,28.202,34.926,59.750416666666666,22.323210936478098,train
2016-08-12 08:00:00,Hog_public_Gerard,Hog,65.495,22.2,18.9,1010.5,3.1,6.0,8,4,0,8,0.8660254037844387,-0.4999999999999998,-0.433883739117558,-0.9009688679024191,34.27,68.05199999999999,59.64387500000001,22.28794146055027,train
2016-08-12 09:00:00,Hog_public_Gerard,Hog,81.81,22.8,19.4,1011.1,2.6,6.0,9,4,0,8,0.7071067811865476,-0.7071067811865475,-0.433883739117558,-0.9009688679024191,65.495,87.551,59.404666666666664,22.004406546173385,train
2016-08-12 10:00:00,Hog_public_Gerard,Hog,80.105,23.3,19.4,1011.1,3.6,6.0,10,4,0,8,0.49999999999999994,-0.8660254037844387,-0.433883739117558,-0.9009688679024191,81.81,83.145,59.278,21.870145600994483,train
2016-08-12 11:00:00,Hog_public_Gerard,Hog,80.37100000000002,24.4,19.4,1011.1,2.6,6.0,11,4,0,8,0.258819045102521,-0.9659258262890682,-0.433883739117558,-0.9009688679024191,80.105,83.359,59.15350000000001,21.735188119928903,train
2016-08-12 12:00:00,Hog_public_Gerard,Hog,83.34200000000001,25.0,19.4,1011.2,2.6,6.0,12,4,0,8,1.2246467991473532e-16,-1.0,-0.433883739117558,-0.9009688679024191,80.37100000000002,82.667,59.181625000000004,21.76735002707242,train
2016-08-12 13:00:00,Hog_public_Gerard,Hog,81.42,26.7,20.0,1010.3,2.1,6.0,13,4,0,8,-0.2588190451025208,-0.9659258262890683,-0.433883739117558,-0.9009688679024191,83.34200000000001,81.76100000000002,59.16741666666667,21.75207679023795,train
2016-08-12 14:00:00,Hog_public_Gerard,Hog,83.99700000000001,27.2,20.0,1010.1,4.6,6.333333333333333,14,4,0,8,-0.4999999999999997,-0.8660254037844388,-0.433883739117558,-0.9009688679024191,81.42,83.825,59.174583333333345,21.7605806226818,train
2016-08-12 15:00:00,Hog_public_Gerard,Hog,84.29700000000003,26.1,18.9,1010.3,4.6,6.666666666666667,15,4,0,8,-0.7071067811865471,-0.7071067811865479,-0.433883739117558,-0.9009688679024191,83.99700000000001,85.476,59.12545833333334,21.699869134005713,train
2016-08-12 16:00:00,Hog_public_Gerard,Hog,84.811,25.0,18.9,1010.6,3.6,7.0,16,4,0,8,-0.8660254037844385,-0.5000000000000004,-0.433883739117558,-0.9009688679024191,84.29700000000003,82.975,59.201958333333344,21.7906494994272,train
2016-08-12 17:00:00,Hog_public_Gerard,Hog,81.32600000000002,23.3,20.0,1011.0,3.6,7.333333333333333,17,4,0,8,-0.9659258262890683,-0.25881904510252063,-0.433883739117558,-0.9009688679024191,84.811,82.07600000000002,59.170708333333344,21.756931258355348,train
2016-08-12 18:00:00,Hog_public_Gerard,Hog,65.98100000000001,22.2,20.6,1011.3,3.6,7.666666666666666,18,4,0,8,-1.0,-1.8369701987210297e-16,-0.433883739117558,-0.9009688679024191,81.32600000000002,67.002,59.128166666666665,21.741945872410856,train
2016-08-12 19:00:00,Hog_public_Gerard,Hog,40.207,21.7,19.4,1010.8,3.1,8.0,19,4,0,8,-0.9659258262890684,0.2588190451025203,-0.433883739117558,-0.9009688679024191,65.98100000000001,62.941,58.18091666666668,22.06149400301192,train
2016-08-12 20:00:00,Hog_public_Gerard,Hog,35.142,21.7,20.0,1010.8,1.5,7.666666666666667,20,4,0,8,-0.8660254037844386,0.5000000000000001,-0.433883739117558,-0.9009688679024191,40.207,61.74,57.07266666666667,22.53785827498239,train
2016-08-12 21:00:00,Hog_public_Gerard,Hog,37.736,21.7,19.4,1011.1,2.6,7.333333333333333,21,4,0,8,-0.7071067811865477,0.7071067811865474,-0.433883739117558,-0.9009688679024191,35.142,63.147,56.013875000000006,22.83501361527483,train
2016-08-12 22:00:00,Hog_public_Gerard,Hog,37.911,21.1,19.4,1012.0,3.6,7.0,22,4,0,8,-0.5000000000000004,0.8660254037844384,-0.433883739117558,-0.9009688679024191,37.736,42.386,55.82741666666667,22.969006699798022,train
2016-08-12 23:00:00,Hog_public_Gerard,Hog,37.815,20.6,19.4,1012.1,1.5,6.666666666666667,23,4,0,8,-0.25881904510252157,0.9659258262890681,-0.433883739117558,-0.9009688679024191,37.911,38.387,55.803583333333336,22.98817897532237,train
2016-08-13 00:00:00,Hog_public_Gerard,Hog,37.644,20.6,19.4,1012.0,1.5,6.333333333333334,0,5,1,8,0.0,1.0,-0.9749279121818236,-0.2225209339563146,37.815,43.364,55.56525,23.15182454684361,train
2016-08-13 01:00:00,Hog_public_Gerard,Hog,32.368,20.0,18.9,1011.8,2.6,6.0,1,5,1,8,0.25881904510252074,0.9659258262890683,-0.9749279121818236,-0.2225209339563146,37.644,45.96,54.99891666666667,23.559650947655545,train
2016-08-13 02:00:00,Hog_public_Gerard,Hog,31.24,20.0,18.9,1011.3,1.5,5.5,2,5,1,8,0.49999999999999994,0.8660254037844387,-0.9749279121818236,-0.2225209339563146,32.368,39.019,54.67479166666667,23.8408869928719,train
2016-08-13 03:00:00,Hog_public_Gerard,Hog,31.469,20.0,18.9,1010.9,3.1,5.0,3,5,1,8,0.7071067811865476,0.7071067811865476,-0.9749279121818236,-0.2225209339563146,31.24,29.921,54.73929166666667,23.773002818285136,train
2016-08-13 04:00:00,Hog_public_Gerard,Hog,30.686,19.4,18.3,1011.4,2.6,4.5,4,5,1,8,0.8660254037844386,0.5000000000000001,-0.9749279121818236,-0.2225209339563146,31.469,28.88300000000001,54.81441666666668,23.690447368390856,train
2016-08-13 05:00:00,Hog_public_Gerard,Hog,30.862,19.4,18.3,1011.3,0.0,4.0,5,5,1,8,0.9659258262890683,0.25881904510252074,-0.9749279121818236,-0.2225209339563146,30.686,27.901,54.93779166666667,23.551496559074668,train
2016-08-13 06:00:00,Hog_public_Gerard,Hog,30.952,18.9,16.7,1011.6,2.1,2.0,6,5,1,8,1.0,6.123233995736766e-17,-0.9749279121818236,-0.2225209339563146,30.862,28.202,55.052375000000005,23.42209966790478,train
2016-08-13 07:00:00,Hog_public_Gerard,Hog,30.381,18.3,16.7,1012.2,1.5,2.0,7,5,1,8,0.9659258262890683,-0.25881904510252063,-0.9749279121818236,-0.2225209339563146,30.952,34.27,54.89033333333334,23.585016217315157,train
2016-08-13 08:00:00,Hog_public_Gerard,Hog,29.386,19.4,16.7,1012.7,3.1,0.0,8,5,1,8,0.8660254037844387,-0.4999999999999998,-0.9749279121818236,-0.2225209339563146,30.381,65.495,53.38579166666667,24.026709175920875,train
2016-08-13 09:00:00,Hog_public_Gerard,Hog,29.991,21.1,17.2,1012.7,3.1,0.0,9,5,1,8,0.7071067811865476,-0.7071067811865475,-0.9749279121818236,-0.2225209339563146,29.386,81.81,51.22666666666667,23.687274420018888,train
2016-08-13 10:00:00,Hog_public_Gerard,Hog,34.981,23.3,17.8,1012.7,3.1,2.0,10,5,1,8,0.49999999999999994,-0.8660254037844387,-0.9749279121818236,-0.2225209339563146,29.991,80.105,49.3465,23.078432625176024,train
2016-08-13 11:00:00,Hog_public_Gerard,Hog,60.842,24.4,16.7,1012.9,5.7,4.0,11,5,1,8,0.258819045102521,-0.9659258262890682,-0.9749279121818236,-0.2225209339563146,34.981,80.37100000000002,48.53279166666667,22.267015199869935,train
2016-08-13 12:00:00,Hog_public_Gerard,Hog,60.57,25.0,16.1,1012.9,5.1,5.0,12,5,1,8,1.2246467991473532e-16,-1.0,-0.9749279121818236,-0.2225209339563146,60.842,83.34200000000001,47.583958333333335,21.177783460564125,train
2016-08-13 13:00:00,Hog_public_Gerard,Hog,59.569,26.1,17.2,1012.7,2.6,6.0,13,5,1,8,-0.2588190451025208,-0.9659258262890683,-0.9749279121818236,-0.2225209339563146,60.57,81.42,46.6735,20.102276386346176,train
2016-08-13 14:00:00,Hog_public_Gerard,Hog,59.131,25.6,15.6,1012.9,5.7,6.0,14,5,1,8,-0.4999999999999997,-0.8660254037844388,-0.9749279121818236,-0.2225209339563146,59.569,83.99700000000001,45.63741666666667,18.685866865481533,train
2016-08-13 15:00:00,Hog_public_Gerard,Hog,59.927,26.7,15.0,1012.6,4.1,6.0,15,5,1,8,-0.7071067811865471,-0.7071067811865479,-0.9749279121818236,-0.2225209339563146,59.131,84.29700000000003,44.62200000000001,17.08749908686132,train
2016-08-13 16:00:00,Hog_public_Gerard,Hog,59.657,25.6,15.6,1012.5,4.1,6.0,16,5,1,8,-0.8660254037844385,-0.5000000000000004,-0.9749279121818236,-0.2225209339563146,59.927,84.811,43.57391666666667,15.180268073238066,train
2016-08-13 17:00:00,Hog_public_Gerard,Hog,59.486,26.7,15.0,1012.0,4.6,6.0,17,5,1,8,-0.9659258262890683,-0.25881904510252063,-0.9749279121818236,-0.2225209339563146,59.657,81.32600000000002,42.663916666666665,13.364834766677388,train
2016-08-13 18:00:00,Hog_public_Gerard,Hog,60.177,26.7,15.6,1012.1,4.1,6.0,18,5,1,8,-1.0,-1.8369701987210297e-16,-0.9749279121818236,-0.2225209339563146,59.486,65.98100000000001,42.42208333333333,12.971290545953599,train
2016-08-13 19:00:00,Hog_public_Gerard,Hog,38.358,25.6,15.6,1012.3,3.6,6.0,19,5,1,8,-0.9659258262890684,0.2588190451025203,-0.9749279121818236,-0.2225209339563146,60.177,40.207,42.34504166666667,12.990495577383623,train
2016-08-13 20:00:00,Hog_public_Gerard,Hog,35.665,25.0,15.6,1012.5,3.1,5.0,20,5,1,8,-0.8660254037844386,0.5000000000000001,-0.9749279121818236,-0.2225209339563146,38.358,35.142,42.36683333333333,12.978320021471157,train
2016-08-13 21:00:00,Hog_public_Gerard,Hog,36.714,24.4,15.6,1013.0,3.1,4.0,21,5,1,8,-0.7071067811865477,0.7071067811865474,-0.9749279121818236,-0.2225209339563146,35.665,37.736,42.32425,12.995839753217695,train
2016-08-13 22:00:00,Hog_public_Gerard,Hog,37.231,23.3,16.1,1013.6,2.6,4.0,22,5,1,8,-0.5000000000000004,0.8660254037844384,-0.9749279121818236,-0.2225209339563146,36.714,37.911,42.29591666666667,13.006616583465677,train
2016-08-13 23:00:00,Hog_public_Gerard,Hog,37.098,22.2,15.6,1013.9,3.1,2.0,23,5,1,8,-0.25881904510252157,0.9659258262890681,-0.9749279121818236,-0.2225209339563146,37.231,37.815,42.266041666666666,13.018174631542161,train
2016-08-14 00:00:00,Hog_public_Gerard,Hog,37.465,21.7,15.6,1014.0,0.0,2.0,0,6,1,8,0.0,1.0,-0.7818314824680299,0.6234898018587334,37.098,37.644,42.258583333333334,13.020988782052148,train
2016-08-14 01:00:00,Hog_public_Gerard,Hog,32.36,20.6,15.6,1014.3,3.6,2.0,1,6,1,8,0.25881904510252074,0.9659258262890683,-0.7818314824680299,0.6234898018587334,37.465,32.368,42.258250000000004,13.021253086196875,train
2016-08-14 02:00:00,Hog_public_Gerard,Hog,31.451,19.4,15.6,1014.6,3.1,2.0,2,6,1,8,0.49999999999999994,0.8660254037844387,-0.7818314824680299,0.6234898018587334,32.36,31.24,42.267041666666664,13.013559314871381,train
2016-08-14 03:00:00,Hog_public_Gerard,Hog,31.213,18.9,15.0,1014.8,2.1,0.0,3,6,1,8,0.7071067811865476,0.7071067811865476,-0.7818314824680299,0.6234898018587334,31.451,31.469,42.256375,13.022896394636787,train
2016-08-14 04:00:00,Hog_public_Gerard,Hog,30.967,18.3,15.0,1015.0,1.5,0.0,4,6,1,8,0.8660254037844386,0.5000000000000001,-0.7818314824680299,0.6234898018587334,31.213,30.686,42.26808333333333,13.012163576795537,train
2016-08-14 05:00:00,Hog_public_Gerard,Hog,30.774,17.8,15.0,1015.4,3.1,0.0,5,6,1,8,0.9659258262890683,0.25881904510252074,-0.7818314824680299,0.6234898018587334,30.967,30.862,42.26441666666667,13.015529376451978,train
2016-08-14 06:00:00,Hog_public_Gerard,Hog,31.538,17.8,15.0,1015.9,2.6,0.0,6,6,1,8,1.0,6.123233995736766e-17,-0.7818314824680299,0.6234898018587334,30.774,30.952,42.288833333333336,12.993916719378879,train
2016-08-14 07:00:00,Hog_public_Gerard,Hog,30.924,17.8,15.0,1016.3,2.1,0.0,7,6,1,8,0.9659258262890683,-0.25881904510252063,-0.7818314824680299,0.6234898018587334,31.538,30.381,42.311458333333334,12.97273680682172,train
2016-08-14 08:00:00,Hog_public_Gerard,Hog,28.62,19.4,15.6,1016.9,2.6,0.0,8,6,1,8,0.8660254037844387,-0.4999999999999998,-0.7818314824680299,0.6234898018587334,30.924,29.386,42.27954166666667,13.006817302707974,train
2016-08-14 09:00:00,Hog_public_Gerard,Hog,28.372,21.1,15.6,1017.4,2.6,0.0,9,6,1,8,0.7071067811865476,-0.7071067811865475,-0.7818314824680299,0.6234898018587334,28.62,29.991,42.21208333333333,13.077328639312723,train
2016-08-14 10:00:00,Hog_public_Gerard,Hog,27.755,22.8,14.4,1017.6,2.6,0.0,10,6,1,8,0.49999999999999994,-0.8660254037844387,-0.7818314824680299,0.6234898018587334,28.372,34.981,41.910999999999994,13.331758623677867,train
2016-08-14 11:00:00,Hog_public_Gerard,Hog,27.171,24.4,14.4,1018.0,2.6,2.0,11,6,1,8,0.258819045102521,-0.9659258262890682,-0.7818314824680299,0.6234898018587334,27.755,60.842,40.508041666666664,13.021001352261253,train
2016-08-14 12:00:00,Hog_public_Gerard,Hog,59.416,25.6,14.4,1017.9,3.1,4.0,12,6,1,8,1.2246467991473532e-16,-1.0,-0.7818314824680299,0.6234898018587334,27.171,60.57,40.45995833333333,12.945608926445251,train
2016-08-14 13:00:00,Hog_public_Gerard,Hog,60.511,26.1,13.9,1017.7,0.0,4.0,13,6,1,8,-0.2588190451025208,-0.9659258262890683,-0.7818314824680299,0.6234898018587334,59.416,59.569,40.499208333333335,13.0073457606588,train
2016-08-14 14:00:00,Hog_public_Gerard,Hog,59.697,26.1,13.9,1017.8,1.5,4.0,14,6,1,8,-0.4999999999999997,-0.8660254037844388,-0.7818314824680299,0.6234898018587334,60.511,59.131,40.52279166666667,13.043059460308942,train
2016-08-14 15:00:00,Hog_public_Gerard,Hog,60.507,26.7,13.3,1017.5,1.5,4.0,15,6,1,8,-0.7071067811865471,-0.7071067811865479,-0.7818314824680299,0.6234898018587334,59.697,59.927,40.54695833333333,13.081057441231835,train
2016-08-14 16:00:00,Hog_public_Gerard,Hog,60.808,26.7,13.9,1017.3,2.6,4.0,16,6,1,8,-0.8660254037844385,-0.5000000000000004,-0.7818314824680299,0.6234898018587334,60.507,59.657,40.59491666666667,13.156060570394684,train
2016-08-14 17:00:00,Hog_public_Gerard,Hog,60.508,27.2,14.4,1017.2,4.1,4.0,17,6,1,8,-0.9659258262890683,-0.25881904510252063,-0.7818314824680299,0.6234898018587334,60.808,59.486,40.6375,13.221357428830036,train
2016-08-14 18:00:00,Hog_public_Gerard,Hog,60.984,27.2,13.3,1016.8,3.6,2.0,18,6,1,8,-1.0,-1.8369701987210297e-16,-0.7818314824680299,0.6234898018587334,60.508,60.177,40.671125,13.274132393862592,train
2016-08-14 19:00:00,Hog_public_Gerard,Hog,39.701,26.7,13.3,1016.9,3.6,2.0,19,6,1,8,-0.9659258262890684,0.2588190451025203,-0.7818314824680299,0.6234898018587334,60.984,38.358,40.72708333333333,13.266785973992334,train
2016-08-14 20:00:00,Hog_public_Gerard,Hog,35.93,25.6,13.3,1017.1,3.6,2.0,20,6,1,8,-0.8660254037844386,0.5000000000000001,-0.7818314824680299,0.6234898018587334,39.701,35.665,40.738125000000004,13.262499316272933,train
2016-08-14 21:00:00,Hog_public_Gerard,Hog,37.739,24.4,13.9,1017.3,2.6,2.0,21,6,1,8,-0.7071067811865477,0.7071067811865474,-0.7818314824680299,0.6234898018587334,35.93,36.714,40.780833333333334,13.250622330477052,train
2016-08-14 22:00:00,Hog_public_Gerard,Hog,38.24,24.4,14.4,1017.6,2.1,2.0,22,6,1,8,-0.5000000000000004,0.8660254037844384,-0.7818314824680299,0.6234898018587334,37.739,37.231,40.822874999999996,13.240466490903886,train
2016-08-14 23:00:00,Hog_public_Gerard,Hog,37.409,22.8,15.0,1017.9,1.5,2.0,23,6,1,8,-0.25881904510252157,0.9659258262890681,-0.7818314824680299,0.6234898018587334,38.24,37.098,40.83583333333333,13.236814169668182,train
2016-08-15 00:00:00,Hog_public_Gerard,Hog,40.55,22.8,15.0,1018.1,0.0,4.0,0,0,0,8,0.0,1.0,0.0,1.0,37.409,37.465,40.964375,13.217622241645264,train
2016-08-15 01:00:00,Hog_public_Gerard,Hog,42.764,21.7,15.6,1018.6,0.0,4.0,1,0,0,8,0.25881904510252074,0.9659258262890683,0.0,1.0,40.55,32.36,41.397875,13.093178799308498,train
2016-08-15 02:00:00,Hog_public_Gerard,Hog,45.898,20.6,15.0,1018.2,0.0,4.0,2,0,0,8,0.49999999999999994,0.8660254037844387,0.0,1.0,42.764,31.451,41.999833333333335,12.947275901724325,train
2016-08-15 03:00:00,Hog_public_Gerard,Hog,44.834,18.3,15.0,1018.2,1.5,4.0,3,0,0,8,0.7071067811865476,0.7071067811865476,0.0,1.0,45.898,31.213,42.567375,12.75092693582843,train
2016-08-15 04:00:00,Hog_public_Gerard,Hog,37.606,18.9,15.6,1018.5,1.5,4.0,4,0,0,8,0.8660254037844386,0.5000000000000001,0.0,1.0,44.834,30.967,42.844,12.558889448272161,train
2016-08-15 05:00:00,Hog_public_Gerard,Hog,30.341,18.3,15.6,1018.4,0.0,4.0,5,0,0,8,0.9659258262890683,0.25881904510252074,0.0,1.0,37.606,30.774,42.82595833333334,12.577280228837989,train
2016-08-15 06:00:00,Hog_public_Gerard,Hog,29.105,18.3,15.0,1018.8,2.1,4.0,6,0,0,8,1.0,6.123233995736766e-17,0.0,1.0,30.341,31.538,42.72458333333333,12.681591488784624,train
2016-08-15 07:00:00,Hog_public_Gerard,Hog,34.725,18.3,15.6,1019.1,1.5,4.0,7,0,0,8,0.9659258262890683,-0.25881904510252063,0.0,1.0,29.105,30.924,42.882958333333335,12.550872349654728,train
2016-08-15 08:00:00,Hog_public_Gerard,Hog,67.093,20.0,16.1,1019.0,0.0,2.0,8,0,0,8,0.8660254037844387,-0.4999999999999998,0.0,1.0,34.725,28.62,44.486,13.095106022447418,train
2016-08-15 09:00:00,Hog_public_Gerard,Hog,79.877,21.7,15.6,1018.7,1.5,4.0,9,0,0,8,0.7071067811865476,-0.7071067811865475,0.0,1.0,67.093,28.372,46.63204166666666,14.485992407897847,train
2016-08-15 10:00:00,Hog_public_Gerard,Hog,79.929,22.8,16.1,1018.3,2.6,4.0,10,0,0,8,0.49999999999999994,-0.8660254037844387,0.0,1.0,79.877,27.755,48.805958333333336,15.415032545846255,train
2016-08-15 11:00:00,Hog_public_Gerard,Hog,79.003,24.4,15.6,1018.1,3.1,4.0,11,0,0,8,0.258819045102521,-0.9659258262890682,0.0,1.0,79.929,27.171,50.965624999999996,15.876129625848515,train
2016-08-15 12:00:00,Hog_public_Gerard,Hog,82.884,25.6,15.6,1018.4,4.1,4.0,12,0,0,8,1.2246467991473532e-16,-1.0,0.0,1.0,79.003,59.416,51.94345833333333,17.09514340639324,train
2016-08-15 13:00:00,Hog_public_Gerard,Hog,82.037,26.1,15.6,1018.0,4.6,4.0,13,0,0,8,-0.2588190451025208,-0.9659258262890683,0.0,1.0,82.884,60.511,52.840375,18.09938960972359,train
2016-08-15 14:00:00,Hog_public_Gerard,Hog,85.645,26.1,14.4,1017.9,3.1,4.0,14,0,0,8,-0.4999999999999997,-0.8660254037844388,0.0,1.0,82.037,59.697,53.92154166666666,19.2642920405677,train
2016-08-15 15:00:00,Hog_public_Gerard,Hog,85.596,27.2,14.4,1017.4,3.6,4.0,15,0,0,8,-0.7071067811865471,-0.7071067811865479,0.0,1.0,85.645,60.507,54.96691666666666,20.29057763318753,train
2016-08-15 16:00:00,Hog_public_Gerard,Hog,85.81,27.2,14.4,1016.9,2.6,4.5,16,0,0,8,-0.8660254037844385,-0.5000000000000004,0.0,1.0,85.596,60.808,56.00866666666666,21.223863863004922,train
2016-08-15 17:00:00,Hog_public_Gerard,Hog,82.89200000000002,26.7,14.4,1016.8,3.6,5.0,17,0,0,8,-0.9659258262890683,-0.25881904510252063,0.0,1.0,85.81,60.508,56.94133333333334,21.91088466585919,train
2016-08-15 18:00:00,Hog_public_Gerard,Hog,68.395,26.7,14.4,1016.4,2.6,5.5,18,0,0,8,-1.0,-1.8369701987210297e-16,0.0,1.0,82.89200000000002,60.984,57.250125,22.022274108201056,train
2016-08-15 19:00:00,Hog_public_Gerard,Hog,63.511,26.1,15.0,1016.3,3.6,6.0,19,0,0,8,-0.9659258262890684,0.2588190451025203,0.0,1.0,68.395,39.701,58.24220833333333,21.731722027006075,train
2016-08-15 20:00:00,Hog_public_Gerard,Hog,62.574,25.0,15.6,1015.8,3.1,4.8,20,0,0,8,-0.8660254037844386,0.5000000000000001,0.0,1.0,63.511,35.93,59.352375,21.21679868654641,train
2016-08-15 21:00:00,Hog_public_Gerard,Hog,62.247,23.9,16.1,1016.0,2.1,3.6,21,0,0,8,-0.7071067811865477,0.7071067811865474,0.0,1.0,62.574,37.739,60.373541666666675,20.715172649805123,train
2016-08-15 22:00:00,Hog_public_Gerard,Hog,41.459,23.3,16.7,1016.3,2.6,2.4000000000000004,22,0,0,8,-0.5000000000000004,0.8660254037844384,0.0,1.0,62.247,38.24,60.50766666666667,20.57558405672521,train
2016-08-15 23:00:00,Hog_public_Gerard,Hog,37.453,22.8,16.7,1016.2,2.1,1.2000000000000002,23,0,0,8,-0.25881904510252157,0.9659258262890681,0.0,1.0,41.459,37.409,60.5095,20.573438274502998,train
2016-08-16 00:00:00,Hog_public_Gerard,Hog,37.029,22.2,16.7,1016.1,2.1,0.0,0,1,0,8,0.0,1.0,0.7818314824680298,0.6234898018587336,37.453,40.55,60.36279166666667,20.733885325568934,train
2016-08-16 01:00:00,Hog_public_Gerard,Hog,46.49100000000001,21.1,16.7,1015.9,2.1,0.0,1,1,0,8,0.25881904510252074,0.9659258262890683,0.7818314824680298,0.6234898018587336,37.029,42.764,60.518083333333344,20.609930468242712,train
2016-08-16 02:00:00,Hog_public_Gerard,Hog,51.063,20.6,16.7,1016.0,2.1,0.0,2,1,0,8,0.49999999999999994,0.8660254037844387,0.7818314824680298,0.6234898018587336,46.49100000000001,45.898,60.733291666666666,20.477169251715626,train
2016-08-16 03:00:00,Hog_public_Gerard,Hog,50.861,21.7,16.7,1016.0,1.5,0.0,3,1,0,8,0.7071067811865476,0.7071067811865476,0.7818314824680298,0.6234898018587336,51.063,44.834,60.98441666666667,20.309982263851758,train
2016-08-16 04:00:00,Hog_public_Gerard,Hog,39.171,20.6,16.7,1015.6,0.0,2.0,4,1,0,8,0.8660254037844386,0.5000000000000001,0.7818314824680298,0.6234898018587336,50.861,37.606,61.049625,20.23402908535954,train
2016-08-16 05:00:00,Hog_public_Gerard,Hog,29.879,21.1,16.7,1015.6,2.1,2.0,5,1,0,8,0.9659258262890683,0.25881904510252074,0.7818314824680298,0.6234898018587336,39.171,30.341,61.030375,20.26471100602253,train
2016-08-16 06:00:00,Hog_public_Gerard,Hog,28.062,21.1,17.2,1015.6,2.6,2.0,6,1,0,8,1.0,6.123233995736766e-17,0.7818314824680298,0.6234898018587336,29.879,29.105,60.98691666666667,20.33714168475499,train
2016-08-16 07:00:00,Hog_public_Gerard,Hog,35.225,21.1,17.2,1016.2,2.1,6.0,7,1,0,8,0.9659258262890683,-0.25881904510252063,0.7818314824680298,0.6234898018587336,28.062,34.725,61.00775000000001,20.309306391620016,train
2016-08-16 08:00:00,Hog_public_Gerard,Hog,66.517,21.7,17.8,1016.3,2.6,2.0,8,1,0,8,0.8660254037844387,-0.4999999999999998,0.7818314824680298,0.6234898018587336,35.225,67.093,60.98375000000001,20.302141720925004,train
2016-08-16 09:00:00,Hog_public_Gerard,Hog,81.41,24.4,18.9,1015.6,1.5,2.0,9,1,0,8,0.7071067811865476,-0.7071067811865475,0.7818314824680298,0.6234898018587336,66.517,79.877,61.047625000000004,20.36647812463139,train
2016-08-16 10:00:00,Hog_public_Gerard,Hog,83.175,25.0,18.9,1015.6,2.6,2.0,10,1,0,8,0.49999999999999994,-0.8660254037844387,0.7818314824680298,0.6234898018587336,81.41,79.929,61.182875,20.50760654067597,train
2016-08-16 11:00:00,Hog_public_Gerard,Hog,84.79700000000003,26.7,18.9,1015.8,2.6,4.0,11,1,0,8,0.258819045102521,-0.9659258262890682,0.7818314824680298,0.6234898018587336,83.175,79.003,61.42429166666667,20.75906881441623,train
2016-08-16 12:00:00,Hog_public_Gerard,Hog,85.829,28.3,18.3,1015.6,4.1,4.0,12,1,0,8,1.2246467991473532e-16,-1.0,0.7818314824680298,0.6234898018587336,84.79700000000003,82.884,61.547000000000004,20.89966185081143,train
2016-08-16 13:00:00,Hog_public_Gerard,Hog,84.101,28.9,17.2,1015.1,3.1,6.0,13,1,0,8,-0.2588190451025208,-0.9659258262890683,0.7818314824680298,0.6234898018587336,85.829,82.037,61.633,20.99168595047763,train
2016-08-16 14:00:00,Hog_public_Gerard,Hog,87.215,28.9,17.8,1014.9,0.0,6.0,14,1,0,8,-0.4999999999999997,-0.8660254037844388,0.7818314824680298,0.6234898018587336,84.101,85.645,61.698416666666674,21.07206072528614,train
2016-08-16 15:00:00,Hog_public_Gerard,Hog,86.734,29.4,17.8,1014.6,2.1,6.0,15,1,0,8,-0.7071067811865471,-0.7071067811865479,0.7818314824680298,0.6234898018587336,87.215,85.596,61.74583333333334,21.129375880547226,train
2016-08-16 16:00:00,Hog_public_Gerard,Hog,86.03,29.4,18.9,1013.8,3.1,6.0,16,1,0,8,-0.8660254037844385,-0.5000000000000004,0.7818314824680298,0.6234898018587336,86.734,85.81,61.755,21.1403145610261,train
2016-08-16 17:00:00,Hog_public_Gerard,Hog,85.745,25.6,20.6,1014.1,7.2,6.0,17,1,0,8,-0.9659258262890683,-0.25881904510252063,0.7818314824680298,0.6234898018587336,86.03,82.89200000000002,61.873875,21.27195017186088,train
2016-08-16 18:00:00,Hog_public_Gerard,Hog,73.374,19.4,17.2,1014.9000000000001,3.1,6.0,18,1,0,8,-1.0,-1.8369701987210297e-16,0.7818314824680298,0.6234898018587336,85.745,68.395,62.08133333333333,21.362400678613458,train
2016-08-16 19:00:00,Hog_public_Gerard,Hog,71.579,20.6,17.8,1015.7,6.2,6.0,19,1,0,8,-0.9659258262890684,0.2588190451025203,0.7818314824680298,0.6234898018587336,73.374,63.511,62.41750000000001,21.449180866086433,train
2016-08-16 20:00:00,Hog_public_Gerard,Hog,66.138,21.7,17.8,1015.3,0.0,6.0,20,1,0,8,-0.8660254037844386,0.5000000000000001,0.7818314824680298,0.6234898018587336,71.579,62.574,62.566,21.46264464639418,train
2016-08-16 21:00:00,Hog_public_Gerard,Hog,67.462,21.1,17.2,1016.1,3.1,6.0,21,1,0,8,-0.7071067811865477,0.7071067811865474,0.7818314824680298,0.6234898018587336,66.138,62.247,62.78329166666666,21.485661071836766,train
2016-08-16 22:00:00,Hog_public_Gerard,Hog,47.267,20.6,17.8,1015.8,3.1,6.0,22,1,0,8,-0.5000000000000004,0.8660254037844384,0.7818314824680298,0.6234898018587336,67.462,41.459,63.02529166666667,21.266628159138417,train
2016-08-16 23:00:00,Hog_public_Gerard,Hog,42.56100000000001,20.6,17.2,1016.4,0.0,6.0,23,1,0,8,-0.25881904510252157,0.9659258262890681,0.7818314824680298,0.6234898018587336,47.267,37.453,63.238125,21.023750404498557,train
2016-08-17 00:00:00,Hog_public_Gerard,Hog,41.047,20.0,17.8,1016.6,1.5,6.0,0,2,0,8,0.0,1.0,0.9749279121818236,-0.22252093395631434,42.56100000000001,37.029,63.405541666666664,20.820987509427948,train
2016-08-17 01:00:00,Hog_public_Gerard,Hog,43.95399999999999,19.4,17.8,1016.5,2.1,6.0,1,2,0,8,0.25881904510252074,0.9659258262890683,0.9749279121818236,-0.22252093395631434,41.047,46.49100000000001,63.29983333333333,20.91681615074481,train
2016-08-17 02:00:00,Hog_public_Gerard,Hog,52.744,19.4,17.8,1016.6,3.1,5.0,2,2,0,8,0.49999999999999994,0.8660254037844387,0.9749279121818236,-0.22252093395631434,43.95399999999999,51.063,63.36987500000001,20.876834820300978,train
2016-08-17 03:00:00,Hog_public_Gerard,Hog,46.208,19.4,17.2,1016.3,1.5,4.0,3,2,0,8,0.7071067811865476,0.7071067811865476,0.9749279121818236,-0.22252093395631434,52.744,50.861,63.175999999999995,21.019170585133885,train
2016-08-17 04:00:00,Hog_public_Gerard,Hog,39.514,18.9,17.2,1016.1,1.5,3.0,4,2,0,8,0.8660254037844386,0.5000000000000001,0.9749279121818236,-0.22252093395631434,46.208,39.171,63.19029166666667,21.002248901277998,train
2016-08-17 05:00:00,Hog_public_Gerard,Hog,30.042,18.9,17.2,1016.5,1.5,2.0,5,2,0,8,0.9659258262890683,0.25881904510252074,0.9749279121818236,-0.22252093395631434,39.514,29.879,63.19708333333333,20.991031766005456,train
2016-08-17 06:00:00,Hog_public_Gerard,Hog,29.17,18.9,17.2,1016.8,0.0,2.0,6,2,0,8,1.0,6.123233995736766e-17,0.9749279121818236,-0.22252093395631434,30.042,28.062,63.243249999999996,20.911465237270345,train
2016-08-17 07:00:00,Hog_public_Gerard,Hog,35.61199999999999,19.4,17.2,1017.3,0.0,2.0,7,2,0,8,0.9659258262890683,-0.25881904510252063,0.9749279121818236,-0.22252093395631434,29.17,35.225,63.259375,20.88905799031701,train
2016-08-17 08:00:00,Hog_public_Gerard,Hog,69.13,20.6,17.8,1017.6,2.1,2.0,8,2,0,8,0.8660254037844387,-0.4999999999999998,0.9749279121818236,-0.22252093395631434,35.61199999999999,66.517,63.368249999999996,20.913570310976908,train
2016-08-17 09:00:00,Hog_public_Gerard,Hog,81.47399999999998,22.2,18.3,1017.7,0.0,2.0,9,2,0,8,0.7071067811865476,-0.7071067811865475,0.9749279121818236,-0.22252093395631434,69.13,81.41,63.370916666666666,20.915974758057796,train
2016-08-17 10:00:00,Hog_public_Gerard,Hog,79.61,23.9,18.9,1017.7,0.0,0.0,10,2,0,8,0.49999999999999994,-0.8660254037844387,0.9749279121818236,-0.22252093395631434,81.47399999999998,83.175,63.222375,20.78144088575295,train
2016-08-17 11:00:00,Hog_public_Gerard,Hog,81.283,25.6,20.0,1017.7,0.0,2.0,11,2,0,8,0.258819045102521,-0.9659258262890682,0.9749279121818236,-0.22252093395631434,79.61,84.79700000000003,63.075958333333325,20.63468774846012,train
2016-08-17 12:00:00,Hog_public_Gerard,Hog,80.685,26.1,19.4,1017.4,2.6,2.0,12,2,0,8,1.2246467991473532e-16,-1.0,0.9749279121818236,-0.22252093395631434,81.283,85.829,62.861625,20.413606606363043,train
2016-08-17 13:00:00,Hog_public_Gerard,Hog,81.50399999999998,27.2,18.3,1017.0,0.0,4.0,13,2,0,8,-0.2588190451025208,-0.9659258262890683,0.9749279121818236,-0.22252093395631434,80.685,84.101,62.75341666666666,20.302707868049605,train
2016-08-17 14:00:00,Hog_public_Gerard,Hog,83.846,28.3,18.9,1016.8,0.0,4.0,14,2,0,8,-0.4999999999999997,-0.8660254037844388,0.9749279121818236,-0.22252093395631434,81.50399999999998,87.215,62.61304166666665,20.137196671354186,train
2016-08-17 15:00:00,Hog_public_Gerard,Hog,84.81200000000003,27.8,18.3,1016.4,1.5,4.0,15,2,0,8,-0.7071067811865471,-0.7071067811865479,0.9749279121818236,-0.22252093395631434,83.846,86.734,62.53295833333333,20.04069020003657,train
2016-08-17 16:00:00,Hog_public_Gerard,Hog,82.26700000000002,28.9,17.2,1016.0,2.1,4.0,16,2,0,8,-0.8660254037844385,-0.5000000000000004,0.9749279121818236,-0.22252093395631434,84.81200000000003,86.03,62.37616666666667,19.86279512198553,train
2016-08-17 17:00:00,Hog_public_Gerard,Hog,82.87100000000002,28.3,16.7,1015.9,0.0,4.0,17,2,0,8,-0.9659258262890683,-0.25881904510252063,0.9749279121818236,-0.22252093395631434,82.26700000000002,85.745,62.25641666666667,19.723960436410906,train
2016-08-17 18:00:00,Hog_public_Gerard,Hog,78.555,28.9,17.8,1015.8,2.1,4.0,18,2,0,8,-1.0,-1.8369701987210297e-16,0.9749279121818236,-0.22252093395631434,82.87100000000002,73.374,62.47229166666667,19.878676431049517,train
2016-08-17 19:00:00,Hog_public_Gerard,Hog,73.977,28.3,18.9,1015.5,4.1,2.0,19,2,0,8,-0.9659258262890684,0.2588190451025203,0.9749279121818236,-0.22252093395631434,78.555,71.579,62.57220833333333,19.932393822028764,train
2016-08-17 20:00:00,Hog_public_Gerard,Hog,74.092,27.2,18.3,1015.7,3.1,2.0,20,2,0,8,-0.8660254037844386,0.5000000000000001,0.9749279121818236,-0.22252093395631434,73.977,66.138,62.903625000000005,20.05997754737248,train
2016-08-17 21:00:00,Hog_public_Gerard,Hog,73.262,26.1,18.3,1016.0,2.6,2.0,21,2,0,8,-0.7071067811865477,0.7071067811865474,0.9749279121818236,-0.22252093395631434,74.092,67.462,63.14529166666667,20.15200665912687,train
2016-08-17 22:00:00,Hog_public_Gerard,Hog,52.065,26.1,18.9,1016.2,0.0,2.0,22,2,0,8,-0.5000000000000004,0.8660254037844384,0.9749279121818236,-0.22252093395631434,73.262,47.267,63.34520833333334,20.01094383402802,train
2016-08-17 23:00:00,Hog_public_Gerard,Hog,47.269,25.0,18.9,1016.1,0.0,2.0,23,2,0,8,-0.25881904510252157,0.9659258262890681,0.9749279121818236,-0.22252093395631434,52.065,42.56100000000001,63.54137500000001,19.820508359673077,train
2016-08-18 00:00:00,Hog_public_Gerard,Hog,42.827,25.0,19.4,1016.3,0.0,0.0,0,3,0,8,0.0,1.0,0.43388373911755823,-0.900968867902419,47.269,41.047,63.61554166666667,19.735826059708238,train
2016-08-18 01:00:00,Hog_public_Gerard,Hog,46.059,22.8,18.9,1016.2,2.1,0.0,1,3,0,8,0.25881904510252074,0.9659258262890683,0.43388373911755823,-0.900968867902419,42.827,43.95399999999999,63.703250000000004,19.64913584171293,train
2016-08-18 02:00:00,Hog_public_Gerard,Hog,45.207,22.2,18.9,1015.9,1.5,0.0,2,3,0,8,0.49999999999999994,0.8660254037844387,0.43388373911755823,-0.900968867902419,46.059,52.744,63.38920833333333,19.89065279270463,train
2016-08-18 03:00:00,Hog_public_Gerard,Hog,44.15600000000001,22.2,18.3,1015.8,0.0,0.0,3,3,0,8,0.7071067811865476,0.7071067811865476,0.43388373911755823,-0.900968867902419,45.207,46.208,63.30370833333333,19.971961338182123,train
2016-08-18 04:00:00,Hog_public_Gerard,Hog,39.817,21.7,18.9,1015.5,1.5,0.0,4,3,0,8,0.8660254037844386,0.5000000000000001,0.43388373911755823,-0.900968867902419,44.15600000000001,39.514,63.316333333333326,19.956358835494402,train
2016-08-18 05:00:00,Hog_public_Gerard,Hog,31.82,21.7,18.9,1015.3,0.0,0.0,5,3,0,8,0.9659258262890683,0.25881904510252074,0.43388373911755823,-0.900968867902419,39.817,30.042,63.390416666666674,19.830367542290276,train
2016-08-18 06:00:00,Hog_public_Gerard,Hog,29.903,20.6,18.3,1014.6,2.6,2.0,6,3,0,8,1.0,6.123233995736766e-17,0.43388373911755823,-0.900968867902419,31.82,29.17,63.42095833333334,19.775861151983676,train
2016-08-18 07:00:00,Hog_public_Gerard,Hog,35.878,20.6,18.3,1014.7,2.1,2.0,7,3,0,8,0.9659258262890683,-0.25881904510252063,0.43388373911755823,-0.900968867902419,29.903,35.61199999999999,63.43204166666667,19.759665968130694,train
2016-08-18 08:00:00,Hog_public_Gerard,Hog,64.467,21.7,18.9,1015.0,0.0,2.0,8,3,0,8,0.8660254037844387,-0.4999999999999998,0.43388373911755823,-0.900968867902419,35.878,69.13,63.237750000000005,19.7240965060066,train
2016-08-18 09:00:00,Hog_public_Gerard,Hog,79.464,23.9,19.4,1013.9,1.5,2.0,9,3,0,8,0.7071067811865476,-0.7071067811865475,0.43388373911755823,-0.900968867902419,64.467,81.47399999999998,63.154,19.647415634898035,train
2016-08-18 10:00:00,Hog_public_Gerard,Hog,77.527,26.1,20.0,1013.7,2.6,4.0,10,3,0,8,0.49999999999999994,-0.8660254037844387,0.43388373911755823,-0.900968867902419,79.464,79.61,63.06720833333335,19.576032430942686,train
2016-08-18 11:00:00,Hog_public_Gerard,Hog,80.32300000000002,27.2,20.0,1013.9,4.6,4.0,11,3,0,8,0.258819045102521,-0.9659258262890682,0.43388373911755823,-0.900968867902419,77.527,81.283,63.027208333333334,19.538137657633193,train
2016-08-18 12:00:00,Hog_public_Gerard,Hog,80.107,28.3,20.0,1013.6,4.1,5.0,12,3,0,8,1.2246467991473532e-16,-1.0,0.43388373911755823,-0.900968867902419,80.32300000000002,80.685,63.003125000000004,19.5157691965119,train
2016-08-18 13:00:00,Hog_public_Gerard,Hog,80.303,27.8,18.9,1013.2,4.1,6.0,13,3,0,8,-0.2588190451025208,-0.9659258262890683,0.43388373911755823,-0.900968867902419,80.107,81.50399999999998,62.95308333333333,19.467748008295512,train
2016-08-18 14:00:00,Hog_public_Gerard,Hog,86.66799999999998,27.8,20.0,1013.8,2.6,6.333333333333333,14,3,0,8,-0.4999999999999997,-0.8660254037844388,0.43388373911755823,-0.900968867902419,80.303,83.846,63.070666666666675,19.607446869840654,train
2016-08-18 15:00:00,Hog_public_Gerard,Hog,87.381,27.8,19.4,1012.7,0.0,6.666666666666667,15,3,0,8,-0.7071067811865471,-0.7071067811865479,0.43388373911755823,-0.900968867902419,86.66799999999998,84.81200000000003,63.177708333333335,19.73787697820829,train
2016-08-18 16:00:00,Hog_public_Gerard,Hog,85.45,27.2,20.0,1011.1,6.2,7.0,16,3,0,8,-0.8660254037844385,-0.5000000000000004,0.43388373911755823,-0.900968867902419,87.381,82.26700000000002,63.31033333333334,19.881889168978308,train
2016-08-18 17:00:00,Hog_public_Gerard,Hog,84.745,26.1,19.4,1010.4,6.7,7.333333333333333,17,3,0,8,-0.9659258262890683,-0.25881904510252063,0.43388373911755823,-0.900968867902419,85.45,82.87100000000002,63.388416666666664,19.965554920840596,train
2016-08-18 18:00:00,Hog_public_Gerard,Hog,68.609,25.0,18.9,1008.5,3.6,7.666666666666666,18,3,0,8,-1.0,-1.8369701987210297e-16,0.43388373911755823,-0.900968867902419,84.745,78.555,62.97400000000001,19.738998331486727,train
2016-08-18 19:00:00,Hog_public_Gerard,Hog,63.258,25.0,19.4,1009.0,0.0,8.0,19,3,0,8,-0.9659258262890684,0.2588190451025203,0.43388373911755823,-0.900968867902419,68.609,73.977,62.527375,19.599991727621397,train
2016-08-18 20:00:00,Hog_public_Gerard,Hog,62.735,24.4,19.4,1010.4,3.1,8.0,20,3,0,8,-0.8660254037844386,0.5000000000000001,0.43388373911755823,-0.900968867902419,63.258,74.092,62.05416666666667,19.44513001659593,train
2016-08-18 21:00:00,Hog_public_Gerard,Hog,63.17,24.4,18.3,1010.1,2.1,8.0,21,3,0,8,-0.7071067811865477,0.7071067811865474,0.43388373911755823,-0.900968867902419,62.735,73.262,61.63366666666666,19.30080730608614,train
2016-08-18 22:00:00,Hog_public_Gerard,Hog,42.718,24.4,19.4,1010.5,2.1,8.0,22,3,0,8,-0.5000000000000004,0.8660254037844384,0.43388373911755823,-0.900968867902419,63.17,52.065,61.244208333333326,19.594353155014005,train
2016-08-18 23:00:00,Hog_public_Gerard,Hog,39.475,23.9,19.4,1010.5,0.0,8.0,23,3,0,8,-0.25881904510252157,0.9659258262890681,0.43388373911755823,-0.900968867902419,42.718,47.269,60.91945833333333,19.898274362539222,train
2016-08-19 00:00:00,Hog_public_Gerard,Hog,36.98,23.3,19.4,1010.1,1.5,8.0,0,4,0,8,0.0,1.0,-0.433883739117558,-0.9009688679024191,39.475,42.827,60.67583333333332,20.163447946753823,train
2016-08-19 01:00:00,Hog_public_Gerard,Hog,42.429,22.8,20.0,1010.3,0.0,8.0,1,4,0,8,0.25881904510252074,0.9659258262890683,-0.433883739117558,-0.9009688679024191,36.98,46.059,60.52458333333333,20.29106960755993,train
2016-08-19 02:00:00,Hog_public_Gerard,Hog,44.17100000000001,22.8,20.0,1009.7,1.5,8.0,2,4,0,8,0.49999999999999994,0.8660254037844387,-0.433883739117558,-0.9009688679024191,42.429,45.207,60.48141666666667,20.326144271584738,train
2016-08-19 03:00:00,Hog_public_Gerard,Hog,39.129,20.0,17.2,1011.2,11.3,8.0,3,4,0,8,0.7071067811865476,0.7071067811865476,-0.433883739117558,-0.9009688679024191,44.17100000000001,44.15600000000001,60.27195833333334,20.526602847925204,train
2016-08-19 04:00:00,Hog_public_Gerard,Hog,32.551,20.0,17.2,1010.3,8.2,8.0,4,4,0,8,0.8660254037844386,0.5000000000000001,-0.433883739117558,-0.9009688679024191,39.129,39.817,59.96920833333334,20.89174914312011,train
2016-08-19 05:00:00,Hog_public_Gerard,Hog,29.591,20.0,17.8,1007.8,6.2,8.0,5,4,0,8,0.9659258262890683,0.25881904510252074,-0.433883739117558,-0.9009688679024191,32.551,31.82,59.87633333333333,21.026845972143178,train
2016-08-19 06:00:00,Hog_public_Gerard,Hog,28.429,20.6,18.3,1009.8,4.6,8.0,6,4,0,8,1.0,6.123233995736766e-17,-0.433883739117558,-0.9009688679024191,29.591,29.903,59.81491666666667,21.12014628555376,train
2016-08-19 07:00:00,Hog_public_Gerard,Hog,35.957,20.0,17.8,1009.5,5.1,8.0,7,4,0,8,0.9659258262890683,-0.25881904510252063,-0.433883739117558,-0.9009688679024191,28.429,35.878,59.81820833333333,21.116259208361505,train
2016-08-19 08:00:00,Hog_public_Gerard,Hog,67.322,20.0,17.8,1010.2,2.1,8.0,8,4,0,8,0.8660254037844387,-0.4999999999999998,-0.433883739117558,-0.9009688679024191,35.957,64.467,59.93716666666668,21.151599042577676,train
2016-08-19 09:00:00,Hog_public_Gerard,Hog,75.617,20.0,17.8,1011.0,3.6,8.0,9,4,0,8,0.7071067811865476,-0.7071067811865475,-0.433883739117558,-0.9009688679024191,67.322,79.464,59.776875,21.011297766993422,train
2016-08-19 10:00:00,Hog_public_Gerard,Hog,80.58800000000002,20.6,17.8,1011.9,3.1,8.0,10,4,0,8,0.49999999999999994,-0.8660254037844387,-0.433883739117558,-0.9009688679024191,75.617,77.527,59.90441666666666,21.13266805500882,train
2016-08-19 11:00:00,Hog_public_Gerard,Hog,81.54899999999998,22.2,17.8,1011.5,3.1,8.0,11,4,0,8,0.258819045102521,-0.9659258262890682,-0.433883739117558,-0.9009688679024191,80.58800000000002,80.32300000000002,59.9555,21.18558674726968,train
2016-08-19 12:00:00,Hog_public_Gerard,Hog,78.227,22.2,17.8,1011.5,2.6,8.0,12,4,0,8,1.2246467991473532e-16,-1.0,-0.433883739117558,-0.9009688679024191,81.54899999999998,80.107,59.877166666666675,21.111182352460563,train
2016-08-19 13:00:00,Hog_public_Gerard,Hog,78.208,22.8,17.8,1011.2,3.1,8.0,13,4,0,8,-0.2588190451025208,-0.9659258262890683,-0.433883739117558,-0.9009688679024191,78.227,80.303,59.789874999999995,21.027216705379765,train
2016-08-19 14:00:00,Hog_public_Gerard,Hog,82.90799999999999,25.0,18.9,1010.7,3.1,8.0,14,4,0,8,-0.4999999999999997,-0.8660254037844388,-0.433883739117558,-0.9009688679024191,78.208,86.66799999999998,59.633208333333336,20.831344910514037,train
2016-08-19 15:00:00,Hog_public_Gerard,Hog,82.26299999999998,25.6,17.8,1010.0,2.1,8.0,15,4,0,8,-0.7071067811865471,-0.7071067811865479,-0.433883739117558,-0.9009688679024191,82.90799999999999,87.381,59.419958333333334,20.559362114701123,train
2016-08-19 16:00:00,Hog_public_Gerard,Hog,86.161,24.4,17.2,1009.3,2.1,8.0,16,4,0,8,-0.8660254037844385,-0.5000000000000004,-0.433883739117558,-0.9009688679024191,82.26299999999998,85.45,59.44958333333333,20.598974963768782,train
2016-08-19 17:00:00,Hog_public_Gerard,Hog,83.14,23.9,18.3,1009.6,3.6,8.0,17,4,0,8,-0.9659258262890683,-0.25881904510252063,-0.433883739117558,-0.9009688679024191,86.161,84.745,59.38270833333333,20.51571942698784,train
2016-08-19 18:00:00,Hog_public_Gerard,Hog,66.25,22.8,18.3,1009.0,5.1,8.0,18,4,0,8,-1.0,-1.8369701987210297e-16,-0.433883739117558,-0.9009688679024191,83.14,68.609,59.284416666666665,20.475205015519098,train
2016-08-19 19:00:00,Hog_public_Gerard,Hog,39.467,21.1,17.2,1010.0,2.1,8.0,19,4,0,8,-0.9659258262890684,0.2588190451025203,-0.433883739117558,-0.9009688679024191,66.25,63.258,58.293125,20.84699883376508,train
2016-08-19 20:00:00,Hog_public_Gerard,Hog,37.668,19.4,16.7,1010.2,4.1,8.0,20,4,0,8,-0.8660254037844386,0.5000000000000001,-0.433883739117558,-0.9009688679024191,39.467,62.735,57.24866666666666,21.23903643451533,train
2016-08-19 21:00:00,Hog_public_Gerard,Hog,39.491,18.3,16.7,1010.4,4.1,8.0,21,4,0,8,-0.7071067811865477,0.7071067811865474,-0.433883739117558,-0.9009688679024191,37.668,63.17,56.26204166666667,21.50038788624664,train
2016-08-19 22:00:00,Hog_public_Gerard,Hog,37.626,18.9,16.1,1010.4,4.6,8.0,22,4,0,8,-0.5000000000000004,0.8660254037844384,-0.433883739117558,-0.9009688679024191,39.491,42.718,56.04987500000001,21.66435085635333,train
2016-08-19 23:00:00,Hog_public_Gerard,Hog,38.289,18.3,16.1,1010.3,5.7,8.0,23,4,0,8,-0.25881904510252157,0.9659258262890681,-0.433883739117558,-0.9009688679024191,37.626,39.475,56.000458333333334,21.70511645347846,train
2016-08-20 00:00:00,Hog_public_Gerard,Hog,37.825,19.4,15.6,1009.7,4.1,8.0,0,5,1,8,0.0,1.0,-0.9749279121818236,-0.2225209339563146,38.289,36.98,56.035666666666664,21.67358394685689,train
2016-08-20 01:00:00,Hog_public_Gerard,Hog,36.529,18.9,15.6,1009.1,3.6,8.0,1,5,1,8,0.25881904510252074,0.9659258262890683,-0.9749279121818236,-0.2225209339563146,37.825,42.429,55.78983333333333,21.86722363178102,train
2016-08-20 02:00:00,Hog_public_Gerard,Hog,33.838,18.9,15.6,1008.5,0.0,8.0,2,5,1,8,0.49999999999999994,0.8660254037844387,-0.9749279121818236,-0.2225209339563146,36.529,44.17100000000001,55.35929166666667,22.205045164045995,train
2016-08-20 03:00:00,Hog_public_Gerard,Hog,31.978,18.3,16.1,1008.2,2.1,8.0,3,5,1,8,0.7071067811865476,0.7071067811865476,-0.9749279121818236,-0.2225209339563146,33.838,39.129,55.06133333333333,22.47859313961253,train
2016-08-20 04:00:00,Hog_public_Gerard,Hog,31.197,18.3,16.7,1007.9,1.5,8.0,4,5,1,8,0.8660254037844386,0.5000000000000001,-0.9749279121818236,-0.2225209339563146,31.978,32.551,55.00491666666667,22.539163355709682,train
2016-08-20 05:00:00,Hog_public_Gerard,Hog,31.525,18.3,16.7,1007.6,1.5,8.0,5,5,1,8,0.9659258262890683,0.25881904510252074,-0.9749279121818236,-0.2225209339563146,31.197,29.591,55.085499999999996,22.447622928284378,train
2016-08-20 06:00:00,Hog_public_Gerard,Hog,31.335,18.3,16.7,1006.9,2.1,8.0,6,5,1,8,1.0,6.123233995736766e-17,-0.9749279121818236,-0.2225209339563146,31.525,28.429,55.20658333333333,22.30496943833215,train
2016-08-20 07:00:00,Hog_public_Gerard,Hog,31.103,17.8,16.1,1007.3,3.1,8.0,7,5,1,8,0.9659258262890683,-0.25881904510252063,-0.9749279121818236,-0.2225209339563146,31.335,35.957,55.004333333333335,22.508184759958088,train
2016-08-20 08:00:00,Hog_public_Gerard,Hog,30.056,17.8,14.4,1007.5,6.7,8.0,8,5,1,8,0.8660254037844387,-0.4999999999999998,-0.9749279121818236,-0.2225209339563146,31.103,67.322,53.45158333333333,22.90343852087966,train
2016-08-20 09:00:00,Hog_public_Gerard,Hog,31.052,15.6,13.9,1007.7,8.2,8.0,9,5,1,8,0.7071067811865476,-0.7071067811865475,-0.9749279121818236,-0.2225209339563146,30.056,75.617,51.59470833333333,22.834695581560556,train
2016-08-20 10:00:00,Hog_public_Gerard,Hog,37.162,15.6,13.9,1007.8,4.1,8.0,10,5,1,8,0.49999999999999994,-0.8660254037844387,-0.9749279121818236,-0.2225209339563146,31.052,80.58800000000002,49.785291666666666,22.147580879732235,train
2016-08-20 11:00:00,Hog_public_Gerard,Hog,63.635,15.6,13.9,1008.2,4.6,8.0,11,5,1,8,0.258819045102521,-0.9659258262890682,-0.9749279121818236,-0.2225209339563146,37.162,81.54899999999998,49.038875,21.3168261144195,train
2016-08-20 12:00:00,Hog_public_Gerard,Hog,63.653,17.2,14.4,1008.2,3.6,8.0,12,5,1,8,1.2246467991473532e-16,-1.0,-0.9749279121818236,-0.2225209339563146,63.635,78.227,48.431625,20.646232086630384,train
2016-08-20 13:00:00,Hog_public_Gerard,Hog,61.71,17.2,15.0,1007.7,4.1,8.0,13,5,1,8,-0.2588190451025208,-0.9659258262890683,-0.9749279121818236,-0.2225209339563146,63.653,78.208,47.74420833333334,19.871850770415747,train
2016-08-20 14:00:00,Hog_public_Gerard,Hog,61.37600000000001,19.4,15.0,1007.2,4.6,7.666666666666667,14,5,1,8,-0.4999999999999997,-0.8660254037844388,-0.9749279121818236,-0.2225209339563146,61.71,82.90799999999999,46.84704166666666,18.664656354304572,train
2016-08-20 15:00:00,Hog_public_Gerard,Hog,61.332,16.1,13.9,1007.8,6.2,7.333333333333333,15,5,1,8,-0.7071067811865471,-0.7071067811865479,-0.9749279121818236,-0.2225209339563146,61.37600000000001,82.26299999999998,45.97491666666667,17.38285711222597,train
2016-08-20 16:00:00,Hog_public_Gerard,Hog,61.555,17.2,15.0,1007.2,4.6,7.0,16,5,1,8,-0.8660254037844385,-0.5000000000000004,-0.9749279121818236,-0.2225209339563146,61.332,86.161,44.949666666666666,15.537270748714137,train
2016-08-20 17:00:00,Hog_public_Gerard,Hog,61.161,20.0,15.6,1007.0,4.1,6.666666666666667,17,5,1,8,-0.9659258262890683,-0.25881904510252063,-0.9749279121818236,-0.2225209339563146,61.555,83.14,44.033875,13.731166669811351,train
2016-08-20 18:00:00,Hog_public_Gerard,Hog,61.99,17.2,13.9,1007.5,3.1,6.333333333333334,18,5,1,8,-1.0,-1.8369701987210297e-16,-0.9749279121818236,-0.2225209339563146,61.161,66.25,43.85637499999999,13.456279674536928,train
2016-08-20 19:00:00,Hog_public_Gerard,Hog,38.425,17.8,14.4,1007.8,4.1,6.0,19,5,1,8,-0.9659258262890684,0.2588190451025203,-0.9749279121818236,-0.2225209339563146,61.99,39.467,43.812958333333334,13.47272869130454,train
2016-08-20 20:00:00,Hog_public_Gerard,Hog,36.397,17.2,13.9,1008.1,3.1,5.0,20,5,1,8,-0.8660254037844386,0.5000000000000001,-0.9749279121818236,-0.2225209339563146,38.425,37.668,43.76,13.500402953728875,train
2016-08-20 21:00:00,Hog_public_Gerard,Hog,37.814,16.1,13.3,1008.8,4.6,4.0,21,5,1,8,-0.7071067811865477,0.7071067811865474,-0.9749279121818236,-0.2225209339563146,36.397,39.491,43.690125,13.527771133977271,train
2016-08-20 22:00:00,Hog_public_Gerard,Hog,37.718,16.7,12.8,1009.0,3.6,3.0,22,5,1,8,-0.5000000000000004,0.8660254037844384,-0.9749279121818236,-0.2225209339563146,37.814,37.626,43.693958333333335,13.525990962585158,train
2016-08-20 23:00:00,Hog_public_Gerard,Hog,38.011,15.0,12.8,1009.3,2.6,2.0,23,5,1,8,-0.25881904510252157,0.9659258262890681,-0.9749279121818236,-0.2225209339563146,37.718,38.289,43.682375,13.530939016910677,train
2016-08-21 00:00:00,Hog_public_Gerard,Hog,38.506,15.0,12.2,1009.6,2.6,2.0,0,6,1,8,0.0,1.0,-0.7818314824680299,0.6234898018587334,38.011,37.825,43.71075,13.518830407508055,train
2016-08-21 01:00:00,Hog_public_Gerard,Hog,32.835,15.0,12.8,1010.3,3.1,6.0,1,6,1,8,0.25881904510252074,0.9659258262890683,-0.7818314824680299,0.6234898018587334,38.506,36.529,43.55683333333334,13.62476593390254,train
2016-08-21 02:00:00,Hog_public_Gerard,Hog,32.1,15.6,12.2,1010.5,4.1,5.333333333333333,2,6,1,8,0.49999999999999994,0.8660254037844387,-0.7818314824680299,0.6234898018587334,32.835,33.838,43.48441666666667,13.683161857828921,train
2016-08-21 03:00:00,Hog_public_Gerard,Hog,32.02,15.6,12.2,1011.0,4.1,4.666666666666667,3,6,1,8,0.7071067811865476,0.7071067811865476,-0.7818314824680299,0.6234898018587334,32.1,31.978,43.48616666666666,13.68162886840458,train
2016-08-21 04:00:00,Hog_public_Gerard,Hog,31.484,14.4,12.2,1011.3,2.6,4.0,4,6,1,8,0.8660254037844386,0.5000000000000001,-0.7818314824680299,0.6234898018587334,32.02,31.197,43.498124999999995,13.670541528387082,train
2016-08-21 05:00:00,Hog_public_Gerard,Hog,31.466,13.3,11.7,1011.7,3.1,4.0,5,6,1,8,0.9659258262890683,0.25881904510252074,-0.7818314824680299,0.6234898018587334,31.484,31.525,43.495666666666665,13.672793352419944,train
2016-08-21 06:00:00,Hog_public_Gerard,Hog,31.803,13.3,11.7,1012.2,3.1,2.0,6,6,1,8,1.0,6.123233995736766e-17,-0.7818314824680299,0.6234898018587334,31.466,31.335,43.515166666666666,13.655018044554515,train
2016-08-21 07:00:00,Hog_public_Gerard,Hog,31.277,13.3,11.7,1013.2,2.6,2.0,7,6,1,8,0.9659258262890683,-0.25881904510252063,-0.7818314824680299,0.6234898018587334,31.803,31.103,43.522416666666665,13.648185880139842,train
2016-08-21 08:00:00,Hog_public_Gerard,Hog,29.481,14.4,11.7,1013.9,4.1,4.0,8,6,1,8,0.8660254037844387,-0.4999999999999998,-0.7818314824680299,0.6234898018587334,31.277,30.056,43.49845833333333,13.673334439479223,train
2016-08-21 09:00:00,Hog_public_Gerard,Hog,29.325,16.7,12.2,1014.5,2.6,4.0,9,6,1,8,0.7071067811865476,-0.7071067811865475,-0.7818314824680299,0.6234898018587334,29.481,31.052,43.426500000000004,13.746035067864645,train
2016-08-21 10:00:00,Hog_public_Gerard,Hog,28.564,18.3,12.2,1014.7,2.1,4.0,10,6,1,8,0.49999999999999994,-0.8660254037844387,-0.7818314824680299,0.6234898018587334,29.325,37.162,43.068250000000006,14.025597335958384,train
2016-08-21 11:00:00,Hog_public_Gerard,Hog,27.971,20.0,12.2,1015.1,4.1,4.0,11,6,1,8,0.258819045102521,-0.9659258262890682,-0.7818314824680299,0.6234898018587334,28.564,63.635,41.58225,13.635692936108333,train
2016-08-21 12:00:00,Hog_public_Gerard,Hog,62.971,20.6,10.0,1015.2,5.1,5.0,12,6,1,8,1.2246467991473532e-16,-1.0,-0.7818314824680299,0.6234898018587334,27.971,63.653,41.55383333333334,13.588326261159567,train
2016-08-21 13:00:00,Hog_public_Gerard,Hog,63.694,21.7,8.9,1015.3,3.6,6.0,13,6,1,8,-0.2588190451025208,-0.9659258262890683,-0.7818314824680299,0.6234898018587334,62.971,61.71,41.6365,13.721661640410815,train
2016-08-21 14:00:00,Hog_public_Gerard,Hog,60.584,21.7,7.8,1015.4,5.1,5.5,14,6,1,8,-0.4999999999999997,-0.8660254037844388,-0.7818314824680299,0.6234898018587334,63.694,61.37600000000001,41.603500000000004,13.672991018475546,train
2016-08-21 15:00:00,Hog_public_Gerard,Hog,59.20399999999999,22.2,8.9,1015.3,3.6,5.0,15,6,1,8,-0.7071067811865471,-0.7071067811865479,-0.7818314824680299,0.6234898018587334,60.584,61.332,41.514833333333335,13.545801408447936,train
2016-08-21 16:00:00,Hog_public_Gerard,Hog,59.312,22.8,8.9,1015.1,5.1,4.5,16,6,1,8,-0.8660254037844385,-0.5000000000000004,-0.7818314824680299,0.6234898018587334,59.20399999999999,61.555,41.421375,13.40856662836049,train
2016-08-21 17:00:00,Hog_public_Gerard,Hog,58.301,21.7,8.9,1015.0,2.1,4.0,17,6,1,8,-0.9659258262890683,-0.25881904510252063,-0.7818314824680299,0.6234898018587334,59.312,61.161,41.30220833333333,13.23711890030477,train
2016-08-21 18:00:00,Hog_public_Gerard,Hog,58.409,22.8,9.4,1015.0,3.6,4.0,18,6,1,8,-1.0,-1.8369701987210297e-16,-0.7818314824680299,0.6234898018587334,58.301,61.99,41.153,13.012057231326377,train
2016-08-21 19:00:00,Hog_public_Gerard,Hog,39.405,22.8,9.4,1014.8,3.1,2.0,19,6,1,8,-0.9659258262890684,0.2588190451025203,-0.7818314824680299,0.6234898018587334,58.409,38.425,41.19383333333334,13.004659819253307,train
2016-08-21 20:00:00,Hog_public_Gerard,Hog,37.06,21.7,10.0,1014.9,2.1,4.0,20,6,1,8,-0.8660254037844386,0.5000000000000001,-0.7818314824680299,0.6234898018587334,39.405,36.397,41.22145833333334,12.994727566206851,train
2016-08-21 21:00:00,Hog_public_Gerard,Hog,37.855,21.1,10.6,1015.2,2.1,4.0,21,6,1,8,-0.7071067811865477,0.7071067811865474,-0.7818314824680299,0.6234898018587334,37.06,37.814,41.223166666666664,12.99426281987142,train
2016-08-21 22:00:00,Hog_public_Gerard,Hog,39.329,20.0,11.7,1015.6,2.6,2.0,22,6,1,8,-0.5000000000000004,0.8660254037844384,-0.7818314824680299,0.6234898018587334,37.855,37.718,41.29029166666667,12.97952142709653,train
2016-08-21 23:00:00,Hog_public_Gerard,Hog,39.534,18.9,12.2,1015.7,2.1,2.0,23,6,1,8,-0.25881904510252157,0.9659258262890681,-0.7818314824680299,0.6234898018587334,39.329,38.011,41.35375,12.966508058808243,train
2016-08-22 00:00:00,Hog_public_Gerard,Hog,37.677,18.3,11.7,1015.7,1.5,2.0,0,0,0,8,0.0,1.0,0.0,1.0,39.534,38.506,41.319208333333336,12.975525111194559,train
2016-08-22 01:00:00,Hog_public_Gerard,Hog,42.809,18.3,11.7,1015.9,1.5,0.0,1,0,0,8,0.25881904510252074,0.9659258262890683,0.0,1.0,37.677,32.835,41.734791666666666,12.851104594646516,train
2016-08-22 02:00:00,Hog_public_Gerard,Hog,40.908,16.7,12.2,1015.7,1.5,0.0,2,0,0,8,0.49999999999999994,0.8660254037844387,0.0,1.0,42.809,32.1,42.101791666666664,12.688735661753265,train
2016-08-22 03:00:00,Hog_public_Gerard,Hog,38.012,16.1,11.7,1015.8,0.0,0.0,3,0,0,8,0.7071067811865476,0.7071067811865476,0.0,1.0,40.908,32.02,42.35145833333333,12.53981513274475,train
2016-08-22 04:00:00,Hog_public_Gerard,Hog,36.482,17.2,11.7,1016.0,2.1,0.0,4,0,0,8,0.8660254037844386,0.5000000000000001,0.0,1.0,38.012,31.484,42.55970833333334,12.392122706465983,train
2016-08-22 05:00:00,Hog_public_Gerard,Hog,30.377,16.7,11.7,1015.9,1.5,0.0,5,0,0,8,0.9659258262890683,0.25881904510252074,0.0,1.0,36.482,31.466,42.51433333333333,12.436424103928024,train
2016-08-22 06:00:00,Hog_public_Gerard,Hog,30.32,15.6,11.7,1015.7,2.1,0.0,6,0,0,8,1.0,6.123233995736766e-17,0.0,1.0,30.377,31.803,42.45254166666667,12.495502303800505,train
2016-08-22 07:00:00,Hog_public_Gerard,Hog,34.239000000000004,15.6,11.7,1015.4,3.1,2.0,7,0,0,8,0.9659258262890683,-0.25881904510252063,0.0,1.0,30.32,31.277,42.57595833333333,12.394543443471798,train
2016-08-22 08:00:00,Hog_public_Gerard,Hog,65.253,17.8,12.2,1015.2,4.6,2.0,8,0,0,8,0.8660254037844387,-0.4999999999999998,0.0,1.0,34.239000000000004,29.481,44.06645833333334,12.8922295166988,train
2016-08-22 09:00:00,Hog_public_Gerard,Hog,80.446,19.4,12.2,1015.1,5.7,4.0,9,0,0,8,0.7071067811865476,-0.7071067811865475,0.0,1.0,65.253,29.325,46.19649999999999,14.476504175056975,train
2016-08-22 10:00:00,Hog_public_Gerard,Hog,82.354,21.1,13.3,1014.7,4.6,4.0,10,0,0,8,0.49999999999999994,-0.8660254037844387,0.0,1.0,80.446,28.564,48.437749999999994,15.736959949638567,train
2016-08-22 11:00:00,Hog_public_Gerard,Hog,80.583,23.3,14.4,1013.9,6.2,2.0,11,0,0,8,0.258819045102521,-0.9659258262890682,0.0,1.0,82.354,27.971,50.62991666666667,16.41193741554878,train
2016-08-22 12:00:00,Hog_public_Gerard,Hog,81.125,25.6,13.9,1012.9,8.2,2.0,12,0,0,8,1.2246467991473532e-16,-1.0,0.0,1.0,80.583,62.971,51.38633333333333,17.394407703693865,train
2016-08-22 13:00:00,Hog_public_Gerard,Hog,79.59899999999998,26.7,14.4,1012.6,8.8,2.0,13,0,0,8,-0.2588190451025208,-0.9659258262890683,0.0,1.0,81.125,63.694,52.04904166666666,18.169420285742003,train
2016-08-22 14:00:00,Hog_public_Gerard,Hog,83.20700000000002,27.8,14.4,1012.3,9.8,2.0,14,0,0,8,-0.4999999999999997,-0.8660254037844388,0.0,1.0,79.59899999999998,60.584,52.991666666666674,19.18965756240387,train
2016-08-22 15:00:00,Hog_public_Gerard,Hog,85.345,28.3,14.4,1012.0,9.3,4.0,15,0,0,8,-0.7071067811865471,-0.7071067811865479,0.0,1.0,83.20700000000002,59.20399999999999,54.08087499999999,20.26912421332024,train
2016-08-22 16:00:00,Hog_public_Gerard,Hog,84.62200000000001,28.3,15.6,1011.7,8.2,2.0,16,0,0,8,-0.8660254037844385,-0.5000000000000004,0.0,1.0,85.345,59.312,55.13545833333333,21.190609343433685,train
2016-08-22 17:00:00,Hog_public_Gerard,Hog,83.46,28.3,16.1,1011.6,7.2,2.0,17,0,0,8,-0.9659258262890683,-0.25881904510252063,0.0,1.0,84.62200000000001,58.301,56.18375,21.962269321745275,train
2016-08-22 18:00:00,Hog_public_Gerard,Hog,70.128,28.3,15.0,1011.5,8.8,2.0,18,0,0,8,-1.0,-1.8369701987210297e-16,0.0,1.0,83.46,58.409,56.672041666666665,22.143423183928455,train
2016-08-22 19:00:00,Hog_public_Gerard,Hog,63.691,27.2,15.0,1011.6,6.7,2.0,19,0,0,8,-0.9659258262890684,0.2588190451025203,0.0,1.0,70.128,39.405,57.68395833333333,21.873308150185576,train
2016-08-22 20:00:00,Hog_public_Gerard,Hog,63.356,26.1,15.0,1011.9,6.7,2.0,20,0,0,8,-0.8660254037844386,0.5000000000000001,0.0,1.0,63.691,37.06,58.779625,21.449809734258086,train
2016-08-22 21:00:00,Hog_public_Gerard,Hog,63.253,25.0,15.0,1012.4,5.7,2.0,21,0,0,8,-0.7071067811865477,0.7071067811865474,0.0,1.0,63.356,37.855,59.837875000000004,20.994267835297816,train
2016-08-22 22:00:00,Hog_public_Gerard,Hog,43.199,25.0,15.0,1012.8,6.2,0.0,22,0,0,8,-0.5000000000000004,0.8660254037844384,0.0,1.0,63.253,39.329,59.999125,20.84422311235446,train
2016-08-22 23:00:00,Hog_public_Gerard,Hog,41.628,23.9,15.0,1013.0,7.2,0.0,23,0,0,8,-0.25881904510252157,0.9659258262890681,0.0,1.0,43.199,39.534,60.086375000000004,20.759043964776527,train
2016-08-23 00:00:00,Hog_public_Gerard,Hog,41.127,23.3,15.6,1013.4,5.7,0.0,0,1,0,8,0.0,1.0,0.7818314824680298,0.6234898018587336,41.628,37.677,60.23012500000001,20.608518416701497,train
2016-08-23 01:00:00,Hog_public_Gerard,Hog,44.69300000000001,22.8,15.0,1013.4,4.6,0.0,1,1,0,8,0.25881904510252074,0.9659258262890683,0.7818314824680298,0.6234898018587336,41.127,42.809,60.308625000000006,20.542757618985682,train
2016-08-23 02:00:00,Hog_public_Gerard,Hog,43.002,22.8,15.0,1013.3,5.1,0.0,2,1,0,8,0.49999999999999994,0.8660254037844387,0.7818314824680298,0.6234898018587336,44.69300000000001,40.908,60.395875,20.461060366743574,train
2016-08-23 03:00:00,Hog_public_Gerard,Hog,38.692,22.8,15.0,1013.3,5.7,0.0,3,1,0,8,0.7071067811865476,0.7071067811865476,0.7818314824680298,0.6234898018587336,43.002,38.012,60.42420833333333,20.429162727271077,train
2016-08-23 04:00:00,Hog_public_Gerard,Hog,35.42800000000001,22.2,15.0,1013.2,4.6,0.0,4,1,0,8,0.8660254037844386,0.5000000000000001,0.7818314824680298,0.6234898018587336,38.692,36.482,60.38029166666667,20.48392865995235,train
2016-08-23 05:00:00,Hog_public_Gerard,Hog,30.729,21.7,15.0,1013.1,4.6,0.0,5,1,0,8,0.9659258262890683,0.25881904510252074,0.7818314824680298,0.6234898018587336,35.42800000000001,30.377,60.394958333333335,20.4616258979949,train
2016-08-23 06:00:00,Hog_public_Gerard,Hog,31.068,21.7,15.0,1013.3,5.1,0.0,6,1,0,8,1.0,6.123233995736766e-17,0.7818314824680298,0.6234898018587336,30.729,30.32,60.426125000000006,20.414339743366956,train
2016-08-23 07:00:00,Hog_public_Gerard,Hog,36.389,19.4,15.6,1013.8,4.1,4.0,7,1,0,8,0.9659258262890683,-0.25881904510252063,0.7818314824680298,0.6234898018587336,31.068,34.239000000000004,60.51570833333333,20.29881813111124,train
2016-08-23 08:00:00,Hog_public_Gerard,Hog,68.077,20.0,15.6,1013.8,5.1,4.0,8,1,0,8,0.8660254037844387,-0.4999999999999998,0.7818314824680298,0.6234898018587336,36.389,65.253,60.633375,20.33562446163304,train
2016-08-23 09:00:00,Hog_public_Gerard,Hog,82.46799999999998,21.7,16.1,1013.6,5.1,4.0,9,1,0,8,0.7071067811865476,-0.7071067811865475,0.7818314824680298,0.6234898018587336,68.077,80.446,60.717625000000005,20.425267490798127,train
2016-08-23 10:00:00,Hog_public_Gerard,Hog,79.961,23.9,16.1,1013.3,5.7,2.0,10,1,0,8,0.49999999999999994,-0.8660254037844387,0.7818314824680298,0.6234898018587336,82.46799999999998,82.354,60.617916666666666,20.32062761551445,train
2016-08-23 11:00:00,Hog_public_Gerard,Hog,82.17200000000003,25.0,16.7,1013.3,5.1,4.0,11,1,0,8,0.258819045102521,-0.9659258262890682,0.7818314824680298,0.6234898018587336,79.961,80.583,60.684124999999995,20.39097264522909,train
2016-08-23 12:00:00,Hog_public_Gerard,Hog,81.915,26.1,17.8,1012.7,6.2,4.0,12,1,0,8,1.2246467991473532e-16,-1.0,0.7818314824680298,0.6234898018587336,82.17200000000003,81.125,60.71704166666667,20.42601206364762,train
2016-08-23 13:00:00,Hog_public_Gerard,Hog,83.355,27.8,19.4,1012.3,7.7,6.0,13,1,0,8,-0.2588190451025208,-0.9659258262890683,0.7818314824680298,0.6234898018587336,81.915,79.59899999999998,60.873541666666675,20.59069679750753,train
2016-08-23 14:00:00,Hog_public_Gerard,Hog,84.196,28.3,20.0,1012.3,8.8,6.333333333333333,14,1,0,8,-0.4999999999999997,-0.8660254037844388,0.7818314824680298,0.6234898018587336,83.355,83.20700000000002,60.91475,20.6382709320626,train
2016-08-23 15:00:00,Hog_public_Gerard,Hog,84.87200000000001,28.3,20.6,1012.0,6.7,6.666666666666667,15,1,0,8,-0.7071067811865471,-0.7071067811865479,0.7818314824680298,0.6234898018587336,84.196,85.345,60.89504166666668,20.614138893064123,train
2016-08-23 16:00:00,Hog_public_Gerard,Hog,83.77600000000002,28.3,20.0,1011.7,9.8,7.0,16,1,0,8,-0.8660254037844385,-0.5000000000000004,0.7818314824680298,0.6234898018587336,84.87200000000001,84.62200000000001,60.85979166666667,20.57248319855221,train
2016-08-23 17:00:00,Hog_public_Gerard,Hog,83.17200000000003,27.2,18.9,1012.1,9.3,7.333333333333333,17,1,0,8,-0.9659258262890683,-0.25881904510252063,0.7818314824680298,0.6234898018587336,83.77600000000002,83.46,60.84779166666667,20.558806704880176,train
2016-08-23 18:00:00,Hog_public_Gerard,Hog,73.72399999999998,26.7,17.8,1012.4,8.2,7.666666666666666,18,1,0,8,-1.0,-1.8369701987210297e-16,0.7818314824680298,0.6234898018587336,83.17200000000003,70.128,60.997625000000006,20.642316115019508,train
2016-08-23 19:00:00,Hog_public_Gerard,Hog,70.625,25.0,17.8,1011.0,7.7,8.0,19,1,0,8,-0.9659258262890684,0.2588190451025203,0.7818314824680298,0.6234898018587336,73.72399999999998,63.691,61.28654166666667,20.72999157695921,train
2016-08-23 20:00:00,Hog_public_Gerard,Hog,69.05,22.2,18.3,1010.0,4.6,8.0,20,1,0,8,-0.8660254037844386,0.5000000000000001,0.7818314824680298,0.6234898018587336,70.625,63.356,61.523791666666675,20.78721010826483,train
2016-08-23 21:00:00,Hog_public_Gerard,Hog,70.115,21.1,18.9,1010.4,5.1,8.0,21,1,0,8,-0.7071067811865477,0.7071067811865474,0.7818314824680298,0.6234898018587336,69.05,63.253,61.80970833333333,20.859095746125167,train
2016-08-23 22:00:00,Hog_public_Gerard,Hog,49.732,21.7,18.9,1010.2,8.2,8.0,22,1,0,8,-0.5000000000000004,0.8660254037844384,0.7818314824680298,0.6234898018587336,70.115,43.199,62.08191666666667,20.64722043597846,train
2016-08-23 23:00:00,Hog_public_Gerard,Hog,46.114,20.0,18.3,1010.8,3.6,8.0,23,1,0,8,-0.25881904510252157,0.9659258262890681,0.7818314824680298,0.6234898018587336,49.732,41.628,62.26883333333333,20.473578431654392,train
2016-08-24 00:00:00,Hog_public_Gerard,Hog,43.88,20.0,17.8,1010.2,5.1,8.0,0,2,0,8,0.0,1.0,0.9749279121818236,-0.22252093395631434,46.114,41.127,62.383541666666666,20.357358246609493,train
2016-08-24 01:00:00,Hog_public_Gerard,Hog,41.667,20.6,18.3,1009.4,3.1,8.0,1,2,0,8,0.25881904510252074,0.9659258262890683,0.9749279121818236,-0.22252093395631434,43.88,44.69300000000001,62.25745833333334,20.480685605412628,train
2016-08-24 02:00:00,Hog_public_Gerard,Hog,39.173,20.0,18.9,1009.2,1.5,7.666666666666667,2,2,0,8,0.49999999999999994,0.8660254037844387,0.9749279121818236,-0.22252093395631434,41.667,43.002,62.09791666666667,20.651406691569033,train
2016-08-24 03:00:00,Hog_public_Gerard,Hog,38.308,20.0,18.3,1008.7,1.5,7.333333333333333,3,2,0,8,0.7071067811865476,0.7071067811865476,0.9749279121818236,-0.22252093395631434,39.173,38.692,62.08191666666667,20.670469187406916,train
2016-08-24 04:00:00,Hog_public_Gerard,Hog,36.59,20.6,18.9,1008.9,2.1,7.0,4,2,0,8,0.8660254037844386,0.5000000000000001,0.9749279121818236,-0.22252093395631434,38.308,35.42800000000001,62.13033333333333,20.606585164576153,train
2016-08-24 05:00:00,Hog_public_Gerard,Hog,31.121,20.6,18.9,1008.8,3.1,6.666666666666667,5,2,0,8,0.9659258262890683,0.25881904510252074,0.9749279121818236,-0.22252093395631434,36.59,30.729,62.146666666666675,20.580752632679367,train
2016-08-24 06:00:00,Hog_public_Gerard,Hog,30.361,20.6,18.9,1009.1,1.5,6.333333333333334,6,2,0,8,1.0,6.123233995736766e-17,0.9749279121818236,-0.22252093395631434,31.121,31.068,62.11720833333333,20.627623914208268,train
2016-08-24 07:00:00,Hog_public_Gerard,Hog,36.961,20.0,18.9,1009.7,2.6,6.0,7,2,0,8,0.9659258262890683,-0.25881904510252063,0.9749279121818236,-0.22252093395631434,30.361,36.389,62.141041666666666,20.596912445862817,train
2016-08-24 08:00:00,Hog_public_Gerard,Hog,68.08800000000001,20.0,18.9,1010.1,1.5,4.0,8,2,0,8,0.8660254037844387,-0.4999999999999998,0.9749279121818236,-0.22252093395631434,36.961,68.077,62.1415,20.597050400904344,train
2016-08-24 09:00:00,Hog_public_Gerard,Hog,87.65,21.7,19.4,1010.8,2.6,4.4,9,2,0,8,0.7071067811865476,-0.7071067811865475,0.9749279121818236,-0.22252093395631434,68.08800000000001,82.46799999999998,62.357416666666666,20.84506327733822,train
2016-08-24 10:00:00,Hog_public_Gerard,Hog,76.931,21.7,18.9,1011.5,3.6,4.8,10,2,0,8,0.49999999999999994,-0.8660254037844387,0.9749279121818236,-0.22252093395631434,87.65,79.961,62.231166666666674,20.742734607917427,train
2016-08-24 11:00:00,Hog_public_Gerard,Hog,84.015,22.2,19.4,1011.9,3.1,5.2,11,2,0,8,0.258819045102521,-0.9659258262890682,0.9749279121818236,-0.22252093395631434,76.931,82.17200000000003,62.30795833333334,20.82302334787187,train
2016-08-24 12:00:00,Hog_public_Gerard,Hog,81.536,24.4,19.4,1012.1,2.6,5.6,12,2,0,8,1.2246467991473532e-16,-1.0,0.9749279121818236,-0.22252093395631434,84.015,81.915,62.29216666666667,20.807645385597,train
2016-08-24 13:00:00,Hog_public_Gerard,Hog,82.693,26.7,17.2,1012.4,4.1,6.0,13,2,0,8,-0.2588190451025208,-0.9659258262890683,0.9749279121818236,-0.22252093395631434,81.536,83.355,62.26458333333333,20.778928751976427,train
2016-08-24 14:00:00,Hog_public_Gerard,Hog,84.24,27.2,15.0,1012.9,4.1,6.333333333333333,14,2,0,8,-0.4999999999999997,-0.8660254037844388,0.9749279121818236,-0.22252093395631434,82.693,84.196,62.266416666666665,20.78094974378278,train
2016-08-24 15:00:00,Hog_public_Gerard,Hog,86.226,26.7,14.4,1012.9,5.7,6.666666666666667,15,2,0,8,-0.7071067811865471,-0.7071067811865479,0.9749279121818236,-0.22252093395631434,84.24,84.87200000000001,62.322833333333335,20.846722095929852,train
2016-08-24 16:00:00,Hog_public_Gerard,Hog,85.398,26.7,12.8,1013.1,5.7,7.0,16,2,0,8,-0.8660254037844385,-0.5000000000000004,0.9749279121818236,-0.22252093395631434,86.226,83.77600000000002,62.39041666666666,20.921789396654706,train
2016-08-24 17:00:00,Hog_public_Gerard,Hog,85.991,25.6,11.7,1013.7,6.2,7.333333333333333,17,2,0,8,-0.9659258262890683,-0.25881904510252063,0.9749279121818236,-0.22252093395631434,85.398,83.17200000000003,62.50787499999999,21.05104712734288,train
2016-08-24 18:00:00,Hog_public_Gerard,Hog,74.61399999999998,24.4,13.3,1014.1,5.7,7.666666666666666,18,2,0,8,-1.0,-1.8369701987210297e-16,0.9749279121818236,-0.22252093395631434,85.991,73.72399999999998,62.544958333333334,21.072437444865177,train
2016-08-24 19:00:00,Hog_public_Gerard,Hog,72.804,23.3,14.4,1014.2,4.6,8.0,19,2,0,8,-0.9659258262890684,0.2588190451025203,0.9749279121818236,-0.22252093395631434,74.61399999999998,70.625,62.635749999999994,21.113418651468457,train
2016-08-24 20:00:00,Hog_public_Gerard,Hog,74.514,22.2,13.3,1014.5,3.1,7.666666666666667,20,2,0,8,-0.8660254037844386,0.5000000000000001,0.9749279121818236,-0.22252093395631434,72.804,69.05,62.863416666666666,21.214806697449472,train
2016-08-24 21:00:00,Hog_public_Gerard,Hog,74.816,21.7,13.9,1014.9,2.6,7.333333333333333,21,2,0,8,-0.7071067811865477,0.7071067811865474,0.9749279121818236,-0.22252093395631434,74.514,70.115,63.05929166666667,21.306176398812642,train
2016-08-24 22:00:00,Hog_public_Gerard,Hog,52.96,21.1,15.0,1015.1,3.1,7.0,22,2,0,8,-0.5000000000000004,0.8660254037844384,0.9749279121818236,-0.22252093395631434,74.816,49.732,63.19379166666667,21.228433901520713,train
2016-08-24 23:00:00,Hog_public_Gerard,Hog,49.274,20.6,15.0,1015.2,2.6,6.666666666666667,23,2,0,8,-0.25881904510252157,0.9659258262890681,0.9749279121818236,-0.22252093395631434,52.96,46.114,63.32545833333333,21.127452351567513,train
2016-08-25 00:00:00,Hog_public_Gerard,Hog,46.34,20.6,15.0,1015.8,2.6,6.333333333333334,0,3,0,8,0.0,1.0,0.43388373911755823,-0.900968867902419,49.274,43.88,63.42795833333333,21.034774914266197,train
2016-08-25 01:00:00,Hog_public_Gerard,Hog,44.526,18.9,15.0,1015.8,2.1,6.0,1,3,0,8,0.25881904510252074,0.9659258262890683,0.43388373911755823,-0.900968867902419,46.34,41.667,63.547083333333326,20.9139276703696,train
2016-08-25 02:00:00,Hog_public_Gerard,Hog,48.24800000000001,18.9,15.0,1015.8,0.0,2.0,2,3,0,8,0.49999999999999994,0.8660254037844387,0.43388373911755823,-0.900968867902419,44.526,39.173,63.92520833333333,20.532645323927216,train
2016-08-25 03:00:00,Hog_public_Gerard,Hog,42.087,17.8,15.0,1016.0,0.0,0.0,3,3,0,8,0.7071067811865476,0.7071067811865476,0.43388373911755823,-0.900968867902419,48.24800000000001,38.308,64.08266666666667,20.34125172213328,train
2016-08-25 04:00:00,Hog_public_Gerard,Hog,36.11,17.8,14.4,1016.3,1.5,0.0,4,3,0,8,0.8660254037844386,0.5000000000000001,0.43388373911755823,-0.900968867902419,42.087,36.59,64.06266666666667,20.36967455859789,train
2016-08-25 05:00:00,Hog_public_Gerard,Hog,30.128,17.2,14.4,1016.3,1.5,0.0,5,3,0,8,0.9659258262890683,0.25881904510252074,0.43388373911755823,-0.900968867902419,36.11,31.121,64.02129166666667,20.440380825770784,train
2016-08-25 06:00:00,Hog_public_Gerard,Hog,30.437,16.7,14.4,1016.4,1.5,2.0,6,3,0,8,1.0,6.123233995736766e-17,0.43388373911755823,-0.900968867902419,30.128,30.361,64.02445833333333,20.434944539832163,train
2016-08-25 07:00:00,Hog_public_Gerard,Hog,35.133,16.7,13.9,1016.3,3.1,2.0,7,3,0,8,0.9659258262890683,-0.25881904510252063,0.43388373911755823,-0.900968867902419,30.437,36.961,63.94829166666667,20.543322618690034,train
2016-08-25 08:00:00,Hog_public_Gerard,Hog,63.188,17.8,13.9,1016.1,4.1,2.0,8,3,0,8,0.8660254037844387,-0.4999999999999998,0.43388373911755823,-0.900968867902419,35.133,68.08800000000001,63.744125000000004,20.524732523412105,train
2016-08-25 09:00:00,Hog_public_Gerard,Hog,81.528,18.9,14.4,1016.0,3.1,2.0,9,3,0,8,0.7071067811865476,-0.7071067811865475,0.43388373911755823,-0.900968867902419,63.188,87.65,63.48904166666667,20.250926515528143,train
2016-08-25 10:00:00,Hog_public_Gerard,Hog,80.703,21.1,13.3,1016.6,5.7,2.0,10,3,0,8,0.49999999999999994,-0.8660254037844387,0.43388373911755823,-0.900968867902419,81.528,76.931,63.646208333333334,20.374047701360688,train
2016-08-25 11:00:00,Hog_public_Gerard,Hog,82.04,21.7,12.2,1017.3,5.7,3.333333333333333,11,3,0,8,0.258819045102521,-0.9659258262890682,0.43388373911755823,-0.900968867902419,80.703,84.015,63.56391666666667,20.292023733727174,train
2016-08-25 12:00:00,Hog_public_Gerard,Hog,80.057,22.2,11.1,1017.2,9.3,4.666666666666666,12,3,0,8,1.2246467991473532e-16,-1.0,0.43388373911755823,-0.900968867902419,82.04,81.536,63.50229166666667,20.23724300366764,train
2016-08-25 13:00:00,Hog_public_Gerard,Hog,79.16,21.7,11.7,1017.6,6.7,6.0,13,3,0,8,-0.2588190451025208,-0.9659258262890683,0.43388373911755823,-0.900968867902419,80.057,82.693,63.35508333333333,20.103988959400873,train
2016-08-25 14:00:00,Hog_public_Gerard,Hog,82.464,22.2,12.8,1017.5,6.2,6.0,14,3,0,8,-0.4999999999999997,-0.8660254037844388,0.43388373911755823,-0.900968867902419,79.16,84.24,63.281083333333335,20.02689288218457,train
2016-08-25 15:00:00,Hog_public_Gerard,Hog,82.251,22.8,12.8,1017.4,7.2,6.0,15,3,0,8,-0.7071067811865471,-0.7071067811865479,0.43388373911755823,-0.900968867902419,82.464,86.226,63.11545833333333,19.84449136570167,train
2016-08-25 16:00:00,Hog_public_Gerard,Hog,81.752,23.3,12.8,1017.7,6.2,6.0,16,3,0,8,-0.8660254037844385,-0.5000000000000004,0.43388373911755823,-0.900968867902419,82.251,85.398,62.963541666666664,19.679766035590514,train
2016-08-25 17:00:00,Hog_public_Gerard,Hog,81.559,22.2,12.8,1017.7,8.8,6.0,17,3,0,8,-0.9659258262890683,-0.25881904510252063,0.43388373911755823,-0.900968867902419,81.752,85.991,62.778875,19.47400964566235,train
2016-08-25 18:00:00,Hog_public_Gerard,Hog,66.874,21.7,12.2,1018.0,5.7,6.0,18,3,0,8,-1.0,-1.8369701987210297e-16,0.43388373911755823,-0.900968867902419,81.559,74.61399999999998,62.456375,19.333071354125245,train
2016-08-25 19:00:00,Hog_public_Gerard,Hog,61.178,20.6,11.7,1018.2,6.2,6.0,19,3,0,8,-0.9659258262890684,0.2588190451025203,0.43388373911755823,-0.900968867902419,66.874,72.804,61.97195833333334,19.207771270298494,train
2016-08-25 20:00:00,Hog_public_Gerard,Hog,61.238,20.0,10.6,1018.4,4.6,4.0,20,3,0,8,-0.8660254037844386,0.5000000000000001,0.43388373911755823,-0.900968867902419,61.178,74.514,61.418791666666664,19.021129006813542,train
2016-08-25 21:00:00,Hog_public_Gerard,Hog,64.347,18.9,11.1,1018.7,3.1,2.0,21,3,0,8,-0.7071067811865477,0.7071067811865474,0.43388373911755823,-0.900968867902419,61.238,74.816,60.98258333333333,18.81950834250529,train
2016-08-25 22:00:00,Hog_public_Gerard,Hog,43.003,18.3,11.7,1019.1,3.1,0.0,22,3,0,8,-0.5000000000000004,0.8660254037844384,0.43388373911755823,-0.900968867902419,64.347,52.96,60.567708333333336,19.111540141061603,train
2016-08-25 23:00:00,Hog_public_Gerard,Hog,38.458,17.8,11.7,1019.4,2.1,0.0,23,3,0,8,-0.25881904510252157,0.9659258262890681,0.43388373911755823,-0.900968867902419,43.003,49.274,60.117041666666665,19.51274853609748,train
2016-08-26 00:00:00,Hog_public_Gerard,Hog,38.805,17.2,12.2,1020.0,2.1,0.0,0,4,0,8,0.0,1.0,-0.433883739117558,-0.9009688679024191,38.458,46.34,59.80308333333334,19.80252480809873,train
2016-08-26 01:00:00,Hog_public_Gerard,Hog,38.451,16.1,12.2,1020.2,1.5,0.0,1,4,0,8,0.25881904510252074,0.9659258262890683,-0.433883739117558,-0.9009688679024191,38.805,44.526,59.549958333333336,20.043652573232574,train
2016-08-26 02:00:00,Hog_public_Gerard,Hog,38.322,15.6,12.2,1020.5,0.0,0.0,2,4,0,8,0.49999999999999994,0.8660254037844387,-0.433883739117558,-0.9009688679024191,38.451,48.24800000000001,59.136374999999994,20.386473477609226,train
2016-08-26 03:00:00,Hog_public_Gerard,Hog,36.648,14.4,11.7,1020.5,0.0,0.0,3,4,0,8,0.7071067811865476,0.7071067811865476,-0.433883739117558,-0.9009688679024191,38.322,42.087,58.90975,20.6132124455673,train
2016-08-26 04:00:00,Hog_public_Gerard,Hog,34.709,15.0,12.2,1020.5,1.5,0.0,4,4,0,8,0.8660254037844386,0.5000000000000001,-0.433883739117558,-0.9009688679024191,36.648,36.11,58.851375,20.6824542795863,train
2016-08-26 05:00:00,Hog_public_Gerard,Hog,28.866,14.4,12.2,1020.8,0.0,0.0,5,4,0,8,0.9659258262890683,0.25881904510252074,-0.433883739117558,-0.9009688679024191,34.709,30.128,58.798791666666666,20.760114484017098,train
2016-08-26 06:00:00,Hog_public_Gerard,Hog,29.41,14.4,12.2,1020.8,0.0,2.0,6,4,0,8,1.0,6.123233995736766e-17,-0.433883739117558,-0.9009688679024191,28.866,30.437,58.756,20.82208279061281,train
2016-08-26 07:00:00,Hog_public_Gerard,Hog,35.183,13.9,11.7,1021.5,1.5,4.0,7,4,0,8,0.9659258262890683,-0.25881904510252063,-0.433883739117558,-0.9009688679024191,29.41,35.133,58.75808333333333,20.819618805591727,train
2016-08-26 08:00:00,Hog_public_Gerard,Hog,64.31,15.0,12.2,1021.8,2.1,0.0,8,4,0,8,0.8660254037844387,-0.4999999999999998,-0.433883739117558,-0.9009688679024191,35.183,63.188,58.804833333333335,20.83125503882945,train
2016-08-26 09:00:00,Hog_public_Gerard,Hog,79.311,16.7,12.8,1022.3,0.0,4.0,9,4,0,8,0.7071067811865476,-0.7071067811865475,-0.433883739117558,-0.9009688679024191,64.31,81.528,58.71245833333333,20.730782679868394,train
2016-08-26 10:00:00,Hog_public_Gerard,Hog,80.907,18.3,12.8,1022.2,0.0,5.0,10,4,0,8,0.49999999999999994,-0.8660254037844387,-0.433883739117558,-0.9009688679024191,79.311,80.703,58.72095833333333,20.74023089569853,train
2016-08-26 11:00:00,Hog_public_Gerard,Hog,79.00399999999998,19.4,12.8,1022.3,2.1,6.0,11,4,0,8,0.258819045102521,-0.9659258262890682,-0.433883739117558,-0.9009688679024191,80.907,82.04,58.594458333333336,20.60060689899421,train
2016-08-26 12:00:00,Hog_public_Gerard,Hog,79.375,20.6,11.1,1021.7,0.0,7.0,12,4,0,8,1.2246467991473532e-16,-1.0,-0.433883739117558,-0.9009688679024191,79.00399999999998,80.057,58.56604166666667,20.570161952141326,train
2016-08-26 13:00:00,Hog_public_Gerard,Hog,79.434,21.1,11.7,1021.1,2.1,8.0,13,4,0,8,-0.2588190451025208,-0.9659258262890683,-0.433883739117558,-0.9009688679024191,79.375,79.16,58.57745833333334,20.582161313769216,train
2016-08-26 14:00:00,Hog_public_Gerard,Hog,83.193,21.1,11.1,1021.1,2.1,7.666666666666667,14,4,0,8,-0.4999999999999997,-0.8660254037844388,-0.433883739117558,-0.9009688679024191,79.434,82.464,58.60783333333333,20.61944971995196,train
2016-08-26 15:00:00,Hog_public_Gerard,Hog,84.654,21.7,11.7,1020.8,2.1,7.333333333333333,15,4,0,8,-0.7071067811865471,-0.7071067811865479,-0.433883739117558,-0.9009688679024191,83.193,82.251,58.70795833333333,20.74470296239963,train
2016-08-26 16:00:00,Hog_public_Gerard,Hog,85.669,22.2,12.2,1020.8,2.6,7.0,16,4,0,8,-0.8660254037844385,-0.5000000000000004,-0.433883739117558,-0.9009688679024191,84.654,81.752,58.87116666666666,20.948293224377405,train
2016-08-26 17:00:00,Hog_public_Gerard,Hog,81.85300000000002,21.7,11.1,1020.7,2.1,6.666666666666667,17,4,0,8,-0.9659258262890683,-0.25881904510252063,-0.433883739117558,-0.9009688679024191,85.669,81.559,58.88341666666667,20.962218630331108,train
2016-08-26 18:00:00,Hog_public_Gerard,Hog,68.533,21.7,11.7,1020.4,2.1,6.333333333333334,18,4,0,8,-1.0,-1.8369701987210297e-16,-0.433883739117558,-0.9009688679024191,81.85300000000002,66.874,58.95254166666667,20.99242760570584,train
2016-08-26 19:00:00,Hog_public_Gerard,Hog,42.701,21.1,12.8,1019.9,2.6,6.0,19,4,0,8,-0.9659258262890684,0.2588190451025203,-0.433883739117558,-0.9009688679024191,68.533,61.178,58.182666666666655,21.244560784528822,train
2016-08-26 20:00:00,Hog_public_Gerard,Hog,39.837,20.0,12.8,1019.9,2.1,6.333333333333333,20,4,0,8,-0.8660254037844386,0.5000000000000001,-0.433883739117558,-0.9009688679024191,42.701,61.238,57.29095833333334,21.557573390260163,train
2016-08-26 21:00:00,Hog_public_Gerard,Hog,41.63800000000001,18.9,12.8,1020.0,2.6,6.666666666666667,21,4,0,8,-0.7071067811865477,0.7071067811865474,-0.433883739117558,-0.9009688679024191,39.837,64.347,56.344750000000005,21.732070327453744,train
2016-08-26 22:00:00,Hog_public_Gerard,Hog,41.104,18.9,13.3,1020.1,2.1,7.0,22,4,0,8,-0.5000000000000004,0.8660254037844384,-0.433883739117558,-0.9009688679024191,41.63800000000001,43.003,56.265625,21.786148536872144,train
2016-08-26 23:00:00,Hog_public_Gerard,Hog,40.523,18.3,13.3,1019.8,3.1,7.333333333333333,23,4,0,8,-0.25881904510252157,0.9659258262890681,-0.433883739117558,-0.9009688679024191,41.104,38.458,56.35166666666667,21.71672889866186,train
2016-08-27 00:00:00,Hog_public_Gerard,Hog,41.099,18.3,12.8,1019.2,2.1,7.666666666666666,0,5,1,8,0.0,1.0,-0.9749279121818236,-0.2225209339563146,40.523,38.805,56.44725,21.641058284518277,train
2016-08-27 01:00:00,Hog_public_Gerard,Hog,36.271,18.3,12.8,1018.9,3.1,8.0,1,5,1,8,0.25881904510252074,0.9659258262890683,-0.9749279121818236,-0.2225209339563146,41.099,38.451,56.35641666666667,21.724292471426132,train
2016-08-27 02:00:00,Hog_public_Gerard,Hog,34.404,18.3,13.3,1019.1,2.6,8.0,2,5,1,8,0.49999999999999994,0.8660254037844387,-0.9749279121818236,-0.2225209339563146,36.271,38.322,56.19316666666668,21.879870754460324,train
2016-08-27 03:00:00,Hog_public_Gerard,Hog,34.569,17.8,13.9,1018.5,3.1,8.0,3,5,1,8,0.7071067811865476,0.7071067811865476,-0.9749279121818236,-0.2225209339563146,34.404,36.648,56.106541666666665,21.964568373275164,train
2016-08-27 04:00:00,Hog_public_Gerard,Hog,34.794000000000004,17.8,13.9,1017.9,2.6,8.0,4,5,1,8,0.8660254037844386,0.5000000000000001,-0.9749279121818236,-0.2225209339563146,34.569,34.709,56.11008333333333,21.960974685181725,train
2016-08-27 05:00:00,Hog_public_Gerard,Hog,34.417,17.8,14.4,1017.5,2.6,8.0,5,5,1,8,0.9659258262890683,0.25881904510252074,-0.9749279121818236,-0.2225209339563146,34.794000000000004,28.866,56.341375,21.68911497946367,train
2016-08-27 06:00:00,Hog_public_Gerard,Hog,34.298,17.8,15.0,1017.4,4.1,8.0,6,5,1,8,1.0,6.123233995736766e-17,-0.9749279121818236,-0.2225209339563146,34.417,29.41,56.54504166666667,21.446823213583734,train
2016-08-27 07:00:00,Hog_public_Gerard,Hog,34.856,17.8,15.0,1018.0,2.1,8.0,7,5,1,8,0.9659258262890683,-0.25881904510252063,-0.9749279121818236,-0.2225209339563146,34.298,35.183,56.53141666666667,21.461083531373333,train
2016-08-27 08:00:00,Hog_public_Gerard,Hog,33.667,17.8,15.0,1018.1,3.1,8.0,8,5,1,8,0.8660254037844387,-0.4999999999999998,-0.9749279121818236,-0.2225209339563146,34.856,64.31,55.254625,21.885519244294745,train
2016-08-27 09:00:00,Hog_public_Gerard,Hog,33.609,17.8,15.0,1018.0,3.6,8.0,9,5,1,8,0.7071067811865476,-0.7071067811865475,-0.9749279121818236,-0.2225209339563146,33.667,79.311,53.35037500000001,21.688749617801864,train
2016-08-27 10:00:00,Hog_public_Gerard,Hog,39.661,17.8,15.0,1018.0,3.6,8.0,10,5,1,8,0.49999999999999994,-0.8660254037844387,-0.9749279121818236,-0.2225209339563146,33.609,80.907,51.631791666666665,21.03453629872885,train
2016-08-27 11:00:00,Hog_public_Gerard,Hog,65.926,17.8,15.0,1017.6,2.1,8.0,11,5,1,8,0.258819045102521,-0.9659258262890682,-0.9749279121818236,-0.2225209339563146,39.661,79.00399999999998,51.086875,20.456050110276326,train
2016-08-27 12:00:00,Hog_public_Gerard,Hog,66.039,19.4,15.6,1016.4,4.6,8.0,12,5,1,8,1.2246467991473532e-16,-1.0,-0.9749279121818236,-0.2225209339563146,65.926,79.375,50.53120833333333,19.82563923631793,train
2016-08-27 13:00:00,Hog_public_Gerard,Hog,65.22,18.3,15.0,1016.3,4.1,8.0,13,5,1,8,-0.2588190451025208,-0.9659258262890683,-0.9749279121818236,-0.2225209339563146,66.039,79.434,49.93895833333334,19.124600966520298,train
2016-08-27 14:00:00,Hog_public_Gerard,Hog,63.99100000000001,18.9,15.6,1016.1,4.1,8.0,14,5,1,8,-0.4999999999999997,-0.8660254037844388,-0.9749279121818236,-0.2225209339563146,65.22,83.193,49.138875000000006,18.044056852031755,train
2016-08-27 15:00:00,Hog_public_Gerard,Hog,64.97800000000001,18.9,16.1,1015.7,4.6,8.0,15,5,1,8,-0.7071067811865471,-0.7071067811865479,-0.9749279121818236,-0.2225209339563146,63.99100000000001,84.654,48.319041666666664,16.761688268396192,train
2016-08-27 16:00:00,Hog_public_Gerard,Hog,65.953,18.9,16.1,1015.6,2.6,8.0,16,5,1,8,-0.8660254037844385,-0.5000000000000004,-0.9749279121818236,-0.2225209339563146,64.97800000000001,85.669,47.49754166666668,15.268163606381702,train
2016-08-27 17:00:00,Hog_public_Gerard,Hog,65.866,19.4,16.7,1015.5,3.1,8.0,17,5,1,8,-0.9659258262890683,-0.25881904510252063,-0.9749279121818236,-0.2225209339563146,65.953,81.85300000000002,46.83141666666668,14.000217796183982,train
2016-08-27 18:00:00,Hog_public_Gerard,Hog,66.181,19.4,16.7,1015.7,2.1,8.0,18,5,1,8,-1.0,-1.8369701987210297e-16,-0.9749279121818236,-0.2225209339563146,65.866,68.533,46.73341666666666,13.849120866516015,train
2016-08-27 19:00:00,Hog_public_Gerard,Hog,42.90600000000001,20.0,16.7,1015.9,0.0,8.0,19,5,1,8,-0.9659258262890684,0.2588190451025203,-0.9749279121818236,-0.2225209339563146,66.181,42.701,46.74195833333334,13.846588663165056,train
2016-08-27 20:00:00,Hog_public_Gerard,Hog,39.976,20.6,16.1,1016.2,0.0,5.0,20,5,1,8,-0.8660254037844386,0.5000000000000001,-0.9749279121818236,-0.2225209339563146,42.90600000000001,39.837,46.747749999999996,13.843603675250108,train
2016-08-27 21:00:00,Hog_public_Gerard,Hog,40.917,19.4,16.1,1016.7,0.0,2.0,21,5,1,8,-0.7071067811865477,0.7071067811865474,-0.9749279121818236,-0.2225209339563146,39.976,41.63800000000001,46.71770833333334,13.85595113544215,train
2016-08-27 22:00:00,Hog_public_Gerard,Hog,41.389,18.3,16.1,1017.6,0.0,2.0,22,5,1,8,-0.5000000000000004,0.8660254037844384,-0.9749279121818236,-0.2225209339563146,40.917,41.104,46.72958333333333,13.851052086603532,train
2016-08-27 23:00:00,Hog_public_Gerard,Hog,41.024,17.8,16.1,1018.0,1.5,0.0,23,5,1,8,-0.25881904510252157,0.9659258262890681,-0.9749279121818236,-0.2225209339563146,41.389,40.523,46.750458333333334,13.841665764229035,train
2016-08-28 00:00:00,Hog_public_Gerard,Hog,41.449,17.2,16.1,1018.3,1.5,0.0,0,6,1,8,0.0,1.0,-0.7818314824680299,0.6234898018587334,41.024,41.099,46.76504166666667,13.835635669874359,train
2016-08-28 01:00:00,Hog_public_Gerard,Hog,35.744,17.2,15.6,1018.6,2.1,6.0,1,6,1,8,0.25881904510252074,0.9659258262890683,-0.7818314824680299,0.6234898018587334,41.449,36.271,46.74308333333334,13.85342150145979,train
2016-08-28 02:00:00,Hog_public_Gerard,Hog,35.086,17.8,16.1,1018.7,0.0,0.0,2,6,1,8,0.49999999999999994,0.8660254037844387,-0.7818314824680299,0.6234898018587334,35.744,34.404,46.7715,13.827686219101153,train
2016-08-28 03:00:00,Hog_public_Gerard,Hog,34.326,16.7,15.6,1018.7,2.6,0.0,3,6,1,8,0.7071067811865476,0.7071067811865476,-0.7818314824680299,0.6234898018587334,35.086,34.569,46.761374999999994,13.837095456755176,train
2016-08-28 04:00:00,Hog_public_Gerard,Hog,34.478,16.7,15.6,1019.1,2.6,0.0,4,6,1,8,0.8660254037844386,0.5000000000000001,-0.7818314824680299,0.6234898018587334,34.326,34.794000000000004,46.74820833333334,13.849123221279942,train
2016-08-28 05:00:00,Hog_public_Gerard,Hog,34.137,16.1,15.6,1019.5333333333333,2.1,9.0,5,6,1,8,0.9659258262890683,0.25881904510252074,-0.7818314824680299,0.6234898018587334,34.478,34.417,46.73654166666666,13.86007643488318,train
2016-08-28 06:00:00,Hog_public_Gerard,Hog,33.593,16.1,15.6,1019.9666666666667,2.6,9.0,6,6,1,8,1.0,6.123233995736766e-17,-0.7818314824680299,0.6234898018587334,34.137,34.298,46.707166666666666,13.888303166355012,train
2016-08-28 07:00:00,Hog_public_Gerard,Hog,34.521,16.7,15.6,1020.4,2.1,9.0,7,6,1,8,0.9659258262890683,-0.25881904510252063,-0.7818314824680299,0.6234898018587334,33.593,34.856,46.69320833333333,13.900894594231499,train
2016-08-28 08:00:00,Hog_public_Gerard,Hog,32.759,17.2,16.7,1020.8499999999999,2.1,8.5,8,6,1,8,0.8660254037844387,-0.4999999999999998,-0.7818314824680299,0.6234898018587334,34.521,33.667,46.655375,13.939071966528132,train
2016-08-28 09:00:00,Hog_public_Gerard,Hog,31.867,17.8,17.2,1021.3,1.5,8.0,9,6,1,8,0.7071067811865476,-0.7071067811865475,-0.7818314824680299,0.6234898018587334,32.759,33.609,46.58279166666666,14.014293048540456,train
2016-08-28 10:00:00,Hog_public_Gerard,Hog,32.518,18.9,17.8,1020.9,2.1,7.5,10,6,1,8,0.49999999999999994,-0.8660254037844387,-0.7818314824680299,0.6234898018587334,31.867,39.661,46.28516666666667,14.241688119487828,train
2016-08-28 11:00:00,Hog_public_Gerard,Hog,30.986,22.2,18.9,1020.4,5.7,7.0,11,6,1,8,0.258819045102521,-0.9659258262890682,-0.7818314824680299,0.6234898018587334,32.518,65.926,44.82933333333333,13.929053155082327,train
2016-08-28 12:00:00,Hog_public_Gerard,Hog,64.487,25.6,19.4,1020.0,5.7,6.5,12,6,1,8,1.2246467991473532e-16,-1.0,-0.7818314824680299,0.6234898018587334,30.986,66.039,44.76466666666667,13.82955175062431,train
2016-08-28 13:00:00,Hog_public_Gerard,Hog,62.354,27.2,19.4,1019.9,5.7,6.0,13,6,1,8,-0.2588190451025208,-0.9659258262890683,-0.7818314824680299,0.6234898018587334,64.487,65.22,44.645250000000004,13.656534149566221,train
2016-08-28 14:00:00,Hog_public_Gerard,Hog,61.146,28.3,19.4,1019.4,5.1,5.0,14,6,1,8,-0.4999999999999997,-0.8660254037844388,-0.7818314824680299,0.6234898018587334,62.354,63.99100000000001,44.52670833333334,13.49267229624466,train
2016-08-28 15:00:00,Hog_public_Gerard,Hog,61.195,28.3,19.4,1019.3,5.1,4.0,15,6,1,8,-0.7071067811865471,-0.7071067811865479,-0.7818314824680299,0.6234898018587334,61.146,64.97800000000001,44.36908333333333,13.263518209627076,train
2016-08-28 16:00:00,Hog_public_Gerard,Hog,62.392,28.9,18.9,1018.9,5.7,4.0,16,6,1,8,-0.8660254037844385,-0.5000000000000004,-0.7818314824680299,0.6234898018587334,61.195,65.953,44.220708333333334,13.029419478807096,train
2016-08-28 17:00:00,Hog_public_Gerard,Hog,62.111,28.9,18.9,1018.6,4.1,2.0,17,6,1,8,-0.9659258262890683,-0.25881904510252063,-0.7818314824680299,0.6234898018587334,62.392,65.866,44.06425000000001,12.778325974766766,train
2016-08-28 18:00:00,Hog_public_Gerard,Hog,61.899,28.9,18.9,1018.5,4.6,2.0,18,6,1,8,-1.0,-1.8369701987210297e-16,-0.7818314824680299,0.6234898018587334,62.111,66.181,43.88583333333333,12.482566687242533,train
2016-08-28 19:00:00,Hog_public_Gerard,Hog,42.765,27.8,19.4,1018.8,3.6,2.0,19,6,1,8,-0.9659258262890684,0.2588190451025203,-0.7818314824680299,0.6234898018587334,61.899,42.90600000000001,43.87995833333334,12.483081073403019,train
2016-08-28 20:00:00,Hog_public_Gerard,Hog,40.175,26.1,20.0,1018.9,3.1,2.0,20,6,1,8,-0.8660254037844386,0.5000000000000001,-0.7818314824680299,0.6234898018587334,42.765,39.976,43.88825,12.480441004785078,train
2016-08-28 21:00:00,Hog_public_Gerard,Hog,41.223,25.0,19.4,1019.2,3.1,2.0,21,6,1,8,-0.7071067811865477,0.7071067811865474,-0.7818314824680299,0.6234898018587334,40.175,40.917,43.901,12.477429546463657,train
2016-08-28 22:00:00,Hog_public_Gerard,Hog,41.7,23.9,19.4,1019.4,3.6,0.0,22,6,1,8,-0.5000000000000004,0.8660254037844384,-0.7818314824680299,0.6234898018587334,41.223,41.389,43.91395833333333,12.474868532823887,train
2016-08-28 23:00:00,Hog_public_Gerard,Hog,41.622,23.3,19.4,1019.9,3.6,2.0,23,6,1,8,-0.25881904510252157,0.9659258262890681,-0.7818314824680299,0.6234898018587334,41.7,41.024,43.938874999999996,12.469441336506335,train
2016-08-29 00:00:00,Hog_public_Gerard,Hog,41.674,22.8,19.4,1019.8,2.6,2.0,0,0,0,8,0.0,1.0,0.0,1.0,41.622,41.449,43.94825,12.467572405000132,train
2016-08-29 01:00:00,Hog_public_Gerard,Hog,43.03,22.8,20.0,1019.5,4.1,2.0,1,0,0,8,0.25881904510252074,0.9659258262890683,0.0,1.0,41.674,35.744,44.25183333333334,12.34724027488753,train
2016-08-29 02:00:00,Hog_public_Gerard,Hog,39.866,23.3,20.6,1019.3,4.6,2.0,2,0,0,8,0.49999999999999994,0.8660254037844387,0.0,1.0,43.03,35.086,44.451,12.230967276619895,train
2016-08-29 03:00:00,Hog_public_Gerard,Hog,38.515,22.2,20.0,1019.5,3.1,2.0,3,0,0,8,0.7071067811865476,0.7071067811865476,0.0,1.0,39.866,34.326,44.62554166666666,12.109482823765244,train
2016-08-29 04:00:00,Hog_public_Gerard,Hog,31.987,22.2,20.6,1020.0,2.6,2.0,4,0,0,8,0.8660254037844386,0.5000000000000001,0.0,1.0,38.515,34.478,44.52175,12.210494054919518,train
2016-08-29 05:00:00,Hog_public_Gerard,Hog,30.798,21.1,20.0,1020.2,3.1,2.0,5,0,0,8,0.9659258262890683,0.25881904510252074,0.0,1.0,31.987,34.137,44.382625,12.35216147187129,train
2016-08-29 06:00:00,Hog_public_Gerard,Hog,30.099,21.1,20.0,1020.5,1.5,4.0,6,0,0,8,1.0,6.123233995736766e-17,0.0,1.0,30.798,33.593,44.23704166666666,12.5045084164603,train
2016-08-29 07:00:00,Hog_public_Gerard,Hog,36.16,21.1,19.4,1021.4,3.1,4.0,7,0,0,8,0.9659258262890683,-0.25881904510252063,0.0,1.0,30.099,34.521,44.30533333333333,12.453510092467745,train
2016-08-29 08:00:00,Hog_public_Gerard,Hog,68.425,22.2,20.0,1022.4,1.5,2.0,8,0,0,8,0.8660254037844387,-0.4999999999999998,0.0,1.0,36.16,32.759,45.79141666666666,13.12565670710463,train
2016-08-29 09:00:00,Hog_public_Gerard,Hog,78.46600000000002,24.4,20.6,1023.3,2.6,2.8,9,0,0,8,0.7071067811865476,-0.7071067811865475,0.0,1.0,68.425,31.867,47.73304166666667,14.36445962142629,train
2016-08-29 10:00:00,Hog_public_Gerard,Hog,78.646,23.9,19.4,1023.7,4.1,3.6,10,0,0,8,0.49999999999999994,-0.8660254037844387,0.0,1.0,78.46600000000002,32.518,49.65504166666667,15.295953697626492,train
2016-08-29 11:00:00,Hog_public_Gerard,Hog,81.432,25.6,20.6,1023.0,4.1,4.4,11,0,0,8,0.258819045102521,-0.9659258262890682,0.0,1.0,78.646,30.986,51.75695833333334,16.06566858777147,train
2016-08-29 12:00:00,Hog_public_Gerard,Hog,84.777,26.1,20.0,1021.6,7.2,5.2,12,0,0,8,1.2246467991473532e-16,-1.0,0.0,1.0,81.432,64.487,52.602375,17.25454817372373,train
2016-08-29 13:00:00,Hog_public_Gerard,Hog,81.14399999999998,27.8,20.6,1020.7,5.7,6.0,13,0,0,8,-0.2588190451025208,-0.9659258262890683,0.0,1.0,84.777,62.354,53.38529166666666,18.120809698482795,train
2016-08-29 14:00:00,Hog_public_Gerard,Hog,85.488,27.8,20.0,1020.4,6.7,6.0,14,0,0,8,-0.4999999999999997,-0.8660254037844388,0.0,1.0,81.14399999999998,61.146,54.399541666666664,19.22185410452343,train
2016-08-29 15:00:00,Hog_public_Gerard,Hog,85.726,28.3,21.1,1020.5,3.6,6.0,15,0,0,8,-0.7071067811865471,-0.7071067811865479,0.0,1.0,85.488,61.195,55.421666666666674,20.224960385121015,train
2016-08-29 16:00:00,Hog_public_Gerard,Hog,86.86399999999998,29.4,20.6,1020.1,5.7,6.0,16,0,0,8,-0.8660254037844385,-0.5000000000000004,0.0,1.0,85.726,62.392,56.441333333333326,21.185730447159806,train
2016-08-29 17:00:00,Hog_public_Gerard,Hog,86.934,29.4,21.1,1019.8,4.6,6.0,17,0,0,8,-0.9659258262890683,-0.25881904510252063,0.0,1.0,86.86399999999998,62.111,57.475625,22.06235471056985,train
2016-08-29 18:00:00,Hog_public_Gerard,Hog,72.346,30.0,21.1,1019.5,4.1,6.0,18,0,0,8,-1.0,-1.8369701987210297e-16,0.0,1.0,86.934,61.899,57.91091666666667,22.25563603052476,train
2016-08-29 19:00:00,Hog_public_Gerard,Hog,65.545,28.3,20.6,1018.9,4.1,6.0,19,0,0,8,-0.9659258262890684,0.2588190451025203,0.0,1.0,72.346,42.765,58.86008333333333,22.06656444550305,train
2016-08-29 20:00:00,Hog_public_Gerard,Hog,65.40899999999999,27.8,19.4,1019.4,2.6,6.333333333333333,20,0,0,8,-0.8660254037844386,0.5000000000000001,0.0,1.0,65.545,40.175,59.9115,21.736254677181787,train
2016-08-29 21:00:00,Hog_public_Gerard,Hog,68.07600000000001,26.7,20.0,1019.9,3.1,6.666666666666667,21,0,0,8,-0.7071067811865477,0.7071067811865474,0.0,1.0,65.40899999999999,41.223,61.030375,21.421285155723698,train
2016-08-29 22:00:00,Hog_public_Gerard,Hog,46.3,26.1,20.0,1019.6,4.6,7.0,22,0,0,8,-0.5000000000000004,0.8660254037844384,0.0,1.0,68.07600000000001,41.7,61.22204166666666,21.260784895894485,train
2016-08-29 23:00:00,Hog_public_Gerard,Hog,41.851000000000006,25.0,18.3,1020.9333333333334,6.7,7.333333333333333,23,0,0,8,-0.25881904510252157,0.9659258262890681,0.0,1.0,46.3,41.622,61.23158333333333,21.25165553431727,train
2016-08-30 00:00:00,Hog_public_Gerard,Hog,48.789,20.6,18.9,1022.2666666666667,6.2,7.666666666666666,0,1,0,8,0.0,1.0,0.7818314824680298,0.6234898018587336,41.851000000000006,41.674,61.52804166666666,21.015279494110516,train
2016-08-30 01:00:00,Hog_public_Gerard,Hog,46.112,20.0,18.3,1023.6,4.6,8.0,1,1,0,8,0.25881904510252074,0.9659258262890683,0.7818314824680298,0.6234898018587336,48.789,43.03,61.656458333333326,20.906464962197266,train
2016-08-30 02:00:00,Hog_public_Gerard,Hog,38.991,21.1,18.9,1022.8,4.6,6.0,2,1,0,8,0.49999999999999994,0.8660254037844387,0.7818314824680298,0.6234898018587336,46.112,39.866,61.62,20.94684100080596,train
2016-08-30 03:00:00,Hog_public_Gerard,Hog,38.225,20.0,17.8,1021.5,6.7,4.0,3,1,0,8,0.7071067811865476,0.7071067811865476,0.7818314824680298,0.6234898018587336,38.991,38.515,61.607916666666675,20.960827748583768,train
2016-08-30 04:00:00,Hog_public_Gerard,Hog,32.713,20.0,17.2,1020.1,0.0,2.0,4,1,0,8,0.8660254037844386,0.5000000000000001,0.7818314824680298,0.6234898018587336,38.225,31.987,61.63816666666667,20.916698593658925,train
2016-08-30 05:00:00,Hog_public_Gerard,Hog,30.486,19.4,17.8,1020.3,2.6,3.333333333333333,5,1,0,8,0.9659258262890683,0.25881904510252074,0.7818314824680298,0.6234898018587336,32.713,30.798,61.625166666666665,20.93678684011489,train
2016-08-30 06:00:00,Hog_public_Gerard,Hog,30.629,19.4,17.8,1020.5,2.6,4.666666666666666,6,1,0,8,1.0,6.123233995736766e-17,0.7818314824680298,0.6234898018587336,30.486,30.099,61.64725000000001,20.902339636572048,train
2016-08-30 07:00:00,Hog_public_Gerard,Hog,36.807,19.4,17.8,1020.8,3.6,6.0,7,1,0,8,0.9659258262890683,-0.25881904510252063,0.7818314824680298,0.6234898018587336,30.629,36.16,61.67420833333333,20.868428533946954,train
2016-08-30 08:00:00,Hog_public_Gerard,Hog,69.98899999999999,20.0,17.8,1021.1,3.1,6.0,8,1,0,8,0.8660254037844387,-0.4999999999999998,0.7818314824680298,0.6234898018587336,36.807,68.425,61.739374999999995,20.89285374978212,train
2016-08-30 09:00:00,Hog_public_Gerard,Hog,80.545,20.6,18.3,1021.1,4.1,6.0,9,1,0,8,0.7071067811865476,-0.7071067811865475,0.7818314824680298,0.6234898018587336,69.98899999999999,78.46600000000002,61.82599999999999,20.969389931205882,train
2016-08-30 10:00:00,Hog_public_Gerard,Hog,80.939,22.2,18.3,1021.6,5.7,6.0,10,1,0,8,0.49999999999999994,-0.8660254037844387,0.7818314824680298,0.6234898018587336,80.545,78.646,61.92154166666666,21.05440934502214,train
2016-08-30 11:00:00,Hog_public_Gerard,Hog,82.745,22.8,16.7,1022.2,4.1,6.0,11,1,0,8,0.258819045102521,-0.9659258262890682,0.7818314824680298,0.6234898018587336,80.939,81.432,61.97624999999999,21.10894526693863,train
2016-08-30 12:00:00,Hog_public_Gerard,Hog,81.949,23.9,16.1,1022.2,3.6,6.0,12,1,0,8,1.2246467991473532e-16,-1.0,0.7818314824680298,0.6234898018587336,82.745,84.777,61.85841666666666,20.983655571019806,train
2016-08-30 13:00:00,Hog_public_Gerard,Hog,83.75299999999999,24.4,16.1,1021.9,3.6,6.0,13,1,0,8,-0.2588190451025208,-0.9659258262890683,0.7818314824680298,0.6234898018587336,81.949,81.14399999999998,61.967125,21.094376811621014,train
2016-08-30 14:00:00,Hog_public_Gerard,Hog,87.02600000000002,25.0,15.0,1021.4,1.5,5.333333333333333,14,1,0,8,-0.4999999999999997,-0.8660254037844388,0.7818314824680298,0.6234898018587336,83.75299999999999,85.488,62.03120833333333,21.171134939036364,train
2016-08-30 15:00:00,Hog_public_Gerard,Hog,87.48,26.1,13.3,1021.0,1.5,4.666666666666667,15,1,0,8,-0.7071067811865471,-0.7071067811865479,0.7818314824680298,0.6234898018587336,87.02600000000002,85.726,62.10429166666666,21.25933003664241,train
2016-08-30 16:00:00,Hog_public_Gerard,Hog,85.929,27.2,12.8,1020.6,3.6,4.0,16,1,0,8,-0.8660254037844385,-0.5000000000000004,0.7818314824680298,0.6234898018587336,87.48,86.86399999999998,62.06533333333334,21.2127901915365,train
2016-08-30 17:00:00,Hog_public_Gerard,Hog,85.574,26.7,13.3,1020.3,3.6,4.0,17,1,0,8,-0.9659258262890683,-0.25881904510252063,0.7818314824680298,0.6234898018587336,85.929,86.934,62.00866666666666,21.145177800905017,train
2016-08-30 18:00:00,Hog_public_Gerard,Hog,75.227,26.1,11.7,1020.3,4.1,2.0,18,1,0,8,-1.0,-1.8369701987210297e-16,0.7818314824680298,0.6234898018587336,85.574,72.346,62.12870833333333,21.214478805716407,train
2016-08-30 19:00:00,Hog_public_Gerard,Hog,71.654,24.4,11.1,1020.1,5.7,2.0,19,1,0,8,-0.9659258262890684,0.2588190451025203,0.7818314824680298,0.6234898018587336,75.227,65.545,62.383250000000004,21.293752595232213,train
2016-08-30 20:00:00,Hog_public_Gerard,Hog,71.52199999999998,22.2,10.0,1020.5,2.6,2.0,20,1,0,8,-0.8660254037844386,0.5000000000000001,0.7818314824680298,0.6234898018587336,71.654,65.40899999999999,62.63795833333333,21.36795065244084,train
2016-08-30 21:00:00,Hog_public_Gerard,Hog,73.524,20.6,11.7,1021.1,2.1,2.0,21,1,0,8,-0.7071067811865477,0.7071067811865474,0.7818314824680298,0.6234898018587336,71.52199999999998,68.07600000000001,62.864958333333334,21.45698544100689,train
2016-08-30 22:00:00,Hog_public_Gerard,Hog,51.87,19.4,12.8,1021.3,1.5,0.0,22,1,0,8,-0.5000000000000004,0.8660254037844384,0.7818314824680298,0.6234898018587336,73.524,46.3,63.09704166666666,21.299571047893835,train
2016-08-30 23:00:00,Hog_public_Gerard,Hog,50.578,18.9,12.8,1021.1,1.5,0.0,23,1,0,8,-0.25881904510252157,0.9659258262890681,0.7818314824680298,0.6234898018587336,51.87,41.851000000000006,63.46066666666667,20.99338247632104,train
2016-08-31 00:00:00,Hog_public_Gerard,Hog,46.879,17.8,13.9,1021.5,1.5,0.0,0,2,0,8,0.0,1.0,0.9749279121818236,-0.22252093395631434,50.578,48.789,63.38108333333334,21.054949167061366,train
2016-08-31 01:00:00,Hog_public_Gerard,Hog,46.88,17.8,12.8,1021.8,2.6,0.0,1,2,0,8,0.25881904510252074,0.9659258262890683,0.9749279121818236,-0.22252093395631434,46.879,46.112,63.41308333333333,21.028128447219345,train
2016-08-31 02:00:00,Hog_public_Gerard,Hog,41.122,17.2,12.2,1021.9,1.5,0.0,2,2,0,8,0.49999999999999994,0.8660254037844387,0.9749279121818236,-0.22252093395631434,46.88,38.991,63.501875000000005,20.924767210408444,train
2016-08-31 03:00:00,Hog_public_Gerard,Hog,37.751,17.2,11.7,1022.0,0.0,0.0,3,2,0,8,0.7071067811865476,0.7071067811865476,0.9749279121818236,-0.22252093395631434,41.122,38.225,63.482124999999996,20.949870910285117,train
2016-08-31 04:00:00,Hog_public_Gerard,Hog,32.356,16.1,12.2,1022.1,0.0,0.0,4,2,0,8,0.8660254037844386,0.5000000000000001,0.9749279121818236,-0.22252093395631434,37.751,32.713,63.46725,20.972781937445827,train
2016-08-31 05:00:00,Hog_public_Gerard,Hog,29.596,15.6,13.3,1022.3,1.5,0.0,5,2,0,8,0.9659258262890683,0.25881904510252074,0.9749279121818236,-0.22252093395631434,32.356,30.486,63.43016666666667,21.03433023223802,train
2016-08-31 06:00:00,Hog_public_Gerard,Hog,28.76,15.0,12.8,1022.2,0.0,4.0,6,2,0,8,1.0,6.123233995736766e-17,0.9749279121818236,-0.22252093395631434,29.596,30.629,63.352291666666666,21.164108753878967,train
2016-08-31 07:00:00,Hog_public_Gerard,Hog,35.607,14.4,12.2,1022.7,1.5,4.0,7,2,0,8,0.9659258262890683,-0.25881904510252063,0.9749279121818236,-0.22252093395631434,28.76,36.807,63.30229166666666,21.230860623730663,train
2016-08-31 08:00:00,Hog_public_Gerard,Hog,65.275,16.7,12.8,1022.8,0.0,4.0,8,2,0,8,0.8660254037844387,-0.4999999999999998,0.9749279121818236,-0.22252093395631434,35.607,69.98899999999999,63.105875000000005,21.18807169204352,train
2016-08-31 09:00:00,Hog_public_Gerard,Hog,79.804,18.9,13.3,1022.8,1.5,2.0,9,2,0,8,0.7071067811865476,-0.7071067811865475,0.9749279121818236,-0.22252093395631434,65.275,80.545,63.074999999999996,21.16207868272668,train
2016-08-31 10:00:00,Hog_public_Gerard,Hog,82.501,21.1,12.2,1023.0,2.6,2.0,10,2,0,8,0.49999999999999994,-0.8660254037844387,0.9749279121818236,-0.22252093395631434,79.804,80.939,63.14008333333334,21.221725461375023,train
2016-08-31 11:00:00,Hog_public_Gerard,Hog,88.068,22.8,11.1,1023.0,3.6,2.0,11,2,0,8,0.258819045102521,-0.9659258262890682,0.9749279121818236,-0.22252093395631434,82.501,82.745,63.361875000000005,21.461983781870277,train
2016-08-31 12:00:00,Hog_public_Gerard,Hog,80.485,24.4,10.6,1022.7,4.1,2.0,12,2,0,8,1.2246467991473532e-16,-1.0,0.9749279121818236,-0.22252093395631434,88.068,81.949,63.300875,21.408872693983117,train
2016-08-31 13:00:00,Hog_public_Gerard,Hog,81.93,25.0,10.6,1022.2,3.6,0.0,13,2,0,8,-0.2588190451025208,-0.9659258262890683,0.9749279121818236,-0.22252093395631434,80.485,83.75299999999999,63.22491666666667,21.33626480068453,train
2016-08-31 14:00:00,Hog_public_Gerard,Hog,85.449,25.6,10.6,1022.2,4.1,2.0,14,2,0,8,-0.4999999999999997,-0.8660254037844388,0.9749279121818236,-0.22252093395631434,81.93,87.02600000000002,63.15920833333333,21.262078091776427,train
2016-08-31 15:00:00,Hog_public_Gerard,Hog,81.437,26.1,10.0,1021.6,6.2,2.0,15,2,0,8,-0.7071067811865471,-0.7071067811865479,0.9749279121818236,-0.22252093395631434,85.449,87.48,62.90741666666667,20.99565418162756,train
2016-08-31 16:00:00,Hog_public_Gerard,Hog,83.61,26.1,10.0,1021.3,3.6,0.0,16,2,0,8,-0.8660254037844385,-0.5000000000000004,0.9749279121818236,-0.22252093395631434,81.437,85.929,62.81079166666666,20.890170309583596,train
2016-08-31 17:00:00,Hog_public_Gerard,Hog,84.958,26.1,11.1,1021.2,4.1,2.0,17,2,0,8,-0.9659258262890683,-0.25881904510252063,0.9749279121818236,-0.22252093395631434,83.61,85.574,62.785125,20.861344875802615,train
2016-08-31 18:00:00,Hog_public_Gerard,Hog,71.426,25.6,10.6,1020.8,4.6,4.0,18,2,0,8,-1.0,-1.8369701987210297e-16,0.9749279121818236,-0.22252093395631434,84.958,75.227,62.626749999999994,20.77703980934562,train
2016-08-31 19:00:00,Hog_public_Gerard,Hog,64.743,24.4,8.3,1020.7,3.6,4.0,19,2,0,8,-0.9659258262890684,0.2588190451025203,0.9749279121818236,-0.22252093395631434,71.426,71.654,62.33879166666666,20.6942136482624,train
2016-08-31 20:00:00,Hog_public_Gerard,Hog,63.615,22.2,8.9,1021.1,2.6,4.0,20,2,0,8,-0.8660254037844386,0.5000000000000001,0.9749279121818236,-0.22252093395631434,64.743,71.52199999999998,62.00933333333333,20.604403678037826,train
2016-08-31 21:00:00,Hog_public_Gerard,Hog,64.532,21.1,9.4,1021.8,2.1,2.0,21,2,0,8,-0.7071067811865477,0.7071067811865474,0.9749279121818236,-0.22252093395631434,63.615,73.524,61.63466666666667,20.467217337396757,train
2016-08-31 22:00:00,Hog_public_Gerard,Hog,42.566,20.0,10.6,1022.2,2.6,0.0,22,2,0,8,-0.5000000000000004,0.8660254037844384,0.9749279121818236,-0.22252093395631434,64.532,51.87,61.24700000000001,20.74641839178414,train
2016-08-31 23:00:00,Hog_public_Gerard,Hog,39.664,20.0,11.7,1022.4,1.5,0.0,23,2,0,8,-0.25881904510252157,0.9659258262890681,0.9749279121818236,-0.22252093395631434,42.566,50.578,60.79225,21.106926883289393,train
2016-09-01 00:00:00,Hog_public_Gerard,Hog,39.197,19.4,12.2,1022.6,0.0,0.0,0,3,0,9,0.0,1.0,0.43388373911755823,-0.900968867902419,39.664,46.879,60.47216666666666,21.383528558757355,train
2016-09-01 01:00:00,Hog_public_Gerard,Hog,41.056,17.8,12.8,1022.8,0.0,0.0,1,3,0,9,0.25881904510252074,0.9659258262890683,0.43388373911755823,-0.900968867902419,39.197,46.88,60.2295,21.576657068713693,train
2016-09-01 02:00:00,Hog_public_Gerard,Hog,39.63800000000001,17.8,12.8,1023.0,0.0,0.0,2,3,0,9,0.49999999999999994,0.8660254037844387,0.43388373911755823,-0.900968867902419,41.056,41.122,60.16766666666666,21.635840385536422,train
2016-09-01 03:00:00,Hog_public_Gerard,Hog,39.521,16.1,12.2,1023.2,2.1,0.0,3,3,0,9,0.7071067811865476,0.7071067811865476,0.43388373911755823,-0.900968867902419,39.63800000000001,37.751,60.24141666666667,21.558986740964993,train
2016-09-01 04:00:00,Hog_public_Gerard,Hog,33.94,16.7,12.2,1023.5,0.0,0.0,4,3,0,9,0.8660254037844386,0.5000000000000001,0.43388373911755823,-0.900968867902419,39.521,32.356,60.30741666666666,21.47215732649205,train
2016-09-01 05:00:00,Hog_public_Gerard,Hog,31.226,16.7,11.7,1023.8,1.5,2.0,5,3,0,9,0.9659258262890683,0.25881904510252074,0.43388373911755823,-0.900968867902419,33.94,29.596,60.37533333333334,21.37314284160238,train
2016-09-01 06:00:00,Hog_public_Gerard,Hog,32.072,16.1,11.7,1024.4,1.5,2.0,6,3,0,9,1.0,6.123233995736766e-17,0.43388373911755823,-0.900968867902419,31.226,28.76,60.51333333333333,21.16986242108198,train
2016-09-01 07:00:00,Hog_public_Gerard,Hog,36.823,15.6,11.7,1025.0,3.1,2.0,7,3,0,9,0.9659258262890683,-0.25881904510252063,0.43388373911755823,-0.900968867902419,32.072,35.607,60.564,21.109029147860404,train
2016-09-01 08:00:00,Hog_public_Gerard,Hog,65.873,17.2,12.2,1025.3,0.0,2.0,8,3,0,9,0.8660254037844387,-0.4999999999999998,0.43388373911755823,-0.900968867902419,36.823,65.275,60.58891666666667,21.11518372479593,train
2016-09-01 09:00:00,Hog_public_Gerard,Hog,78.56,17.8,12.2,1025.7,2.6,2.0,9,3,0,9,0.7071067811865476,-0.7071067811865475,0.43388373911755823,-0.900968867902419,65.873,79.804,60.537083333333335,21.067436807664347,train
2016-09-01 10:00:00,Hog_public_Gerard,Hog,78.17399999999998,20.0,12.8,1026.1,3.6,2.0,10,3,0,9,0.49999999999999994,-0.8660254037844387,0.43388373911755823,-0.900968867902419,78.56,82.501,60.35679166666667,20.889060613214255,train
2016-09-01 11:00:00,Hog_public_Gerard,Hog,86.178,20.6,11.1,1026.1,3.1,2.0,11,3,0,9,0.258819045102521,-0.9659258262890682,0.43388373911755823,-0.900968867902419,78.17399999999998,88.068,60.27804166666666,20.783344628685565,train
2016-09-01 12:00:00,Hog_public_Gerard,Hog,79.32,21.7,10.6,1025.8,3.6,2.0,12,3,0,9,1.2246467991473532e-16,-1.0,0.43388373911755823,-0.900968867902419,86.178,80.485,60.2295,20.73540238965409,train
2016-09-01 13:00:00,Hog_public_Gerard,Hog,78.339,22.2,11.1,1025.4,2.6,2.0,13,3,0,9,-0.2588190451025208,-0.9659258262890683,0.43388373911755823,-0.900968867902419,79.32,81.93,60.079874999999994,20.584411544561398,train
2016-09-01 14:00:00,Hog_public_Gerard,Hog,83.083,23.9,11.1,1025.3,4.1,4.0,14,3,0,9,-0.4999999999999997,-0.8660254037844388,0.43388373911755823,-0.900968867902419,78.339,85.449,59.98129166666667,20.462937841012664,train
2016-09-01 15:00:00,Hog_public_Gerard,Hog,83.86200000000002,23.3,11.1,1024.8,4.6,4.0,15,3,0,9,-0.7071067811865471,-0.7071067811865479,0.43388373911755823,-0.900968867902419,83.083,81.437,60.08233333333333,20.57914495343516,train
2016-09-01 16:00:00,Hog_public_Gerard,Hog,82.74,23.9,11.1,1024.3,3.1,4.0,16,3,0,9,-0.8660254037844385,-0.5000000000000004,0.43388373911755823,-0.900968867902419,83.86200000000002,83.61,60.046083333333335,20.536621566948664,train
2016-09-01 17:00:00,Hog_public_Gerard,Hog,82.23200000000001,23.9,11.7,1024.1,3.6,4.0,17,3,0,9,-0.9659258262890683,-0.25881904510252063,0.43388373911755823,-0.900968867902419,82.74,84.958,59.932500000000005,20.399932504150993,train
2016-09-01 18:00:00,Hog_public_Gerard,Hog,69.565,23.3,11.7,1024.0,4.6,4.0,18,3,0,9,-1.0,-1.8369701987210297e-16,0.43388373911755823,-0.900968867902419,82.23200000000001,71.426,59.854958333333336,20.357838860869983,train
2016-09-01 19:00:00,Hog_public_Gerard,Hog,69.048,22.2,11.7,1024.0,5.7,4.0,19,3,0,9,-0.9659258262890684,0.2588190451025203,0.43388373911755823,-0.900968867902419,69.565,64.743,60.03433333333333,20.421646364382262,train
2016-09-01 20:00:00,Hog_public_Gerard,Hog,68.63600000000001,21.1,12.2,1024.1,5.1,3.3333333333333335,20,3,0,9,-0.8660254037844386,0.5000000000000001,0.43388373911755823,-0.900968867902419,69.048,63.615,60.243541666666665,20.48554186436015,train
2016-09-01 21:00:00,Hog_public_Gerard,Hog,70.33800000000001,19.4,12.2,1024.5,4.1,2.666666666666667,21,3,0,9,-0.7071067811865477,0.7071067811865474,0.43388373911755823,-0.900968867902419,68.63600000000001,64.532,60.485458333333334,20.572484189745335,train
2016-09-01 22:00:00,Hog_public_Gerard,Hog,50.45399999999999,18.9,12.2,1024.5,4.6,2.0,22,3,0,9,-0.5000000000000004,0.8660254037844384,0.43388373911755823,-0.900968867902419,70.33800000000001,42.566,60.814125,20.33539864868869,train
2016-09-01 23:00:00,Hog_public_Gerard,Hog,47.795,17.8,12.2,1024.5,3.6,2.0,23,3,0,9,-0.25881904510252157,0.9659258262890681,0.43388373911755823,-0.900968867902419,50.45399999999999,39.664,61.15291666666667,20.033199826715258,train
2016-09-02 00:00:00,Hog_public_Gerard,Hog,47.511,17.2,12.2,1024.8,3.1,0.0,0,4,0,9,0.0,1.0,-0.433883739117558,-0.9009688679024191,47.795,39.197,61.49933333333334,19.70624343498383,train
2016-09-02 01:00:00,Hog_public_Gerard,Hog,43.12300000000001,16.7,12.2,1025.1,2.6,0.0,1,4,0,9,0.25881904510252074,0.9659258262890683,-0.433883739117558,-0.9009688679024191,47.511,41.056,61.58545833333333,19.617328659563242,train
2016-09-02 02:00:00,Hog_public_Gerard,Hog,38.676,15.6,12.2,1025.2,2.1,0.0,2,4,0,9,0.49999999999999994,0.8660254037844387,-0.433883739117558,-0.9009688679024191,43.12300000000001,39.63800000000001,61.54537500000001,19.665047584621743,train
2016-09-02 03:00:00,Hog_public_Gerard,Hog,37.463,15.6,12.2,1025.4,2.6,0.0,3,4,0,9,0.7071067811865476,0.7071067811865476,-0.433883739117558,-0.9009688679024191,38.676,39.521,61.459624999999996,19.769470795874017,train
2016-09-02 04:00:00,Hog_public_Gerard,Hog,32.56,15.0,12.2,1025.6,2.6,0.0,4,4,0,9,0.8660254037844386,0.5000000000000001,-0.433883739117558,-0.9009688679024191,37.463,33.94,61.402125000000005,19.854815046958148,train
2016-09-02 05:00:00,Hog_public_Gerard,Hog,30.894,14.4,11.7,1025.5,2.1,0.0,5,4,0,9,0.9659258262890683,0.25881904510252074,-0.433883739117558,-0.9009688679024191,32.56,31.226,61.38829166666667,19.876857015742655,train
2016-09-02 06:00:00,Hog_public_Gerard,Hog,30.802,13.9,11.1,1025.7,2.1,0.0,6,4,0,9,1.0,6.123233995736766e-17,-0.433883739117558,-0.9009688679024191,30.894,32.072,61.335375000000006,19.959814309959054,train
2016-09-02 07:00:00,Hog_public_Gerard,Hog,35.109,13.9,11.1,1025.5,3.1,0.0,7,4,0,9,0.9659258262890683,-0.25881904510252063,-0.433883739117558,-0.9009688679024191,30.802,36.823,61.263958333333335,20.054176749125048,train
2016-09-02 08:00:00,Hog_public_Gerard,Hog,67.387,15.0,11.7,1025.6,2.1,2.0,8,4,0,9,0.8660254037844387,-0.4999999999999998,-0.433883739117558,-0.9009688679024191,35.109,65.873,61.327041666666666,20.07167914268477,train
2016-09-02 09:00:00,Hog_public_Gerard,Hog,82.446,16.7,12.2,1025.8,2.6,2.0,9,4,0,9,0.7071067811865476,-0.7071067811865475,-0.433883739117558,-0.9009688679024191,67.387,78.56,61.488958333333336,20.231775828436415,train
2016-09-02 10:00:00,Hog_public_Gerard,Hog,82.455,18.3,12.8,1025.7,4.6,4.0,10,4,0,9,0.49999999999999994,-0.8660254037844387,-0.433883739117558,-0.9009688679024191,82.446,78.17399999999998,61.66733333333334,20.403420415868247,train
2016-09-02 11:00:00,Hog_public_Gerard,Hog,83.711,20.6,13.3,1025.3,5.1,4.0,11,4,0,9,0.258819045102521,-0.9659258262890682,-0.433883739117558,-0.9009688679024191,82.455,86.178,61.56454166666668,20.280411259827947,train
2016-09-02 12:00:00,Hog_public_Gerard,Hog,82.78399999999998,21.1,12.8,1025.1,5.1,4.0,12,4,0,9,1.2246467991473532e-16,-1.0,-0.433883739117558,-0.9009688679024191,83.711,79.32,61.708875,20.424086377975453,train
2016-09-02 13:00:00,Hog_public_Gerard,Hog,82.28399999999998,22.2,12.8,1024.2,6.2,6.0,13,4,0,9,-0.2588190451025208,-0.9659258262890683,-0.433883739117558,-0.9009688679024191,82.78399999999998,78.339,61.873250000000006,20.579033497079386,train
2016-09-02 14:00:00,Hog_public_Gerard,Hog,88.99600000000002,22.8,12.2,1023.5,5.7,6.0,14,4,0,9,-0.4999999999999997,-0.8660254037844388,-0.433883739117558,-0.9009688679024191,82.28399999999998,83.083,62.11962499999999,20.87723485524578,train
2016-09-02 15:00:00,Hog_public_Gerard,Hog,87.41,23.9,12.8,1023.0,5.1,6.0,15,4,0,9,-0.7071067811865471,-0.7071067811865479,-0.433883739117558,-0.9009688679024191,88.99600000000002,83.86200000000002,62.26745833333334,21.04973736690275,train
2016-09-02 16:00:00,Hog_public_Gerard,Hog,87.914,23.9,12.2,1022.3,5.7,6.0,16,4,0,9,-0.8660254037844385,-0.5000000000000004,-0.433883739117558,-0.9009688679024191,87.41,82.74,62.48304166666667,21.29360784158556,train
2016-09-02 17:00:00,Hog_public_Gerard,Hog,86.10799999999998,23.9,12.2,1021.8,6.7,6.0,17,4,0,9,-0.9659258262890683,-0.25881904510252063,-0.433883739117558,-0.9009688679024191,87.914,82.23200000000001,62.64454166666666,21.46392244022349,train
2016-09-02 18:00:00,Hog_public_Gerard,Hog,70.2,23.3,12.2,1021.3,5.1,6.0,18,4,0,9,-1.0,-1.8369701987210297e-16,-0.433883739117558,-0.9009688679024191,86.10799999999998,69.565,62.671,21.473213481391028,train
2016-09-02 19:00:00,Hog_public_Gerard,Hog,40.547,22.8,12.2,1021.1,4.1,6.0,19,4,0,9,-0.9659258262890684,0.2588190451025203,-0.433883739117558,-0.9009688679024191,70.2,69.048,61.48345833333334,21.889280439797556,train
2016-09-02 20:00:00,Hog_public_Gerard,Hog,38.43,20.6,12.8,1020.6,3.1,5.0,20,4,0,9,-0.8660254037844386,0.5000000000000001,-0.433883739117558,-0.9009688679024191,40.547,68.63600000000001,60.224875000000004,22.324211927884257,train
2016-09-02 21:00:00,Hog_public_Gerard,Hog,38.556,19.4,12.2,1020.7,4.1,4.0,21,4,0,9,-0.7071067811865477,0.7071067811865474,-0.433883739117558,-0.9009688679024191,38.43,70.33800000000001,58.90062499999999,22.638652605881514,train
2016-09-02 22:00:00,Hog_public_Gerard,Hog,38.812,18.3,11.7,1020.8,4.1,4.0,22,4,0,9,-0.5000000000000004,0.8660254037844384,-0.433883739117558,-0.9009688679024191,38.556,50.45399999999999,58.41554166666666,22.950094867624717,train
2016-09-02 23:00:00,Hog_public_Gerard,Hog,39.492,17.2,11.7,1021.0,3.1,4.0,23,4,0,9,-0.25881904510252157,0.9659258262890681,-0.433883739117558,-0.9009688679024191,38.812,47.795,58.06958333333333,23.178597402732862,train
2016-09-03 00:00:00,Hog_public_Gerard,Hog,39.234,16.1,11.7,1021.2,4.1,2.0,0,5,1,9,0.0,1.0,-0.9749279121818236,-0.2225209339563146,39.492,47.511,57.724708333333325,23.40301975215872,train
2016-09-03 01:00:00,Hog_public_Gerard,Hog,33.906,15.6,11.7,1021.0,3.6,0.0,1,5,1,9,0.25881904510252074,0.9659258262890683,-0.9749279121818236,-0.2225209339563146,39.234,43.12300000000001,57.34066666666667,23.726440891172924,train
2016-09-03 02:00:00,Hog_public_Gerard,Hog,34.018,15.6,11.7,1020.7,4.6,0.0,2,5,1,9,0.49999999999999994,0.8660254037844387,-0.9749279121818236,-0.2225209339563146,33.906,38.676,57.146583333333325,23.904142717032034,train
2016-09-03 03:00:00,Hog_public_Gerard,Hog,33.573,15.0,11.1,1020.7,3.1,0.0,3,5,1,9,0.7071067811865476,0.7071067811865476,-0.9749279121818236,-0.2225209339563146,34.018,37.463,56.9845,24.05611625382192,train
2016-09-03 04:00:00,Hog_public_Gerard,Hog,32.722,15.0,11.7,1020.6,3.1,2.0,4,5,1,9,0.8660254037844386,0.5000000000000001,-0.9749279121818236,-0.2225209339563146,33.573,32.56,56.99125,24.048986586711507,train
2016-09-03 05:00:00,Hog_public_Gerard,Hog,32.933,16.1,11.7,1020.4,4.6,4.0,5,5,1,9,0.9659258262890683,0.25881904510252074,-0.9749279121818236,-0.2225209339563146,32.722,30.894,57.076208333333334,23.956206502662152,train
2016-09-03 06:00:00,Hog_public_Gerard,Hog,32.936,15.0,11.7,1020.3,4.6,5.0,6,5,1,9,1.0,6.123233995736766e-17,-0.9749279121818236,-0.2225209339563146,32.933,30.802,57.16512499999999,23.858206114117205,train
2016-09-03 07:00:00,Hog_public_Gerard,Hog,32.983000000000004,15.6,11.7,1020.3,3.1,6.0,7,5,1,9,0.9659258262890683,-0.25881904510252063,-0.9749279121818236,-0.2225209339563146,32.936,35.109,57.076541666666664,23.94743897349979,train
2016-09-03 08:00:00,Hog_public_Gerard,Hog,30.84,15.6,11.7,1020.6,4.1,6.0,8,5,1,9,0.8660254037844387,-0.4999999999999998,-0.9749279121818236,-0.2225209339563146,32.983000000000004,67.387,55.55375,24.420619645042393,train
2016-09-03 09:00:00,Hog_public_Gerard,Hog,31.427,16.1,11.7,1020.6,4.6,6.0,9,5,1,9,0.7071067811865476,-0.7071067811865475,-0.9749279121818236,-0.2225209339563146,30.84,82.446,53.42795833333333,24.197452667727013,train
2016-09-03 10:00:00,Hog_public_Gerard,Hog,37.682,17.2,11.7,1020.7,5.1,6.0,10,5,1,9,0.49999999999999994,-0.8660254037844387,-0.9749279121818236,-0.2225209339563146,31.427,82.455,51.56241666666666,23.58032029305781,train
2016-09-03 11:00:00,Hog_public_Gerard,Hog,62.58,20.0,12.2,1020.6,6.2,6.0,11,5,1,9,0.258819045102521,-0.9659258262890682,-0.9749279121818236,-0.2225209339563146,37.682,83.711,50.681958333333334,22.70603768102456,train
2016-09-03 12:00:00,Hog_public_Gerard,Hog,61.651,21.1,12.8,1020.3,6.2,6.0,12,5,1,9,1.2246467991473532e-16,-1.0,-0.9749279121818236,-0.2225209339563146,62.58,82.78399999999998,49.80141666666666,21.798629488065924,train
2016-09-03 13:00:00,Hog_public_Gerard,Hog,60.65600000000001,22.2,12.2,1019.7,6.7,6.0,13,5,1,9,-0.2588190451025208,-0.9659258262890683,-0.9749279121818236,-0.2225209339563146,61.651,82.28399999999998,48.90025,20.822603751170686,train
2016-09-03 14:00:00,Hog_public_Gerard,Hog,60.221,23.3,13.3,1018.8,5.7,6.0,14,5,1,9,-0.4999999999999997,-0.8660254037844388,-0.9749279121818236,-0.2225209339563146,60.65600000000001,88.99600000000002,47.70129166666667,19.176921372994713,train
2016-09-03 15:00:00,Hog_public_Gerard,Hog,60.127,23.9,13.3,1018.4,5.7,6.0,15,5,1,9,-0.7071067811865471,-0.7071067811865479,-0.9749279121818236,-0.2225209339563146,60.221,87.41,46.5645,17.45173571783691,train
2016-09-03 16:00:00,Hog_public_Gerard,Hog,60.66,24.4,12.8,1017.7,7.2,6.0,16,5,1,9,-0.8660254037844385,-0.5000000000000004,-0.9749279121818236,-0.2225209339563146,60.127,87.914,45.42891666666667,15.411604340255668,train
2016-09-03 17:00:00,Hog_public_Gerard,Hog,60.669,23.9,12.8,1017.2,7.2,6.0,17,5,1,9,-0.9659258262890683,-0.25881904510252063,-0.9749279121818236,-0.2225209339563146,60.66,86.10799999999998,44.36895833333333,13.20969941888637,train
2016-09-03 18:00:00,Hog_public_Gerard,Hog,60.534,23.9,13.9,1016.6,6.2,6.0,18,5,1,9,-1.0,-1.8369701987210297e-16,-0.9749279121818236,-0.2225209339563146,60.669,70.2,43.966208333333334,12.517091841642355,train
2016-09-03 19:00:00,Hog_public_Gerard,Hog,39.869,22.8,13.9,1016.3,4.1,6.0,19,5,1,9,-0.9659258262890684,0.2588190451025203,-0.9749279121818236,-0.2225209339563146,60.534,40.547,43.937958333333334,12.525906206839663,train
2016-09-03 20:00:00,Hog_public_Gerard,Hog,37.749,21.7,12.8,1016.4,3.6,5.0,20,5,1,9,-0.8660254037844386,0.5000000000000001,-0.9749279121818236,-0.2225209339563146,39.869,38.43,43.90958333333333,12.539689653315088,train
2016-09-03 21:00:00,Hog_public_Gerard,Hog,39.151,20.0,12.8,1017.0,3.6,4.0,21,5,1,9,-0.7071067811865477,0.7071067811865474,-0.9749279121818236,-0.2225209339563146,37.749,38.556,43.934374999999996,12.529228942626409,train
2016-09-03 22:00:00,Hog_public_Gerard,Hog,38.639,18.3,12.8,1017.1,3.6,4.0,22,5,1,9,-0.5000000000000004,0.8660254037844384,-0.9749279121818236,-0.2225209339563146,39.151,38.812,43.927166666666665,12.532353461156868,train
2016-09-03 23:00:00,Hog_public_Gerard,Hog,40.466,17.8,13.3,1017.5,4.1,4.0,23,5,1,9,-0.25881904510252157,0.9659258262890681,-0.9749279121818236,-0.2225209339563146,38.639,39.492,43.96775,12.518936540645289,train
2016-09-04 00:00:00,Hog_public_Gerard,Hog,39.893,17.2,13.3,1017.6,4.6,4.0,0,6,1,9,0.0,1.0,-0.7818314824680299,0.6234898018587334,40.466,39.234,43.99520833333333,12.508820995355588,train
2016-09-04 01:00:00,Hog_public_Gerard,Hog,33.806999999999995,17.2,13.3,1017.3,4.6,0.0,1,6,1,9,0.25881904510252074,0.9659258262890683,-0.7818314824680299,0.6234898018587334,39.893,33.906,43.991083333333336,12.512308579665138,train
2016-09-04 02:00:00,Hog_public_Gerard,Hog,33.115,16.1,12.8,1017.2,4.6,0.0,2,6,1,9,0.49999999999999994,0.8660254037844387,-0.7818314824680299,0.6234898018587334,33.806999999999995,34.018,43.95345833333334,12.544917106764313,train
2016-09-04 03:00:00,Hog_public_Gerard,Hog,33.443000000000005,16.1,12.8,1016.9,4.6,0.0,3,6,1,9,0.7071067811865476,0.7071067811865476,-0.7818314824680299,0.6234898018587334,33.115,33.573,43.94804166666666,12.549621256988148,train
2016-09-04 04:00:00,Hog_public_Gerard,Hog,33.017,16.7,12.8,1017.1,4.6,0.0,4,6,1,9,0.8660254037844386,0.5000000000000001,-0.7818314824680299,0.6234898018587334,33.443000000000005,32.722,43.96033333333333,12.538287257928294,train
2016-09-04 05:00:00,Hog_public_Gerard,Hog,32.244,16.7,12.8,1016.6,4.6,0.0,5,6,1,9,0.9659258262890683,0.25881904510252074,-0.7818314824680299,0.6234898018587334,33.017,32.933,43.931625000000004,12.565393288928245,train
2016-09-04 06:00:00,Hog_public_Gerard,Hog,32.899,15.6,12.8,1016.8,3.1,2.0,6,6,1,9,1.0,6.123233995736766e-17,-0.7818314824680299,0.6234898018587334,32.244,32.936,43.930083333333336,12.56680320429068,train
2016-09-04 07:00:00,Hog_public_Gerard,Hog,32.839,15.6,12.8,1016.5,5.7,6.0,7,6,1,9,0.9659258262890683,-0.25881904510252063,-0.7818314824680299,0.6234898018587334,32.899,32.983000000000004,43.924083333333336,12.572290296406205,train
2016-09-04 08:00:00,Hog_public_Gerard,Hog,31.331,16.7,13.9,1016.3,5.1,6.0,8,6,1,9,0.8660254037844387,-0.4999999999999998,-0.7818314824680299,0.6234898018587334,32.839,30.84,43.94454166666667,12.550453970584561,train
2016-09-04 09:00:00,Hog_public_Gerard,Hog,29.742,18.9,14.4,1016.4,6.2,6.0,9,6,1,9,0.7071067811865476,-0.7071067811865475,-0.7818314824680299,0.6234898018587334,31.331,31.427,43.87433333333333,12.627996194332106,train
2016-09-04 10:00:00,Hog_public_Gerard,Hog,29.631,21.1,15.0,1016.4,5.7,6.0,10,6,1,9,0.49999999999999994,-0.8660254037844387,-0.7818314824680299,0.6234898018587334,29.742,37.682,43.538875,12.903574494024296,train
2016-09-04 11:00:00,Hog_public_Gerard,Hog,29.81900000000001,22.8,15.0,1015.9,6.2,6.0,11,6,1,9,0.258819045102521,-0.9659258262890682,-0.7818314824680299,0.6234898018587334,29.631,62.58,42.17383333333334,12.529099688904285,train
2016-09-04 12:00:00,Hog_public_Gerard,Hog,60.144,24.4,14.4,1015.2,7.2,6.0,12,6,1,9,1.2246467991473532e-16,-1.0,-0.7818314824680299,0.6234898018587334,29.81900000000001,61.651,42.111041666666665,12.430631938461595,train
2016-09-04 13:00:00,Hog_public_Gerard,Hog,61.442,25.0,15.6,1015.3,7.7,6.0,13,6,1,9,-0.2588190451025208,-0.9659258262890683,-0.7818314824680299,0.6234898018587334,60.144,60.65600000000001,42.143791666666665,12.482542188050395,train
2016-09-04 14:00:00,Hog_public_Gerard,Hog,59.636,25.6,15.0,1015.0,7.7,6.0,14,6,1,9,-0.4999999999999997,-0.8660254037844388,-0.7818314824680299,0.6234898018587334,61.442,60.221,42.11941666666667,12.446225898769356,train
2016-09-04 15:00:00,Hog_public_Gerard,Hog,59.668,25.6,15.0,1014.6,8.2,6.0,15,6,1,9,-0.7071067811865471,-0.7071067811865479,-0.7818314824680299,0.6234898018587334,59.636,60.127,42.10029166666667,12.417672086251727,train
2016-09-04 16:00:00,Hog_public_Gerard,Hog,60.456,25.0,15.6,1014.1,7.2,6.0,16,6,1,9,-0.8660254037844385,-0.5000000000000004,-0.7818314824680299,0.6234898018587334,59.668,60.66,42.09179166666667,12.404478262092237,train
2016-09-04 17:00:00,Hog_public_Gerard,Hog,61.078,25.0,15.6,1013.8,6.7,6.0,17,6,1,9,-0.9659258262890683,-0.25881904510252063,-0.7818314824680299,0.6234898018587334,60.456,60.669,42.10883333333334,12.431361689263332,train
2016-09-04 18:00:00,Hog_public_Gerard,Hog,60.382,24.4,15.0,1013.3,6.7,6.0,18,6,1,9,-1.0,-1.8369701987210297e-16,-0.7818314824680299,0.6234898018587334,61.078,60.534,42.1025,12.421601486051207,train
2016-09-04 19:00:00,Hog_public_Gerard,Hog,39.765,23.9,15.6,1013.1,6.7,6.0,19,6,1,9,-0.9659258262890684,0.2588190451025203,-0.7818314824680299,0.6234898018587334,60.382,39.869,42.098166666666664,12.42243264234634,train
2016-09-04 20:00:00,Hog_public_Gerard,Hog,38.867,23.3,15.0,1012.5,5.7,6.333333333333333,20,6,1,9,-0.8660254037844386,0.5000000000000001,-0.7818314824680299,0.6234898018587334,39.765,37.749,42.14475,12.40750169383899,train
2016-09-04 21:00:00,Hog_public_Gerard,Hog,39.434,22.8,15.0,1012.7,5.1,6.666666666666667,21,6,1,9,-0.7071067811865477,0.7071067811865474,-0.7818314824680299,0.6234898018587334,38.867,39.151,42.15654166666667,12.404666986327177,train
2016-09-04 22:00:00,Hog_public_Gerard,Hog,39.419,22.2,15.0,1012.7,5.7,7.0,22,6,1,9,-0.5000000000000004,0.8660254037844384,-0.7818314824680299,0.6234898018587334,39.434,38.639,42.18904166666667,12.396069213856418,train
2016-09-04 23:00:00,Hog_public_Gerard,Hog,39.348,20.6,16.1,1012.4,5.1,7.333333333333333,23,6,1,9,-0.25881904510252157,0.9659258262890681,-0.7818314824680299,0.6234898018587334,39.419,40.466,42.14245833333333,12.404923286233073,train
2016-09-05 00:00:00,Hog_public_Gerard,Hog,38.371,21.1,16.1,1012.1,4.6,7.666666666666666,0,0,0,9,0.0,1.0,0.0,1.0,39.348,39.893,42.07904166666667,12.42080322782243,train
2016-09-05 01:00:00,Hog_public_Gerard,Hog,38.504,21.1,15.6,1011.6,5.1,8.0,1,0,0,9,0.25881904510252074,0.9659258262890683,0.0,1.0,38.371,33.806999999999995,42.27475,12.321404356894371,train
2016-09-05 02:00:00,Hog_public_Gerard,Hog,38.636,20.0,16.1,1010.2,6.2,8.0,2,0,0,9,0.49999999999999994,0.8660254037844387,0.0,1.0,38.504,33.115,42.50479166666667,12.19383405118186,train
2016-09-05 03:00:00,Hog_public_Gerard,Hog,33.282,20.6,16.1,1008.9,7.2,8.0,3,0,0,9,0.7071067811865476,0.7071067811865476,0.0,1.0,38.636,33.443000000000005,42.498083333333334,12.199079227251628,train
2016-09-05 04:00:00,Hog_public_Gerard,Hog,32.456,20.6,16.7,1009.45,9.8,8.0,4,0,0,9,0.8660254037844386,0.5000000000000001,0.0,1.0,33.282,33.017,42.47470833333333,12.218557989632945,train
2016-09-05 05:00:00,Hog_public_Gerard,Hog,32.456,19.4,17.2,1010.0,5.7,8.0,5,0,0,9,0.9659258262890683,0.25881904510252074,0.0,1.0,32.456,32.244,42.48354166666667,12.210914426390506,train
2016-09-05 06:00:00,Hog_public_Gerard,Hog,32.431,19.4,17.8,1007.5,9.3,8.0,6,0,0,9,1.0,6.123233995736766e-17,0.0,1.0,32.456,32.899,42.46404166666667,12.227248517248057,train
2016-09-05 07:00:00,Hog_public_Gerard,Hog,45.504,20.0,17.2,1008.6,4.1,8.0,7,0,0,9,0.9659258262890683,-0.25881904510252063,0.0,1.0,32.431,32.839,42.991749999999996,12.066023873202974,train
2016-09-05 08:00:00,Hog_public_Gerard,Hog,44.191,20.0,17.2,1009.4,2.6,8.0,8,0,0,9,0.8660254037844387,-0.4999999999999998,0.0,1.0,45.504,31.331,43.52758333333333,11.80847104161195,train
2016-09-05 09:00:00,Hog_public_Gerard,Hog,42.277,20.6,17.8,1010.3,2.1,8.0,9,0,0,9,0.7071067811865476,-0.7071067811865475,0.0,1.0,44.191,29.742,44.04987499999999,11.4438030631832,train
2016-09-05 10:00:00,Hog_public_Gerard,Hog,40.788,22.8,18.3,1010.65,3.6,8.0,10,0,0,9,0.49999999999999994,-0.8660254037844387,0.0,1.0,42.277,29.631,44.51474999999999,11.052530142165923,train
2016-09-05 11:00:00,Hog_public_Gerard,Hog,36.015,23.9,18.3,1011.0,4.1,8.0,11,0,0,9,0.258819045102521,-0.9659258262890682,0.0,1.0,40.788,29.81900000000001,44.77291666666667,10.762908932459371,train
2016-09-05 12:00:00,Hog_public_Gerard,Hog,35.869,25.0,18.9,1010.9,5.1,8.0,12,0,0,9,1.2246467991473532e-16,-1.0,0.0,1.0,36.015,60.144,43.76145833333333,10.38975494115848,train
2016-09-05 13:00:00,Hog_public_Gerard,Hog,35.722,24.4,18.9,1011.1,4.1,8.0,13,0,0,9,-0.2588190451025208,-0.9659258262890683,0.0,1.0,35.869,61.442,42.68979166666667,9.796293105399236,train
2016-09-05 14:00:00,Hog_public_Gerard,Hog,35.32,24.4,18.9,1011.2,4.6,8.0,14,0,0,9,-0.4999999999999997,-0.8660254037844388,0.0,1.0,35.722,59.636,41.676624999999994,9.20716389233005,train
2016-09-05 15:00:00,Hog_public_Gerard,Hog,36.401,25.6,19.4,1010.3,5.1,8.0,15,0,0,9,-0.7071067811865471,-0.7071067811865479,0.0,1.0,35.32,59.668,40.707166666666666,8.421863878525638,train
2016-09-05 16:00:00,Hog_public_Gerard,Hog,36.207,25.0,19.4,1010.1,3.6,8.0,16,0,0,9,-0.8660254037844385,-0.5000000000000004,0.0,1.0,36.401,60.456,39.69679166666666,7.333881159915466,train
2016-09-05 17:00:00,Hog_public_Gerard,Hog,36.216,25.6,20.0,1010.5,2.6,8.0,17,0,0,9,-0.9659258262890683,-0.25881904510252063,0.0,1.0,36.207,61.078,38.660875,5.772041220683596,train
2016-09-05 18:00:00,Hog_public_Gerard,Hog,37.892,25.6,20.6,1010.5,1.5,8.0,18,0,0,9,-1.0,-1.8369701987210297e-16,0.0,1.0,36.216,60.382,37.72379166666666,3.4514487818669104,train
2016-09-05 19:00:00,Hog_public_Gerard,Hog,38.288,24.4,21.1,1010.2,2.6,8.0,19,0,0,9,-0.9659258262890684,0.2588190451025203,0.0,1.0,37.892,39.765,37.66225,3.426548348844145,train
2016-09-05 20:00:00,Hog_public_Gerard,Hog,37.573,24.4,21.1,1009.8,3.1,7.2,20,0,0,9,-0.8660254037844386,0.5000000000000001,0.0,1.0,38.288,38.867,37.60833333333333,3.4169344723620076,train
2016-09-05 21:00:00,Hog_public_Gerard,Hog,39.46,24.4,21.1,1009.9,3.1,6.4,21,0,0,9,-0.7071067811865477,0.7071067811865474,0.0,1.0,37.573,39.434,37.60941666666667,3.4175425307207807,train
2016-09-05 22:00:00,Hog_public_Gerard,Hog,39.857,25.0,21.7,1010.1,3.1,5.6,22,0,0,9,-0.5000000000000004,0.8660254037844384,0.0,1.0,39.46,39.419,37.62766666666666,3.4287770372283646,train
2016-09-05 23:00:00,Hog_public_Gerard,Hog,40.028,25.6,22.2,1009.8,4.1,4.8,23,0,0,9,-0.25881904510252157,0.9659258262890681,0.0,1.0,39.857,39.348,37.656,3.4463752981447326,train
2016-09-06 00:00:00,Hog_public_Gerard,Hog,39.822,26.7,22.2,1009.8,4.1,4.0,0,1,0,9,0.0,1.0,0.7818314824680298,0.6234898018587336,40.028,38.371,37.71645833333333,3.4720947690342396,train
2016-09-06 01:00:00,Hog_public_Gerard,Hog,43.317,27.2,21.7,1009.6,6.2,6.0,1,1,0,9,0.25881904510252074,0.9659258262890683,0.7818314824680298,0.6234898018587336,39.822,38.504,37.917,3.6537997255997148,train
2016-09-06 02:00:00,Hog_public_Gerard,Hog,39.03,27.2,21.7,1009.7,5.1,6.0,2,1,0,9,0.49999999999999994,0.8660254037844387,0.7818314824680298,0.6234898018587336,43.317,38.636,37.933416666666666,3.6580533302122054,train
2016-09-06 03:00:00,Hog_public_Gerard,Hog,39.402,25.6,22.2,1009.2,3.6,6.0,3,1,0,9,0.7071067811865476,0.7071067811865476,0.7818314824680298,0.6234898018587336,39.03,33.282,38.18841666666667,3.5308060776515147,train
2016-09-06 04:00:00,Hog_public_Gerard,Hog,32.158,25.0,22.2,1008.8,1.5,6.0,4,1,0,9,0.8660254037844386,0.5000000000000001,0.7818314824680298,0.6234898018587336,39.402,32.456,38.176,3.5523001121761073,train
2016-09-06 05:00:00,Hog_public_Gerard,Hog,29.757,23.9,22.2,1008.9,3.6,6.0,5,1,0,9,0.9659258262890683,0.25881904510252074,0.7818314824680298,0.6234898018587336,32.158,32.456,38.063541666666666,3.7768796987815048,train
2016-09-06 06:00:00,Hog_public_Gerard,Hog,30.357,24.4,22.2,1008.8,1.5,6.0,6,1,0,9,1.0,6.123233995736766e-17,0.7818314824680298,0.6234898018587336,29.757,32.431,37.977125,3.931903492033102,train
2016-09-06 07:00:00,Hog_public_Gerard,Hog,35.975,22.0,21.0,1008.3,7.2,6.0,7,1,0,9,0.9659258262890683,-0.25881904510252063,0.7818314824680298,0.6234898018587336,30.357,45.504,37.580083333333334,3.6064443758696663,train
2016-09-06 08:00:00,Hog_public_Gerard,Hog,67.692,22.2,20.6,1011.6,0.0,6.0,8,1,0,9,0.8660254037844387,-0.4999999999999998,0.7818314824680298,0.6234898018587336,35.975,44.191,38.55929166666667,7.037659798042297,train
2016-09-06 09:00:00,Hog_public_Gerard,Hog,86.15899999999998,22.2,20.6,1014.0,3.6,6.0,9,1,0,9,0.7071067811865476,-0.7071067811865475,0.7818314824680298,0.6234898018587336,67.692,42.277,40.38770833333333,11.997889982895979,train
2016-09-06 10:00:00,Hog_public_Gerard,Hog,85.39,22.2,20.6,1011.6,3.6,6.0,10,1,0,9,0.49999999999999994,-0.8660254037844387,0.7818314824680298,0.6234898018587336,86.15899999999998,40.788,42.246125,15.112609613548884,train
2016-09-06 11:00:00,Hog_public_Gerard,Hog,89.04299999999998,22.2,20.6,1012.5,2.6,6.0,11,1,0,9,0.258819045102521,-0.9659258262890682,0.7818314824680298,0.6234898018587336,85.39,36.015,44.455625,17.799545084105226,train
2016-09-06 12:00:00,Hog_public_Gerard,Hog,91.691,22.2,19.4,1012.7,2.1,6.0,12,1,0,9,1.2246467991473532e-16,-1.0,0.7818314824680298,0.6234898018587336,89.04299999999998,35.869,46.78154166666667,20.124137272308516,train
2016-09-06 13:00:00,Hog_public_Gerard,Hog,88.119,22.2,19.4,1013.2,2.1,6.0,13,1,0,9,-0.2588190451025208,-0.9659258262890683,0.7818314824680298,0.6234898018587336,91.691,35.722,48.96475,21.656045600829884,train
2016-09-06 14:00:00,Hog_public_Gerard,Hog,91.68,23.9,20.0,1013.7,2.1,6.333333333333333,14,1,0,9,-0.4999999999999997,-0.8660254037844388,0.7818314824680298,0.6234898018587336,88.119,35.32,51.31308333333333,23.11850422782342,train
2016-09-06 15:00:00,Hog_public_Gerard,Hog,82.557,24.4,20.0,1014.0,2.6,6.666666666666667,15,1,0,9,-0.7071067811865471,-0.7071067811865479,0.7818314824680298,0.6234898018587336,91.68,36.401,53.236250000000005,23.735633537216742,train
2016-09-06 16:00:00,Hog_public_Gerard,Hog,89.764,25.0,18.9,1013.4,1.5,7.0,16,1,0,9,-0.8660254037844385,-0.5000000000000004,0.7818314824680298,0.6234898018587336,82.557,36.207,55.46779166666666,24.568018601388925,train
2016-09-06 17:00:00,Hog_public_Gerard,Hog,84.68799999999997,26.1,18.9,1013.0,0.0,7.333333333333333,17,1,0,9,-0.9659258262890683,-0.25881904510252063,0.7818314824680298,0.6234898018587336,89.764,36.216,57.487458333333336,24.906612692702282,train
2016-09-06 18:00:00,Hog_public_Gerard,Hog,84.381,25.0,18.9,1013.3,0.0,7.666666666666666,18,1,0,9,-1.0,-1.8369701987210297e-16,0.7818314824680298,0.6234898018587336,84.68799999999997,37.892,59.4245,25.123204802835563,train
2016-09-06 19:00:00,Hog_public_Gerard,Hog,87.287,23.9,20.0,1013.1,2.6,8.0,19,1,0,9,-0.9659258262890684,0.2588190451025203,0.7818314824680298,0.6234898018587336,84.381,38.288,61.466125,25.32103811717686,train
2016-09-06 20:00:00,Hog_public_Gerard,Hog,85.336,23.3,20.6,1013.5,2.1,8.0,20,1,0,9,-0.8660254037844386,0.5000000000000001,0.7818314824680298,0.6234898018587336,87.287,37.573,63.45624999999999,25.2383416998992,train
2016-09-06 21:00:00,Hog_public_Gerard,Hog,81.48899999999998,22.8,20.6,1014.3,1.5,8.0,21,1,0,9,-0.7071067811865477,0.7071067811865474,0.7818314824680298,0.6234898018587336,85.336,39.46,65.20745833333332,24.957492587578955,train
2016-09-06 22:00:00,Hog_public_Gerard,Hog,64.215,22.2,20.0,1014.4,1.5,8.0,22,1,0,9,-0.5000000000000004,0.8660254037844384,0.7818314824680298,0.6234898018587336,81.48899999999998,39.857,66.22237499999999,24.37013133505939,train
2016-09-06 23:00:00,Hog_public_Gerard,Hog,49.587,22.2,20.6,1014.8,1.5,8.0,23,1,0,9,-0.25881904510252157,0.9659258262890681,0.7818314824680298,0.6234898018587336,64.215,40.028,66.62066666666665,23.998694782745215,train
2016-09-07 00:00:00,Hog_public_Gerard,Hog,46.585,21.7,20.0,1014.7,1.5,8.0,0,2,0,9,0.0,1.0,0.9749279121818236,-0.22252093395631434,49.587,39.822,66.90245833333333,23.70829310596164,train
2016-09-07 01:00:00,Hog_public_Gerard,Hog,47.698,21.7,20.0,1014.5,0.0,8.0,1,2,0,9,0.25881904510252074,0.9659258262890683,0.9749279121818236,-0.22252093395631434,46.585,43.317,67.085,23.535034371539915,train
2016-09-07 02:00:00,Hog_public_Gerard,Hog,48.594,21.7,20.0,1013.8,2.1,8.0,2,2,0,9,0.49999999999999994,0.8660254037844387,0.9749279121818236,-0.22252093395631434,47.698,39.03,67.4835,23.11659782776078,train
2016-09-07 03:00:00,Hog_public_Gerard,Hog,43.25,21.1,20.0,1013.7,2.6,8.0,3,2,0,9,0.7071067811865476,0.7071067811865476,0.9749279121818236,-0.22252093395631434,48.594,39.402,67.64383333333333,22.92591860122828,train
2016-09-07 04:00:00,Hog_public_Gerard,Hog,35.528,21.1,20.0,1013.5,0.0,8.0,4,2,0,9,0.8660254037844386,0.5000000000000001,0.9749279121818236,-0.22252093395631434,43.25,32.158,67.78425,22.708413767760746,train
2016-09-07 05:00:00,Hog_public_Gerard,Hog,31.263,21.1,20.0,1013.6,1.5,8.0,5,2,0,9,0.9659258262890683,0.25881904510252074,0.9749279121818236,-0.22252093395631434,35.528,29.757,67.847,22.600589394007436,train
2016-09-07 06:00:00,Hog_public_Gerard,Hog,30.17,21.1,20.0,1014.2,1.5,8.0,6,2,0,9,1.0,6.123233995736766e-17,0.9749279121818236,-0.22252093395631434,31.263,30.357,67.83920833333333,22.61410440407022,train
2016-09-07 07:00:00,Hog_public_Gerard,Hog,37.01300000000001,21.1,20.0,1014.3,2.6,8.0,7,2,0,9,0.9659258262890683,-0.25881904510252063,0.9749279121818236,-0.22252093395631434,30.17,35.975,67.88245833333333,22.551419475190784,train
2016-09-07 08:00:00,Hog_public_Gerard,Hog,70.714,21.1,19.4,1014.6,3.6,8.0,8,2,0,9,0.8660254037844387,-0.4999999999999998,0.9749279121818236,-0.22252093395631434,37.01300000000001,67.692,68.00837499999999,22.558745341330475,train
2016-09-07 09:00:00,Hog_public_Gerard,Hog,86.875,21.1,19.4,1013.3,2.6,8.0,9,2,0,9,0.7071067811865476,-0.7071067811865475,0.9749279121818236,-0.22252093395631434,70.714,86.15899999999998,68.03820833333333,22.584251719667808,train
2016-09-07 10:00:00,Hog_public_Gerard,Hog,89.024,20.0,18.9,1014.4,4.1,8.0,10,2,0,9,0.49999999999999994,-0.8660254037844387,0.9749279121818236,-0.22252093395631434,86.875,85.39,68.18962499999999,22.717434715888405,train
2016-09-07 11:00:00,Hog_public_Gerard,Hog,91.224,21.1,19.4,1013.8,3.6,8.0,11,2,0,9,0.258819045102521,-0.9659258262890682,0.9749279121818236,-0.22252093395631434,89.024,89.04299999999998,68.2805,22.80865902125387,train
2016-09-07 12:00:00,Hog_public_Gerard,Hog,90.326,21.7,20.0,1013.3,3.1,8.0,12,2,0,9,1.2246467991473532e-16,-1.0,0.9749279121818236,-0.22252093395631434,91.224,91.691,68.223625,22.749370016719322,train
2016-09-07 13:00:00,Hog_public_Gerard,Hog,89.48299999999998,21.7,19.4,1013.7,3.6,8.0,13,2,0,9,-0.2588190451025208,-0.9659258262890683,0.9749279121818236,-0.22252093395631434,90.326,88.119,68.28045833333333,22.802875285861116,train
2016-09-07 14:00:00,Hog_public_Gerard,Hog,89.49799999999998,22.8,20.0,1013.5,3.6,7.666666666666667,14,2,0,9,-0.4999999999999997,-0.8660254037844388,0.9749279121818236,-0.22252093395631434,89.48299999999998,91.68,68.18954166666667,22.70968279789034,train
2016-09-07 15:00:00,Hog_public_Gerard,Hog,90.405,23.3,19.4,1012.8,1.5,7.333333333333333,15,2,0,9,-0.7071067811865471,-0.7071067811865479,0.9749279121818236,-0.22252093395631434,89.49799999999998,82.557,68.51654166666667,22.98044477561616,train
2016-09-07 16:00:00,Hog_public_Gerard,Hog,92.291,23.3,19.4,1012.0,2.6,7.0,16,2,0,9,-0.8660254037844385,-0.5000000000000004,0.9749279121818236,-0.22252093395631434,90.405,89.764,68.62183333333333,23.087568346296816,train
2016-09-07 17:00:00,Hog_public_Gerard,Hog,87.875,24.4,19.4,1011.2,3.1,6.666666666666667,17,2,0,9,-0.9659258262890683,-0.25881904510252063,0.9749279121818236,-0.22252093395631434,92.291,84.68799999999997,68.75462499999999,23.19291794794731,train
2016-09-07 18:00:00,Hog_public_Gerard,Hog,86.53399999999998,24.4,18.9,1010.5,3.1,6.333333333333334,18,2,0,9,-1.0,-1.8369701987210297e-16,0.9749279121818236,-0.22252093395631434,87.875,84.381,68.84433333333334,23.26005404432515,train
2016-09-07 19:00:00,Hog_public_Gerard,Hog,84.45299999999997,23.9,19.4,1010.8,2.6,6.0,19,2,0,9,-0.9659258262890684,0.2588190451025203,0.9749279121818236,-0.22252093395631434,86.53399999999998,87.287,68.72625000000001,23.169373054980763,train
2016-09-07 20:00:00,Hog_public_Gerard,Hog,87.745,23.3,19.4,1011.1,3.1,5.0,20,2,0,9,-0.8660254037844386,0.5000000000000001,0.9749279121818236,-0.22252093395631434,84.45299999999997,85.336,68.82662499999999,23.24953833260667,train
2016-09-07 21:00:00,Hog_public_Gerard,Hog,85.495,22.2,20.0,1010.6,3.1,4.0,21,2,0,9,-0.7071067811865477,0.7071067811865474,0.9749279121818236,-0.22252093395631434,87.745,81.48899999999998,68.99354166666667,23.35852331913046,train
2016-09-07 22:00:00,Hog_public_Gerard,Hog,63.918,22.2,19.4,1010.4,3.1,4.5,22,2,0,9,-0.5000000000000004,0.8660254037844384,0.9749279121818236,-0.22252093395631434,85.495,64.215,68.98116666666667,23.36124350410248,train
2016-09-07 23:00:00,Hog_public_Gerard,Hog,43.758,21.1,19.4,1009.9,3.1,5.0,23,2,0,9,-0.25881904510252157,0.9659258262890681,0.9749279121818236,-0.22252093395631434,63.918,49.587,68.73829166666665,23.600714592127446,train
2016-09-08 00:00:00,Hog_public_Gerard,Hog,40.969,21.7,19.4,1009.7,3.6,5.5,0,3,0,9,0.0,1.0,0.43388373911755823,-0.900968867902419,43.758,46.585,68.50429166666667,23.856369905858358,train
2016-09-08 01:00:00,Hog_public_Gerard,Hog,42.992,21.7,19.4,1009.2,3.6,6.0,1,3,0,9,0.25881904510252074,0.9659258262890683,0.43388373911755823,-0.900968867902419,40.969,47.698,68.30820833333333,24.05334591382999,train
2016-09-08 02:00:00,Hog_public_Gerard,Hog,46.06800000000001,22.2,19.4,1008.7,3.1,5.0,2,3,0,9,0.49999999999999994,0.8660254037844387,0.43388373911755823,-0.900968867902419,42.992,48.594,68.20295833333333,24.14869727061386,train
2016-09-08 03:00:00,Hog_public_Gerard,Hog,42.389,21.7,18.9,1008.8,5.1,4.0,3,3,0,9,0.7071067811865476,0.7071067811865476,0.43388373911755823,-0.900968867902419,46.06800000000001,43.25,68.16708333333332,24.18798638547776,train
2016-09-08 04:00:00,Hog_public_Gerard,Hog,35.375,21.1,18.9,1009.0999999999999,3.6,3.0,4,3,0,9,0.8660254037844386,0.5000000000000001,0.43388373911755823,-0.900968867902419,42.389,35.528,68.16070833333332,24.196981267845146,train
2016-09-08 05:00:00,Hog_public_Gerard,Hog,31.74,20.0,16.7,1009.4,6.2,2.0,5,3,0,9,0.9659258262890683,0.25881904510252074,0.43388373911755823,-0.900968867902419,35.375,31.263,68.18058333333333,24.16553186006279,train
2016-09-08 06:00:00,Hog_public_Gerard,Hog,31.549,17.8,14.4,1010.4,5.7,2.0,6,3,0,9,1.0,6.123233995736766e-17,0.43388373911755823,-0.900968867902419,31.74,30.17,68.23804166666666,24.07268577432714,train
2016-09-08 07:00:00,Hog_public_Gerard,Hog,37.372,16.7,13.9,1011.6,4.1,2.0,7,3,0,9,0.9659258262890683,-0.25881904510252063,0.43388373911755823,-0.900968867902419,31.549,37.01300000000001,68.253,24.052542611685695,train
2016-09-08 08:00:00,Hog_public_Gerard,Hog,69.172,17.2,13.3,1012.5,6.2,2.0,8,3,0,9,0.8660254037844387,-0.4999999999999998,0.43388373911755823,-0.900968867902419,37.372,70.714,68.18875,24.04774192282835,train
2016-09-08 09:00:00,Hog_public_Gerard,Hog,82.646,17.8,13.3,1012.8,5.1,2.0,9,3,0,9,0.7071067811865476,-0.7071067811865475,0.43388373911755823,-0.900968867902419,69.172,86.875,68.01254166666666,23.920021139257713,train
2016-09-08 10:00:00,Hog_public_Gerard,Hog,81.59,18.9,13.3,1012.7,4.6,2.0,10,3,0,9,0.49999999999999994,-0.8660254037844387,0.43388373911755823,-0.900968867902419,82.646,89.024,67.70279166666667,23.683064736273813,train
2016-09-08 11:00:00,Hog_public_Gerard,Hog,84.24600000000002,21.1,13.9,1013.0,4.1,2.0,11,3,0,9,0.258819045102521,-0.9659258262890682,0.43388373911755823,-0.900968867902419,81.59,91.224,67.41204166666667,23.423154114046262,train
2016-09-08 12:00:00,Hog_public_Gerard,Hog,85.98899999999998,22.2,13.3,1012.8,2.1,0.0,12,3,0,9,1.2246467991473532e-16,-1.0,0.43388373911755823,-0.900968867902419,84.24600000000002,90.326,67.23133333333332,23.254813042103528,train
2016-09-08 13:00:00,Hog_public_Gerard,Hog,87.999,23.9,12.8,1012.6,4.1,0.0,13,3,0,9,-0.2588190451025208,-0.9659258262890683,0.43388373911755823,-0.900968867902419,85.98899999999998,89.48299999999998,67.1695,23.194970528674684,train
2016-09-08 14:00:00,Hog_public_Gerard,Hog,88.25200000000002,24.4,13.3,1012.2,3.6,2.0,14,3,0,9,-0.4999999999999997,-0.8660254037844388,0.43388373911755823,-0.900968867902419,87.999,89.49799999999998,67.11758333333333,23.14415912402028,train
2016-09-08 15:00:00,Hog_public_Gerard,Hog,88.934,25.0,11.7,1011.9,5.1,2.0,15,3,0,9,-0.7071067811865471,-0.7071067811865479,0.43388373911755823,-0.900968867902419,88.25200000000002,90.405,67.05629166666667,23.0816701574877,train
2016-09-08 16:00:00,Hog_public_Gerard,Hog,87.029,25.0,11.7,1011.8,3.6,2.0,16,3,0,9,-0.8660254037844385,-0.5000000000000004,0.43388373911755823,-0.900968867902419,88.934,92.291,66.83704166666666,22.855429682128282,train
2016-09-08 17:00:00,Hog_public_Gerard,Hog,85.809,25.0,10.0,1012.0,4.1,2.0,17,3,0,9,-0.9659258262890683,-0.25881904510252063,0.43388373911755823,-0.900968867902419,87.029,87.875,66.75095833333334,22.776501030055115,train
2016-09-08 18:00:00,Hog_public_Gerard,Hog,83.166,24.4,11.1,1012.2,3.1,4.0,18,3,0,9,-1.0,-1.8369701987210297e-16,0.43388373911755823,-0.900968867902419,85.809,86.53399999999998,66.610625,22.65938637799299,train
2016-09-08 19:00:00,Hog_public_Gerard,Hog,84.773,23.3,11.1,1012.3,2.6,6.0,19,3,0,9,-0.9659258262890684,0.2588190451025203,0.43388373911755823,-0.900968867902419,83.166,84.45299999999997,66.62395833333333,22.670433193304927,train
2016-09-08 20:00:00,Hog_public_Gerard,Hog,84.75399999999998,22.2,11.7,1011.8,2.1,5.6,20,3,0,9,-0.8660254037844386,0.5000000000000001,0.43388373911755823,-0.900968867902419,84.773,87.745,66.49933333333333,22.55721585438792,train
2016-09-08 21:00:00,Hog_public_Gerard,Hog,80.464,21.7,13.9,1012.6,0.0,5.2,21,3,0,9,-0.7071067811865477,0.7071067811865474,0.43388373911755823,-0.900968867902419,84.75399999999998,85.495,66.28970833333334,22.395812538487156,train
2016-09-08 22:00:00,Hog_public_Gerard,Hog,61.575,20.6,14.4,1012.0,2.6,4.8,22,3,0,9,-0.5000000000000004,0.8660254037844384,0.43388373911755823,-0.900968867902419,80.464,63.918,66.19208333333334,22.411701506747246,train
2016-09-08 23:00:00,Hog_public_Gerard,Hog,42.574,21.1,13.9,1012.1,1.5,4.4,23,3,0,9,-0.25881904510252157,0.9659258262890681,0.43388373911755823,-0.900968867902419,61.575,43.758,66.14274999999999,22.464472179034374,train
2016-09-09 00:00:00,Hog_public_Gerard,Hog,41.846,20.0,13.9,1012.0,0.0,4.0,0,4,0,9,0.0,1.0,-0.433883739117558,-0.9009688679024191,42.574,40.969,66.17929166666666,22.422417025357873,train
2016-09-09 01:00:00,Hog_public_Gerard,Hog,47.805,18.9,14.4,1011.4,3.1,4.0,1,4,0,9,0.25881904510252074,0.9659258262890683,-0.433883739117558,-0.9009688679024191,41.846,42.992,66.37983333333334,22.226686812628355,train
2016-09-09 02:00:00,Hog_public_Gerard,Hog,38.784,18.9,15.6,1011.8,1.5,4.0,2,4,0,9,0.49999999999999994,0.8660254037844387,-0.433883739117558,-0.9009688679024191,47.805,46.06800000000001,66.07633333333332,22.563280773756354,train
2016-09-09 03:00:00,Hog_public_Gerard,Hog,40.654,19.4,15.0,1011.6,4.1,4.0,3,4,0,9,0.7071067811865476,0.7071067811865476,-0.433883739117558,-0.9009688679024191,38.784,42.389,66.00404166666667,22.645104614423605,train
2016-09-09 04:00:00,Hog_public_Gerard,Hog,31.985,17.8,16.1,1011.7,4.1,4.0,4,4,0,9,0.8660254037844386,0.5000000000000001,-0.433883739117558,-0.9009688679024191,40.654,35.375,65.86279166666667,22.854069862992393,train
2016-09-09 05:00:00,Hog_public_Gerard,Hog,29.50800000000001,18.3,14.4,1012.2,4.1,4.0,5,4,0,9,0.9659258262890683,0.25881904510252074,-0.433883739117558,-0.9009688679024191,31.985,31.74,65.76979166666668,23.003018803738474,train
2016-09-09 06:00:00,Hog_public_Gerard,Hog,30.63300000000001,17.8,13.9,1011.4,5.1,6.0,6,4,0,9,1.0,6.123233995736766e-17,-0.433883739117558,-0.9009688679024191,29.50800000000001,31.549,65.731625,23.062948536583256,train
2016-09-09 07:00:00,Hog_public_Gerard,Hog,36.45,17.2,14.4,1011.6,3.1,8.0,7,4,0,9,0.9659258262890683,-0.25881904510252063,-0.433883739117558,-0.9009688679024191,30.63300000000001,37.372,65.69320833333333,23.112955619661673,train
2016-09-09 08:00:00,Hog_public_Gerard,Hog,68.624,17.2,15.6,1009.9,4.1,8.0,8,4,0,9,0.8660254037844387,-0.4999999999999998,-0.433883739117558,-0.9009688679024191,36.45,69.172,65.67037499999999,23.109639940025232,train
2016-09-09 09:00:00,Hog_public_Gerard,Hog,81.72800000000002,17.8,15.6,1010.6,4.1,8.0,9,4,0,9,0.7071067811865476,-0.7071067811865475,-0.433883739117558,-0.9009688679024191,68.624,82.646,65.632125,23.08106310247035,train
2016-09-09 10:00:00,Hog_public_Gerard,Hog,85.27799999999998,18.9,16.1,1011.6,2.1,8.0,10,4,0,9,0.49999999999999994,-0.8660254037844387,-0.433883739117558,-0.9009688679024191,81.72800000000002,81.59,65.78579166666667,23.203875058647416,train
2016-09-09 11:00:00,Hog_public_Gerard,Hog,88.992,18.9,16.1,1012.5,2.1,8.0,11,4,0,9,0.258819045102521,-0.9659258262890682,-0.433883739117558,-0.9009688679024191,85.27799999999998,84.24600000000002,65.98354166666667,23.387534862715025,train
2016-09-09 12:00:00,Hog_public_Gerard,Hog,88.618,20.0,16.7,1011.7,0.0,8.0,12,4,0,9,1.2246467991473532e-16,-1.0,-0.433883739117558,-0.9009688679024191,88.992,85.98899999999998,66.09308333333333,23.491236530499723,train
2016-09-09 13:00:00,Hog_public_Gerard,Hog,88.514,21.1,16.7,1011.9,2.6,8.0,13,4,0,9,-0.2588190451025208,-0.9659258262890683,-0.433883739117558,-0.9009688679024191,88.618,87.999,66.11454166666667,23.512342479382063,train
2016-09-09 14:00:00,Hog_public_Gerard,Hog,88.765,22.2,16.7,1011.8,1.5,7.5,14,4,0,9,-0.4999999999999997,-0.8660254037844388,-0.433883739117558,-0.9009688679024191,88.514,88.25200000000002,66.13591666666666,23.533566185006013,train
2016-09-09 15:00:00,Hog_public_Gerard,Hog,91.117,22.2,16.7,1011.9,4.1,7.0,15,4,0,9,-0.7071067811865471,-0.7071067811865479,-0.433883739117558,-0.9009688679024191,88.765,88.934,66.226875,23.629535974601797,train
2016-09-09 16:00:00,Hog_public_Gerard,Hog,89.861,22.8,15.0,1011.6,3.1,6.5,16,4,0,9,-0.8660254037844385,-0.5000000000000004,-0.433883739117558,-0.9009688679024191,91.117,87.029,66.344875,23.74472353526789,train
2016-09-09 17:00:00,Hog_public_Gerard,Hog,85.40100000000002,22.8,15.6,1012.0,3.6,6.0,17,4,0,9,-0.9659258262890683,-0.25881904510252063,-0.433883739117558,-0.9009688679024191,89.861,85.809,66.32787499999999,23.730324027748907,train
2016-09-09 18:00:00,Hog_public_Gerard,Hog,82.573,22.8,15.6,1012.0,2.6,5.5,18,4,0,9,-1.0,-1.8369701987210297e-16,-0.433883739117558,-0.9009688679024191,85.40100000000002,83.166,66.30316666666666,23.71233157931832,train
2016-09-09 19:00:00,Hog_public_Gerard,Hog,49.474,22.2,16.1,1011.7,2.6,5.0,19,4,0,9,-0.9659258262890684,0.2588190451025203,-0.433883739117558,-0.9009688679024191,82.573,84.773,64.832375,23.611425032611933,train
2016-09-09 20:00:00,Hog_public_Gerard,Hog,40.19300000000001,21.1,13.3,1012.4,4.6,4.5,20,4,0,9,-0.8660254037844386,0.5000000000000001,-0.433883739117558,-0.9009688679024191,49.474,84.75399999999998,62.975666666666676,23.7285160452597,train
2016-09-09 21:00:00,Hog_public_Gerard,Hog,40.819,19.4,11.1,1012.5,5.1,4.0,21,4,0,9,-0.7071067811865477,0.7071067811865474,-0.433883739117558,-0.9009688679024191,40.19300000000001,80.464,61.323791666666665,23.837825610241346,train
2016-09-09 22:00:00,Hog_public_Gerard,Hog,41.297,18.3,11.1,1012.8,3.6,5.0,22,4,0,9,-0.5000000000000004,0.8660254037844384,-0.433883739117558,-0.9009688679024191,40.819,61.575,60.478874999999995,24.185371472122736,train
2016-09-09 23:00:00,Hog_public_Gerard,Hog,39.734,17.8,10.0,1012.0,5.1,6.0,23,4,0,9,-0.25881904510252157,0.9659258262890681,-0.433883739117558,-0.9009688679024191,41.297,42.574,60.36054166666667,24.283533218282074,train
2016-09-10 00:00:00,Hog_public_Gerard,Hog,38.965,17.8,10.6,1012.5,4.1,7.0,0,5,1,9,0.0,1.0,-0.9749279121818236,-0.2225209339563146,39.734,41.846,60.240500000000004,24.3859410477146,train
2016-09-10 01:00:00,Hog_public_Gerard,Hog,34.312,17.2,11.7,1012.9,3.1,8.0,1,5,1,9,0.25881904510252074,0.9659258262890683,-0.9749279121818236,-0.2225209339563146,38.965,47.805,59.67829166666667,24.836477689915494,train
2016-09-10 02:00:00,Hog_public_Gerard,Hog,33.56,16.7,12.8,1012.8,3.1,6.5,2,5,1,9,0.49999999999999994,0.8660254037844387,-0.9749279121818236,-0.2225209339563146,34.312,38.784,59.460625,25.049534403054,train
2016-09-10 03:00:00,Hog_public_Gerard,Hog,32.717,16.1,12.2,1012.2,4.6,5.0,3,5,1,9,0.7071067811865476,0.7071067811865476,-0.9749279121818236,-0.2225209339563146,33.56,40.654,59.129916666666674,25.359097929911545,train
2016-09-10 04:00:00,Hog_public_Gerard,Hog,32.321,15.6,12.2,1012.0,2.6,3.5,4,5,1,9,0.8660254037844386,0.5000000000000001,-0.9749279121818236,-0.2225209339563146,32.717,31.985,59.14391666666666,25.343548452548433,train
2016-09-10 05:00:00,Hog_public_Gerard,Hog,32.81,15.6,12.2,1012.2,6.7,2.0,5,5,1,9,0.9659258262890683,0.25881904510252074,-0.9749279121818236,-0.2225209339563146,32.321,29.50800000000001,59.2815,25.184129421039266,train
2016-09-10 06:00:00,Hog_public_Gerard,Hog,32.41,14.4,11.7,1013.0,5.1,2.0,6,5,1,9,1.0,6.123233995736766e-17,-0.9749279121818236,-0.2225209339563146,32.81,30.63300000000001,59.35554166666666,25.09870774948073,train
2016-09-10 07:00:00,Hog_public_Gerard,Hog,32.726,14.4,11.1,1013.6,5.7,2.0,7,5,1,9,0.9659258262890683,-0.25881904510252063,-0.9749279121818236,-0.2225209339563146,32.41,36.45,59.20037500000001,25.257481728946118,train
2016-09-10 08:00:00,Hog_public_Gerard,Hog,31.91,15.0,11.1,1014.1,4.1,4.0,8,5,1,9,0.8660254037844387,-0.4999999999999998,-0.9749279121818236,-0.2225209339563146,32.726,68.624,57.670625,25.7685563645722,train
2016-09-10 09:00:00,Hog_public_Gerard,Hog,31.476,16.1,11.1,1014.9,7.2,4.0,9,5,1,9,0.7071067811865476,-0.7071067811865475,-0.9749279121818236,-0.2225209339563146,31.91,81.72800000000002,55.57679166666667,25.770396909395057,train
2016-09-10 10:00:00,Hog_public_Gerard,Hog,38.064,17.8,9.4,1015.6,8.8,2.0,10,5,1,9,0.49999999999999994,-0.8660254037844387,-0.9749279121818236,-0.2225209339563146,31.476,85.27799999999998,53.609541666666665,25.200294651450665,train
2016-09-10 11:00:00,Hog_public_Gerard,Hog,82.363,18.9,8.9,1016.0,7.2,2.0,11,5,1,9,0.258819045102521,-0.9659258262890682,-0.9749279121818236,-0.2225209339563146,38.064,88.992,53.333333333333336,24.829219800148042,train
2016-09-10 12:00:00,Hog_public_Gerard,Hog,82.04899999999998,19.4,8.9,1016.2,7.7,4.0,12,5,1,9,1.2246467991473532e-16,-1.0,-0.9749279121818236,-0.2225209339563146,82.363,88.618,53.059625000000004,24.456756340106786,train
2016-09-10 13:00:00,Hog_public_Gerard,Hog,78.976,21.1,8.3,1016.3,6.7,4.0,13,5,1,9,-0.2588190451025208,-0.9659258262890683,-0.9749279121818236,-0.2225209339563146,82.04899999999998,88.514,52.66220833333333,23.927347126665197,train
2016-09-10 14:00:00,Hog_public_Gerard,Hog,78.532,21.7,8.9,1016.4,7.7,4.0,14,5,1,9,-0.4999999999999997,-0.8660254037844388,-0.9749279121818236,-0.2225209339563146,78.976,88.765,52.23583333333334,23.340004928405154,train
2016-09-10 15:00:00,Hog_public_Gerard,Hog,78.71600000000002,21.7,8.9,1016.6,5.7,4.0,15,5,1,9,-0.7071067811865471,-0.7071067811865479,-0.9749279121818236,-0.2225209339563146,78.532,91.117,51.719125,22.566260402399845,train
2016-09-10 16:00:00,Hog_public_Gerard,Hog,75.488,21.7,8.9,1016.6,5.7,4.0,16,5,1,9,-0.8660254037844385,-0.5000000000000004,-0.9749279121818236,-0.2225209339563146,78.71600000000002,89.861,51.12025,21.683473627246272,train
2016-09-10 17:00:00,Hog_public_Gerard,Hog,77.667,20.6,7.2,1016.8,6.7,4.0,17,5,1,9,-0.9659258262890683,-0.25881904510252063,-0.9749279121818236,-0.2225209339563146,75.488,85.40100000000002,50.798,21.204026986277604,train
2016-09-10 18:00:00,Hog_public_Gerard,Hog,79.428,21.1,8.9,1016.9,4.1,4.0,18,5,1,9,-1.0,-1.8369701987210297e-16,-0.9749279121818236,-0.2225209339563146,77.667,82.573,50.66695833333333,21.00792980608335,train
2016-09-10 19:00:00,Hog_public_Gerard,Hog,46.277,20.0,8.3,1017.1,3.6,0.0,19,5,1,9,-0.9659258262890684,0.2588190451025203,-0.9749279121818236,-0.2225209339563146,79.428,49.474,50.53375,21.025951207868303,train
2016-09-10 20:00:00,Hog_public_Gerard,Hog,40.69300000000001,18.3,8.9,1017.5,1.5,2.0,20,5,1,9,-0.8660254037844386,0.5000000000000001,-0.9749279121818236,-0.2225209339563146,46.277,40.19300000000001,50.55458333333333,21.01550482468214,train
2016-09-10 21:00:00,Hog_public_Gerard,Hog,41.694,18.9,8.9,1017.8,1.5,0.0,21,5,1,9,-0.7071067811865477,0.7071067811865474,-0.9749279121818236,-0.2225209339563146,40.69300000000001,40.819,50.59104166666666,20.998633126280097,train
2016-09-10 22:00:00,Hog_public_Gerard,Hog,41.938,17.8,10.0,1018.1,2.1,0.0,22,5,1,9,-0.5000000000000004,0.8660254037844384,-0.9749279121818236,-0.2225209339563146,41.694,41.297,50.61775,20.986702251974936,train
2016-09-10 23:00:00,Hog_public_Gerard,Hog,41.206,17.2,10.6,1018.3,2.1,4.0,23,5,1,9,-0.25881904510252157,0.9659258262890681,-0.9749279121818236,-0.2225209339563146,41.938,39.734,50.67908333333333,20.955639672406008,train
2016-09-11 00:00:00,Hog_public_Gerard,Hog,41.62300000000001,16.1,10.6,1018.0,1.5,4.0,0,6,1,9,0.0,1.0,-0.7818314824680299,0.6234898018587334,41.206,38.965,50.78983333333333,20.89798378805485,train
2016-09-11 01:00:00,Hog_public_Gerard,Hog,36.678,15.6,11.1,1017.8,1.5,2.0,1,6,1,9,0.25881904510252074,0.9659258262890683,-0.7818314824680299,0.6234898018587334,41.62300000000001,34.312,50.88841666666667,20.822315900759474,train
2016-09-11 02:00:00,Hog_public_Gerard,Hog,35.194,14.4,10.6,1018.0,1.5,0.0,2,6,1,9,0.49999999999999994,0.8660254037844387,-0.7818314824680299,0.6234898018587334,36.678,33.56,50.956500000000005,20.765787864951818,train
2016-09-11 03:00:00,Hog_public_Gerard,Hog,35.205,14.4,10.0,1018.1,1.5,0.0,3,6,1,9,0.7071067811865476,0.7071067811865476,-0.7818314824680299,0.6234898018587334,35.194,32.717,51.06016666666667,20.676793565370183,train
2016-09-11 04:00:00,Hog_public_Gerard,Hog,35.30699999999999,14.4,10.0,1017.9,2.1,4.0,4,6,1,9,0.8660254037844386,0.5000000000000001,-0.7818314824680299,0.6234898018587334,35.205,32.321,51.184583333333336,20.5678300982209,train
2016-09-11 05:00:00,Hog_public_Gerard,Hog,35.196,15.0,10.0,1017.7,1.5,4.0,5,6,1,9,0.9659258262890683,0.25881904510252074,-0.7818314824680299,0.6234898018587334,35.30699999999999,32.81,51.28399999999999,20.48073525344599,train
2016-09-11 06:00:00,Hog_public_Gerard,Hog,34.763000000000005,14.4,10.0,1017.6,2.6,4.0,6,6,1,9,1.0,6.123233995736766e-17,-0.7818314824680299,0.6234898018587334,35.196,32.41,51.38204166666667,20.391896038418615,train
2016-09-11 07:00:00,Hog_public_Gerard,Hog,35.665,14.4,9.4,1017.7,2.1,4.0,7,6,1,9,0.9659258262890683,-0.25881904510252063,-0.7818314824680299,0.6234898018587334,34.763000000000005,32.726,51.5045,20.28352764533666,train
2016-09-11 08:00:00,Hog_public_Gerard,Hog,34.684,15.6,10.0,1017.8,2.1,4.0,8,6,1,9,0.8660254037844387,-0.4999999999999998,-0.7818314824680299,0.6234898018587334,35.665,31.91,51.62008333333333,20.17462732572501,train
2016-09-11 09:00:00,Hog_public_Gerard,Hog,32.631,18.3,10.0,1017.2,5.7,2.0,9,6,1,9,0.7071067811865476,-0.7071067811865475,-0.7818314824680299,0.6234898018587334,34.684,31.476,51.66820833333333,20.125804467808372,train
2016-09-11 10:00:00,Hog_public_Gerard,Hog,32.212,19.4,10.0,1017.1,5.7,2.0,10,6,1,9,0.49999999999999994,-0.8660254037844387,-0.7818314824680299,0.6234898018587334,32.631,38.064,51.424375,20.332183496192243,train
2016-09-11 11:00:00,Hog_public_Gerard,Hog,31.994,21.7,11.1,1016.5,4.6,2.0,11,6,1,9,0.258819045102521,-0.9659258262890682,-0.7818314824680299,0.6234898018587334,32.212,82.363,49.32566666666667,19.585684531813463,train
2016-09-11 12:00:00,Hog_public_Gerard,Hog,63.24800000000001,22.8,10.6,1015.7,7.2,2.0,12,6,1,9,1.2246467991473532e-16,-1.0,-0.7818314824680299,0.6234898018587334,31.994,82.04899999999998,48.54229166666667,18.569568929180534,train
2016-09-11 13:00:00,Hog_public_Gerard,Hog,78.296,24.4,10.6,1014.5,7.2,4.0,13,6,1,9,-0.2588190451025208,-0.9659258262890683,-0.7818314824680299,0.6234898018587334,63.24800000000001,78.976,48.513958333333335,18.521571166519774,train
2016-09-11 14:00:00,Hog_public_Gerard,Hog,76.683,25.0,10.0,1013.4,9.8,4.0,14,6,1,9,-0.4999999999999997,-0.8660254037844388,-0.7818314824680299,0.6234898018587334,78.296,78.532,48.43691666666667,18.394691339378923,train
2016-09-11 15:00:00,Hog_public_Gerard,Hog,75.23899999999998,25.6,9.4,1013.0,8.2,2.0,15,6,1,9,-0.7071067811865471,-0.7071067811865479,-0.7818314824680299,0.6234898018587334,76.683,78.71600000000002,48.29204166666667,18.15801709505426,train
2016-09-11 16:00:00,Hog_public_Gerard,Hog,76.217,26.1,10.0,1012.4,7.7,2.0,16,6,1,9,-0.8660254037844385,-0.5000000000000004,-0.7818314824680299,0.6234898018587334,75.23899999999998,75.488,48.32241666666667,18.206035138684694,train
2016-09-11 17:00:00,Hog_public_Gerard,Hog,79.56,26.1,10.6,1011.7,9.3,2.0,17,6,1,9,-0.9659258262890683,-0.25881904510252063,-0.7818314824680299,0.6234898018587334,76.217,77.667,48.40129166666666,18.342284466035803,train
2016-09-11 18:00:00,Hog_public_Gerard,Hog,78.39699999999998,26.1,11.1,1011.3,6.7,2.0,18,6,1,9,-1.0,-1.8369701987210297e-16,-0.7818314824680299,0.6234898018587334,79.56,79.428,48.35833333333334,18.267514270507515,train
2016-09-11 19:00:00,Hog_public_Gerard,Hog,57.945,25.0,11.1,1011.4,4.6,2.0,19,6,1,9,-0.9659258262890684,0.2588190451025203,-0.7818314824680299,0.6234898018587334,78.39699999999998,46.277,48.844500000000004,18.364719747148648,train
2016-09-11 20:00:00,Hog_public_Gerard,Hog,58.72,23.9,11.7,1011.4,5.1,4.0,20,6,1,9,-0.8660254037844386,0.5000000000000001,-0.7818314824680299,0.6234898018587334,57.945,40.69300000000001,49.595625000000005,18.385468552548396,train
2016-09-11 21:00:00,Hog_public_Gerard,Hog,58.69600000000001,22.2,12.2,1011.9,4.6,3.0,21,6,1,9,-0.7071067811865477,0.7071067811865474,-0.7818314824680299,0.6234898018587334,58.72,41.694,50.30404166666667,18.395323232394748,train
2016-09-11 22:00:00,Hog_public_Gerard,Hog,56.425,20.0,12.2,1012.5,3.6,2.0,22,6,1,9,-0.5000000000000004,0.8660254037844384,-0.7818314824680299,0.6234898018587334,58.69600000000001,41.938,50.907666666666664,18.34648746068124,train
2016-09-11 23:00:00,Hog_public_Gerard,Hog,42.221,20.6,12.2,1012.7,5.1,2.0,23,6,1,9,-0.25881904510252157,0.9659258262890681,-0.7818314824680299,0.6234898018587334,56.425,41.206,50.949958333333335,18.32430764450239,train
2016-09-12 00:00:00,Hog_public_Gerard,Hog,42.142,20.0,12.2,1012.7,4.6,2.0,0,0,0,9,0.0,1.0,0.0,1.0,42.221,41.62300000000001,50.971583333333335,18.313124920138183,train
2016-09-12 01:00:00,Hog_public_Gerard,Hog,39.005,18.3,12.2,1012.7,3.1,2.0,1,0,0,9,0.25881904510252074,0.9659258262890683,0.0,1.0,42.142,36.678,51.06854166666667,18.240172446217716,train
2016-09-12 02:00:00,Hog_public_Gerard,Hog,40.918,18.3,11.7,1012.7,3.6,2.0,2,0,0,9,0.49999999999999994,0.8660254037844387,0.0,1.0,39.005,35.194,51.30704166666666,18.06011307557465,train
2016-09-12 03:00:00,Hog_public_Gerard,Hog,38.391,18.3,11.7,1012.5,4.1,0.0,3,0,0,9,0.7071067811865476,0.7071067811865476,0.0,1.0,40.918,35.205,51.43979166666667,17.94797092075056,train
2016-09-12 04:00:00,Hog_public_Gerard,Hog,40.83,17.8,11.7,1012.0,4.6,0.0,4,0,0,9,0.8660254037844386,0.5000000000000001,0.0,1.0,38.391,35.30699999999999,51.669916666666666,17.766617348070504,train
2016-09-12 05:00:00,Hog_public_Gerard,Hog,32.778,17.8,11.7,1012.0,4.1,0.0,5,0,0,9,0.9659258262890683,0.25881904510252074,0.0,1.0,40.83,35.196,51.56916666666667,17.870649835309237,train
2016-09-12 06:00:00,Hog_public_Gerard,Hog,31.813,17.2,11.7,1011.7,4.6,0.0,6,0,0,9,1.0,6.123233995736766e-17,0.0,1.0,32.778,34.763000000000005,51.44625,18.000940997746593,train
2016-09-12 07:00:00,Hog_public_Gerard,Hog,37.239,16.7,11.7,1011.3,5.7,0.0,7,0,0,9,0.9659258262890683,-0.25881904510252063,0.0,1.0,31.813,35.665,51.511833333333335,17.94372124574314,train
2016-09-12 08:00:00,Hog_public_Gerard,Hog,68.843,16.7,11.7,1011.0,4.6,2.0,8,0,0,9,0.8660254037844387,-0.4999999999999998,0.0,1.0,37.239,34.684,52.935125,17.905609010228602,train
2016-09-12 09:00:00,Hog_public_Gerard,Hog,86.75399999999998,18.9,12.2,1010.4,4.6,2.0,9,0,0,9,0.7071067811865476,-0.7071067811865475,0.0,1.0,68.843,32.631,55.19024999999999,18.630799495669287,train
2016-09-12 10:00:00,Hog_public_Gerard,Hog,86.711,21.1,12.8,1010.3,4.6,2.0,10,0,0,9,0.49999999999999994,-0.8660254037844387,0.0,1.0,86.75399999999998,32.212,57.46104166666666,19.02544714547201,train
2016-09-12 11:00:00,Hog_public_Gerard,Hog,86.336,22.8,12.8,1009.9,6.2,2.0,11,0,0,9,0.258819045102521,-0.9659258262890682,0.0,1.0,86.711,31.994,59.725291666666664,19.096328844728713,train
2016-09-12 12:00:00,Hog_public_Gerard,Hog,89.398,24.4,13.9,1009.3,4.6,2.0,12,0,0,9,1.2246467991473532e-16,-1.0,0.0,1.0,86.336,63.24800000000001,60.814875,20.02929634161471,train
2016-09-12 13:00:00,Hog_public_Gerard,Hog,88.835,26.1,15.0,1008.7,5.1,2.0,13,0,0,9,-0.2588190451025208,-0.9659258262890683,0.0,1.0,89.398,78.296,61.254,20.53828038820073,train
2016-09-12 14:00:00,Hog_public_Gerard,Hog,86.59700000000002,27.2,15.6,1008.6,6.2,4.0,14,0,0,9,-0.4999999999999997,-0.8660254037844388,0.0,1.0,88.835,76.683,61.66708333333333,20.957514383227586,train
2016-09-12 15:00:00,Hog_public_Gerard,Hog,90.914,27.2,16.1,1008.8,4.1,4.8,15,0,0,9,-0.7071067811865471,-0.7071067811865479,0.0,1.0,86.59700000000002,75.23899999999998,62.32020833333333,21.632250368331793,train
2016-09-12 16:00:00,Hog_public_Gerard,Hog,86.262,25.6,16.1,1009.3,5.1,5.6,16,0,0,9,-0.8660254037844385,-0.5000000000000004,0.0,1.0,90.914,76.217,62.73875,22.006750156634308,train
2016-09-12 17:00:00,Hog_public_Gerard,Hog,85.79799999999999,24.4,16.1,1009.8,3.1,6.4,17,0,0,9,-0.9659258262890683,-0.25881904510252063,0.0,1.0,86.262,79.56,62.99866666666667,22.249558281236666,train
2016-09-12 18:00:00,Hog_public_Gerard,Hog,81.679,23.9,16.7,1010.0999999999999,4.6,7.2,18,0,0,9,-1.0,-1.8369701987210297e-16,0.0,1.0,85.79799999999999,78.39699999999998,63.135416666666664,22.35813515579798,train
2016-09-12 19:00:00,Hog_public_Gerard,Hog,87.323,22.2,16.1,1010.4,3.1,8.0,19,0,0,9,-0.9659258262890684,0.2588190451025203,0.0,1.0,81.679,57.945,64.3595,22.860180319955294,train
2016-09-12 20:00:00,Hog_public_Gerard,Hog,88.352,22.2,15.6,1011.7,4.6,8.0,20,0,0,9,-0.8660254037844386,0.5000000000000001,0.0,1.0,87.323,58.72,65.59416666666667,23.337570820398227,train
2016-09-12 21:00:00,Hog_public_Gerard,Hog,89.76799999999999,21.1,15.0,1013.0,6.2,8.0,21,0,0,9,-0.7071067811865477,0.7071067811865474,0.0,1.0,88.352,58.69600000000001,66.88883333333334,23.795626656405066,train
2016-09-12 22:00:00,Hog_public_Gerard,Hog,67.187,20.6,15.6,1013.6,5.1,8.0,22,0,0,9,-0.5000000000000004,0.8660254037844384,0.0,1.0,89.76799999999999,56.425,67.33725,23.691040077100524,train
2016-09-12 23:00:00,Hog_public_Gerard,Hog,50.15600000000001,19.4,15.6,1013.7,6.7,8.0,23,0,0,9,-0.25881904510252157,0.9659258262890681,0.0,1.0,67.187,42.221,67.667875,23.378594414758624,train
2016-09-13 00:00:00,Hog_public_Gerard,Hog,44.99,18.3,13.9,1014.6,5.7,8.0,0,1,0,9,0.0,1.0,0.7818314824680298,0.6234898018587336,50.15600000000001,42.142,67.78654166666666,23.250270988564136,train
2016-09-13 01:00:00,Hog_public_Gerard,Hog,43.791,18.3,12.2,1015.1,4.6,8.0,1,1,0,9,0.25881904510252074,0.9659258262890683,0.7818314824680298,0.6234898018587336,44.99,39.005,67.98595833333333,23.0119834518777,train
2016-09-13 02:00:00,Hog_public_Gerard,Hog,43.348,17.8,12.8,1016.0,3.6,7.2,2,1,0,9,0.49999999999999994,0.8660254037844387,0.7818314824680298,0.6234898018587336,43.791,40.918,68.08720833333334,22.892746506412998,train
2016-09-13 03:00:00,Hog_public_Gerard,Hog,41.555,17.8,11.7,1016.4,5.1,6.4,3,1,0,9,0.7071067811865476,0.7071067811865476,0.7818314824680298,0.6234898018587336,43.348,38.391,68.21904166666666,22.72277783554216,train
2016-09-13 04:00:00,Hog_public_Gerard,Hog,49.84,16.7,9.4,1016.6,7.2,5.6,4,1,0,9,0.8660254037844386,0.5000000000000001,0.7818314824680298,0.6234898018587336,41.555,40.83,68.59445833333334,22.321478848817087,train
2016-09-13 05:00:00,Hog_public_Gerard,Hog,35.618,15.6,10.0,1017.0,6.2,4.8,5,1,0,9,0.9659258262890683,0.25881904510252074,0.7818314824680298,0.6234898018587336,49.84,32.778,68.71279166666666,22.130055957765688,train
2016-09-13 06:00:00,Hog_public_Gerard,Hog,34.439,14.4,9.4,1017.9,5.1,4.0,6,1,0,9,1.0,6.123233995736766e-17,0.7818314824680298,0.6234898018587336,35.618,31.813,68.82220833333334,21.945403109771355,train
2016-09-13 07:00:00,Hog_public_Gerard,Hog,38.771,13.3,10.0,1018.7,3.6,0.0,7,1,0,9,0.9659258262890683,-0.25881904510252063,0.7818314824680298,0.6234898018587336,34.439,37.239,68.88604166666667,21.851569227262388,train
2016-09-13 08:00:00,Hog_public_Gerard,Hog,70.654,13.9,10.0,1020.3,4.6,2.0,8,1,0,9,0.8660254037844387,-0.4999999999999998,0.7818314824680298,0.6234898018587336,38.771,68.843,68.9615,21.85454082356103,train
2016-09-13 09:00:00,Hog_public_Gerard,Hog,85.206,15.0,9.4,1020.6,4.6,2.0,9,1,0,9,0.7071067811865476,-0.7071067811865475,0.7818314824680298,0.6234898018587336,70.654,86.75399999999998,68.897,21.8019672367267,train
2016-09-13 10:00:00,Hog_public_Gerard,Hog,88.184,15.6,9.4,1020.2,5.1,2.0,10,1,0,9,0.49999999999999994,-0.8660254037844387,0.7818314824680298,0.6234898018587336,85.206,86.711,68.958375,21.85630164986251,train
2016-09-13 11:00:00,Hog_public_Gerard,Hog,90.155,16.7,8.9,1022.4,3.6,2.0,11,1,0,9,0.258819045102521,-0.9659258262890682,0.7818314824680298,0.6234898018587336,88.184,86.336,69.1175,22.001738630903894,train
2016-09-13 12:00:00,Hog_public_Gerard,Hog,91.886,17.2,10.0,1022.5,5.1,4.0,12,1,0,9,1.2246467991473532e-16,-1.0,0.7818314824680298,0.6234898018587336,90.155,89.398,69.22116666666666,22.107059224063065,train
2016-09-13 13:00:00,Hog_public_Gerard,Hog,92.889,18.3,8.9,1021.3,6.7,4.0,13,1,0,9,-0.2588190451025208,-0.9659258262890683,0.7818314824680298,0.6234898018587336,91.886,88.835,69.39008333333332,22.278266502144636,train
2016-09-13 14:00:00,Hog_public_Gerard,Hog,93.761,18.9,8.3,1021.4,4.6,4.0,14,1,0,9,-0.4999999999999997,-0.8660254037844388,0.7818314824680298,0.6234898018587336,92.889,86.59700000000002,69.68858333333333,22.564989991070266,train
2016-09-13 15:00:00,Hog_public_Gerard,Hog,91.856,17.8,7.8,1021.4,6.2,4.4,15,1,0,9,-0.7071067811865471,-0.7071067811865479,0.7818314824680298,0.6234898018587336,93.761,90.914,69.72783333333332,22.604300150090072,train
2016-09-13 16:00:00,Hog_public_Gerard,Hog,89.98899999999998,17.8,7.8,1021.3,6.7,4.8,16,1,0,9,-0.8660254037844385,-0.5000000000000004,0.7818314824680298,0.6234898018587336,91.856,86.262,69.88312499999999,22.73525159461957,train
2016-09-13 17:00:00,Hog_public_Gerard,Hog,90.384,17.2,7.2,1021.6,5.1,5.2,17,1,0,9,-0.9659258262890683,-0.25881904510252063,0.7818314824680298,0.6234898018587336,89.98899999999998,85.79799999999999,70.07420833333333,22.893548187358018,train
2016-09-13 18:00:00,Hog_public_Gerard,Hog,88.18700000000004,16.7,7.8,1022.1,4.1,5.6,18,1,0,9,-1.0,-1.8369701987210297e-16,0.7818314824680298,0.6234898018587336,90.384,81.679,70.345375,23.074804533182174,train
2016-09-13 19:00:00,Hog_public_Gerard,Hog,87.544,15.6,7.8,1022.6,3.1,6.0,19,1,0,9,-0.9659258262890684,0.2588190451025203,0.7818314824680298,0.6234898018587336,88.18700000000004,87.323,70.35458333333334,23.08191727195284,train
2016-09-13 20:00:00,Hog_public_Gerard,Hog,87.38,15.6,7.8,1023.0,3.1,6.0,20,1,0,9,-0.8660254037844386,0.5000000000000001,0.7818314824680298,0.6234898018587336,87.544,88.352,70.31408333333333,23.049796051001255,train
2016-09-13 21:00:00,Hog_public_Gerard,Hog,83.13,15.0,7.2,1023.8,3.1,6.0,21,1,0,9,-0.7071067811865477,0.7071067811865474,0.7818314824680298,0.6234898018587336,87.38,89.76799999999999,70.0375,22.845129002271673,train
2016-09-13 22:00:00,Hog_public_Gerard,Hog,66.045,14.4,7.2,1024.4,2.6,6.0,22,1,0,9,-0.5000000000000004,0.8660254037844384,0.7818314824680298,0.6234898018587336,83.13,67.187,69.98991666666667,22.852512473261648,train
2016-09-13 23:00:00,Hog_public_Gerard,Hog,53.352,14.4,6.7,1024.9,2.6,6.0,23,1,0,9,-0.25881904510252157,0.9659258262890681,0.7818314824680298,0.6234898018587336,66.045,50.15600000000001,70.12308333333334,22.74095035090483,train
2016-09-14 00:00:00,Hog_public_Gerard,Hog,44.67,14.4,6.7,1025.3,3.6,6.0,0,2,0,9,0.0,1.0,0.9749279121818236,-0.22252093395631434,53.352,44.99,70.10975,22.756415466661352,train
2016-09-14 01:00:00,Hog_public_Gerard,Hog,45.36600000000001,13.3,7.2,1025.8,3.6,6.0,1,2,0,9,0.25881904510252074,0.9659258262890683,0.9749279121818236,-0.22252093395631434,44.67,43.791,70.17537499999999,22.679358011411658,train
2016-09-14 02:00:00,Hog_public_Gerard,Hog,50.55,11.7,6.7,1026.3,3.6,4.0,2,2,0,9,0.49999999999999994,0.8660254037844387,0.9749279121818236,-0.22252093395631434,45.36600000000001,43.348,70.47545833333334,22.354273523887922,train
2016-09-14 03:00:00,Hog_public_Gerard,Hog,47.514,11.1,6.1,1026.3,3.6,2.0,3,2,0,9,0.7071067811865476,0.7071067811865476,0.9749279121818236,-0.22252093395631434,50.55,41.555,70.72375000000001,22.050108565738828,train
2016-09-14 04:00:00,Hog_public_Gerard,Hog,45.647,10.0,5.6,1026.5,2.6,2.0,4,2,0,9,0.8660254037844386,0.5000000000000001,0.9749279121818236,-0.22252093395631434,47.514,49.84,70.54904166666667,22.238575418636007,train
2016-09-14 05:00:00,Hog_public_Gerard,Hog,32.693000000000005,9.4,5.6,1026.4,2.1,0.0,5,2,0,9,0.9659258262890683,0.25881904510252074,0.9749279121818236,-0.22252093395631434,45.647,35.618,70.42716666666666,22.44538606342585,train
2016-09-14 06:00:00,Hog_public_Gerard,Hog,33.86,8.9,5.6,1026.9,2.6,2.0,6,2,0,9,1.0,6.123233995736766e-17,0.9749279121818236,-0.22252093395631434,32.693000000000005,34.439,70.40304166666667,22.486023433852264,train
2016-09-14 07:00:00,Hog_public_Gerard,Hog,38.397,8.9,5.6,1027.0,2.1,2.0,7,2,0,9,0.9659258262890683,-0.25881904510252063,0.9749279121818236,-0.22252093395631434,33.86,38.771,70.38745833333333,22.509016127802347,train
2016-09-14 08:00:00,Hog_public_Gerard,Hog,66.21,10.0,6.7,1027.2,2.1,2.0,8,2,0,9,0.8660254037844387,-0.4999999999999998,0.9749279121818236,-0.22252093395631434,38.397,70.654,70.20229166666667,22.525001370417684,train
2016-09-14 09:00:00,Hog_public_Gerard,Hog,79.132,11.7,7.2,1027.5,1.5,2.0,9,2,0,9,0.7071067811865476,-0.7071067811865475,0.9749279121818236,-0.22252093395631434,66.21,85.206,69.94920833333335,22.382768987848788,train
2016-09-14 10:00:00,Hog_public_Gerard,Hog,82.494,13.3,7.8,1027.9,2.1,0.0,10,2,0,9,0.49999999999999994,-0.8660254037844387,0.9749279121818236,-0.22252093395631434,79.132,88.184,69.712125,22.210697736456126,train
2016-09-14 11:00:00,Hog_public_Gerard,Hog,88.111,15.6,8.3,1027.4,2.6,0.0,11,2,0,9,0.258819045102521,-0.9659258262890682,0.9749279121818236,-0.22252093395631434,82.494,90.155,69.62695833333333,22.132683429281617,train
2016-09-14 12:00:00,Hog_public_Gerard,Hog,90.776,16.7,8.3,1026.9,2.1,2.0,12,2,0,9,1.2246467991473532e-16,-1.0,0.9749279121818236,-0.22252093395631434,88.111,91.886,69.58070833333333,22.085255983749736,train
2016-09-14 13:00:00,Hog_public_Gerard,Hog,89.381,17.8,8.3,1026.4,2.6,0.0,13,2,0,9,-0.2588190451025208,-0.9659258262890683,0.9749279121818236,-0.22252093395631434,90.776,92.889,69.43454166666668,21.935387896549752,train
2016-09-14 14:00:00,Hog_public_Gerard,Hog,90.3,18.3,8.3,1025.5,2.1,0.0,14,2,0,9,-0.4999999999999997,-0.8660254037844388,0.9749279121818236,-0.22252093395631434,89.381,93.761,69.29033333333334,21.779328293763708,train
2016-09-14 15:00:00,Hog_public_Gerard,Hog,89.625,20.0,8.3,1024.6,0.0,0.0,15,2,0,9,-0.7071067811865471,-0.7071067811865479,0.9749279121818236,-0.22252093395631434,90.3,91.856,69.19737500000001,21.683375928020748,train
2016-09-14 16:00:00,Hog_public_Gerard,Hog,89.52600000000002,20.0,8.9,1024.2,0.0,0.0,16,2,0,9,-0.8660254037844385,-0.5000000000000004,0.9749279121818236,-0.22252093395631434,89.625,89.98899999999998,69.17808333333333,21.664270926466983,train
2016-09-14 17:00:00,Hog_public_Gerard,Hog,87.208,20.6,8.3,1023.6,0.0,0.0,17,2,0,9,-0.9659258262890683,-0.25881904510252063,0.9749279121818236,-0.22252093395631434,89.52600000000002,90.384,69.04575,21.53844015838942,train
2016-09-14 18:00:00,Hog_public_Gerard,Hog,81.56,20.0,7.8,1023.3,2.1,0.0,18,2,0,9,-1.0,-1.8369701987210297e-16,0.9749279121818236,-0.22252093395631434,87.208,88.18700000000004,68.769625,21.32378792480259,train
2016-09-14 19:00:00,Hog_public_Gerard,Hog,85.34,19.4,8.9,1023.0,2.1,0.0,19,2,0,9,-0.9659258262890684,0.2588190451025203,0.9749279121818236,-0.22252093395631434,81.56,87.544,68.67779166666666,21.244015212431357,train
2016-09-14 20:00:00,Hog_public_Gerard,Hog,83.522,18.3,8.9,1022.7,4.1,0.0,20,2,0,9,-0.8660254037844386,0.5000000000000001,0.9749279121818236,-0.22252093395631434,85.34,87.38,68.51704166666666,21.110522767566135,train
2016-09-14 21:00:00,Hog_public_Gerard,Hog,83.738,17.8,9.4,1022.9,3.6,0.0,21,2,0,9,-0.7071067811865477,0.7071067811865474,0.9749279121818236,-0.22252093395631434,83.522,83.13,68.542375,21.12917781032234,train
2016-09-14 22:00:00,Hog_public_Gerard,Hog,62.164,16.7,9.4,1023.2,3.1,2.0,22,2,0,9,-0.5000000000000004,0.8660254037844384,0.9749279121818236,-0.22252093395631434,83.738,66.045,68.38066666666667,21.16394468792677,train
2016-09-14 23:00:00,Hog_public_Gerard,Hog,44.747,15.6,10.0,1023.0,3.1,2.0,23,2,0,9,-0.25881904510252157,0.9659258262890681,0.9749279121818236,-0.22252093395631434,62.164,53.352,68.022125,21.499841138568826,train
2016-09-15 00:00:00,Hog_public_Gerard,Hog,43.306,14.4,10.0,1023.1,2.6,2.0,0,3,0,9,0.0,1.0,0.43388373911755823,-0.900968867902419,44.747,44.67,67.96529166666667,21.565955919859423,train
2016-09-15 01:00:00,Hog_public_Gerard,Hog,44.984,14.4,10.0,1023.0,2.6,4.0,1,3,0,9,0.25881904510252074,0.9659258262890683,0.43388373911755823,-0.900968867902419,43.306,45.36600000000001,67.949375,21.583494258772816,train
2016-09-15 02:00:00,Hog_public_Gerard,Hog,51.826,14.4,10.0,1022.8,1.5,4.0,2,3,0,9,0.49999999999999994,0.8660254037844387,0.43388373911755823,-0.900968867902419,44.984,50.55,68.00254166666667,21.54029923085357,train
2016-09-15 03:00:00,Hog_public_Gerard,Hog,51.995,13.9,9.4,1022.4,1.5,2.0,3,3,0,9,0.7071067811865476,0.7071067811865476,0.43388373911755823,-0.900968867902419,51.826,47.514,68.18925,21.37376256524931,train
2016-09-15 04:00:00,Hog_public_Gerard,Hog,42.115,14.4,10.6,1022.0,2.6,3.5,4,3,0,9,0.8660254037844386,0.5000000000000001,0.43388373911755823,-0.900968867902419,51.995,45.647,68.04208333333334,21.54717916354245,train
2016-09-15 05:00:00,Hog_public_Gerard,Hog,31.0,15.0,10.6,1021.8,1.5,5.0,5,3,0,9,0.9659258262890683,0.25881904510252074,0.43388373911755823,-0.900968867902419,42.115,32.693000000000005,67.97154166666667,21.670356637139083,train
2016-09-15 06:00:00,Hog_public_Gerard,Hog,30.06900000000001,15.0,11.1,1021.4,2.1,6.5,6,3,0,9,1.0,6.123233995736766e-17,0.43388373911755823,-0.900968867902419,31.0,33.86,67.81358333333334,21.941926093404074,train
2016-09-15 07:00:00,Hog_public_Gerard,Hog,35.676,15.0,11.1,1021.3,3.1,8.0,7,3,0,9,0.9659258262890683,-0.25881904510252063,0.43388373911755823,-0.900968867902419,30.06900000000001,38.397,67.70020833333334,22.1069408439171,train
2016-09-15 08:00:00,Hog_public_Gerard,Hog,64.997,15.0,11.1,1021.3,3.6,8.0,8,3,0,9,0.8660254037844387,-0.4999999999999998,0.43388373911755823,-0.900968867902419,35.676,66.21,67.64966666666668,22.11188198913539,train
2016-09-15 09:00:00,Hog_public_Gerard,Hog,76.808,17.2,12.2,1020.8,4.6,8.0,9,3,0,9,0.7071067811865476,-0.7071067811865475,0.43388373911755823,-0.900968867902419,64.997,79.132,67.55283333333334,22.064449595922746,train
2016-09-15 10:00:00,Hog_public_Gerard,Hog,84.596,20.0,13.9,1020.3,5.1,8.0,10,3,0,9,0.49999999999999994,-0.8660254037844387,0.43388373911755823,-0.900968867902419,76.808,82.494,67.64041666666667,22.130409430418858,train
2016-09-15 11:00:00,Hog_public_Gerard,Hog,86.081,21.7,15.0,1019.7,5.1,8.0,11,3,0,9,0.258819045102521,-0.9659258262890682,0.43388373911755823,-0.900968867902419,84.596,88.111,67.55583333333333,22.05251057711172,train
2016-09-15 12:00:00,Hog_public_Gerard,Hog,87.92200000000004,22.2,15.6,1018.9,5.7,8.0,12,3,0,9,1.2246467991473532e-16,-1.0,0.43388373911755823,-0.900968867902419,86.081,90.776,67.43691666666668,21.929203617484664,train
2016-09-15 13:00:00,Hog_public_Gerard,Hog,87.564,22.8,16.1,1018.2,5.7,8.0,13,3,0,9,-0.2588190451025208,-0.9659258262890683,0.43388373911755823,-0.900968867902419,87.92200000000004,89.381,67.36120833333334,21.853154650349744,train
2016-09-15 14:00:00,Hog_public_Gerard,Hog,87.35,23.9,16.7,1017.1,6.2,8.0,14,3,0,9,-0.4999999999999997,-0.8660254037844388,0.43388373911755823,-0.900968867902419,87.564,90.3,67.23829166666667,21.72645101269154,train
2016-09-15 15:00:00,Hog_public_Gerard,Hog,89.20700000000002,23.9,16.1,1016.1,5.1,8.0,15,3,0,9,-0.7071067811865471,-0.7071067811865479,0.43388373911755823,-0.900968867902419,87.35,89.625,67.220875,21.707884410793984,train
2016-09-15 16:00:00,Hog_public_Gerard,Hog,91.063,23.3,16.1,1015.6,4.6,8.0,16,3,0,9,-0.8660254037844385,-0.5000000000000004,0.43388373911755823,-0.900968867902419,89.20700000000002,89.52600000000002,67.28491666666666,21.77870074360983,train
2016-09-15 17:00:00,Hog_public_Gerard,Hog,89.162,18.3,16.7,1015.8,3.6,8.0,17,3,0,9,-0.9659258262890683,-0.25881904510252063,0.43388373911755823,-0.900968867902419,91.063,87.208,67.36633333333334,21.859919624074916,train
2016-09-15 18:00:00,Hog_public_Gerard,Hog,85.041,18.3,16.7,1015.8,4.1,8.0,18,3,0,9,-1.0,-1.8369701987210297e-16,0.43388373911755823,-0.900968867902419,89.162,81.56,67.511375,21.969463744049104,train
2016-09-15 19:00:00,Hog_public_Gerard,Hog,87.87100000000002,17.8,16.7,1015.7,4.1,8.0,19,3,0,9,-0.9659258262890684,0.2588190451025203,0.43388373911755823,-0.900968867902419,85.041,85.34,67.61683333333333,22.064634600599486,train
2016-09-15 20:00:00,Hog_public_Gerard,Hog,86.42200000000004,17.8,16.7,1014.1,8.2,8.0,20,3,0,9,-0.8660254037844386,0.5000000000000001,0.43388373911755823,-0.900968867902419,87.87100000000002,83.522,67.73766666666667,22.1632440053477,train
2016-09-15 21:00:00,Hog_public_Gerard,Hog,83.948,18.3,16.7,1012.3,8.8,8.0,21,3,0,9,-0.7071067811865477,0.7071067811865474,0.43388373911755823,-0.900968867902419,86.42200000000004,83.738,67.74641666666668,22.169876010942883,train
2016-09-15 22:00:00,Hog_public_Gerard,Hog,64.542,18.3,16.7,1014.3,4.6,8.0,22,3,0,9,-0.5000000000000004,0.8660254037844384,0.43388373911755823,-0.900968867902419,83.948,62.164,67.8455,22.149146164719035,train
2016-09-15 23:00:00,Hog_public_Gerard,Hog,44.687,17.8,16.7,1013.8,1.5,8.0,23,3,0,9,-0.25881904510252157,0.9659258262890681,0.43388373911755823,-0.900968867902419,64.542,44.747,67.843,22.151869892610225,train
2016-09-16 00:00:00,Hog_public_Gerard,Hog,41.853,17.8,16.1,1013.3,1.5,8.0,0,4,0,9,0.0,1.0,-0.433883739117558,-0.9009688679024191,44.687,43.306,67.78245833333334,22.22371488724362,train
2016-09-16 01:00:00,Hog_public_Gerard,Hog,47.53,17.2,16.1,1013.1,2.6,8.0,1,4,0,9,0.25881904510252074,0.9659258262890683,-0.433883739117558,-0.9009688679024191,41.853,44.984,67.88854166666667,22.11597185584717,train
2016-09-16 02:00:00,Hog_public_Gerard,Hog,48.567,17.2,16.1,1012.4,2.1,7.666666666666667,2,4,0,9,0.49999999999999994,0.8660254037844387,-0.433883739117558,-0.9009688679024191,47.53,51.826,67.75275,22.228601863462956,train
2016-09-16 03:00:00,Hog_public_Gerard,Hog,48.142,17.2,15.6,1012.3,3.1,7.333333333333333,3,4,0,9,0.7071067811865476,0.7071067811865476,-0.433883739117558,-0.9009688679024191,48.567,51.995,67.59220833333335,22.36087742499343,train
2016-09-16 04:00:00,Hog_public_Gerard,Hog,40.63800000000001,17.2,15.6,1011.5,2.6,7.0,4,4,0,9,0.8660254037844386,0.5000000000000001,-0.433883739117558,-0.9009688679024191,48.142,42.115,67.53066666666668,22.435950970953193,train
2016-09-16 05:00:00,Hog_public_Gerard,Hog,31.817,17.8,15.6,1011.9,2.1,6.666666666666667,5,4,0,9,0.9659258262890683,0.25881904510252074,-0.433883739117558,-0.9009688679024191,40.63800000000001,31.0,67.56470833333334,22.378660424375134,train
2016-09-16 06:00:00,Hog_public_Gerard,Hog,30.763,17.8,15.6,1011.6,2.1,6.333333333333334,6,4,0,9,1.0,6.123233995736766e-17,-0.433883739117558,-0.9009688679024191,31.817,30.06900000000001,67.593625,22.328495830903012,train
2016-09-16 07:00:00,Hog_public_Gerard,Hog,36.354,17.2,15.6,1011.2,2.1,6.0,7,4,0,9,0.9659258262890683,-0.25881904510252063,-0.433883739117558,-0.9009688679024191,30.763,35.676,67.621875,22.28674779815304,train
2016-09-16 08:00:00,Hog_public_Gerard,Hog,67.139,17.8,15.0,1011.9,3.1,6.333333333333333,8,4,0,9,0.8660254037844387,-0.4999999999999998,-0.433883739117558,-0.9009688679024191,36.354,64.997,67.711125,22.28006708738731,train
2016-09-16 09:00:00,Hog_public_Gerard,Hog,79.936,17.8,15.0,1012.1,2.6,6.666666666666667,9,4,0,9,0.7071067811865476,-0.7071067811865475,-0.433883739117558,-0.9009688679024191,67.139,76.808,67.84145833333334,22.34465086066788,train
2016-09-16 10:00:00,Hog_public_Gerard,Hog,83.359,18.9,15.0,1012.4,3.6,7.0,10,4,0,9,0.49999999999999994,-0.8660254037844387,-0.433883739117558,-0.9009688679024191,79.936,84.596,67.78991666666667,22.305716155509238,train
2016-09-16 11:00:00,Hog_public_Gerard,Hog,89.365,18.9,15.6,1012.2,3.1,7.333333333333333,11,4,0,9,0.258819045102521,-0.9659258262890682,-0.433883739117558,-0.9009688679024191,83.359,86.081,67.92675000000001,22.43251281210418,train
2016-09-16 12:00:00,Hog_public_Gerard,Hog,87.162,20.6,15.6,1011.4,3.6,7.666666666666666,12,4,0,9,1.2246467991473532e-16,-1.0,-0.433883739117558,-0.9009688679024191,89.365,87.92200000000004,67.89508333333335,22.403577225847073,train
2016-09-16 13:00:00,Hog_public_Gerard,Hog,87.777,21.7,16.1,1010.8,3.1,8.0,13,4,0,9,-0.2588190451025208,-0.9659258262890683,-0.433883739117558,-0.9009688679024191,87.162,87.564,67.90395833333334,22.411748379655073,train
2016-09-16 14:00:00,Hog_public_Gerard,Hog,87.605,22.2,15.6,1010.7,4.1,6.0,14,4,0,9,-0.4999999999999997,-0.8660254037844388,-0.433883739117558,-0.9009688679024191,87.777,87.35,67.91458333333334,22.421426574705908,train
2016-09-16 15:00:00,Hog_public_Gerard,Hog,88.669,23.3,15.0,1010.2,4.1,4.0,15,4,0,9,-0.7071067811865471,-0.7071067811865479,-0.433883739117558,-0.9009688679024191,87.605,89.20700000000002,67.89216666666667,22.399471311048693,train
2016-09-16 16:00:00,Hog_public_Gerard,Hog,89.133,24.4,15.0,1009.5,4.6,2.0,16,4,0,9,-0.8660254037844385,-0.5000000000000004,-0.433883739117558,-0.9009688679024191,88.669,91.063,67.81175,22.315977435266085,train
2016-09-16 17:00:00,Hog_public_Gerard,Hog,83.69200000000002,23.9,16.1,1009.0,4.6,4.0,17,4,0,9,-0.9659258262890683,-0.25881904510252063,-0.433883739117558,-0.9009688679024191,89.133,89.162,67.58383333333335,22.115475582313056,train
2016-09-16 18:00:00,Hog_public_Gerard,Hog,77.204,23.9,16.1,1008.8,4.6,4.0,18,4,0,9,-1.0,-1.8369701987210297e-16,-0.433883739117558,-0.9009688679024191,83.69200000000002,85.041,67.25729166666666,21.903348778071393,train
2016-09-16 19:00:00,Hog_public_Gerard,Hog,46.764,23.3,16.1,1008.6,3.6,4.0,19,4,0,9,-0.9659258262890684,0.2588190451025203,-0.433883739117558,-0.9009688679024191,77.204,87.87100000000002,65.54450000000001,21.82842793638412,train
2016-09-16 20:00:00,Hog_public_Gerard,Hog,41.701,22.8,16.1,1008.5,2.1,4.333333333333333,20,4,0,9,-0.8660254037844386,0.5000000000000001,-0.433883739117558,-0.9009688679024191,46.764,86.42200000000004,63.681125,21.877481588059254,train
2016-09-16 21:00:00,Hog_public_Gerard,Hog,41.97,20.6,16.1,1009.2,4.1,4.666666666666667,21,4,0,9,-0.7071067811865477,0.7071067811865474,-0.433883739117558,-0.9009688679024191,41.701,83.948,61.93204166666666,21.864762519672365,train
2016-09-16 22:00:00,Hog_public_Gerard,Hog,41.55,20.6,14.4,1009.8,4.6,5.0,22,4,0,9,-0.5000000000000004,0.8660254037844384,-0.433883739117558,-0.9009688679024191,41.97,64.542,60.974041666666665,22.24581027965022,train
2016-09-16 23:00:00,Hog_public_Gerard,Hog,42.176,19.4,13.9,1010.1,2.6,5.333333333333333,23,4,0,9,-0.25881904510252157,0.9659258262890681,-0.433883739117558,-0.9009688679024191,41.55,44.687,60.869416666666666,22.331480661042065,train
2016-09-17 00:00:00,Hog_public_Gerard,Hog,42.597,18.9,13.9,1010.0,2.1,5.666666666666666,0,5,1,9,0.0,1.0,-0.9749279121818236,-0.2225209339563146,42.176,41.853,60.90041666666667,22.304434828890752,train
2016-09-17 01:00:00,Hog_public_Gerard,Hog,36.887,18.3,13.9,1009.7,2.1,6.0,1,5,1,9,0.25881904510252074,0.9659258262890683,-0.9749279121818236,-0.2225209339563146,42.597,47.53,60.45695833333334,22.68439044897768,train
2016-09-17 02:00:00,Hog_public_Gerard,Hog,35.743,17.8,13.9,1009.9,1.5,4.0,2,5,1,9,0.49999999999999994,0.8660254037844387,-0.9749279121818236,-0.2225209339563146,36.887,48.567,59.922625000000004,23.12342351629909,train
2016-09-17 03:00:00,Hog_public_Gerard,Hog,36.254,17.2,13.9,1009.7,3.1,3.3333333333333335,3,5,1,9,0.7071067811865476,0.7071067811865476,-0.9749279121818236,-0.2225209339563146,35.743,48.142,59.42729166666667,23.51083432854476,train
2016-09-17 04:00:00,Hog_public_Gerard,Hog,35.651,16.7,13.3,1009.7,3.1,2.666666666666667,4,5,1,9,0.8660254037844386,0.5000000000000001,-0.9749279121818236,-0.2225209339563146,36.254,40.63800000000001,59.219500000000004,23.705349713587477,train
2016-09-17 05:00:00,Hog_public_Gerard,Hog,35.395,15.6,13.3,1009.8,2.6,2.0,5,5,1,9,0.9659258262890683,0.25881904510252074,-0.9749279121818236,-0.2225209339563146,35.651,31.817,59.36858333333333,23.536169473196313,train
2016-09-17 06:00:00,Hog_public_Gerard,Hog,35.868,15.0,13.3,1009.9,3.1,2.0,6,5,1,9,1.0,6.123233995736766e-17,-0.9749279121818236,-0.2225209339563146,35.395,30.763,59.581291666666665,23.288167767231357,train
2016-09-17 07:00:00,Hog_public_Gerard,Hog,35.76,15.0,13.3,1010.4,3.1,8.0,7,5,1,9,0.9659258262890683,-0.25881904510252063,-0.9749279121818236,-0.2225209339563146,35.868,36.354,59.55654166666667,23.314227406530314,train
2016-09-17 08:00:00,Hog_public_Gerard,Hog,34.446,15.6,13.3,1011.1,2.6,8.0,8,5,1,9,0.8660254037844387,-0.4999999999999998,-0.9749279121818236,-0.2225209339563146,35.76,67.139,58.19433333333333,23.801931362385574,train
2016-09-17 09:00:00,Hog_public_Gerard,Hog,35.157,15.0,13.3,1011.8,3.6,8.0,9,5,1,9,0.7071067811865476,-0.7071067811865475,-0.9749279121818236,-0.2225209339563146,34.446,79.936,56.328541666666666,23.778602834918658,train
2016-09-17 10:00:00,Hog_public_Gerard,Hog,42.479,16.1,13.9,1012.2,4.1,8.0,10,5,1,9,0.49999999999999994,-0.8660254037844387,-0.9749279121818236,-0.2225209339563146,35.157,83.359,54.625208333333326,23.215658859034413,train
2016-09-17 11:00:00,Hog_public_Gerard,Hog,82.516,17.2,13.3,1012.2,4.6,8.0,11,5,1,9,0.258819045102521,-0.9659258262890682,-0.9749279121818236,-0.2225209339563146,42.479,89.365,54.33983333333333,22.808584744739782,train
2016-09-17 12:00:00,Hog_public_Gerard,Hog,85.045,18.3,13.3,1012.4,4.1,8.0,12,5,1,9,1.2246467991473532e-16,-1.0,-0.9749279121818236,-0.2225209339563146,82.516,87.162,54.251625,22.67986204392626,train
2016-09-17 13:00:00,Hog_public_Gerard,Hog,84.32600000000002,18.9,13.3,1012.4,4.1,8.0,13,5,1,9,-0.2588190451025208,-0.9659258262890683,-0.9749279121818236,-0.2225209339563146,85.045,87.777,54.10783333333334,22.468018150766966,train
2016-09-17 14:00:00,Hog_public_Gerard,Hog,83.59200000000001,20.6,13.9,1012.1,5.1,7.0,14,5,1,9,-0.4999999999999997,-0.8660254037844388,-0.9749279121818236,-0.2225209339563146,84.32600000000002,87.605,53.940625000000004,22.22147141610439,train
2016-09-17 15:00:00,Hog_public_Gerard,Hog,82.76100000000002,20.6,12.8,1012.0,5.7,6.0,15,5,1,9,-0.7071067811865471,-0.7071067811865479,-0.9749279121818236,-0.2225209339563146,83.59200000000001,88.669,53.69445833333334,21.84964117301468,train
2016-09-17 16:00:00,Hog_public_Gerard,Hog,82.43700000000003,22.2,12.2,1011.5,4.6,5.0,16,5,1,9,-0.8660254037844385,-0.5000000000000004,-0.9749279121818236,-0.2225209339563146,82.76100000000002,89.133,53.41545833333333,21.415894268102416,train
2016-09-17 17:00:00,Hog_public_Gerard,Hog,81.477,22.2,10.0,1011.5,5.7,4.0,17,5,1,9,-0.9659258262890683,-0.25881904510252063,-0.9749279121818236,-0.2225209339563146,82.43700000000003,83.69200000000002,53.32316666666667,21.284112106097666,train
2016-09-17 18:00:00,Hog_public_Gerard,Hog,83.73200000000001,21.7,8.9,1011.3,5.1,2.0,18,5,1,9,-1.0,-1.8369701987210297e-16,-0.9749279121818236,-0.2225209339563146,81.477,77.204,53.59516666666667,21.641281179760476,train
2016-09-17 19:00:00,Hog_public_Gerard,Hog,54.457,20.0,9.4,1011.7,2.1,0.0,19,5,1,9,-0.9659258262890684,0.2588190451025203,-0.9749279121818236,-0.2225209339563146,83.73200000000001,46.764,53.915708333333335,21.59261968012144,train
2016-09-17 20:00:00,Hog_public_Gerard,Hog,45.76,18.9,10.0,1011.9,0.0,0.0,20,5,1,9,-0.8660254037844386,0.5000000000000001,-0.9749279121818236,-0.2225209339563146,54.457,41.701,54.08483333333334,21.50852022008898,train
2016-09-17 21:00:00,Hog_public_Gerard,Hog,46.236,18.9,9.4,1012.2,1.5,0.0,21,5,1,9,-0.7071067811865477,0.7071067811865474,-0.9749279121818236,-0.2225209339563146,45.76,41.97,54.26258333333334,21.421499646924673,train
2016-09-17 22:00:00,Hog_public_Gerard,Hog,45.727,16.1,10.6,1012.3,0.0,0.0,22,5,1,9,-0.5000000000000004,0.8660254037844384,-0.9749279121818236,-0.2225209339563146,46.236,41.55,54.436625,21.330499005175383,train
2016-09-17 23:00:00,Hog_public_Gerard,Hog,46.159,16.7,10.0,1012.6,1.5,0.0,23,5,1,9,-0.25881904510252157,0.9659258262890681,-0.9749279121818236,-0.2225209339563146,45.727,42.176,54.602583333333335,21.24628812372263,train
2016-09-18 00:00:00,Hog_public_Gerard,Hog,45.637,15.6,11.7,1012.8,2.1,0.0,0,6,1,9,0.0,1.0,-0.7818314824680299,0.6234898018587334,46.159,42.597,54.72925000000001,21.180561273201224,train
2016-09-18 01:00:00,Hog_public_Gerard,Hog,40.189,15.0,11.7,1012.5,2.1,0.0,1,6,1,9,0.25881904510252074,0.9659258262890683,-0.7818314824680299,0.6234898018587334,45.637,36.887,54.86683333333334,21.070059872114697,train
2016-09-18 02:00:00,Hog_public_Gerard,Hog,39.001,15.0,11.7,1012.3,2.1,0.0,2,6,1,9,0.49999999999999994,0.8660254037844387,-0.7818314824680299,0.6234898018587334,40.189,35.743,55.00258333333334,20.951654621629846,train
2016-09-18 03:00:00,Hog_public_Gerard,Hog,39.329,14.4,11.1,1012.2,1.5,0.0,3,6,1,9,0.7071067811865476,0.7071067811865476,-0.7818314824680299,0.6234898018587334,39.001,36.254,55.13070833333334,20.84112779114627,train
2016-09-18 04:00:00,Hog_public_Gerard,Hog,39.149,12.8,11.1,1011.8,2.1,0.0,4,6,1,9,0.8660254037844386,0.5000000000000001,-0.7818314824680299,0.6234898018587334,39.329,35.651,55.27645833333333,20.710799646517604,train
2016-09-18 05:00:00,Hog_public_Gerard,Hog,38.618,12.8,11.1,1011.4,2.6,0.0,5,6,1,9,0.9659258262890683,0.25881904510252074,-0.7818314824680299,0.6234898018587334,39.149,35.395,55.41075,20.586355899943428,train
2016-09-18 06:00:00,Hog_public_Gerard,Hog,39.173,12.8,11.1,1010.9,2.1,2.0,6,6,1,9,1.0,6.123233995736766e-17,-0.7818314824680299,0.6234898018587334,38.618,35.868,55.548458333333336,20.460614821352724,train
2016-09-18 07:00:00,Hog_public_Gerard,Hog,39.435,13.3,11.1,1010.7,2.6,2.0,7,6,1,9,0.9659258262890683,-0.25881904510252063,-0.7818314824680299,0.6234898018587334,39.173,35.76,55.70158333333334,20.319345222069245,train
2016-09-18 08:00:00,Hog_public_Gerard,Hog,38.115,13.9,11.7,1010.8,2.6,2.0,8,6,1,9,0.8660254037844387,-0.4999999999999998,-0.7818314824680299,0.6234898018587334,39.435,34.446,55.85445833333333,20.16569446831668,train
2016-09-18 09:00:00,Hog_public_Gerard,Hog,36.935,16.7,12.2,1010.4,2.6,2.0,9,6,1,9,0.7071067811865476,-0.7071067811865475,-0.7818314824680299,0.6234898018587334,38.115,35.157,55.92854166666667,20.089473525205495,train
2016-09-18 10:00:00,Hog_public_Gerard,Hog,36.346,19.4,13.9,1010.4,2.6,2.0,10,6,1,9,0.49999999999999994,-0.8660254037844387,-0.7818314824680299,0.6234898018587334,36.935,42.479,55.67300000000001,20.305833708781837,train
2016-09-18 11:00:00,Hog_public_Gerard,Hog,35.872,22.2,14.4,1010.0,3.6,4.0,11,6,1,9,0.258819045102521,-0.9659258262890682,-0.7818314824680299,0.6234898018587334,36.346,82.516,53.7295,19.85206005956816,train
2016-09-18 12:00:00,Hog_public_Gerard,Hog,66.748,23.9,13.9,1009.4,5.1,4.0,12,6,1,9,1.2246467991473532e-16,-1.0,-0.7818314824680299,0.6234898018587334,35.872,85.045,52.967125,18.92694222372498,train
2016-09-18 13:00:00,Hog_public_Gerard,Hog,80.189,25.6,14.4,1008.9,6.2,6.0,13,6,1,9,-0.2588190451025208,-0.9659258262890683,-0.7818314824680299,0.6234898018587334,66.748,84.32600000000002,52.79475,18.645676251917237,train
2016-09-18 14:00:00,Hog_public_Gerard,Hog,80.274,27.2,13.3,1008.3,5.1,6.333333333333333,14,6,1,9,-0.4999999999999997,-0.8660254037844388,-0.7818314824680299,0.6234898018587334,80.189,83.59200000000001,52.6565,18.41831371925442,train
2016-09-18 15:00:00,Hog_public_Gerard,Hog,81.708,28.3,13.3,1007.2,6.7,6.666666666666667,15,6,1,9,-0.7071067811865471,-0.7071067811865479,-0.7818314824680299,0.6234898018587334,80.274,82.76100000000002,52.612625,18.3445892717422,train
2016-09-18 16:00:00,Hog_public_Gerard,Hog,84.344,28.3,12.8,1007.0,6.7,7.0,16,6,1,9,-0.8660254037844385,-0.5000000000000004,-0.7818314824680299,0.6234898018587334,81.708,82.43700000000003,52.692083333333336,18.482996023176533,train
2016-09-18 17:00:00,Hog_public_Gerard,Hog,84.62700000000002,27.8,13.3,1006.8,4.1,7.333333333333333,17,6,1,9,-0.9659258262890683,-0.25881904510252063,-0.7818314824680299,0.6234898018587334,84.344,81.477,52.82333333333333,18.70612583148083,train
2016-09-18 18:00:00,Hog_public_Gerard,Hog,81.185,27.2,12.8,1007.0,3.6,7.666666666666666,18,6,1,9,-1.0,-1.8369701987210297e-16,-0.7818314824680299,0.6234898018587334,84.62700000000002,83.73200000000001,52.71720833333333,18.529539828583545,train
2016-09-18 19:00:00,Hog_public_Gerard,Hog,59.742,26.1,12.8,1007.0,3.6,8.0,19,6,1,9,-0.9659258262890684,0.2588190451025203,-0.7818314824680299,0.6234898018587334,81.185,54.457,52.93741666666666,18.582443193408064,train
2016-09-18 20:00:00,Hog_public_Gerard,Hog,57.085,25.0,13.9,1007.2,2.6,6.8,20,6,1,9,-0.8660254037844386,0.5000000000000001,-0.7818314824680299,0.6234898018587334,59.742,45.76,53.40929166666666,18.535991592103773,train
2016-09-18 21:00:00,Hog_public_Gerard,Hog,58.139,25.0,14.4,1007.8,4.1,5.6,21,6,1,9,-0.7071067811865477,0.7071067811865474,-0.7818314824680299,0.6234898018587334,57.085,46.236,53.90525,18.494910315731783,train
2016-09-18 22:00:00,Hog_public_Gerard,Hog,60.877,25.0,15.0,1007.8,3.6,4.4,22,6,1,9,-0.5000000000000004,0.8660254037844384,-0.7818314824680299,0.6234898018587334,58.139,45.727,54.5365,18.462155606867228,train
2016-09-18 23:00:00,Hog_public_Gerard,Hog,41.731,24.4,14.4,1007.8,6.2,3.2,23,6,1,9,-0.25881904510252157,0.9659258262890681,-0.7818314824680299,0.6234898018587334,60.877,46.159,54.352000000000004,18.571318138228897,train
2016-09-19 00:00:00,Hog_public_Gerard,Hog,40.602,23.3,14.4,1008.2,5.1,2.0,0,0,0,9,0.0,1.0,0.0,1.0,41.731,45.637,54.142208333333336,18.702026969844805,train
2016-09-19 01:00:00,Hog_public_Gerard,Hog,45.655,23.3,14.4,1008.3,6.2,2.0,1,0,0,9,0.25881904510252074,0.9659258262890683,0.0,1.0,40.602,40.189,54.36995833333334,18.557442541844118,train
2016-09-19 02:00:00,Hog_public_Gerard,Hog,41.055,22.2,14.4,1008.5,5.7,4.0,2,0,0,9,0.49999999999999994,0.8660254037844387,0.0,1.0,45.655,39.001,54.45554166666667,18.488088929336726,train
2016-09-19 03:00:00,Hog_public_Gerard,Hog,38.939,21.1,15.0,1008.7,4.1,4.0,3,0,0,9,0.7071067811865476,0.7071067811865476,0.0,1.0,41.055,39.329,54.43929166666666,18.50212844037898,train
2016-09-19 04:00:00,Hog_public_Gerard,Hog,31.436,20.6,15.0,1008.8,5.1,4.0,4,0,0,9,0.8660254037844386,0.5000000000000001,0.0,1.0,38.939,39.149,54.117916666666666,18.843106281624195,train
2016-09-19 05:00:00,Hog_public_Gerard,Hog,29.257,19.4,15.6,1009.5,3.1,4.0,5,0,0,9,0.9659258262890683,0.25881904510252074,0.0,1.0,31.436,38.618,53.727875000000004,19.269944643120244,train
2016-09-19 06:00:00,Hog_public_Gerard,Hog,29.945,18.9,15.6,1010.3,3.1,5.0,6,0,0,9,1.0,6.123233995736766e-17,0.0,1.0,29.257,39.173,53.343375,19.661085181277265,train
2016-09-19 07:00:00,Hog_public_Gerard,Hog,36.521,18.9,15.0,1011.5,2.1,6.0,7,0,0,9,0.9659258262890683,-0.25881904510252063,0.0,1.0,29.945,39.435,53.22195833333333,19.759462036065553,train
2016-09-19 08:00:00,Hog_public_Gerard,Hog,68.223,18.3,15.0,1012.6,3.1,5.666666666666667,8,0,0,9,0.8660254037844387,-0.4999999999999998,0.0,1.0,36.521,38.115,54.47645833333333,19.7143474502581,train
2016-09-19 09:00:00,Hog_public_Gerard,Hog,83.554,20.0,10.6,1013.5,5.7,5.333333333333333,9,0,0,9,0.7071067811865476,-0.7071067811865475,0.0,1.0,68.223,36.935,56.41891666666667,20.20150833567228,train
2016-09-19 10:00:00,Hog_public_Gerard,Hog,85.97200000000002,20.0,11.1,1014.0,0.0,5.0,10,0,0,9,0.49999999999999994,-0.8660254037844387,0.0,1.0,83.554,36.346,58.48666666666667,20.593551320037506,train
2016-09-19 11:00:00,Hog_public_Gerard,Hog,87.652,18.9,11.7,1013.6,3.6,4.666666666666667,11,0,0,9,0.258819045102521,-0.9659258262890682,0.0,1.0,85.97200000000002,35.872,60.64416666666667,20.83229970954741,train
2016-09-19 12:00:00,Hog_public_Gerard,Hog,89.649,20.6,11.7,1014.0,0.0,4.333333333333334,12,0,0,9,1.2246467991473532e-16,-1.0,0.0,1.0,87.652,66.748,61.598375000000004,21.633126377231374,train
2016-09-19 13:00:00,Hog_public_Gerard,Hog,88.944,21.1,12.2,1014.5,1.5,4.0,13,0,0,9,-0.2588190451025208,-0.9659258262890683,0.0,1.0,89.649,80.189,61.963166666666666,22.03041151536291,train
2016-09-19 14:00:00,Hog_public_Gerard,Hog,87.516,23.3,11.7,1014.5,3.6,2.0,14,0,0,9,-0.4999999999999997,-0.8660254037844388,0.0,1.0,88.944,80.274,62.26491666666667,22.339546846279227,train
2016-09-19 15:00:00,Hog_public_Gerard,Hog,88.04,24.4,10.6,1014.2,4.1,2.0,15,0,0,9,-0.7071067811865471,-0.7071067811865479,0.0,1.0,87.516,81.708,62.52875,22.614850800246153,train
2016-09-19 16:00:00,Hog_public_Gerard,Hog,85.619,25.0,10.6,1014.3,3.6,2.0,16,0,0,9,-0.8660254037844385,-0.5000000000000004,0.0,1.0,88.04,84.344,62.581875,22.669756469247805,train
2016-09-19 17:00:00,Hog_public_Gerard,Hog,86.73299999999998,25.6,10.0,1014.3,3.1,2.0,17,0,0,9,-0.9659258262890683,-0.25881904510252063,0.0,1.0,85.619,84.62700000000002,62.669625,22.76268422662603,train
2016-09-19 18:00:00,Hog_public_Gerard,Hog,81.182,25.6,10.6,1014.6,2.6,0.0,18,0,0,9,-1.0,-1.8369701987210297e-16,0.0,1.0,86.73299999999998,81.185,62.669500000000006,22.762578137773925,train
2016-09-19 19:00:00,Hog_public_Gerard,Hog,83.479,22.8,8.9,1014.9,2.6,0.0,19,0,0,9,-0.9659258262890684,0.2588190451025203,0.0,1.0,81.182,59.742,63.65854166666667,23.1423687412225,train
2016-09-19 20:00:00,Hog_public_Gerard,Hog,83.06299999999997,22.2,8.9,1015.1,2.6,0.0,20,0,0,9,-0.8660254037844386,0.5000000000000001,0.0,1.0,83.479,57.085,64.74095833333334,23.42731111977083,train
2016-09-19 21:00:00,Hog_public_Gerard,Hog,83.98299999999998,21.7,10.0,1015.8,1.5,0.0,21,0,0,9,-0.7071067811865477,0.7071067811865474,0.0,1.0,83.06299999999997,58.139,65.81779166666666,23.70299511248605,train
2016-09-19 22:00:00,Hog_public_Gerard,Hog,63.402,20.0,10.6,1016.3,0.0,0.0,22,0,0,9,-0.5000000000000004,0.8660254037844384,0.0,1.0,83.98299999999998,60.877,65.923,23.685708820886646,train
2016-09-19 23:00:00,Hog_public_Gerard,Hog,47.746,17.2,12.2,1017.3,0.0,0.0,23,0,0,9,-0.25881904510252157,0.9659258262890681,0.0,1.0,63.402,41.731,66.173625,23.449239729610433,train
2016-09-20 00:00:00,Hog_public_Gerard,Hog,44.18899999999999,17.2,11.7,1017.6,0.0,0.0,0,1,0,9,0.0,1.0,0.7818314824680298,0.6234898018587336,47.746,40.602,66.32308333333333,23.290058556344857,train
2016-09-20 01:00:00,Hog_public_Gerard,Hog,42.94600000000001,16.7,12.2,1017.8,0.0,0.0,1,1,0,9,0.25881904510252074,0.9659258262890683,0.7818314824680298,0.6234898018587336,44.18899999999999,45.655,66.21020833333333,23.40088219440563,train
2016-09-20 02:00:00,Hog_public_Gerard,Hog,39.881,15.6,12.8,1017.9,0.0,0.0,2,1,0,9,0.49999999999999994,0.8660254037844387,0.7818314824680298,0.6234898018587336,42.94600000000001,41.055,66.16129166666667,23.456912292595916,train
2016-09-20 03:00:00,Hog_public_Gerard,Hog,38.733,14.4,11.7,1018.1,2.1,0.0,3,1,0,9,0.7071067811865476,0.7071067811865476,0.7818314824680298,0.6234898018587336,39.881,38.939,66.15270833333334,23.46734191516813,train
2016-09-20 04:00:00,Hog_public_Gerard,Hog,36.914,14.4,11.1,1018.3,2.1,0.0,4,1,0,9,0.8660254037844386,0.5000000000000001,0.7818314824680298,0.6234898018587336,38.733,31.436,66.38095833333334,23.139344448793892,train
2016-09-20 05:00:00,Hog_public_Gerard,Hog,30.353,14.4,10.6,1018.4,0.0,0.0,5,1,0,9,0.9659258262890683,0.25881904510252074,0.7818314824680298,0.6234898018587336,36.914,29.257,66.426625,23.063851316484726,train
2016-09-20 06:00:00,Hog_public_Gerard,Hog,29.681,15.6,10.0,1018.9,0.0,0.0,6,1,0,9,1.0,6.123233995736766e-17,0.7818314824680298,0.6234898018587336,30.353,29.945,66.415625,23.08206300932188,train
2016-09-20 07:00:00,Hog_public_Gerard,Hog,35.521,15.0,9.4,1019.2,1.5,2.0,7,1,0,9,0.9659258262890683,-0.25881904510252063,0.7818314824680298,0.6234898018587336,29.681,36.521,66.37395833333333,23.13920551880872,train
2016-09-20 08:00:00,Hog_public_Gerard,Hog,65.533,15.6,11.1,1019.3,1.5,2.6666666666666665,8,1,0,9,0.8660254037844387,-0.4999999999999998,0.7818314824680298,0.6234898018587336,35.521,68.223,66.26187499999999,23.136374418749504,train
2016-09-20 09:00:00,Hog_public_Gerard,Hog,80.389,16.1,11.1,1019.7,1.5,3.333333333333333,9,1,0,9,0.7071067811865476,-0.7071067811865475,0.7818314824680298,0.6234898018587336,65.533,83.554,66.13,23.04235474266807,train
2016-09-20 10:00:00,Hog_public_Gerard,Hog,85.01299999999998,17.8,12.2,1019.7,1.5,4.0,10,1,0,9,0.49999999999999994,-0.8660254037844387,0.7818314824680298,0.6234898018587336,80.389,85.97200000000002,66.09004166666666,23.00725498332547,train
2016-09-20 11:00:00,Hog_public_Gerard,Hog,88.541,20.0,13.3,1019.8,1.5,4.666666666666666,11,1,0,9,0.258819045102521,-0.9659258262890682,0.7818314824680298,0.6234898018587336,85.01299999999998,87.652,66.12708333333333,23.0441650974001,train
2016-09-20 12:00:00,Hog_public_Gerard,Hog,92.158,22.2,13.9,1020.3,1.5,5.333333333333333,12,1,0,9,1.2246467991473532e-16,-1.0,0.7818314824680298,0.6234898018587336,88.541,89.649,66.231625,23.160909064182885,train
2016-09-20 13:00:00,Hog_public_Gerard,Hog,93.274,22.2,13.9,1020.2,1.5,6.0,13,1,0,9,-0.2588190451025208,-0.9659258262890683,0.7818314824680298,0.6234898018587336,92.158,88.944,66.41204166666667,23.361519980103996,train
2016-09-20 14:00:00,Hog_public_Gerard,Hog,90.005,24.4,15.0,1019.2,0.0,4.0,14,1,0,9,-0.4999999999999997,-0.8660254037844388,0.7818314824680298,0.6234898018587336,93.274,87.516,66.51575,23.464577056842995,train
2016-09-20 15:00:00,Hog_public_Gerard,Hog,95.177,25.0,13.9,1018.4,2.1,4.0,15,1,0,9,-0.7071067811865471,-0.7071067811865479,0.7818314824680298,0.6234898018587336,90.005,88.04,66.813125,23.792160022766193,train
2016-09-20 16:00:00,Hog_public_Gerard,Hog,85.309,25.6,14.4,1017.6,4.1,4.0,16,1,0,9,-0.8660254037844385,-0.5000000000000004,0.7818314824680298,0.6234898018587336,95.177,85.619,66.80020833333333,23.781588292990858,train
2016-09-20 17:00:00,Hog_public_Gerard,Hog,90.664,25.6,13.9,1016.7,5.7,4.0,17,1,0,9,-0.9659258262890683,-0.25881904510252063,0.7818314824680298,0.6234898018587336,85.309,86.73299999999998,66.96399999999998,23.937864461069257,train
2016-09-20 18:00:00,Hog_public_Gerard,Hog,87.867,25.0,14.4,1016.2,4.6,5.0,18,1,0,9,-1.0,-1.8369701987210297e-16,0.7818314824680298,0.6234898018587336,90.664,81.182,67.24254166666667,24.14846560789278,train
2016-09-20 19:00:00,Hog_public_Gerard,Hog,87.97200000000002,24.4,13.9,1016.3,3.6,6.0,19,1,0,9,-0.9659258262890684,0.2588190451025203,0.7818314824680298,0.6234898018587336,87.867,83.479,67.42975,24.296769989749322,train
2016-09-20 20:00:00,Hog_public_Gerard,Hog,87.839,23.3,14.4,1016.7,4.1,6.0,20,1,0,9,-0.8660254037844386,0.5000000000000001,0.7818314824680298,0.6234898018587336,87.97200000000002,83.06299999999997,67.62875,24.449458330000596,train
2016-09-20 21:00:00,Hog_public_Gerard,Hog,84.315,22.8,13.3,1017.1,4.1,6.0,21,1,0,9,-0.7071067811865477,0.7071067811865474,0.7818314824680298,0.6234898018587336,87.839,83.98299999999998,67.64258333333333,24.45920573902715,train
2016-09-20 22:00:00,Hog_public_Gerard,Hog,65.748,22.8,13.3,1016.4,6.2,6.0,22,1,0,9,-0.5000000000000004,0.8660254037844384,0.7818314824680298,0.6234898018587336,84.315,63.402,67.74033333333334,24.446206001833062,train
2016-09-20 23:00:00,Hog_public_Gerard,Hog,51.464,22.2,13.3,1015.6,5.7,6.0,23,1,0,9,-0.25881904510252157,0.9659258262890681,0.7818314824680298,0.6234898018587336,65.748,47.746,67.89525,24.325474571982653,train
2016-09-21 00:00:00,Hog_public_Gerard,Hog,41.262,20.0,15.6,1015.55,5.1,6.0,0,2,0,9,0.0,1.0,0.9749279121818236,-0.22252093395631434,51.464,44.18899999999999,67.77329166666667,24.456480555715743,train
2016-09-21 01:00:00,Hog_public_Gerard,Hog,43.669,18.9,16.1,1015.5,1.5,6.0,1,2,0,9,0.25881904510252074,0.9659258262890683,0.9749279121818236,-0.22252093395631434,41.262,42.94600000000001,67.80341666666668,24.42499417634513,train
2016-09-21 02:00:00,Hog_public_Gerard,Hog,39.67,18.9,16.1,1015.4,2.1,6.0,2,2,0,9,0.49999999999999994,0.8660254037844387,0.9749279121818236,-0.22252093395631434,43.669,39.881,67.794625,24.435517412182776,train
2016-09-21 03:00:00,Hog_public_Gerard,Hog,40.039,18.9,16.1,1015.4,3.1,6.0,3,2,0,9,0.7071067811865476,0.7071067811865476,0.9749279121818236,-0.22252093395631434,39.67,38.733,67.84904166666666,24.36934938825583,train
2016-09-21 04:00:00,Hog_public_Gerard,Hog,37.869,18.9,16.1,1015.6,3.1,6.0,4,2,0,9,0.8660254037844386,0.5000000000000001,0.9749279121818236,-0.22252093395631434,40.039,36.914,67.88883333333334,24.317364931020105,train
2016-09-21 05:00:00,Hog_public_Gerard,Hog,30.849,18.9,16.1,1015.6,2.6,6.0,5,2,0,9,0.9659258262890683,0.25881904510252074,0.9749279121818236,-0.22252093395631434,37.869,30.353,67.9095,24.284265503479386,train
2016-09-21 06:00:00,Hog_public_Gerard,Hog,30.887,18.3,16.1,1015.8,3.1,6.0,6,2,0,9,1.0,6.123233995736766e-17,0.9749279121818236,-0.22252093395631434,30.849,29.681,67.95975,24.20283343680169,train
2016-09-21 07:00:00,Hog_public_Gerard,Hog,36.481,18.3,15.6,1015.7,3.6,6.0,7,2,0,9,0.9659258262890683,-0.25881904510252063,0.9749279121818236,-0.22252093395631434,30.887,35.521,67.99974999999999,24.14762133078087,train
2016-09-21 08:00:00,Hog_public_Gerard,Hog,68.445,18.9,15.6,1016.4,4.1,6.333333333333333,8,2,0,9,0.8660254037844387,-0.4999999999999998,0.9749279121818236,-0.22252093395631434,36.481,65.533,68.12108333333335,24.142003119075472,train
2016-09-21 09:00:00,Hog_public_Gerard,Hog,84.26799999999999,18.3,15.6,1016.9,5.1,6.666666666666667,9,2,0,9,0.7071067811865476,-0.7071067811865475,0.9749279121818236,-0.22252093395631434,68.445,80.389,68.28270833333333,24.240488435815077,train
2016-09-21 10:00:00,Hog_public_Gerard,Hog,87.50399999999998,18.9,15.6,1017.0,5.1,7.0,10,2,0,9,0.49999999999999994,-0.8660254037844387,0.9749279121818236,-0.22252093395631434,84.26799999999999,85.01299999999998,68.3865,24.320438961999603,train
2016-09-21 11:00:00,Hog_public_Gerard,Hog,91.782,18.3,16.1,1017.0,5.1,7.333333333333333,11,2,0,9,0.258819045102521,-0.9659258262890682,0.9749279121818236,-0.22252093395631434,87.50399999999998,88.541,68.52154166666666,24.445888922589422,train
2016-09-21 12:00:00,Hog_public_Gerard,Hog,93.254,18.9,16.7,1017.0,4.6,7.666666666666666,12,2,0,9,1.2246467991473532e-16,-1.0,0.9749279121818236,-0.22252093395631434,91.782,92.158,68.56720833333333,24.492941700184232,train
2016-09-21 13:00:00,Hog_public_Gerard,Hog,95.383,19.4,16.7,1016.6,5.1,8.0,13,2,0,9,-0.2588190451025208,-0.9659258262890683,0.9749279121818236,-0.22252093395631434,93.254,93.274,68.65508333333334,24.589032763686003,train
2016-09-21 14:00:00,Hog_public_Gerard,Hog,92.316,21.1,17.2,1015.8,6.7,8.0,14,2,0,9,-0.4999999999999997,-0.8660254037844388,0.9749279121818236,-0.22252093395631434,95.383,90.005,68.751375,24.680629394082395,train
2016-09-21 15:00:00,Hog_public_Gerard,Hog,90.365,21.1,17.2,1015.4,5.1,8.0,15,2,0,9,-0.7071067811865471,-0.7071067811865479,0.9749279121818236,-0.22252093395631434,92.316,95.177,68.550875,24.47531149211119,train
2016-09-21 16:00:00,Hog_public_Gerard,Hog,91.276,21.1,17.8,1014.7,5.7,8.0,16,2,0,9,-0.8660254037844385,-0.5000000000000004,0.9749279121818236,-0.22252093395631434,90.365,85.309,68.79950000000001,24.682376284375025,train
2016-09-21 17:00:00,Hog_public_Gerard,Hog,92.17,21.1,17.2,1014.0,6.2,8.0,17,2,0,9,-0.9659258262890683,-0.25881904510252063,0.9749279121818236,-0.22252093395631434,91.276,90.664,68.86225,24.742220987879072,train
2016-09-21 18:00:00,Hog_public_Gerard,Hog,90.054,20.0,16.7,1013.7,5.1,8.0,18,2,0,9,-1.0,-1.8369701987210297e-16,0.9749279121818236,-0.22252093395631434,92.17,87.867,68.953375,24.81916593002184,train
2016-09-21 19:00:00,Hog_public_Gerard,Hog,87.118,20.0,16.7,1013.4,7.7,8.0,19,2,0,9,-0.9659258262890684,0.2588190451025203,0.9749279121818236,-0.22252093395631434,90.054,87.97200000000002,68.91779166666666,24.791309888712792,train
2016-09-21 20:00:00,Hog_public_Gerard,Hog,86.947,21.1,16.7,1013.7,9.8,8.0,20,2,0,9,-0.8660254037844386,0.5000000000000001,0.9749279121818236,-0.22252093395631434,87.118,87.839,68.880625,24.762361984010614,train
2016-09-21 21:00:00,Hog_public_Gerard,Hog,91.179,18.9,17.8,1013.95,2.6,8.0,21,2,0,9,-0.7071067811865477,0.7071067811865474,0.9749279121818236,-0.22252093395631434,86.947,84.315,69.166625,24.986996292528367,train
2016-09-21 22:00:00,Hog_public_Gerard,Hog,65.883,18.9,17.2,1014.2,10.3,8.0,22,2,0,9,-0.5000000000000004,0.8660254037844384,0.9749279121818236,-0.22252093395631434,91.179,65.748,69.17224999999999,24.986208424109563,train
2016-09-21 23:00:00,Hog_public_Gerard,Hog,46.727,20.0,17.8,1014.6,4.6,8.0,23,2,0,9,-0.25881904510252157,0.9659258262890681,0.9749279121818236,-0.22252093395631434,65.883,51.464,68.974875,25.150344648537477,train
2016-09-22 00:00:00,Hog_public_Gerard,Hog,42.166,19.4,17.8,1015.4,5.1,8.0,0,3,0,9,0.0,1.0,0.43388373911755823,-0.900968867902419,46.727,41.262,69.01254166666666,25.107676388912665,train
2016-09-22 01:00:00,Hog_public_Gerard,Hog,44.724,18.9,17.2,1015.0,8.8,8.0,1,3,0,9,0.25881904510252074,0.9659258262890683,0.43388373911755823,-0.900968867902419,42.166,43.669,69.05649999999999,25.062258382224687,train
2016-09-22 02:00:00,Hog_public_Gerard,Hog,40.52,18.9,17.2,1014.5,7.2,8.0,2,3,0,9,0.49999999999999994,0.8660254037844387,0.43388373911755823,-0.900968867902419,44.724,39.67,69.09191666666668,25.019489477842754,train
2016-09-22 03:00:00,Hog_public_Gerard,Hog,40.233,18.9,16.7,1014.4,6.2,8.0,3,3,0,9,0.7071067811865476,0.7071067811865476,0.43388373911755823,-0.900968867902419,40.52,40.039,69.10000000000001,25.00972434526393,train
2016-09-22 04:00:00,Hog_public_Gerard,Hog,37.581,18.9,16.7,1014.1,6.2,8.0,4,3,0,9,0.8660254037844386,0.5000000000000001,0.43388373911755823,-0.900968867902419,40.233,37.869,69.088,25.025425085213882,train
2016-09-22 05:00:00,Hog_public_Gerard,Hog,31.557,18.3,16.7,1014.7,3.1,8.0,5,3,0,9,0.9659258262890683,0.25881904510252074,0.43388373911755823,-0.900968867902419,37.581,30.849,69.11749999999999,24.97876286663986,train
2016-09-22 06:00:00,Hog_public_Gerard,Hog,30.601,18.3,16.7,1014.0,4.6,8.0,6,3,0,9,1.0,6.123233995736766e-17,0.43388373911755823,-0.900968867902419,31.557,30.887,69.10558333333334,24.997855476571115,train
2016-09-22 07:00:00,Hog_public_Gerard,Hog,36.366,18.9,16.7,1016.4,2.6,8.0,7,3,0,9,0.9659258262890683,-0.25881904510252063,0.43388373911755823,-0.900968867902419,30.601,36.481,69.10079166666667,25.00439112041196,train
2016-09-22 08:00:00,Hog_public_Gerard,Hog,68.007,18.9,16.7,1016.6,2.6,8.0,8,3,0,9,0.8660254037844387,-0.4999999999999998,0.43388373911755823,-0.900968867902419,36.366,68.445,69.08254166666666,25.005050408092206,train
2016-09-22 09:00:00,Hog_public_Gerard,Hog,87.29700000000004,18.9,17.2,1017.0,1.5,8.0,9,3,0,9,0.7071067811865476,-0.7071067811865475,0.43388373911755823,-0.900968867902419,68.007,84.26799999999999,69.20875000000001,25.09251977443547,train
2016-09-22 10:00:00,Hog_public_Gerard,Hog,87.04,18.9,16.7,1017.2,2.1,8.0,10,3,0,9,0.49999999999999994,-0.8660254037844387,0.43388373911755823,-0.900968867902419,87.29700000000004,87.50399999999998,69.18941666666667,25.077985280558014,train
2016-09-22 11:00:00,Hog_public_Gerard,Hog,87.56200000000004,19.4,17.2,1017.4,3.1,8.0,11,3,0,9,0.258819045102521,-0.9659258262890682,0.43388373911755823,-0.900968867902419,87.04,91.782,69.01358333333333,24.92703084206881,train
2016-09-22 12:00:00,Hog_public_Gerard,Hog,88.023,20.0,17.2,1016.6,4.6,8.0,12,3,0,9,1.2246467991473532e-16,-1.0,0.43388373911755823,-0.900968867902419,87.56200000000004,93.254,68.79562500000002,24.727935191868756,train
2016-09-22 13:00:00,Hog_public_Gerard,Hog,91.248,21.1,17.2,1016.3,5.1,8.0,13,3,0,9,-0.2588190451025208,-0.9659258262890683,0.43388373911755823,-0.900968867902419,88.023,95.383,68.62333333333333,24.548387108386347,train
2016-09-22 14:00:00,Hog_public_Gerard,Hog,87.76,21.7,16.7,1016.3,5.1,8.0,14,3,0,9,-0.4999999999999997,-0.8660254037844388,0.43388373911755823,-0.900968867902419,91.248,92.316,68.43350000000001,24.374203039814194,train
2016-09-22 15:00:00,Hog_public_Gerard,Hog,93.606,21.1,16.7,1016.5,5.1,8.0,15,3,0,9,-0.7071067811865471,-0.7071067811865479,0.43388373911755823,-0.900968867902419,87.76,90.365,68.56854166666668,24.509596338859627,train
2016-09-22 16:00:00,Hog_public_Gerard,Hog,91.594,21.1,16.7,1016.9,6.2,8.0,16,3,0,9,-0.8660254037844385,-0.5000000000000004,0.43388373911755823,-0.900968867902419,93.606,91.276,68.58179166666666,24.522488388840102,train
2016-09-22 17:00:00,Hog_public_Gerard,Hog,88.08200000000002,20.0,16.1,1017.2,5.1,8.0,17,3,0,9,-0.9659258262890683,-0.25881904510252063,0.43388373911755823,-0.900968867902419,91.594,92.17,68.41145833333334,24.365214223808955,train
2016-09-22 18:00:00,Hog_public_Gerard,Hog,84.723,18.9,15.6,1017.7,5.1,8.0,18,3,0,9,-1.0,-1.8369701987210297e-16,0.43388373911755823,-0.900968867902419,88.08200000000002,90.054,68.18933333333334,24.18295025455938,train
2016-09-22 19:00:00,Hog_public_Gerard,Hog,86.34100000000002,17.8,15.0,1017.9,6.7,8.0,19,3,0,9,-0.9659258262890684,0.2588190451025203,0.43388373911755823,-0.900968867902419,84.723,87.118,68.15695833333335,24.157013865774733,train
2016-09-22 20:00:00,Hog_public_Gerard,Hog,84.925,17.2,14.4,1018.2,4.1,7.333333333333333,20,3,0,9,-0.8660254037844386,0.5000000000000001,0.43388373911755823,-0.900968867902419,86.34100000000002,86.947,68.07270833333334,24.092071162754625,train
2016-09-22 21:00:00,Hog_public_Gerard,Hog,85.665,17.2,13.9,1019.0,4.6,6.666666666666667,21,3,0,9,-0.7071067811865477,0.7071067811865474,0.43388373911755823,-0.900968867902419,84.925,91.179,67.84295833333334,23.8875651724439,train
2016-09-22 22:00:00,Hog_public_Gerard,Hog,62.87300000000001,17.2,13.9,1018.9,4.1,6.0,22,3,0,9,-0.5000000000000004,0.8660254037844384,0.43388373911755823,-0.900968867902419,85.665,65.883,67.71754166666668,23.906197351822318,train
2016-09-22 23:00:00,Hog_public_Gerard,Hog,46.312,17.2,13.9,1019.1,4.6,5.333333333333334,23,3,0,9,-0.25881904510252157,0.9659258262890681,0.43388373911755823,-0.900968867902419,62.87300000000001,46.727,67.70025,23.922184946832004,train
2016-09-23 00:00:00,Hog_public_Gerard,Hog,40.581,16.7,13.3,1018.6,4.1,4.666666666666667,0,4,0,9,0.0,1.0,-0.433883739117558,-0.9009688679024191,46.312,42.166,67.63420833333335,23.99781020078649,train
2016-09-23 01:00:00,Hog_public_Gerard,Hog,43.859,16.1,13.3,1018.6,4.6,4.0,1,4,0,9,0.25881904510252074,0.9659258262890683,-0.433883739117558,-0.9009688679024191,40.581,44.724,67.59816666666667,24.0343362001057,train
2016-09-23 02:00:00,Hog_public_Gerard,Hog,38.757,16.1,13.3,1019.3,2.6,4.666666666666667,2,4,0,9,0.49999999999999994,0.8660254037844387,-0.433883739117558,-0.9009688679024191,43.859,40.52,67.52470833333334,24.123225827043477,train
2016-09-23 03:00:00,Hog_public_Gerard,Hog,38.458,15.6,13.3,1019.4,3.6,5.333333333333333,3,4,0,9,0.7071067811865476,0.7071067811865476,-0.433883739117558,-0.9009688679024191,38.757,40.233,67.45075,24.213089769702115,train
2016-09-23 04:00:00,Hog_public_Gerard,Hog,35.382,15.6,13.3,1019.2,3.6,6.0,4,4,0,9,0.8660254037844386,0.5000000000000001,-0.433883739117558,-0.9009688679024191,38.458,37.581,67.359125,24.33488884800106,train
2016-09-23 05:00:00,Hog_public_Gerard,Hog,30.983,15.6,13.3,1019.7,3.6,6.666666666666666,5,4,0,9,0.9659258262890683,0.25881904510252074,-0.433883739117558,-0.9009688679024191,35.382,31.557,67.33520833333334,24.371859519391872,train
2016-09-23 06:00:00,Hog_public_Gerard,Hog,28.82800000000001,15.6,13.3,1019.5,5.1,7.333333333333333,6,4,0,9,1.0,6.123233995736766e-17,-0.433883739117558,-0.9009688679024191,30.983,30.601,67.26133333333334,24.490446575129585,train
2016-09-23 07:00:00,Hog_public_Gerard,Hog,35.549,15.6,13.9,1020.2,5.1,8.0,7,4,0,9,0.9659258262890683,-0.25881904510252063,-0.433883739117558,-0.9009688679024191,28.82800000000001,36.366,67.22729166666667,24.535784019121383,train
2016-09-23 08:00:00,Hog_public_Gerard,Hog,67.072,16.1,13.9,1020.4,5.7,7.0,8,4,0,9,0.8660254037844387,-0.4999999999999998,-0.433883739117558,-0.9009688679024191,35.549,68.007,67.18833333333335,24.53523445571904,train
2016-09-23 09:00:00,Hog_public_Gerard,Hog,84.323,16.7,13.9,1021.1,4.6,6.0,9,4,0,9,0.7071067811865476,-0.7071067811865475,-0.433883739117558,-0.9009688679024191,67.072,87.29700000000004,67.06441666666667,24.436570583979215,train
2016-09-23 10:00:00,Hog_public_Gerard,Hog,85.255,17.8,13.9,1020.2,6.7,5.0,10,4,0,9,0.49999999999999994,-0.8660254037844387,-0.433883739117558,-0.9009688679024191,84.323,87.04,66.99004166666667,24.3757704154354,train
2016-09-23 11:00:00,Hog_public_Gerard,Hog,87.51899999999998,20.0,15.0,1019.9,5.7,4.0,11,4,0,9,0.258819045102521,-0.9659258262890682,-0.433883739117558,-0.9009688679024191,85.255,87.56200000000004,66.98825000000001,24.374194123133076,train
2016-09-23 12:00:00,Hog_public_Gerard,Hog,87.81299999999996,21.1,15.0,1019.5,6.2,6.0,12,4,0,9,1.2246467991473532e-16,-1.0,-0.433883739117558,-0.9009688679024191,87.51899999999998,88.023,66.97949999999999,24.366351056858882,train
2016-09-23 13:00:00,Hog_public_Gerard,Hog,87.89399999999998,21.1,15.0,1019.5,5.7,8.0,13,4,0,9,-0.2588190451025208,-0.9659258262890683,-0.433883739117558,-0.9009688679024191,87.81299999999996,91.248,66.83975,24.230349245181742,train
2016-09-23 14:00:00,Hog_public_Gerard,Hog,88.90799999999999,20.6,15.6,1019.7,4.6,8.0,14,4,0,9,-0.4999999999999997,-0.8660254037844388,-0.433883739117558,-0.9009688679024191,87.89399999999998,87.76,66.88758333333332,24.274536533285204,train
2016-09-23 15:00:00,Hog_public_Gerard,Hog,91.168,20.0,15.6,1019.9,3.1,8.0,15,4,0,9,-0.7071067811865471,-0.7071067811865479,-0.433883739117558,-0.9009688679024191,88.90799999999999,93.606,66.78599999999999,24.16270845205751,train
2016-09-23 16:00:00,Hog_public_Gerard,Hog,91.886,18.3,16.1,1018.9,5.1,8.0,16,4,0,9,-0.8660254037844385,-0.5000000000000004,-0.433883739117558,-0.9009688679024191,91.168,91.594,66.79816666666666,24.17581311732987,train
2016-09-23 17:00:00,Hog_public_Gerard,Hog,91.397,18.3,16.1,1018.8,5.1,8.0,17,4,0,9,-0.9659258262890683,-0.25881904510252063,-0.433883739117558,-0.9009688679024191,91.886,88.08200000000002,66.93629166666666,24.311789744142796,train
2016-09-23 18:00:00,Hog_public_Gerard,Hog,86.125,17.8,16.1,1018.8499999999999,5.1,8.0,18,4,0,9,-1.0,-1.8369701987210297e-16,-0.433883739117558,-0.9009688679024191,91.397,84.723,66.99470833333334,24.358026448718093,train
2016-09-23 19:00:00,Hog_public_Gerard,Hog,48.54,17.8,15.6,1018.9,6.7,8.0,19,4,0,9,-0.9659258262890684,0.2588190451025203,-0.433883739117558,-0.9009688679024191,86.125,86.34100000000002,65.41966666666666,24.27466787963675,train
2016-09-23 20:00:00,Hog_public_Gerard,Hog,40.183,17.8,15.6,1018.4,5.7,8.0,20,4,0,9,-0.8660254037844386,0.5000000000000001,-0.433883739117558,-0.9009688679024191,48.54,84.925,63.555416666666666,24.429125131457486,train
2016-09-23 21:00:00,Hog_public_Gerard,Hog,39.636,17.8,15.6,1018.5,5.7,8.0,21,4,0,9,-0.7071067811865477,0.7071067811865474,-0.433883739117558,-0.9009688679024191,40.183,85.665,61.637541666666664,24.424699284302882,train
2016-09-23 22:00:00,Hog_public_Gerard,Hog,40.066,18.3,15.6,1018.6,4.1,8.0,22,4,0,9,-0.5000000000000004,0.8660254037844384,-0.433883739117558,-0.9009688679024191,39.636,62.87300000000001,60.68725,24.815097314284184,train
2016-09-23 23:00:00,Hog_public_Gerard,Hog,39.908,18.3,15.6,1018.3,5.1,8.0,23,4,0,9,-0.25881904510252157,0.9659258262890681,-0.433883739117558,-0.9009688679024191,40.066,46.312,60.42041666666666,25.010057868814542,train
2016-09-24 00:00:00,Hog_public_Gerard,Hog,40.007,18.3,15.6,1018.2,6.2,8.0,0,5,1,9,0.0,1.0,-0.9749279121818236,-0.2225209339563146,39.908,40.581,60.396499999999996,25.03012122293429,train
2016-09-24 01:00:00,Hog_public_Gerard,Hog,34.306,18.3,15.6,1018.4,6.7,8.0,1,5,1,9,0.25881904510252074,0.9659258262890683,-0.9749279121818236,-0.2225209339563146,40.007,43.859,59.99845833333333,25.378082863452835,train
2016-09-24 02:00:00,Hog_public_Gerard,Hog,33.28,18.3,15.6,1018.7,5.7,8.0,2,5,1,9,0.49999999999999994,0.8660254037844387,-0.9749279121818236,-0.2225209339563146,34.306,38.757,59.77025,25.601044163912764,train
2016-09-24 03:00:00,Hog_public_Gerard,Hog,33.209,18.3,15.6,1018.9,4.6,8.0,3,5,1,9,0.7071067811865476,0.7071067811865476,-0.9749279121818236,-0.2225209339563146,33.28,38.458,59.55154166666667,25.81257667339568,train
2016-09-24 04:00:00,Hog_public_Gerard,Hog,32.669000000000004,18.3,16.1,1019.1,4.1,8.0,4,5,1,9,0.8660254037844386,0.5000000000000001,-0.9749279121818236,-0.2225209339563146,33.209,35.382,59.4385,25.92870430036286,train
2016-09-24 05:00:00,Hog_public_Gerard,Hog,32.712,18.3,15.6,1019.0,5.1,8.0,5,5,1,9,0.9659258262890683,0.25881904510252074,-0.9749279121818236,-0.2225209339563146,32.669000000000004,30.983,59.51054166666666,25.848482434605412,train
2016-09-24 06:00:00,Hog_public_Gerard,Hog,33.007,17.8,15.6,1019.0,4.6,8.0,6,5,1,9,1.0,6.123233995736766e-17,-0.9749279121818236,-0.2225209339563146,32.712,28.82800000000001,59.68466666666666,25.646090222685956,train
2016-09-24 07:00:00,Hog_public_Gerard,Hog,33.247,17.8,15.6,1019.2,5.1,8.0,7,5,1,9,0.9659258262890683,-0.25881904510252063,-0.9749279121818236,-0.2225209339563146,33.007,35.549,59.58875,25.744398899904315,train
2016-09-24 08:00:00,Hog_public_Gerard,Hog,33.173,17.8,15.6,1019.2,5.7,8.0,8,5,1,9,0.8660254037844387,-0.4999999999999998,-0.9749279121818236,-0.2225209339563146,33.247,67.072,58.176291666666664,26.241119086487824,train
2016-09-24 09:00:00,Hog_public_Gerard,Hog,32.774,17.2,15.6,1019.1,5.7,8.0,9,5,1,9,0.7071067811865476,-0.7071067811865475,-0.9749279121818236,-0.2225209339563146,33.173,84.323,56.02841666666666,26.117311323629135,train
2016-09-24 10:00:00,Hog_public_Gerard,Hog,38.62300000000001,17.8,16.1,1018.9,6.2,8.0,10,5,1,9,0.49999999999999994,-0.8660254037844387,-0.9749279121818236,-0.2225209339563146,32.774,85.255,54.08541666666667,25.577478415194,train
2016-09-24 11:00:00,Hog_public_Gerard,Hog,77.385,18.3,16.1,1018.7,6.7,8.0,11,5,1,9,0.258819045102521,-0.9659258262890682,-0.9749279121818236,-0.2225209339563146,38.62300000000001,87.51899999999998,53.66316666666666,25.080355429952718,train
2016-09-24 12:00:00,Hog_public_Gerard,Hog,82.064,19.4,16.7,1018.4,6.7,8.0,12,5,1,9,1.2246467991473532e-16,-1.0,-0.9749279121818236,-0.2225209339563146,77.385,87.81299999999996,53.42362500000001,24.765488212802985,train
2016-09-24 13:00:00,Hog_public_Gerard,Hog,80.744,20.0,17.2,1018.1,5.7,8.0,13,5,1,9,-0.2588190451025208,-0.9659258262890683,-0.9749279121818236,-0.2225209339563146,82.064,87.89399999999998,53.125708333333336,24.372688189998442,train
2016-09-24 14:00:00,Hog_public_Gerard,Hog,79.673,21.1,17.2,1016.9,6.7,8.0,14,5,1,9,-0.4999999999999997,-0.8660254037844388,-0.9749279121818236,-0.2225209339563146,80.744,88.90799999999999,52.740916666666664,23.850508268974302,train
2016-09-24 15:00:00,Hog_public_Gerard,Hog,81.55199999999998,21.7,17.8,1016.2,7.7,8.0,15,5,1,9,-0.7071067811865471,-0.7071067811865479,-0.9749279121818236,-0.2225209339563146,79.673,91.168,52.340250000000005,23.250114638801183,train
2016-09-24 16:00:00,Hog_public_Gerard,Hog,80.71,21.7,17.8,1015.5,8.8,8.0,16,5,1,9,-0.8660254037844385,-0.5000000000000004,-0.9749279121818236,-0.2225209339563146,81.55199999999998,91.886,51.874583333333334,22.52422096112989,train
2016-09-24 17:00:00,Hog_public_Gerard,Hog,81.872,21.7,17.2,1015.7,8.2,8.0,17,5,1,9,-0.9659258262890683,-0.25881904510252063,-0.9749279121818236,-0.2225209339563146,80.71,91.397,51.47770833333333,21.87203449807884,train
2016-09-24 18:00:00,Hog_public_Gerard,Hog,83.57700000000001,20.6,17.2,1016.05,7.7,8.0,18,5,1,9,-1.0,-1.8369701987210297e-16,-0.9749279121818236,-0.2225209339563146,81.872,86.125,51.371541666666666,21.702068358607498,train
2016-09-24 19:00:00,Hog_public_Gerard,Hog,49.847,20.0,17.2,1016.4,5.1,8.0,19,5,1,9,-0.9659258262890684,0.2588190451025203,-0.9749279121818236,-0.2225209339563146,83.57700000000001,48.54,51.425999999999995,21.696293167668003,train
2016-09-24 20:00:00,Hog_public_Gerard,Hog,43.178,20.0,16.7,1016.0,7.2,8.0,20,5,1,9,-0.8660254037844386,0.5000000000000001,-0.9749279121818236,-0.2225209339563146,49.847,40.183,51.55079166666667,21.637347804160157,train
2016-09-24 21:00:00,Hog_public_Gerard,Hog,42.618,20.0,16.7,1015.4,6.7,8.0,21,5,1,9,-0.7071067811865477,0.7071067811865474,-0.9749279121818236,-0.2225209339563146,43.178,39.636,51.675041666666665,21.5744241224554,train
2016-09-24 22:00:00,Hog_public_Gerard,Hog,43.343,20.0,16.7,1014.9,7.2,8.0,22,5,1,9,-0.5000000000000004,0.8660254037844384,-0.9749279121818236,-0.2225209339563146,42.618,40.066,51.81158333333334,21.508025272516168,train
2016-09-24 23:00:00,Hog_public_Gerard,Hog,43.256,20.0,17.2,1014.6,8.2,8.0,23,5,1,9,-0.25881904510252157,0.9659258262890681,-0.9749279121818236,-0.2225209339563146,43.343,39.908,51.95108333333334,21.438206588515975,train
2016-09-25 00:00:00,Hog_public_Gerard,Hog,42.467,20.0,17.2,1015.1,5.7,8.0,0,6,1,9,0.0,1.0,-0.7818314824680299,0.6234898018587334,43.256,40.007,52.053583333333336,21.384430235909925,train
2016-09-25 01:00:00,Hog_public_Gerard,Hog,37.985,20.0,17.8,1014.0,5.1,8.0,1,6,1,9,0.25881904510252074,0.9659258262890683,-0.7818314824680299,0.6234898018587334,42.467,34.306,52.206875,21.26452757898972,train
2016-09-25 02:00:00,Hog_public_Gerard,Hog,37.581,20.0,17.8,1014.1,3.6,8.0,2,6,1,9,0.49999999999999994,0.8660254037844387,-0.7818314824680299,0.6234898018587334,37.985,33.28,52.38608333333334,21.115687460967997,train
2016-09-25 03:00:00,Hog_public_Gerard,Hog,36.932,20.0,18.3,1013.3,5.1,8.0,3,6,1,9,0.7071067811865476,0.7071067811865476,-0.7818314824680299,0.6234898018587334,37.581,33.209,52.54120833333334,20.9819306795555,train
2016-09-25 04:00:00,Hog_public_Gerard,Hog,36.893,20.0,18.3,1012.6,5.1,8.0,4,6,1,9,0.8660254037844386,0.5000000000000001,-0.7818314824680299,0.6234898018587334,36.932,32.669000000000004,52.71720833333334,20.825121620771704,train
2016-09-25 05:00:00,Hog_public_Gerard,Hog,37.354,20.0,18.3,1012.2,4.1,8.0,5,6,1,9,0.9659258262890683,0.25881904510252074,-0.7818314824680299,0.6234898018587334,36.893,32.712,52.910625,20.65207943170049,train
2016-09-25 06:00:00,Hog_public_Gerard,Hog,36.766,20.0,18.9,1011.8,3.6,8.0,6,6,1,9,1.0,6.123233995736766e-17,-0.7818314824680299,0.6234898018587334,37.354,33.007,53.06725,20.508321456868828,train
2016-09-25 07:00:00,Hog_public_Gerard,Hog,36.474,20.6,18.9,1011.2,6.2,8.0,7,6,1,9,0.9659258262890683,-0.25881904510252063,-0.7818314824680299,0.6234898018587334,36.766,33.247,53.20170833333333,20.382919602449814,train
2016-09-25 08:00:00,Hog_public_Gerard,Hog,36.672,17.2,16.1,1011.6500000000001,3.6,8.0,8,6,1,9,0.8660254037844387,-0.4999999999999998,-0.7818314824680299,0.6234898018587334,36.474,33.173,53.3475,20.24548306037254,train
2016-09-25 09:00:00,Hog_public_Gerard,Hog,35.343,17.2,15.6,1012.1,4.1,8.0,9,6,1,9,0.7071067811865476,-0.7071067811865475,-0.7818314824680299,0.6234898018587334,36.672,32.774,53.45454166666667,20.13848637285082,train
2016-09-25 10:00:00,Hog_public_Gerard,Hog,34.313,16.1,11.7,1012.4,5.1,8.0,10,6,1,9,0.49999999999999994,-0.8660254037844387,-0.7818314824680299,0.6234898018587334,35.343,38.62300000000001,53.27495833333333,20.295103878348996,train
2016-09-25 11:00:00,Hog_public_Gerard,Hog,34.094,16.7,11.7,1012.2,4.6,8.0,11,6,1,9,0.258819045102521,-0.9659258262890682,-0.7818314824680299,0.6234898018587334,34.313,77.385,51.47116666666667,19.980453123352802,train
2016-09-25 12:00:00,Hog_public_Gerard,Hog,66.778,18.3,11.7,1012.1,6.2,8.0,12,6,1,9,1.2246467991473532e-16,-1.0,-0.7818314824680299,0.6234898018587334,34.094,82.064,50.83425,19.190880361912104,train
2016-09-25 13:00:00,Hog_public_Gerard,Hog,76.58,18.3,11.1,1012.5,7.2,8.0,13,6,1,9,-0.2588190451025208,-0.9659258262890683,-0.7818314824680299,0.6234898018587334,66.778,80.744,50.66075,18.92570772038387,train
2016-09-25 14:00:00,Hog_public_Gerard,Hog,79.60600000000002,17.2,10.6,1012.6,4.6,8.0,14,6,1,9,-0.4999999999999997,-0.8660254037844388,-0.7818314824680299,0.6234898018587334,76.58,79.673,50.65795833333334,18.92124657277527,train
2016-09-25 15:00:00,Hog_public_Gerard,Hog,81.61,18.3,10.6,1011.9,6.7,8.0,15,6,1,9,-0.7071067811865471,-0.7071067811865479,-0.7818314824680299,0.6234898018587334,79.60600000000002,81.55199999999998,50.660374999999995,18.925367247743512,train
2016-09-25 16:00:00,Hog_public_Gerard,Hog,81.038,16.7,12.2,1012.1,6.2,8.0,16,6,1,9,-0.8660254037844385,-0.5000000000000004,-0.7818314824680299,0.6234898018587334,81.61,80.71,50.674041666666675,18.94811535994667,train
2016-09-25 17:00:00,Hog_public_Gerard,Hog,80.908,16.1,11.7,1012.2,5.1,8.0,17,6,1,9,-0.9659258262890683,-0.25881904510252063,-0.7818314824680299,0.6234898018587334,81.038,81.872,50.633874999999996,18.88000512691661,train
2016-09-25 18:00:00,Hog_public_Gerard,Hog,81.09100000000002,15.6,11.1,1012.9,6.7,8.0,18,6,1,9,-1.0,-1.8369701987210297e-16,-0.7818314824680299,0.6234898018587334,80.908,83.57700000000001,50.53029166666667,18.697343595279353,train
2016-09-25 19:00:00,Hog_public_Gerard,Hog,62.512,16.1,10.0,1013.4,7.2,8.0,19,6,1,9,-0.9659258262890684,0.2588190451025203,-0.7818314824680299,0.6234898018587334,81.09100000000002,49.847,51.058,18.85527967117611,train
2016-09-25 20:00:00,Hog_public_Gerard,Hog,58.768,15.6,8.9,1014.2,6.2,6.0,20,6,1,9,-0.8660254037844386,0.5000000000000001,-0.7818314824680299,0.6234898018587334,62.512,43.178,51.70758333333333,18.840542362535604,train
2016-09-25 21:00:00,Hog_public_Gerard,Hog,59.597,14.4,7.8,1015.2,5.1,4.0,21,6,1,9,-0.7071067811865477,0.7071067811865474,-0.7818314824680299,0.6234898018587334,58.768,42.618,52.41504166666667,18.803132573148858,train
2016-09-25 22:00:00,Hog_public_Gerard,Hog,60.347,14.4,7.8,1015.3,5.1,0.0,22,6,1,9,-0.5000000000000004,0.8660254037844384,-0.7818314824680299,0.6234898018587334,59.597,43.343,53.12354166666666,18.766755949491092,train
2016-09-25 23:00:00,Hog_public_Gerard,Hog,43.119,13.3,7.8,1015.5,4.6,0.0,23,6,1,9,-0.25881904510252157,0.9659258262890681,-0.7818314824680299,0.6234898018587334,60.347,43.256,53.117833333333344,18.769908453754493,train
2016-09-26 00:00:00,Hog_public_Gerard,Hog,39.522,13.3,6.7,1015.1,5.7,0.0,0,0,0,9,0.0,1.0,0.0,1.0,43.119,42.467,52.995125,18.85201259539004,train
2016-09-26 01:00:00,Hog_public_Gerard,Hog,40.044,13.3,6.7,1014.7,4.6,6.0,1,0,0,9,0.25881904510252074,0.9659258262890683,0.0,1.0,39.522,37.985,53.08091666666667,18.785301673097532,train
2016-09-26 02:00:00,Hog_public_Gerard,Hog,44.203,12.8,6.1,1014.6,6.2,4.0,2,0,0,9,0.49999999999999994,0.8660254037844387,0.0,1.0,40.044,37.581,53.356833333333334,18.595414024797318,train
2016-09-26 03:00:00,Hog_public_Gerard,Hog,36.402,12.2,6.1,1014.1,3.6,2.0,3,0,0,9,0.7071067811865476,0.7071067811865476,0.0,1.0,44.203,36.932,53.33474999999999,18.616070946899764,train
2016-09-26 04:00:00,Hog_public_Gerard,Hog,31.112,11.1,6.1,1013.7,5.1,2.0,4,0,0,9,0.8660254037844386,0.5000000000000001,0.0,1.0,36.402,36.893,53.093875,18.873679877388405,train
2016-09-26 05:00:00,Hog_public_Gerard,Hog,31.21,11.1,5.0,1013.5,6.2,0.0,5,0,0,9,0.9659258262890683,0.25881904510252074,0.0,1.0,31.112,37.354,52.837875000000004,19.13629680524641,train
2016-09-26 06:00:00,Hog_public_Gerard,Hog,29.752,11.1,4.4,1013.6,6.7,0.0,6,0,0,9,1.0,6.123233995736766e-17,0.0,1.0,31.21,36.766,52.545625,19.443511594208907,train
2016-09-26 07:00:00,Hog_public_Gerard,Hog,36.726,10.6,4.4,1014.0,6.7,2.0,7,0,0,9,0.9659258262890683,-0.25881904510252063,0.0,1.0,29.752,36.474,52.55612500000001,19.434521113131265,train
2016-09-26 08:00:00,Hog_public_Gerard,Hog,65.041,11.1,3.9,1014.2,6.2,2.0,8,0,0,9,0.8660254037844387,-0.4999999999999998,0.0,1.0,36.726,36.672,53.73816666666667,19.28859472345776,train
2016-09-26 09:00:00,Hog_public_Gerard,Hog,80.98899999999998,12.2,4.4,1014.0,7.2,0.0,9,0,0,9,0.7071067811865476,-0.7071067811865475,0.0,1.0,65.041,35.343,55.64008333333334,19.643074075184696,train
2016-09-26 10:00:00,Hog_public_Gerard,Hog,86.426,13.3,4.4,1013.8,5.7,0.0,10,0,0,9,0.49999999999999994,-0.8660254037844387,0.0,1.0,80.98899999999998,34.313,57.81145833333334,20.05896695935395,train
2016-09-26 11:00:00,Hog_public_Gerard,Hog,87.79899999999998,15.0,4.4,1013.4,8.8,0.0,11,0,0,9,0.258819045102521,-0.9659258262890682,0.0,1.0,86.426,34.094,60.04916666666667,20.29230768299783,train
2016-09-26 12:00:00,Hog_public_Gerard,Hog,88.823,15.6,3.9,1013.3,10.3,4.0,12,0,0,9,1.2246467991473532e-16,-1.0,0.0,1.0,87.79899999999998,66.778,60.96770833333333,21.093266297213148,train
2016-09-26 13:00:00,Hog_public_Gerard,Hog,88.895,15.6,2.8,1013.3,11.3,4.0,13,0,0,9,-0.2588190451025208,-0.9659258262890683,0.0,1.0,88.823,76.58,61.480833333333344,21.632469702955287,train
2016-09-26 14:00:00,Hog_public_Gerard,Hog,90.674,16.7,3.9,1012.9,8.2,4.0,14,0,0,9,-0.4999999999999997,-0.8660254037844388,0.0,1.0,88.895,79.60600000000002,61.942,22.147510671778097,train
2016-09-26 15:00:00,Hog_public_Gerard,Hog,90.38,17.8,2.8,1012.3,9.3,2.0,15,0,0,9,-0.7071067811865471,-0.7071067811865479,0.0,1.0,90.674,81.61,62.30741666666666,22.554731675399694,train
2016-09-26 16:00:00,Hog_public_Gerard,Hog,86.68,18.3,1.1,1012.0,9.8,2.0,16,0,0,9,-0.8660254037844385,-0.5000000000000004,0.0,1.0,90.38,81.038,62.5425,22.78665504574807,train
2016-09-26 17:00:00,Hog_public_Gerard,Hog,85.51,18.9,0.0,1011.7,12.4,2.0,17,0,0,9,-0.9659258262890683,-0.25881904510252063,0.0,1.0,86.68,80.908,62.73425,22.966573006739942,train
2016-09-26 18:00:00,Hog_public_Gerard,Hog,90.171,18.3,0.0,1011.6,11.3,2.0,18,0,0,9,-1.0,-1.8369701987210297e-16,0.0,1.0,85.51,81.09100000000002,63.11258333333333,23.353641978178267,train
2016-09-26 19:00:00,Hog_public_Gerard,Hog,88.898,16.1,0.6,1011.8,6.7,2.0,19,0,0,9,-0.9659258262890684,0.2588190451025203,0.0,1.0,90.171,62.512,64.212,23.937915584313963,train
2016-09-26 20:00:00,Hog_public_Gerard,Hog,89.749,15.0,1.1,1011.8,4.1,0.0,20,0,0,9,-0.8660254037844386,0.5000000000000001,0.0,1.0,88.898,58.768,65.502875,24.461199171274103,train
2016-09-26 21:00:00,Hog_public_Gerard,Hog,86.681,14.4,2.2,1011.9,4.6,0.0,21,0,0,9,-0.7071067811865477,0.7071067811865474,0.0,1.0,89.749,59.597,66.631375,24.799303476916826,train
2016-09-26 22:00:00,Hog_public_Gerard,Hog,67.19800000000001,14.4,1.7,1011.6,6.2,0.0,22,0,0,9,-0.5000000000000004,0.8660254037844384,0.0,1.0,86.681,60.347,66.91683333333333,24.7632243434505,train
2016-09-26 23:00:00,Hog_public_Gerard,Hog,47.56,13.9,2.2,1011.7,5.1,0.0,23,0,0,9,-0.25881904510252157,0.9659258262890681,0.0,1.0,67.19800000000001,43.119,67.10187499999999,24.59367698221305,train
2016-09-27 00:00:00,Hog_public_Gerard,Hog,40.091,13.3,2.2,1011.3,5.1,0.0,0,1,0,9,0.0,1.0,0.7818314824680298,0.6234898018587336,47.56,39.522,67.12558333333332,24.566192893834867,train
2016-09-27 01:00:00,Hog_public_Gerard,Hog,41.403,12.8,2.2,1010.9,5.1,0.0,1,1,0,9,0.25881904510252074,0.9659258262890683,0.7818314824680298,0.6234898018587336,40.091,40.044,67.18220833333334,24.502539664250918,train
2016-09-27 02:00:00,Hog_public_Gerard,Hog,40.894,11.7,2.2,1011.2,5.1,0.0,2,1,0,9,0.49999999999999994,0.8660254037844387,0.7818314824680298,0.6234898018587336,41.403,44.203,67.04433333333333,24.64635258607453,train
2016-09-27 03:00:00,Hog_public_Gerard,Hog,35.204,11.7,2.2,1010.8,6.2,0.0,3,1,0,9,0.7071067811865476,0.7071067811865476,0.7818314824680298,0.6234898018587336,40.894,36.402,66.99441666666667,24.712236396811303,train
2016-09-27 04:00:00,Hog_public_Gerard,Hog,30.887,10.6,2.8,1010.4,6.2,0.0,4,1,0,9,0.8660254037844386,0.5000000000000001,0.7818314824680298,0.6234898018587336,35.204,31.112,66.98504166666667,24.72647941761006,train
2016-09-27 05:00:00,Hog_public_Gerard,Hog,28.446,10.6,2.8,1010.4,5.1,0.0,5,1,0,9,0.9659258262890683,0.25881904510252074,0.7818314824680298,0.6234898018587336,30.887,31.21,66.869875,24.906134958056306,train
2016-09-27 06:00:00,Hog_public_Gerard,Hog,28.31,10.0,3.3,1010.3,5.7,0.0,6,1,0,9,1.0,6.123233995736766e-17,0.7818314824680298,0.6234898018587336,28.446,29.752,66.80979166666667,25.00112912403059,train
2016-09-27 07:00:00,Hog_public_Gerard,Hog,34.786,9.4,3.9,1010.7,6.2,2.0,7,1,0,9,0.9659258262890683,-0.25881904510252063,0.7818314824680298,0.6234898018587336,28.31,36.726,66.72895833333332,25.105542794335072,train
2016-09-27 08:00:00,Hog_public_Gerard,Hog,62.714,10.0,4.4,1010.7,5.1,2.0,8,1,0,9,0.8660254037844387,-0.4999999999999998,0.7818314824680298,0.6234898018587336,34.786,65.041,66.63199999999999,25.11683610129134,train
2016-09-27 09:00:00,Hog_public_Gerard,Hog,76.255,11.1,5.0,1010.4,7.7,2.0,9,1,0,9,0.7071067811865476,-0.7071067811865475,0.7818314824680298,0.6234898018587336,62.714,80.98899999999998,66.43475,25.017576760714903,train
2016-09-27 10:00:00,Hog_public_Gerard,Hog,82.329,12.8,5.6,1010.2,8.2,2.0,10,1,0,9,0.49999999999999994,-0.8660254037844387,0.7818314824680298,0.6234898018587336,76.255,86.426,66.26404166666667,24.88888183328519,train
2016-09-27 11:00:00,Hog_public_Gerard,Hog,84.96700000000001,13.3,5.6,1009.8,8.8,3.333333333333333,11,1,0,9,0.258819045102521,-0.9659258262890682,0.7818314824680298,0.6234898018587336,82.329,87.79899999999998,66.14604166666668,24.788856313795844,train
2016-09-27 12:00:00,Hog_public_Gerard,Hog,90.151,13.9,5.6,1009.6,8.2,4.666666666666666,12,1,0,9,1.2246467991473532e-16,-1.0,0.7818314824680298,0.6234898018587336,84.96700000000001,88.823,66.201375,24.843099156965657,train
2016-09-27 13:00:00,Hog_public_Gerard,Hog,88.62799999999999,15.6,6.1,1009.0,6.2,6.0,13,1,0,9,-0.2588190451025208,-0.9659258262890683,0.7818314824680298,0.6234898018587336,90.151,88.895,66.19024999999999,24.83255241263146,train
2016-09-27 14:00:00,Hog_public_Gerard,Hog,87.065,14.4,5.6,1008.5,7.7,6.333333333333333,14,1,0,9,-0.4999999999999997,-0.8660254037844388,0.7818314824680298,0.6234898018587336,88.62799999999999,90.674,66.039875,24.68835197506239,train
2016-09-27 15:00:00,Hog_public_Gerard,Hog,87.84899999999998,15.0,5.0,1008.5,6.7,6.666666666666667,15,1,0,9,-0.7071067811865471,-0.7071067811865479,0.7818314824680298,0.6234898018587336,87.065,90.38,65.93441666666666,24.58505021865168,train
2016-09-27 16:00:00,Hog_public_Gerard,Hog,92.159,14.4,6.1,1008.8,4.6,7.0,16,1,0,9,-0.8660254037844385,-0.5000000000000004,0.7818314824680298,0.6234898018587336,87.84899999999998,86.68,66.16270833333333,24.810470003222406,train
2016-09-27 17:00:00,Hog_public_Gerard,Hog,89.67,12.8,5.6,1009.4,6.7,7.333333333333333,17,1,0,9,-0.9659258262890683,-0.25881904510252063,0.7818314824680298,0.6234898018587336,92.159,85.51,66.33604166666667,24.965559495257335,train
2016-09-27 18:00:00,Hog_public_Gerard,Hog,84.53399999999998,10.6,7.8,1010.6,4.6,7.666666666666666,18,1,0,9,-1.0,-1.8369701987210297e-16,0.7818314824680298,0.6234898018587336,89.67,90.171,66.10116666666666,24.75721867441404,train
2016-09-27 19:00:00,Hog_public_Gerard,Hog,84.25399999999998,10.0,7.8,1010.9,5.1,8.0,19,1,0,9,-0.9659258262890684,0.2588190451025203,0.7818314824680298,0.6234898018587336,84.53399999999998,88.898,65.90766666666666,24.588870134529472,train
2016-09-27 20:00:00,Hog_public_Gerard,Hog,84.06700000000002,10.0,7.8,1011.1,4.6,8.0,20,1,0,9,-0.8660254037844386,0.5000000000000001,0.7818314824680298,0.6234898018587336,84.25399999999998,89.749,65.67091666666666,24.37576780671059,train
2016-09-27 21:00:00,Hog_public_Gerard,Hog,85.84100000000002,10.0,7.8,1011.5,4.6,8.0,21,1,0,9,-0.7071067811865477,0.7071067811865474,0.7818314824680298,0.6234898018587336,84.06700000000002,86.681,65.63591666666666,24.344872285585136,train
2016-09-27 22:00:00,Hog_public_Gerard,Hog,65.318,10.0,7.8,1011.9,5.7,8.0,22,1,0,9,-0.5000000000000004,0.8660254037844384,0.7818314824680298,0.6234898018587336,85.84100000000002,67.19800000000001,65.55758333333333,24.342652004279472,train
2016-09-27 23:00:00,Hog_public_Gerard,Hog,53.423,10.0,7.2,1012.3,5.7,8.0,23,1,0,9,-0.25881904510252157,0.9659258262890681,0.7818314824680298,0.6234898018587336,65.318,47.56,65.801875,24.18307985260791,train
2016-09-28 00:00:00,Hog_public_Gerard,Hog,44.282,10.0,7.2,1012.7,5.7,8.0,0,2,0,9,0.0,1.0,0.9749279121818236,-0.22252093395631434,53.423,40.091,65.9765,24.003817766999195,train
2016-09-28 01:00:00,Hog_public_Gerard,Hog,46.783,10.0,7.2,1013.3,5.1,8.0,1,2,0,9,0.25881904510252074,0.9659258262890683,0.9749279121818236,-0.22252093395631434,44.282,41.403,66.20066666666666,23.788508984594785,train
2016-09-28 02:00:00,Hog_public_Gerard,Hog,47.802,10.0,7.2,1014.0,4.6,8.0,2,2,0,9,0.49999999999999994,0.8660254037844387,0.9749279121818236,-0.22252093395631434,46.783,40.894,66.4885,23.50914519371413,train
2016-09-28 03:00:00,Hog_public_Gerard,Hog,44.31100000000001,10.6,7.2,1014.4,6.2,8.0,3,2,0,9,0.7071067811865476,0.7071067811865476,0.9749279121818236,-0.22252093395631434,47.802,35.204,66.86795833333333,23.051269621695525,train
2016-09-28 04:00:00,Hog_public_Gerard,Hog,33.001999999999995,10.6,7.8,1015.2,5.7,8.0,4,2,0,9,0.8660254037844386,0.5000000000000001,0.9749279121818236,-0.22252093395631434,44.31100000000001,30.887,66.95608333333332,22.911351945984226,train
2016-09-28 05:00:00,Hog_public_Gerard,Hog,29.238000000000003,10.6,7.8,1015.9,5.1,8.0,5,2,0,9,0.9659258262890683,0.25881904510252074,0.9749279121818236,-0.22252093395631434,33.001999999999995,28.446,66.98908333333334,22.853971455681457,train
2016-09-28 06:00:00,Hog_public_Gerard,Hog,28.45,10.6,7.8,1016.8,4.1,8.0,6,2,0,9,1.0,6.123233995736766e-17,0.9749279121818236,-0.22252093395631434,29.238000000000003,28.31,66.99491666666667,22.843685170450676,train
2016-09-28 07:00:00,Hog_public_Gerard,Hog,35.191,10.6,8.3,1017.8,3.6,8.0,7,2,0,9,0.9659258262890683,-0.25881904510252063,0.9749279121818236,-0.22252093395631434,28.45,34.786,67.01179166666667,22.81899367894932,train
2016-09-28 08:00:00,Hog_public_Gerard,Hog,63.577,11.1,8.3,1018.8,5.1,8.0,8,2,0,9,0.8660254037844387,-0.4999999999999998,0.9749279121818236,-0.22252093395631434,35.191,62.714,67.04775,22.812605798682632,train
2016-09-28 09:00:00,Hog_public_Gerard,Hog,78.971,12.8,8.9,1019.4,5.7,8.0,9,2,0,9,0.7071067811865476,-0.7071067811865475,0.9749279121818236,-0.22252093395631434,63.577,76.255,67.16091666666667,22.86693806030061,train
2016-09-28 10:00:00,Hog_public_Gerard,Hog,84.815,13.3,8.9,1020.4,5.7,8.0,10,2,0,9,0.49999999999999994,-0.8660254037844387,0.9749279121818236,-0.22252093395631434,78.971,82.329,67.2645,22.944134508580348,train
2016-09-28 11:00:00,Hog_public_Gerard,Hog,91.839,14.4,8.9,1020.9,5.7,8.0,11,2,0,9,0.258819045102521,-0.9659258262890682,0.9749279121818236,-0.22252093395631434,84.815,84.96700000000001,67.55083333333333,23.21592964486591,train
2016-09-28 12:00:00,Hog_public_Gerard,Hog,90.198,14.4,9.4,1021.8,5.1,8.0,12,2,0,9,1.2246467991473532e-16,-1.0,0.9749279121818236,-0.22252093395631434,91.839,90.151,67.55279166666666,23.217920820253934,train
2016-09-28 13:00:00,Hog_public_Gerard,Hog,92.08,15.0,9.4,1022.4,5.1,8.0,13,2,0,9,-0.2588190451025208,-0.9659258262890683,0.9749279121818236,-0.22252093395631434,90.198,88.62799999999999,67.696625,23.364387165852882,train
2016-09-28 14:00:00,Hog_public_Gerard,Hog,89.994,16.1,9.4,1022.8,5.1,8.0,14,2,0,9,-0.4999999999999997,-0.8660254037844388,0.9749279121818236,-0.22252093395631434,92.08,87.065,67.81866666666667,23.477331376877387,train
2016-09-28 15:00:00,Hog_public_Gerard,Hog,89.479,16.1,9.4,1023.2,5.1,8.0,15,2,0,9,-0.7071067811865471,-0.7071067811865479,0.9749279121818236,-0.22252093395631434,89.994,87.84899999999998,67.88658333333333,23.540069557572757,train
2016-09-28 16:00:00,Hog_public_Gerard,Hog,93.604,16.1,9.4,1023.8,7.2,8.0,16,2,0,9,-0.8660254037844385,-0.5000000000000004,0.9749279121818236,-0.22252093395631434,89.479,92.159,67.94679166666667,23.606604112775734,train
2016-09-28 17:00:00,Hog_public_Gerard,Hog,90.291,16.1,9.4,1024.6,6.2,8.0,17,2,0,9,-0.9659258262890683,-0.25881904510252063,0.9749279121818236,-0.22252093395631434,93.604,89.67,67.97266666666665,23.63177689811581,train
2016-09-28 18:00:00,Hog_public_Gerard,Hog,87.75399999999998,15.6,8.9,1025.5,7.2,8.0,18,2,0,9,-1.0,-1.8369701987210297e-16,0.9749279121818236,-0.22252093395631434,90.291,84.53399999999998,68.10683333333334,23.738788287575254,train
2016-09-28 19:00:00,Hog_public_Gerard,Hog,87.382,15.0,8.9,1026.2,5.7,8.0,19,2,0,9,-0.9659258262890684,0.2588190451025203,0.9749279121818236,-0.22252093395631434,87.75399999999998,84.25399999999998,68.23716666666667,23.839668230961607,train
2016-09-28 20:00:00,Hog_public_Gerard,Hog,88.13799999999998,15.0,8.9,1026.7,3.6,5.0,20,2,0,9,-0.8660254037844386,0.5000000000000001,0.9749279121818236,-0.22252093395631434,87.382,84.06700000000002,68.40679166666668,23.971317980814487,train
2016-09-28 21:00:00,Hog_public_Gerard,Hog,86.93700000000004,13.3,8.9,1027.3,4.6,2.0,21,2,0,9,-0.7071067811865477,0.7071067811865474,0.9749279121818236,-0.22252093395631434,88.13799999999998,85.84100000000002,68.45245833333333,24.00699257006298,train
2016-09-28 22:00:00,Hog_public_Gerard,Hog,66.7,12.8,8.9,1027.8,4.1,0.0,22,2,0,9,-0.5000000000000004,0.8660254037844384,0.9749279121818236,-0.22252093395631434,86.93700000000004,65.318,68.51004166666667,24.0008039928361,train
2016-09-28 23:00:00,Hog_public_Gerard,Hog,46.849,12.2,8.9,1028.4,3.1,0.0,23,2,0,9,-0.25881904510252157,0.9659258262890681,0.9749279121818236,-0.22252093395631434,66.7,53.423,68.236125,24.217015931692963,train
2016-09-29 00:00:00,Hog_public_Gerard,Hog,43.584,11.1,8.9,1028.8,2.6,0.0,0,3,0,9,0.0,1.0,0.43388373911755823,-0.900968867902419,46.849,44.282,68.20704166666667,24.247434339361924,train
2016-09-29 01:00:00,Hog_public_Gerard,Hog,46.029,11.1,8.3,1028.7,3.1,0.0,1,3,0,9,0.25881904510252074,0.9659258262890683,0.43388373911755823,-0.900968867902419,43.584,46.783,68.175625,24.276870312245972,train
2016-09-29 02:00:00,Hog_public_Gerard,Hog,48.402,9.4,8.3,1029.3,2.1,0.0,2,3,0,9,0.49999999999999994,0.8660254037844387,0.43388373911755823,-0.900968867902419,46.029,47.802,68.200625,24.255276960250928,train
2016-09-29 03:00:00,Hog_public_Gerard,Hog,46.458,9.4,7.8,1029.6,2.6,0.0,3,3,0,9,0.7071067811865476,0.7071067811865476,0.43388373911755823,-0.900968867902419,48.402,44.31100000000001,68.29008333333333,24.167135501349367,train
2016-09-29 04:00:00,Hog_public_Gerard,Hog,34.918,10.0,8.3,1029.8,3.1,0.0,4,3,0,9,0.8660254037844386,0.5000000000000001,0.43388373911755823,-0.900968867902419,46.458,33.001999999999995,68.36991666666667,24.04836995455234,train
2016-09-29 05:00:00,Hog_public_Gerard,Hog,30.522,9.4,7.8,1030.5,3.6,2.0,5,3,0,9,0.9659258262890683,0.25881904510252074,0.43388373911755823,-0.900968867902419,34.918,29.238000000000003,68.42341666666665,23.958790201214217,train
2016-09-29 06:00:00,Hog_public_Gerard,Hog,30.585,8.3,7.2,1030.8,2.1,2.0,6,3,0,9,1.0,6.123233995736766e-17,0.43388373911755823,-0.900968867902419,30.522,28.45,68.512375,23.807402257377145,train
2016-09-29 07:00:00,Hog_public_Gerard,Hog,37.483,8.3,7.2,1031.3,1.5,4.0,7,3,0,9,0.9659258262890683,-0.25881904510252063,0.43388373911755823,-0.900968867902419,30.585,35.191,68.60787499999999,23.672139601893253,train
2016-09-29 08:00:00,Hog_public_Gerard,Hog,63.543,9.4,7.8,1031.8,3.1,4.0,8,3,0,9,0.8660254037844387,-0.4999999999999998,0.43388373911755823,-0.900968867902419,37.483,63.577,68.60645833333334,23.672454781654857,train
2016-09-29 09:00:00,Hog_public_Gerard,Hog,78.82600000000002,11.1,8.9,1032.0,2.1,4.0,9,3,0,9,0.7071067811865476,-0.7071067811865475,0.43388373911755823,-0.900968867902419,63.543,78.971,68.60041666666667,23.669712885451553,train
2016-09-29 10:00:00,Hog_public_Gerard,Hog,84.32700000000001,13.3,9.4,1032.2,5.1,2.0,10,3,0,9,0.49999999999999994,-0.8660254037844387,0.43388373911755823,-0.900968867902419,78.82600000000002,84.815,68.58008333333333,23.655383497790464,train
2016-09-29 11:00:00,Hog_public_Gerard,Hog,84.345,15.6,9.4,1032.3,3.6,4.0,11,3,0,9,0.258819045102521,-0.9659258262890682,0.43388373911755823,-0.900968867902419,84.32700000000001,91.839,68.26783333333334,23.38290927833493,train
2016-09-29 12:00:00,Hog_public_Gerard,Hog,85.95299999999996,15.6,8.9,1032.15,4.1,4.0,12,3,0,9,1.2246467991473532e-16,-1.0,0.43388373911755823,-0.900968867902419,84.345,90.198,68.09095833333333,23.225335061895663,train
2016-09-29 13:00:00,Hog_public_Gerard,Hog,88.944,17.2,9.4,1032.0,3.1,4.0,13,3,0,9,-0.2588190451025208,-0.9659258262890683,0.43388373911755823,-0.900968867902419,85.95299999999996,92.08,67.96029166666666,23.092948102000054,train
2016-09-29 14:00:00,Hog_public_Gerard,Hog,87.823,17.8,10.0,1031.2,1.5,4.0,14,3,0,9,-0.4999999999999997,-0.8660254037844388,0.43388373911755823,-0.900968867902419,88.944,89.994,67.86983333333332,23.006978422750972,train
2016-09-29 15:00:00,Hog_public_Gerard,Hog,93.114,18.9,10.6,1030.6,4.1,2.0,15,3,0,9,-0.7071067811865471,-0.7071067811865479,0.43388373911755823,-0.900968867902419,87.823,89.479,68.02129166666667,23.1668293668174,train
2016-09-29 16:00:00,Hog_public_Gerard,Hog,85.448,19.4,10.0,1029.9,3.1,2.0,16,3,0,9,-0.8660254037844385,-0.5000000000000004,0.43388373911755823,-0.900968867902419,93.114,93.604,67.68145833333334,22.832651223877466,train
2016-09-29 17:00:00,Hog_public_Gerard,Hog,88.255,20.0,10.0,1029.6,2.6,0.0,17,3,0,9,-0.9659258262890683,-0.25881904510252063,0.43388373911755823,-0.900968867902419,85.448,90.291,67.596625,22.74862217100959,train
2016-09-29 18:00:00,Hog_public_Gerard,Hog,82.773,18.9,10.0,1029.4,3.6,0.0,18,3,0,9,-1.0,-1.8369701987210297e-16,0.43388373911755823,-0.900968867902419,88.255,87.75399999999998,67.38908333333333,22.578813146912523,train
2016-09-29 19:00:00,Hog_public_Gerard,Hog,82.755,17.8,10.0,1029.5,2.6,0.0,19,3,0,9,-0.9659258262890684,0.2588190451025203,0.43388373911755823,-0.900968867902419,82.773,87.382,67.19629166666667,22.41987385350073,train
2016-09-29 20:00:00,Hog_public_Gerard,Hog,81.654,15.6,10.0,1029.2,2.6,0.0,20,3,0,9,-0.8660254037844386,0.5000000000000001,0.43388373911755823,-0.900968867902419,82.755,88.13799999999998,66.926125,22.194481809895546,train
2016-09-29 21:00:00,Hog_public_Gerard,Hog,81.67399999999998,15.0,10.0,1029.3,2.6,0.0,21,3,0,9,-0.7071067811865477,0.7071067811865474,0.43388373911755823,-0.900968867902419,81.654,86.93700000000004,66.70683333333334,22.013430773184783,train
2016-09-29 22:00:00,Hog_public_Gerard,Hog,61.226000000000006,14.4,10.0,1029.3,2.1,0.0,22,3,0,9,-0.5000000000000004,0.8660254037844384,0.43388373911755823,-0.900968867902419,81.67399999999998,66.7,66.47875,22.041844642387172,train
2016-09-29 23:00:00,Hog_public_Gerard,Hog,42.45399999999999,13.9,10.6,1029.3,2.6,0.0,23,3,0,9,-0.25881904510252157,0.9659258262890681,0.43388373911755823,-0.900968867902419,61.226000000000006,46.849,66.295625,22.22947880593914,train
2016-09-30 00:00:00,Hog_public_Gerard,Hog,39.266,13.9,10.6,1029.2,2.1,0.0,0,4,0,9,0.0,1.0,-0.433883739117558,-0.9009688679024191,42.45399999999999,43.584,66.11570833333333,22.43778798382064,train
2016-09-30 01:00:00,Hog_public_Gerard,Hog,45.979,13.3,10.6,1029.1,0.0,0.0,1,4,0,9,0.25881904510252074,0.9659258262890683,-0.433883739117558,-0.9009688679024191,39.266,46.029,66.113625,22.439736346223977,train
2016-09-30 02:00:00,Hog_public_Gerard,Hog,40.007,11.7,10.0,1028.8,1.5,0.0,2,4,0,9,0.49999999999999994,0.8660254037844387,-0.433883739117558,-0.9009688679024191,45.979,48.402,65.76383333333332,22.790518962492104,train
2016-09-30 03:00:00,Hog_public_Gerard,Hog,41.04,11.7,9.4,1028.8,1.5,0.0,3,4,0,9,0.7071067811865476,0.7071067811865476,-0.433883739117558,-0.9009688679024191,40.007,46.458,65.53808333333332,23.015786619880846,train
2016-09-30 04:00:00,Hog_public_Gerard,Hog,34.738,10.6,8.9,1028.8,1.5,0.0,4,4,0,9,0.8660254037844386,0.5000000000000001,-0.433883739117558,-0.9009688679024191,41.04,34.918,65.53058333333333,23.0262253659051,train
2016-09-30 05:00:00,Hog_public_Gerard,Hog,30.776,10.6,8.9,1028.6,2.1,0.0,5,4,0,9,0.9659258262890683,0.25881904510252074,-0.433883739117558,-0.9009688679024191,34.738,30.522,65.54116666666667,23.00948738477559,train
2016-09-30 06:00:00,Hog_public_Gerard,Hog,30.552,10.0,8.9,1029.0,2.6,0.0,6,4,0,9,1.0,6.123233995736766e-17,-0.433883739117558,-0.9009688679024191,30.776,30.585,65.53979166666666,23.011667998759826,train
2016-09-30 07:00:00,Hog_public_Gerard,Hog,37.06800000000001,10.0,8.9,1029.0,2.6,0.0,7,4,0,9,0.9659258262890683,-0.25881904510252063,-0.433883739117558,-0.9009688679024191,30.552,37.483,65.5225,23.033812631603745,train
2016-09-30 08:00:00,Hog_public_Gerard,Hog,67.657,10.6,9.4,1028.8,2.6,0.6666666666666666,8,4,0,9,0.8660254037844387,-0.4999999999999998,-0.433883739117558,-0.9009688679024191,37.06800000000001,63.543,65.69391666666667,23.03374888952728,train
2016-09-30 09:00:00,Hog_public_Gerard,Hog,81.655,11.1,9.4,1029.1,3.1,1.3333333333333333,9,4,0,9,0.7071067811865476,-0.7071067811865475,-0.433883739117558,-0.9009688679024191,67.657,78.82600000000002,65.81179166666666,23.11098329324824,train
2016-09-30 10:00:00,Hog_public_Gerard,Hog,81.343,13.3,10.6,1028.6,3.1,2.0,10,4,0,9,0.49999999999999994,-0.8660254037844387,-0.433883739117558,-0.9009688679024191,81.655,84.32700000000001,65.68745833333332,23.014870527324174,train
2016-09-30 11:00:00,Hog_public_Gerard,Hog,81.347,15.6,11.1,1028.2,3.6,2.0,11,4,0,9,0.258819045102521,-0.9659258262890682,-0.433883739117558,-0.9009688679024191,81.343,84.345,65.56254166666666,22.91712952276982,train
2016-09-30 12:00:00,Hog_public_Gerard,Hog,81.928,17.2,11.7,1027.7,3.6,0.0,12,4,0,9,1.2246467991473532e-16,-1.0,-0.433883739117558,-0.9009688679024191,81.347,85.95299999999996,65.39483333333332,22.775714943518416,train
2016-09-30 13:00:00,Hog_public_Gerard,Hog,85.167,18.9,11.7,1026.7,4.6,0.0,13,4,0,9,-0.2588190451025208,-0.9659258262890683,-0.433883739117558,-0.9009688679024191,81.928,88.944,65.23745833333332,22.61842680490015,train
2016-09-30 14:00:00,Hog_public_Gerard,Hog,85.70299999999997,20.0,11.7,1025.6,3.6,0.0,14,4,0,9,-0.4999999999999997,-0.8660254037844388,-0.433883739117558,-0.9009688679024191,85.167,87.823,65.14912499999998,22.53035513009162,train
2016-09-30 15:00:00,Hog_public_Gerard,Hog,89.7,21.1,10.6,1024.5,4.1,0.0,15,4,0,9,-0.7071067811865471,-0.7071067811865479,-0.433883739117558,-0.9009688679024191,85.70299999999997,93.114,65.006875,22.356221136530145,train
2016-09-30 16:00:00,Hog_public_Gerard,Hog,88.353,21.7,10.6,1023.9,4.1,2.0,16,4,0,9,-0.8660254037844385,-0.5000000000000004,-0.433883739117558,-0.9009688679024191,89.7,85.448,65.12791666666666,22.479231647701326,train
2016-09-30 17:00:00,Hog_public_Gerard,Hog,86.85600000000002,21.7,9.4,1023.3,5.1,2.0,17,4,0,9,-0.9659258262890683,-0.25881904510252063,-0.433883739117558,-0.9009688679024191,88.353,88.255,65.069625,22.41838409763102,train
2016-09-30 18:00:00,Hog_public_Gerard,Hog,83.27799999999998,21.1,8.9,1023.2,4.6,2.0,18,4,0,9,-1.0,-1.8369701987210297e-16,-0.433883739117558,-0.9009688679024191,86.85600000000002,82.773,65.09066666666666,22.435952858451746,train
2016-09-30 19:00:00,Hog_public_Gerard,Hog,47.072,19.4,9.4,1023.1,3.1,2.0,19,4,0,9,-0.9659258262890684,0.2588190451025203,-0.433883739117558,-0.9009688679024191,83.27799999999998,82.755,63.603874999999995,22.39676417294429,train
2016-09-30 20:00:00,Hog_public_Gerard,Hog,40.507,17.2,10.6,1023.2,3.1,4.0,20,4,0,9,-0.8660254037844386,0.5000000000000001,-0.433883739117558,-0.9009688679024191,47.072,81.654,61.88941666666667,22.52945883083187,train
2016-09-30 21:00:00,Hog_public_Gerard,Hog,40.332,18.3,10.6,1023.1,4.6,3.3333333333333335,21,4,0,9,-0.7071067811865477,0.7071067811865474,-0.433883739117558,-0.9009688679024191,40.507,81.67399999999998,60.16683333333334,22.53146330118746,train
2016-09-30 22:00:00,Hog_public_Gerard,Hog,40.969,17.2,10.6,1022.9,4.1,2.666666666666667,22,4,0,9,-0.5000000000000004,0.8660254037844384,-0.433883739117558,-0.9009688679024191,40.332,61.226000000000006,59.32279166666666,22.866982561686036,train
2016-09-30 23:00:00,Hog_public_Gerard,Hog,39.77,15.6,11.1,1022.9,4.1,2.0,23,4,0,9,-0.25881904510252157,0.9659258262890681,-0.433883739117558,-0.9009688679024191,40.969,42.45399999999999,59.21095833333334,22.95944427535159,train
2016-10-01 00:00:00,Hog_public_Gerard,Hog,39.766,15.6,11.1,1022.8,3.6,4.0,0,5,1,10,0.0,1.0,-0.9749279121818236,-0.2225209339563146,39.77,39.266,59.23179166666666,22.940778670267328,train
2016-10-01 01:00:00,Hog_public_Gerard,Hog,35.05,15.6,11.1,1022.6,2.6,6.0,1,5,1,10,0.25881904510252074,0.9659258262890683,-0.9749279121818236,-0.2225209339563146,39.766,45.979,58.776416666666655,23.320610650735382,train
2016-10-01 02:00:00,Hog_public_Gerard,Hog,33.734,13.9,10.6,1022.6,1.5,2.0,2,5,1,10,0.49999999999999994,0.8660254037844387,-0.9749279121818236,-0.2225209339563146,35.05,40.007,58.51504166666667,23.573900722177108,train
2016-10-01 03:00:00,Hog_public_Gerard,Hog,34.713,13.9,10.6,1022.0,2.1,0.0,3,5,1,10,0.7071067811865476,0.7071067811865476,-0.9749279121818236,-0.2225209339563146,33.734,41.04,58.25141666666667,23.8119940930702,train
2016-10-01 04:00:00,Hog_public_Gerard,Hog,36.093,12.8,10.6,1022.0,1.5,0.0,4,5,1,10,0.8660254037844386,0.5000000000000001,-0.9749279121818236,-0.2225209339563146,34.713,34.738,58.307875,23.755358760777852,train
2016-10-01 05:00:00,Hog_public_Gerard,Hog,35.21,12.2,10.6,1021.8,3.1,0.0,5,5,1,10,0.9659258262890683,0.25881904510252074,-0.9749279121818236,-0.2225209339563146,36.093,30.776,58.492625,23.54826783404036,train
2016-10-01 06:00:00,Hog_public_Gerard,Hog,35.804,12.2,10.6,1021.7,2.6,0.0,6,5,1,10,1.0,6.123233995736766e-17,-0.9749279121818236,-0.2225209339563146,35.21,30.552,58.71145833333333,23.30042636291973,train
2016-10-01 07:00:00,Hog_public_Gerard,Hog,36.434,11.7,10.0,1022.1,2.1,2.0,7,5,1,10,0.9659258262890683,-0.25881904510252063,-0.9749279121818236,-0.2225209339563146,35.804,37.06800000000001,58.68504166666667,23.32637627512313,train
2016-10-01 08:00:00,Hog_public_Gerard,Hog,34.82,11.7,10.0,1022.1,2.6,0.0,8,5,1,10,0.8660254037844387,-0.4999999999999998,-0.9749279121818236,-0.2225209339563146,36.434,67.657,57.31683333333333,23.736664368910883,train
2016-10-01 09:00:00,Hog_public_Gerard,Hog,34.392,13.9,10.6,1021.9,3.6,0.0,9,5,1,10,0.7071067811865476,-0.7071067811865475,-0.9749279121818236,-0.2225209339563146,34.82,81.655,55.347541666666665,23.589790908963742,train
2016-10-01 10:00:00,Hog_public_Gerard,Hog,38.643,15.6,11.1,1021.8,3.1,0.0,10,5,1,10,0.49999999999999994,-0.8660254037844387,-0.9749279121818236,-0.2225209339563146,34.392,81.343,53.568375,23.150083904087907,train
2016-10-01 11:00:00,Hog_public_Gerard,Hog,77.431,17.8,11.7,1021.3,2.6,0.0,11,5,1,10,0.258819045102521,-0.9659258262890682,-0.9749279121818236,-0.2225209339563146,38.643,81.347,53.40520833333333,22.958791774336134,train
2016-10-01 12:00:00,Hog_public_Gerard,Hog,82.354,18.3,12.2,1020.9,3.1,0.0,12,5,1,10,1.2246467991473532e-16,-1.0,-0.9749279121818236,-0.2225209339563146,77.431,81.928,53.422958333333334,22.98195519642243,train
2016-10-01 13:00:00,Hog_public_Gerard,Hog,83.255,19.4,12.8,1020.1,3.6,0.0,13,5,1,10,-0.2588190451025208,-0.9659258262890683,-0.9749279121818236,-0.2225209339563146,82.354,85.167,53.343291666666666,22.870172612947634,train
2016-10-01 14:00:00,Hog_public_Gerard,Hog,83.904,21.1,13.3,1019.3,3.1,0.0,14,5,1,10,-0.4999999999999997,-0.8660254037844388,-0.9749279121818236,-0.2225209339563146,83.255,85.70299999999997,53.26833333333334,22.76219368710496,train
2016-10-01 15:00:00,Hog_public_Gerard,Hog,85.20100000000002,21.7,12.8,1018.6,3.1,0.0,15,5,1,10,-0.7071067811865471,-0.7071067811865479,-0.9749279121818236,-0.2225209339563146,83.904,89.7,53.080875,22.46571020236718,train
2016-10-01 16:00:00,Hog_public_Gerard,Hog,83.06700000000002,22.2,12.2,1018.3,3.6,2.0,16,5,1,10,-0.8660254037844385,-0.5000000000000004,-0.9749279121818236,-0.2225209339563146,85.20100000000002,88.353,52.860625,22.12825043834154,train
2016-10-01 17:00:00,Hog_public_Gerard,Hog,81.395,23.3,12.8,1018.2,4.6,4.0,17,5,1,10,-0.9659258262890683,-0.25881904510252063,-0.9749279121818236,-0.2225209339563146,83.06700000000002,86.85600000000002,52.63308333333333,21.78895829446596,train
2016-10-01 18:00:00,Hog_public_Gerard,Hog,83.29700000000003,22.2,12.2,1018.1,4.1,4.0,18,5,1,10,-1.0,-1.8369701987210297e-16,-0.9749279121818236,-0.2225209339563146,81.395,83.27799999999998,52.633874999999996,21.790120452432745,train
2016-10-01 19:00:00,Hog_public_Gerard,Hog,52.004,20.0,12.2,1018.0,2.6,4.0,19,5,1,10,-0.9659258262890684,0.2588190451025203,-0.9749279121818236,-0.2225209339563146,83.29700000000003,47.072,52.83937500000001,21.75862027837437,train
2016-10-01 20:00:00,Hog_public_Gerard,Hog,43.746,19.4,11.1,1018.3,2.1,2.0,20,5,1,10,-0.8660254037844386,0.5000000000000001,-0.9749279121818236,-0.2225209339563146,52.004,40.507,52.974333333333334,21.68873546871486,train
2016-10-01 21:00:00,Hog_public_Gerard,Hog,43.91,18.3,11.1,1018.2,2.1,2.0,21,5,1,10,-0.7071067811865477,0.7071067811865474,-0.9749279121818236,-0.2225209339563146,43.746,40.332,53.123416666666664,21.610211746576894,train
2016-10-01 22:00:00,Hog_public_Gerard,Hog,44.32899999999999,17.2,11.7,1018.4,1.5,2.0,22,5,1,10,-0.5000000000000004,0.8660254037844384,-0.9749279121818236,-0.2225209339563146,43.91,40.969,53.26341666666667,21.538812600828972,train
2016-10-01 23:00:00,Hog_public_Gerard,Hog,44.206,15.6,12.2,1018.8,0.0,2.0,23,5,1,10,-0.25881904510252157,0.9659258262890681,-0.9749279121818236,-0.2225209339563146,44.32899999999999,39.77,53.44825000000001,21.436777512226538,train
2016-10-02 00:00:00,Hog_public_Gerard,Hog,43.465,15.6,12.2,1018.9,0.0,0.0,0,6,1,10,0.0,1.0,-0.7818314824680299,0.6234898018587334,44.206,39.766,53.602375,21.347239002437288,train
2016-10-02 01:00:00,Hog_public_Gerard,Hog,39.075,14.4,11.7,1019.1,0.0,0.0,1,6,1,10,0.25881904510252074,0.9659258262890683,-0.7818314824680299,0.6234898018587334,43.465,35.05,53.77008333333334,21.210523515907056,train
2016-10-02 02:00:00,Hog_public_Gerard,Hog,37.76300000000001,12.8,11.1,1019.1,0.0,0.0,2,6,1,10,0.49999999999999994,0.8660254037844387,-0.7818314824680299,0.6234898018587334,39.075,33.734,53.937958333333334,21.060462434493594,train
2016-10-02 03:00:00,Hog_public_Gerard,Hog,38.045,12.8,11.1,1019.0,1.5,0.0,3,6,1,10,0.7071067811865476,0.7071067811865476,-0.7818314824680299,0.6234898018587334,37.76300000000001,34.713,54.07679166666667,20.938850205090954,train
2016-10-02 04:00:00,Hog_public_Gerard,Hog,39.455,11.7,10.6,1019.0,1.5,0.0,4,6,1,10,0.8660254037844386,0.5000000000000001,-0.7818314824680299,0.6234898018587334,38.045,36.093,54.216874999999995,20.824237937541756,train
2016-10-02 05:00:00,Hog_public_Gerard,Hog,39.893,11.1,10.0,1019.0,0.0,0.0,5,6,1,10,0.9659258262890683,0.25881904510252074,-0.7818314824680299,0.6234898018587334,39.455,35.21,54.412000000000006,20.659688429402934,train
2016-10-02 06:00:00,Hog_public_Gerard,Hog,39.486,11.7,10.0,1019.2,0.0,0.0,6,6,1,10,1.0,6.123233995736766e-17,-0.7818314824680299,0.6234898018587334,39.893,35.804,54.56541666666667,20.528755685446672,train
2016-10-02 07:00:00,Hog_public_Gerard,Hog,40.537,10.6,9.4,1019.7,0.0,2.0,7,6,1,10,0.9659258262890683,-0.25881904510252063,-0.7818314824680299,0.6234898018587334,39.486,36.434,54.736375,20.387797279175217,train
2016-10-02 08:00:00,Hog_public_Gerard,Hog,39.342,11.7,10.0,1019.8,2.1,4.0,8,6,1,10,0.8660254037844387,-0.4999999999999998,-0.7818314824680299,0.6234898018587334,40.537,34.82,54.92479166666667,20.215905446990792,train
2016-10-02 09:00:00,Hog_public_Gerard,Hog,37.63800000000001,13.9,11.1,1019.7,1.5,4.0,9,6,1,10,0.7071067811865476,-0.7071067811865475,-0.7818314824680299,0.6234898018587334,39.342,34.392,55.06004166666667,20.08298411370275,train
2016-10-02 10:00:00,Hog_public_Gerard,Hog,36.059,16.7,12.2,1020.1,0.0,4.0,10,6,1,10,0.49999999999999994,-0.8660254037844387,-0.7818314824680299,0.6234898018587334,37.63800000000001,38.643,54.952374999999996,20.181508849983484,train
2016-10-02 11:00:00,Hog_public_Gerard,Hog,34.902,19.4,11.7,1020.0,1.5,4.0,11,6,1,10,0.258819045102521,-0.9659258262890682,-0.7818314824680299,0.6234898018587334,36.059,77.431,53.18033333333333,19.98816136935916,train
2016-10-02 12:00:00,Hog_public_Gerard,Hog,66.72399999999999,20.6,10.6,1019.8,0.0,4.0,12,6,1,10,1.2246467991473532e-16,-1.0,-0.7818314824680299,0.6234898018587334,34.902,82.354,52.52908333333334,19.2368088353207,train
2016-10-02 13:00:00,Hog_public_Gerard,Hog,83.126,21.1,10.6,1019.4,0.0,2.0,13,6,1,10,-0.2588190451025208,-0.9659258262890683,-0.7818314824680299,0.6234898018587334,66.72399999999999,83.255,52.52370833333334,19.227866311976424,train
2016-10-02 14:00:00,Hog_public_Gerard,Hog,83.214,22.8,10.0,1018.8,1.5,2.0,14,6,1,10,-0.4999999999999997,-0.8660254037844388,-0.7818314824680299,0.6234898018587334,83.126,83.904,52.49495833333334,19.179360336341716,train
2016-10-02 15:00:00,Hog_public_Gerard,Hog,82.28,22.8,9.4,1018.4,0.0,2.0,15,6,1,10,-0.7071067811865471,-0.7071067811865479,-0.7818314824680299,0.6234898018587334,83.214,85.20100000000002,52.373250000000006,18.97092613368075,train
2016-10-02 16:00:00,Hog_public_Gerard,Hog,82.169,23.9,10.0,1018.0,0.0,2.0,16,6,1,10,-0.8660254037844385,-0.5000000000000004,-0.7818314824680299,0.6234898018587334,82.28,83.06700000000002,52.33583333333334,18.908539261785894,train
2016-10-02 17:00:00,Hog_public_Gerard,Hog,80.054,22.8,10.0,1017.9,2.6,2.0,17,6,1,10,-0.9659258262890683,-0.25881904510252063,-0.7818314824680299,0.6234898018587334,82.169,81.395,52.27995833333333,18.82071289478057,train
2016-10-02 18:00:00,Hog_public_Gerard,Hog,78.67399999999998,21.7,8.9,1017.9,3.1,2.0,18,6,1,10,-1.0,-1.8369701987210297e-16,-0.7818314824680299,0.6234898018587334,80.054,83.29700000000003,52.08733333333333,18.51056153909869,train
2016-10-02 19:00:00,Hog_public_Gerard,Hog,57.733,20.6,8.3,1018.3,3.1,2.0,19,6,1,10,-0.9659258262890684,0.2588190451025203,-0.7818314824680299,0.6234898018587334,78.67399999999998,52.004,52.32604166666666,18.546345571073363,train
2016-10-02 20:00:00,Hog_public_Gerard,Hog,59.956,20.0,9.4,1018.3,1.5,0.0,20,6,1,10,-0.8660254037844386,0.5000000000000001,-0.7818314824680299,0.6234898018587334,57.733,43.746,53.00145833333334,18.515434370039433,train
2016-10-02 21:00:00,Hog_public_Gerard,Hog,61.627,18.9,9.4,1018.4,2.6,0.0,21,6,1,10,-0.7071067811865477,0.7071067811865474,-0.7818314824680299,0.6234898018587334,59.956,43.91,53.739666666666665,18.490369579551707,train
2016-10-02 22:00:00,Hog_public_Gerard,Hog,61.081,17.2,10.0,1018.6,2.6,0.0,22,6,1,10,-0.5000000000000004,0.8660254037844384,-0.7818314824680299,0.6234898018587334,61.627,44.32899999999999,54.43766666666667,18.43578547203833,train
2016-10-02 23:00:00,Hog_public_Gerard,Hog,47.773,16.7,10.0,1018.7,1.5,0.0,23,6,1,10,-0.25881904510252157,0.9659258262890681,-0.7818314824680299,0.6234898018587334,61.081,44.206,54.58629166666666,18.363952059920624,train
2016-10-03 00:00:00,Hog_public_Gerard,Hog,38.659,16.1,10.0,1018.5,0.0,0.0,0,0,0,10,0.0,1.0,0.0,1.0,47.773,43.465,54.386041666666664,18.51607057684997,train
2016-10-03 01:00:00,Hog_public_Gerard,Hog,40.992,15.0,8.9,1018.5,1.5,0.0,1,0,0,10,0.25881904510252074,0.9659258262890683,0.0,1.0,38.659,39.075,54.465916666666665,18.45117085460438,train
2016-10-03 02:00:00,Hog_public_Gerard,Hog,41.67,14.4,10.0,1018.5,0.0,0.0,2,0,0,10,0.49999999999999994,0.8660254037844387,0.0,1.0,40.992,37.76300000000001,54.62870833333333,18.314122926403297,train
2016-10-03 03:00:00,Hog_public_Gerard,Hog,39.351,13.3,8.9,1018.3,2.1,0.0,3,0,0,10,0.7071067811865476,0.7071067811865476,0.0,1.0,41.67,38.045,54.683125,18.264578678087496,train
2016-10-03 04:00:00,Hog_public_Gerard,Hog,32.576,12.8,9.4,1018.2,2.6,0.0,4,0,0,10,0.8660254037844386,0.5000000000000001,0.0,1.0,39.351,39.455,54.3965,18.56544087229317,train
2016-10-03 05:00:00,Hog_public_Gerard,Hog,30.525,12.8,9.4,1018.2,1.5,0.0,5,0,0,10,0.9659258262890683,0.25881904510252074,0.0,1.0,32.576,39.893,54.006166666666665,18.97753710750349,train
2016-10-03 06:00:00,Hog_public_Gerard,Hog,30.95300000000001,12.2,9.4,1018.3,2.6,0.0,6,0,0,10,1.0,6.123233995736766e-17,0.0,1.0,30.525,39.486,53.65062499999999,19.33790876426418,train
2016-10-03 07:00:00,Hog_public_Gerard,Hog,37.708,12.2,10.0,1018.0,2.6,0.0,7,0,0,10,0.9659258262890683,-0.25881904510252063,0.0,1.0,30.95300000000001,40.537,53.53275,19.429722990820157,train
2016-10-03 08:00:00,Hog_public_Gerard,Hog,67.694,12.2,10.0,1017.9,2.6,0.0,8,0,0,10,0.8660254037844387,-0.4999999999999998,0.0,1.0,37.708,39.342,54.71408333333333,19.391275010027,train
2016-10-03 09:00:00,Hog_public_Gerard,Hog,83.406,13.9,11.1,1017.7,2.6,0.0,9,0,0,10,0.7071067811865476,-0.7071067811865475,0.0,1.0,67.694,37.63800000000001,56.62108333333334,19.88319090592487,train
2016-10-03 10:00:00,Hog_public_Gerard,Hog,85.02799999999998,16.7,11.7,1017.5,4.6,0.0,10,0,0,10,0.49999999999999994,-0.8660254037844387,0.0,1.0,83.406,36.059,58.661458333333336,20.191569456796234,train
2016-10-03 11:00:00,Hog_public_Gerard,Hog,91.494,19.4,12.2,1017.0,4.1,0.0,11,0,0,10,0.258819045102521,-0.9659258262890682,0.0,1.0,85.02799999999998,34.902,61.01945833333334,20.596652292311116,train
2016-10-03 12:00:00,Hog_public_Gerard,Hog,92.345,21.1,11.7,1016.5,5.7,0.0,12,0,0,10,1.2246467991473532e-16,-1.0,0.0,1.0,91.494,66.72399999999999,62.086999999999996,21.547222407499834,train
2016-10-03 13:00:00,Hog_public_Gerard,Hog,91.407,22.2,11.7,1015.9,5.1,0.0,13,0,0,10,-0.2588190451025208,-0.9659258262890683,0.0,1.0,92.345,83.126,62.43204166666666,21.96110181657993,train
2016-10-03 14:00:00,Hog_public_Gerard,Hog,90.414,23.3,11.1,1014.9,5.1,0.0,14,0,0,10,-0.4999999999999997,-0.8660254037844388,0.0,1.0,91.407,83.214,62.73204166666667,22.303840611914094,train
2016-10-03 15:00:00,Hog_public_Gerard,Hog,88.296,23.9,11.1,1013.9,3.6,0.0,15,0,0,10,-0.7071067811865471,-0.7071067811865479,0.0,1.0,90.414,82.28,62.982708333333335,22.565359484182032,train
2016-10-03 16:00:00,Hog_public_Gerard,Hog,86.83,23.9,10.6,1013.5,6.7,2.0,16,0,0,10,-0.8660254037844385,-0.5000000000000004,0.0,1.0,88.296,82.169,63.17691666666666,22.75690974458505,train
2016-10-03 17:00:00,Hog_public_Gerard,Hog,85.556,23.9,10.6,1012.7,7.7,2.0,17,0,0,10,-0.9659258262890683,-0.25881904510252063,0.0,1.0,86.83,80.054,63.40616666666667,22.961116225454766,train
2016-10-03 18:00:00,Hog_public_Gerard,Hog,84.545,22.8,10.6,1012.2,5.7,2.0,18,0,0,10,-1.0,-1.8369701987210297e-16,0.0,1.0,85.556,78.67399999999998,63.65079166666667,23.16125239532459,train
2016-10-03 19:00:00,Hog_public_Gerard,Hog,83.677,21.1,10.0,1012.3,6.7,2.0,19,0,0,10,-0.9659258262890684,0.2588190451025203,0.0,1.0,84.545,57.733,64.73179166666667,23.4763399728307,train
2016-10-03 20:00:00,Hog_public_Gerard,Hog,89.024,20.0,10.6,1012.4,5.7,2.0,20,0,0,10,-0.8660254037844386,0.5000000000000001,0.0,1.0,83.677,59.956,65.94295833333334,23.963997809175932,train
2016-10-03 21:00:00,Hog_public_Gerard,Hog,86.774,18.3,10.0,1012.7,6.7,2.6666666666666665,21,0,0,10,-0.7071067811865477,0.7071067811865474,0.0,1.0,89.024,61.627,66.99075,24.314282237347484,train
2016-10-03 22:00:00,Hog_public_Gerard,Hog,64.83800000000001,17.8,10.6,1012.5,5.1,3.333333333333333,22,0,0,10,-0.5000000000000004,0.8660254037844384,0.0,1.0,86.774,61.081,67.14729166666666,24.2866580271684,train
2016-10-03 23:00:00,Hog_public_Gerard,Hog,48.212,16.7,10.6,1012.2,5.1,4.0,23,0,0,10,-0.25881904510252157,0.9659258262890681,0.0,1.0,64.83800000000001,47.773,67.16558333333333,24.271592359071285,train
2016-10-04 00:00:00,Hog_public_Gerard,Hog,39.064,15.6,10.6,1012.6,5.1,0.0,0,1,0,10,0.0,1.0,0.7818314824680298,0.6234898018587336,48.212,38.659,67.18245833333334,24.251043328482336,train
2016-10-04 01:00:00,Hog_public_Gerard,Hog,41.394,15.0,10.6,1012.4,5.1,0.0,1,1,0,10,0.25881904510252074,0.9659258262890683,0.7818314824680298,0.6234898018587336,39.064,40.992,67.19920833333333,24.232298873483725,train
2016-10-04 02:00:00,Hog_public_Gerard,Hog,41.407,15.0,10.6,1011.8,5.1,0.0,2,1,0,10,0.49999999999999994,0.8660254037844387,0.7818314824680298,0.6234898018587336,41.394,41.67,67.18825,24.24440208853241,train
2016-10-04 03:00:00,Hog_public_Gerard,Hog,38.832,15.0,11.1,1011.8,6.2,2.0,3,1,0,10,0.7071067811865476,0.7071067811865476,0.7818314824680298,0.6234898018587336,41.407,39.351,67.166625,24.270528696365204,train
2016-10-04 04:00:00,Hog_public_Gerard,Hog,32.108000000000004,14.4,11.1,1011.1,6.2,2.0,4,1,0,10,0.8660254037844386,0.5000000000000001,0.7818314824680298,0.6234898018587336,38.832,32.576,67.147125,24.29969911839579,train
2016-10-04 05:00:00,Hog_public_Gerard,Hog,29.471,14.4,11.1,1011.1,6.2,2.0,5,1,0,10,0.9659258262890683,0.25881904510252074,0.7818314824680298,0.6234898018587336,32.108000000000004,30.525,67.10320833333334,24.3696155648955,train
2016-10-04 06:00:00,Hog_public_Gerard,Hog,29.586,14.4,11.1,1011.0,4.6,4.0,6,1,0,10,1.0,6.123233995736766e-17,0.7818314824680298,0.6234898018587336,29.471,30.95300000000001,67.04625,24.459214712855466,train
2016-10-04 07:00:00,Hog_public_Gerard,Hog,34.524,15.0,11.1,1011.3,6.7,6.0,7,1,0,10,0.9659258262890683,-0.25881904510252063,0.7818314824680298,0.6234898018587336,29.586,37.708,66.91358333333334,24.63327959403642,train
2016-10-04 08:00:00,Hog_public_Gerard,Hog,67.429,15.0,11.7,1011.6,6.2,6.0,8,1,0,10,0.8660254037844387,-0.4999999999999998,0.7818314824680298,0.6234898018587336,34.524,67.694,66.90254166666666,24.632973959413526,train
2016-10-04 09:00:00,Hog_public_Gerard,Hog,82.88799999999998,15.0,12.2,1011.4,8.2,6.0,9,1,0,10,0.7071067811865476,-0.7071067811865475,0.7818314824680298,0.6234898018587336,67.429,83.406,66.88095833333333,24.618107422893928,train
2016-10-04 10:00:00,Hog_public_Gerard,Hog,80.165,15.6,12.8,1011.2,7.2,6.0,10,1,0,10,0.49999999999999994,-0.8660254037844387,0.7818314824680298,0.6234898018587336,82.88799999999998,85.02799999999998,66.67833333333334,24.481886096470998,train
2016-10-04 11:00:00,Hog_public_Gerard,Hog,86.455,17.2,13.9,1011.1,7.2,6.0,11,1,0,10,0.258819045102521,-0.9659258262890682,0.7818314824680298,0.6234898018587336,80.165,91.494,66.468375,24.280592025610307,train
2016-10-04 12:00:00,Hog_public_Gerard,Hog,88.32600000000002,19.4,13.9,1010.3,8.8,6.0,12,1,0,10,1.2246467991473532e-16,-1.0,0.7818314824680298,0.6234898018587336,86.455,92.345,66.30091666666667,24.10760971671857,train
2016-10-04 13:00:00,Hog_public_Gerard,Hog,91.134,21.1,13.9,1009.3,8.2,6.0,13,1,0,10,-0.2588190451025208,-0.9659258262890683,0.7818314824680298,0.6234898018587336,88.32600000000002,91.407,66.28954166666666,24.09530981418722,train
2016-10-04 14:00:00,Hog_public_Gerard,Hog,88.3,23.3,13.9,1008.2,10.8,6.333333333333333,14,1,0,10,-0.4999999999999997,-0.8660254037844388,0.7818314824680298,0.6234898018587336,91.134,90.414,66.20145833333333,24.006987700104556,train
2016-10-04 15:00:00,Hog_public_Gerard,Hog,89.573,23.9,13.9,1007.4,8.8,6.666666666666667,15,1,0,10,-0.7071067811865471,-0.7071067811865479,0.7818314824680298,0.6234898018587336,88.3,88.296,66.25466666666667,24.05944430430355,train
2016-10-04 16:00:00,Hog_public_Gerard,Hog,87.822,23.9,13.3,1007.3,9.3,7.0,16,1,0,10,-0.8660254037844385,-0.5000000000000004,0.7818314824680298,0.6234898018587336,89.573,86.83,66.296,24.097151471563578,train
2016-10-04 17:00:00,Hog_public_Gerard,Hog,89.553,23.3,13.3,1007.1,8.8,7.333333333333333,17,1,0,10,-0.9659258262890683,-0.25881904510252063,0.7818314824680298,0.6234898018587336,87.822,85.556,66.46254166666667,24.24938106781494,train
2016-10-04 18:00:00,Hog_public_Gerard,Hog,86.338,22.8,13.3,1007.0,7.2,7.666666666666666,18,1,0,10,-1.0,-1.8369701987210297e-16,0.7818314824680298,0.6234898018587336,89.553,84.545,66.53725,24.310197969701672,train
2016-10-04 19:00:00,Hog_public_Gerard,Hog,87.287,21.7,13.3,1007.0,8.2,8.0,19,1,0,10,-0.9659258262890684,0.2588190451025203,0.7818314824680298,0.6234898018587336,86.338,83.677,66.68766666666666,24.431723651427266,train
2016-10-04 20:00:00,Hog_public_Gerard,Hog,87.572,21.1,13.3,1007.8,7.2,8.0,20,1,0,10,-0.8660254037844386,0.5000000000000001,0.7818314824680298,0.6234898018587336,87.287,89.024,66.62716666666667,24.37574125457819,train
2016-10-04 21:00:00,Hog_public_Gerard,Hog,87.988,18.9,14.4,1008.1,7.7,8.0,21,1,0,10,-0.7071067811865477,0.7071067811865474,0.7818314824680298,0.6234898018587336,87.572,86.774,66.67775,24.420585060915137,train
2016-10-04 22:00:00,Hog_public_Gerard,Hog,67.95,18.3,14.4,1007.7,5.7,8.0,22,1,0,10,-0.5000000000000004,0.8660254037844384,0.7818314824680298,0.6234898018587336,87.988,64.83800000000001,66.80741666666667,24.418653628655125,train
2016-10-04 23:00:00,Hog_public_Gerard,Hog,52.908,17.8,14.4,1007.1,5.1,8.0,23,1,0,10,-0.25881904510252157,0.9659258262890681,0.7818314824680298,0.6234898018587336,67.95,48.212,67.00308333333334,24.281599982947668,train
2016-10-05 00:00:00,Hog_public_Gerard,Hog,47.768,17.2,14.4,1006.1,5.7,8.0,0,2,0,10,0.0,1.0,0.9749279121818236,-0.22252093395631434,52.908,39.064,67.36575,23.908293676953992,train
2016-10-05 01:00:00,Hog_public_Gerard,Hog,50.19,17.2,13.9,1005.1,6.7,8.0,1,2,0,10,0.25881904510252074,0.9659258262890683,0.9749279121818236,-0.22252093395631434,47.768,41.394,67.73225000000001,23.55770021485636,train
2016-10-05 02:00:00,Hog_public_Gerard,Hog,44.848,16.7,14.4,1004.6,2.6,8.0,2,2,0,10,0.49999999999999994,0.8660254037844387,0.9749279121818236,-0.22252093395631434,50.19,41.407,67.875625,23.4004619646196,train
2016-10-05 03:00:00,Hog_public_Gerard,Hog,41.179,14.4,12.8,1005.5,3.1,8.0,3,2,0,10,0.7071067811865476,0.7071067811865476,0.9749279121818236,-0.22252093395631434,44.848,38.832,67.97341666666667,23.278395824598103,train
2016-10-05 04:00:00,Hog_public_Gerard,Hog,32.253,13.9,12.8,1004.4,3.1,8.0,4,2,0,10,0.8660254037844386,0.5000000000000001,0.9749279121818236,-0.22252093395631434,41.179,32.108000000000004,67.97945833333334,23.268699406824283,train
2016-10-05 05:00:00,Hog_public_Gerard,Hog,30.123,13.9,13.3,1004.75,2.1,8.0,5,2,0,10,0.9659258262890683,0.25881904510252074,0.9749279121818236,-0.22252093395631434,32.253,29.471,68.006625,23.222119252824257,train
2016-10-05 06:00:00,Hog_public_Gerard,Hog,29.778,14.4,13.3,1005.1,2.6,8.0,6,2,0,10,1.0,6.123233995736766e-17,0.9749279121818236,-0.22252093395631434,30.123,29.586,68.014625,23.208336890029123,train
2016-10-05 07:00:00,Hog_public_Gerard,Hog,35.335,14.4,12.8,1006.0,3.6,8.0,7,2,0,10,0.9659258262890683,-0.25881904510252063,0.9749279121818236,-0.22252093395631434,29.778,34.524,68.04841666666667,23.15798974702226,train
2016-10-05 08:00:00,Hog_public_Gerard,Hog,67.399,14.4,12.2,1007.4,4.6,6.5,8,2,0,10,0.8660254037844387,-0.4999999999999998,0.9749279121818236,-0.22252093395631434,35.335,67.429,68.04716666666667,23.158025444600266,train
2016-10-05 09:00:00,Hog_public_Gerard,Hog,79.343,14.4,12.2,1008.5,3.6,5.0,9,2,0,10,0.7071067811865476,-0.7071067811865475,0.9749279121818236,-0.22252093395631434,67.399,82.88799999999998,67.89945833333333,23.070390554691837,train
2016-10-05 10:00:00,Hog_public_Gerard,Hog,83.82,13.9,8.9,1009.4,4.6,3.5,10,2,0,10,0.49999999999999994,-0.8660254037844387,0.9749279121818236,-0.22252093395631434,79.343,80.165,68.05175000000001,23.166740286453763,train
2016-10-05 11:00:00,Hog_public_Gerard,Hog,91.328,15.6,6.7,1009.9,4.1,2.0,11,2,0,10,0.258819045102521,-0.9659258262890682,0.9749279121818236,-0.22252093395631434,83.82,86.455,68.25479166666666,23.355630042750725,train
2016-10-05 12:00:00,Hog_public_Gerard,Hog,92.368,16.1,4.4,1010.4,6.2,0.0,12,2,0,10,1.2246467991473532e-16,-1.0,0.9749279121818236,-0.22252093395631434,91.328,88.32600000000002,68.42320833333333,23.520646000037022,train
2016-10-05 13:00:00,Hog_public_Gerard,Hog,92.17,16.1,4.4,1010.8,5.1,0.0,13,2,0,10,-0.2588190451025208,-0.9659258262890683,0.9749279121818236,-0.22252093395631434,92.368,91.134,68.466375,23.565047316463705,train
2016-10-05 14:00:00,Hog_public_Gerard,Hog,94.462,16.7,3.3,1010.9,6.2,0.0,14,2,0,10,-0.4999999999999997,-0.8660254037844388,0.9749279121818236,-0.22252093395631434,92.17,88.3,68.723125,23.82269762644622,train
2016-10-05 15:00:00,Hog_public_Gerard,Hog,91.622,17.8,3.9,1011.1,7.7,0.0,15,2,0,10,-0.7071067811865471,-0.7071067811865479,0.9749279121818236,-0.22252093395631434,94.462,89.573,68.80850000000001,23.904199618295188,train
2016-10-05 16:00:00,Hog_public_Gerard,Hog,92.615,18.3,4.4,1011.5,6.2,0.0,16,2,0,10,-0.8660254037844385,-0.5000000000000004,0.9749279121818236,-0.22252093395631434,91.622,87.822,69.00820833333334,24.089260212040656,train
2016-10-05 17:00:00,Hog_public_Gerard,Hog,93.834,18.3,3.9,1011.8,6.2,0.0,17,2,0,10,-0.9659258262890683,-0.25881904510252063,0.9749279121818236,-0.22252093395631434,92.615,89.553,69.18658333333333,24.26322532041597,train
2016-10-05 18:00:00,Hog_public_Gerard,Hog,87.19,18.3,3.9,1012.1,4.6,0.0,18,2,0,10,-1.0,-1.8369701987210297e-16,0.9749279121818236,-0.22252093395631434,93.834,86.338,69.22208333333333,24.290019456767507,train
2016-10-05 19:00:00,Hog_public_Gerard,Hog,89.932,17.2,4.4,1012.5,3.1,0.0,19,2,0,10,-0.9659258262890684,0.2588190451025203,0.9749279121818236,-0.22252093395631434,87.19,87.287,69.33229166666668,24.381375619212793,train
2016-10-05 20:00:00,Hog_public_Gerard,Hog,87.59,16.1,4.4,1013.4,2.6,0.0,20,2,0,10,-0.8660254037844386,0.5000000000000001,0.9749279121818236,-0.22252093395631434,89.932,87.572,69.33304166666666,24.38196135863232,train
2016-10-05 21:00:00,Hog_public_Gerard,Hog,86.435,15.0,5.0,1014.0,3.1,0.0,21,2,0,10,-0.7071067811865477,0.7071067811865474,0.9749279121818236,-0.22252093395631434,87.59,87.988,69.26833333333333,24.33230982203213,train
2016-10-05 22:00:00,Hog_public_Gerard,Hog,63.806,15.6,5.6,1014.3,3.6,0.0,22,2,0,10,-0.5000000000000004,0.8660254037844384,0.9749279121818236,-0.22252093395631434,86.435,67.95,69.09566666666666,24.3567627260429,train
2016-10-05 23:00:00,Hog_public_Gerard,Hog,47.301,14.4,5.0,1014.6,2.6,0.0,23,2,0,10,-0.25881904510252157,0.9659258262890681,0.9749279121818236,-0.22252093395631434,63.806,52.908,68.86204166666667,24.54494589696918,train
2016-10-06 00:00:00,Hog_public_Gerard,Hog,46.62300000000001,13.9,5.0,1015.2,2.1,0.0,0,3,0,10,0.0,1.0,0.43388373911755823,-0.900968867902419,47.301,47.768,68.81433333333334,24.5888028982912,train
2016-10-06 01:00:00,Hog_public_Gerard,Hog,49.50899999999999,13.3,5.0,1015.7,1.5,0.0,1,3,0,10,0.25881904510252074,0.9659258262890683,0.43388373911755823,-0.900968867902419,46.62300000000001,50.19,68.78595833333333,24.61161180786005,train
2016-10-06 02:00:00,Hog_public_Gerard,Hog,42.762,11.1,6.1,1016.8,3.1,0.0,2,3,0,10,0.49999999999999994,0.8660254037844387,0.43388373911755823,-0.900968867902419,49.50899999999999,44.848,68.69904166666667,24.70333745535146,train
2016-10-06 03:00:00,Hog_public_Gerard,Hog,43.72,11.7,6.1,1017.0,0.0,0.0,3,3,0,10,0.7071067811865476,0.7071067811865476,0.43388373911755823,-0.900968867902419,42.762,41.179,68.80491666666667,24.58542611229644,train
2016-10-06 04:00:00,Hog_public_Gerard,Hog,34.942,10.0,4.4,1017.7,1.5,0.0,4,3,0,10,0.8660254037844386,0.5000000000000001,0.43388373911755823,-0.900968867902419,43.72,32.253,68.91695833333334,24.417159243448587,train
2016-10-06 05:00:00,Hog_public_Gerard,Hog,32.982,9.4,2.8,1017.5,1.5,0.0,5,3,0,10,0.9659258262890683,0.25881904510252074,0.43388373911755823,-0.900968867902419,34.942,30.123,69.03608333333334,24.22588963308658,train
2016-10-06 06:00:00,Hog_public_Gerard,Hog,33.037,9.4,2.2,1018.1,1.5,0.0,6,3,0,10,1.0,6.123233995736766e-17,0.43388373911755823,-0.900968867902419,32.982,29.778,69.171875,24.00439280869503,train
2016-10-06 07:00:00,Hog_public_Gerard,Hog,38.181,8.3,3.9,1018.1,0.0,2.0,7,3,0,10,0.9659258262890683,-0.25881904510252063,0.43388373911755823,-0.900968867902419,33.037,35.335,69.29045833333333,23.836410621201665,train
2016-10-06 08:00:00,Hog_public_Gerard,Hog,68.745,8.9,2.8,1018.9,0.0,2.0,8,3,0,10,0.8660254037844387,-0.4999999999999998,0.43388373911755823,-0.900968867902419,38.181,67.399,69.34654166666667,23.83335009198,train
2016-10-06 09:00:00,Hog_public_Gerard,Hog,83.69,10.0,2.2,1019.9,0.0,2.0,9,3,0,10,0.7071067811865476,-0.7071067811865475,0.43388373911755823,-0.900968867902419,68.745,79.343,69.52766666666668,23.928948748991946,train
2016-10-06 10:00:00,Hog_public_Gerard,Hog,87.624,12.2,0.6,1019.8,2.1,4.0,10,3,0,10,0.49999999999999994,-0.8660254037844387,0.43388373911755823,-0.900968867902419,83.69,83.82,69.68616666666667,24.04007440787634,train
2016-10-06 11:00:00,Hog_public_Gerard,Hog,89.66799999999998,13.3,0.6,1019.8,3.1,4.0,11,3,0,10,0.258819045102521,-0.9659258262890682,0.43388373911755823,-0.900968867902419,87.624,91.328,69.617,23.97740692002984,train
2016-10-06 12:00:00,Hog_public_Gerard,Hog,91.866,14.4,1.1,1019.5,3.6,4.0,12,3,0,10,1.2246467991473532e-16,-1.0,0.43388373911755823,-0.900968867902419,89.66799999999998,92.368,69.59608333333334,23.956907399885022,train
2016-10-06 13:00:00,Hog_public_Gerard,Hog,90.948,15.6,1.7,1018.9,4.1,4.0,13,3,0,10,-0.2588190451025208,-0.9659258262890683,0.43388373911755823,-0.900968867902419,91.866,92.17,69.54516666666666,23.90809294608919,train
2016-10-06 14:00:00,Hog_public_Gerard,Hog,91.895,16.1,1.7,1018.1,4.1,4.666666666666667,14,3,0,10,-0.4999999999999997,-0.8660254037844388,0.43388373911755823,-0.900968867902419,90.948,94.462,69.43820833333332,23.797260342826746,train
2016-10-06 15:00:00,Hog_public_Gerard,Hog,90.217,16.7,3.3,1017.8,3.6,5.333333333333333,15,3,0,10,-0.7071067811865471,-0.7071067811865479,0.43388373911755823,-0.900968867902419,91.895,91.622,69.37966666666667,23.741979071507146,train
2016-10-06 16:00:00,Hog_public_Gerard,Hog,93.131,16.1,3.3,1016.0,5.1,6.0,16,3,0,10,-0.8660254037844385,-0.5000000000000004,0.43388373911755823,-0.900968867902419,90.217,92.615,69.40116666666667,23.76415838055771,train
2016-10-06 17:00:00,Hog_public_Gerard,Hog,89.62100000000002,15.6,3.3,1015.3,5.1,6.666666666666666,17,3,0,10,-0.9659258262890683,-0.25881904510252063,0.43388373911755823,-0.900968867902419,93.131,93.834,69.225625,23.590758046342774,train
2016-10-06 18:00:00,Hog_public_Gerard,Hog,85.97,15.0,3.9,1014.6,4.1,7.333333333333333,18,3,0,10,-1.0,-1.8369701987210297e-16,0.43388373911755823,-0.900968867902419,89.62100000000002,87.19,69.17479166666666,23.551647415800616,train
2016-10-06 19:00:00,Hog_public_Gerard,Hog,86.346,13.3,7.2,1013.4,4.1,8.0,19,3,0,10,-0.9659258262890684,0.2588190451025203,0.43388373911755823,-0.900968867902419,85.97,89.932,69.025375,23.425269798107553,train
2016-10-06 20:00:00,Hog_public_Gerard,Hog,88.336,12.2,8.3,1013.1,4.6,8.0,20,3,0,10,-0.8660254037844386,0.5000000000000001,0.43388373911755823,-0.900968867902419,86.346,87.59,69.05645833333334,23.451454804190092,train
2016-10-06 21:00:00,Hog_public_Gerard,Hog,84.229,10.0,7.8,1013.25,8.8,8.0,21,3,0,10,-0.7071067811865477,0.7071067811865474,0.43388373911755823,-0.900968867902419,88.336,86.435,68.96454166666666,23.38460696600885,train
2016-10-06 22:00:00,Hog_public_Gerard,Hog,65.274,8.9,6.7,1013.4,8.2,8.0,22,3,0,10,-0.5000000000000004,0.8660254037844384,0.43388373911755823,-0.900968867902419,84.229,63.806,69.02570833333334,23.372443957862114,train
2016-10-06 23:00:00,Hog_public_Gerard,Hog,48.859,7.8,6.1,1013.2,8.8,8.0,23,3,0,10,-0.25881904510252157,0.9659258262890681,0.43388373911755823,-0.900968867902419,65.274,47.301,69.090625,23.311564748578622,train
2016-10-07 00:00:00,Hog_public_Gerard,Hog,42.734,7.2,6.1,1013.8,6.2,8.0,0,4,0,10,0.0,1.0,-0.433883739117558,-0.9009688679024191,48.859,46.62300000000001,68.92858333333332,23.48738375664441,train
2016-10-07 01:00:00,Hog_public_Gerard,Hog,45.73,6.7,5.6,1013.8,7.7,8.0,1,4,0,10,0.25881904510252074,0.9659258262890683,-0.433883739117558,-0.9009688679024191,42.734,49.50899999999999,68.771125,23.63543261128989,train
2016-10-07 02:00:00,Hog_public_Gerard,Hog,42.485,6.7,5.0,1014.2,7.7,7.333333333333333,2,4,0,10,0.49999999999999994,0.8660254037844387,-0.433883739117558,-0.9009688679024191,45.73,42.762,68.75958333333334,23.648749489720082,train
2016-10-07 03:00:00,Hog_public_Gerard,Hog,42.56100000000001,6.1,4.4,1016.2,9.8,6.666666666666667,3,4,0,10,0.7071067811865476,0.7071067811865476,-0.433883739117558,-0.9009688679024191,42.485,43.72,68.71129166666667,23.703225033699276,train
2016-10-07 04:00:00,Hog_public_Gerard,Hog,33.482,5.6,3.9,1016.4,8.8,6.0,4,4,0,10,0.8660254037844386,0.5000000000000001,-0.433883739117558,-0.9009688679024191,42.56100000000001,34.942,68.65045833333333,23.795355123982684,train
2016-10-07 05:00:00,Hog_public_Gerard,Hog,33.463,5.6,3.3,1017.2,5.1,5.333333333333334,5,4,0,10,0.9659258262890683,0.25881904510252074,-0.433883739117558,-0.9009688679024191,33.482,32.982,68.67049999999999,23.764189308248252,train
2016-10-07 06:00:00,Hog_public_Gerard,Hog,32.929,5.6,3.3,1018.9,5.1,4.666666666666667,6,4,0,10,1.0,6.123233995736766e-17,-0.433883739117558,-0.9009688679024191,33.463,33.037,68.666,23.77123944016674,train
2016-10-07 07:00:00,Hog_public_Gerard,Hog,37.409,5.6,2.8,1019.4,4.1,4.0,7,4,0,10,0.9659258262890683,-0.25881904510252063,-0.433883739117558,-0.9009688679024191,32.929,38.181,68.63383333333333,23.81476702579207,train
2016-10-07 08:00:00,Hog_public_Gerard,Hog,65.839,5.0,2.8,1019.9,3.6,2.0,8,4,0,10,0.8660254037844387,-0.4999999999999998,-0.433883739117558,-0.9009688679024191,37.409,68.745,68.51275,23.821563872384335,train
2016-10-07 09:00:00,Hog_public_Gerard,Hog,84.98299999999998,6.1,0.0,1020.6,6.7,2.0,9,4,0,10,0.7071067811865476,-0.7071067811865475,-0.433883739117558,-0.9009688679024191,65.839,83.69,68.566625,23.858814230917563,train
2016-10-07 10:00:00,Hog_public_Gerard,Hog,88.025,7.2,-0.6,1021.2,7.2,0.0,10,4,0,10,0.49999999999999994,-0.8660254037844387,-0.433883739117558,-0.9009688679024191,84.98299999999998,87.624,68.58333333333333,23.872876637044307,train
2016-10-07 11:00:00,Hog_public_Gerard,Hog,85.934,8.3,-0.6,1021.7,8.2,4.0,11,4,0,10,0.258819045102521,-0.9659258262890682,-0.433883739117558,-0.9009688679024191,88.025,89.66799999999998,68.42775,23.741294983635573,train
2016-10-07 12:00:00,Hog_public_Gerard,Hog,89.73100000000002,8.9,-1.1,1021.7,7.2,4.0,12,4,0,10,1.2246467991473532e-16,-1.0,-0.433883739117558,-0.9009688679024191,85.934,91.866,68.33879166666667,23.653491316853184,train
2016-10-07 13:00:00,Hog_public_Gerard,Hog,92.61,8.9,-1.1,1022.4,8.8,4.0,13,4,0,10,-0.2588190451025208,-0.9659258262890683,-0.433883739117558,-0.9009688679024191,89.73100000000002,90.948,68.40804166666668,23.724887082663734,train
2016-10-07 14:00:00,Hog_public_Gerard,Hog,92.822,7.8,-1.7,1023.0,7.7,4.666666666666667,14,4,0,10,-0.4999999999999997,-0.8660254037844388,-0.433883739117558,-0.9009688679024191,92.61,91.895,68.44666666666667,23.765507054052758,train
2016-10-07 15:00:00,Hog_public_Gerard,Hog,93.176,7.8,-1.1,1023.1,7.7,5.333333333333333,15,4,0,10,-0.7071067811865471,-0.7071067811865479,-0.433883739117558,-0.9009688679024191,92.822,90.217,68.56995833333333,23.890704196364492,train
2016-10-07 16:00:00,Hog_public_Gerard,Hog,93.157,7.8,-1.1,1023.1,8.2,6.0,16,4,0,10,-0.8660254037844385,-0.5000000000000004,-0.433883739117558,-0.9009688679024191,93.176,93.131,68.57104166666666,23.891866910654947,train
2016-10-07 17:00:00,Hog_public_Gerard,Hog,90.00200000000002,7.8,-1.7,1023.2,5.1,6.666666666666666,17,4,0,10,-0.9659258262890683,-0.25881904510252063,-0.433883739117558,-0.9009688679024191,93.157,89.62100000000002,68.58691666666668,23.906583761030937,train
2016-10-07 18:00:00,Hog_public_Gerard,Hog,86.26899999999998,7.2,-0.6,1023.2,6.7,7.333333333333333,18,4,0,10,-1.0,-1.8369701987210297e-16,-0.433883739117558,-0.9009688679024191,90.00200000000002,85.97,68.599375,23.916112400043644,train
2016-10-07 19:00:00,Hog_public_Gerard,Hog,49.359,6.7,-0.6,1023.5,4.6,8.0,19,4,0,10,-0.9659258262890684,0.2588190451025203,-0.433883739117558,-0.9009688679024191,86.26899999999998,86.346,67.05825,23.914519588571583,train
2016-10-07 20:00:00,Hog_public_Gerard,Hog,43.364,5.6,-1.1,1023.7,3.6,4.0,20,4,0,10,-0.8660254037844386,0.5000000000000001,-0.433883739117558,-0.9009688679024191,49.359,88.336,65.18441666666668,23.936694125232247,train
2016-10-07 21:00:00,Hog_public_Gerard,Hog,43.13800000000001,5.0,-1.1,1024.0,2.1,4.0,21,4,0,10,-0.7071067811865477,0.7071067811865474,-0.433883739117558,-0.9009688679024191,43.364,84.229,63.47229166666667,23.984775873329344,train
2016-10-07 22:00:00,Hog_public_Gerard,Hog,42.841,5.0,-1.1,1024.3,2.1,0.0,22,4,0,10,-0.5000000000000004,0.8660254037844384,-0.433883739117558,-0.9009688679024191,43.13800000000001,65.274,62.53758333333334,24.345907276648976,train
2016-10-07 23:00:00,Hog_public_Gerard,Hog,42.723,4.4,-1.7,1024.3,3.1,0.0,23,4,0,10,-0.25881904510252157,0.9659258262890681,-0.433883739117558,-0.9009688679024191,42.841,48.859,62.28191666666667,24.527339604606762,train
2016-10-08 00:00:00,Hog_public_Gerard,Hog,42.302,3.9,-1.1,1024.4,2.1,0.0,0,5,1,10,0.0,1.0,-0.9749279121818236,-0.2225209339563146,42.723,42.734,62.26391666666667,24.542462912650837,train
2016-10-08 01:00:00,Hog_public_Gerard,Hog,36.375,3.3,-0.6,1024.3,2.1,0.0,1,5,1,10,0.25881904510252074,0.9659258262890683,-0.9749279121818236,-0.2225209339563146,42.302,45.73,61.874125,24.888329968800054,train
2016-10-08 02:00:00,Hog_public_Gerard,Hog,35.379,2.8,0.0,1024.2,2.6,0.0,2,5,1,10,0.49999999999999994,0.8660254037844387,-0.9749279121818236,-0.2225209339563146,36.375,42.485,61.57804166666666,25.169698648209284,train
2016-10-08 03:00:00,Hog_public_Gerard,Hog,35.689,2.8,0.0,1024.4,1.5,0.0,3,5,1,10,0.7071067811865476,0.7071067811865476,-0.9749279121818236,-0.2225209339563146,35.379,42.56100000000001,61.29170833333333,25.433154254752125,train
2016-10-08 04:00:00,Hog_public_Gerard,Hog,35.286,2.8,0.0,1024.6,3.6,0.0,4,5,1,10,0.8660254037844386,0.5000000000000001,-0.9749279121818236,-0.2225209339563146,35.689,33.482,61.366875,25.349919904362817,train
2016-10-08 05:00:00,Hog_public_Gerard,Hog,35.189,2.2,-0.6,1024.8,3.6,0.0,5,5,1,10,0.9659258262890683,0.25881904510252074,-0.9749279121818236,-0.2225209339563146,35.286,33.463,61.43879166666667,25.269637109589915,train
2016-10-08 06:00:00,Hog_public_Gerard,Hog,35.41900000000001,2.2,-0.6,1025.2,2.6,2.0,6,5,1,10,1.0,6.123233995736766e-17,-0.9749279121818236,-0.2225209339563146,35.189,32.929,61.542541666666665,25.15233403635636,train
2016-10-08 07:00:00,Hog_public_Gerard,Hog,35.28800000000001,2.2,-1.1,1025.3,2.1,4.0,7,5,1,10,0.9659258262890683,-0.25881904510252063,-0.9749279121818236,-0.2225209339563146,35.41900000000001,37.409,61.45416666666667,25.244373934845765,train
2016-10-08 08:00:00,Hog_public_Gerard,Hog,34.392,3.3,-0.6,1025.9,2.6,4.333333333333333,8,5,1,10,0.8660254037844387,-0.4999999999999998,-0.9749279121818236,-0.2225209339563146,35.28800000000001,65.839,60.143875,25.816520589179394,train
2016-10-08 09:00:00,Hog_public_Gerard,Hog,35.106,4.4,0.0,1025.7,1.5,4.666666666666667,9,5,1,10,0.7071067811865476,-0.7071067811865475,-0.9749279121818236,-0.2225209339563146,34.392,84.98299999999998,58.065666666666665,25.737463110460617,train
2016-10-08 10:00:00,Hog_public_Gerard,Hog,40.934,5.6,-0.6,1025.6,3.1,5.0,10,5,1,10,0.49999999999999994,-0.8660254037844387,-0.9749279121818236,-0.2225209339563146,35.106,88.025,56.10354166666667,25.14231241307076,train
2016-10-08 11:00:00,Hog_public_Gerard,Hog,79.527,6.7,-2.8,1026.0,0.0,5.333333333333333,11,5,1,10,0.258819045102521,-0.9659258262890682,-0.9749279121818236,-0.2225209339563146,40.934,85.934,55.83658333333333,24.84404997775331,train
2016-10-08 12:00:00,Hog_public_Gerard,Hog,84.441,8.9,-2.2,1025.6,2.1,5.666666666666666,12,5,1,10,1.2246467991473532e-16,-1.0,-0.9749279121818236,-0.2225209339563146,79.527,89.73100000000002,55.616166666666665,24.55201400694257,train
2016-10-08 13:00:00,Hog_public_Gerard,Hog,83.62700000000002,8.9,-2.2,1025.6,2.1,6.0,13,5,1,10,-0.2588190451025208,-0.9659258262890683,-0.9749279121818236,-0.2225209339563146,84.441,92.61,55.241875,24.02637394037704,train
2016-10-08 14:00:00,Hog_public_Gerard,Hog,84.214,10.6,-1.7,1024.9,1.5,2.0,14,5,1,10,-0.4999999999999997,-0.8660254037844388,-0.9749279121818236,-0.2225209339563146,83.62700000000002,92.822,54.88320833333333,23.49945758667116,train
2016-10-08 15:00:00,Hog_public_Gerard,Hog,82.853,11.1,-0.6,1024.9,2.1,2.0,15,5,1,10,-0.7071067811865471,-0.7071067811865479,-0.9749279121818236,-0.2225209339563146,84.214,93.176,54.45308333333333,22.853688532881822,train
2016-10-08 16:00:00,Hog_public_Gerard,Hog,83.444,11.1,-0.6,1025.1,3.1,2.5,16,5,1,10,-0.8660254037844385,-0.5000000000000004,-0.9749279121818236,-0.2225209339563146,82.853,93.157,54.048375,22.215587928911024,train
2016-10-08 17:00:00,Hog_public_Gerard,Hog,83.306,11.1,-0.6,1025.3,3.1,3.0,17,5,1,10,-0.9659258262890683,-0.25881904510252063,-0.9749279121818236,-0.2225209339563146,83.444,90.00200000000002,53.769375000000004,21.782243733616042,train
2016-10-08 18:00:00,Hog_public_Gerard,Hog,83.236,9.4,0.6,1025.6,2.6,3.5,18,5,1,10,-1.0,-1.8369701987210297e-16,-0.9749279121818236,-0.2225209339563146,83.306,86.26899999999998,53.64300000000001,21.593471573804408,train
2016-10-08 19:00:00,Hog_public_Gerard,Hog,49.985,8.9,0.0,1026.0,1.5,4.0,19,5,1,10,-0.9659258262890684,0.2588190451025203,-0.9749279121818236,-0.2225209339563146,83.236,49.359,53.66908333333333,21.588449322882596,train
2016-10-08 20:00:00,Hog_public_Gerard,Hog,44.698,8.3,1.1,1026.6,0.0,2.0,20,5,1,10,-0.8660254037844386,0.5000000000000001,-0.9749279121818236,-0.2225209339563146,49.985,43.364,53.72466666666667,21.562465134271406,train
2016-10-08 21:00:00,Hog_public_Gerard,Hog,44.39100000000001,7.2,2.2,1027.1,0.0,0.0,21,5,1,10,-0.7071067811865477,0.7071067811865474,-0.9749279121818236,-0.2225209339563146,44.698,43.13800000000001,53.776875,21.537219721485062,train
2016-10-08 22:00:00,Hog_public_Gerard,Hog,44.224,6.1,2.8,1027.5,1.5,0.0,22,5,1,10,-0.5000000000000004,0.8660254037844384,-0.9749279121818236,-0.2225209339563146,44.39100000000001,42.841,53.83450000000001,21.50851856520036,train
2016-10-08 23:00:00,Hog_public_Gerard,Hog,44.76300000000001,5.6,2.8,1027.5,0.0,0.0,23,5,1,10,-0.25881904510252157,0.9659258262890681,-0.9749279121818236,-0.2225209339563146,44.224,42.723,53.9195,21.466687853306755,train
2016-10-09 00:00:00,Hog_public_Gerard,Hog,44.353,6.1,1.7,1028.0,0.0,0.0,0,6,1,10,0.0,1.0,-0.7818314824680299,0.6234898018587334,44.76300000000001,42.302,54.00495833333334,21.42246499736688,train
2016-10-09 01:00:00,Hog_public_Gerard,Hog,38.898,4.4,1.7,1028.3,1.5,0.0,1,6,1,10,0.25881904510252074,0.9659258262890683,-0.7818314824680299,0.6234898018587334,44.353,36.375,54.110083333333336,21.33821401579948,train
2016-10-09 02:00:00,Hog_public_Gerard,Hog,38.415,4.4,2.2,1028.6,0.0,0.0,2,6,1,10,0.49999999999999994,0.8660254037844387,-0.7818314824680299,0.6234898018587334,38.898,35.379,54.236583333333336,21.23107216755813,train
2016-10-09 03:00:00,Hog_public_Gerard,Hog,37.966,3.3,2.2,1029.0,0.0,0.0,3,6,1,10,0.7071067811865476,0.7071067811865476,-0.7818314824680299,0.6234898018587334,38.415,35.689,54.33145833333334,21.14951617080309,train
2016-10-09 04:00:00,Hog_public_Gerard,Hog,37.325,2.8,1.1,1029.0,0.0,4.0,4,6,1,10,0.8660254037844386,0.5000000000000001,-0.7818314824680299,0.6234898018587334,37.966,35.286,54.41641666666667,21.07364282063942,train
2016-10-09 05:00:00,Hog_public_Gerard,Hog,37.661,2.8,1.1,1029.1,0.0,0.0,5,6,1,10,0.9659258262890683,0.25881904510252074,-0.7818314824680299,0.6234898018587334,37.325,35.189,54.51941666666667,20.981419854795142,train
2016-10-09 06:00:00,Hog_public_Gerard,Hog,38.022,2.8,1.1,1029.1999999999998,0.0,2.0,6,6,1,10,1.0,6.123233995736766e-17,-0.7818314824680299,0.6234898018587334,37.661,35.41900000000001,54.62787500000001,20.88489785407157,train
2016-10-09 07:00:00,Hog_public_Gerard,Hog,37.736,2.2,0.6,1029.3,0.0,0.0,7,6,1,10,0.9659258262890683,-0.25881904510252063,-0.7818314824680299,0.6234898018587334,38.022,35.28800000000001,54.729875,20.79210868556613,train
2016-10-09 08:00:00,Hog_public_Gerard,Hog,37.527,3.3,1.7,1030.0,0.0,0.0,8,6,1,10,0.8660254037844387,-0.4999999999999998,-0.7818314824680299,0.6234898018587334,37.736,34.392,54.8605,20.668260966789333,train
2016-10-09 09:00:00,Hog_public_Gerard,Hog,36.408,3.9,3.3,1030.0,1.5,4.0,9,6,1,10,0.7071067811865476,-0.7071067811865475,-0.7818314824680299,0.6234898018587334,37.527,35.106,54.91475,20.615797145266683,train
2016-10-09 10:00:00,Hog_public_Gerard,Hog,35.675,7.2,3.9,1030.2,3.1,0.0,10,6,1,10,0.49999999999999994,-0.8660254037844387,-0.7818314824680299,0.6234898018587334,36.408,40.934,54.69562500000001,20.79800298275427,train
2016-10-09 11:00:00,Hog_public_Gerard,Hog,34.81,10.0,2.2,1030.2,4.6,0.0,11,6,1,10,0.258819045102521,-0.9659258262890682,-0.7818314824680299,0.6234898018587334,35.675,79.527,52.83241666666667,20.47727601177272,train
2016-10-09 12:00:00,Hog_public_Gerard,Hog,65.678,11.1,2.8,1029.7,4.1,0.0,12,6,1,10,1.2246467991473532e-16,-1.0,-0.7818314824680299,0.6234898018587334,34.81,84.441,52.050625,19.555462785787203,train
2016-10-09 13:00:00,Hog_public_Gerard,Hog,80.498,12.8,2.8,1028.6,4.6,0.0,13,6,1,10,-0.2588190451025208,-0.9659258262890683,-0.7818314824680299,0.6234898018587334,65.678,83.62700000000002,51.92025,19.345091066458412,train
2016-10-09 14:00:00,Hog_public_Gerard,Hog,81.78699999999998,13.9,2.2,1027.6,4.6,2.0,14,6,1,10,-0.4999999999999997,-0.8660254037844388,-0.7818314824680299,0.6234898018587334,80.498,84.214,51.81912500000001,19.17452980958026,train
2016-10-09 15:00:00,Hog_public_Gerard,Hog,81.492,14.4,3.3,1026.5,5.7,2.0,15,6,1,10,-0.7071067811865471,-0.7071067811865479,-0.7818314824680299,0.6234898018587334,81.78699999999998,82.853,51.76241666666667,19.080539348216664,train
2016-10-09 16:00:00,Hog_public_Gerard,Hog,82.583,15.0,3.3,1026.0,6.2,2.0,16,6,1,10,-0.8660254037844385,-0.5000000000000004,-0.7818314824680299,0.6234898018587334,81.492,83.444,51.72654166666667,19.019092613063307,train
2016-10-09 17:00:00,Hog_public_Gerard,Hog,80.374,15.6,3.3,1025.2,4.6,2.0,17,6,1,10,-0.9659258262890683,-0.25881904510252063,-0.7818314824680299,0.6234898018587334,82.583,83.306,51.604375000000005,18.815756366297727,train
2016-10-09 18:00:00,Hog_public_Gerard,Hog,82.81299999999997,15.0,3.9,1024.7,4.1,2.0,18,6,1,10,-1.0,-1.8369701987210297e-16,-0.7818314824680299,0.6234898018587334,80.374,83.236,51.586749999999995,18.785011294276366,train
2016-10-09 19:00:00,Hog_public_Gerard,Hog,60.803,13.3,3.9,1024.1,4.1,2.0,19,6,1,10,-0.9659258262890684,0.2588190451025203,-0.7818314824680299,0.6234898018587334,82.81299999999997,49.985,52.0375,18.874482868815797,train
2016-10-09 20:00:00,Hog_public_Gerard,Hog,63.37600000000001,12.2,4.4,1023.7,3.6,2.0,20,6,1,10,-0.8660254037844386,0.5000000000000001,-0.7818314824680299,0.6234898018587334,60.803,44.698,52.81575,18.94364359436796,train
2016-10-09 21:00:00,Hog_public_Gerard,Hog,62.679,11.7,3.9,1023.5,3.6,0.0,21,6,1,10,-0.7071067811865477,0.7071067811865474,-0.7818314824680299,0.6234898018587334,63.37600000000001,44.39100000000001,53.57775,18.957835803951056,train
2016-10-09 22:00:00,Hog_public_Gerard,Hog,64.219,11.1,4.4,1023.1,4.1,0.0,22,6,1,10,-0.5000000000000004,0.8660254037844384,-0.7818314824680299,0.6234898018587334,62.679,44.224,54.410875,18.96825106033887,train
2016-10-09 23:00:00,Hog_public_Gerard,Hog,47.652,10.0,4.4,1022.8,4.6,0.0,23,6,1,10,-0.25881904510252157,0.9659258262890681,-0.7818314824680299,0.6234898018587334,64.219,44.76300000000001,54.53125,18.913450179010603,train
2016-10-10 00:00:00,Hog_public_Gerard,Hog,40.939,10.0,4.4,1022.4,3.1,0.0,0,0,0,10,0.0,1.0,0.0,1.0,47.652,44.353,54.38899999999999,19.005942539797655,train
2016-10-10 01:00:00,Hog_public_Gerard,Hog,42.68,10.6,4.4,1021.9,4.6,0.0,1,0,0,10,0.25881904510252074,0.9659258262890683,0.0,1.0,40.939,38.898,54.54658333333333,18.887226200741445,train
2016-10-10 02:00:00,Hog_public_Gerard,Hog,48.896,10.0,5.0,1021.6,3.6,0.0,2,0,0,10,0.49999999999999994,0.8660254037844387,0.0,1.0,42.68,38.415,54.983291666666666,18.617257285225403,train
2016-10-10 03:00:00,Hog_public_Gerard,Hog,46.56800000000001,10.6,5.6,1021.3,4.1,0.0,3,0,0,10,0.7071067811865476,0.7071067811865476,0.0,1.0,48.896,37.966,55.34170833333334,18.35637313916554,train
2016-10-10 04:00:00,Hog_public_Gerard,Hog,34.447,10.0,5.6,1021.0,3.6,0.0,4,0,0,10,0.8660254037844386,0.5000000000000001,0.0,1.0,46.56800000000001,37.325,55.22179166666666,18.488115969052874,train
2016-10-10 05:00:00,Hog_public_Gerard,Hog,32.76,10.0,6.1,1020.6,4.1,0.0,5,0,0,10,0.9659258262890683,0.25881904510252074,0.0,1.0,34.447,37.661,55.017583333333334,18.716175048004313,train
2016-10-10 06:00:00,Hog_public_Gerard,Hog,32.776,10.0,6.1,1020.5,3.1,0.0,6,0,0,10,1.0,6.123233995736766e-17,0.0,1.0,32.76,38.022,54.799,18.952436211416966,train
2016-10-10 07:00:00,Hog_public_Gerard,Hog,38.566,10.0,6.1,1020.2,3.6,0.0,7,0,0,10,0.9659258262890683,-0.25881904510252063,0.0,1.0,32.776,37.736,54.83358333333334,18.920677552250467,train
2016-10-10 08:00:00,Hog_public_Gerard,Hog,67.152,10.6,6.7,1020.0,4.1,0.0,8,0,0,10,0.8660254037844387,-0.4999999999999998,0.0,1.0,38.566,37.527,56.06795833333333,18.70767582636277,train
2016-10-10 09:00:00,Hog_public_Gerard,Hog,84.39399999999998,12.2,6.7,1019.8,5.1,0.0,9,0,0,10,0.7071067811865476,-0.7071067811865475,0.0,1.0,67.152,36.408,58.067375,19.075799336633942,train
2016-10-10 10:00:00,Hog_public_Gerard,Hog,87.43,14.4,7.2,1019.6,4.6,0.0,10,0,0,10,0.49999999999999994,-0.8660254037844387,0.0,1.0,84.39399999999998,35.675,60.223833333333324,19.357639268722124,train
2016-10-10 11:00:00,Hog_public_Gerard,Hog,90.03200000000002,17.2,8.3,1019.1,4.6,2.0,11,0,0,10,0.258819045102521,-0.9659258262890682,0.0,1.0,87.43,34.81,62.524750000000004,19.487031596847253,train
2016-10-10 12:00:00,Hog_public_Gerard,Hog,91.728,20.6,7.8,1018.2,4.1,4.0,12,0,0,10,1.2246467991473532e-16,-1.0,0.0,1.0,90.03200000000002,65.678,63.610166666666665,20.37553192832815,train
2016-10-10 13:00:00,Hog_public_Gerard,Hog,91.195,21.7,7.8,1017.5,6.7,6.0,13,0,0,10,-0.2588190451025208,-0.9659258262890683,0.0,1.0,91.728,80.498,64.055875,20.87195883041358,train
2016-10-10 14:00:00,Hog_public_Gerard,Hog,90.622,22.8,7.8,1016.7,9.3,4.0,14,0,0,10,-0.4999999999999997,-0.8660254037844388,0.0,1.0,91.195,81.78699999999998,64.42399999999999,21.27235716380178,train
2016-10-10 15:00:00,Hog_public_Gerard,Hog,92.447,23.3,7.8,1016.0,5.7,4.4,15,0,0,10,-0.7071067811865471,-0.7071067811865479,0.0,1.0,90.622,81.492,64.88045833333334,21.76632273865769,train
2016-10-10 16:00:00,Hog_public_Gerard,Hog,91.997,23.3,7.8,1015.6,8.8,4.8,16,0,0,10,-0.8660254037844385,-0.5000000000000004,0.0,1.0,92.447,82.583,65.27270833333333,22.1801014787328,train
2016-10-10 17:00:00,Hog_public_Gerard,Hog,93.531,21.7,8.9,1015.3,8.2,5.2,17,0,0,10,-0.9659258262890683,-0.25881904510252063,0.0,1.0,91.997,80.374,65.82091666666666,22.72546742029777,train
2016-10-10 18:00:00,Hog_public_Gerard,Hog,86.75399999999998,20.6,10.0,1015.7,7.2,5.6,18,0,0,10,-1.0,-1.8369701987210297e-16,0.0,1.0,93.531,82.81299999999997,65.985125,22.867381301591838,train
2016-10-10 19:00:00,Hog_public_Gerard,Hog,91.107,19.4,10.0,1015.7,7.7,6.0,19,0,0,10,-0.9659258262890684,0.2588190451025203,0.0,1.0,86.75399999999998,60.803,67.24779166666667,23.399260735217908,train
2016-10-10 20:00:00,Hog_public_Gerard,Hog,92.496,19.4,9.4,1015.8,5.7,6.0,20,0,0,10,-0.8660254037844386,0.5000000000000001,0.0,1.0,91.107,63.37600000000001,68.461125,23.938538379907502,train
2016-10-10 21:00:00,Hog_public_Gerard,Hog,87.948,18.3,8.3,1015.6,6.2,6.0,21,0,0,10,-0.7071067811865477,0.7071067811865474,0.0,1.0,92.496,62.679,69.514,24.227125907526265,train
2016-10-10 22:00:00,Hog_public_Gerard,Hog,64.976,18.3,8.3,1015.9,5.1,6.0,22,0,0,10,-0.5000000000000004,0.8660254037844384,0.0,1.0,87.948,64.219,69.54554166666667,24.220424390385116,train
2016-10-10 23:00:00,Hog_public_Gerard,Hog,50.06,17.2,8.3,1015.9,5.7,6.0,23,0,0,10,-0.25881904510252157,0.9659258262890681,0.0,1.0,64.976,47.652,69.645875,24.130608012867228,train
2016-10-11 00:00:00,Hog_public_Gerard,Hog,39.61,17.2,7.8,1015.9,5.7,6.0,0,1,0,10,0.0,1.0,0.7818314824680298,0.6234898018587336,50.06,40.939,69.5905,24.200771737604818,train
2016-10-11 01:00:00,Hog_public_Gerard,Hog,43.625,16.1,8.9,1015.8,7.2,6.0,1,1,0,10,0.25881904510252074,0.9659258262890683,0.7818314824680298,0.6234898018587336,39.61,42.68,69.629875,24.15581132944401,train
2016-10-11 02:00:00,Hog_public_Gerard,Hog,53.99100000000001,16.1,9.4,1015.5,6.2,5.666666666666667,2,1,0,10,0.49999999999999994,0.8660254037844387,0.7818314824680298,0.6234898018587336,43.625,48.896,69.84216666666667,23.987472541464975,train
2016-10-11 03:00:00,Hog_public_Gerard,Hog,51.56800000000001,15.6,10.0,1015.1,4.1,5.333333333333333,3,1,0,10,0.7071067811865476,0.7071067811865476,0.7818314824680298,0.6234898018587336,53.99100000000001,46.56800000000001,70.0505,23.79750622850327,train
2016-10-11 04:00:00,Hog_public_Gerard,Hog,33.87,15.6,10.6,1014.7,4.1,5.0,4,1,0,10,0.8660254037844386,0.5000000000000001,0.7818314824680298,0.6234898018587336,51.56800000000001,34.447,70.02645833333334,23.835300326414224,train
2016-10-11 05:00:00,Hog_public_Gerard,Hog,33.113,15.0,10.6,1014.2,3.6,4.666666666666667,5,1,0,10,0.9659258262890683,0.25881904510252074,0.7818314824680298,0.6234898018587336,33.87,32.76,70.04116666666667,23.81140095519949,train
2016-10-11 06:00:00,Hog_public_Gerard,Hog,32.238,14.4,11.1,1014.1,2.6,4.333333333333334,6,1,0,10,1.0,6.123233995736766e-17,0.7818314824680298,0.6234898018587336,33.113,32.776,70.01875,23.848233421494488,train
2016-10-11 07:00:00,Hog_public_Gerard,Hog,35.602,13.3,10.6,1013.8,3.1,4.0,7,1,0,10,0.9659258262890683,-0.25881904510252063,0.7818314824680298,0.6234898018587336,32.238,38.566,69.89524999999999,24.025213750576064,train
2016-10-11 08:00:00,Hog_public_Gerard,Hog,67.472,12.8,10.6,1013.8,2.6,2.0,8,1,0,10,0.8660254037844387,-0.4999999999999998,0.7818314824680298,0.6234898018587336,35.602,67.152,69.90858333333334,24.023713878467927,train
2016-10-11 09:00:00,Hog_public_Gerard,Hog,82.455,14.4,11.1,1014.2,2.6,2.0,9,1,0,10,0.7071067811865476,-0.7071067811865475,0.7818314824680298,0.6234898018587336,67.472,84.39399999999998,69.82779166666667,23.976094685040227,train
2016-10-11 10:00:00,Hog_public_Gerard,Hog,86.256,16.1,11.1,1014.0,4.6,0.0,10,1,0,10,0.49999999999999994,-0.8660254037844387,0.7818314824680298,0.6234898018587336,82.455,87.43,69.778875,23.93979090626878,train
2016-10-11 11:00:00,Hog_public_Gerard,Hog,90.743,17.8,11.1,1013.3,5.1,2.0,11,1,0,10,0.258819045102521,-0.9659258262890682,0.7818314824680298,0.6234898018587336,86.256,90.03200000000002,69.8085,23.96636859180507,train
2016-10-11 12:00:00,Hog_public_Gerard,Hog,91.839,18.9,11.1,1012.5,3.6,2.0,12,1,0,10,1.2246467991473532e-16,-1.0,0.7818314824680298,0.6234898018587336,90.743,91.728,69.813125,23.970792804564216,train
2016-10-11 13:00:00,Hog_public_Gerard,Hog,92.194,20.0,11.7,1011.9,5.7,2.0,13,1,0,10,-0.2588190451025208,-0.9659258262890683,0.7818314824680298,0.6234898018587336,91.839,91.195,69.85475000000001,24.01037120161057,train
2016-10-11 14:00:00,Hog_public_Gerard,Hog,90.932,21.1,11.7,1011.1,3.6,4.0,14,1,0,10,-0.4999999999999997,-0.8660254037844388,0.7818314824680298,0.6234898018587336,92.194,90.622,69.86766666666666,24.022109445922602,train
2016-10-11 15:00:00,Hog_public_Gerard,Hog,90.373,21.1,11.7,1010.8,4.1,4.8,15,1,0,10,-0.7071067811865471,-0.7071067811865479,0.7818314824680298,0.6234898018587336,90.932,92.447,69.78125,23.940944774953874,train
2016-10-11 16:00:00,Hog_public_Gerard,Hog,88.947,21.7,11.7,1010.2,4.6,5.6,16,1,0,10,-0.8660254037844385,-0.5000000000000004,0.7818314824680298,0.6234898018587336,90.373,91.997,69.65416666666667,23.82570959327735,train
2016-10-11 17:00:00,Hog_public_Gerard,Hog,85.698,22.2,11.7,1010.8,5.1,6.4,17,1,0,10,-0.9659258262890683,-0.25881904510252063,0.7818314824680298,0.6234898018587336,88.947,93.531,69.32779166666667,23.536305893844577,train
2016-10-11 18:00:00,Hog_public_Gerard,Hog,83.61399999999998,17.8,11.7,1011.6,5.7,7.2,18,1,0,10,-1.0,-1.8369701987210297e-16,0.7818314824680298,0.6234898018587336,85.698,86.75399999999998,69.19695833333333,23.443771011913974,train
2016-10-11 19:00:00,Hog_public_Gerard,Hog,90.515,17.2,11.1,1012.4,5.1,8.0,19,1,0,10,-0.9659258262890684,0.2588190451025203,0.7818314824680298,0.6234898018587336,83.61399999999998,91.107,69.17229166666667,23.420015181146763,train
2016-10-11 20:00:00,Hog_public_Gerard,Hog,89.79799999999999,15.0,10.6,1012.8,4.6,8.0,20,1,0,10,-0.8660254037844386,0.5000000000000001,0.7818314824680298,0.6234898018587336,90.515,92.496,69.05987499999999,23.30940725247977,train
2016-10-11 21:00:00,Hog_public_Gerard,Hog,86.661,12.8,9.4,1013.3,6.2,8.0,21,1,0,10,-0.7071067811865477,0.7071067811865474,0.7818314824680298,0.6234898018587336,89.79799999999999,87.948,69.00625000000001,23.26550352523256,train
2016-10-11 22:00:00,Hog_public_Gerard,Hog,68.656,11.7,7.8,1014.3,7.2,8.0,22,1,0,10,-0.5000000000000004,0.8660254037844384,0.7818314824680298,0.6234898018587336,86.661,64.976,69.15958333333333,23.249908407330885,train
2016-10-11 23:00:00,Hog_public_Gerard,Hog,53.505,10.0,7.2,1014.5,7.2,8.0,23,1,0,10,-0.25881904510252157,0.9659258262890681,0.7818314824680298,0.6234898018587336,68.656,50.06,69.303125,23.13722479377353,train
2016-10-12 00:00:00,Hog_public_Gerard,Hog,44.896,10.0,7.2,1014.0,5.1,8.0,0,2,0,10,0.0,1.0,0.9749279121818236,-0.22252093395631434,53.505,39.61,69.523375,22.865845779264035,train
2016-10-12 01:00:00,Hog_public_Gerard,Hog,49.261,10.0,7.2,1015.6,6.2,8.0,1,2,0,10,0.25881904510252074,0.9659258262890683,0.9749279121818236,-0.22252093395631434,44.896,43.625,69.75820833333334,22.61587867152512,train
2016-10-12 02:00:00,Hog_public_Gerard,Hog,47.19,9.4,7.2,1015.5,5.7,8.0,2,2,0,10,0.49999999999999994,0.8660254037844387,0.9749279121818236,-0.22252093395631434,49.261,53.99100000000001,69.47483333333334,22.86328478942426,train
2016-10-12 03:00:00,Hog_public_Gerard,Hog,46.828,8.9,6.7,1015.9,7.2,8.0,3,2,0,10,0.7071067811865476,0.7071067811865476,0.9749279121818236,-0.22252093395631434,47.19,51.56800000000001,69.27733333333333,23.04444989422694,train
2016-10-12 04:00:00,Hog_public_Gerard,Hog,35.309,8.3,6.1,1016.7,5.7,8.0,4,2,0,10,0.8660254037844386,0.5000000000000001,0.9749279121818236,-0.22252093395631434,46.828,33.87,69.33729166666667,22.949998168947857,train
2016-10-12 05:00:00,Hog_public_Gerard,Hog,32.382,7.8,5.6,1017.1,7.7,8.0,5,2,0,10,0.9659258262890683,0.25881904510252074,0.9749279121818236,-0.22252093395631434,35.309,33.113,69.30683333333333,23.000593165634108,train
2016-10-12 06:00:00,Hog_public_Gerard,Hog,31.196,7.2,4.4,1017.8,7.7,8.0,6,2,0,10,1.0,6.123233995736766e-17,0.9749279121818236,-0.22252093395631434,32.382,32.238,69.26341666666666,23.074472578487295,train
2016-10-12 07:00:00,Hog_public_Gerard,Hog,37.284,6.7,3.9,1018.7,6.7,8.0,7,2,0,10,0.9659258262890683,-0.25881904510252063,0.9749279121818236,-0.22252093395631434,31.196,35.602,69.3335,22.970107027821292,train
2016-10-12 08:00:00,Hog_public_Gerard,Hog,66.05,6.1,2.8,1019.3,7.7,7.666666666666667,8,2,0,10,0.8660254037844387,-0.4999999999999998,0.9749279121818236,-0.22252093395631434,37.284,67.472,69.27425,22.97695038274889,train
2016-10-12 09:00:00,Hog_public_Gerard,Hog,79.288,5.6,1.7,1019.9,7.7,7.333333333333333,9,2,0,10,0.7071067811865476,-0.7071067811865475,0.9749279121818236,-0.22252093395631434,66.05,82.455,69.14229166666667,22.90694866188398,train
2016-10-12 10:00:00,Hog_public_Gerard,Hog,86.992,5.6,1.1,1021.2,9.3,7.0,10,2,0,10,0.49999999999999994,-0.8660254037844387,0.9749279121818236,-0.22252093395631434,79.288,86.256,69.17295833333334,22.931335438612997,train
2016-10-12 11:00:00,Hog_public_Gerard,Hog,92.279,6.1,0.6,1021.9,5.7,6.666666666666667,11,2,0,10,0.258819045102521,-0.9659258262890682,0.9749279121818236,-0.22252093395631434,86.992,90.743,69.23695833333333,22.996205258749455,train
2016-10-12 12:00:00,Hog_public_Gerard,Hog,92.301,6.1,0.6,1021.9,6.2,6.333333333333334,12,2,0,10,1.2246467991473532e-16,-1.0,0.9749279121818236,-0.22252093395631434,92.279,91.839,69.25620833333333,23.01613265209987,train
2016-10-12 13:00:00,Hog_public_Gerard,Hog,93.791,6.7,-0.6,1022.2,6.2,6.0,13,2,0,10,-0.2588190451025208,-0.9659258262890683,0.9749279121818236,-0.22252093395631434,92.301,92.194,69.32275,23.087528894546544,train
2016-10-12 14:00:00,Hog_public_Gerard,Hog,94.732,9.4,0.6,1021.6,6.2,6.333333333333333,14,2,0,10,-0.4999999999999997,-0.8660254037844388,0.9749279121818236,-0.22252093395631434,93.791,90.932,69.48108333333333,23.25459320111352,train
2016-10-12 15:00:00,Hog_public_Gerard,Hog,93.901,8.9,-0.6,1021.7,6.2,6.666666666666667,15,2,0,10,-0.7071067811865471,-0.7071067811865479,0.9749279121818236,-0.22252093395631434,94.732,90.373,69.62808333333332,23.40307667049201,train
2016-10-12 16:00:00,Hog_public_Gerard,Hog,92.473,8.3,-1.7,1022.1,8.2,7.0,16,2,0,10,-0.8660254037844385,-0.5000000000000004,0.9749279121818236,-0.22252093395631434,93.901,88.947,69.77499999999999,23.54029255663943,train
2016-10-12 17:00:00,Hog_public_Gerard,Hog,93.581,7.2,-1.1,1022.7,6.2,7.333333333333333,17,2,0,10,-0.9659258262890683,-0.25881904510252063,0.9749279121818236,-0.22252093395631434,92.473,85.698,70.10345833333334,23.82539571637093,train
2016-10-12 18:00:00,Hog_public_Gerard,Hog,89.919,6.1,-1.7,1023.5,6.2,7.666666666666666,18,2,0,10,-1.0,-1.8369701987210297e-16,0.9749279121818236,-0.22252093395631434,93.581,83.61399999999998,70.36616666666667,24.01485287079221,train
2016-10-12 19:00:00,Hog_public_Gerard,Hog,91.208,5.6,-2.2,1024.1,6.2,8.0,19,2,0,10,-0.9659258262890684,0.2588190451025203,0.9749279121818236,-0.22252093395631434,89.919,90.515,70.39504166666667,24.040535663711577,train
2016-10-12 20:00:00,Hog_public_Gerard,Hog,87.292,5.6,-2.8,1024.6,4.6,8.0,20,2,0,10,-0.8660254037844386,0.5000000000000001,0.9749279121818236,-0.22252093395631434,91.208,89.79799999999999,70.29062499999999,23.95789776800035,train
2016-10-12 21:00:00,Hog_public_Gerard,Hog,88.24,5.6,-2.8,1024.8,2.1,8.0,21,2,0,10,-0.7071067811865477,0.7071067811865474,0.9749279121818236,-0.22252093395631434,87.292,86.661,70.35641666666666,24.00692554590584,train
2016-10-12 22:00:00,Hog_public_Gerard,Hog,66.429,5.6,-2.2,1025.3,4.1,8.0,22,2,0,10,-0.5000000000000004,0.8660254037844384,0.9749279121818236,-0.22252093395631434,88.24,68.656,70.263625,24.018085073385663,train
2016-10-12 23:00:00,Hog_public_Gerard,Hog,48.343,5.0,-2.2,1025.7,2.1,8.0,23,2,0,10,-0.25881904510252157,0.9659258262890681,0.9749279121818236,-0.22252093395631434,66.429,53.505,70.04854166666667,24.1971301495952,train
2016-10-13 00:00:00,Hog_public_Gerard,Hog,44.277,5.6,-1.7,1026.2,2.1,8.0,0,3,0,10,0.0,1.0,0.43388373911755823,-0.900968867902419,48.343,44.896,70.02274999999999,24.225419199944575,train
2016-10-13 01:00:00,Hog_public_Gerard,Hog,49.42100000000001,5.6,-1.7,1025.5,2.1,8.0,1,3,0,10,0.25881904510252074,0.9659258262890683,0.43388373911755823,-0.900968867902419,44.277,49.261,70.02941666666666,24.219478585412922,train
2016-10-13 02:00:00,Hog_public_Gerard,Hog,49.89,5.0,-3.3,1025.5,3.6,6.0,2,3,0,10,0.49999999999999994,0.8660254037844387,0.43388373911755823,-0.900968867902419,49.42100000000001,47.19,70.14191666666667,24.11482106761707,train
2016-10-13 03:00:00,Hog_public_Gerard,Hog,50.653,3.9,-3.9,1025.5,2.1,4.0,3,3,0,10,0.7071067811865476,0.7071067811865476,0.43388373911755823,-0.900968867902419,49.89,46.828,70.30129166666667,23.96622191930018,train
2016-10-13 04:00:00,Hog_public_Gerard,Hog,36.493,4.4,-3.3,1025.6,0.0,3.5,4,3,0,10,0.8660254037844386,0.5000000000000001,0.43388373911755823,-0.900968867902419,50.653,35.309,70.350625,23.892164387391322,train
2016-10-13 05:00:00,Hog_public_Gerard,Hog,32.247,4.4,-3.3,1025.4,0.0,3.0,5,3,0,10,0.9659258262890683,0.25881904510252074,0.43388373911755823,-0.900968867902419,36.493,32.382,70.34500000000001,23.901506168658795,train
2016-10-13 06:00:00,Hog_public_Gerard,Hog,32.016,3.9,-2.2,1025.7,2.6,2.5,6,3,0,10,1.0,6.123233995736766e-17,0.43388373911755823,-0.900968867902419,32.247,31.196,70.37916666666666,23.84362639960746,train
2016-10-13 07:00:00,Hog_public_Gerard,Hog,37.333,3.3,-2.2,1025.6,2.6,2.0,7,3,0,10,0.9659258262890683,-0.25881904510252063,0.43388373911755823,-0.900968867902419,32.016,37.284,70.38120833333333,23.840671251819202,train
2016-10-13 08:00:00,Hog_public_Gerard,Hog,65.041,2.8,-2.8,1025.9,2.1,0.0,8,3,0,10,0.8660254037844387,-0.4999999999999998,0.43388373911755823,-0.900968867902419,37.333,66.05,70.33916666666667,23.849529182604083,train
2016-10-13 09:00:00,Hog_public_Gerard,Hog,79.38,3.9,-2.8,1026.1,3.1,0.0,9,3,0,10,0.7071067811865476,-0.7071067811865475,0.43388373911755823,-0.900968867902419,65.041,79.288,70.343,23.85103741067078,train
2016-10-13 10:00:00,Hog_public_Gerard,Hog,82.845,6.1,-2.8,1026.0,3.6,0.0,10,3,0,10,0.49999999999999994,-0.8660254037844387,0.43388373911755823,-0.900968867902419,79.38,86.992,70.17020833333332,23.739940573492824,train
2016-10-13 11:00:00,Hog_public_Gerard,Hog,84.962,7.2,-2.2,1025.9,5.1,0.0,11,3,0,10,0.258819045102521,-0.9659258262890682,0.43388373911755823,-0.900968867902419,82.845,92.279,69.86533333333333,23.489329275164526,train
2016-10-13 12:00:00,Hog_public_Gerard,Hog,90.627,8.9,-1.7,1025.4,4.6,0.0,12,3,0,10,1.2246467991473532e-16,-1.0,0.43388373911755823,-0.900968867902419,84.962,92.301,69.79558333333334,23.422200976881935,train
2016-10-13 13:00:00,Hog_public_Gerard,Hog,91.904,9.4,-1.1,1024.9,3.6,0.0,13,3,0,10,-0.2588190451025208,-0.9659258262890683,0.43388373911755823,-0.900968867902419,90.627,93.791,69.71695833333334,23.341176685958757,train
2016-10-13 14:00:00,Hog_public_Gerard,Hog,92.131,10.6,-1.1,1024.0,4.6,2.0,14,3,0,10,-0.4999999999999997,-0.8660254037844388,0.43388373911755823,-0.900968867902419,91.904,94.732,69.60858333333333,23.2257327678041,train
2016-10-13 15:00:00,Hog_public_Gerard,Hog,89.774,11.1,-0.6,1022.9,4.6,2.0,15,3,0,10,-0.7071067811865471,-0.7071067811865479,0.43388373911755823,-0.900968867902419,92.131,93.901,69.436625,23.05269020387576,train
2016-10-13 16:00:00,Hog_public_Gerard,Hog,92.04,12.2,0.0,1022.0,5.1,2.0,16,3,0,10,-0.8660254037844385,-0.5000000000000004,0.43388373911755823,-0.900968867902419,89.774,92.473,69.41858333333333,23.03403933485636,train
2016-10-13 17:00:00,Hog_public_Gerard,Hog,89.32700000000001,12.2,0.0,1021.4,5.1,4.0,17,3,0,10,-0.9659258262890683,-0.25881904510252063,0.43388373911755823,-0.900968867902419,92.04,93.581,69.24133333333333,22.855699431274324,train
2016-10-13 18:00:00,Hog_public_Gerard,Hog,86.87,12.2,0.6,1021.2,6.2,4.0,18,3,0,10,-1.0,-1.8369701987210297e-16,0.43388373911755823,-0.900968867902419,89.32700000000001,89.919,69.11429166666666,22.74396772291055,train
2016-10-13 19:00:00,Hog_public_Gerard,Hog,79.27,10.6,0.6,1021.3,4.1,4.0,19,3,0,10,-0.9659258262890684,0.2588190451025203,0.43388373911755823,-0.900968867902419,86.87,91.208,68.61687500000001,22.36718662472853,train
2016-10-13 20:00:00,Hog_public_Gerard,Hog,95.215,9.4,0.6,1021.9,4.1,4.0,20,3,0,10,-0.8660254037844386,0.5000000000000001,0.43388373911755823,-0.900968867902419,79.27,87.292,68.947,22.710635549087527,train
2016-10-13 21:00:00,Hog_public_Gerard,Hog,85.868,7.8,0.6,1021.9,4.1,2.0,21,3,0,10,-0.7071067811865477,0.7071067811865474,0.43388373911755823,-0.900968867902419,95.215,88.24,68.84816666666667,22.62803590136853,train
2016-10-13 22:00:00,Hog_public_Gerard,Hog,65.96,7.8,0.6,1021.9,3.6,0.0,22,3,0,10,-0.5000000000000004,0.8660254037844384,0.43388373911755823,-0.900968867902419,85.868,66.429,68.828625,22.630418328498173,train
2016-10-13 23:00:00,Hog_public_Gerard,Hog,47.459,6.7,0.0,1021.5,3.1,2.0,23,3,0,10,-0.25881904510252157,0.9659258262890681,0.43388373911755823,-0.900968867902419,65.96,48.343,68.79179166666667,22.6659020441819,train
2016-10-14 00:00:00,Hog_public_Gerard,Hog,42.837,7.2,0.0,1020.7,6.2,2.0,0,4,0,10,0.0,1.0,-0.433883739117558,-0.9009688679024191,47.459,44.277,68.73179166666667,22.735417166555774,train
2016-10-14 01:00:00,Hog_public_Gerard,Hog,47.238,7.2,0.0,1020.3,5.1,0.0,1,4,0,10,0.25881904510252074,0.9659258262890683,-0.433883739117558,-0.9009688679024191,42.837,49.42100000000001,68.64083333333333,22.82024206263162,train
2016-10-14 02:00:00,Hog_public_Gerard,Hog,48.503,7.2,0.6,1020.4,4.6,0.0,2,4,0,10,0.49999999999999994,0.8660254037844387,-0.433883739117558,-0.9009688679024191,47.238,49.89,68.58304166666666,22.871491389708126,train
2016-10-14 03:00:00,Hog_public_Gerard,Hog,45.223,7.2,0.6,1020.0,5.1,0.0,3,4,0,10,0.7071067811865476,0.7071067811865476,-0.433883739117558,-0.9009688679024191,48.503,50.653,68.35679166666667,23.082455541477287,train
2016-10-14 04:00:00,Hog_public_Gerard,Hog,36.94300000000001,6.7,1.1,1019.8,4.6,0.0,4,4,0,10,0.8660254037844386,0.5000000000000001,-0.433883739117558,-0.9009688679024191,45.223,36.493,68.37554166666666,23.055614225228016,train
2016-10-14 05:00:00,Hog_public_Gerard,Hog,33.843,6.7,1.1,1019.3,5.1,4.0,5,4,0,10,0.9659258262890683,0.25881904510252074,-0.433883739117558,-0.9009688679024191,36.94300000000001,32.247,68.44204166666667,22.948931740751394,train
2016-10-14 06:00:00,Hog_public_Gerard,Hog,32.946,7.2,1.7,1018.1,6.2,4.0,6,4,0,10,1.0,6.123233995736766e-17,-0.433883739117558,-0.9009688679024191,33.843,32.016,68.48079166666666,22.885448376413624,train
2016-10-14 07:00:00,Hog_public_Gerard,Hog,38.074,6.7,1.7,1017.5,5.7,6.0,7,4,0,10,0.9659258262890683,-0.25881904510252063,-0.433883739117558,-0.9009688679024191,32.946,37.333,68.51166666666667,22.8420582386901,train
2016-10-14 08:00:00,Hog_public_Gerard,Hog,66.40100000000001,6.7,2.2,1017.0,5.1,6.0,8,4,0,10,0.8660254037844387,-0.4999999999999998,-0.433883739117558,-0.9009688679024191,38.074,65.041,68.56833333333334,22.83475962624538,train
2016-10-14 09:00:00,Hog_public_Gerard,Hog,81.64699999999998,7.2,2.8,1016.8,4.1,6.0,9,4,0,10,0.7071067811865476,-0.7071067811865475,-0.433883739117558,-0.9009688679024191,66.40100000000001,79.38,68.66279166666668,22.88605891762051,train
2016-10-14 10:00:00,Hog_public_Gerard,Hog,84.76799999999999,8.9,3.3,1016.7,4.6,6.0,10,4,0,10,0.49999999999999994,-0.8660254037844387,-0.433883739117558,-0.9009688679024191,81.64699999999998,82.845,68.74291666666667,22.941170088647006,train
2016-10-14 11:00:00,Hog_public_Gerard,Hog,84.499,11.7,4.4,1015.8,6.7,6.0,11,4,0,10,0.258819045102521,-0.9659258262890682,-0.433883739117558,-0.9009688679024191,84.76799999999999,84.962,68.72362500000001,22.92712853105133,train
2016-10-14 12:00:00,Hog_public_Gerard,Hog,86.405,13.3,6.1,1014.7,6.7,6.0,12,4,0,10,1.2246467991473532e-16,-1.0,-0.433883739117558,-0.9009688679024191,84.499,90.627,68.54770833333333,22.767400977253818,train
2016-10-14 13:00:00,Hog_public_Gerard,Hog,87.456,15.6,7.2,1012.9,8.8,6.0,13,4,0,10,-0.2588190451025208,-0.9659258262890683,-0.433883739117558,-0.9009688679024191,86.405,91.904,68.362375,22.586391976263826,train
2016-10-14 14:00:00,Hog_public_Gerard,Hog,87.117,15.6,8.9,1012.1,11.3,6.0,14,4,0,10,-0.4999999999999997,-0.8660254037844388,-0.433883739117558,-0.9009688679024191,87.456,92.131,68.15345833333333,22.37922005281019,train
2016-10-14 15:00:00,Hog_public_Gerard,Hog,87.648,15.6,9.4,1011.1,10.8,6.0,15,4,0,10,-0.7071067811865471,-0.7071067811865479,-0.433883739117558,-0.9009688679024191,87.117,89.774,68.064875,22.29396416524184,train
2016-10-14 16:00:00,Hog_public_Gerard,Hog,86.39,16.7,10.6,1009.7,11.3,6.0,16,4,0,10,-0.8660254037844385,-0.5000000000000004,-0.433883739117558,-0.9009688679024191,87.648,92.04,67.82945833333333,22.058373902343302,train
2016-10-14 17:00:00,Hog_public_Gerard,Hog,82.475,17.2,11.1,1009.0,7.7,6.0,17,4,0,10,-0.9659258262890683,-0.25881904510252063,-0.433883739117558,-0.9009688679024191,86.39,89.32700000000001,67.54395833333334,21.810990557174275,train
2016-10-14 18:00:00,Hog_public_Gerard,Hog,83.61,16.1,11.1,1008.6,7.7,6.0,18,4,0,10,-1.0,-1.8369701987210297e-16,-0.433883739117558,-0.9009688679024191,82.475,86.87,67.408125,21.69524401961528,train
2016-10-14 19:00:00,Hog_public_Gerard,Hog,47.778,15.6,11.1,1008.4,6.7,6.0,19,4,0,10,-0.9659258262890684,0.2588190451025203,-0.433883739117558,-0.9009688679024191,83.61,79.27,66.09595833333333,21.898022619642237,train
2016-10-14 20:00:00,Hog_public_Gerard,Hog,39.898,16.1,11.1,1008.2,5.1,6.333333333333333,20,4,0,10,-0.8660254037844386,0.5000000000000001,-0.433883739117558,-0.9009688679024191,47.778,95.215,63.791083333333326,21.609130256156487,train
2016-10-14 21:00:00,Hog_public_Gerard,Hog,40.316,16.1,11.7,1008.0,6.7,6.666666666666667,21,4,0,10,-0.7071067811865477,0.7071067811865474,-0.433883739117558,-0.9009688679024191,39.898,85.868,61.89308333333333,21.58621272120076,train
2016-10-14 22:00:00,Hog_public_Gerard,Hog,39.615,16.7,11.7,1008.3,5.7,7.0,22,4,0,10,-0.5000000000000004,0.8660254037844384,-0.433883739117558,-0.9009688679024191,40.316,65.96,60.795375,22.035583270488996,train
2016-10-14 23:00:00,Hog_public_Gerard,Hog,39.032,16.7,11.7,1007.9,6.7,7.333333333333333,23,4,0,10,-0.25881904510252157,0.9659258262890681,-0.433883739117558,-0.9009688679024191,39.615,47.459,60.444250000000004,22.322601194948096,train
2016-10-15 00:00:00,Hog_public_Gerard,Hog,39.099,17.2,12.2,1007.3,4.6,7.666666666666666,0,5,1,10,0.0,1.0,-0.9749279121818236,-0.2225209339563146,39.032,42.837,60.2885,22.463388867027763,train
2016-10-15 01:00:00,Hog_public_Gerard,Hog,34.35,17.2,12.8,1007.0,6.7,8.0,1,5,1,10,0.25881904510252074,0.9659258262890683,-0.9749279121818236,-0.2225209339563146,39.099,47.238,59.75149999999999,22.937967085162597,train
2016-10-15 02:00:00,Hog_public_Gerard,Hog,33.187,17.2,12.8,1006.5,6.7,8.0,2,5,1,10,0.49999999999999994,0.8660254037844387,-0.9749279121818236,-0.2225209339563146,34.35,48.503,59.11333333333334,23.471377045367408,train
2016-10-15 03:00:00,Hog_public_Gerard,Hog,32.582,17.8,13.3,1005.7,5.7,8.0,3,5,1,10,0.7071067811865476,0.7071067811865476,-0.9749279121818236,-0.2225209339563146,33.187,45.223,58.586625,23.933912267293064,train
2016-10-15 04:00:00,Hog_public_Gerard,Hog,32.77,17.8,13.9,1004.8,5.7,8.0,4,5,1,10,0.8660254037844386,0.5000000000000001,-0.9749279121818236,-0.2225209339563146,32.582,36.94300000000001,58.412749999999996,24.11247705207741,train
2016-10-15 05:00:00,Hog_public_Gerard,Hog,32.847,18.9,14.4,1004.1,7.2,8.0,5,5,1,10,0.9659258262890683,0.25881904510252074,-0.9749279121818236,-0.2225209339563146,32.77,33.843,58.371249999999996,24.15741785843346,train
2016-10-15 06:00:00,Hog_public_Gerard,Hog,32.29,18.9,14.4,1004.0,7.2,8.0,6,5,1,10,1.0,6.123233995736766e-17,-0.9749279121818236,-0.2225209339563146,32.847,32.946,58.34391666666667,24.18778850885873,train
2016-10-15 07:00:00,Hog_public_Gerard,Hog,32.603,18.9,14.4,1003.9,5.7,8.0,7,5,1,10,0.9659258262890683,-0.25881904510252063,-0.9749279121818236,-0.2225209339563146,32.29,38.074,58.11595833333333,24.41187140552585,train
2016-10-15 08:00:00,Hog_public_Gerard,Hog,32.845,18.9,14.4,1003.6,6.2,8.0,8,5,1,10,0.8660254037844387,-0.4999999999999998,-0.9749279121818236,-0.2225209339563146,32.603,66.40100000000001,56.71779166666666,24.87330526973989,train
2016-10-15 09:00:00,Hog_public_Gerard,Hog,33.036,18.9,14.4,1003.9,6.7,8.0,9,5,1,10,0.7071067811865476,-0.7071067811865475,-0.9749279121818236,-0.2225209339563146,32.845,81.64699999999998,54.69233333333333,24.73386388293819,train
2016-10-15 10:00:00,Hog_public_Gerard,Hog,38.77,19.4,15.0,1004.0,5.1,8.0,10,5,1,10,0.49999999999999994,-0.8660254037844387,-0.9749279121818236,-0.2225209339563146,33.036,84.76799999999999,52.775749999999995,24.075414568194656,train
2016-10-15 11:00:00,Hog_public_Gerard,Hog,81.529,20.0,15.0,1004.3,6.7,8.0,11,5,1,10,0.258819045102521,-0.9659258262890682,-0.9749279121818236,-0.2225209339563146,38.77,84.499,52.651999999999994,23.912345138024516,train
2016-10-15 12:00:00,Hog_public_Gerard,Hog,84.088,20.6,15.0,1004.3,5.7,8.0,12,5,1,10,1.2246467991473532e-16,-1.0,-0.9749279121818236,-0.2225209339563146,81.529,86.405,52.55545833333333,23.774428306534332,train
2016-10-15 13:00:00,Hog_public_Gerard,Hog,83.75399999999998,20.6,15.0,1005.1,4.6,8.0,13,5,1,10,-0.2588190451025208,-0.9659258262890683,-0.9749279121818236,-0.2225209339563146,84.088,87.456,52.40120833333333,23.549087778841546,train
2016-10-15 14:00:00,Hog_public_Gerard,Hog,81.487,20.6,14.4,1004.8,4.6,2.0,14,5,1,10,-0.4999999999999997,-0.8660254037844388,-0.9749279121818236,-0.2225209339563146,83.75399999999998,87.117,52.166625,23.213887983016722,train
2016-10-15 15:00:00,Hog_public_Gerard,Hog,83.335,20.6,14.4,1004.8,4.1,2.8,15,5,1,10,-0.7071067811865471,-0.7071067811865479,-0.9749279121818236,-0.2225209339563146,81.487,87.648,51.986916666666666,22.942376054721024,train
2016-10-15 16:00:00,Hog_public_Gerard,Hog,84.182,20.6,14.4,1006.0,5.1,3.6,16,5,1,10,-0.8660254037844385,-0.5000000000000004,-0.9749279121818236,-0.2225209339563146,83.335,86.39,51.89491666666667,22.80242011358085,train
2016-10-15 17:00:00,Hog_public_Gerard,Hog,84.779,20.0,13.9,1005.7,2.1,4.4,17,5,1,10,-0.9659258262890683,-0.25881904510252063,-0.9749279121818236,-0.2225209339563146,84.182,82.475,51.990916666666664,22.94119003568969,train
2016-10-15 18:00:00,Hog_public_Gerard,Hog,85.009,18.3,13.3,1006.8,3.6,5.2,18,5,1,10,-1.0,-1.8369701987210297e-16,-0.9749279121818236,-0.2225209339563146,84.779,83.61,52.04920833333333,23.026642840847042,train
2016-10-15 19:00:00,Hog_public_Gerard,Hog,51.07100000000001,17.2,11.7,1007.8,4.6,6.0,19,5,1,10,-0.9659258262890684,0.2588190451025203,-0.9749279121818236,-0.2225209339563146,85.009,47.778,52.186416666666666,23.009890402620005,train
2016-10-15 20:00:00,Hog_public_Gerard,Hog,43.00899999999999,15.0,10.0,1008.8,3.1,2.0,20,5,1,10,-0.8660254037844386,0.5000000000000001,-0.9749279121818236,-0.2225209339563146,51.07100000000001,39.898,52.31604166666667,22.946329463941684,train
2016-10-15 21:00:00,Hog_public_Gerard,Hog,42.833,13.9,8.3,1009.6,2.1,4.0,21,5,1,10,-0.7071067811865477,0.7071067811865474,-0.9749279121818236,-0.2225209339563146,43.00899999999999,40.316,52.42091666666667,22.894793345662332,train
2016-10-15 22:00:00,Hog_public_Gerard,Hog,43.48,13.3,7.8,1010.2,0.0,4.0,22,5,1,10,-0.5000000000000004,0.8660254037844384,-0.9749279121818236,-0.2225209339563146,42.833,39.615,52.58195833333334,22.81425183573373,train
2016-10-15 23:00:00,Hog_public_Gerard,Hog,43.471,12.2,7.8,1010.7,0.0,4.0,23,5,1,10,-0.25881904510252157,0.9659258262890681,-0.9749279121818236,-0.2225209339563146,43.48,39.032,52.76691666666667,22.717412549612245,train
2016-10-16 00:00:00,Hog_public_Gerard,Hog,42.812,11.1,7.8,1011.0,0.0,4.0,0,6,1,10,0.0,1.0,-0.7818314824680299,0.6234898018587334,43.471,39.099,52.921625,22.63277072475556,train
2016-10-16 01:00:00,Hog_public_Gerard,Hog,39.585,11.1,7.2,1011.3,0.0,4.0,1,6,1,10,0.25881904510252074,0.9659258262890683,-0.7818314824680299,0.6234898018587334,42.812,34.35,53.13975,22.47064904201856,train
2016-10-16 02:00:00,Hog_public_Gerard,Hog,38.997,10.0,7.2,1011.4,0.0,4.0,2,6,1,10,0.49999999999999994,0.8660254037844387,-0.7818314824680299,0.6234898018587334,39.585,33.187,53.38183333333333,22.27680623949242,train
2016-10-16 03:00:00,Hog_public_Gerard,Hog,38.241,8.3,6.7,1011.6,0.0,2.0,3,6,1,10,0.7071067811865476,0.7071067811865476,-0.7818314824680299,0.6234898018587334,38.997,32.582,53.617625000000004,22.07612091361151,train
2016-10-16 04:00:00,Hog_public_Gerard,Hog,38.111,8.3,6.7,1011.7,0.0,2.0,4,6,1,10,0.8660254037844386,0.5000000000000001,-0.7818314824680299,0.6234898018587334,38.241,32.77,53.84016666666667,21.88290080060867,train
2016-10-16 05:00:00,Hog_public_Gerard,Hog,38.632,8.3,6.1,1011.8,0.0,0.0,5,6,1,10,0.9659258262890683,0.25881904510252074,-0.7818314824680299,0.6234898018587334,38.111,32.847,54.081208333333336,21.67245481968381,train
2016-10-16 06:00:00,Hog_public_Gerard,Hog,38.028,7.8,6.1,1012.0,1.5,0.0,6,6,1,10,1.0,6.123233995736766e-17,-0.7818314824680299,0.6234898018587334,38.632,32.29,54.32029166666666,21.452139580084076,train
2016-10-16 07:00:00,Hog_public_Gerard,Hog,37.983,7.2,6.1,1012.5,0.0,0.0,7,6,1,10,0.9659258262890683,-0.25881904510252063,-0.7818314824680299,0.6234898018587334,38.028,32.603,54.54445833333333,21.242419675036228,train
2016-10-16 08:00:00,Hog_public_Gerard,Hog,38.197,7.8,5.6,1012.8,0.0,4.0,8,6,1,10,0.8660254037844387,-0.4999999999999998,-0.7818314824680299,0.6234898018587334,37.983,32.845,54.76745833333333,21.0317652714406,train
2016-10-16 09:00:00,Hog_public_Gerard,Hog,37.076,10.0,7.2,1012.8,2.1,4.4,9,6,1,10,0.7071067811865476,-0.7071067811865475,-0.7818314824680299,0.6234898018587334,38.197,33.036,54.93579166666666,20.865782067838726,train
2016-10-16 10:00:00,Hog_public_Gerard,Hog,36.465,11.1,7.8,1013.0,2.1,4.8,10,6,1,10,0.49999999999999994,-0.8660254037844387,-0.7818314824680299,0.6234898018587334,37.076,38.77,54.83975,20.948566162928973,train
2016-10-16 11:00:00,Hog_public_Gerard,Hog,34.792,15.0,8.3,1012.6,4.1,5.2,11,6,1,10,0.258819045102521,-0.9659258262890682,-0.7818314824680299,0.6234898018587334,36.465,81.529,52.892374999999994,20.52777281765524,train
2016-10-16 12:00:00,Hog_public_Gerard,Hog,66.255,18.3,6.1,1011.4,9.3,5.6,12,6,1,10,1.2246467991473532e-16,-1.0,-0.7818314824680299,0.6234898018587334,34.792,84.088,52.14933333333334,19.65363067833993,train
2016-10-16 13:00:00,Hog_public_Gerard,Hog,81.245,18.9,6.7,1011.1,5.7,6.0,13,6,1,10,-0.2588190451025208,-0.9659258262890683,-0.7818314824680299,0.6234898018587334,66.255,83.75399999999998,52.04479166666667,19.48415202376408,train
2016-10-16 14:00:00,Hog_public_Gerard,Hog,81.017,19.4,6.1,1010.2,5.7,6.333333333333333,14,6,1,10,-0.4999999999999997,-0.8660254037844388,-0.7818314824680299,0.6234898018587334,81.245,81.487,52.02520833333333,19.45348539460714,train
2016-10-16 15:00:00,Hog_public_Gerard,Hog,84.417,19.4,5.6,1009.1,5.7,6.666666666666667,15,6,1,10,-0.7071067811865471,-0.7071067811865479,-0.7818314824680299,0.6234898018587334,81.017,83.335,52.07029166666666,19.530302536625136,train
2016-10-16 16:00:00,Hog_public_Gerard,Hog,84.76299999999998,19.4,6.7,1008.0,5.1,7.0,16,6,1,10,-0.8660254037844385,-0.5000000000000004,-0.7818314824680299,0.6234898018587334,84.417,84.182,52.094500000000004,19.572151684605913,train
2016-10-16 17:00:00,Hog_public_Gerard,Hog,85.29899999999998,19.4,7.8,1006.6,5.1,7.333333333333333,17,6,1,10,-0.9659258262890683,-0.25881904510252063,-0.7818314824680299,0.6234898018587334,84.76299999999998,84.779,52.116166666666665,19.610157981463985,train
2016-10-16 18:00:00,Hog_public_Gerard,Hog,85.14399999999998,18.9,7.2,1004.8,6.7,7.666666666666666,18,6,1,10,-1.0,-1.8369701987210297e-16,-0.7818314824680299,0.6234898018587334,85.29899999999998,85.009,52.12179166666666,19.620020099221232,train
2016-10-16 19:00:00,Hog_public_Gerard,Hog,64.223,18.3,6.7,1003.6,6.7,8.0,19,6,1,10,-0.9659258262890684,0.2588190451025203,-0.7818314824680299,0.6234898018587334,85.14399999999998,51.07100000000001,52.66979166666667,19.772474415710644,train
2016-10-16 20:00:00,Hog_public_Gerard,Hog,62.542,18.3,7.8,1004.3,6.2,8.0,20,6,1,10,-0.8660254037844386,0.5000000000000001,-0.7818314824680299,0.6234898018587334,64.223,43.00899999999999,53.483666666666664,19.75953188291383,train
2016-10-16 21:00:00,Hog_public_Gerard,Hog,59.44,18.3,9.4,1003.9,5.1,8.0,21,6,1,10,-0.7071067811865477,0.7071067811865474,-0.7818314824680299,0.6234898018587334,62.542,42.833,54.175625,19.660873924166253,train
2016-10-16 22:00:00,Hog_public_Gerard,Hog,62.053,17.8,11.7,1002.0999999999999,7.2,8.0,22,6,1,10,-0.5000000000000004,0.8660254037844384,-0.7818314824680299,0.6234898018587334,59.44,43.48,54.94949999999999,19.58696618761533,train
2016-10-16 23:00:00,Hog_public_Gerard,Hog,41.268,17.8,13.9,1000.3,3.6,8.0,23,6,1,10,-0.25881904510252157,0.9659258262890681,-0.7818314824680299,0.6234898018587334,62.053,43.471,54.85770833333333,19.64816385376199,train
2016-10-17 00:00:00,Hog_public_Gerard,Hog,39.737,19.4,16.1,999.4,5.1,8.0,0,0,0,10,0.0,1.0,0.0,1.0,41.268,42.812,54.72958333333333,19.73994034596667,train
2016-10-17 01:00:00,Hog_public_Gerard,Hog,42.81800000000001,20.6,17.2,998.5,4.6,8.0,1,0,0,10,0.25881904510252074,0.9659258262890683,0.0,1.0,39.737,39.585,54.86429166666667,19.64289066321166,train
2016-10-17 02:00:00,Hog_public_Gerard,Hog,47.07899999999999,20.6,17.2,998.4,3.1,8.0,2,0,0,10,0.49999999999999994,0.8660254037844387,0.0,1.0,42.81800000000001,38.997,55.20104166666666,19.42713335714904,train
2016-10-17 03:00:00,Hog_public_Gerard,Hog,43.958,21.1,17.8,998.5,3.1,8.0,3,0,0,10,0.7071067811865476,0.7071067811865476,0.0,1.0,47.07899999999999,38.241,55.439249999999994,19.244323698962205,train
2016-10-17 04:00:00,Hog_public_Gerard,Hog,36.309,20.0,17.2,998.6,3.1,8.0,4,0,0,10,0.8660254037844386,0.5000000000000001,0.0,1.0,43.958,38.111,55.36416666666667,19.318244129109864,train
2016-10-17 05:00:00,Hog_public_Gerard,Hog,31.509,18.9,16.7,998.5,2.1,8.0,5,0,0,10,0.9659258262890683,0.25881904510252074,0.0,1.0,36.309,38.632,55.067375,19.638542761869736,train
2016-10-17 06:00:00,Hog_public_Gerard,Hog,29.719,18.9,16.7,999.2,3.1,8.0,6,0,0,10,1.0,6.123233995736766e-17,0.0,1.0,31.509,38.028,54.72116666666667,20.021496590168994,train
2016-10-17 07:00:00,Hog_public_Gerard,Hog,35.667,18.3,16.7,999.5,2.6,8.0,7,0,0,10,0.9659258262890683,-0.25881904510252063,0.0,1.0,29.719,37.983,54.62466666666666,20.11106016418677,train
2016-10-17 08:00:00,Hog_public_Gerard,Hog,64.282,18.3,16.1,999.2,2.6,8.0,8,0,0,10,0.8660254037844387,-0.4999999999999998,0.0,1.0,35.667,38.197,55.71154166666667,19.888279006094994,train
2016-10-17 09:00:00,Hog_public_Gerard,Hog,77.646,18.3,16.1,998.75,0.0,8.0,9,0,0,10,0.7071067811865476,-0.7071067811865475,0.0,1.0,64.282,37.076,57.40195833333333,19.959481354852713,train
2016-10-17 10:00:00,Hog_public_Gerard,Hog,83.256,19.4,16.1,998.3,3.1,8.0,10,0,0,10,0.49999999999999994,-0.8660254037844387,0.0,1.0,77.646,36.465,59.35158333333333,20.11014339541268,train
2016-10-17 11:00:00,Hog_public_Gerard,Hog,89.15700000000002,19.4,16.1,997.8,2.1,8.0,11,0,0,10,0.258819045102521,-0.9659258262890682,0.0,1.0,83.256,34.792,61.616791666666664,20.284554659575857,train
2016-10-17 12:00:00,Hog_public_Gerard,Hog,93.081,20.0,16.1,997.1,3.1,8.0,12,0,0,10,1.2246467991473532e-16,-1.0,0.0,1.0,89.15700000000002,66.255,62.734541666666665,21.26658053496997,train
2016-10-17 13:00:00,Hog_public_Gerard,Hog,92.192,20.6,16.1,996.4,3.1,8.0,13,0,0,10,-0.2588190451025208,-0.9659258262890683,0.0,1.0,93.081,81.245,63.190666666666665,21.791764379086526,train
2016-10-17 14:00:00,Hog_public_Gerard,Hog,88.719,21.7,16.7,995.3,3.1,8.0,14,0,0,10,-0.4999999999999997,-0.8660254037844388,0.0,1.0,92.192,81.017,63.511583333333334,22.119938695796563,train
2016-10-17 15:00:00,Hog_public_Gerard,Hog,86.47399999999998,21.1,16.1,994.1,5.1,8.0,15,0,0,10,-0.7071067811865471,-0.7071067811865479,0.0,1.0,88.719,84.417,63.59729166666667,22.20827171882855,train
2016-10-17 16:00:00,Hog_public_Gerard,Hog,92.692,17.8,15.6,994.1,4.1,8.0,16,0,0,10,-0.8660254037844385,-0.5000000000000004,0.0,1.0,86.47399999999998,84.76299999999998,63.927666666666674,22.592480427878186,train
2016-10-17 17:00:00,Hog_public_Gerard,Hog,90.193,16.7,15.0,993.9,4.6,8.0,17,0,0,10,-0.9659258262890683,-0.25881904510252063,0.0,1.0,92.692,85.29899999999998,64.13158333333334,22.814754790851197,train
2016-10-17 18:00:00,Hog_public_Gerard,Hog,88.734,15.6,13.9,994.3,6.2,8.0,18,0,0,10,-1.0,-1.8369701987210297e-16,0.0,1.0,90.193,85.14399999999998,64.28116666666666,22.96975334361838,train
2016-10-17 19:00:00,Hog_public_Gerard,Hog,88.97,15.0,13.3,994.7,4.1,8.0,19,0,0,10,-0.9659258262890684,0.2588190451025203,0.0,1.0,88.734,64.223,65.31229166666667,23.515987103095878,train
2016-10-17 20:00:00,Hog_public_Gerard,Hog,85.838,14.4,12.8,995.3,4.6,8.0,20,0,0,10,-0.8660254037844386,0.5000000000000001,0.0,1.0,88.97,62.542,66.28295833333333,23.874723283584963,train
2016-10-17 21:00:00,Hog_public_Gerard,Hog,87.02600000000002,14.4,12.2,996.7,3.1,8.0,21,0,0,10,-0.7071067811865477,0.7071067811865474,0.0,1.0,85.838,59.44,67.432375,24.192880163229663,train
2016-10-17 22:00:00,Hog_public_Gerard,Hog,66.058,13.9,11.1,997.1,3.6,8.0,22,0,0,10,-0.5000000000000004,0.8660254037844384,0.0,1.0,87.02600000000002,62.053,67.59925,24.167961419039337,train
2016-10-17 23:00:00,Hog_public_Gerard,Hog,49.7,12.8,10.6,997.3,5.1,8.0,23,0,0,10,-0.25881904510252157,0.9659258262890681,0.0,1.0,66.058,41.268,67.95058333333334,23.827426872913865,train
2016-10-18 00:00:00,Hog_public_Gerard,Hog,41.23,12.2,10.6,997.5,7.2,8.0,0,1,0,10,0.0,1.0,0.7818314824680298,0.6234898018587336,49.7,39.737,68.01279166666667,23.752395443460774,train
2016-10-18 01:00:00,Hog_public_Gerard,Hog,45.504,12.2,10.6,999.8,4.6,8.0,1,1,0,10,0.25881904510252074,0.9659258262890683,0.7818314824680298,0.6234898018587336,41.23,42.81800000000001,68.12470833333333,23.634556701500646,train
2016-10-18 02:00:00,Hog_public_Gerard,Hog,48.462,12.2,10.6,1000.3,4.1,6.8,2,1,0,10,0.49999999999999994,0.8660254037844387,0.7818314824680298,0.6234898018587336,45.504,47.07899999999999,68.18233333333333,23.58264172366333,train
2016-10-18 03:00:00,Hog_public_Gerard,Hog,46.225,12.2,10.6,1001.2,3.1,5.6,3,1,0,10,0.7071067811865476,0.7071067811865476,0.7818314824680298,0.6234898018587336,48.462,43.958,68.27679166666667,23.485735550457306,train
2016-10-18 04:00:00,Hog_public_Gerard,Hog,38.915,11.7,10.6,1001.6,1.5,4.4,4,1,0,10,0.8660254037844386,0.5000000000000001,0.7818314824680298,0.6234898018587336,46.225,36.309,68.385375,23.337064145693585,train
2016-10-18 05:00:00,Hog_public_Gerard,Hog,33.167,11.7,10.6,1002.3,1.5,3.2,5,1,0,10,0.9659258262890683,0.25881904510252074,0.7818314824680298,0.6234898018587336,38.915,31.509,68.45445833333333,23.22534158681579,train
2016-10-18 06:00:00,Hog_public_Gerard,Hog,33.223,11.1,10.0,1003.6,2.6,2.0,6,1,0,10,1.0,6.123233995736766e-17,0.7818314824680298,0.6234898018587336,33.167,29.719,68.60045833333334,22.98098235683463,train
2016-10-18 07:00:00,Hog_public_Gerard,Hog,38.057,11.1,9.4,1004.4,3.6,0.0,7,1,0,10,0.9659258262890683,-0.25881904510252063,0.7818314824680298,0.6234898018587336,33.223,35.667,68.70004166666666,22.836793174096243,train
2016-10-18 08:00:00,Hog_public_Gerard,Hog,68.152,11.1,9.4,1005.3,1.5,0.0,8,1,0,10,0.8660254037844387,-0.4999999999999998,0.7818314824680298,0.6234898018587336,38.057,64.282,68.86129166666667,22.817896329662634,train
2016-10-18 09:00:00,Hog_public_Gerard,Hog,84.90799999999999,12.2,9.4,1006.2,3.1,0.0,9,1,0,10,0.7071067811865476,-0.7071067811865475,0.7818314824680298,0.6234898018587336,68.152,77.646,69.163875,22.986976865574942,train
2016-10-18 10:00:00,Hog_public_Gerard,Hog,84.647,13.3,9.4,1007.2,3.6,2.0,10,1,0,10,0.49999999999999994,-0.8660254037844387,0.7818314824680298,0.6234898018587336,84.90799999999999,83.256,69.22183333333334,23.02577381726958,train
2016-10-18 11:00:00,Hog_public_Gerard,Hog,87.264,14.4,9.4,1008.0,4.1,2.0,11,1,0,10,0.258819045102521,-0.9659258262890682,0.7818314824680298,0.6234898018587336,84.647,89.15700000000002,69.14295833333334,22.95765816620782,train
2016-10-18 12:00:00,Hog_public_Gerard,Hog,87.212,15.6,9.4,1008.5,3.6,0.0,12,1,0,10,1.2246467991473532e-16,-1.0,0.7818314824680298,0.6234898018587336,87.264,93.081,68.89841666666666,22.721631895459293,train
2016-10-18 13:00:00,Hog_public_Gerard,Hog,90.322,17.2,8.3,1008.7,4.1,0.0,13,1,0,10,-0.2588190451025208,-0.9659258262890683,0.7818314824680298,0.6234898018587336,87.212,92.192,68.8205,22.641345387510018,train
2016-10-18 14:00:00,Hog_public_Gerard,Hog,90.717,18.3,8.3,1008.5,4.6,2.0,14,1,0,10,-0.4999999999999997,-0.8660254037844388,0.7818314824680298,0.6234898018587336,90.322,88.719,68.90374999999999,22.721223614574054,train
2016-10-18 15:00:00,Hog_public_Gerard,Hog,92.197,18.9,7.2,1009.0,6.2,2.0,15,1,0,10,-0.7071067811865471,-0.7071067811865479,0.7818314824680298,0.6234898018587336,90.717,86.47399999999998,69.14220833333333,22.94259298104379,train
2016-10-18 16:00:00,Hog_public_Gerard,Hog,92.751,18.9,6.7,1009.5,4.1,2.0,16,1,0,10,-0.8660254037844385,-0.5000000000000004,0.7818314824680298,0.6234898018587336,92.197,92.692,69.14466666666667,22.94522909900436,train
2016-10-18 17:00:00,Hog_public_Gerard,Hog,90.598,18.9,5.6,1009.9,5.1,2.0,17,1,0,10,-0.9659258262890683,-0.25881904510252063,0.7818314824680298,0.6234898018587336,92.751,90.193,69.16154166666666,22.961525214412497,train
2016-10-18 18:00:00,Hog_public_Gerard,Hog,88.12700000000002,17.2,6.1,1010.5,4.1,2.0,18,1,0,10,-1.0,-1.8369701987210297e-16,0.7818314824680298,0.6234898018587336,90.598,88.734,69.13625,22.939352798288517,train
2016-10-18 19:00:00,Hog_public_Gerard,Hog,88.52,16.1,5.0,1011.4,2.6,2.0,19,1,0,10,-0.9659258262890684,0.2588190451025203,0.7818314824680298,0.6234898018587336,88.12700000000002,88.97,69.11749999999999,22.92261418432631,train
2016-10-18 20:00:00,Hog_public_Gerard,Hog,92.47,14.4,5.6,1012.2,2.6,2.0,20,1,0,10,-0.8660254037844386,0.5000000000000001,0.7818314824680298,0.6234898018587336,88.52,85.838,69.39383333333333,23.171567132205755,train
2016-10-18 21:00:00,Hog_public_Gerard,Hog,89.323,13.3,5.6,1012.8,2.1,2.0,21,1,0,10,-0.7071067811865477,0.7071067811865474,0.7818314824680298,0.6234898018587336,92.47,87.02600000000002,69.48954166666667,23.25216546994421,train
2016-10-18 22:00:00,Hog_public_Gerard,Hog,66.873,12.8,5.6,1013.3,2.1,0.0,22,1,0,10,-0.5000000000000004,0.8660254037844384,0.7818314824680298,0.6234898018587336,89.323,66.058,69.5235,23.247530690750587,train
2016-10-18 23:00:00,Hog_public_Gerard,Hog,56.69600000000001,11.7,6.1,1013.7,1.5,2.0,23,1,0,10,-0.25881904510252157,0.9659258262890681,0.7818314824680298,0.6234898018587336,66.873,49.7,69.815,23.031010270653688,train
2016-10-19 00:00:00,Hog_public_Gerard,Hog,51.577,11.1,6.1,1014.3,2.6,2.0,0,2,0,10,0.0,1.0,0.9749279121818236,-0.22252093395631434,56.69600000000001,41.23,70.24612499999999,22.564778780623513,train
2016-10-19 01:00:00,Hog_public_Gerard,Hog,49.484,11.1,6.1,1014.3,2.6,0.0,1,2,0,10,0.25881904510252074,0.9659258262890683,0.9749279121818236,-0.22252093395631434,51.577,45.504,70.41195833333333,22.38897789864498,train
2016-10-19 02:00:00,Hog_public_Gerard,Hog,48.694,10.6,5.6,1014.8,0.0,0.0,2,2,0,10,0.49999999999999994,0.8660254037844387,0.9749279121818236,-0.22252093395631434,49.484,48.462,70.421625,22.379136655866674,train
2016-10-19 03:00:00,Hog_public_Gerard,Hog,47.072,9.4,5.6,1015.7,1.5,0.0,3,2,0,10,0.7071067811865476,0.7071067811865476,0.9749279121818236,-0.22252093395631434,48.694,46.225,70.45691666666666,22.339953345318637,train
2016-10-19 04:00:00,Hog_public_Gerard,Hog,39.228,8.9,5.6,1015.9,0.0,0.0,4,2,0,10,0.8660254037844386,0.5000000000000001,0.9749279121818236,-0.22252093395631434,47.072,38.915,70.46995833333334,22.320822315144984,train
2016-10-19 05:00:00,Hog_public_Gerard,Hog,32.478,8.9,5.6,1016.9,2.6,0.0,5,2,0,10,0.9659258262890683,0.25881904510252074,0.9749279121818236,-0.22252093395631434,39.228,33.167,70.44125000000001,22.371272262221332,train
2016-10-19 06:00:00,Hog_public_Gerard,Hog,31.904,8.9,5.6,1017.3,0.0,3.0,6,2,0,10,1.0,6.123233995736766e-17,0.9749279121818236,-0.22252093395631434,32.478,33.223,70.38629166666668,22.46809035340169,train
2016-10-19 07:00:00,Hog_public_Gerard,Hog,38.086,8.3,5.6,1018.0,1.5,6.0,7,2,0,10,0.9659258262890683,-0.25881904510252063,0.9749279121818236,-0.22252093395631434,31.904,38.057,70.3875,22.466276797245104,train
2016-10-19 08:00:00,Hog_public_Gerard,Hog,63.942,8.3,5.6,1018.9,0.0,4.0,8,2,0,10,0.8660254037844387,-0.4999999999999998,0.9749279121818236,-0.22252093395631434,38.086,68.152,70.21208333333334,22.500899641756654,train
2016-10-19 09:00:00,Hog_public_Gerard,Hog,82.398,8.9,6.1,1019.8,4.1,4.0,9,2,0,10,0.7071067811865476,-0.7071067811865475,0.9749279121818236,-0.22252093395631434,63.942,84.90799999999999,70.1075,22.435361492615776,train
2016-10-19 10:00:00,Hog_public_Gerard,Hog,84.242,10.0,5.6,1020.7,3.6,4.0,10,2,0,10,0.49999999999999994,-0.8660254037844387,0.9749279121818236,-0.22252093395631434,82.398,84.647,70.090625,22.424099456131504,train
2016-10-19 11:00:00,Hog_public_Gerard,Hog,89.428,11.1,5.6,1021.3,3.1,4.666666666666667,11,2,0,10,0.258819045102521,-0.9659258262890682,0.9749279121818236,-0.22252093395631434,84.242,87.264,70.18079166666668,22.5003764026084,train
2016-10-19 12:00:00,Hog_public_Gerard,Hog,91.865,11.7,5.6,1022.0,4.6,5.333333333333333,12,2,0,10,1.2246467991473532e-16,-1.0,0.9749279121818236,-0.22252093395631434,89.428,87.212,70.37466666666667,22.67289160259862,train
2016-10-19 13:00:00,Hog_public_Gerard,Hog,94.405,12.2,5.0,1022.0,5.7,6.0,13,2,0,10,-0.2588190451025208,-0.9659258262890683,0.9749279121818236,-0.22252093395631434,91.865,90.322,70.54479166666667,22.84374760425449,train
2016-10-19 14:00:00,Hog_public_Gerard,Hog,94.525,13.3,5.6,1021.8,4.6,4.0,14,2,0,10,-0.4999999999999997,-0.8660254037844388,0.9749279121818236,-0.22252093395631434,94.405,90.717,70.70345833333333,23.002622445918888,train
2016-10-19 15:00:00,Hog_public_Gerard,Hog,96.041,12.2,5.0,1021.9,5.7,4.0,15,2,0,10,-0.7071067811865471,-0.7071067811865479,0.9749279121818236,-0.22252093395631434,94.525,92.197,70.863625,23.171550875668515,train
2016-10-19 16:00:00,Hog_public_Gerard,Hog,97.894,11.7,5.0,1022.1,5.7,4.0,16,2,0,10,-0.8660254037844385,-0.5000000000000004,0.9749279121818236,-0.22252093395631434,96.041,92.751,71.07791666666667,23.405368759653435,train
2016-10-19 17:00:00,Hog_public_Gerard,Hog,96.433,11.1,3.9,1022.1,5.1,4.0,17,2,0,10,-0.9659258262890683,-0.25881904510252063,0.9749279121818236,-0.22252093395631434,97.894,90.598,71.32104166666667,23.646019573996785,train
2016-10-19 18:00:00,Hog_public_Gerard,Hog,92.25,9.4,2.8,1022.7,5.7,4.0,18,2,0,10,-1.0,-1.8369701987210297e-16,0.9749279121818236,-0.22252093395631434,96.433,88.12700000000002,71.49283333333334,23.787976798057585,train
2016-10-19 19:00:00,Hog_public_Gerard,Hog,90.779,8.9,2.8,1023.6,4.6,4.0,19,2,0,10,-0.9659258262890684,0.2588190451025203,0.9749279121818236,-0.22252093395631434,92.25,88.52,71.58695833333334,23.86263179748903,train
2016-10-19 20:00:00,Hog_public_Gerard,Hog,90.212,7.8,1.7,1024.2,5.7,4.0,20,2,0,10,-0.8660254037844386,0.5000000000000001,0.9749279121818236,-0.22252093395631434,90.779,92.47,71.49287500000001,23.781028081978878,train
2016-10-19 21:00:00,Hog_public_Gerard,Hog,87.35799999999998,7.2,1.7,1025.2,6.7,4.8,21,2,0,10,-0.7071067811865477,0.7071067811865474,0.9749279121818236,-0.22252093395631434,90.212,89.323,71.411,23.72027730243359,train
2016-10-19 22:00:00,Hog_public_Gerard,Hog,66.839,7.2,0.6,1025.5,6.2,5.6,22,2,0,10,-0.5000000000000004,0.8660254037844384,0.9749279121818236,-0.22252093395631434,87.35799999999998,66.873,71.40958333333333,23.720561126724323,train
2016-10-19 23:00:00,Hog_public_Gerard,Hog,48.619,6.1,0.0,1026.1,6.2,6.4,23,2,0,10,-0.25881904510252157,0.9659258262890681,0.9749279121818236,-0.22252093395631434,66.839,56.69600000000001,71.07304166666667,23.994110120536828,train
2016-10-20 00:00:00,Hog_public_Gerard,Hog,43.985,6.1,-0.6,1025.9,4.6,7.2,0,3,0,10,0.0,1.0,0.43388373911755823,-0.900968867902419,48.619,51.577,70.75670833333334,24.310279744566014,train
2016-10-20 01:00:00,Hog_public_Gerard,Hog,46.567,6.1,-0.6,1026.0,4.1,8.0,1,3,0,10,0.25881904510252074,0.9659258262890683,0.43388373911755823,-0.900968867902419,43.985,49.484,70.63516666666668,24.428264510899897,train
2016-10-20 02:00:00,Hog_public_Gerard,Hog,49.429,6.1,-0.6,1026.0,3.6,6.8,2,3,0,10,0.49999999999999994,0.8660254037844387,0.43388373911755823,-0.900968867902419,46.567,48.694,70.66579166666666,24.400005935457493,train
2016-10-20 03:00:00,Hog_public_Gerard,Hog,47.485,6.1,-0.6,1026.4,3.6,5.6,3,3,0,10,0.7071067811865476,0.7071067811865476,0.43388373911755823,-0.900968867902419,49.429,47.072,70.683,24.382782282300873,train
2016-10-20 04:00:00,Hog_public_Gerard,Hog,38.218,6.1,-0.6,1026.7,3.6,4.4,4,3,0,10,0.8660254037844386,0.5000000000000001,0.43388373911755823,-0.900968867902419,47.485,39.228,70.64091666666667,24.44023620094473,train
2016-10-20 05:00:00,Hog_public_Gerard,Hog,32.646,6.1,-0.6,1027.2,4.6,3.2,5,3,0,10,0.9659258262890683,0.25881904510252074,0.43388373911755823,-0.900968867902419,38.218,32.478,70.64791666666666,24.42885202221314,train
2016-10-20 06:00:00,Hog_public_Gerard,Hog,32.769,5.0,0.0,1027.8,2.1,2.0,6,3,0,10,1.0,6.123233995736766e-17,0.43388373911755823,-0.900968867902419,32.646,31.904,70.68395833333334,24.369771661307656,train
2016-10-20 07:00:00,Hog_public_Gerard,Hog,38.02,3.9,-0.6,1028.1,3.1,0.0,7,3,0,10,0.9659258262890683,-0.25881904510252063,0.43388373911755823,-0.900968867902419,32.769,38.086,70.68120833333333,24.373613524856268,train
2016-10-20 08:00:00,Hog_public_Gerard,Hog,67.12899999999999,3.9,-0.6,1028.2,2.6,2.0,8,3,0,10,0.8660254037844387,-0.4999999999999998,0.43388373911755823,-0.900968867902419,38.02,63.942,70.814,24.34396441759673,train
2016-10-20 09:00:00,Hog_public_Gerard,Hog,82.34899999999998,5.6,-0.6,1028.6,4.6,2.0,9,3,0,10,0.7071067811865476,-0.7071067811865475,0.43388373911755823,-0.900968867902419,67.12899999999999,82.398,70.81195833333332,24.34295269053939,train
2016-10-20 10:00:00,Hog_public_Gerard,Hog,85.10600000000002,6.7,0.0,1028.5,3.1,2.0,10,3,0,10,0.49999999999999994,-0.8660254037844387,0.43388373911755823,-0.900968867902419,82.34899999999998,84.242,70.84795833333332,24.36430697892727,train
2016-10-20 11:00:00,Hog_public_Gerard,Hog,87.087,7.8,-0.6,1028.4,4.6,2.0,11,3,0,10,0.258819045102521,-0.9659258262890682,0.43388373911755823,-0.900968867902419,85.10600000000002,89.428,70.75041666666665,24.29126487822436,train
2016-10-20 12:00:00,Hog_public_Gerard,Hog,89.12799999999999,9.4,-1.1,1028.2,4.6,4.0,12,3,0,10,1.2246467991473532e-16,-1.0,0.43388373911755823,-0.900968867902419,87.087,91.865,70.636375,24.194057340437748,train
2016-10-20 13:00:00,Hog_public_Gerard,Hog,92.326,10.0,-1.1,1027.6,5.7,4.0,13,3,0,10,-0.2588190451025208,-0.9659258262890683,0.43388373911755823,-0.900968867902419,89.12799999999999,94.405,70.54975,24.10882722022747,train
2016-10-20 14:00:00,Hog_public_Gerard,Hog,94.91,10.0,-1.1,1027.1,4.1,2.0,14,3,0,10,-0.4999999999999997,-0.8660254037844388,0.43388373911755823,-0.900968867902419,92.326,94.525,70.56579166666667,24.1255958610427,train
2016-10-20 15:00:00,Hog_public_Gerard,Hog,94.644,10.6,-1.1,1026.5,7.2,2.0,15,3,0,10,-0.7071067811865471,-0.7071067811865479,0.43388373911755823,-0.900968867902419,94.91,96.041,70.50758333333333,24.063063160961118,train
2016-10-20 16:00:00,Hog_public_Gerard,Hog,94.899,10.0,-1.7,1026.3,6.7,4.0,16,3,0,10,-0.8660254037844385,-0.5000000000000004,0.43388373911755823,-0.900968867902419,94.644,97.894,70.38279166666668,23.922215287448953,train
2016-10-20 17:00:00,Hog_public_Gerard,Hog,93.328,10.0,-1.7,1026.2,6.7,4.0,17,3,0,10,-0.9659258262890683,-0.25881904510252063,0.43388373911755823,-0.900968867902419,94.899,96.433,70.25341666666667,23.783198636517678,train
2016-10-20 18:00:00,Hog_public_Gerard,Hog,88.024,8.9,-1.7,1026.4,4.1,2.0,18,3,0,10,-1.0,-1.8369701987210297e-16,0.43388373911755823,-0.900968867902419,93.328,92.25,70.07733333333333,23.628402387006982,train
2016-10-20 19:00:00,Hog_public_Gerard,Hog,89.12299999999998,7.8,-2.2,1026.7,2.1,2.0,19,3,0,10,-0.9659258262890684,0.2588190451025203,0.43388373911755823,-0.900968867902419,88.024,90.779,70.00833333333333,23.56766054071378,train
2016-10-20 20:00:00,Hog_public_Gerard,Hog,88.569,7.2,-1.7,1026.5,2.6,2.0,20,3,0,10,-0.8660254037844386,0.5000000000000001,0.43388373911755823,-0.900968867902419,89.12299999999998,90.212,69.93987499999999,23.508734787978703,train
2016-10-20 21:00:00,Hog_public_Gerard,Hog,85.361,6.1,-1.7,1026.6,1.5,2.0,21,3,0,10,-0.7071067811865477,0.7071067811865474,0.43388373911755823,-0.900968867902419,88.569,87.35799999999998,69.85666666666667,23.44785881698898,train
2016-10-20 22:00:00,Hog_public_Gerard,Hog,66.078,6.1,-1.7,1026.8,0.0,2.0,22,3,0,10,-0.5000000000000004,0.8660254037844384,0.43388373911755823,-0.900968867902419,85.361,66.839,69.82495833333333,23.45263106678457,train
2016-10-20 23:00:00,Hog_public_Gerard,Hog,54.418,5.0,-1.1,1026.8,1.5,2.0,23,3,0,10,-0.25881904510252157,0.9659258262890681,0.43388373911755823,-0.900968867902419,66.078,48.619,70.06658333333333,23.253682554395084,train
2016-10-21 00:00:00,Hog_public_Gerard,Hog,51.635,4.4,-0.6,1026.5,0.0,4.0,0,4,0,10,0.0,1.0,-0.433883739117558,-0.9009688679024191,54.418,43.985,70.38533333333332,22.930814791770725,train
2016-10-21 01:00:00,Hog_public_Gerard,Hog,45.881,5.0,0.0,1026.1,1.5,8.0,1,4,0,10,0.25881904510252074,0.9659258262890683,-0.433883739117558,-0.9009688679024191,51.635,46.567,70.35674999999999,22.962201343588045,train
2016-10-21 02:00:00,Hog_public_Gerard,Hog,42.218,5.0,0.0,1025.6,1.5,6.0,2,4,0,10,0.49999999999999994,0.8660254037844387,-0.433883739117558,-0.9009688679024191,45.881,49.429,70.05629166666667,23.292743606911518,train
2016-10-21 03:00:00,Hog_public_Gerard,Hog,43.764,6.1,-0.6,1025.5,0.0,4.0,3,4,0,10,0.7071067811865476,0.7071067811865476,-0.433883739117558,-0.9009688679024191,42.218,47.485,69.90124999999999,23.461289386432103,train
2016-10-21 04:00:00,Hog_public_Gerard,Hog,37.637,5.6,-0.6,1025.3,0.0,2.0,4,4,0,10,0.8660254037844386,0.5000000000000001,-0.433883739117558,-0.9009688679024191,43.764,38.218,69.87704166666666,23.495677423876987,train
2016-10-21 05:00:00,Hog_public_Gerard,Hog,32.818000000000005,5.6,-1.1,1025.0,2.6,0.0,5,4,0,10,0.9659258262890683,0.25881904510252074,-0.433883739117558,-0.9009688679024191,37.637,32.646,69.88420833333333,23.483850693391222,train
2016-10-21 06:00:00,Hog_public_Gerard,Hog,33.316,4.4,-1.1,1025.1,2.1,2.0,6,4,0,10,1.0,6.123233995736766e-17,-0.433883739117558,-0.9009688679024191,32.818000000000005,32.769,69.907,23.44649904523614,train
2016-10-21 07:00:00,Hog_public_Gerard,Hog,38.822,4.4,-1.1,1024.9,1.5,6.0,7,4,0,10,0.9659258262890683,-0.25881904510252063,-0.433883739117558,-0.9009688679024191,33.316,38.02,69.94041666666666,23.39960140670674,train
2016-10-21 08:00:00,Hog_public_Gerard,Hog,66.542,4.4,-1.1,1024.8,2.1,4.0,8,4,0,10,0.8660254037844387,-0.4999999999999998,-0.433883739117558,-0.9009688679024191,38.822,67.12899999999999,69.91595833333334,23.40297433062571,train
2016-10-21 09:00:00,Hog_public_Gerard,Hog,80.57600000000002,4.4,0.0,1024.6,2.6,4.0,9,4,0,10,0.7071067811865476,-0.7071067811865475,-0.433883739117558,-0.9009688679024191,66.542,82.34899999999998,69.84208333333333,23.36478840499403,train
2016-10-21 10:00:00,Hog_public_Gerard,Hog,83.242,6.7,0.6,1024.5,2.6,2.0,10,4,0,10,0.49999999999999994,-0.8660254037844387,-0.433883739117558,-0.9009688679024191,80.57600000000002,85.10600000000002,69.76441666666666,23.31488850669693,train
2016-10-21 11:00:00,Hog_public_Gerard,Hog,84.831,8.3,-0.6,1024.3,3.6,4.0,11,4,0,10,0.258819045102521,-0.9659258262890682,-0.433883739117558,-0.9009688679024191,83.242,87.087,69.67041666666667,23.24645889427435,train
2016-10-21 12:00:00,Hog_public_Gerard,Hog,88.09299999999998,10.0,0.6,1023.6,3.6,5.0,12,4,0,10,1.2246467991473532e-16,-1.0,-0.433883739117558,-0.9009688679024191,84.831,89.12799999999999,69.62729166666666,23.20972431973691,train
2016-10-21 13:00:00,Hog_public_Gerard,Hog,86.796,11.1,0.6,1022.8,4.1,6.0,13,4,0,10,-0.2588190451025208,-0.9659258262890683,-0.433883739117558,-0.9009688679024191,88.09299999999998,92.326,69.396875,23.001095390385377,train
2016-10-21 14:00:00,Hog_public_Gerard,Hog,87.296,11.1,0.0,1021.8,4.1,6.0,14,4,0,10,-0.4999999999999997,-0.8660254037844388,-0.433883739117558,-0.9009688679024191,86.796,94.91,69.07962500000001,22.684224107846376,train
2016-10-21 15:00:00,Hog_public_Gerard,Hog,89.656,11.7,0.6,1020.7,4.6,6.0,15,4,0,10,-0.7071067811865471,-0.7071067811865479,-0.433883739117558,-0.9009688679024191,87.296,94.644,68.87179166666667,22.46157666458561,train
2016-10-21 16:00:00,Hog_public_Gerard,Hog,90.171,11.7,0.6,1020.0,4.6,6.0,16,4,0,10,-0.8660254037844385,-0.5000000000000004,-0.433883739117558,-0.9009688679024191,89.656,94.899,68.67479166666666,22.243049808441196,train
2016-10-21 17:00:00,Hog_public_Gerard,Hog,89.434,11.7,0.6,1019.6,4.1,6.0,17,4,0,10,-0.9659258262890683,-0.25881904510252063,-0.433883739117558,-0.9009688679024191,90.171,93.328,68.51254166666666,22.068921033059244,train
2016-10-21 18:00:00,Hog_public_Gerard,Hog,84.104,11.1,0.6,1019.1,4.1,6.0,18,4,0,10,-1.0,-1.8369701987210297e-16,-0.433883739117558,-0.9009688679024191,89.434,88.024,68.34920833333334,21.932320440647196,train
2016-10-21 19:00:00,Hog_public_Gerard,Hog,49.682,10.0,1.1,1018.8,3.1,6.0,19,4,0,10,-0.9659258262890684,0.2588190451025203,-0.433883739117558,-0.9009688679024191,84.104,89.12299999999998,66.70583333333333,21.78522787432418,train
2016-10-21 20:00:00,Hog_public_Gerard,Hog,43.838,10.6,1.1,1018.8,4.1,5.2,20,4,0,10,-0.8660254037844386,0.5000000000000001,-0.433883739117558,-0.9009688679024191,49.682,88.569,64.84204166666667,21.74684585921083,train
2016-10-21 21:00:00,Hog_public_Gerard,Hog,43.165,9.4,1.7,1017.8,5.1,4.4,21,4,0,10,-0.7071067811865477,0.7071067811865474,-0.433883739117558,-0.9009688679024191,43.838,85.361,63.083875,21.72151897825809,train
2016-10-21 22:00:00,Hog_public_Gerard,Hog,43.562,10.0,1.1,1017.4,4.6,3.5999999999999996,22,4,0,10,-0.5000000000000004,0.8660254037844384,-0.433883739117558,-0.9009688679024191,43.165,66.078,62.14570833333334,22.07002290434219,train
2016-10-21 23:00:00,Hog_public_Gerard,Hog,43.478,8.3,1.7,1016.9,4.1,2.8,23,4,0,10,-0.25881904510252157,0.9659258262890681,-0.433883739117558,-0.9009688679024191,43.562,54.418,61.68987500000001,22.347799225003957,train
2016-10-22 00:00:00,Hog_public_Gerard,Hog,42.79600000000001,8.3,1.1,1016.3,4.6,2.0,0,5,1,10,0.0,1.0,-0.9749279121818236,-0.2225209339563146,43.478,51.635,61.321583333333336,22.592204952183174,train
2016-10-22 01:00:00,Hog_public_Gerard,Hog,37.551,7.8,1.1,1015.6,4.6,2.0,1,5,1,10,0.25881904510252074,0.9659258262890683,-0.9749279121818236,-0.2225209339563146,42.79600000000001,45.881,60.974500000000006,22.901599982078352,train
2016-10-22 02:00:00,Hog_public_Gerard,Hog,37.176,7.2,1.7,1015.6,3.6,2.0,2,5,1,10,0.49999999999999994,0.8660254037844387,-0.9749279121818236,-0.2225209339563146,37.551,42.218,60.76441666666667,23.103376893991015,train
2016-10-22 03:00:00,Hog_public_Gerard,Hog,37.069,6.1,1.7,1015.4,2.6,0.0,3,5,1,10,0.7071067811865476,0.7071067811865476,-0.9749279121818236,-0.2225209339563146,37.176,43.764,60.485458333333334,23.35660182992525,train
2016-10-22 04:00:00,Hog_public_Gerard,Hog,36.404,5.6,1.7,1014.9,2.6,0.0,4,5,1,10,0.8660254037844386,0.5000000000000001,-0.9749279121818236,-0.2225209339563146,37.069,37.637,60.43408333333334,23.410338453651065,train
2016-10-22 05:00:00,Hog_public_Gerard,Hog,36.493,5.0,1.7,1014.8,2.6,0.0,5,5,1,10,0.9659258262890683,0.25881904510252074,-0.9749279121818236,-0.2225209339563146,36.404,32.818000000000005,60.58720833333333,23.23319911711645,train
2016-10-22 06:00:00,Hog_public_Gerard,Hog,36.669,5.0,2.2,1014.9,2.1,0.0,6,5,1,10,1.0,6.123233995736766e-17,-0.9749279121818236,-0.2225209339563146,36.493,33.316,60.726916666666675,23.07159828600991,train
2016-10-22 07:00:00,Hog_public_Gerard,Hog,36.485,5.0,2.2,1015.1,1.5,0.0,7,5,1,10,0.9659258262890683,-0.25881904510252063,-0.9749279121818236,-0.2225209339563146,36.669,38.822,60.62954166666666,23.172778704069014,train
2016-10-22 08:00:00,Hog_public_Gerard,Hog,36.129,4.4,2.2,1015.3,1.5,0.0,8,5,1,10,0.8660254037844387,-0.4999999999999998,-0.9749279121818236,-0.2225209339563146,36.485,66.542,59.36233333333334,23.661807648368857,train
2016-10-22 09:00:00,Hog_public_Gerard,Hog,36.257,6.7,3.3,1015.6,0.0,0.0,9,5,1,10,0.7071067811865476,-0.7071067811865475,-0.9749279121818236,-0.2225209339563146,36.129,80.57600000000002,57.51570833333334,23.663641574436667,train
2016-10-22 10:00:00,Hog_public_Gerard,Hog,42.026,8.9,5.0,1016.1,1.5,0.0,10,5,1,10,0.49999999999999994,-0.8660254037844387,-0.9749279121818236,-0.2225209339563146,36.257,83.242,55.798375,23.20660496274156,train
2016-10-22 11:00:00,Hog_public_Gerard,Hog,80.88600000000002,10.6,5.6,1016.1,0.0,2.0,11,5,1,10,0.258819045102521,-0.9659258262890682,-0.9749279121818236,-0.2225209339563146,42.026,84.831,55.63400000000001,23.00511944347818,train
2016-10-22 12:00:00,Hog_public_Gerard,Hog,85.58200000000002,13.3,5.6,1016.0,0.0,2.0,12,5,1,10,1.2246467991473532e-16,-1.0,-0.9749279121818236,-0.2225209339563146,80.88600000000002,88.09299999999998,55.529374999999995,22.856309454869162,train
2016-10-22 13:00:00,Hog_public_Gerard,Hog,83.556,15.0,6.1,1015.5,0.0,4.0,13,5,1,10,-0.2588190451025208,-0.9659258262890683,-0.9749279121818236,-0.2225209339563146,85.58200000000002,86.796,55.394375000000004,22.67243370610246,train
2016-10-22 14:00:00,Hog_public_Gerard,Hog,83.671,15.0,6.1,1014.8,1.5,4.0,14,5,1,10,-0.4999999999999997,-0.8660254037844388,-0.9749279121818236,-0.2225209339563146,83.556,87.296,55.24333333333334,22.461763714998163,train
2016-10-22 15:00:00,Hog_public_Gerard,Hog,84.212,16.1,6.1,1014.5,1.5,4.0,15,5,1,10,-0.7071067811865471,-0.7071067811865479,-0.9749279121818236,-0.2225209339563146,83.671,89.656,55.01650000000001,22.12408309276691,train
2016-10-22 16:00:00,Hog_public_Gerard,Hog,85.92299999999999,17.2,6.1,1013.8,0.0,4.0,16,5,1,10,-0.8660254037844385,-0.5000000000000004,-0.9749279121818236,-0.2225209339563146,84.212,90.171,54.83950000000001,21.845850454650627,train
2016-10-22 17:00:00,Hog_public_Gerard,Hog,85.30799999999998,17.2,4.4,1014.0,0.0,4.0,17,5,1,10,-0.9659258262890683,-0.25881904510252063,-0.9749279121818236,-0.2225209339563146,85.92299999999999,89.434,54.66758333333334,21.57634364986579,train
2016-10-22 18:00:00,Hog_public_Gerard,Hog,84.088,16.7,5.0,1013.8,1.5,4.0,18,5,1,10,-1.0,-1.8369701987210297e-16,-0.9749279121818236,-0.2225209339563146,85.30799999999998,84.104,54.66691666666667,21.575394804018714,train
2016-10-22 19:00:00,Hog_public_Gerard,Hog,53.07,14.4,5.0,1013.8,2.1,4.0,19,5,1,10,-0.9659258262890684,0.2588190451025203,-0.9749279121818236,-0.2225209339563146,84.088,49.682,54.808083333333336,21.552432201931246,train
2016-10-22 20:00:00,Hog_public_Gerard,Hog,43.81800000000001,13.3,5.0,1014.1,1.5,4.0,20,5,1,10,-0.8660254037844386,0.5000000000000001,-0.9749279121818236,-0.2225209339563146,53.07,43.838,54.80725,21.552875188505748,train
2016-10-22 21:00:00,Hog_public_Gerard,Hog,43.838,11.7,5.0,1013.9,1.5,4.0,21,5,1,10,-0.7071067811865477,0.7071067811865474,-0.9749279121818236,-0.2225209339563146,43.81800000000001,43.165,54.83529166666667,21.53750162427346,train
2016-10-22 22:00:00,Hog_public_Gerard,Hog,44.575,10.6,5.0,1014.0,0.0,2.0,22,5,1,10,-0.5000000000000004,0.8660254037844384,-0.9749279121818236,-0.2225209339563146,43.838,43.562,54.8775,21.515429424121425,train
2016-10-22 23:00:00,Hog_public_Gerard,Hog,44.39,10.0,5.0,1014.3,1.5,2.0,23,5,1,10,-0.25881904510252157,0.9659258262890681,-0.9749279121818236,-0.2225209339563146,44.575,43.478,54.9155,21.495216430436482,train
2016-10-23 00:00:00,Hog_public_Gerard,Hog,43.164,8.9,5.0,1013.8,2.6,2.0,0,6,1,10,0.0,1.0,-0.7818314824680299,0.6234898018587334,44.39,42.79600000000001,54.93083333333334,21.48632467542956,train
2016-10-23 01:00:00,Hog_public_Gerard,Hog,38.047,8.9,5.0,1013.2,1.5,0.0,1,6,1,10,0.25881904510252074,0.9659258262890683,-0.7818314824680299,0.6234898018587334,43.164,37.551,54.9515,21.469112672780028,train
2016-10-23 02:00:00,Hog_public_Gerard,Hog,37.039,8.9,5.0,1012.4,3.1,0.0,2,6,1,10,0.49999999999999994,0.8660254037844387,-0.7818314824680299,0.6234898018587334,38.047,37.176,54.94579166666667,21.474062058738177,train
2016-10-23 03:00:00,Hog_public_Gerard,Hog,36.384,8.9,4.4,1011.8,3.1,0.0,3,6,1,10,0.7071067811865476,0.7071067811865476,-0.7818314824680299,0.6234898018587334,37.039,37.069,54.91725,21.49929597280081,train
2016-10-23 04:00:00,Hog_public_Gerard,Hog,36.072,8.9,4.4,1010.8,1.5,0.0,4,6,1,10,0.8660254037844386,0.5000000000000001,-0.7818314824680299,0.6234898018587334,36.384,36.404,54.903416666666665,21.511829059171532,train
2016-10-23 05:00:00,Hog_public_Gerard,Hog,36.458,8.9,4.4,1009.3,3.6,0.0,5,6,1,10,0.9659258262890683,0.25881904510252074,-0.7818314824680299,0.6234898018587334,36.072,36.493,54.90195833333334,21.513132552363963,train
2016-10-23 06:00:00,Hog_public_Gerard,Hog,36.677,8.9,3.9,1009.8,1.5,0.0,6,6,1,10,1.0,6.123233995736766e-17,-0.7818314824680299,0.6234898018587334,36.458,36.669,54.90229166666666,21.512837820360826,train
2016-10-23 07:00:00,Hog_public_Gerard,Hog,36.29,8.9,4.4,1009.9,3.6,0.0,7,6,1,10,0.9659258262890683,-0.25881904510252063,-0.7818314824680299,0.6234898018587334,36.677,36.485,54.89416666666667,21.520131706536297,train
2016-10-23 08:00:00,Hog_public_Gerard,Hog,36.471,8.3,4.4,1010.6,3.1,0.0,8,6,1,10,0.8660254037844387,-0.4999999999999998,-0.7818314824680299,0.6234898018587334,36.29,36.129,54.90841666666666,21.507275104660245,train
2016-10-23 09:00:00,Hog_public_Gerard,Hog,35.375,10.0,4.4,1011.3,6.7,0.0,9,6,1,10,0.7071067811865476,-0.7071067811865475,-0.7818314824680299,0.6234898018587334,36.471,36.257,54.87166666666666,21.541257588468593,train
2016-10-23 10:00:00,Hog_public_Gerard,Hog,34.391,11.1,5.0,1012.1,6.7,0.0,10,6,1,10,0.49999999999999994,-0.8660254037844387,-0.7818314824680299,0.6234898018587334,35.375,42.026,54.55354166666667,21.794106279449263,train
2016-10-23 11:00:00,Hog_public_Gerard,Hog,33.431999999999995,12.2,5.0,1012.6,7.7,2.0,11,6,1,10,0.258819045102521,-0.9659258262890682,-0.7818314824680299,0.6234898018587334,34.391,80.88600000000002,52.57629166666666,21.451161228280142,train
2016-10-23 12:00:00,Hog_public_Gerard,Hog,66.01,13.3,5.6,1013.8,9.8,5.0,12,6,1,10,1.2246467991473532e-16,-1.0,-0.7818314824680299,0.6234898018587334,33.431999999999995,85.58200000000002,51.76079166666667,20.492448329077963,train
2016-10-23 13:00:00,Hog_public_Gerard,Hog,81.991,11.7,5.0,1015.1,10.8,8.0,13,6,1,10,-0.2588190451025208,-0.9659258262890683,-0.7818314824680299,0.6234898018587334,66.01,83.556,51.69558333333333,20.389104355697896,train
2016-10-23 14:00:00,Hog_public_Gerard,Hog,81.308,11.1,4.4,1016.4,8.2,7.2,14,6,1,10,-0.4999999999999997,-0.8660254037844388,-0.7818314824680299,0.6234898018587334,81.991,83.671,51.597125,20.23309122358616,train
2016-10-23 15:00:00,Hog_public_Gerard,Hog,83.45299999999997,11.1,5.0,1017.5,8.2,6.4,15,6,1,10,-0.7071067811865471,-0.7071067811865479,-0.7818314824680299,0.6234898018587334,81.308,84.212,51.56549999999999,20.180421256429685,train
2016-10-23 16:00:00,Hog_public_Gerard,Hog,83.934,11.7,5.0,1018.5,5.7,5.6,16,6,1,10,-0.8660254037844385,-0.5000000000000004,-0.7818314824680299,0.6234898018587334,83.45299999999997,85.92299999999999,51.48262499999999,20.036763380504024,train
2016-10-23 17:00:00,Hog_public_Gerard,Hog,85.662,11.7,5.6,1019.7,5.1,4.8,17,6,1,10,-0.9659258262890683,-0.25881904510252063,-0.7818314824680299,0.6234898018587334,83.934,85.30799999999998,51.497375,20.06285975500292,train
2016-10-23 18:00:00,Hog_public_Gerard,Hog,85.881,11.1,5.6,1020.9,5.7,4.0,18,6,1,10,-1.0,-1.8369701987210297e-16,-0.7818314824680299,0.6234898018587334,85.662,84.088,51.57208333333333,20.192414346065483,train
2016-10-23 19:00:00,Hog_public_Gerard,Hog,67.182,10.0,5.0,1021.7,3.1,2.0,19,6,1,10,-0.9659258262890684,0.2588190451025203,-0.7818314824680299,0.6234898018587334,85.881,53.07,52.16008333333334,20.44185882579238,train
2016-10-23 20:00:00,Hog_public_Gerard,Hog,63.399,9.4,5.0,1022.5,3.6,4.0,20,6,1,10,-0.8660254037844386,0.5000000000000001,-0.7818314824680299,0.6234898018587334,67.182,43.81800000000001,52.97595833333333,20.485146121199293,train
2016-10-23 21:00:00,Hog_public_Gerard,Hog,60.261,9.4,5.0,1023.5,3.1,4.0,21,6,1,10,-0.7071067811865477,0.7071067811865474,-0.7818314824680299,0.6234898018587334,63.399,43.838,53.66025,20.44087900613573,train
2016-10-23 22:00:00,Hog_public_Gerard,Hog,62.744,8.9,4.4,1024.6,3.6,4.0,22,6,1,10,-0.5000000000000004,0.8660254037844384,-0.7818314824680299,0.6234898018587334,60.261,44.575,54.41729166666667,20.426216478018784,train
2016-10-23 23:00:00,Hog_public_Gerard,Hog,45.214,7.8,3.3,1025.5,2.6,4.0,23,6,1,10,-0.25881904510252157,0.9659258262890681,-0.7818314824680299,0.6234898018587334,62.744,44.39,54.451625,20.409314859327736,train
2016-10-24 00:00:00,Hog_public_Gerard,Hog,41.21,7.2,3.3,1026.3,3.6,4.0,0,0,0,10,0.0,1.0,0.0,1.0,45.214,43.164,54.37020833333333,20.46013528575102,train
2016-10-24 01:00:00,Hog_public_Gerard,Hog,47.798,6.7,1.7,1027.2,5.1,4.0,1,0,0,10,0.25881904510252074,0.9659258262890683,0.0,1.0,41.21,38.047,54.7765,20.217275402379375,train
2016-10-24 02:00:00,Hog_public_Gerard,Hog,43.52,6.1,0.6,1028.0,5.1,2.0,2,0,0,10,0.49999999999999994,0.8660254037844387,0.0,1.0,47.798,37.039,55.04654166666666,20.012299385473984,train
2016-10-24 03:00:00,Hog_public_Gerard,Hog,42.81,5.6,0.0,1028.3,4.6,2.0,3,0,0,10,0.7071067811865476,0.7071067811865476,0.0,1.0,43.52,36.384,55.31429166666666,19.793544010016273,train
2016-10-24 04:00:00,Hog_public_Gerard,Hog,34.429,4.4,-0.6,1029.1,3.6,0.0,4,0,0,10,0.8660254037844386,0.5000000000000001,0.0,1.0,42.81,36.072,55.24583333333334,19.865699065533047,train
2016-10-24 05:00:00,Hog_public_Gerard,Hog,32.667,3.3,-0.6,1029.9,3.1,0.0,5,0,0,10,0.9659258262890683,0.25881904510252074,0.0,1.0,34.429,36.458,55.087875,20.035924473441113,train
2016-10-24 06:00:00,Hog_public_Gerard,Hog,32.785,2.8,-0.6,1030.6,0.0,0.0,6,0,0,10,1.0,6.123233995736766e-17,0.0,1.0,32.667,36.677,54.92570833333334,20.20644210766369,train
2016-10-24 07:00:00,Hog_public_Gerard,Hog,38.254,2.8,-1.1,1030.9,0.0,2.0,7,0,0,10,0.9659258262890683,-0.25881904510252063,0.0,1.0,32.785,36.29,55.00754166666667,20.131526728814507,train
2016-10-24 08:00:00,Hog_public_Gerard,Hog,66.583,2.2,-0.6,1031.4,0.0,2.0,8,0,0,10,0.8660254037844387,-0.4999999999999998,0.0,1.0,38.254,36.471,56.26220833333334,19.862582048927173,train
2016-10-24 09:00:00,Hog_public_Gerard,Hog,85.054,4.4,1.1,1031.9,0.0,4.0,9,0,0,10,0.7071067811865476,-0.7071067811865475,0.0,1.0,66.583,35.375,58.332166666666666,20.17733138873958,train
2016-10-24 10:00:00,Hog_public_Gerard,Hog,86.914,6.7,1.1,1032.4,0.0,2.0,10,0,0,10,0.49999999999999994,-0.8660254037844387,0.0,1.0,85.054,34.391,60.520624999999995,20.315624190375395,train
2016-10-24 11:00:00,Hog_public_Gerard,Hog,91.379,8.9,1.7,1031.8,3.1,2.0,11,0,0,10,0.258819045102521,-0.9659258262890682,0.0,1.0,86.914,33.431999999999995,62.93508333333333,20.399489091890146,train
2016-10-24 12:00:00,Hog_public_Gerard,Hog,92.504,10.6,1.1,1031.9,2.6,2.0,12,0,0,10,1.2246467991473532e-16,-1.0,0.0,1.0,91.379,66.01,64.039,21.271351546356794,train
2016-10-24 13:00:00,Hog_public_Gerard,Hog,94.009,11.1,-1.1,1031.7,2.1,2.0,13,0,0,10,-0.2588190451025208,-0.9659258262890683,0.0,1.0,92.504,81.991,64.53975,21.84603008856379,train
2016-10-24 14:00:00,Hog_public_Gerard,Hog,94.466,12.2,-1.1,1030.9,1.5,4.0,14,0,0,10,-0.4999999999999997,-0.8660254037844388,0.0,1.0,94.009,81.308,65.08800000000001,22.44211884711035,train
2016-10-24 15:00:00,Hog_public_Gerard,Hog,92.479,12.8,-2.2,1030.4,1.5,2.0,15,0,0,10,-0.7071067811865471,-0.7071067811865479,0.0,1.0,94.466,83.45299999999997,65.46408333333333,22.83544079013387,train
2016-10-24 16:00:00,Hog_public_Gerard,Hog,92.346,12.8,-1.7,1029.9,3.6,4.0,16,0,0,10,-0.8660254037844385,-0.5000000000000004,0.0,1.0,92.479,83.934,65.81458333333335,23.193018445244437,train
2016-10-24 17:00:00,Hog_public_Gerard,Hog,92.451,12.8,-2.2,1029.6,2.6,2.0,17,0,0,10,-0.9659258262890683,-0.25881904510252063,0.0,1.0,92.346,85.662,66.09745833333334,23.485174520515223,train
2016-10-24 18:00:00,Hog_public_Gerard,Hog,90.007,11.7,-2.2,1029.5,2.6,2.0,18,0,0,10,-1.0,-1.8369701987210297e-16,0.0,1.0,92.451,85.881,66.269375,23.650808466395603,train
2016-10-24 19:00:00,Hog_public_Gerard,Hog,90.12,10.6,-2.2,1029.4,2.6,4.0,19,0,0,10,-0.9659258262890684,0.2588190451025203,0.0,1.0,90.007,67.182,67.225125,24.147547792167202,train
2016-10-24 20:00:00,Hog_public_Gerard,Hog,89.17200000000004,8.9,-1.7,1029.7,2.6,4.666666666666667,20,0,0,10,-0.8660254037844386,0.5000000000000001,0.0,1.0,90.12,63.399,68.299,24.539889966444765,train
2016-10-24 21:00:00,Hog_public_Gerard,Hog,86.646,8.9,-1.7,1029.4,3.1,5.333333333333333,21,0,0,10,-0.7071067811865477,0.7071067811865474,0.0,1.0,89.17200000000004,60.261,69.398375,24.75421663301283,train
2016-10-24 22:00:00,Hog_public_Gerard,Hog,68.01,8.3,-1.1,1029.5,2.6,6.0,22,0,0,10,-0.5000000000000004,0.8660254037844384,0.0,1.0,86.646,62.744,69.61779166666666,24.715977912518454,train
2016-10-24 23:00:00,Hog_public_Gerard,Hog,51.806,7.2,-1.7,1029.6,2.6,6.666666666666666,23,0,0,10,-0.25881904510252157,0.9659258262890681,0.0,1.0,68.01,45.214,69.89245833333334,24.46837732751531,train
2016-10-25 00:00:00,Hog_public_Gerard,Hog,44.445,7.2,-1.7,1029.2,3.6,7.333333333333333,0,1,0,10,0.0,1.0,0.7818314824680298,0.6234898018587336,51.806,41.21,70.02725,24.31191148075002,train
2016-10-25 01:00:00,Hog_public_Gerard,Hog,47.35,6.7,-1.7,1029.2,2.6,8.0,1,1,0,10,0.25881904510252074,0.9659258262890683,0.7818314824680298,0.6234898018587336,44.445,47.798,70.00858333333333,24.329886493269154,train
2016-10-25 02:00:00,Hog_public_Gerard,Hog,41.61,6.7,-2.2,1029.1,1.5,8.0,2,1,0,10,0.49999999999999994,0.8660254037844387,0.7818314824680298,0.6234898018587336,47.35,43.52,69.929,24.423242805377694,train
2016-10-25 03:00:00,Hog_public_Gerard,Hog,41.441,6.1,-1.7,1029.2,1.5,8.0,3,1,0,10,0.7071067811865476,0.7071067811865476,0.7818314824680298,0.6234898018587336,41.61,42.81,69.87195833333334,24.490839496821184,train
2016-10-25 04:00:00,Hog_public_Gerard,Hog,35.394,5.6,-1.7,1029.2,3.1,8.0,4,1,0,10,0.8660254037844386,0.5000000000000001,0.7818314824680298,0.6234898018587336,41.441,34.429,69.91216666666666,24.43083899085539,train
2016-10-25 05:00:00,Hog_public_Gerard,Hog,33.697,6.1,-1.1,1029.3,3.6,8.0,5,1,0,10,0.9659258262890683,0.25881904510252074,0.7818314824680298,0.6234898018587336,35.394,32.667,69.95508333333333,24.363378799224282,train
2016-10-25 06:00:00,Hog_public_Gerard,Hog,34.12,6.1,-1.1,1029.3,4.1,8.0,6,1,0,10,1.0,6.123233995736766e-17,0.7818314824680298,0.6234898018587336,33.697,32.785,70.01070833333334,24.27619253593251,train
2016-10-25 07:00:00,Hog_public_Gerard,Hog,39.139,6.1,-1.7,1029.1,6.2,8.0,7,1,0,10,0.9659258262890683,-0.25881904510252063,0.7818314824680298,0.6234898018587336,34.12,38.254,70.04758333333334,24.226478749530397,train
2016-10-25 08:00:00,Hog_public_Gerard,Hog,68.08,6.1,-1.1,1029.0,5.7,8.0,8,1,0,10,0.8660254037844387,-0.4999999999999998,0.7818314824680298,0.6234898018587336,39.139,66.583,70.10995833333334,24.219096795852703,train
2016-10-25 09:00:00,Hog_public_Gerard,Hog,86.62200000000001,6.7,-0.6,1029.2,5.7,8.0,9,1,0,10,0.7071067811865476,-0.7071067811865475,0.7818314824680298,0.6234898018587336,68.08,85.054,70.17529166666667,24.263237209155587,train
2016-10-25 10:00:00,Hog_public_Gerard,Hog,89.50299999999999,7.8,0.0,1028.8,6.2,8.0,10,1,0,10,0.49999999999999994,-0.8660254037844387,0.7818314824680298,0.6234898018587336,86.62200000000001,86.914,70.28316666666667,24.34650613388982,train
2016-10-25 11:00:00,Hog_public_Gerard,Hog,92.498,8.9,0.0,1028.8,5.7,8.0,11,1,0,10,0.258819045102521,-0.9659258262890682,0.7818314824680298,0.6234898018587336,89.50299999999999,91.379,70.32979166666667,24.389695582497183,train
2016-10-25 12:00:00,Hog_public_Gerard,Hog,95.664,9.4,0.6,1028.3,6.7,8.0,12,1,0,10,1.2246467991473532e-16,-1.0,0.7818314824680298,0.6234898018587336,92.498,92.504,70.46145833333334,24.522773172811092,train
2016-10-25 13:00:00,Hog_public_Gerard,Hog,94.234,10.0,0.6,1027.6,7.7,8.0,13,1,0,10,-0.2588190451025208,-0.9659258262890683,0.7818314824680298,0.6234898018587336,95.664,94.009,70.47083333333335,24.53220793634121,train
2016-10-25 14:00:00,Hog_public_Gerard,Hog,92.73,10.6,1.1,1026.9,5.7,8.0,14,1,0,10,-0.4999999999999997,-0.8660254037844388,0.7818314824680298,0.6234898018587336,94.234,94.466,70.3985,24.460837475442222,train
2016-10-25 15:00:00,Hog_public_Gerard,Hog,93.327,10.6,1.1,1026.4,7.7,8.0,15,1,0,10,-0.7071067811865471,-0.7071067811865479,0.7818314824680298,0.6234898018587336,92.73,92.479,70.43383333333334,24.49470819455154,train
2016-10-25 16:00:00,Hog_public_Gerard,Hog,95.329,9.4,2.8,1026.1,7.2,8.0,16,1,0,10,-0.8660254037844385,-0.5000000000000004,0.7818314824680298,0.6234898018587336,93.327,92.346,70.558125,24.61798767305424,train
2016-10-25 17:00:00,Hog_public_Gerard,Hog,94.755,8.9,3.3,1026.0,6.2,8.0,17,1,0,10,-0.9659258262890683,-0.25881904510252063,0.7818314824680298,0.6234898018587336,95.329,92.451,70.65412500000001,24.71138788056418,train
2016-10-25 18:00:00,Hog_public_Gerard,Hog,92.161,8.3,4.4,1025.8,5.1,8.0,18,1,0,10,-1.0,-1.8369701987210297e-16,0.7818314824680298,0.6234898018587336,94.755,90.007,70.743875,24.78852335485373,train
2016-10-25 19:00:00,Hog_public_Gerard,Hog,92.601,7.8,4.4,1025.5,6.2,8.0,19,1,0,10,-0.9659258262890684,0.2588190451025203,0.7818314824680298,0.6234898018587336,92.161,90.12,70.84725,24.877852637392653,train
2016-10-25 20:00:00,Hog_public_Gerard,Hog,92.241,7.2,4.4,1024.5,7.7,8.0,20,1,0,10,-0.8660254037844386,0.5000000000000001,0.7818314824680298,0.6234898018587336,92.601,89.17200000000004,70.975125,24.983801117685072,train
2016-10-25 21:00:00,Hog_public_Gerard,Hog,89.977,7.2,3.9,1023.6,8.2,8.0,21,1,0,10,-0.7071067811865477,0.7071067811865474,0.7818314824680298,0.6234898018587336,92.241,86.646,71.11391666666667,25.08369463098644,train
2016-10-25 22:00:00,Hog_public_Gerard,Hog,69.468,7.2,4.4,1023.1,8.8,8.0,22,1,0,10,-0.5000000000000004,0.8660254037844384,0.7818314824680298,0.6234898018587336,89.977,68.01,71.17466666666667,25.077615261192683,train
2016-10-25 23:00:00,Hog_public_Gerard,Hog,55.735,7.2,5.0,1023.7,7.7,8.0,23,1,0,10,-0.25881904510252157,0.9659258262890681,0.7818314824680298,0.6234898018587336,69.468,51.806,71.338375,24.958218088589717,train
2016-10-26 00:00:00,Hog_public_Gerard,Hog,49.497,6.7,5.0,1022.4,6.2,8.0,0,2,0,10,0.0,1.0,0.9749279121818236,-0.22252093395631434,55.735,44.445,71.548875,24.741902101341953,train
2016-10-26 01:00:00,Hog_public_Gerard,Hog,48.166,6.7,5.0,1022.3,6.7,8.0,1,2,0,10,0.25881904510252074,0.9659258262890683,0.9749279121818236,-0.22252093395631434,49.497,47.35,71.58287499999999,24.70773958888974,train
2016-10-26 02:00:00,Hog_public_Gerard,Hog,43.437,7.2,5.0,1021.5,7.2,8.0,2,2,0,10,0.49999999999999994,0.8660254037844387,0.9749279121818236,-0.22252093395631434,48.166,41.61,71.659,24.614014267238577,train
2016-10-26 03:00:00,Hog_public_Gerard,Hog,40.515,6.7,5.6,1020.55,8.2,8.0,3,2,0,10,0.7071067811865476,0.7071067811865476,0.9749279121818236,-0.22252093395631434,43.437,41.441,71.62041666666666,24.6641162912344,train
2016-10-26 04:00:00,Hog_public_Gerard,Hog,35.014,7.2,5.6,1019.6,6.7,8.0,4,2,0,10,0.8660254037844386,0.5000000000000001,0.9749279121818236,-0.22252093395631434,40.515,35.394,71.60458333333334,24.68849318824045,train
2016-10-26 05:00:00,Hog_public_Gerard,Hog,33.607,7.2,5.0,1019.8,6.7,8.0,5,2,0,10,0.9659258262890683,0.25881904510252074,0.9749279121818236,-0.22252093395631434,35.014,33.697,71.60083333333334,24.694507515827755,train
2016-10-26 06:00:00,Hog_public_Gerard,Hog,33.284,7.2,5.6,1019.9,6.2,8.0,6,2,0,10,1.0,6.123233995736766e-17,0.9749279121818236,-0.22252093395631434,33.607,34.12,71.56599999999999,24.750202337337136,train
2016-10-26 07:00:00,Hog_public_Gerard,Hog,37.547,7.2,5.6,1019.7,6.2,8.0,7,2,0,10,0.9659258262890683,-0.25881904510252063,0.9749279121818236,-0.22252093395631434,33.284,39.139,71.49966666666667,24.842848932870954,train
2016-10-26 08:00:00,Hog_public_Gerard,Hog,64.752,7.2,5.6,1019.3,4.6,8.0,8,2,0,10,0.8660254037844387,-0.4999999999999998,0.9749279121818236,-0.22252093395631434,37.547,68.08,71.36099999999999,24.87203746308725,train
2016-10-26 09:00:00,Hog_public_Gerard,Hog,83.90700000000002,7.2,5.6,1019.6,6.2,8.0,9,2,0,10,0.7071067811865476,-0.7071067811865475,0.9749279121818236,-0.22252093395631434,64.752,86.62200000000001,71.24787500000001,24.805694082140445,train
2016-10-26 10:00:00,Hog_public_Gerard,Hog,89.37100000000002,7.2,5.6,1020.3,5.1,8.0,10,2,0,10,0.49999999999999994,-0.8660254037844387,0.9749279121818236,-0.22252093395631434,83.90700000000002,89.50299999999999,71.242375,24.801484790426983,train
2016-10-26 11:00:00,Hog_public_Gerard,Hog,93.333,7.2,5.6,1020.4,6.2,8.0,11,2,0,10,0.258819045102521,-0.9659258262890682,0.9749279121818236,-0.22252093395631434,89.37100000000002,92.498,71.27716666666667,24.83316415719047,train
2016-10-26 12:00:00,Hog_public_Gerard,Hog,96.135,7.2,5.6,1020.3,6.2,8.0,12,2,0,10,1.2246467991473532e-16,-1.0,0.9749279121818236,-0.22252093395631434,93.333,95.664,71.29679166666666,24.853452180784355,train
2016-10-26 13:00:00,Hog_public_Gerard,Hog,95.56,7.2,5.6,1020.5,4.6,8.0,13,2,0,10,-0.2588190451025208,-0.9659258262890683,0.9749279121818236,-0.22252093395631434,96.135,94.234,71.35204166666666,24.908073121989197,train
2016-10-26 14:00:00,Hog_public_Gerard,Hog,96.169,7.2,5.6,1020.3,5.1,8.0,14,2,0,10,-0.4999999999999997,-0.8660254037844388,0.9749279121818236,-0.22252093395631434,95.56,92.73,71.49533333333333,25.045914351649117,train
2016-10-26 15:00:00,Hog_public_Gerard,Hog,96.55,7.2,5.0,1020.1,5.1,8.0,15,2,0,10,-0.7071067811865471,-0.7071067811865479,0.9749279121818236,-0.22252093395631434,96.169,93.327,71.62962499999999,25.176362120764544,train
2016-10-26 16:00:00,Hog_public_Gerard,Hog,96.109,7.8,4.4,1020.8,4.1,8.0,16,2,0,10,-0.8660254037844385,-0.5000000000000004,0.9749279121818236,-0.22252093395631434,96.55,95.329,71.662125,25.20876822665941,train
2016-10-26 17:00:00,Hog_public_Gerard,Hog,95.492,7.2,5.0,1020.8,4.1,8.0,17,2,0,10,-0.9659258262890683,-0.25881904510252063,0.9749279121818236,-0.22252093395631434,96.109,94.755,71.69283333333334,25.238553437611806,train
2016-10-26 18:00:00,Hog_public_Gerard,Hog,89.06,7.2,4.4,1021.6,3.1,8.0,18,2,0,10,-1.0,-1.8369701987210297e-16,0.9749279121818236,-0.22252093395631434,95.492,92.161,71.563625,25.136944305686246,train
2016-10-26 19:00:00,Hog_public_Gerard,Hog,89.919,7.2,4.4,1022.2,3.1,8.0,19,2,0,10,-0.9659258262890684,0.2588190451025203,0.9749279121818236,-0.22252093395631434,89.06,92.601,71.451875,25.04514725071068,train
2016-10-26 20:00:00,Hog_public_Gerard,Hog,88.434,6.7,3.9,1022.5,3.6,8.0,20,2,0,10,-0.8660254037844386,0.5000000000000001,0.9749279121818236,-0.22252093395631434,89.919,92.241,71.29325,24.919494014421335,train
2016-10-26 21:00:00,Hog_public_Gerard,Hog,88.775,6.7,3.3,1022.7,3.1,8.0,21,2,0,10,-0.7071067811865477,0.7071067811865474,0.9749279121818236,-0.22252093395631434,88.434,89.977,71.24316666666667,24.881489586798644,train
2016-10-26 22:00:00,Hog_public_Gerard,Hog,66.824,6.7,3.3,1023.0,2.6,8.0,22,2,0,10,-0.5000000000000004,0.8660254037844384,0.9749279121818236,-0.22252093395631434,88.775,69.468,71.133,24.895540538330362,train
2016-10-26 23:00:00,Hog_public_Gerard,Hog,50.772,6.7,3.3,1022.6,3.6,8.0,23,2,0,10,-0.25881904510252157,0.9659258262890681,0.9749279121818236,-0.22252093395631434,66.824,55.735,70.92620833333334,25.049141441468777,train
2016-10-27 00:00:00,Hog_public_Gerard,Hog,45.342,6.1,3.3,1022.8,2.6,8.0,0,3,0,10,0.0,1.0,0.43388373911755823,-0.900968867902419,50.772,49.497,70.75308333333334,25.217479800150784,train
2016-10-27 01:00:00,Hog_public_Gerard,Hog,46.725,6.1,3.3,1023.2,0.0,8.0,1,3,0,10,0.25881904510252074,0.9659258262890683,0.43388373911755823,-0.900968867902419,45.342,48.166,70.69304166666667,25.27524613646831,train
2016-10-27 02:00:00,Hog_public_Gerard,Hog,41.88800000000001,6.1,3.3,1022.9,2.1,8.0,2,3,0,10,0.49999999999999994,0.8660254037844387,0.43388373911755823,-0.900968867902419,46.725,43.437,70.6285,25.349739892328166,train
2016-10-27 03:00:00,Hog_public_Gerard,Hog,40.672,6.1,3.3,1022.5,2.1,8.0,3,3,0,10,0.7071067811865476,0.7071067811865476,0.43388373911755823,-0.900968867902419,41.88800000000001,40.515,70.63504166666668,25.341650003723714,train
2016-10-27 04:00:00,Hog_public_Gerard,Hog,44.429,6.1,3.9,1022.8,0.0,8.0,4,3,0,10,0.8660254037844386,0.5000000000000001,0.43388373911755823,-0.900968867902419,40.672,35.014,71.02733333333333,24.834046368131208,train
2016-10-27 05:00:00,Hog_public_Gerard,Hog,33.802,6.1,3.9,1022.8,1.5,8.0,5,3,0,10,0.9659258262890683,0.25881904510252074,0.43388373911755823,-0.900968867902419,44.429,33.607,71.03545833333334,24.821299818781423,train
2016-10-27 06:00:00,Hog_public_Gerard,Hog,33.89,6.7,3.9,1023.2,0.0,8.0,6,3,0,10,1.0,6.123233995736766e-17,0.43388373911755823,-0.900968867902419,33.802,33.284,71.06070833333334,24.781502950314522,train
2016-10-27 07:00:00,Hog_public_Gerard,Hog,38.828,6.1,4.4,1023.2,2.1,8.0,7,3,0,10,0.9659258262890683,-0.25881904510252063,0.43388373911755823,-0.900968867902419,33.89,37.547,71.11408333333334,24.707450822913007,train
2016-10-27 08:00:00,Hog_public_Gerard,Hog,65.905,6.1,3.9,1023.2,2.1,8.0,8,3,0,10,0.8660254037844387,-0.4999999999999998,0.43388373911755823,-0.900968867902419,38.828,64.752,71.16212499999999,24.69566055405453,train
2016-10-27 09:00:00,Hog_public_Gerard,Hog,81.148,6.7,4.4,1024.1,0.0,8.0,9,3,0,10,0.7071067811865476,-0.7071067811865475,0.43388373911755823,-0.900968867902419,65.905,83.90700000000002,71.04716666666667,24.64011279383176,train
2016-10-27 10:00:00,Hog_public_Gerard,Hog,86.50200000000002,6.7,4.4,1024.2,3.1,8.0,10,3,0,10,0.49999999999999994,-0.8660254037844387,0.43388373911755823,-0.900968867902419,81.148,89.37100000000002,70.92762499999999,24.554159025752735,train
2016-10-27 11:00:00,Hog_public_Gerard,Hog,88.43299999999998,7.2,5.0,1024.2,3.1,8.0,11,3,0,10,0.258819045102521,-0.9659258262890682,0.43388373911755823,-0.900968867902419,86.50200000000002,93.333,70.72345833333334,24.37950992298949,train
2016-10-27 12:00:00,Hog_public_Gerard,Hog,89.47399999999998,7.8,5.0,1024.0,3.6,8.0,12,3,0,10,1.2246467991473532e-16,-1.0,0.43388373911755823,-0.900968867902419,88.43299999999998,96.135,70.44591666666666,24.114112097558586,train
2016-10-27 13:00:00,Hog_public_Gerard,Hog,94.097,7.8,5.0,1023.7,3.6,8.0,13,3,0,10,-0.2588190451025208,-0.9659258262890683,0.43388373911755823,-0.900968867902419,89.47399999999998,95.56,70.38495833333333,24.04962860687502,train
2016-10-27 14:00:00,Hog_public_Gerard,Hog,93.447,8.3,5.0,1022.3,5.1,8.0,14,3,0,10,-0.4999999999999997,-0.8660254037844388,0.43388373911755823,-0.900968867902419,94.097,96.169,70.27154166666666,23.928860936896204,train
2016-10-27 15:00:00,Hog_public_Gerard,Hog,91.727,8.9,5.0,1021.8,2.6,8.0,15,3,0,10,-0.7071067811865471,-0.7071067811865479,0.43388373911755823,-0.900968867902419,93.447,96.55,70.07058333333333,23.717897268989027,train
2016-10-27 16:00:00,Hog_public_Gerard,Hog,92.768,9.4,5.0,1021.2,4.6,8.0,16,3,0,10,-0.8660254037844385,-0.5000000000000004,0.43388373911755823,-0.900968867902419,91.727,96.109,69.93137499999999,23.567753813415926,train
2016-10-27 17:00:00,Hog_public_Gerard,Hog,93.594,8.9,5.0,1020.9,5.7,8.0,17,3,0,10,-0.9659258262890683,-0.25881904510252063,0.43388373911755823,-0.900968867902419,92.768,95.492,69.85229166666666,23.481279895268187,train
2016-10-27 18:00:00,Hog_public_Gerard,Hog,88.583,8.9,5.0,1020.9,4.1,8.0,18,3,0,10,-1.0,-1.8369701987210297e-16,0.43388373911755823,-0.900968867902419,93.594,89.06,69.83241666666667,23.46451115105468,train
2016-10-27 19:00:00,Hog_public_Gerard,Hog,88.667,8.9,5.0,1021.2,5.7,8.0,19,3,0,10,-0.9659258262890684,0.2588190451025203,0.43388373911755823,-0.900968867902419,88.583,89.919,69.78025,23.41926084722644,train
2016-10-27 20:00:00,Hog_public_Gerard,Hog,87.939,8.9,5.6,1020.8,4.1,8.0,20,3,0,10,-0.8660254037844386,0.5000000000000001,0.43388373911755823,-0.900968867902419,88.667,88.434,69.759625,23.402330348126117,train
2016-10-27 21:00:00,Hog_public_Gerard,Hog,87.101,8.3,5.6,1020.5,3.6,8.0,21,3,0,10,-0.7071067811865477,0.7071067811865474,0.43388373911755823,-0.900968867902419,87.939,88.775,69.689875,23.34561736230534,train
2016-10-27 22:00:00,Hog_public_Gerard,Hog,66.235,8.3,5.6,1020.1,4.6,8.0,22,3,0,10,-0.5000000000000004,0.8660254037844384,0.43388373911755823,-0.900968867902419,87.101,66.824,69.66533333333334,23.349070382140347,train
2016-10-27 23:00:00,Hog_public_Gerard,Hog,47.23,8.3,5.6,1019.5,5.7,8.0,23,3,0,10,-0.25881904510252157,0.9659258262890681,0.43388373911755823,-0.900968867902419,66.235,50.772,69.51775,23.484483697613555,train
2016-10-28 00:00:00,Hog_public_Gerard,Hog,43.067,7.8,5.6,1019.0,4.1,8.0,0,4,0,10,0.0,1.0,-0.433883739117558,-0.9009688679024191,47.23,45.342,69.42295833333333,23.590659583972695,train
2016-10-28 01:00:00,Hog_public_Gerard,Hog,47.166,7.8,5.6,1018.3,4.6,8.0,1,4,0,10,0.25881904510252074,0.9659258262890683,-0.433883739117558,-0.9009688679024191,43.067,46.725,69.44133333333333,23.57237590110906,train
2016-10-28 02:00:00,Hog_public_Gerard,Hog,43.755,8.3,6.1,1017.4,5.1,7.666666666666667,2,4,0,10,0.49999999999999994,0.8660254037844387,-0.433883739117558,-0.9009688679024191,47.166,41.88800000000001,69.51912499999999,23.48039435138894,train
2016-10-28 03:00:00,Hog_public_Gerard,Hog,41.782,8.3,6.1,1016.7,5.7,7.333333333333333,3,4,0,10,0.7071067811865476,0.7071067811865476,-0.433883739117558,-0.9009688679024191,43.755,40.672,69.565375,23.422123766277572,train
2016-10-28 04:00:00,Hog_public_Gerard,Hog,33.417,8.3,6.1,1015.6,5.7,7.0,4,4,0,10,0.8660254037844386,0.5000000000000001,-0.433883739117558,-0.9009688679024191,41.782,44.429,69.10654166666667,24.03577069246576,train
2016-10-28 05:00:00,Hog_public_Gerard,Hog,32.161,8.3,6.1,1014.3,5.7,6.666666666666667,5,4,0,10,0.9659258262890683,0.25881904510252074,-0.433883739117558,-0.9009688679024191,33.417,33.802,69.03816666666667,24.142665154320103,train
2016-10-28 06:00:00,Hog_public_Gerard,Hog,32.135,8.3,6.1,1012.9,5.7,6.333333333333334,6,4,0,10,1.0,6.123233995736766e-17,-0.433883739117558,-0.9009688679024191,32.161,33.89,68.96504166666666,24.256144190662027,train
2016-10-28 07:00:00,Hog_public_Gerard,Hog,37.697,8.3,6.7,1012.2,5.7,6.0,7,4,0,10,0.9659258262890683,-0.25881904510252063,-0.433883739117558,-0.9009688679024191,32.135,38.828,68.91791666666667,24.318259434132948,train
2016-10-28 08:00:00,Hog_public_Gerard,Hog,64.892,8.9,6.7,1010.9,4.6,6.333333333333333,8,4,0,10,0.8660254037844387,-0.4999999999999998,-0.433883739117558,-0.9009688679024191,37.697,65.905,68.87570833333334,24.32459450035875,train
2016-10-28 09:00:00,Hog_public_Gerard,Hog,82.507,10.0,7.2,1009.7,6.2,6.666666666666667,9,4,0,10,0.7071067811865476,-0.7071067811865475,-0.433883739117558,-0.9009688679024191,64.892,81.148,68.93233333333333,24.355966737334484,train
2016-10-28 10:00:00,Hog_public_Gerard,Hog,83.21700000000001,11.1,8.3,1008.6,5.7,7.0,10,4,0,10,0.49999999999999994,-0.8660254037844387,-0.433883739117558,-0.9009688679024191,82.507,86.50200000000002,68.79545833333333,24.261985421784484,train
2016-10-28 11:00:00,Hog_public_Gerard,Hog,85.617,13.3,9.4,1007.4,6.7,7.333333333333333,11,4,0,10,0.258819045102521,-0.9659258262890682,-0.433883739117558,-0.9009688679024191,83.21700000000001,88.43299999999998,68.67812500000001,24.16952028865477,train
2016-10-28 12:00:00,Hog_public_Gerard,Hog,87.491,15.6,10.6,1007.2,4.6,7.666666666666666,12,4,0,10,1.2246467991473532e-16,-1.0,-0.433883739117558,-0.9009688679024191,85.617,89.47399999999998,68.5955,24.09862286882618,train
2016-10-28 13:00:00,Hog_public_Gerard,Hog,85.465,17.8,12.2,1005.9,5.1,8.0,13,4,0,10,-0.2588190451025208,-0.9659258262890683,-0.433883739117558,-0.9009688679024191,87.491,94.097,68.23583333333333,23.76355653492139,train
2016-10-28 14:00:00,Hog_public_Gerard,Hog,89.458,20.0,13.3,1004.8,4.6,8.0,14,4,0,10,-0.4999999999999997,-0.8660254037844388,-0.433883739117558,-0.9009688679024191,85.465,93.447,68.069625,23.59289379897646,train
2016-10-28 15:00:00,Hog_public_Gerard,Hog,89.803,21.7,13.3,1004.3,6.2,8.0,15,4,0,10,-0.7071067811865471,-0.7071067811865479,-0.433883739117558,-0.9009688679024191,89.458,91.727,67.98945833333333,23.512143602419503,train
2016-10-28 16:00:00,Hog_public_Gerard,Hog,90.725,22.2,13.9,1004.3,6.2,8.0,16,4,0,10,-0.8660254037844385,-0.5000000000000004,-0.433883739117558,-0.9009688679024191,89.803,92.768,67.90433333333334,23.422058947972918,train
2016-10-28 17:00:00,Hog_public_Gerard,Hog,86.773,21.7,13.3,1004.3,4.6,8.0,17,4,0,10,-0.9659258262890683,-0.25881904510252063,-0.433883739117558,-0.9009688679024191,90.725,93.594,67.620125,23.136423821424188,train
2016-10-28 18:00:00,Hog_public_Gerard,Hog,83.444,21.1,12.8,1005.1,4.1,8.0,18,4,0,10,-1.0,-1.8369701987210297e-16,-0.433883739117558,-0.9009688679024191,86.773,88.583,67.40599999999999,22.957064812005214,train
2016-10-28 19:00:00,Hog_public_Gerard,Hog,46.19,19.4,12.8,1005.7,2.1,8.0,19,4,0,10,-0.9659258262890684,0.2588190451025203,-0.433883739117558,-0.9009688679024191,83.444,88.667,65.636125,22.883947786342357,train
2016-10-28 20:00:00,Hog_public_Gerard,Hog,39.664,18.3,12.8,1006.6,3.1,6.0,20,4,0,10,-0.8660254037844386,0.5000000000000001,-0.433883739117558,-0.9009688679024191,46.19,87.939,63.62466666666666,22.959848144980842,train
2016-10-28 21:00:00,Hog_public_Gerard,Hog,39.047,16.7,11.1,1007.4,4.1,4.0,21,4,0,10,-0.7071067811865477,0.7071067811865474,-0.433883739117558,-0.9009688679024191,39.664,87.101,61.62241666666667,22.918820600805034,train
2016-10-28 22:00:00,Hog_public_Gerard,Hog,39.141,15.0,10.6,1008.1,3.1,4.5,22,4,0,10,-0.5000000000000004,0.8660254037844384,-0.433883739117558,-0.9009688679024191,39.047,66.235,60.49349999999999,23.345062852029734,train
2016-10-28 23:00:00,Hog_public_Gerard,Hog,39.65,14.4,10.6,1009.1,3.6,5.0,23,4,0,10,-0.25881904510252157,0.9659258262890681,-0.433883739117558,-0.9009688679024191,39.141,47.23,60.17766666666666,23.582373772663868,train
2016-10-29 00:00:00,Hog_public_Gerard,Hog,38.714,13.9,10.6,1009.6,3.1,5.5,0,5,1,10,0.0,1.0,-0.9749279121818236,-0.2225209339563146,39.65,43.067,59.99629166666667,23.73593557104865,train
2016-10-29 01:00:00,Hog_public_Gerard,Hog,33.481,13.3,10.0,1010.0,2.6,6.0,1,5,1,10,0.25881904510252074,0.9659258262890683,-0.9749279121818236,-0.2225209339563146,38.714,47.166,59.42608333333333,24.217059804154026,train
2016-10-29 02:00:00,Hog_public_Gerard,Hog,33.336,12.8,10.0,1010.5,1.5,6.333333333333333,2,5,1,10,0.49999999999999994,0.8660254037844387,-0.9749279121818236,-0.2225209339563146,33.481,43.755,58.991958333333336,24.60055152700794,train
2016-10-29 03:00:00,Hog_public_Gerard,Hog,35.0,11.1,9.4,1011.3,2.1,6.666666666666667,3,5,1,10,0.7071067811865476,0.7071067811865476,-0.9749279121818236,-0.2225209339563146,33.336,41.782,58.709374999999994,24.844576902454154,train
2016-10-29 04:00:00,Hog_public_Gerard,Hog,34.064,11.1,9.4,1011.8,2.6,7.0,4,5,1,10,0.8660254037844386,0.5000000000000001,-0.9749279121818236,-0.2225209339563146,35.0,33.417,58.736333333333334,24.81627434754773,train
2016-10-29 05:00:00,Hog_public_Gerard,Hog,34.446,12.2,10.0,1012.2,3.1,7.333333333333333,5,5,1,10,0.9659258262890683,0.25881904510252074,-0.9749279121818236,-0.2225209339563146,34.064,32.161,58.83154166666666,24.714057140542838,train
2016-10-29 06:00:00,Hog_public_Gerard,Hog,34.342,12.2,9.4,1013.1,2.6,7.666666666666666,6,5,1,10,1.0,6.123233995736766e-17,-0.9749279121818236,-0.2225209339563146,34.446,32.135,58.9235,24.614307989990067,train
2016-10-29 07:00:00,Hog_public_Gerard,Hog,34.55,11.7,8.9,1013.5,3.6,8.0,7,5,1,10,0.9659258262890683,-0.25881904510252063,-0.9749279121818236,-0.2225209339563146,34.342,37.697,58.792375,24.74036147817275,train
2016-10-29 08:00:00,Hog_public_Gerard,Hog,34.59,11.7,8.9,1013.7,2.1,8.0,8,5,1,10,0.8660254037844387,-0.4999999999999998,-0.9749279121818236,-0.2225209339563146,34.55,64.892,57.52979166666666,25.184758080303414,train
2016-10-29 09:00:00,Hog_public_Gerard,Hog,35.43,11.7,8.3,1014.7,3.1,8.0,9,5,1,10,0.7071067811865476,-0.7071067811865475,-0.9749279121818236,-0.2225209339563146,34.59,82.507,55.56825,24.987347466528863,train
2016-10-29 10:00:00,Hog_public_Gerard,Hog,42.739,11.7,8.3,1016.2,2.6,8.0,10,5,1,10,0.49999999999999994,-0.8660254037844387,-0.9749279121818236,-0.2225209339563146,35.43,83.21700000000001,53.88166666666667,24.399144699312195,train
2016-10-29 11:00:00,Hog_public_Gerard,Hog,84.757,12.8,8.3,1016.3,3.1,8.0,11,5,1,10,0.258819045102521,-0.9659258262890682,-0.9749279121818236,-0.2225209339563146,42.739,85.617,53.84583333333333,24.351095000228394,train
2016-10-29 12:00:00,Hog_public_Gerard,Hog,85.86,12.2,8.3,1016.6,2.1,8.0,12,5,1,10,1.2246467991473532e-16,-1.0,-0.9749279121818236,-0.2225209339563146,84.757,87.491,53.777874999999995,24.25520367711806,train
2016-10-29 13:00:00,Hog_public_Gerard,Hog,87.296,12.8,8.9,1015.8,3.6,8.0,13,5,1,10,-0.2588190451025208,-0.9659258262890683,-0.9749279121818236,-0.2225209339563146,85.86,85.465,53.854166666666664,24.361850029104584,train
2016-10-29 14:00:00,Hog_public_Gerard,Hog,86.73899999999998,13.3,9.4,1016.7,3.6,8.0,14,5,1,10,-0.4999999999999997,-0.8660254037844388,-0.9749279121818236,-0.2225209339563146,87.296,89.458,53.740874999999996,24.194829866896082,train
2016-10-29 15:00:00,Hog_public_Gerard,Hog,89.65799999999999,11.1,8.9,1017.7,6.2,8.0,15,5,1,10,-0.7071067811865471,-0.7071067811865479,-0.9749279121818236,-0.2225209339563146,86.73899999999998,89.803,53.734833333333334,24.185449592079483,train
2016-10-29 16:00:00,Hog_public_Gerard,Hog,90.854,10.6,8.3,1017.5,5.1,8.0,16,5,1,10,-0.8660254037844385,-0.5000000000000004,-0.9749279121818236,-0.2225209339563146,89.65799999999999,90.725,53.740208333333335,24.19404055795416,train
2016-10-29 17:00:00,Hog_public_Gerard,Hog,88.85799999999998,10.0,8.3,1017.9,3.1,8.0,17,5,1,10,-0.9659258262890683,-0.25881904510252063,-0.9749279121818236,-0.2225209339563146,90.854,86.773,53.82708333333333,24.321219575607852,train
2016-10-29 18:00:00,Hog_public_Gerard,Hog,87.26799999999999,10.0,7.8,1018.1,2.1,8.0,18,5,1,10,-1.0,-1.8369701987210297e-16,-0.9749279121818236,-0.2225209339563146,88.85799999999998,83.444,53.98641666666666,24.53526606640487,train
2016-10-29 19:00:00,Hog_public_Gerard,Hog,53.201,9.4,7.8,1018.9,3.6,8.0,19,5,1,10,-0.9659258262890684,0.2588190451025203,-0.9749279121818236,-0.2225209339563146,87.26799999999999,46.19,54.27854166666666,24.480078981790747,train
2016-10-29 20:00:00,Hog_public_Gerard,Hog,42.07100000000001,9.4,7.2,1020.0,3.1,8.0,20,5,1,10,-0.8660254037844386,0.5000000000000001,-0.9749279121818236,-0.2225209339563146,53.201,39.664,54.378833333333326,24.422464697160706,train
2016-10-29 21:00:00,Hog_public_Gerard,Hog,42.334,9.4,7.2,1020.6,3.6,8.0,21,5,1,10,-0.7071067811865477,0.7071067811865474,-0.9749279121818236,-0.2225209339563146,42.07100000000001,39.047,54.515791666666665,24.341830785669988,train
2016-10-29 22:00:00,Hog_public_Gerard,Hog,42.481,8.9,6.7,1020.9,4.1,8.0,22,5,1,10,-0.5000000000000004,0.8660254037844384,-0.9749279121818236,-0.2225209339563146,42.334,39.141,54.65495833333333,24.25951706834857,train
2016-10-29 23:00:00,Hog_public_Gerard,Hog,41.43600000000001,8.9,5.0,1021.8,3.6,8.0,23,5,1,10,-0.25881904510252157,0.9659258262890681,-0.9749279121818236,-0.2225209339563146,42.481,39.65,54.729375,24.21418471243759,train
2016-10-30 00:00:00,Hog_public_Gerard,Hog,39.666,8.3,4.4,1021.9,6.2,8.0,0,6,1,10,0.0,1.0,-0.7818314824680299,0.6234898018587334,41.43600000000001,38.714,54.76904166666667,24.1875734506993,train
2016-10-30 01:00:00,Hog_public_Gerard,Hog,34.676,7.8,3.9,1022.0,3.6,8.0,1,6,1,10,0.25881904510252074,0.9659258262890683,-0.7818314824680299,0.6234898018587334,39.666,33.481,54.81883333333334,24.143034301333483,train
2016-10-30 02:00:00,Hog_public_Gerard,Hog,33.849000000000004,7.8,3.9,1022.6,3.6,8.0,2,6,1,10,0.49999999999999994,0.8660254037844387,-0.7818314824680299,0.6234898018587334,34.676,33.336,54.84020833333333,24.123406672285157,train
2016-10-30 03:00:00,Hog_public_Gerard,Hog,33.321,7.8,3.9,1023.1,3.6,8.0,3,6,1,10,0.7071067811865476,0.7071067811865476,-0.7818314824680299,0.6234898018587334,33.849000000000004,35.0,54.770250000000004,24.185799137816087,train
2016-10-30 04:00:00,Hog_public_Gerard,Hog,33.609,7.2,2.2,1023.4,4.1,8.0,4,6,1,10,0.8660254037844386,0.5000000000000001,-0.7818314824680299,0.6234898018587334,33.321,34.064,54.75129166666667,24.202907950472824,train
2016-10-30 05:00:00,Hog_public_Gerard,Hog,33.745,7.2,2.8,1023.9,3.6,8.0,5,6,1,10,0.9659258262890683,0.25881904510252074,-0.7818314824680299,0.6234898018587334,33.609,34.446,54.72208333333333,24.228887061803434,train
2016-10-30 06:00:00,Hog_public_Gerard,Hog,33.421,6.7,2.2,1023.9,2.6,8.0,6,6,1,10,1.0,6.123233995736766e-17,-0.7818314824680299,0.6234898018587334,33.745,34.342,54.68370833333333,24.263274520897873,train
2016-10-30 07:00:00,Hog_public_Gerard,Hog,33.416,6.7,2.2,1024.4,4.1,8.0,7,6,1,10,0.9659258262890683,-0.25881904510252063,-0.7818314824680299,0.6234898018587334,33.421,34.55,54.63645833333333,24.305255207338256,train
2016-10-30 08:00:00,Hog_public_Gerard,Hog,33.702,6.1,2.2,1024.7,4.6,8.0,8,6,1,10,0.8660254037844387,-0.4999999999999998,-0.7818314824680299,0.6234898018587334,33.416,34.59,54.59945833333333,24.337753016891977,train
2016-10-30 09:00:00,Hog_public_Gerard,Hog,33.008,6.1,1.7,1025.1,5.7,8.0,9,6,1,10,0.7071067811865476,-0.7071067811865475,-0.7818314824680299,0.6234898018587334,33.702,35.43,54.49854166666666,24.425558267803076,train
2016-10-30 10:00:00,Hog_public_Gerard,Hog,31.37,6.1,1.7,1025.8,1.5,8.0,10,6,1,10,0.49999999999999994,-0.8660254037844387,-0.7818314824680299,0.6234898018587334,33.008,42.739,54.02483333333333,24.771335690351073,train
2016-10-30 11:00:00,Hog_public_Gerard,Hog,32.103,6.7,2.2,1026.1,2.1,8.0,11,6,1,10,0.258819045102521,-0.9659258262890682,-0.7818314824680299,0.6234898018587334,31.37,84.757,51.83091666666666,24.25751418662877,train
2016-10-30 12:00:00,Hog_public_Gerard,Hog,68.655,6.7,1.7,1026.3,2.1,8.0,12,6,1,10,1.2246467991473532e-16,-1.0,-0.7818314824680299,0.6234898018587334,32.103,85.86,51.11404166666667,23.44888827156002,train
2016-10-30 13:00:00,Hog_public_Gerard,Hog,83.316,7.2,2.2,1026.0,0.0,8.0,13,6,1,10,-0.2588190451025208,-0.9659258262890683,-0.7818314824680299,0.6234898018587334,68.655,87.296,50.948208333333326,23.194574236191357,train
2016-10-30 14:00:00,Hog_public_Gerard,Hog,85.053,7.2,1.7,1025.7,1.5,8.0,14,6,1,10,-0.4999999999999997,-0.8660254037844388,-0.7818314824680299,0.6234898018587334,83.316,86.73899999999998,50.87795833333333,23.083749136905457,train
2016-10-30 15:00:00,Hog_public_Gerard,Hog,87.76100000000002,7.2,2.2,1024.6,1.5,8.0,15,6,1,10,-0.7071067811865471,-0.7071067811865479,-0.7818314824680299,0.6234898018587334,85.053,89.65799999999999,50.79891666666666,22.948036854402567,train
2016-10-30 16:00:00,Hog_public_Gerard,Hog,88.415,7.2,1.7,1024.1,1.5,8.0,16,6,1,10,-0.8660254037844385,-0.5000000000000004,-0.7818314824680299,0.6234898018587334,87.76100000000002,90.854,50.697291666666665,22.767632686088096,train
2016-10-30 17:00:00,Hog_public_Gerard,Hog,89.82700000000001,7.2,1.7,1024.1,3.1,8.0,17,6,1,10,-0.9659258262890683,-0.25881904510252063,-0.7818314824680299,0.6234898018587334,88.415,88.85799999999998,50.73766666666666,22.838994635732515,train
2016-10-30 18:00:00,Hog_public_Gerard,Hog,88.816,7.2,2.2,1023.7,3.1,8.0,18,6,1,10,-1.0,-1.8369701987210297e-16,-0.7818314824680299,0.6234898018587334,89.82700000000001,87.26799999999999,50.802166666666665,22.94856907288029,train
2016-10-30 19:00:00,Hog_public_Gerard,Hog,69.76899999999999,7.2,1.7,1023.4,3.6,8.0,19,6,1,10,-0.9659258262890684,0.2588190451025203,-0.7818314824680299,0.6234898018587334,88.816,53.201,51.4925,23.270802605691266,train
2016-10-30 20:00:00,Hog_public_Gerard,Hog,64.225,6.7,2.2,1023.0,3.6,7.666666666666667,20,6,1,10,-0.8660254037844386,0.5000000000000001,-0.7818314824680299,0.6234898018587334,69.76899999999999,42.07100000000001,52.41558333333334,23.320170170377533,train
2016-10-30 21:00:00,Hog_public_Gerard,Hog,64.673,6.1,2.2,1022.0,3.6,7.333333333333333,21,6,1,10,-0.7071067811865477,0.7071067811865474,-0.7818314824680299,0.6234898018587334,64.225,42.334,53.346375,23.346083119597974,train
2016-10-30 22:00:00,Hog_public_Gerard,Hog,65.774,6.1,2.2,1021.7,5.1,7.0,22,6,1,10,-0.5000000000000004,0.8660254037844384,-0.7818314824680299,0.6234898018587334,64.673,42.481,54.316916666666664,23.35891357084375,train
2016-10-30 23:00:00,Hog_public_Gerard,Hog,46.25899999999999,6.1,2.2,1021.0,5.1,6.666666666666667,23,6,1,10,-0.25881904510252157,0.9659258262890681,-0.7818314824680299,0.6234898018587334,65.774,41.43600000000001,54.517875000000004,23.263832891632152,train
2016-10-31 00:00:00,Hog_public_Gerard,Hog,41.75,6.1,2.2,1020.8,4.6,6.333333333333334,0,0,0,10,0.0,1.0,0.0,1.0,46.25899999999999,39.666,54.60470833333333,23.20981394653939,train
2016-10-31 01:00:00,Hog_public_Gerard,Hog,44.737,5.6,2.8,1020.2,3.1,6.0,1,0,0,10,0.25881904510252074,0.9659258262890683,0.0,1.0,41.75,34.676,55.02391666666667,22.923309056061548,train
2016-10-31 02:00:00,Hog_public_Gerard,Hog,43.237,5.6,2.8,1019.4,3.6,4.0,2,0,0,10,0.49999999999999994,0.8660254037844387,0.0,1.0,44.737,33.849000000000004,55.415083333333335,22.624417640195166,train
2016-10-31 03:00:00,Hog_public_Gerard,Hog,43.672,5.6,2.8,1018.4,4.1,2.0,3,0,0,10,0.7071067811865476,0.7071067811865476,0.0,1.0,43.237,33.321,55.846374999999995,22.280977926810195,train
2016-10-31 04:00:00,Hog_public_Gerard,Hog,35.948,5.6,2.8,1017.4,3.1,0.0,4,0,0,10,0.8660254037844386,0.5000000000000001,0.0,1.0,43.672,33.609,55.94383333333334,22.184387386406417,train
2016-10-31 05:00:00,Hog_public_Gerard,Hog,32.427,5.6,2.8,1015.9,4.1,2.0,5,0,0,10,0.9659258262890683,0.25881904510252074,0.0,1.0,35.948,33.745,55.88891666666667,22.24328220407564,train
2016-10-31 06:00:00,Hog_public_Gerard,Hog,33.373000000000005,6.1,3.3,1014.9,4.6,4.0,6,0,0,10,1.0,6.123233995736766e-17,0.0,1.0,32.427,33.421,55.88691666666667,22.245392294598513,train
2016-10-31 07:00:00,Hog_public_Gerard,Hog,38.953,7.2,3.9,1013.2,5.7,6.0,7,0,0,10,0.9659258262890683,-0.25881904510252063,0.0,1.0,33.373000000000005,33.416,56.117625000000004,22.029880900845512,train
2016-10-31 08:00:00,Hog_public_Gerard,Hog,63.864,8.3,5.6,1012.0,6.7,6.333333333333333,8,0,0,10,0.8660254037844387,-0.4999999999999998,0.0,1.0,38.953,33.702,57.37437500000001,21.550648124647996,train
2016-10-31 09:00:00,Hog_public_Gerard,Hog,82.84700000000002,8.9,6.7,1011.5,5.7,6.666666666666667,9,0,0,10,0.7071067811865476,-0.7071067811865475,0.0,1.0,63.864,33.008,59.451,21.50180728096661,train
2016-10-31 10:00:00,Hog_public_Gerard,Hog,88.948,9.4,7.2,1010.5,7.7,7.0,10,0,0,10,0.49999999999999994,-0.8660254037844387,0.0,1.0,82.84700000000002,31.37,61.85008333333334,21.444502187733626,train
2016-10-31 11:00:00,Hog_public_Gerard,Hog,92.955,10.6,8.3,1009.9,5.7,7.333333333333333,11,0,0,10,0.258819045102521,-0.9659258262890682,0.0,1.0,88.948,32.103,64.38558333333334,21.371730751090404,train
2016-10-31 12:00:00,Hog_public_Gerard,Hog,96.097,11.1,8.3,1008.7,8.2,7.666666666666666,12,0,0,10,1.2246467991473532e-16,-1.0,0.0,1.0,92.955,68.655,65.529,22.32300287576261,train
2016-10-31 13:00:00,Hog_public_Gerard,Hog,94.59,11.1,8.9,1007.5,6.7,8.0,13,0,0,10,-0.2588190451025208,-0.9659258262890683,0.0,1.0,96.097,83.316,65.99875000000002,22.82651672231036,train
2016-10-31 14:00:00,Hog_public_Gerard,Hog,94.632,11.7,8.9,1005.7,10.3,8.0,14,0,0,10,-0.4999999999999997,-0.8660254037844388,0.0,1.0,94.59,85.053,66.397875,23.25391248485429,train
2016-10-31 15:00:00,Hog_public_Gerard,Hog,96.707,12.2,9.4,1004.7,7.2,8.0,15,0,0,10,-0.7071067811865471,-0.7071067811865479,0.0,1.0,94.632,87.76100000000002,66.77062500000001,23.67905658889768,train
2016-10-31 16:00:00,Hog_public_Gerard,Hog,95.22,12.2,9.4,1004.1,8.8,8.0,16,0,0,10,-0.8660254037844385,-0.5000000000000004,0.0,1.0,96.707,88.415,67.05416666666667,23.988227229688935,train
2016-10-31 17:00:00,Hog_public_Gerard,Hog,92.046,11.7,10.6,1003.6,5.7,8.0,17,0,0,10,-0.9659258262890683,-0.25881904510252063,0.0,1.0,95.22,89.82700000000001,67.146625,24.08390286840987,train
2016-10-31 18:00:00,Hog_public_Gerard,Hog,91.348,12.2,10.6,1003.1,6.7,8.0,18,0,0,10,-1.0,-1.8369701987210297e-16,0.0,1.0,92.046,88.816,67.252125,24.1882726638749,train
2016-10-31 19:00:00,Hog_public_Gerard,Hog,93.4,12.8,10.6,1003.5,5.1,8.0,19,0,0,10,-0.9659258262890684,0.2588190451025203,0.0,1.0,91.348,69.76899999999999,68.23675,24.769175554989996,train
2016-10-31 20:00:00,Hog_public_Gerard,Hog,89.63,13.3,11.1,1004.0,4.1,8.0,20,0,0,10,-0.8660254037844386,0.5000000000000001,0.0,1.0,93.4,64.225,69.29529166666667,25.130496009705848,train
2016-10-31 21:00:00,Hog_public_Gerard,Hog,88.14,13.3,11.7,1003.8,3.6,8.0,21,0,0,10,-0.7071067811865477,0.7071067811865474,0.0,1.0,89.63,64.673,70.27308333333333,25.397940431591444,train
2016-10-31 22:00:00,Hog_public_Gerard,Hog,64.707,14.4,11.7,1003.6,6.2,8.0,22,0,0,10,-0.5000000000000004,0.8660254037844384,0.0,1.0,88.14,65.774,70.22862500000001,25.40709058307818,train
2016-10-31 23:00:00,Hog_public_Gerard,Hog,50.265,13.9,12.2,1003.8,2.6,8.0,23,0,0,10,-0.25881904510252157,0.9659258262890681,0.0,1.0,64.707,46.25899999999999,70.39554166666666,25.255477689058605,train
2016-11-01 00:00:00,Hog_public_Gerard,Hog,43.478,14.4,12.2,1004.2,1.5,8.0,0,1,0,11,0.0,1.0,0.7818314824680298,0.6234898018587336,50.265,41.75,70.46754166666666,25.172589562906257,train
2016-11-01 01:00:00,Hog_public_Gerard,Hog,47.39100000000001,13.9,11.7,1004.9,4.1,8.0,1,1,0,11,0.25881904510252074,0.9659258262890683,0.7818314824680298,0.6234898018587336,43.478,44.737,70.578125,25.060219311494823,train
2016-11-01 02:00:00,Hog_public_Gerard,Hog,41.643,12.8,11.7,1005.2,2.1,6.0,2,1,0,11,0.49999999999999994,0.8660254037844387,0.7818314824680298,0.6234898018587336,47.39100000000001,43.237,70.51170833333335,25.13782364845449,train
2016-11-01 03:00:00,Hog_public_Gerard,Hog,41.605,12.8,11.1,1005.9,2.6,4.0,3,1,0,11,0.7071067811865476,0.7071067811865476,0.7818314824680298,0.6234898018587336,41.643,43.672,70.42558333333334,25.237122339774682,train
2016-11-01 04:00:00,Hog_public_Gerard,Hog,34.448,12.8,11.1,1006.4,1.5,2.0,4,1,0,11,0.8660254037844386,0.5000000000000001,0.7818314824680298,0.6234898018587336,41.605,35.948,70.36308333333334,25.32791286465805,train
2016-11-01 05:00:00,Hog_public_Gerard,Hog,32.036,11.1,9.4,1006.9,3.1,0.0,5,1,0,11,0.9659258262890683,0.25881904510252074,0.7818314824680298,0.6234898018587336,34.448,32.427,70.34679166666668,25.353488260093734,train
2016-11-01 06:00:00,Hog_public_Gerard,Hog,32.662,11.1,8.9,1007.4,3.1,0.0,6,1,0,11,1.0,6.123233995736766e-17,0.7818314824680298,0.6234898018587336,32.036,33.373000000000005,70.31716666666667,25.39894437153652,train
2016-11-01 07:00:00,Hog_public_Gerard,Hog,39.006,10.0,7.8,1008.3,2.6,0.0,7,1,0,11,0.9659258262890683,-0.25881904510252063,0.7818314824680298,0.6234898018587336,32.662,38.953,70.319375,25.39610096710758,train
2016-11-01 08:00:00,Hog_public_Gerard,Hog,68.541,9.4,6.7,1009.3,1.5,2.0,8,1,0,11,0.8660254037844387,-0.4999999999999998,0.7818314824680298,0.6234898018587336,39.006,63.864,70.51425,25.36233431214229,train
2016-11-01 09:00:00,Hog_public_Gerard,Hog,85.345,9.4,7.2,1010.8,0.0,2.0,9,1,0,11,0.7071067811865476,-0.7071067811865475,0.7818314824680298,0.6234898018587336,68.541,82.84700000000002,70.61833333333334,25.42020632705694,train
2016-11-01 10:00:00,Hog_public_Gerard,Hog,89.77600000000002,11.7,7.2,1011.5,2.1,2.0,10,1,0,11,0.49999999999999994,-0.8660254037844387,0.7818314824680298,0.6234898018587336,85.345,88.948,70.65283333333333,25.446712787905348,train
2016-11-01 11:00:00,Hog_public_Gerard,Hog,87.82,15.0,6.7,1011.6,2.6,2.0,11,1,0,11,0.258819045102521,-0.9659258262890682,0.7818314824680298,0.6234898018587336,89.77600000000002,92.955,70.43887500000001,25.272029311185825,train
2016-11-01 12:00:00,Hog_public_Gerard,Hog,89.93,16.1,6.1,1012.0,3.6,4.0,12,1,0,11,1.2246467991473532e-16,-1.0,0.7818314824680298,0.6234898018587336,87.82,96.097,70.18191666666667,25.029995587758084,train
2016-11-01 13:00:00,Hog_public_Gerard,Hog,91.448,16.7,6.1,1012.0,2.6,4.0,13,1,0,11,-0.2588190451025208,-0.9659258262890683,0.7818314824680298,0.6234898018587336,89.93,94.59,70.051,24.904684427528554,train
2016-11-01 14:00:00,Hog_public_Gerard,Hog,92.777,16.7,6.1,1012.3,3.6,4.0,14,1,0,11,-0.4999999999999997,-0.8660254037844388,0.7818314824680298,0.6234898018587336,91.448,94.632,69.97370833333333,24.827840427683938,train
2016-11-01 15:00:00,Hog_public_Gerard,Hog,91.748,17.2,6.1,1012.7,4.6,4.0,15,1,0,11,-0.7071067811865471,-0.7071067811865479,0.7818314824680298,0.6234898018587336,92.777,96.707,69.76708333333333,24.61541089204198,train
2016-11-01 16:00:00,Hog_public_Gerard,Hog,91.33,16.1,6.1,1013.5,4.1,4.5,16,1,0,11,-0.8660254037844385,-0.5000000000000004,0.7818314824680298,0.6234898018587336,91.748,95.22,69.605,24.452795991994208,train
2016-11-01 17:00:00,Hog_public_Gerard,Hog,93.038,15.6,6.7,1014.1,3.6,5.0,17,1,0,11,-0.9659258262890683,-0.25881904510252063,0.7818314824680298,0.6234898018587336,91.33,92.046,69.64633333333335,24.49318302439819,train
2016-11-01 18:00:00,Hog_public_Gerard,Hog,90.189,13.3,6.1,1014.8,2.1,5.5,18,1,0,11,-1.0,-1.8369701987210297e-16,0.7818314824680298,0.6234898018587336,93.038,91.348,69.59804166666666,24.449638732067683,train
2016-11-01 19:00:00,Hog_public_Gerard,Hog,92.459,12.8,6.1,1015.8,2.1,6.0,19,1,0,11,-0.9659258262890684,0.2588190451025203,0.7818314824680298,0.6234898018587336,90.189,93.4,69.55883333333334,24.410532727860982,train
2016-11-01 20:00:00,Hog_public_Gerard,Hog,93.016,11.1,6.1,1016.9,0.0,4.0,20,1,0,11,-0.8660254037844386,0.5000000000000001,0.7818314824680298,0.6234898018587336,92.459,89.63,69.69991666666667,24.541015989947148,train
2016-11-01 21:00:00,Hog_public_Gerard,Hog,90.187,10.0,6.1,1017.4,2.1,4.8,21,1,0,11,-0.7071067811865477,0.7071067811865474,0.7818314824680298,0.6234898018587336,93.016,88.14,69.78520833333333,24.61134682811653,train
2016-11-01 22:00:00,Hog_public_Gerard,Hog,70.061,8.9,6.1,1018.1,1.5,5.6,22,1,0,11,-0.5000000000000004,0.8660254037844384,0.7818314824680298,0.6234898018587336,90.187,64.707,70.00829166666666,24.587568885390876,train
2016-11-01 23:00:00,Hog_public_Gerard,Hog,56.449,8.3,5.6,1018.7,0.0,6.4,23,1,0,11,-0.25881904510252157,0.9659258262890681,0.7818314824680298,0.6234898018587336,70.061,50.265,70.26595833333333,24.403385295236284,train
2016-11-02 00:00:00,Hog_public_Gerard,Hog,51.655,8.9,5.6,1019.4,1.5,7.2,0,2,0,11,0.0,1.0,0.9749279121818236,-0.22252093395631434,56.449,43.478,70.60666666666667,24.06789942725747,train
2016-11-02 01:00:00,Hog_public_Gerard,Hog,50.494,7.8,5.0,1020.0,0.0,8.0,1,2,0,11,0.25881904510252074,0.9659258262890683,0.9749279121818236,-0.22252093395631434,51.655,47.39100000000001,70.73595833333333,23.945788406095414,train
2016-11-02 02:00:00,Hog_public_Gerard,Hog,44.32,6.7,5.0,1020.2,0.0,7.666666666666667,2,2,0,11,0.49999999999999994,0.8660254037844387,0.9749279121818236,-0.22252093395631434,50.494,41.643,70.8475,23.810229832902767,train
2016-11-02 03:00:00,Hog_public_Gerard,Hog,42.471,5.6,3.9,1019.9,0.0,7.333333333333333,3,2,0,11,0.7071067811865476,0.7071067811865476,0.9749279121818236,-0.22252093395631434,44.32,41.605,70.88358333333333,23.764599838226086,train
2016-11-02 04:00:00,Hog_public_Gerard,Hog,35.101,5.6,3.9,1019.9,0.0,7.0,4,2,0,11,0.8660254037844386,0.5000000000000001,0.9749279121818236,-0.22252093395631434,42.471,34.448,70.91079166666667,23.721405207990262,train
2016-11-02 05:00:00,Hog_public_Gerard,Hog,31.562,5.0,3.9,1019.6,0.0,6.666666666666667,5,2,0,11,0.9659258262890683,0.25881904510252074,0.9749279121818236,-0.22252093395631434,35.101,32.036,70.89104166666667,23.755351903132638,train
2016-11-02 06:00:00,Hog_public_Gerard,Hog,31.586,5.6,3.9,1020.5,0.0,6.333333333333334,6,2,0,11,1.0,6.123233995736766e-17,0.9749279121818236,-0.22252093395631434,31.562,32.662,70.84620833333334,23.8315314930144,train
2016-11-02 07:00:00,Hog_public_Gerard,Hog,38.63800000000001,5.0,3.3,1021.3,0.0,6.0,7,2,0,11,0.9659258262890683,-0.25881904510252063,0.9749279121818236,-0.22252093395631434,31.586,39.006,70.830875,23.853017055204365,train
2016-11-02 08:00:00,Hog_public_Gerard,Hog,66.242,6.1,4.4,1022.0,2.1,6.0,8,2,0,11,0.8660254037844387,-0.4999999999999998,0.9749279121818236,-0.22252093395631434,38.63800000000001,68.541,70.73508333333334,23.867224881790758,train
2016-11-02 09:00:00,Hog_public_Gerard,Hog,83.51299999999998,7.2,5.0,1022.3,0.0,6.0,9,2,0,11,0.7071067811865476,-0.7071067811865475,0.9749279121818236,-0.22252093395631434,66.242,85.345,70.65875,23.821352668945178,train
2016-11-02 10:00:00,Hog_public_Gerard,Hog,87.64399999999998,10.0,6.1,1022.5,1.5,6.0,10,2,0,11,0.49999999999999994,-0.8660254037844387,0.9749279121818236,-0.22252093395631434,83.51299999999998,89.77600000000002,70.56991666666667,23.750832906066364,train
2016-11-02 11:00:00,Hog_public_Gerard,Hog,88.573,11.7,6.7,1022.5,0.0,6.0,11,2,0,11,0.258819045102521,-0.9659258262890682,0.9749279121818236,-0.22252093395631434,87.64399999999998,87.82,70.60129166666665,23.77509609998257,train
2016-11-02 12:00:00,Hog_public_Gerard,Hog,90.913,13.3,7.2,1022.5,2.1,6.0,12,2,0,11,1.2246467991473532e-16,-1.0,0.9749279121818236,-0.22252093395631434,88.573,89.93,70.64225,23.810662338084207,train
2016-11-02 13:00:00,Hog_public_Gerard,Hog,92.484,15.0,6.1,1022.3,0.0,6.0,13,2,0,11,-0.2588190451025208,-0.9659258262890683,0.9749279121818236,-0.22252093395631434,90.913,91.448,70.68541666666665,23.85092636231516,train
2016-11-02 14:00:00,Hog_public_Gerard,Hog,91.142,16.1,6.7,1022.2,1.5,5.666666666666667,14,2,0,11,-0.4999999999999997,-0.8660254037844388,0.9749279121818236,-0.22252093395631434,92.484,92.777,70.61729166666666,23.78733330719848,train
2016-11-02 15:00:00,Hog_public_Gerard,Hog,92.363,16.1,5.6,1021.9,0.0,5.333333333333333,15,2,0,11,-0.7071067811865471,-0.7071067811865479,0.9749279121818236,-0.22252093395631434,91.142,91.748,70.64291666666666,23.81140522471034,train
2016-11-02 16:00:00,Hog_public_Gerard,Hog,93.346,16.1,6.1,1022.3,2.6,5.0,16,2,0,11,-0.8660254037844385,-0.5000000000000004,0.9749279121818236,-0.22252093395631434,92.363,91.33,70.72691666666667,23.890979436338245,train
2016-11-02 17:00:00,Hog_public_Gerard,Hog,93.606,15.6,5.6,1022.4,0.0,4.666666666666667,17,2,0,11,-0.9659258262890683,-0.25881904510252063,0.9749279121818236,-0.22252093395631434,93.346,93.038,70.75058333333332,23.914311919882827,train
2016-11-02 18:00:00,Hog_public_Gerard,Hog,87.54700000000004,14.4,5.0,1021.6,0.0,4.333333333333334,18,2,0,11,-1.0,-1.8369701987210297e-16,0.9749279121818236,-0.22252093395631434,93.606,90.189,70.6405,23.8268627776736,train
2016-11-02 19:00:00,Hog_public_Gerard,Hog,89.024,13.9,5.0,1021.8,2.6,4.0,19,2,0,11,-0.9659258262890684,0.2588190451025203,0.9749279121818236,-0.22252093395631434,87.54700000000004,92.459,70.497375,23.700082976946117,train
2016-11-02 20:00:00,Hog_public_Gerard,Hog,86.425,11.1,5.0,1022.1,0.0,2.0,20,2,0,11,-0.8660254037844386,0.5000000000000001,0.9749279121818236,-0.22252093395631434,89.024,93.016,70.22275,23.464822120616525,train
2016-11-02 21:00:00,Hog_public_Gerard,Hog,83.539,11.7,5.6,1022.1,0.0,2.0,21,2,0,11,-0.7071067811865477,0.7071067811865474,0.9749279121818236,-0.22252093395631434,86.425,90.187,69.94575,23.257220397769714,train
2016-11-02 22:00:00,Hog_public_Gerard,Hog,64.127,10.6,6.1,1022.2,1.5,2.0,22,2,0,11,-0.5000000000000004,0.8660254037844384,0.9749279121818236,-0.22252093395631434,83.539,70.061,69.6985,23.287464720970288,train
2016-11-02 23:00:00,Hog_public_Gerard,Hog,48.438,10.6,6.1,1022.6,0.0,2.0,23,2,0,11,-0.25881904510252157,0.9659258262890681,0.9749279121818236,-0.22252093395631434,64.127,56.449,69.36470833333334,23.541659565229168,train
2016-11-03 00:00:00,Hog_public_Gerard,Hog,43.136,10.0,5.6,1022.2,2.1,2.0,0,3,0,11,0.0,1.0,0.43388373911755823,-0.900968867902419,48.438,51.655,69.00975000000001,23.882057471357417,train
2016-11-03 01:00:00,Hog_public_Gerard,Hog,43.183,8.3,5.0,1022.0,0.0,2.0,1,3,0,11,0.25881904510252074,0.9659258262890683,0.43388373911755823,-0.900968867902419,43.136,50.494,68.705125,24.173352461844562,train
2016-11-03 02:00:00,Hog_public_Gerard,Hog,42.744,8.3,5.6,1022.0,0.0,2.0,2,3,0,11,0.49999999999999994,0.8660254037844387,0.43388373911755823,-0.900968867902419,43.183,44.32,68.63945833333334,24.244510353048156,train
2016-11-03 03:00:00,Hog_public_Gerard,Hog,42.861,7.8,5.6,1021.8,1.5,2.0,3,3,0,11,0.7071067811865476,0.7071067811865476,0.43388373911755823,-0.900968867902419,42.744,42.471,68.65570833333334,24.22633211391774,train
2016-11-03 04:00:00,Hog_public_Gerard,Hog,34.494,7.2,5.6,1022.1,0.0,3.5,4,3,0,11,0.8660254037844386,0.5000000000000001,0.43388373911755823,-0.900968867902419,42.861,35.101,68.63041666666666,24.26317425184437,train
2016-11-03 05:00:00,Hog_public_Gerard,Hog,31.397,6.1,4.4,1022.1,1.5,5.0,5,3,0,11,0.9659258262890683,0.25881904510252074,0.43388373911755823,-0.900968867902419,34.494,31.562,68.62354166666667,24.274155193250618,train
2016-11-03 06:00:00,Hog_public_Gerard,Hog,30.97,7.8,5.6,1022.7,2.6,6.5,6,3,0,11,1.0,6.123233995736766e-17,0.43388373911755823,-0.900968867902419,31.397,31.586,68.597875,24.31531091686259,train
2016-11-03 07:00:00,Hog_public_Gerard,Hog,37.323,7.8,5.6,1022.8,3.1,8.0,7,3,0,11,0.9659258262890683,-0.25881904510252063,0.43388373911755823,-0.900968867902419,30.97,38.63800000000001,68.54308333333334,24.38713272612118,train
2016-11-03 08:00:00,Hog_public_Gerard,Hog,65.0,7.8,5.6,1023.4,2.1,6.666666666666667,8,3,0,11,0.8660254037844387,-0.4999999999999998,0.43388373911755823,-0.900968867902419,37.323,66.242,68.49133333333333,24.39354490641839,train
2016-11-03 09:00:00,Hog_public_Gerard,Hog,81.293,7.8,5.6,1024.2,1.5,5.333333333333334,9,3,0,11,0.7071067811865476,-0.7071067811865475,0.43388373911755823,-0.900968867902419,65.0,83.51299999999998,68.39883333333333,24.338252778678303,train
2016-11-03 10:00:00,Hog_public_Gerard,Hog,86.154,10.0,6.1,1024.5,1.5,4.0,10,3,0,11,0.49999999999999994,-0.8660254037844387,0.43388373911755823,-0.900968867902419,81.293,87.64399999999998,68.33675,24.288877048612402,train
2016-11-03 11:00:00,Hog_public_Gerard,Hog,84.40899999999998,12.8,7.2,1024.8,2.6,3.0,11,3,0,11,0.258819045102521,-0.9659258262890682,0.43388373911755823,-0.900968867902419,86.154,88.573,68.16325,24.152530304477363,train
2016-11-03 12:00:00,Hog_public_Gerard,Hog,86.837,15.0,7.8,1025.3,3.6,2.0,12,3,0,11,1.2246467991473532e-16,-1.0,0.43388373911755823,-0.900968867902419,84.40899999999998,90.913,67.99341666666668,23.99945120371947,train
2016-11-03 13:00:00,Hog_public_Gerard,Hog,90.06299999999996,16.1,7.2,1025.3,2.6,2.0,13,3,0,11,-0.2588190451025208,-0.9659258262890683,0.43388373911755823,-0.900968867902419,86.837,92.484,67.89254166666667,23.89690516069099,train
2016-11-03 14:00:00,Hog_public_Gerard,Hog,92.389,17.2,6.1,1025.3,4.6,0.0,14,3,0,11,-0.4999999999999997,-0.8660254037844388,0.43388373911755823,-0.900968867902419,90.06299999999996,91.142,67.9445,23.950948170393406,train
2016-11-03 15:00:00,Hog_public_Gerard,Hog,91.874,18.3,5.6,1025.2,2.6,0.0,15,3,0,11,-0.7071067811865471,-0.7071067811865479,0.43388373911755823,-0.900968867902419,92.389,92.363,67.92412499999999,23.929470628263275,train
2016-11-03 16:00:00,Hog_public_Gerard,Hog,92.731,18.3,5.0,1025.5,2.1,0.0,16,3,0,11,-0.8660254037844385,-0.5000000000000004,0.43388373911755823,-0.900968867902419,91.874,93.346,67.8985,23.901376660369824,train
2016-11-03 17:00:00,Hog_public_Gerard,Hog,93.355,17.8,4.4,1025.9,3.1,0.0,17,3,0,11,-0.9659258262890683,-0.25881904510252063,0.43388373911755823,-0.900968867902419,92.731,93.606,67.88804166666667,23.889691022951787,train
2016-11-03 18:00:00,Hog_public_Gerard,Hog,85.48700000000002,17.2,3.9,1026.4,1.5,0.0,18,3,0,11,-1.0,-1.8369701987210297e-16,0.43388373911755823,-0.900968867902419,93.355,87.54700000000004,67.80220833333333,23.819585136713584,train
2016-11-03 19:00:00,Hog_public_Gerard,Hog,87.21,15.0,3.9,1026.9,1.5,0.0,19,3,0,11,-0.9659258262890684,0.2588190451025203,0.43388373911755823,-0.900968867902419,85.48700000000002,89.024,67.726625,23.75209963956966,train
2016-11-03 20:00:00,Hog_public_Gerard,Hog,85.863,13.9,4.4,1027.5,0.0,0.0,20,3,0,11,-0.8660254037844386,0.5000000000000001,0.43388373911755823,-0.900968867902419,87.21,86.425,67.70320833333334,23.733133294999003,train
2016-11-03 21:00:00,Hog_public_Gerard,Hog,83.569,12.8,3.9,1027.5,0.0,0.0,21,3,0,11,-0.7071067811865477,0.7071067811865474,0.43388373911755823,-0.900968867902419,85.863,83.539,67.70445833333333,23.734004387356546,train
2016-11-03 22:00:00,Hog_public_Gerard,Hog,64.8,11.1,3.9,1028.0,0.0,0.0,22,3,0,11,-0.5000000000000004,0.8660254037844384,0.43388373911755823,-0.900968867902419,83.569,64.127,67.7325,23.729991091810234,train
2016-11-03 23:00:00,Hog_public_Gerard,Hog,45.595,9.4,3.9,1028.1,0.0,0.0,23,3,0,11,-0.25881904510252157,0.9659258262890681,0.43388373911755823,-0.900968867902419,64.8,48.438,67.61404166666667,23.837348640643356,train
2016-11-04 00:00:00,Hog_public_Gerard,Hog,40.924,8.3,3.9,1028.2,0.0,0.0,0,4,0,11,0.0,1.0,-0.433883739117558,-0.9009688679024191,45.595,43.136,67.521875,23.940162091842602,train
2016-11-04 01:00:00,Hog_public_Gerard,Hog,42.444,7.8,3.9,1028.1,1.5,0.0,1,4,0,11,0.25881904510252074,0.9659258262890683,-0.433883739117558,-0.9009688679024191,40.924,43.183,67.49108333333332,23.973279986207633,train
2016-11-04 02:00:00,Hog_public_Gerard,Hog,54.699,6.7,3.9,1028.2,0.0,0.0,2,4,0,11,0.49999999999999994,0.8660254037844387,-0.433883739117558,-0.9009688679024191,42.444,42.744,67.98920833333334,23.557313739195433,train
2016-11-04 03:00:00,Hog_public_Gerard,Hog,44.26300000000001,6.1,3.3,1028.3,0.0,0.0,3,4,0,11,0.7071067811865476,0.7071067811865476,-0.433883739117558,-0.9009688679024191,54.699,42.861,68.047625,23.49394548428339,train
2016-11-04 04:00:00,Hog_public_Gerard,Hog,34.93,5.6,3.9,1028.6,0.0,0.0,4,4,0,11,0.8660254037844386,0.5000000000000001,-0.433883739117558,-0.9009688679024191,44.26300000000001,34.494,68.06579166666667,23.467025270401624,train
2016-11-04 05:00:00,Hog_public_Gerard,Hog,31.208,5.6,3.3,1028.4,1.5,0.0,5,4,0,11,0.9659258262890683,0.25881904510252074,-0.433883739117558,-0.9009688679024191,34.93,31.397,68.05791666666667,23.479893675999335,train
2016-11-04 06:00:00,Hog_public_Gerard,Hog,31.153,5.6,3.3,1028.7,0.0,0.0,6,4,0,11,1.0,6.123233995736766e-17,-0.433883739117558,-0.9009688679024191,31.208,30.97,68.06554166666668,23.467352232000927,train
2016-11-04 07:00:00,Hog_public_Gerard,Hog,37.394,6.1,3.9,1028.7,0.0,0.0,7,4,0,11,0.9659258262890683,-0.25881904510252063,-0.433883739117558,-0.9009688679024191,31.153,37.323,68.0685,23.463312405614857,train
2016-11-04 08:00:00,Hog_public_Gerard,Hog,66.76100000000001,5.6,2.8,1028.7,1.5,0.0,8,4,0,11,0.8660254037844387,-0.4999999999999998,-0.433883739117558,-0.9009688679024191,37.394,65.0,68.141875,23.456051706955066,train
2016-11-04 09:00:00,Hog_public_Gerard,Hog,84.82700000000001,6.1,3.9,1028.8,2.1,0.0,9,4,0,11,0.7071067811865476,-0.7071067811865475,-0.433883739117558,-0.9009688679024191,66.76100000000001,81.293,68.289125,23.55309196412764,train
2016-11-04 10:00:00,Hog_public_Gerard,Hog,86.37799999999999,10.0,5.6,1028.6,1.5,0.0,10,4,0,11,0.49999999999999994,-0.8660254037844387,-0.433883739117558,-0.9009688679024191,84.82700000000001,86.154,68.29845833333333,23.560522244487125,train
2016-11-04 11:00:00,Hog_public_Gerard,Hog,87.166,12.8,4.4,1028.1,3.6,0.0,11,4,0,11,0.258819045102521,-0.9659258262890682,-0.433883739117558,-0.9009688679024191,86.37799999999999,84.40899999999998,68.41333333333333,23.64904323768665,train
2016-11-04 12:00:00,Hog_public_Gerard,Hog,84.87700000000002,15.6,5.0,1027.8,3.6,0.0,12,4,0,11,1.2246467991473532e-16,-1.0,-0.433883739117558,-0.9009688679024191,87.166,86.837,68.33166666666666,23.585955123790324,train
2016-11-04 13:00:00,Hog_public_Gerard,Hog,86.191,17.2,5.0,1027.2,4.1,0.0,13,4,0,11,-0.2588190451025208,-0.9659258262890683,-0.433883739117558,-0.9009688679024191,84.87700000000002,90.06299999999996,68.17033333333335,23.44365833906565,train
2016-11-04 14:00:00,Hog_public_Gerard,Hog,89.05799999999998,18.9,5.6,1026.3,3.6,2.0,14,4,0,11,-0.4999999999999997,-0.8660254037844388,-0.433883739117558,-0.9009688679024191,86.191,92.389,68.03154166666666,23.303485617204004,train
2016-11-04 15:00:00,Hog_public_Gerard,Hog,93.771,19.4,5.0,1025.8,2.6,2.0,15,4,0,11,-0.7071067811865471,-0.7071067811865479,-0.433883739117558,-0.9009688679024191,89.05799999999998,91.874,68.11058333333334,23.39092458517357,train
2016-11-04 16:00:00,Hog_public_Gerard,Hog,93.403,20.0,4.4,1025.4,2.1,0.0,16,4,0,11,-0.8660254037844385,-0.5000000000000004,-0.433883739117558,-0.9009688679024191,93.771,92.731,68.13858333333334,23.4220592101747,train
2016-11-04 17:00:00,Hog_public_Gerard,Hog,93.056,20.0,3.9,1025.1,2.6,0.0,17,4,0,11,-0.9659258262890683,-0.25881904510252063,-0.433883739117558,-0.9009688679024191,93.403,93.355,68.126125,23.408138666994923,train
2016-11-04 18:00:00,Hog_public_Gerard,Hog,88.666,18.9,4.4,1024.8,2.1,2.0,18,4,0,11,-1.0,-1.8369701987210297e-16,-0.433883739117558,-0.9009688679024191,93.056,85.48700000000002,68.25858333333333,23.519379043704603,train
2016-11-04 19:00:00,Hog_public_Gerard,Hog,48.762,17.8,4.4,1024.9,2.1,2.0,19,4,0,11,-0.9659258262890684,0.2588190451025203,-0.433883739117558,-0.9009688679024191,88.666,87.21,66.65658333333333,23.481791517308075,train
2016-11-04 20:00:00,Hog_public_Gerard,Hog,40.218,16.7,4.4,1024.9,1.5,2.0,20,4,0,11,-0.8660254037844386,0.5000000000000001,-0.433883739117558,-0.9009688679024191,48.762,85.863,64.75470833333334,23.705966428360174,train
2016-11-04 21:00:00,Hog_public_Gerard,Hog,40.765,15.0,5.0,1024.7,2.1,2.0,21,4,0,11,-0.7071067811865477,0.7071067811865474,-0.433883739117558,-0.9009688679024191,40.218,83.569,62.97120833333333,23.838736306562996,train
2016-11-04 22:00:00,Hog_public_Gerard,Hog,40.635,12.2,5.0,1024.8,0.0,0.0,22,4,0,11,-0.5000000000000004,0.8660254037844384,-0.433883739117558,-0.9009688679024191,40.765,64.8,61.964333333333336,24.264658151072524,train
2016-11-04 23:00:00,Hog_public_Gerard,Hog,41.63800000000001,11.7,4.4,1024.7,0.0,0.0,23,4,0,11,-0.25881904510252157,0.9659258262890681,-0.433883739117558,-0.9009688679024191,40.635,45.595,61.79945833333334,24.393821341691567,train
2016-11-05 00:00:00,Hog_public_Gerard,Hog,42.237,10.0,4.4,1024.4,0.0,2.0,0,5,1,11,0.0,1.0,-0.9749279121818236,-0.2225209339563146,41.63800000000001,40.924,61.854166666666664,24.346394372217432,train
2016-11-05 01:00:00,Hog_public_Gerard,Hog,36.487,10.0,4.4,1024.3,0.0,4.0,1,5,1,11,0.25881904510252074,0.9659258262890683,-0.9749279121818236,-0.2225209339563146,42.237,42.444,61.60595833333334,24.582106547294536,train
2016-11-05 02:00:00,Hog_public_Gerard,Hog,34.917,8.9,4.4,1024.4,0.0,4.0,2,5,1,11,0.49999999999999994,0.8660254037844387,-0.9749279121818236,-0.2225209339563146,36.487,54.699,60.781708333333334,25.14888556866923,train
2016-11-05 03:00:00,Hog_public_Gerard,Hog,35.813,8.3,3.9,1024.1,1.5,2.0,3,5,1,11,0.7071067811865476,0.7071067811865476,-0.9749279121818236,-0.2225209339563146,34.917,44.26300000000001,60.42962500000001,25.447577666924126,train
2016-11-05 04:00:00,Hog_public_Gerard,Hog,35.122,7.2,4.4,1024.1,0.0,2.0,4,5,1,11,0.8660254037844386,0.5000000000000001,-0.9749279121818236,-0.2225209339563146,35.813,34.93,60.437625000000004,25.439241581552118,train
2016-11-05 05:00:00,Hog_public_Gerard,Hog,34.714,7.2,3.9,1024.1,0.0,0.0,5,5,1,11,0.9659258262890683,0.25881904510252074,-0.9749279121818236,-0.2225209339563146,35.122,31.208,60.583708333333334,25.273621769465876,train
2016-11-05 06:00:00,Hog_public_Gerard,Hog,34.532,7.8,4.4,1024.4,0.0,2.0,6,5,1,11,1.0,6.123233995736766e-17,-0.9749279121818236,-0.2225209339563146,34.714,31.153,60.7245,25.111435293940172,train
2016-11-05 07:00:00,Hog_public_Gerard,Hog,35.171,7.8,3.9,1024.8,0.0,2.0,7,5,1,11,0.9659258262890683,-0.25881904510252063,-0.9749279121818236,-0.2225209339563146,34.532,37.394,60.631875,25.205157705987492,train
2016-11-05 08:00:00,Hog_public_Gerard,Hog,34.686,7.2,3.9,1024.7,0.0,2.0,8,5,1,11,0.8660254037844387,-0.4999999999999998,-0.9749279121818236,-0.2225209339563146,35.171,66.76100000000001,59.29541666666666,25.711319432290537,train
2016-11-05 09:00:00,Hog_public_Gerard,Hog,34.556,7.8,5.0,1025.2,1.5,2.0,9,5,1,11,0.7071067811865476,-0.7071067811865475,-0.9749279121818236,-0.2225209339563146,34.686,84.82700000000001,57.20079166666667,25.58832348855072,train
2016-11-05 10:00:00,Hog_public_Gerard,Hog,42.64100000000001,10.0,6.1,1025.4,0.0,4.0,10,5,1,11,0.49999999999999994,-0.8660254037844387,-0.9749279121818236,-0.2225209339563146,34.556,86.37799999999999,55.37841666666667,24.969986947667273,train
2016-11-05 11:00:00,Hog_public_Gerard,Hog,80.426,13.9,6.7,1025.3,0.0,2.0,11,5,1,11,0.258819045102521,-0.9659258262890682,-0.9749279121818236,-0.2225209339563146,42.64100000000001,87.166,55.09758333333334,24.632555223978006,train
2016-11-05 12:00:00,Hog_public_Gerard,Hog,78.502,16.1,6.1,1025.1,0.0,2.0,12,5,1,11,1.2246467991473532e-16,-1.0,-0.9749279121818236,-0.2225209339563146,80.426,84.87700000000002,54.831958333333326,24.3299811209549,train
2016-11-05 13:00:00,Hog_public_Gerard,Hog,81.963,18.9,7.2,1024.4,0.0,2.0,13,5,1,11,-0.2588190451025208,-0.9659258262890683,-0.9749279121818236,-0.2225209339563146,78.502,86.191,54.65579166666666,24.107334862487576,train
2016-11-05 14:00:00,Hog_public_Gerard,Hog,85.61,21.1,7.2,1023.1,2.1,0.0,14,5,1,11,-0.4999999999999997,-0.8660254037844388,-0.9749279121818236,-0.2225209339563146,81.963,89.05799999999998,54.512125000000005,23.902808984124214,train
2016-11-05 15:00:00,Hog_public_Gerard,Hog,86.714,22.2,6.1,1022.7,3.1,0.0,15,5,1,11,-0.7071067811865471,-0.7071067811865479,-0.9749279121818236,-0.2225209339563146,85.61,93.771,54.21808333333333,23.437748086880394,train
2016-11-05 16:00:00,Hog_public_Gerard,Hog,87.476,22.2,5.0,1022.5,4.6,0.0,16,5,1,11,-0.8660254037844385,-0.5000000000000004,-0.9749279121818236,-0.2225209339563146,86.714,93.403,53.971124999999994,23.03467369237381,train
2016-11-05 17:00:00,Hog_public_Gerard,Hog,88.986,21.7,5.6,1022.5,3.1,0.0,17,5,1,11,-0.9659258262890683,-0.25881904510252063,-0.9749279121818236,-0.2225209339563146,87.476,93.056,53.80154166666667,22.74760974730285,train
2016-11-05 18:00:00,Hog_public_Gerard,Hog,90.181,20.0,6.1,1022.5,1.5,0.0,18,5,1,11,-1.0,-1.8369701987210297e-16,-0.9749279121818236,-0.2225209339563146,88.986,88.666,53.864666666666665,22.850435379101654,train
2016-11-05 19:00:00,Hog_public_Gerard,Hog,52.195,16.7,6.1,1022.8,2.6,0.0,19,5,1,11,-0.9659258262890684,0.2588190451025203,-0.9749279121818236,-0.2225209339563146,90.181,48.762,54.00770833333333,22.82783831484337,train
2016-11-05 20:00:00,Hog_public_Gerard,Hog,42.592,16.7,6.1,1023.0,3.1,0.0,20,5,1,11,-0.8660254037844386,0.5000000000000001,-0.9749279121818236,-0.2225209339563146,52.195,40.218,54.106625,22.770558949074317,train
2016-11-05 21:00:00,Hog_public_Gerard,Hog,41.737,14.4,6.7,1023.1,2.6,0.0,21,5,1,11,-0.7071067811865477,0.7071067811865474,-0.9749279121818236,-0.2225209339563146,42.592,40.765,54.147124999999996,22.746649500650474,train
2016-11-05 22:00:00,Hog_public_Gerard,Hog,41.97,15.0,6.7,1023.1,2.1,0.0,22,5,1,11,-0.5000000000000004,0.8660254037844384,-0.9749279121818236,-0.2225209339563146,41.737,40.635,54.20275,22.713778668751953,train
2016-11-05 23:00:00,Hog_public_Gerard,Hog,42.484,13.3,6.1,1023.1,2.6,0.0,23,5,1,11,-0.25881904510252157,0.9659258262890681,-0.9749279121818236,-0.2225209339563146,41.97,41.63800000000001,54.238,22.694079279579373,train
2016-11-06 00:00:00,Hog_public_Gerard,Hog,41.723,13.3,6.7,1023.0,2.6,0.0,0,6,1,11,0.0,1.0,-0.7818314824680299,0.6234898018587334,42.484,42.237,54.21658333333334,22.706136506157087,train
2016-11-06 01:00:00,Hog_public_Gerard,Hog,36.129,11.399999999999999,6.1,1023.1,2.1,0.0,1,6,1,11,0.25881904510252074,0.9659258262890683,-0.7818314824680299,0.6234898018587334,41.723,36.487,54.20166666666666,22.718404539944864,train
2016-11-06 02:00:00,Hog_public_Gerard,Hog,73.936,10.6,6.1,1023.0,1.5,0.0,2,6,1,11,0.49999999999999994,0.8660254037844387,-0.7818314824680299,0.6234898018587334,36.129,34.917,55.82745833333334,22.674448931473982,train
2016-11-06 03:00:00,Hog_public_Gerard,Hog,36.323,9.4,5.6,1023.1,0.0,0.0,3,6,1,11,0.7071067811865476,0.7071067811865476,-0.7818314824680299,0.6234898018587334,73.936,35.813,55.84870833333333,22.655107020904367,train
2016-11-06 04:00:00,Hog_public_Gerard,Hog,36.681,8.9,5.0,1023.2,0.0,0.0,4,6,1,11,0.8660254037844386,0.5000000000000001,-0.7818314824680299,0.6234898018587334,36.323,35.122,55.913666666666664,22.595250019623204,train
2016-11-06 05:00:00,Hog_public_Gerard,Hog,36.781,9.4,5.0,1023.4,1.5,0.0,5,6,1,11,0.9659258262890683,0.25881904510252074,-0.7818314824680299,0.6234898018587334,36.681,34.714,55.99979166666666,22.51472705080185,train
2016-11-06 06:00:00,Hog_public_Gerard,Hog,35.86199999999999,9.4,5.0,1023.5,2.6,0.0,6,6,1,11,1.0,6.123233995736766e-17,-0.7818314824680299,0.6234898018587334,36.781,34.532,56.05520833333333,22.46116296106265,train
2016-11-06 07:00:00,Hog_public_Gerard,Hog,36.657,8.3,5.0,1023.7,2.1,0.0,7,6,1,11,0.9659258262890683,-0.25881904510252063,-0.7818314824680299,0.6234898018587334,35.86199999999999,35.171,56.117124999999994,22.40306333539656,train
2016-11-06 08:00:00,Hog_public_Gerard,Hog,35.927,8.9,5.6,1024.1,2.6,0.0,8,6,1,11,0.8660254037844387,-0.4999999999999998,-0.7818314824680299,0.6234898018587334,36.657,34.686,56.16883333333334,22.35282351130486,train
2016-11-06 09:00:00,Hog_public_Gerard,Hog,34.639,11.7,6.7,1024.2,2.6,0.0,9,6,1,11,0.7071067811865476,-0.7071067811865475,-0.7818314824680299,0.6234898018587334,35.927,34.556,56.172291666666666,22.349340430846,train
2016-11-06 10:00:00,Hog_public_Gerard,Hog,33.532,15.0,7.2,1024.2,1.5,0.0,10,6,1,11,0.49999999999999994,-0.8660254037844387,-0.7818314824680299,0.6234898018587334,34.639,42.64100000000001,55.79274999999999,22.664249874407325,train
2016-11-06 11:00:00,Hog_public_Gerard,Hog,32.514,17.8,5.6,1023.9,3.1,0.0,11,6,1,11,0.258819045102521,-0.9659258262890682,-0.7818314824680299,0.6234898018587334,33.532,80.426,53.796416666666666,22.509731217209648,train
2016-11-06 12:00:00,Hog_public_Gerard,Hog,65.028,18.9,5.0,1023.0,4.1,0.0,12,6,1,11,1.2246467991473532e-16,-1.0,-0.7818314824680299,0.6234898018587334,32.514,78.502,53.23500000000001,22.02966584443349,train
2016-11-06 13:00:00,Hog_public_Gerard,Hog,85.03200000000002,20.6,4.4,1022.1,4.6,2.0,13,6,1,11,-0.2588190451025208,-0.9659258262890683,-0.7818314824680299,0.6234898018587334,65.028,81.963,53.362875,22.21182690509641,train
2016-11-06 14:00:00,Hog_public_Gerard,Hog,84.053,21.1,3.3,1021.5,6.2,2.0,14,6,1,11,-0.4999999999999997,-0.8660254037844388,-0.7818314824680299,0.6234898018587334,85.03200000000002,85.61,53.298,22.11561178266944,train
2016-11-06 15:00:00,Hog_public_Gerard,Hog,87.92200000000004,20.6,4.4,1021.1,5.7,2.0,15,6,1,11,-0.7071067811865471,-0.7071067811865479,-0.7818314824680299,0.6234898018587334,84.053,86.714,53.348333333333336,22.196198324442392,train
2016-11-06 16:00:00,Hog_public_Gerard,Hog,91.799,20.0,4.4,1021.2,6.2,2.0,16,6,1,11,-0.8660254037844385,-0.5000000000000004,-0.7818314824680299,0.6234898018587334,87.92200000000004,87.476,53.52845833333333,22.50064300140015,train
2016-11-06 17:00:00,Hog_public_Gerard,Hog,92.177,18.9,5.0,1021.2,5.1,2.0,17,6,1,11,-0.9659258262890683,-0.25881904510252063,-0.7818314824680299,0.6234898018587334,91.799,88.986,53.66141666666667,22.727558217162283,train
2016-11-06 18:00:00,Hog_public_Gerard,Hog,93.151,17.2,5.0,1021.4,4.6,2.0,18,6,1,11,-1.0,-1.8369701987210297e-16,-0.7818314824680299,0.6234898018587334,92.177,90.181,53.78516666666667,22.942123253141304,train
2016-11-06 19:00:00,Hog_public_Gerard,Hog,67.446,15.0,5.6,1021.5,3.6,2.0,19,6,1,11,-0.9659258262890684,0.2588190451025203,-0.7818314824680299,0.6234898018587334,93.151,52.195,54.420625,23.10678594814235,train
2016-11-06 20:00:00,Hog_public_Gerard,Hog,65.09,13.3,5.6,1021.4,2.6,2.0,20,6,1,11,-0.8660254037844386,0.5000000000000001,-0.7818314824680299,0.6234898018587334,67.446,42.592,55.35804166666667,23.062364410779463,train
2016-11-06 21:00:00,Hog_public_Gerard,Hog,62.901,11.7,5.0,1021.3,3.1,0.0,21,6,1,11,-0.7071067811865477,0.7071067811865474,-0.7818314824680299,0.6234898018587334,65.09,41.737,56.239875000000005,22.923095743419207,train
2016-11-06 22:00:00,Hog_public_Gerard,Hog,63.32100000000001,11.1,5.6,1021.2,3.1,0.0,22,6,1,11,-0.5000000000000004,0.8660254037844384,-0.7818314824680299,0.6234898018587334,62.901,41.97,57.12950000000001,22.758935120653025,train
2016-11-06 23:00:00,Hog_public_Gerard,Hog,43.606,10.0,5.0,1021.3,3.6,0.0,23,6,1,11,-0.25881904510252157,0.9659258262890681,-0.7818314824680299,0.6234898018587334,63.32100000000001,42.484,57.17625,22.728675498910828,train
2016-11-07 00:00:00,Hog_public_Gerard,Hog,42.362,9.4,5.0,1021.1,3.6,0.0,0,0,0,11,0.0,1.0,0.0,1.0,43.606,41.723,57.202875000000006,22.710152798123953,train
2016-11-07 01:00:00,Hog_public_Gerard,Hog,46.62600000000001,9.4,4.4,1020.9,4.1,2.0,1,0,0,11,0.25881904510252074,0.9659258262890683,0.0,1.0,42.362,36.129,57.64025000000001,22.38540370177208,train
2016-11-07 02:00:00,Hog_public_Gerard,Hog,52.396,8.9,3.9,1020.7,3.6,4.0,2,0,0,11,0.49999999999999994,0.8660254037844387,0.0,1.0,46.62600000000001,73.936,56.74275,22.13404166957408,test
2016-11-07 03:00:00,Hog_public_Gerard,Hog,49.756,8.3,3.3,1021.3,3.6,4.0,3,0,0,11,0.7071067811865476,0.7071067811865476,0.0,1.0,52.396,36.323,57.302458333333334,21.761946582088502,test
2016-11-07 04:00:00,Hog_public_Gerard,Hog,36.81800000000001,8.3,3.3,1021.0,4.6,4.0,4,0,0,11,0.8660254037844386,0.5000000000000001,0.0,1.0,49.756,36.681,57.30816666666667,21.756319467079674,test
2016-11-07 05:00:00,Hog_public_Gerard,Hog,31.036,8.3,3.3,1020.9,4.1,4.0,5,0,0,11,0.9659258262890683,0.25881904510252074,0.0,1.0,36.81800000000001,36.781,57.06879166666667,22.02197322237249,test
2016-11-07 06:00:00,Hog_public_Gerard,Hog,31.118,8.9,3.3,1020.8,3.6,6.0,6,0,0,11,1.0,6.123233995736766e-17,0.0,1.0,31.036,35.86199999999999,56.871125000000006,22.240802545170617,test
2016-11-07 07:00:00,Hog_public_Gerard,Hog,37.436,8.3,3.3,1020.8,4.6,6.333333333333333,7,0,0,11,0.9659258262890683,-0.25881904510252063,0.0,1.0,31.118,36.657,56.90358333333334,22.210567206735952,test
2016-11-07 08:00:00,Hog_public_Gerard,Hog,68.275,9.4,3.9,1021.0,3.6,6.666666666666667,8,0,0,11,0.8660254037844387,-0.4999999999999998,0.0,1.0,37.436,35.927,58.25141666666667,21.86102960683739,test
2016-11-07 09:00:00,Hog_public_Gerard,Hog,89.493,11.1,3.9,1021.3,2.6,7.0,9,0,0,11,0.7071067811865476,-0.7071067811865475,0.0,1.0,68.275,34.639,60.537000000000006,22.150594334945282,test
2016-11-07 10:00:00,Hog_public_Gerard,Hog,89.208,13.9,4.4,1021.3,6.2,7.333333333333333,10,0,0,11,0.49999999999999994,-0.8660254037844387,0.0,1.0,89.493,33.532,62.85683333333335,22.114838861815453,test
2016-11-07 11:00:00,Hog_public_Gerard,Hog,92.124,15.0,5.0,1021.2,5.7,7.666666666666666,11,0,0,11,0.258819045102521,-0.9659258262890682,0.0,1.0,89.208,32.514,65.34058333333333,21.905273758333642,test
2016-11-07 12:00:00,Hog_public_Gerard,Hog,94.896,16.1,5.6,1020.7,4.6,8.0,12,0,0,11,1.2246467991473532e-16,-1.0,0.0,1.0,92.124,65.028,66.58508333333334,22.720032956797724,test
2016-11-07 13:00:00,Hog_public_Gerard,Hog,94.339,17.2,6.1,1020.1,4.1,8.0,13,0,0,11,-0.2588190451025208,-0.9659258262890683,0.0,1.0,94.896,85.03200000000002,66.972875,23.124407980788614,test
2016-11-07 14:00:00,Hog_public_Gerard,Hog,94.712,17.8,7.2,1019.8,3.6,8.0,14,0,0,11,-0.4999999999999997,-0.8660254037844388,0.0,1.0,94.339,84.053,67.417,23.564872604569043,test
2016-11-07 15:00:00,Hog_public_Gerard,Hog,94.827,17.8,7.8,1019.6,4.1,8.0,15,0,0,11,-0.7071067811865471,-0.7071067811865479,0.0,1.0,94.712,87.92200000000004,67.70470833333333,23.86633114093212,test
2016-11-07 16:00:00,Hog_public_Gerard,Hog,93.79,17.2,7.2,1020.2,5.7,8.0,16,0,0,11,-0.8660254037844385,-0.5000000000000004,0.0,1.0,94.827,91.799,67.78766666666667,23.957011236010263,test
2016-11-07 17:00:00,Hog_public_Gerard,Hog,93.9,15.6,6.7,1020.5,5.1,8.0,17,0,0,11,-0.9659258262890683,-0.25881904510252063,0.0,1.0,93.79,92.177,67.85945833333334,24.035728463701705,test
2016-11-07 18:00:00,Hog_public_Gerard,Hog,92.818,15.0,7.2,1020.7,4.1,8.0,18,0,0,11,-1.0,-1.8369701987210297e-16,0.0,1.0,93.9,93.151,67.84558333333334,24.0205850902869,test
2016-11-07 19:00:00,Hog_public_Gerard,Hog,91.59,15.0,7.2,1021.2,2.6,6.666666666666667,19,0,0,11,-0.9659258262890684,0.2588190451025203,0.0,1.0,92.818,67.446,68.85158333333334,24.503845729966017,test
2016-11-07 20:00:00,Hog_public_Gerard,Hog,91.665,14.4,7.8,1021.0,3.6,5.333333333333334,20,0,0,11,-0.8660254037844386,0.5000000000000001,0.0,1.0,91.59,65.09,69.95887499999999,24.92332648659908,test
2016-11-07 21:00:00,Hog_public_Gerard,Hog,89.462,13.9,7.8,1020.9,3.1,4.0,21,0,0,11,-0.7071067811865477,0.7071067811865474,0.0,1.0,91.665,62.901,71.06558333333334,25.18464307593659,test
2016-11-07 22:00:00,Hog_public_Gerard,Hog,68.207,12.8,6.1,1021.4,5.7,4.0,22,0,0,11,-0.5000000000000004,0.8660254037844384,0.0,1.0,89.462,63.32100000000001,71.26916666666666,25.13902379320574,test
2016-11-07 23:00:00,Hog_public_Gerard,Hog,50.424,11.7,5.0,1022.1,5.7,2.0,23,0,0,11,-0.25881904510252157,0.9659258262890681,0.0,1.0,68.207,43.606,71.55325,24.849683053267057,test
2016-11-08 00:00:00,Hog_public_Gerard,Hog,41.897,10.0,4.4,1022.6,3.6,0.0,0,1,0,11,0.0,1.0,0.7818314824680298,0.6234898018587336,50.424,42.362,71.533875,24.873602454623537,test
2016-11-08 01:00:00,Hog_public_Gerard,Hog,47.494,9.4,3.9,1023.6,5.1,0.0,1,1,0,11,0.25881904510252074,0.9659258262890683,0.7818314824680298,0.6234898018587336,41.897,46.62600000000001,71.57004166666667,24.836414569143518,test
2016-11-08 02:00:00,Hog_public_Gerard,Hog,52.464,8.9,3.9,1024.4,6.2,0.0,2,1,0,11,0.49999999999999994,0.8660254037844387,0.7818314824680298,0.6234898018587336,47.494,52.396,71.572875,24.834135869303,test
2016-11-08 03:00:00,Hog_public_Gerard,Hog,49.548,8.3,3.3,1024.9,5.1,0.0,3,1,0,11,0.7071067811865476,0.7071067811865476,0.7818314824680298,0.6234898018587336,52.464,49.756,71.56420833333333,24.842115608603745,test
2016-11-08 04:00:00,Hog_public_Gerard,Hog,40.595,7.8,3.3,1025.4,5.7,0.0,4,1,0,11,0.8660254037844386,0.5000000000000001,0.7818314824680298,0.6234898018587336,49.548,36.81800000000001,71.72158333333333,24.623428881977404,test
2016-11-08 05:00:00,Hog_public_Gerard,Hog,31.664,7.2,3.3,1026.2,5.7,0.0,5,1,0,11,0.9659258262890683,0.25881904510252074,0.7818314824680298,0.6234898018587336,40.595,31.036,71.74775000000001,24.578606468528367,test
2016-11-08 06:00:00,Hog_public_Gerard,Hog,31.263,7.2,3.3,1026.8,5.7,0.0,6,1,0,11,1.0,6.123233995736766e-17,0.7818314824680298,0.6234898018587336,31.664,31.118,71.75379166666666,24.568200663139276,test
2016-11-08 07:00:00,Hog_public_Gerard,Hog,38.479,6.7,2.8,1027.5,5.1,0.0,7,1,0,11,0.9659258262890683,-0.25881904510252063,0.7818314824680298,0.6234898018587336,31.263,37.436,71.79725,24.50570007915642,test
2016-11-08 08:00:00,Hog_public_Gerard,Hog,68.13,7.2,3.3,1028.7,5.1,0.0,8,1,0,11,0.8660254037844387,-0.4999999999999998,0.7818314824680298,0.6234898018587336,38.479,68.275,71.79120833333333,24.506624071656514,test
2016-11-08 09:00:00,Hog_public_Gerard,Hog,80.143,8.9,3.3,1029.3,5.7,0.0,9,1,0,11,0.7071067811865476,-0.7071067811865475,0.7818314824680298,0.6234898018587336,68.13,89.493,71.401625,24.28631098557468,test
2016-11-08 10:00:00,Hog_public_Gerard,Hog,86.07,10.6,3.3,1029.5,6.7,0.0,10,1,0,11,0.49999999999999994,-0.8660254037844387,0.7818314824680298,0.6234898018587336,80.143,89.208,71.270875,24.194552630369042,test
2016-11-08 11:00:00,Hog_public_Gerard,Hog,90.077,12.2,3.3,1029.5,5.1,0.0,11,1,0,11,0.258819045102521,-0.9659258262890682,0.7818314824680298,0.6234898018587336,86.07,92.124,71.18558333333334,24.12134143814071,test
2016-11-08 12:00:00,Hog_public_Gerard,Hog,92.912,12.8,2.8,1029.2,5.1,2.0,12,1,0,11,1.2246467991473532e-16,-1.0,0.7818314824680298,0.6234898018587336,90.077,94.896,71.10291666666666,24.039812002659055,test
2016-11-08 13:00:00,Hog_public_Gerard,Hog,93.708,13.9,2.2,1029.2,5.7,2.0,13,1,0,11,-0.2588190451025208,-0.9659258262890683,0.7818314824680298,0.6234898018587336,92.912,94.339,71.07662499999999,24.01362524432748,test
2016-11-08 14:00:00,Hog_public_Gerard,Hog,94.979,14.4,1.1,1028.9,6.2,2.0,14,1,0,11,-0.4999999999999997,-0.8660254037844388,0.7818314824680298,0.6234898018587336,93.708,94.712,71.08775,24.025110187052253,test
2016-11-08 15:00:00,Hog_public_Gerard,Hog,95.052,14.4,0.0,1028.9,5.7,2.0,15,1,0,11,-0.7071067811865471,-0.7071067811865479,0.7818314824680298,0.6234898018587336,94.979,94.827,71.09712499999999,24.034818336362736,test
2016-11-08 16:00:00,Hog_public_Gerard,Hog,93.455,13.9,-0.6,1029.0,4.1,0.0,16,1,0,11,-0.8660254037844385,-0.5000000000000004,0.7818314824680298,0.6234898018587336,95.052,93.79,71.08316666666667,24.021159738622273,test
2016-11-08 17:00:00,Hog_public_Gerard,Hog,92.546,12.2,-0.6,1029.3,3.1,0.0,17,1,0,11,-0.9659258262890683,-0.25881904510252063,0.7818314824680298,0.6234898018587336,93.455,93.9,71.02674999999999,23.966770104441114,test
2016-11-08 18:00:00,Hog_public_Gerard,Hog,91.297,11.1,-1.1,1030.2,2.6,0.0,18,1,0,11,-1.0,-1.8369701987210297e-16,0.7818314824680298,0.6234898018587336,92.546,92.818,70.963375,23.90858283002611,test
2016-11-08 19:00:00,Hog_public_Gerard,Hog,92.405,9.4,-0.6,1030.1,2.1,0.0,19,1,0,11,-0.9659258262890684,0.2588190451025203,0.7818314824680298,0.6234898018587336,91.297,91.59,70.99733333333334,23.939711964172382,test
2016-11-08 20:00:00,Hog_public_Gerard,Hog,90.562,9.4,-1.1,1030.0,2.1,0.0,20,1,0,11,-0.8660254037844386,0.5000000000000001,0.7818314824680298,0.6234898018587336,92.405,91.665,70.951375,23.899334763913632,test
2016-11-08 21:00:00,Hog_public_Gerard,Hog,89.396,7.2,0.0,1030.2,2.6,0.0,21,1,0,11,-0.7071067811865477,0.7071067811865474,0.7818314824680298,0.6234898018587336,90.562,89.462,70.948625,23.897115908960778,test
2016-11-08 22:00:00,Hog_public_Gerard,Hog,70.60600000000002,8.3,-0.6,1029.9,0.0,4.0,22,1,0,11,-0.5000000000000004,0.8660254037844384,0.7818314824680298,0.6234898018587336,89.396,68.207,71.04858333333333,23.89016580086366,test
2016-11-08 23:00:00,Hog_public_Gerard,Hog,57.595,6.7,0.0,1029.8,0.0,4.0,23,1,0,11,-0.25881904510252157,0.9659258262890681,0.7818314824680298,0.6234898018587336,70.60600000000002,50.424,71.347375,23.664781516941307,test
2016-11-09 00:00:00,Hog_public_Gerard,Hog,45.478,4.4,0.6,1029.8,0.0,2.0,0,2,0,11,0.0,1.0,0.9749279121818236,-0.22252093395631434,57.595,41.897,71.49658333333333,23.481601491411336,test
2016-11-09 01:00:00,Hog_public_Gerard,Hog,49.68899999999999,5.0,0.6,1029.5,1.5,2.0,1,2,0,11,0.25881904510252074,0.9659258262890683,0.9749279121818236,-0.22252093395631434,45.478,47.494,71.58804166666665,23.388137954916164,test
2016-11-09 02:00:00,Hog_public_Gerard,Hog,51.27,3.9,0.0,1029.6,0.0,2.0,2,2,0,11,0.49999999999999994,0.8660254037844387,0.9749279121818236,-0.22252093395631434,49.68899999999999,52.464,71.53829166666667,23.431815399393056,test
2016-11-09 03:00:00,Hog_public_Gerard,Hog,49.76600000000001,4.4,1.1,1029.5,2.1,0.0,3,2,0,11,0.7071067811865476,0.7071067811865476,0.9749279121818236,-0.22252093395631434,51.27,49.548,71.547375,23.422960821293948,test
2016-11-09 04:00:00,Hog_public_Gerard,Hog,41.195,3.9,1.1,1028.9,1.5,0.0,4,2,0,11,0.8660254037844386,0.5000000000000001,0.9749279121818236,-0.22252093395631434,49.76600000000001,40.595,71.57237500000001,23.38878336113557,test
2016-11-09 05:00:00,Hog_public_Gerard,Hog,32.796,2.8,0.0,1028.9,0.0,2.0,5,2,0,11,0.9659258262890683,0.25881904510252074,0.9749279121818236,-0.22252093395631434,41.195,31.664,71.61954166666666,23.305797724244655,test
2016-11-09 06:00:00,Hog_public_Gerard,Hog,31.666,3.3,0.6,1029.0,0.0,2.0,6,2,0,11,1.0,6.123233995736766e-17,0.9749279121818236,-0.22252093395631434,32.796,31.263,71.63633333333334,23.275582506448565,test
2016-11-09 07:00:00,Hog_public_Gerard,Hog,37.468,3.3,0.6,1028.9,1.5,2.0,7,2,0,11,0.9659258262890683,-0.25881904510252063,0.9749279121818236,-0.22252093395631434,31.666,38.479,71.59420833333333,23.339029360203714,test
2016-11-09 08:00:00,Hog_public_Gerard,Hog,65.149,3.9,1.1,1028.9,2.1,2.0,8,2,0,11,0.8660254037844387,-0.4999999999999998,0.9749279121818236,-0.22252093395631434,37.468,68.13,71.47,23.36618367567154,test
2016-11-09 09:00:00,Hog_public_Gerard,Hog,78.528,6.1,2.2,1028.4,2.1,2.0,9,2,0,11,0.7071067811865476,-0.7071067811865475,0.9749279121818236,-0.22252093395631434,65.149,80.143,71.40270833333334,23.34243399342323,test
2016-11-09 10:00:00,Hog_public_Gerard,Hog,86.23299999999998,9.4,2.8,1027.9,3.6,2.0,10,2,0,11,0.49999999999999994,-0.8660254037844387,0.9749279121818236,-0.22252093395631434,78.528,86.07,71.4095,23.346910388650013,test
2016-11-09 11:00:00,Hog_public_Gerard,Hog,91.31,11.7,2.8,1027.2,3.6,2.0,11,2,0,11,0.258819045102521,-0.9659258262890682,0.9749279121818236,-0.22252093395631434,86.23299999999998,90.077,71.460875,23.391089130752928,test
2016-11-09 12:00:00,Hog_public_Gerard,Hog,93.745,12.8,2.8,1026.1,4.6,2.0,12,2,0,11,1.2246467991473532e-16,-1.0,0.9749279121818236,-0.22252093395631434,91.31,92.912,71.49558333333333,23.424896378438504,test
2016-11-09 13:00:00,Hog_public_Gerard,Hog,93.299,13.9,2.2,1024.8,6.7,2.0,13,2,0,11,-0.2588190451025208,-0.9659258262890683,0.9749279121818236,-0.22252093395631434,93.745,93.708,71.47854166666667,23.408177010495965,test
2016-11-09 14:00:00,Hog_public_Gerard,Hog,90.306,15.0,2.2,1024.3,5.1,2.0,14,2,0,11,-0.4999999999999997,-0.8660254037844388,0.9749279121818236,-0.22252093395631434,93.299,94.979,71.28383333333333,23.222903841694336,test
2016-11-09 15:00:00,Hog_public_Gerard,Hog,92.144,15.0,1.7,1023.6,4.6,2.0,15,2,0,11,-0.7071067811865471,-0.7071067811865479,0.9749279121818236,-0.22252093395631434,90.306,95.052,71.16266666666668,23.10076556169154,test
2016-11-09 16:00:00,Hog_public_Gerard,Hog,92.266,15.0,2.2,1023.3,5.1,4.0,16,2,0,11,-0.8660254037844385,-0.5000000000000004,0.9749279121818236,-0.22252093395631434,92.144,93.455,71.113125,23.05210274915524,test
2016-11-09 17:00:00,Hog_public_Gerard,Hog,95.397,13.9,2.8,1022.1,3.6,4.0,17,2,0,11,-0.9659258262890683,-0.25881904510252063,0.9749279121818236,-0.22252093395631434,92.266,92.546,71.23191666666666,23.174373895987273,test
2016-11-09 18:00:00,Hog_public_Gerard,Hog,95.341,12.8,2.8,1021.5,3.6,2.0,18,2,0,11,-1.0,-1.8369701987210297e-16,0.9749279121818236,-0.22252093395631434,95.397,91.297,71.40041666666667,23.340714420191368,test
2016-11-09 19:00:00,Hog_public_Gerard,Hog,94.839,12.2,2.2,1021.1,3.1,2.0,19,2,0,11,-0.9659258262890684,0.2588190451025203,0.9749279121818236,-0.22252093395631434,95.341,92.405,71.50183333333332,23.441020957633942,test
2016-11-09 20:00:00,Hog_public_Gerard,Hog,92.854,12.2,1.7,1020.6,4.1,2.0,20,2,0,11,-0.8660254037844386,0.5000000000000001,0.9749279121818236,-0.22252093395631434,94.839,90.562,71.59733333333334,23.526562086781613,test
2016-11-09 21:00:00,Hog_public_Gerard,Hog,91.205,11.7,1.7,1020.4,4.1,2.0,21,2,0,11,-0.7071067811865477,0.7071067811865474,0.9749279121818236,-0.22252093395631434,92.854,89.396,71.67270833333333,23.58888052982515,test
2016-11-09 22:00:00,Hog_public_Gerard,Hog,68.607,11.1,1.7,1019.6,5.1,0.0,22,2,0,11,-0.5000000000000004,0.8660254037844384,0.9749279121818236,-0.22252093395631434,91.205,70.60600000000002,71.58941666666668,23.59633883524175,test
2016-11-09 23:00:00,Hog_public_Gerard,Hog,50.523,10.6,1.7,1018.7,5.7,0.0,23,2,0,11,-0.25881904510252157,0.9659258262890681,0.9749279121818236,-0.22252093395631434,68.607,57.595,71.29475000000001,23.821776736660638,test
2016-11-10 00:00:00,Hog_public_Gerard,Hog,46.24800000000001,10.6,1.7,1017.9,5.1,0.0,0,3,0,11,0.0,1.0,0.43388373911755823,-0.900968867902419,50.523,45.478,71.32683333333334,23.785986447388805,test
2016-11-10 01:00:00,Hog_public_Gerard,Hog,47.22,10.0,1.7,1017.5,4.1,0.0,1,3,0,11,0.25881904510252074,0.9659258262890683,0.43388373911755823,-0.900968867902419,46.24800000000001,49.68899999999999,71.22395833333334,23.88875673595205,test
2016-11-10 02:00:00,Hog_public_Gerard,Hog,53.084,9.4,2.2,1016.8,3.6,0.0,2,3,0,11,0.49999999999999994,0.8660254037844387,0.43388373911755823,-0.900968867902419,47.22,51.27,71.29954166666666,23.825664450754132,test
2016-11-10 03:00:00,Hog_public_Gerard,Hog,48.542,8.9,2.2,1016.2,3.6,0.0,3,3,0,11,0.7071067811865476,0.7071067811865476,0.43388373911755823,-0.900968867902419,53.084,49.76600000000001,71.24854166666667,23.87502101247277,test
2016-11-10 04:00:00,Hog_public_Gerard,Hog,47.045,8.9,2.2,1015.5,3.1,0.0,4,3,0,11,0.8660254037844386,0.5000000000000001,0.43388373911755823,-0.900968867902419,48.542,41.195,71.49229166666666,23.582927296409903,test
2016-11-10 05:00:00,Hog_public_Gerard,Hog,31.847,8.3,2.2,1015.1,4.6,0.0,5,3,0,11,0.9659258262890683,0.25881904510252074,0.43388373911755823,-0.900968867902419,47.045,32.796,71.45275000000001,23.651327028216702,test
2016-11-10 06:00:00,Hog_public_Gerard,Hog,32.293,7.8,2.2,1014.5,4.6,0.0,6,3,0,11,1.0,6.123233995736766e-17,0.43388373911755823,-0.900968867902419,31.847,31.666,71.478875,23.605770645465192,test
2016-11-10 07:00:00,Hog_public_Gerard,Hog,38.746,7.8,2.2,1014.0,3.1,0.0,7,3,0,11,0.9659258262890683,-0.25881904510252063,0.43388373911755823,-0.900968867902419,32.293,37.468,71.53212500000001,23.527023142340365,test
2016-11-10 08:00:00,Hog_public_Gerard,Hog,66.523,7.8,2.8,1014.1,3.6,0.0,8,3,0,11,0.8660254037844387,-0.4999999999999998,0.43388373911755823,-0.900968867902419,38.746,65.149,71.589375,23.512482530909107,test
2016-11-10 09:00:00,Hog_public_Gerard,Hog,80.027,9.4,2.8,1013.8,4.6,0.0,9,3,0,11,0.7071067811865476,-0.7071067811865475,0.43388373911755823,-0.900968867902419,66.523,78.528,71.65183333333333,23.53369700010509,test
2016-11-10 10:00:00,Hog_public_Gerard,Hog,85.26899999999998,11.7,3.3,1013.5,4.6,0.0,10,3,0,11,0.49999999999999994,-0.8660254037844387,0.43388373911755823,-0.900968867902419,80.027,86.23299999999998,71.61166666666666,23.508537449498945,test
2016-11-10 11:00:00,Hog_public_Gerard,Hog,88.81299999999996,13.9,3.3,1013.7,5.1,0.0,11,3,0,11,0.258819045102521,-0.9659258262890682,0.43388373911755823,-0.900968867902419,85.26899999999998,91.31,71.507625,23.422937846798842,test
2016-11-10 12:00:00,Hog_public_Gerard,Hog,87.15100000000002,16.1,4.4,1013.3,4.6,0.0,12,3,0,11,1.2246467991473532e-16,-1.0,0.43388373911755823,-0.900968867902419,88.81299999999996,93.745,71.23287499999999,23.188251366122458,test
2016-11-10 13:00:00,Hog_public_Gerard,Hog,91.523,17.8,5.6,1013.4,5.1,0.0,13,3,0,11,-0.2588190451025208,-0.9659258262890683,0.43388373911755823,-0.900968867902419,87.15100000000002,93.299,71.158875,23.117496581617324,test
2016-11-10 14:00:00,Hog_public_Gerard,Hog,89.764,19.4,5.6,1014.0,8.8,0.0,14,3,0,11,-0.4999999999999997,-0.8660254037844388,0.43388373911755823,-0.900968867902419,91.523,90.306,71.13629166666666,23.09823534475455,test
2016-11-10 15:00:00,Hog_public_Gerard,Hog,91.54,19.4,5.0,1014.6,8.2,0.0,15,3,0,11,-0.7071067811865471,-0.7071067811865479,0.43388373911755823,-0.900968867902419,89.764,92.144,71.111125,23.07466826048694,test
2016-11-10 16:00:00,Hog_public_Gerard,Hog,96.148,18.9,3.9,1015.6,7.2,0.0,16,3,0,11,-0.8660254037844385,-0.5000000000000004,0.43388373911755823,-0.900968867902419,91.54,92.266,71.272875,23.242404755312737,test
2016-11-10 17:00:00,Hog_public_Gerard,Hog,93.336,17.2,1.7,1017.2,7.2,0.0,17,3,0,11,-0.9659258262890683,-0.25881904510252063,0.43388373911755823,-0.900968867902419,96.148,95.397,71.187,23.153032294599864,test
2016-11-10 18:00:00,Hog_public_Gerard,Hog,91.571,15.6,0.0,1018.9,5.1,0.0,18,3,0,11,-1.0,-1.8369701987210297e-16,0.43388373911755823,-0.900968867902419,93.336,95.341,71.02991666666667,22.994277490217065,test
2016-11-10 19:00:00,Hog_public_Gerard,Hog,89.363,13.9,1.1,1020.3,5.1,0.0,19,3,0,11,-0.9659258262890684,0.2588190451025203,0.43388373911755823,-0.900968867902419,91.571,94.839,70.80175,22.773866021976996,test
2016-11-10 20:00:00,Hog_public_Gerard,Hog,87.79299999999998,12.8,0.6,1021.1,4.6,0.0,20,3,0,11,-0.8660254037844386,0.5000000000000001,0.43388373911755823,-0.900968867902419,89.363,92.854,70.590875,22.583429862954873,test
2016-11-10 21:00:00,Hog_public_Gerard,Hog,86.18,11.7,0.0,1021.9,6.2,0.0,21,3,0,11,-0.7071067811865477,0.7071067811865474,0.43388373911755823,-0.900968867902419,87.79299999999998,91.205,70.3815,22.4066047716138,test
2016-11-10 22:00:00,Hog_public_Gerard,Hog,68.14399999999999,11.1,-0.6,1022.6,5.7,0.0,22,3,0,11,-0.5000000000000004,0.8660254037844384,0.43388373911755823,-0.900968867902419,86.18,68.607,70.36220833333333,22.408398254806535,test
2016-11-10 23:00:00,Hog_public_Gerard,Hog,48.201,10.0,-0.6,1023.2,7.2,0.0,23,3,0,11,-0.25881904510252157,0.9659258262890681,0.43388373911755823,-0.900968867902419,68.14399999999999,50.523,70.26545833333333,22.50259453442645,test
2016-11-11 00:00:00,Hog_public_Gerard,Hog,42.786,10.0,-1.1,1023.7,5.7,0.0,0,4,0,11,0.0,1.0,-0.433883739117558,-0.9009688679024191,48.201,46.24800000000001,70.12120833333333,22.673695187958476,test
2016-11-11 01:00:00,Hog_public_Gerard,Hog,49.195,8.9,-0.6,1024.4,4.1,0.0,1,4,0,11,0.25881904510252074,0.9659258262890683,-0.433883739117558,-0.9009688679024191,42.786,47.22,70.20349999999999,22.590394992408733,test
2016-11-11 02:00:00,Hog_public_Gerard,Hog,50.62600000000001,7.8,-0.6,1025.3,4.1,0.0,2,4,0,11,0.49999999999999994,0.8660254037844387,-0.433883739117558,-0.9009688679024191,49.195,53.084,70.10108333333334,22.6767897446528,test
2016-11-11 03:00:00,Hog_public_Gerard,Hog,48.21100000000001,7.2,-0.6,1026.1,3.1,0.0,3,4,0,11,0.7071067811865476,0.7071067811865476,-0.433883739117558,-0.9009688679024191,50.62600000000001,48.542,70.08729166666666,22.690568190864624,test
2016-11-11 04:00:00,Hog_public_Gerard,Hog,41.029,6.7,-0.6,1026.8,5.7,2.0,4,4,0,11,0.8660254037844386,0.5000000000000001,-0.433883739117558,-0.9009688679024191,48.21100000000001,47.045,69.83662500000001,22.987475275656422,test
2016-11-11 05:00:00,Hog_public_Gerard,Hog,33.466,6.1,-1.1,1028.2,6.7,0.0,5,4,0,11,0.9659258262890683,0.25881904510252074,-0.433883739117558,-0.9009688679024191,41.029,31.847,69.90408333333333,22.873236676948725,test
2016-11-11 06:00:00,Hog_public_Gerard,Hog,32.366,5.0,-1.1,1029.2,5.1,0.0,6,4,0,11,1.0,6.123233995736766e-17,-0.433883739117558,-0.9009688679024191,33.466,32.293,69.907125,22.868021984977997,test
2016-11-11 07:00:00,Hog_public_Gerard,Hog,38.676,4.4,-1.1,1030.3,3.6,2.0,7,4,0,11,0.9659258262890683,-0.25881904510252063,-0.433883739117558,-0.9009688679024191,32.366,38.746,69.90420833333333,22.872173269830462,test
2016-11-11 08:00:00,Hog_public_Gerard,Hog,66.986,5.0,-1.1,1031.3,5.1,0.0,8,4,0,11,0.8660254037844387,-0.4999999999999998,-0.433883739117558,-0.9009688679024191,38.676,66.523,69.9235,22.869392465457683,test
2016-11-11 09:00:00,Hog_public_Gerard,Hog,85.49700000000001,5.6,-0.6,1032.2,6.2,0.0,9,4,0,11,0.7071067811865476,-0.7071067811865475,-0.433883739117558,-0.9009688679024191,66.986,80.027,70.15141666666666,23.00133838812276,test
2016-11-11 10:00:00,Hog_public_Gerard,Hog,85.493,6.7,-1.1,1032.8,5.7,0.0,10,4,0,11,0.49999999999999994,-0.8660254037844387,-0.433883739117558,-0.9009688679024191,85.49700000000001,85.26899999999998,70.16075,23.007783955511243,test
2016-11-11 11:00:00,Hog_public_Gerard,Hog,88.929,7.2,-1.7,1032.8,3.6,0.0,11,4,0,11,0.258819045102521,-0.9659258262890682,-0.433883739117558,-0.9009688679024191,85.493,88.81299999999996,70.16558333333334,23.011884487041254,test
2016-11-11 12:00:00,Hog_public_Gerard,Hog,87.846,8.3,-1.7,1033.3,3.1,0.0,12,4,0,11,1.2246467991473532e-16,-1.0,-0.433883739117558,-0.9009688679024191,88.929,87.15100000000002,70.19454166666667,23.03461446715279,test
2016-11-11 13:00:00,Hog_public_Gerard,Hog,89.15100000000002,8.9,-1.7,1032.1,1.5,0.0,13,4,0,11,-0.2588190451025208,-0.9659258262890683,-0.433883739117558,-0.9009688679024191,87.846,91.523,70.09570833333333,22.944033428207703,test
2016-11-11 14:00:00,Hog_public_Gerard,Hog,88.85700000000001,8.9,-2.8,1032.2,3.1,0.0,14,4,0,11,-0.4999999999999997,-0.8660254037844388,-0.433883739117558,-0.9009688679024191,89.15100000000002,89.764,70.05791666666666,22.91095190916476,test
2016-11-11 15:00:00,Hog_public_Gerard,Hog,92.807,9.4,-2.8,1032.0,4.1,0.0,15,4,0,11,-0.7071067811865471,-0.7071067811865479,-0.433883739117558,-0.9009688679024191,88.85700000000001,91.54,70.11070833333333,22.964001602658158,test
2016-11-11 16:00:00,Hog_public_Gerard,Hog,93.212,8.9,-3.3,1032.1,2.6,0.0,16,4,0,11,-0.8660254037844385,-0.5000000000000004,-0.433883739117558,-0.9009688679024191,92.807,96.148,69.988375,22.82667532746364,test
2016-11-11 17:00:00,Hog_public_Gerard,Hog,91.847,7.8,-3.3,1032.1,0.0,0.0,17,4,0,11,-0.9659258262890683,-0.25881904510252063,-0.433883739117558,-0.9009688679024191,93.212,93.336,69.92633333333335,22.762391716747803,test
2016-11-11 18:00:00,Hog_public_Gerard,Hog,90.48,6.7,-2.8,1032.6,0.0,0.0,18,4,0,11,-1.0,-1.8369701987210297e-16,-0.433883739117558,-0.9009688679024191,91.847,91.571,69.880875,22.718332940433672,test
2016-11-11 19:00:00,Hog_public_Gerard,Hog,51.305,6.1,-2.8,1032.3,0.0,0.0,19,4,0,11,-0.9659258262890684,0.2588190451025203,-0.433883739117558,-0.9009688679024191,90.48,89.363,68.295125,22.627398216038387,test
2016-11-11 20:00:00,Hog_public_Gerard,Hog,45.048,5.0,-2.8,1032.4,0.0,0.0,20,4,0,11,-0.8660254037844386,0.5000000000000001,-0.433883739117558,-0.9009688679024191,51.305,87.79299999999998,66.51408333333333,22.708082755431825,test
2016-11-11 21:00:00,Hog_public_Gerard,Hog,44.652,3.9,-2.2,1032.2,0.0,0.0,21,4,0,11,-0.7071067811865477,0.7071067811865474,-0.433883739117558,-0.9009688679024191,45.048,86.18,64.78375000000001,22.726594881136705,test
2016-11-11 22:00:00,Hog_public_Gerard,Hog,44.037,3.9,-2.8,1031.7,1.5,0.0,22,4,0,11,-0.5000000000000004,0.8660254037844384,-0.433883739117558,-0.9009688679024191,44.652,68.14399999999999,63.77929166666667,23.101269041895073,test
2016-11-11 23:00:00,Hog_public_Gerard,Hog,44.299,3.9,-2.8,1031.2,2.1,0.0,23,4,0,11,-0.25881904510252157,0.9659258262890681,-0.433883739117558,-0.9009688679024191,44.037,48.201,63.61670833333334,23.229051069875613,test
2016-11-12 00:00:00,Hog_public_Gerard,Hog,44.37,2.8,-2.2,1031.0,2.6,0.0,0,5,1,11,0.0,1.0,-0.9749279121818236,-0.2225209339563146,44.299,42.786,63.68270833333333,23.169465983373797,test
2016-11-12 01:00:00,Hog_public_Gerard,Hog,38.455,1.7,-3.3,1030.9,2.1,0.0,1,5,1,11,0.25881904510252074,0.9659258262890683,-0.9749279121818236,-0.2225209339563146,44.37,49.195,63.23520833333334,23.561845507882534,test
2016-11-12 02:00:00,Hog_public_Gerard,Hog,37.396,2.2,-2.8,1030.7,2.6,0.0,2,5,1,11,0.49999999999999994,0.8660254037844387,-0.9749279121818236,-0.2225209339563146,38.455,50.62600000000001,62.683958333333344,24.019984868545414,test
2016-11-12 03:00:00,Hog_public_Gerard,Hog,37.701,1.7,-2.8,1030.1,2.1,0.0,3,5,1,11,0.7071067811865476,0.7071067811865476,-0.9749279121818236,-0.2225209339563146,37.396,48.21100000000001,62.24604166666668,24.388300528129637,test
2016-11-12 04:00:00,Hog_public_Gerard,Hog,37.298,1.7,-2.8,1029.9,3.1,0.0,4,5,1,11,0.8660254037844386,0.5000000000000001,-0.9749279121818236,-0.2225209339563146,37.701,41.029,62.09058333333334,24.540838697826928,test
2016-11-12 05:00:00,Hog_public_Gerard,Hog,36.942,1.1,-2.8,1029.4,2.6,0.0,5,5,1,11,0.9659258262890683,0.25881904510252074,-0.9749279121818236,-0.2225209339563146,37.298,33.466,62.23541666666667,24.374251028701394,test
2016-11-12 06:00:00,Hog_public_Gerard,Hog,37.157,1.1,-2.8,1028.6,2.6,0.0,6,5,1,11,1.0,6.123233995736766e-17,-0.9749279121818236,-0.2225209339563146,36.942,32.366,62.43504166666667,24.137453425491255,test
2016-11-12 07:00:00,Hog_public_Gerard,Hog,37.656,1.1,-2.8,1028.1,2.1,0.0,7,5,1,11,0.9659258262890683,-0.25881904510252063,-0.9749279121818236,-0.2225209339563146,37.157,38.676,62.392541666666666,24.18196293859148,test
2016-11-12 08:00:00,Hog_public_Gerard,Hog,36.564,2.2,-1.7,1027.9,1.5,0.0,8,5,1,11,0.8660254037844387,-0.4999999999999998,-0.9749279121818236,-0.2225209339563146,37.656,66.986,61.12495833333333,24.722019678784235,test
2016-11-12 09:00:00,Hog_public_Gerard,Hog,36.407,5.6,-0.6,1027.2,6.2,0.0,9,5,1,11,0.7071067811865476,-0.7071067811865475,-0.9749279121818236,-0.2225209339563146,36.564,85.49700000000001,59.079541666666664,24.648548291284033,test
2016-11-12 10:00:00,Hog_public_Gerard,Hog,43.335,7.2,-0.6,1026.7,9.3,0.0,10,5,1,11,0.49999999999999994,-0.8660254037844387,-0.9749279121818236,-0.2225209339563146,36.407,85.493,57.32295833333333,24.18213248675336,test
2016-11-12 11:00:00,Hog_public_Gerard,Hog,78.76,8.3,0.0,1026.4,7.2,0.0,11,5,1,11,0.258819045102521,-0.9659258262890682,-0.9749279121818236,-0.2225209339563146,43.335,88.929,56.89925,23.688314329240022,test
2016-11-12 12:00:00,Hog_public_Gerard,Hog,84.70200000000001,9.4,0.0,1024.7,8.2,0.0,12,5,1,11,1.2246467991473532e-16,-1.0,-0.9749279121818236,-0.2225209339563146,78.76,87.846,56.768249999999995,23.51781298107994,test
2016-11-12 13:00:00,Hog_public_Gerard,Hog,87.73899999999998,10.6,0.6,1023.4,6.2,0.0,13,5,1,11,-0.2588190451025208,-0.9659258262890683,-0.9749279121818236,-0.2225209339563146,84.70200000000001,89.15100000000002,56.70941666666667,23.434900502412624,test
2016-11-12 14:00:00,Hog_public_Gerard,Hog,88.73299999999998,11.7,0.0,1022.0,5.7,0.0,14,5,1,11,-0.4999999999999997,-0.8660254037844388,-0.9749279121818236,-0.2225209339563146,87.73899999999998,88.85700000000001,56.704249999999995,23.427517312191913,test
2016-11-12 15:00:00,Hog_public_Gerard,Hog,87.041,11.7,0.0,1021.1,6.7,0.0,15,5,1,11,-0.7071067811865471,-0.7071067811865479,-0.9749279121818236,-0.2225209339563146,88.73299999999998,92.807,56.464,23.06799176348059,test
2016-11-12 16:00:00,Hog_public_Gerard,Hog,87.833,11.7,0.6,1020.4,4.1,0.0,16,5,1,11,-0.8660254037844385,-0.5000000000000004,-0.9749279121818236,-0.2225209339563146,87.041,93.212,56.239875000000005,22.718920194626133,test
2016-11-12 17:00:00,Hog_public_Gerard,Hog,88.186,10.6,0.0,1020.0,4.6,0.0,17,5,1,11,-0.9659258262890683,-0.25881904510252063,-0.9749279121818236,-0.2225209339563146,87.833,91.847,56.087333333333326,22.480487962108416,test
2016-11-12 18:00:00,Hog_public_Gerard,Hog,87.76100000000002,10.0,0.6,1019.3,4.1,0.0,18,5,1,11,-1.0,-1.8369701987210297e-16,-0.9749279121818236,-0.2225209339563146,88.186,90.48,55.97404166666667,22.305800958259745,test
2016-11-12 19:00:00,Hog_public_Gerard,Hog,52.986,9.4,0.6,1018.8,5.1,0.0,19,5,1,11,-0.9659258262890684,0.2588190451025203,-0.9749279121818236,-0.2225209339563146,87.76100000000002,51.305,56.04408333333333,22.29313805502914,test
2016-11-12 20:00:00,Hog_public_Gerard,Hog,47.379,8.9,0.6,1018.1,4.1,0.0,20,5,1,11,-0.8660254037844386,0.5000000000000001,-0.9749279121818236,-0.2225209339563146,52.986,45.048,56.14120833333334,22.24818069939607,test
2016-11-12 21:00:00,Hog_public_Gerard,Hog,46.233,9.4,0.0,1017.5,5.7,0.0,21,5,1,11,-0.7071067811865477,0.7071067811865474,-0.9749279121818236,-0.2225209339563146,47.379,44.652,56.20708333333334,22.214998906764432,test
2016-11-12 22:00:00,Hog_public_Gerard,Hog,46.36600000000001,8.9,0.6,1017.1,7.2,0.0,22,5,1,11,-0.5000000000000004,0.8660254037844384,-0.9749279121818236,-0.2225209339563146,46.233,44.037,56.304125,22.16455458670854,test
2016-11-12 23:00:00,Hog_public_Gerard,Hog,46.99100000000001,8.3,0.6,1016.8,5.7,0.0,23,5,1,11,-0.25881904510252157,0.9659258262890681,-0.9749279121818236,-0.2225209339563146,46.36600000000001,44.299,56.416291666666666,22.10789880381978,test
2016-11-13 00:00:00,Hog_public_Gerard,Hog,45.789,7.8,0.6,1016.4,3.6,0.0,0,6,1,11,0.0,1.0,-0.7818314824680299,0.6234898018587334,46.99100000000001,44.37,56.47541666666667,22.07615637409809,test
2016-11-13 01:00:00,Hog_public_Gerard,Hog,40.327,7.2,0.6,1015.8,4.6,0.0,1,6,1,11,0.25881904510252074,0.9659258262890683,-0.7818314824680299,0.6234898018587334,45.789,38.455,56.553416666666664,22.01293451175579,test
2016-11-13 02:00:00,Hog_public_Gerard,Hog,39.59,6.7,0.6,1015.1,5.1,0.0,2,6,1,11,0.49999999999999994,0.8660254037844387,-0.7818314824680299,0.6234898018587334,40.327,37.396,56.64483333333333,21.934332724247152,test
2016-11-13 03:00:00,Hog_public_Gerard,Hog,39.04,6.1,0.6,1014.5,4.1,0.0,3,6,1,11,0.7071067811865476,0.7071067811865476,-0.7818314824680299,0.6234898018587334,39.59,37.701,56.700625,21.88570163334281,test
2016-11-13 04:00:00,Hog_public_Gerard,Hog,38.817,6.1,0.6,1013.9,3.6,0.0,4,6,1,11,0.8660254037844386,0.5000000000000001,-0.7818314824680299,0.6234898018587334,39.04,37.298,56.76391666666667,21.82927489268913,test
2016-11-13 05:00:00,Hog_public_Gerard,Hog,39.276,6.1,0.6,1013.3,4.6,0.0,5,6,1,11,0.9659258262890683,0.25881904510252074,-0.7818314824680299,0.6234898018587334,38.817,36.942,56.86116666666666,21.74215344853675,test
2016-11-13 06:00:00,Hog_public_Gerard,Hog,39.033,5.6,0.6,1013.0,3.6,0.0,6,6,1,11,1.0,6.123233995736766e-17,-0.7818314824680299,0.6234898018587334,39.276,37.157,56.93933333333334,21.671491133999588,test
2016-11-13 07:00:00,Hog_public_Gerard,Hog,39.042,5.6,0.6,1012.7,4.1,0.0,7,6,1,11,0.9659258262890683,-0.25881904510252063,-0.7818314824680299,0.6234898018587334,39.033,37.656,56.997083333333336,21.61965560783653,test
2016-11-13 08:00:00,Hog_public_Gerard,Hog,39.151,6.1,0.6,1012.8,2.6,0.0,8,6,1,11,0.8660254037844387,-0.4999999999999998,-0.7818314824680299,0.6234898018587334,39.042,36.564,57.104875,21.519568078566348,test
2016-11-13 09:00:00,Hog_public_Gerard,Hog,37.867,7.8,0.6,1012.4,4.6,0.0,9,6,1,11,0.7071067811865476,-0.7071067811865475,-0.7818314824680299,0.6234898018587334,39.151,36.407,57.165708333333335,21.460496190380294,test
2016-11-13 10:00:00,Hog_public_Gerard,Hog,36.327,9.4,0.6,1011.8,7.2,0.0,10,6,1,11,0.49999999999999994,-0.8660254037844387,-0.7818314824680299,0.6234898018587334,37.867,43.335,56.87370833333333,21.703169034236257,test
2016-11-13 11:00:00,Hog_public_Gerard,Hog,36.53,11.1,1.1,1011.5,6.2,0.0,11,6,1,11,0.258819045102521,-0.9659258262890682,-0.7818314824680299,0.6234898018587334,36.327,78.76,55.114125,21.563035059650225,test
2016-11-13 12:00:00,Hog_public_Gerard,Hog,68.317,12.8,1.1,1010.9,7.2,0.0,12,6,1,11,1.2246467991473532e-16,-1.0,-0.7818314824680299,0.6234898018587334,36.53,84.70200000000001,54.43141666666667,20.832531466365552,test
2016-11-13 13:00:00,Hog_public_Gerard,Hog,84.648,13.9,1.7,1010.7,5.7,0.0,13,6,1,11,-0.2588190451025208,-0.9659258262890683,-0.7818314824680299,0.6234898018587334,68.317,87.73899999999998,54.302625,20.626196042923098,test
2016-11-13 14:00:00,Hog_public_Gerard,Hog,87.395,15.0,2.2,1010.2,4.6,0.0,14,6,1,11,-0.4999999999999997,-0.8660254037844388,-0.7818314824680299,0.6234898018587334,84.648,88.73299999999998,54.24687500000001,20.530676009778336,test
2016-11-13 15:00:00,Hog_public_Gerard,Hog,85.59200000000001,16.1,2.2,1009.7,4.6,0.0,15,6,1,11,-0.7071067811865471,-0.7071067811865479,-0.7818314824680299,0.6234898018587334,87.395,87.041,54.1865,20.431937770155034,test
2016-11-13 16:00:00,Hog_public_Gerard,Hog,88.48700000000002,16.1,2.8,1009.9,6.2,0.0,16,6,1,11,-0.8660254037844385,-0.5000000000000004,-0.7818314824680299,0.6234898018587334,85.59200000000001,87.833,54.213750000000005,20.47914462006592,test
2016-11-13 17:00:00,Hog_public_Gerard,Hog,90.314,15.0,2.8,1010.1,3.6,2.0,17,6,1,11,-0.9659258262890683,-0.25881904510252063,-0.7818314824680299,0.6234898018587334,88.48700000000002,88.186,54.30241666666668,20.636627397435593,test
2016-11-13 18:00:00,Hog_public_Gerard,Hog,88.917,13.9,2.8,1010.1,2.6,0.0,18,6,1,11,-1.0,-1.8369701987210297e-16,-0.7818314824680299,0.6234898018587334,90.314,87.76100000000002,54.35058333333333,20.719299843208102,test
2016-11-13 19:00:00,Hog_public_Gerard,Hog,67.061,12.8,2.8,1010.4,3.1,0.0,19,6,1,11,-0.9659258262890684,0.2588190451025203,-0.7818314824680299,0.6234898018587334,88.917,52.986,54.937041666666666,20.877587401178566,test
2016-11-13 20:00:00,Hog_public_Gerard,Hog,67.205,12.2,3.3,1010.6,2.6,0.0,20,6,1,11,-0.8660254037844386,0.5000000000000001,-0.7818314824680299,0.6234898018587334,67.061,47.379,55.763125,20.95761246008674,test
2016-11-13 21:00:00,Hog_public_Gerard,Hog,65.835,11.7,3.3,1010.7,3.1,0.0,21,6,1,11,-0.7071067811865477,0.7071067811865474,-0.7818314824680299,0.6234898018587334,67.205,46.233,56.579874999999994,20.952020148139706,test
2016-11-13 22:00:00,Hog_public_Gerard,Hog,67.36,10.6,3.3,1010.9,1.5,0.0,22,6,1,11,-0.5000000000000004,0.8660254037844384,-0.7818314824680299,0.6234898018587334,65.835,46.36600000000001,57.454625,20.94529911109577,test
2016-11-13 23:00:00,Hog_public_Gerard,Hog,50.08600000000001,10.0,3.3,1011.1,2.1,2.0,23,6,1,11,-0.25881904510252157,0.9659258262890681,-0.7818314824680299,0.6234898018587334,67.36,46.99100000000001,57.58358333333334,20.887522613974205,test
2016-11-14 00:00:00,Hog_public_Gerard,Hog,45.749,8.9,3.3,1011.3,0.0,2.0,0,0,0,11,0.0,1.0,0.0,1.0,50.08600000000001,45.789,57.58191666666667,20.88850622360612,test
2016-11-14 01:00:00,Hog_public_Gerard,Hog,47.522,8.9,3.3,1011.2,2.1,2.0,1,0,0,11,0.25881904510252074,0.9659258262890683,0.0,1.0,45.749,40.327,57.881708333333336,20.68069431068768,test
2016-11-14 02:00:00,Hog_public_Gerard,Hog,44.239,8.3,3.3,1011.1,1.5,0.0,2,0,0,11,0.49999999999999994,0.8660254037844387,0.0,1.0,47.522,39.59,58.075416666666676,20.52308566705089,test
2016-11-14 03:00:00,Hog_public_Gerard,Hog,43.331,6.7,2.8,1011.5,1.5,2.0,3,0,0,11,0.7071067811865476,0.7071067811865476,0.0,1.0,44.239,39.04,58.25420833333333,20.368150309777146,test
2016-11-14 04:00:00,Hog_public_Gerard,Hog,35.938,6.1,3.3,1011.7,2.6,2.0,4,0,0,11,0.8660254037844386,0.5000000000000001,0.0,1.0,43.331,38.817,58.13425,20.495681738717327,test
2016-11-14 05:00:00,Hog_public_Gerard,Hog,30.416,7.2,3.3,1011.8,3.1,2.0,5,0,0,11,0.9659258262890683,0.25881904510252074,0.0,1.0,35.938,39.276,57.76508333333334,20.925411306365955,test
2016-11-14 06:00:00,Hog_public_Gerard,Hog,30.677,5.6,2.8,1012.1,3.1,0.0,6,0,0,11,1.0,6.123233995736766e-17,0.0,1.0,30.416,39.033,57.41691666666667,21.316496279757985,test
2016-11-14 07:00:00,Hog_public_Gerard,Hog,36.872,5.0,2.8,1012.9,2.6,0.0,7,0,0,11,0.9659258262890683,-0.25881904510252063,0.0,1.0,30.677,39.042,57.3265,21.402254196594825,test
2016-11-14 08:00:00,Hog_public_Gerard,Hog,65.45,6.1,3.3,1013.0,1.5,1.6,8,0,0,11,0.8660254037844387,-0.4999999999999998,0.0,1.0,36.872,39.151,58.422291666666666,21.102362710244517,test
2016-11-14 09:00:00,Hog_public_Gerard,Hog,83.27,6.7,3.9,1013.8,2.6,3.2,9,0,0,11,0.7071067811865476,-0.7071067811865475,0.0,1.0,65.45,37.867,60.314083333333336,21.21435009798126,test
2016-11-14 10:00:00,Hog_public_Gerard,Hog,85.738,7.8,4.4,1013.9,3.1,4.800000000000001,10,0,0,11,0.49999999999999994,-0.8660254037844387,0.0,1.0,83.27,36.327,62.372875,21.182834897341998,test
2016-11-14 11:00:00,Hog_public_Gerard,Hog,91.59,8.3,4.4,1014.3,4.1,6.4,11,0,0,11,0.258819045102521,-0.9659258262890682,0.0,1.0,85.738,36.53,64.66704166666666,21.24377838021662,test
2016-11-14 12:00:00,Hog_public_Gerard,Hog,94.573,8.9,5.0,1014.1,3.6,8.0,12,0,0,11,1.2246467991473532e-16,-1.0,0.0,1.0,91.59,68.317,65.76104166666667,22.0987672693361,test
2016-11-14 13:00:00,Hog_public_Gerard,Hog,95.642,10.0,5.0,1013.8,4.1,7.666666666666667,13,0,0,11,-0.2588190451025208,-0.9659258262890683,0.0,1.0,94.573,84.648,66.219125,22.615207608103304,test
2016-11-14 14:00:00,Hog_public_Gerard,Hog,96.494,10.0,5.0,1013.8,3.6,7.333333333333333,14,0,0,11,-0.4999999999999997,-0.8660254037844388,0.0,1.0,95.642,87.395,66.59825000000001,23.057579970775347,test
2016-11-14 15:00:00,Hog_public_Gerard,Hog,93.896,10.0,5.0,1013.9,3.6,7.0,15,0,0,11,-0.7071067811865471,-0.7071067811865479,0.0,1.0,96.494,85.59200000000001,66.94425,23.414532180659407,test
2016-11-14 16:00:00,Hog_public_Gerard,Hog,92.912,10.0,5.6,1013.8,2.1,6.666666666666667,16,0,0,11,-0.8660254037844385,-0.5000000000000004,0.0,1.0,93.896,88.48700000000002,67.128625,23.608164946848646,test
2016-11-14 17:00:00,Hog_public_Gerard,Hog,92.565,8.9,4.4,1014.3,2.1,6.333333333333334,17,0,0,11,-0.9659258262890683,-0.25881904510252063,0.0,1.0,92.912,90.314,67.22241666666667,23.70853986099912,test
2016-11-14 18:00:00,Hog_public_Gerard,Hog,90.672,7.8,4.4,1015.0,2.1,6.0,18,0,0,11,-1.0,-1.8369701987210297e-16,0.0,1.0,92.565,88.917,67.29554166666667,23.780958323431825,test
2016-11-14 19:00:00,Hog_public_Gerard,Hog,91.015,8.9,5.0,1015.1,2.1,5.2,19,0,0,11,-0.9659258262890684,0.2588190451025203,0.0,1.0,90.672,67.061,68.293625,24.268364733810657,test
2016-11-14 20:00:00,Hog_public_Gerard,Hog,90.81,7.8,4.4,1015.0,2.1,4.4,20,0,0,11,-0.8660254037844386,0.5000000000000001,0.0,1.0,91.015,67.205,69.27716666666666,24.696872408335974,test
2016-11-14 21:00:00,Hog_public_Gerard,Hog,92.497,7.8,4.4,1015.1,1.5,3.5999999999999996,21,0,0,11,-0.7071067811865477,0.7071067811865474,0.0,1.0,90.81,65.835,70.38808333333334,25.131142592265014,test
2016-11-14 22:00:00,Hog_public_Gerard,Hog,70.312,7.2,4.4,1015.2,1.5,2.8,22,0,0,11,-0.5000000000000004,0.8660254037844384,0.0,1.0,92.497,67.36,70.51108333333333,25.12290047280906,test
2016-11-14 23:00:00,Hog_public_Gerard,Hog,49.432,6.1,3.3,1014.6,0.0,2.0,23,0,0,11,-0.25881904510252157,0.9659258262890681,0.0,1.0,70.312,50.08600000000001,70.48383333333332,25.14636186957003,test
2016-11-15 00:00:00,Hog_public_Gerard,Hog,47.621,5.0,3.3,1014.7,0.0,2.0,0,1,0,11,0.0,1.0,0.7818314824680298,0.6234898018587336,49.432,45.749,70.56183333333333,25.069087150905858,test
2016-11-15 01:00:00,Hog_public_Gerard,Hog,45.721,3.9,2.2,1014.4,0.0,0.0,1,1,0,11,0.25881904510252074,0.9659258262890683,0.7818314824680298,0.6234898018587336,47.621,47.522,70.48679166666666,25.143637741340388,test
2016-11-15 02:00:00,Hog_public_Gerard,Hog,40.724,3.9,2.8,1014.5,1.3,0.0,2,1,0,11,0.49999999999999994,0.8660254037844387,0.7818314824680298,0.6234898018587336,45.721,44.239,70.34033333333333,25.312842876547013,test
2016-11-15 03:00:00,Hog_public_Gerard,Hog,40.255,1.1,0.6,1014.2,0.0,9.0,3,1,0,11,0.7071067811865476,0.7071067811865476,0.7818314824680298,0.6234898018587336,40.724,43.331,70.21216666666668,25.462887987552982,test
2016-11-15 04:00:00,Hog_public_Gerard,Hog,36.492,2.8,1.7,1014.0,1.5,8.666666666666666,4,1,0,11,0.8660254037844386,0.5000000000000001,0.7818314824680298,0.6234898018587336,40.255,35.938,70.23525,25.43069665008607,test
2016-11-15 05:00:00,Hog_public_Gerard,Hog,31.826,2.8,1.7,1013.5,2.1,8.333333333333334,5,1,0,11,0.9659258262890683,0.25881904510252074,0.7818314824680298,0.6234898018587336,36.492,30.416,70.294,25.33615960054623,test
2016-11-15 06:00:00,Hog_public_Gerard,Hog,31.484,3.3,2.2,1013.6,0.0,8.0,6,1,0,11,1.0,6.123233995736766e-17,0.7818314824680298,0.6234898018587336,31.826,30.677,70.327625,25.281772856473246,test
2016-11-15 07:00:00,Hog_public_Gerard,Hog,38.461,4.4,2.8,1012.9,2.1,6.0,7,1,0,11,0.9659258262890683,-0.25881904510252063,0.7818314824680298,0.6234898018587336,31.484,36.872,70.39383333333333,25.192271616279644,test
2016-11-15 08:00:00,Hog_public_Gerard,Hog,66.558,4.4,2.8,1012.4,3.6,4.0,8,1,0,11,0.8660254037844387,-0.4999999999999998,0.7818314824680298,0.6234898018587336,38.461,65.45,70.44,25.183831604044542,test
2016-11-15 09:00:00,Hog_public_Gerard,Hog,83.428,5.6,3.9,1011.9,3.1,4.0,9,1,0,11,0.7071067811865476,-0.7071067811865475,0.7818314824680298,0.6234898018587336,66.558,83.27,70.44658333333334,25.187351735961002,test
2016-11-15 10:00:00,Hog_public_Gerard,Hog,85.979,7.2,4.4,1011.5,3.1,4.0,10,1,0,11,0.49999999999999994,-0.8660254037844387,0.7818314824680298,0.6234898018587336,83.428,85.738,70.456625,25.193760386621154,test
2016-11-15 11:00:00,Hog_public_Gerard,Hog,88.65700000000002,9.4,5.0,1011.2,1.5,5.0,11,1,0,11,0.258819045102521,-0.9659258262890682,0.7818314824680298,0.6234898018587336,85.979,91.59,70.33441666666667,25.09370578437463,test
2016-11-15 12:00:00,Hog_public_Gerard,Hog,90.586,11.1,4.4,1009.9,5.1,6.0,12,1,0,11,1.2246467991473532e-16,-1.0,0.7818314824680298,0.6234898018587336,88.65700000000002,94.573,70.16829166666666,24.93898552289638,test
2016-11-15 13:00:00,Hog_public_Gerard,Hog,94.352,11.1,4.4,1010.1,4.6,5.333333333333333,13,1,0,11,-0.2588190451025208,-0.9659258262890683,0.7818314824680298,0.6234898018587336,90.586,95.642,70.11454166666667,24.883023346606358,test
2016-11-15 14:00:00,Hog_public_Gerard,Hog,96.235,12.2,5.0,1009.7,3.1,4.666666666666667,14,1,0,11,-0.4999999999999997,-0.8660254037844388,0.7818314824680298,0.6234898018587336,94.352,96.494,70.10375,24.871138587335285,test
2016-11-15 15:00:00,Hog_public_Gerard,Hog,97.973,12.2,5.0,1009.9,2.6,4.0,15,1,0,11,-0.7071067811865471,-0.7071067811865479,0.7818314824680298,0.6234898018587336,96.235,93.896,70.273625,25.053961460281368,test
2016-11-15 16:00:00,Hog_public_Gerard,Hog,99.132,12.2,5.0,1010.3,2.6,4.0,16,1,0,11,-0.8660254037844385,-0.5000000000000004,0.7818314824680298,0.6234898018587336,97.973,92.912,70.53279166666667,25.32898358725452,test
2016-11-15 17:00:00,Hog_public_Gerard,Hog,95.416,11.1,5.0,1010.8,2.6,4.0,17,1,0,11,-0.9659258262890683,-0.25881904510252063,0.7818314824680298,0.6234898018587336,99.132,92.565,70.65158333333333,25.443234000958668,test
2016-11-15 18:00:00,Hog_public_Gerard,Hog,93.508,11.1,5.0,1012.0,1.5,4.0,18,1,0,11,-1.0,-1.8369701987210297e-16,0.7818314824680298,0.6234898018587336,95.416,90.672,70.76975,25.54663355385178,test
2016-11-15 19:00:00,Hog_public_Gerard,Hog,94.06,9.4,4.4,1012.0,0.0,4.0,19,1,0,11,-0.9659258262890684,0.2588190451025203,0.7818314824680298,0.6234898018587336,93.508,91.015,70.896625,25.658866117162724,test
2016-11-15 20:00:00,Hog_public_Gerard,Hog,91.673,8.9,4.4,1012.2,2.1,2.0,20,1,0,11,-0.8660254037844386,0.5000000000000001,0.7818314824680298,0.6234898018587336,94.06,90.81,70.93258333333334,25.688573556818234,test
2016-11-15 21:00:00,Hog_public_Gerard,Hog,88.96600000000002,7.8,3.9,1012.8,3.6,0.0,21,1,0,11,-0.7071067811865477,0.7071067811865474,0.7818314824680298,0.6234898018587336,91.673,92.497,70.78545833333334,25.569534533484592,test
2016-11-15 22:00:00,Hog_public_Gerard,Hog,67.508,7.2,3.3,1013.0,4.1,0.0,22,1,0,11,-0.5000000000000004,0.8660254037844384,0.7818314824680298,0.6234898018587336,88.96600000000002,70.312,70.668625,25.578196543511066,test
2016-11-15 23:00:00,Hog_public_Gerard,Hog,53.981,6.7,2.8,1013.3,3.1,0.0,23,1,0,11,-0.25881904510252157,0.9659258262890681,0.7818314824680298,0.6234898018587336,67.508,49.432,70.85816666666668,25.430412762583412,test
2016-11-16 00:00:00,Hog_public_Gerard,Hog,45.96100000000001,6.1,1.7,1013.0,0.0,2.0,0,2,0,11,0.0,1.0,0.9749279121818236,-0.22252093395631434,53.981,47.621,70.789,25.498528279780885,test
2016-11-16 01:00:00,Hog_public_Gerard,Hog,46.81399999999999,6.7,2.2,1013.5,1.5,3.0,1,2,0,11,0.25881904510252074,0.9659258262890683,0.9749279121818236,-0.22252093395631434,45.96100000000001,45.721,70.83454166666667,25.45274389065762,test
2016-11-16 02:00:00,Hog_public_Gerard,Hog,40.599,5.6,1.7,1014.0,1.5,4.0,2,2,0,11,0.49999999999999994,0.8660254037844387,0.9749279121818236,-0.22252093395631434,46.81399999999999,40.724,70.82933333333334,25.459185201051746,test
2016-11-16 03:00:00,Hog_public_Gerard,Hog,40.649,3.9,0.6,1014.1,2.1,2.0,3,2,0,11,0.7071067811865476,0.7071067811865476,0.9749279121818236,-0.22252093395631434,40.599,40.255,70.84575,25.4387318084401,test
2016-11-16 04:00:00,Hog_public_Gerard,Hog,37.3,2.8,0.6,1013.9,1.5,2.6666666666666665,4,2,0,11,0.8660254037844386,0.5000000000000001,0.9749279121818236,-0.22252093395631434,40.649,36.492,70.87941666666667,25.391781236072877,test
2016-11-16 05:00:00,Hog_public_Gerard,Hog,32.537,3.3,1.1,1013.6,1.5,3.333333333333333,5,2,0,11,0.9659258262890683,0.25881904510252074,0.9749279121818236,-0.22252093395631434,37.3,31.826,70.90904166666667,25.344606877614023,test
2016-11-16 06:00:00,Hog_public_Gerard,Hog,32.873000000000005,4.4,2.2,1013.3,0.0,4.0,6,2,0,11,1.0,6.123233995736766e-17,0.9749279121818236,-0.22252093395631434,32.537,31.484,70.96691666666668,25.25208163251824,test
2016-11-16 07:00:00,Hog_public_Gerard,Hog,37.773,2.8,1.1,1013.4,0.0,4.0,7,2,0,11,0.9659258262890683,-0.25881904510252063,0.9749279121818236,-0.22252093395631434,32.873000000000005,38.461,70.93825,25.290948009893444,test
2016-11-16 08:00:00,Hog_public_Gerard,Hog,64.039,3.9,1.7,1012.6,3.1,4.0,8,2,0,11,0.8660254037844387,-0.4999999999999998,0.9749279121818236,-0.22252093395631434,37.773,66.558,70.83329166666667,25.31513196640405,test
2016-11-16 09:00:00,Hog_public_Gerard,Hog,78.233,5.6,2.2,1011.6,4.1,2.0,9,2,0,11,0.7071067811865476,-0.7071067811865475,0.9749279121818236,-0.22252093395631434,64.039,83.428,70.61683333333333,25.22480693538682,test
2016-11-16 10:00:00,Hog_public_Gerard,Hog,82.889,8.9,1.7,1011.4,3.6,2.0,10,2,0,11,0.49999999999999994,-0.8660254037844387,0.9749279121818236,-0.22252093395631434,78.233,85.979,70.48808333333334,25.15076489962551,test
2016-11-16 11:00:00,Hog_public_Gerard,Hog,93.734,11.1,1.7,1011.0,5.7,2.0,11,2,0,11,0.258819045102521,-0.9659258262890682,0.9749279121818236,-0.22252093395631434,82.889,88.65700000000002,70.699625,25.33093274654104,test
2016-11-16 12:00:00,Hog_public_Gerard,Hog,93.153,13.3,1.7,1009.9,4.6,2.0,12,2,0,11,1.2246467991473532e-16,-1.0,0.9749279121818236,-0.22252093395631434,93.734,90.586,70.80658333333334,25.423801851836636,test
2016-11-16 13:00:00,Hog_public_Gerard,Hog,93.142,15.0,2.8,1008.2,7.7,2.0,13,2,0,11,-0.2588190451025208,-0.9659258262890683,0.9749279121818236,-0.22252093395631434,93.153,94.352,70.75616666666666,25.37623528912983,test
2016-11-16 14:00:00,Hog_public_Gerard,Hog,91.438,15.6,3.9,1007.1,7.2,2.0,14,2,0,11,-0.4999999999999997,-0.8660254037844388,0.9749279121818236,-0.22252093395631434,93.142,96.235,70.55629166666667,25.18499793524294,test
2016-11-16 15:00:00,Hog_public_Gerard,Hog,90.035,15.6,3.9,1006.5,8.8,2.0,15,2,0,11,-0.7071067811865471,-0.7071067811865479,0.9749279121818236,-0.22252093395631434,91.438,97.973,70.22554166666667,24.85930275698433,test
2016-11-16 16:00:00,Hog_public_Gerard,Hog,92.832,15.0,3.9,1005.4,7.2,4.0,16,2,0,11,-0.8660254037844385,-0.5000000000000004,0.9749279121818236,-0.22252093395631434,90.035,99.132,69.96304166666667,24.57240264212857,test
2016-11-16 17:00:00,Hog_public_Gerard,Hog,92.937,13.9,4.4,1004.3,7.7,4.0,17,2,0,11,-0.9659258262890683,-0.25881904510252063,0.9749279121818236,-0.22252093395631434,92.832,95.416,69.85975,24.46573643183824,test
2016-11-16 18:00:00,Hog_public_Gerard,Hog,89.992,13.3,4.4,1004.4,5.1,6.0,18,2,0,11,-1.0,-1.8369701987210297e-16,0.9749279121818236,-0.22252093395631434,92.937,93.508,69.71325,24.328114554171123,test
2016-11-16 19:00:00,Hog_public_Gerard,Hog,88.556,11.1,4.4,1005.0,4.6,6.333333333333333,19,2,0,11,-0.9659258262890684,0.2588190451025203,0.9749279121818236,-0.22252093395631434,89.992,94.06,69.48391666666667,24.113623580181184,test
2016-11-16 20:00:00,Hog_public_Gerard,Hog,89.49700000000001,11.1,4.4,1004.7,4.1,6.666666666666667,20,2,0,11,-0.8660254037844386,0.5000000000000001,0.9749279121818236,-0.22252093395631434,88.556,91.673,69.39325000000001,24.030513360508312,test
2016-11-16 21:00:00,Hog_public_Gerard,Hog,89.535,10.6,4.4,1004.2,3.6,7.0,21,2,0,11,-0.7071067811865477,0.7071067811865474,0.9749279121818236,-0.22252093395631434,89.49700000000001,88.96600000000002,69.41695833333334,24.050935284135416,test
2016-11-16 22:00:00,Hog_public_Gerard,Hog,64.814,10.6,5.0,1003.8,4.6,7.333333333333333,22,2,0,11,-0.5000000000000004,0.8660254037844384,0.9749279121818236,-0.22252093395631434,89.535,67.508,69.30470833333332,24.066513743805945,test
2016-11-16 23:00:00,Hog_public_Gerard,Hog,46.917,10.6,5.0,1003.5,4.6,7.666666666666666,23,2,0,11,-0.25881904510252157,0.9659258262890681,0.9749279121818236,-0.22252093395631434,64.814,53.981,69.010375,24.3040944874164,test
2016-11-17 00:00:00,Hog_public_Gerard,Hog,50.082,10.6,5.0,1002.9,3.6,8.0,0,3,0,11,0.0,1.0,0.43388373911755823,-0.900968867902419,46.917,45.96100000000001,69.18208333333332,24.148228205626552,test
2016-11-17 01:00:00,Hog_public_Gerard,Hog,46.286,10.0,5.6,1002.3,3.6,8.0,1,3,0,11,0.25881904510252074,0.9659258262890683,0.43388373911755823,-0.900968867902419,50.082,46.81399999999999,69.16008333333333,24.16972337974985,test
2016-11-17 02:00:00,Hog_public_Gerard,Hog,48.478,10.0,5.0,1002.4,2.6,8.0,2,3,0,11,0.49999999999999994,0.8660254037844387,0.43388373911755823,-0.900968867902419,46.286,40.599,69.488375,23.81583655581437,test
2016-11-17 03:00:00,Hog_public_Gerard,Hog,47.653,8.9,5.0,1002.1,3.1,8.0,3,3,0,11,0.7071067811865476,0.7071067811865476,0.43388373911755823,-0.900968867902419,48.478,40.649,69.78020833333333,23.487733782957033,test
2016-11-17 04:00:00,Hog_public_Gerard,Hog,37.76300000000001,8.9,5.0,1001.8,2.6,8.0,4,3,0,11,0.8660254037844386,0.5000000000000001,0.43388373911755823,-0.900968867902419,47.653,37.3,69.79950000000001,23.460070095154624,test
2016-11-17 05:00:00,Hog_public_Gerard,Hog,31.217,9.4,5.0,1002.6,1.5,8.0,5,3,0,11,0.9659258262890683,0.25881904510252074,0.43388373911755823,-0.900968867902419,37.76300000000001,32.537,69.7445,23.552591700831776,test
2016-11-17 06:00:00,Hog_public_Gerard,Hog,33.129,8.9,5.0,1002.1,3.1,8.0,6,3,0,11,1.0,6.123233995736766e-17,0.43388373911755823,-0.900968867902419,31.217,32.873000000000005,69.75516666666667,23.535218606177907,test
2016-11-17 07:00:00,Hog_public_Gerard,Hog,38.601,9.4,5.0,1003.1,2.1,7.666666666666667,7,3,0,11,0.9659258262890683,-0.25881904510252063,0.43388373911755823,-0.900968867902419,33.129,37.773,69.78966666666666,23.486855150074536,test
2016-11-17 08:00:00,Hog_public_Gerard,Hog,65.584,9.4,5.6,1002.9,3.1,7.333333333333333,8,3,0,11,0.8660254037844387,-0.4999999999999998,0.43388373911755823,-0.900968867902419,38.601,64.039,69.85404166666667,23.472520841408688,test
2016-11-17 09:00:00,Hog_public_Gerard,Hog,82.64299999999999,9.4,5.6,1003.2,3.1,7.0,9,3,0,11,0.7071067811865476,-0.7071067811865475,0.43388373911755823,-0.900968867902419,65.584,78.233,70.03779166666666,23.558071239384823,test
2016-11-17 10:00:00,Hog_public_Gerard,Hog,88.781,10.6,5.6,1003.3,3.6,6.666666666666667,10,3,0,11,0.49999999999999994,-0.8660254037844387,0.43388373911755823,-0.900968867902419,82.64299999999999,82.889,70.28329166666667,23.727905410552026,test
2016-11-17 11:00:00,Hog_public_Gerard,Hog,91.864,11.7,5.6,1003.6,3.6,6.333333333333334,11,3,0,11,0.258819045102521,-0.9659258262890682,0.43388373911755823,-0.900968867902419,88.781,93.734,70.205375,23.650494925996114,test
2016-11-17 12:00:00,Hog_public_Gerard,Hog,91.858,13.3,6.1,1002.1,5.7,6.0,12,3,0,11,1.2246467991473532e-16,-1.0,0.43388373911755823,-0.900968867902419,91.864,93.153,70.15141666666666,23.597281287611704,test
2016-11-17 13:00:00,Hog_public_Gerard,Hog,91.309,13.3,6.1,1002.0,6.7,6.333333333333333,13,3,0,11,-0.2588190451025208,-0.9659258262890683,0.43388373911755823,-0.900968867902419,91.858,93.142,70.07504166666666,23.52248244714941,test
2016-11-17 14:00:00,Hog_public_Gerard,Hog,92.926,13.3,6.1,1002.2,6.2,6.666666666666667,14,3,0,11,-0.4999999999999997,-0.8660254037844388,0.43388373911755823,-0.900968867902419,91.309,91.438,70.13704166666666,23.583121454123294,test
2016-11-17 15:00:00,Hog_public_Gerard,Hog,93.034,12.8,5.6,1002.6,6.7,7.0,15,3,0,11,-0.7071067811865471,-0.7071067811865479,0.43388373911755823,-0.900968867902419,92.926,90.035,70.262,23.70078920718635,test
2016-11-17 16:00:00,Hog_public_Gerard,Hog,95.799,12.2,6.1,1004.4,4.1,7.333333333333333,16,3,0,11,-0.8660254037844385,-0.5000000000000004,0.43388373911755823,-0.900968867902419,93.034,92.832,70.38562499999999,23.831014758471383,test
2016-11-17 17:00:00,Hog_public_Gerard,Hog,93.057,12.2,5.6,1003.8,8.2,7.666666666666666,17,3,0,11,-0.9659258262890683,-0.25881904510252063,0.43388373911755823,-0.900968867902419,95.799,92.937,70.390625,23.835964069324596,test
2016-11-17 18:00:00,Hog_public_Gerard,Hog,93.011,12.2,5.6,1004.5,4.6,8.0,18,3,0,11,-1.0,-1.8369701987210297e-16,0.43388373911755823,-0.900968867902419,93.057,89.992,70.51641666666667,23.951591496394297,test
2016-11-17 19:00:00,Hog_public_Gerard,Hog,92.815,10.6,5.0,1004.9,6.7,6.8,19,3,0,11,-0.9659258262890684,0.2588190451025203,0.43388373911755823,-0.900968867902419,93.011,88.556,70.693875,24.106336318960388,test
2016-11-17 20:00:00,Hog_public_Gerard,Hog,92.309,10.6,4.4,1005.1,7.7,5.6,20,3,0,11,-0.8660254037844386,0.5000000000000001,0.43388373911755823,-0.900968867902419,92.815,89.49700000000001,70.81104166666667,24.20831873996173,test
2016-11-17 21:00:00,Hog_public_Gerard,Hog,88.999,10.0,4.4,1004.9,7.7,4.4,21,3,0,11,-0.7071067811865477,0.7071067811865474,0.43388373911755823,-0.900968867902419,92.309,89.535,70.78870833333333,24.1905346697192,test
2016-11-17 22:00:00,Hog_public_Gerard,Hog,63.081,10.0,4.4,1004.8,4.6,3.2,22,3,0,11,-0.5000000000000004,0.8660254037844384,0.43388373911755823,-0.900968867902419,88.999,64.814,70.71650000000001,24.211721690482772,test
2016-11-17 23:00:00,Hog_public_Gerard,Hog,50.697,8.9,3.9,1004.7,4.1,2.0,23,3,0,11,-0.25881904510252157,0.9659258262890681,0.43388373911755823,-0.900968867902419,63.081,46.917,70.874,24.062003762020336,test
2016-11-18 00:00:00,Hog_public_Gerard,Hog,46.502,8.3,3.9,1005.3,4.6,6.0,0,4,0,11,0.0,1.0,-0.433883739117558,-0.9009688679024191,50.697,50.082,70.72483333333334,24.20716178551603,test
2016-11-18 01:00:00,Hog_public_Gerard,Hog,45.0,8.3,4.4,1005.1,6.7,6.333333333333333,1,4,0,11,0.25881904510252074,0.9659258262890683,-0.433883739117558,-0.9009688679024191,46.502,46.286,70.67125,24.264964227838117,test
2016-11-18 02:00:00,Hog_public_Gerard,Hog,41.613,8.3,5.0,1005.0,5.1,6.666666666666667,2,4,0,11,0.49999999999999994,0.8660254037844387,-0.433883739117558,-0.9009688679024191,45.0,48.478,70.38520833333332,24.576423058411436,test
2016-11-18 03:00:00,Hog_public_Gerard,Hog,41.919,8.9,5.0,1004.5,6.7,7.0,3,4,0,11,0.7071067811865476,0.7071067811865476,-0.433883739117558,-0.9009688679024191,41.613,47.653,70.14629166666667,24.83354576493379,test
2016-11-18 04:00:00,Hog_public_Gerard,Hog,37.574,8.3,5.0,1004.0,6.7,7.333333333333333,4,4,0,11,0.8660254037844386,0.5000000000000001,-0.433883739117558,-0.9009688679024191,41.919,37.76300000000001,70.13841666666666,24.844289001554394,test
2016-11-18 05:00:00,Hog_public_Gerard,Hog,31.48,8.3,5.0,1003.6,5.7,7.666666666666666,5,4,0,11,0.9659258262890683,0.25881904510252074,-0.433883739117558,-0.9009688679024191,37.574,31.217,70.149375,24.826426689268267,test
2016-11-18 06:00:00,Hog_public_Gerard,Hog,32.044000000000004,8.9,5.6,1002.4,6.2,8.0,6,4,0,11,1.0,6.123233995736766e-17,-0.433883739117558,-0.9009688679024191,31.48,33.129,70.10416666666667,24.897656618675025,test
2016-11-18 07:00:00,Hog_public_Gerard,Hog,38.459,8.9,5.6,1001.6,6.2,8.0,7,4,0,11,0.9659258262890683,-0.25881904510252063,-0.433883739117558,-0.9009688679024191,32.044000000000004,38.601,70.09825000000001,24.905484152919158,test
2016-11-18 08:00:00,Hog_public_Gerard,Hog,68.475,8.3,6.7,1000.1,5.7,8.0,8,4,0,11,0.8660254037844387,-0.4999999999999998,-0.433883739117558,-0.9009688679024191,38.459,65.584,70.21870833333334,24.88968747769489,test
2016-11-18 09:00:00,Hog_public_Gerard,Hog,87.056,7.8,6.7,999.2,6.2,8.0,9,4,0,11,0.7071067811865476,-0.7071067811865475,-0.433883739117558,-0.9009688679024191,68.475,82.64299999999999,70.40258333333334,25.00151335405032,test
2016-11-18 10:00:00,Hog_public_Gerard,Hog,87.626,7.8,6.1,998.3,5.1,8.0,10,4,0,11,0.49999999999999994,-0.8660254037844387,-0.433883739117558,-0.9009688679024191,87.056,88.781,70.35445833333334,24.965684891169076,test
2016-11-18 11:00:00,Hog_public_Gerard,Hog,87.681,6.7,5.0,997.2,8.2,8.0,11,4,0,11,0.258819045102521,-0.9659258262890682,-0.433883739117558,-0.9009688679024191,87.626,91.864,70.18016666666666,24.823187187485225,test
2016-11-18 12:00:00,Hog_public_Gerard,Hog,89.48899999999998,5.6,3.9,996.3,7.2,8.0,12,4,0,11,1.2246467991473532e-16,-1.0,-0.433883739117558,-0.9009688679024191,87.681,91.858,70.08145833333334,24.73780161048937,test
2016-11-18 13:00:00,Hog_public_Gerard,Hog,93.443,3.9,2.8,997.3,9.3,8.0,13,4,0,11,-0.2588190451025208,-0.9659258262890683,-0.433883739117558,-0.9009688679024191,89.48899999999998,91.309,70.170375,24.821113393050183,test
2016-11-18 14:00:00,Hog_public_Gerard,Hog,91.263,1.7,0.0,999.3,11.3,8.0,14,4,0,11,-0.4999999999999997,-0.8660254037844388,-0.433883739117558,-0.9009688679024191,93.443,92.926,70.10108333333334,24.757064463750986,test
2016-11-18 15:00:00,Hog_public_Gerard,Hog,92.002,0.6,-1.1,1001.7,13.9,8.0,15,4,0,11,-0.7071067811865471,-0.7071067811865479,-0.433883739117558,-0.9009688679024191,91.263,93.034,70.05808333333333,24.716363746763435,test
2016-11-18 16:00:00,Hog_public_Gerard,Hog,94.299,0.6,-1.7,1004.45,16.0,8.0,16,4,0,11,-0.8660254037844385,-0.5000000000000004,-0.433883739117558,-0.9009688679024191,92.002,95.799,69.99558333333333,24.650251033057586,test
2016-11-18 17:00:00,Hog_public_Gerard,Hog,91.076,0.6,-1.1,1007.2,9.3,8.0,17,4,0,11,-0.9659258262890683,-0.25881904510252063,-0.433883739117558,-0.9009688679024191,94.299,93.057,69.91304166666667,24.572867381443654,test
2016-11-18 18:00:00,Hog_public_Gerard,Hog,85.976,0.6,-1.7,1009.4,11.8,8.0,18,4,0,11,-1.0,-1.8369701987210297e-16,-0.433883739117558,-0.9009688679024191,91.076,93.011,69.61991666666667,24.326076970513874,test
2016-11-18 19:00:00,Hog_public_Gerard,Hog,50.275,0.6,-2.2,1011.3,11.8,8.0,19,4,0,11,-0.9659258262890684,0.2588190451025203,-0.433883739117558,-0.9009688679024191,85.976,92.815,67.84741666666666,24.111377647901293,test
2016-11-18 20:00:00,Hog_public_Gerard,Hog,44.4,0.6,-2.2,1013.2,10.3,8.0,20,4,0,11,-0.8660254037844386,0.5000000000000001,-0.433883739117558,-0.9009688679024191,50.275,92.309,65.85120833333333,23.980990825124696,test
2016-11-18 21:00:00,Hog_public_Gerard,Hog,46.481,0.0,-2.8,1015.2,10.8,8.0,21,4,0,11,-0.7071067811865477,0.7071067811865474,-0.433883739117558,-0.9009688679024191,44.4,88.999,64.07962500000001,23.766145737184484,test
2016-11-18 22:00:00,Hog_public_Gerard,Hog,43.744,0.0,-2.8,1016.4,10.8,8.0,22,4,0,11,-0.5000000000000004,0.8660254037844384,-0.433883739117558,-0.9009688679024191,46.481,63.081,63.27391666666666,24.126517184853267,test
2016-11-18 23:00:00,Hog_public_Gerard,Hog,43.367,0.0,-3.9,1017.5,12.4,8.0,23,4,0,11,-0.25881904510252157,0.9659258262890681,-0.433883739117558,-0.9009688679024191,43.744,50.697,62.9685,24.33811728455033,test
2016-11-19 00:00:00,Hog_public_Gerard,Hog,43.413,-0.6,-4.4,1019.3,10.8,8.0,0,5,1,11,0.0,1.0,-0.9749279121818236,-0.2225209339563146,43.367,46.502,62.83979166666666,24.436951079976215,test
2016-11-19 01:00:00,Hog_public_Gerard,Hog,37.521,-0.6,-5.0,1020.6,9.3,8.0,1,5,1,11,0.25881904510252074,0.9659258262890683,-0.9749279121818236,-0.2225209339563146,43.413,45.0,62.52816666666667,24.72038210037239,test
2016-11-19 02:00:00,Hog_public_Gerard,Hog,36.323,-0.6,-5.0,1021.8,8.2,8.0,2,5,1,11,0.49999999999999994,0.8660254037844387,-0.9749279121818236,-0.2225209339563146,37.521,41.613,62.30775,24.937607584163825,test
2016-11-19 03:00:00,Hog_public_Gerard,Hog,36.921,-0.6,-6.1,1022.9,10.8,8.0,3,5,1,11,0.7071067811865476,0.7071067811865476,-0.9749279121818236,-0.2225209339563146,36.323,41.919,62.0995,25.13535823427276,test
2016-11-19 04:00:00,Hog_public_Gerard,Hog,36.927,-0.6,-6.1,1023.9,7.7,8.0,4,5,1,11,0.8660254037844386,0.5000000000000001,-0.9749279121818236,-0.2225209339563146,36.921,37.574,62.072541666666666,25.163137752740848,test
2016-11-19 05:00:00,Hog_public_Gerard,Hog,36.3,-1.1,-6.7,1024.3,9.8,8.0,5,5,1,11,0.9659258262890683,0.25881904510252074,-0.9749279121818236,-0.2225209339563146,36.927,31.48,62.27337500000001,24.92647694601512,test
2016-11-19 06:00:00,Hog_public_Gerard,Hog,36.276,-1.1,-7.8,1025.1,12.4,8.0,6,5,1,11,1.0,6.123233995736766e-17,-0.9749279121818236,-0.2225209339563146,36.3,32.044000000000004,62.44970833333333,24.717424736547493,test
2016-11-19 07:00:00,Hog_public_Gerard,Hog,36.75,-1.7,-7.8,1026.1,8.8,8.0,7,5,1,11,0.9659258262890683,-0.25881904510252063,-0.9749279121818236,-0.2225209339563146,36.276,38.459,62.378499999999995,24.79189400835977,test
2016-11-19 08:00:00,Hog_public_Gerard,Hog,36.556,-2.2,-7.2,1027.0,8.8,8.0,8,5,1,11,0.8660254037844387,-0.4999999999999998,-0.9749279121818236,-0.2225209339563146,36.75,68.475,61.048541666666665,25.3015358272099,test
2016-11-19 09:00:00,Hog_public_Gerard,Hog,35.7,-2.8,-7.8,1028.0,8.2,8.0,9,5,1,11,0.7071067811865476,-0.7071067811865475,-0.9749279121818236,-0.2225209339563146,36.556,87.056,58.90870833333333,25.177737617187425,test
2016-11-19 10:00:00,Hog_public_Gerard,Hog,41.834,-2.2,-7.2,1028.8,9.3,8.0,10,5,1,11,0.49999999999999994,-0.8660254037844387,-0.9749279121818236,-0.2225209339563146,35.7,87.626,57.000708333333336,24.63614923763586,test
2016-11-19 11:00:00,Hog_public_Gerard,Hog,82.806,-2.2,-7.2,1029.6,8.8,8.0,11,5,1,11,0.258819045102521,-0.9659258262890682,-0.9749279121818236,-0.2225209339563146,41.834,87.681,56.79758333333333,24.391070247507564,test
2016-11-19 12:00:00,Hog_public_Gerard,Hog,84.60700000000001,-1.7,-7.8,1029.4,7.2,8.0,12,5,1,11,1.2246467991473532e-16,-1.0,-0.9749279121818236,-0.2225209339563146,82.806,89.48899999999998,56.594166666666666,24.125487993562835,test
2016-11-19 13:00:00,Hog_public_Gerard,Hog,86.116,-1.7,-7.8,1029.8,7.2,7.2,13,5,1,11,-0.2588190451025208,-0.9659258262890683,-0.9749279121818236,-0.2225209339563146,84.60700000000001,93.443,56.288875,23.681185142773423,test
2016-11-19 14:00:00,Hog_public_Gerard,Hog,87.48700000000002,-1.1,-8.3,1030.2,8.8,6.4,14,5,1,11,-0.4999999999999997,-0.8660254037844388,-0.9749279121818236,-0.2225209339563146,86.116,91.263,56.131541666666664,23.45013736676048,test
2016-11-19 15:00:00,Hog_public_Gerard,Hog,87.74700000000001,-1.7,-8.9,1030.6,6.2,5.6,15,5,1,11,-0.7071067811865471,-0.7071067811865479,-0.9749279121818236,-0.2225209339563146,87.48700000000002,92.002,55.95425,23.18170073524092,test
2016-11-19 16:00:00,Hog_public_Gerard,Hog,86.029,-2.2,-8.9,1031.0,7.2,4.8,16,5,1,11,-0.8660254037844385,-0.5000000000000004,-0.9749279121818236,-0.2225209339563146,87.74700000000001,94.299,55.60966666666667,22.642130562422913,test
2016-11-19 17:00:00,Hog_public_Gerard,Hog,87.46600000000002,-2.8,-9.4,1031.2,6.7,4.0,17,5,1,11,-0.9659258262890683,-0.25881904510252063,-0.9749279121818236,-0.2225209339563146,86.029,91.076,55.459250000000004,22.407046568764734,test
2016-11-19 18:00:00,Hog_public_Gerard,Hog,89.09899999999998,-3.3,-9.4,1031.3,5.1,4.0,18,5,1,11,-1.0,-1.8369701987210297e-16,-0.9749279121818236,-0.2225209339563146,87.46600000000002,85.976,55.589375,22.600208055626776,test
2016-11-19 19:00:00,Hog_public_Gerard,Hog,52.636,-3.9,-9.4,1032.0,4.1,3.6666666666666665,19,5,1,11,-0.9659258262890684,0.2588190451025203,-0.9749279121818236,-0.2225209339563146,89.09899999999998,50.275,55.68775,22.581200216975603,test
2016-11-19 20:00:00,Hog_public_Gerard,Hog,43.316,-4.4,-8.9,1032.0,4.6,3.3333333333333335,20,5,1,11,-0.8660254037844386,0.5000000000000001,-0.9749279121818236,-0.2225209339563146,52.636,44.4,55.642583333333334,22.6058301558744,test
2016-11-19 21:00:00,Hog_public_Gerard,Hog,43.283,-3.9,-8.9,1031.8,3.1,3.0,21,5,1,11,-0.7071067811865477,0.7071067811865474,-0.9749279121818236,-0.2225209339563146,43.316,46.481,55.50933333333333,22.671510919264456,test
2016-11-19 22:00:00,Hog_public_Gerard,Hog,42.644,-4.4,-8.9,1031.9,3.6,2.666666666666667,22,5,1,11,-0.5000000000000004,0.8660254037844384,-0.9749279121818236,-0.2225209339563146,43.283,43.744,55.4635,22.69742724934126,test
2016-11-19 23:00:00,Hog_public_Gerard,Hog,43.199,-4.4,-8.9,1031.9,4.1,2.3333333333333335,23,5,1,11,-0.25881904510252157,0.9659258262890681,-0.9749279121818236,-0.2225209339563146,42.644,43.367,55.456500000000005,22.701345639104648,test
2016-11-20 00:00:00,Hog_public_Gerard,Hog,43.639,-4.4,-8.3,1031.4,2.1,2.0,0,6,1,11,0.0,1.0,-0.7818314824680299,0.6234898018587334,43.199,43.413,55.46591666666668,22.696178996391456,test
2016-11-20 01:00:00,Hog_public_Gerard,Hog,36.828,-4.4,-9.4,1031.6,3.6,2.6666666666666665,1,6,1,11,0.25881904510252074,0.9659258262890683,-0.7818314824680299,0.6234898018587334,43.639,37.521,55.437041666666666,22.720429742719418,test
2016-11-20 02:00:00,Hog_public_Gerard,Hog,34.953,-3.9,-9.4,1031.5,2.1,3.333333333333333,2,6,1,11,0.49999999999999994,0.8660254037844387,-0.7818314824680299,0.6234898018587334,36.828,36.323,55.37995833333334,22.77220226404813,test
2016-11-20 03:00:00,Hog_public_Gerard,Hog,35.15,-3.9,-10.6,1031.2,2.1,4.0,3,6,1,11,0.7071067811865476,0.7071067811865476,-0.7818314824680299,0.6234898018587334,34.953,36.921,55.30616666666666,22.837393909544907,test
2016-11-20 04:00:00,Hog_public_Gerard,Hog,34.556999999999995,-3.9,-11.7,1031.6,2.6,4.666666666666666,4,6,1,11,0.8660254037844386,0.5000000000000001,-0.7818314824680299,0.6234898018587334,35.15,36.927,55.20741666666667,22.9252765436201,test
2016-11-20 05:00:00,Hog_public_Gerard,Hog,34.132,-3.9,-11.1,1031.2,2.6,5.333333333333333,5,6,1,11,0.9659258262890683,0.25881904510252074,-0.7818314824680299,0.6234898018587334,34.556999999999995,36.3,55.11708333333333,23.007142507069155,test
2016-11-20 06:00:00,Hog_public_Gerard,Hog,34.679,-3.9,-11.1,1031.4,2.1,6.0,6,6,1,11,1.0,6.123233995736766e-17,-0.7818314824680299,0.6234898018587334,34.132,36.276,55.050541666666675,23.06623780404988,test
2016-11-20 07:00:00,Hog_public_Gerard,Hog,35.387,-3.9,-11.7,1031.6,0.0,6.333333333333333,7,6,1,11,0.9659258262890683,-0.25881904510252063,-0.7818314824680299,0.6234898018587334,34.679,36.75,54.993750000000006,23.114881472765738,test
2016-11-20 08:00:00,Hog_public_Gerard,Hog,34.651,-3.9,-11.7,1031.1,2.6,6.666666666666667,8,6,1,11,0.8660254037844387,-0.4999999999999998,-0.7818314824680299,0.6234898018587334,35.387,36.556,54.91437500000001,23.18411542941792,test
2016-11-20 09:00:00,Hog_public_Gerard,Hog,33.011,-3.3,-11.7,1031.3,2.6,7.0,9,6,1,11,0.7071067811865476,-0.7071067811865475,-0.7818314824680299,0.6234898018587334,34.651,35.7,54.80233333333334,23.287277865946592,test
2016-11-20 10:00:00,Hog_public_Gerard,Hog,33.312,-3.3,-11.1,1031.2,3.6,7.333333333333333,10,6,1,11,0.49999999999999994,-0.8660254037844387,-0.7818314824680299,0.6234898018587334,33.011,41.834,54.44725,23.557025054387758,test
2016-11-20 11:00:00,Hog_public_Gerard,Hog,33.171,-3.3,-11.1,1030.7,2.6,7.666666666666666,11,6,1,11,0.258819045102521,-0.9659258262890682,-0.7818314824680299,0.6234898018587334,33.312,82.806,52.37912500000001,23.13408703212194,test
2016-11-20 12:00:00,Hog_public_Gerard,Hog,64.16,-2.8,-10.6,1030.2,2.6,8.0,12,6,1,11,1.2246467991473532e-16,-1.0,-0.7818314824680299,0.6234898018587334,33.171,84.60700000000001,51.527166666666666,22.255444572092003,test
2016-11-20 13:00:00,Hog_public_Gerard,Hog,85.98700000000002,-2.2,-10.0,1029.5,3.1,6.666666666666667,13,6,1,11,-0.2588190451025208,-0.9659258262890683,-0.7818314824680299,0.6234898018587334,64.16,86.116,51.521791666666665,22.246741559118238,test
2016-11-20 14:00:00,Hog_public_Gerard,Hog,86.421,-1.7,-9.4,1028.5,3.1,5.333333333333334,14,6,1,11,-0.4999999999999997,-0.8660254037844388,-0.7818314824680299,0.6234898018587334,85.98700000000002,87.48700000000002,51.477375,22.17275444600504,test
2016-11-20 15:00:00,Hog_public_Gerard,Hog,89.46700000000001,-1.1,-9.4,1027.9,3.1,4.0,15,6,1,11,-0.7071067811865471,-0.7071067811865479,-0.7818314824680299,0.6234898018587334,86.421,87.74700000000001,51.549041666666675,22.29751063991963,test
2016-11-20 16:00:00,Hog_public_Gerard,Hog,90.336,-1.1,-9.4,1027.6,3.6,2.666666666666667,16,6,1,11,-0.8660254037844385,-0.5000000000000004,-0.7818314824680299,0.6234898018587334,89.46700000000001,86.029,51.728500000000004,22.602331776592003,test
2016-11-20 17:00:00,Hog_public_Gerard,Hog,91.937,-2.2,-9.4,1027.2,4.1,1.333333333333334,17,6,1,11,-0.9659258262890683,-0.25881904510252063,-0.7818314824680299,0.6234898018587334,90.336,87.46600000000002,51.914791666666666,22.925802717878124,test
2016-11-20 18:00:00,Hog_public_Gerard,Hog,90.965,-2.2,-9.4,1027.3,2.6,0.0,18,6,1,11,-1.0,-1.8369701987210297e-16,-0.7818314824680299,0.6234898018587334,91.937,89.09899999999998,51.992541666666675,23.060161615594307,test
2016-11-20 19:00:00,Hog_public_Gerard,Hog,68.395,-2.8,-9.4,1027.0,3.1,0.0,19,6,1,11,-0.9659258262890684,0.2588190451025203,-0.7818314824680299,0.6234898018587334,90.965,52.636,52.64916666666667,23.302372601102007,test
2016-11-20 20:00:00,Hog_public_Gerard,Hog,64.688,-3.3,-8.9,1027.1,3.1,0.0,20,6,1,11,-0.8660254037844386,0.5000000000000001,-0.7818314824680299,0.6234898018587334,68.395,43.316,53.53966666666667,23.338535799731993,test
2016-11-20 21:00:00,Hog_public_Gerard,Hog,63.76600000000001,-3.3,-8.9,1027.0,3.6,0.0,21,6,1,11,-0.7071067811865477,0.7071067811865474,-0.7818314824680299,0.6234898018587334,64.688,43.283,54.393125000000005,23.321667589553236,test
2016-11-20 22:00:00,Hog_public_Gerard,Hog,65.08,-4.4,-8.9,1027.3,2.1,0.0,22,6,1,11,-0.5000000000000004,0.8660254037844384,-0.7818314824680299,0.6234898018587334,63.76600000000001,42.644,55.327958333333335,23.27986399833139,test
2016-11-20 23:00:00,Hog_public_Gerard,Hog,48.82100000000001,-4.4,-9.4,1027.5,2.1,2.0,23,6,1,11,-0.25881904510252157,0.9659258262890681,-0.7818314824680299,0.6234898018587334,65.08,43.199,55.56220833333334,23.180585469177636,test
2016-11-21 00:00:00,Hog_public_Gerard,Hog,41.062,-3.9,-8.9,1026.9,3.1,4.0,0,0,0,11,0.0,1.0,0.0,1.0,48.82100000000001,43.639,55.45483333333333,23.24409782151677,test
2016-11-21 01:00:00,Hog_public_Gerard,Hog,45.444,-4.4,-8.9,1026.7,2.6,3.0,1,0,0,11,0.25881904510252074,0.9659258262890683,0.0,1.0,41.062,36.828,55.81383333333333,23.009252053423634,test
2016-11-21 02:00:00,Hog_public_Gerard,Hog,48.521,-5.0,-8.9,1026.5,3.1,2.0,2,0,0,11,0.49999999999999994,0.8660254037844387,0.0,1.0,45.444,34.953,56.37916666666666,22.6381087408451,test
2016-11-21 03:00:00,Hog_public_Gerard,Hog,41.255,-5.0,-8.9,1026.7,3.1,1.0,3,0,0,11,0.7071067811865476,0.7071067811865476,0.0,1.0,48.521,35.15,56.63354166666667,22.42246659623036,test
2016-11-21 04:00:00,Hog_public_Gerard,Hog,34.726,-5.0,-8.3,1026.4,3.1,0.0,4,0,0,11,0.8660254037844386,0.5000000000000001,0.0,1.0,41.255,34.556999999999995,56.640583333333346,22.41525750740323,test
2016-11-21 05:00:00,Hog_public_Gerard,Hog,31.872,-5.0,-8.3,1026.5,3.6,0.0,5,0,0,11,0.9659258262890683,0.25881904510252074,0.0,1.0,34.726,34.132,56.546416666666666,22.518437151185523,test
2016-11-21 06:00:00,Hog_public_Gerard,Hog,31.67,-4.4,-8.3,1026.4,5.1,0.0,6,0,0,11,1.0,6.123233995736766e-17,0.0,1.0,31.872,34.679,56.42104166666667,22.653452765871876,test
2016-11-21 07:00:00,Hog_public_Gerard,Hog,37.959,-5.0,-8.3,1026.9,4.1,0.0,7,0,0,11,0.9659258262890683,-0.25881904510252063,0.0,1.0,31.67,35.387,56.52820833333334,22.555492584674962,test
2016-11-21 08:00:00,Hog_public_Gerard,Hog,64.902,-5.0,-8.3,1027.0,3.6,0.0,8,0,0,11,0.8660254037844387,-0.4999999999999998,0.0,1.0,37.959,34.651,57.788666666666664,22.12084760280841,test
2016-11-21 09:00:00,Hog_public_Gerard,Hog,82.512,-1.7,-7.2,1026.9,5.1,0.0,9,0,0,11,0.7071067811865476,-0.7071067811865475,0.0,1.0,64.902,33.011,59.85120833333334,22.017627562397738,test
2016-11-21 10:00:00,Hog_public_Gerard,Hog,86.193,0.0,-7.2,1026.8,4.1,0.0,10,0,0,11,0.49999999999999994,-0.8660254037844387,0.0,1.0,82.512,33.312,62.05458333333334,21.891918278346548,test
2016-11-21 11:00:00,Hog_public_Gerard,Hog,88.96600000000002,1.1,-6.7,1026.3,5.1,0.0,11,0,0,11,0.258819045102521,-0.9659258262890682,0.0,1.0,86.193,33.171,64.379375,21.652533927047944,test
2016-11-21 12:00:00,Hog_public_Gerard,Hog,92.834,1.1,-6.7,1026.0,5.1,0.0,12,0,0,11,1.2246467991473532e-16,-1.0,0.0,1.0,88.96600000000002,64.16,65.574125,22.417482000540794,test
2016-11-21 13:00:00,Hog_public_Gerard,Hog,95.078,2.2,-6.7,1025.1,4.6,1.0,13,0,0,11,-0.2588190451025208,-0.9659258262890683,0.0,1.0,92.834,85.98700000000002,65.95291666666667,22.850030978794955,test
2016-11-21 14:00:00,Hog_public_Gerard,Hog,92.242,3.3,-6.7,1024.3,5.7,2.0,14,0,0,11,-0.4999999999999997,-0.8660254037844388,0.0,1.0,95.078,86.421,66.19545833333333,23.10619312234036,test
2016-11-21 15:00:00,Hog_public_Gerard,Hog,90.476,3.3,-6.7,1024.1,5.7,3.0,15,0,0,11,-0.7071067811865471,-0.7071067811865479,0.0,1.0,92.242,89.46700000000001,66.2375,23.15125062449685,test
2016-11-21 16:00:00,Hog_public_Gerard,Hog,89.465,2.8,-6.7,1023.8,5.1,4.0,16,0,0,11,-0.8660254037844385,-0.5000000000000004,0.0,1.0,90.476,90.336,66.20120833333333,23.11248182444174,test
2016-11-21 17:00:00,Hog_public_Gerard,Hog,88.54899999999998,1.7,-7.8,1023.9,4.6,5.0,17,0,0,11,-0.9659258262890683,-0.25881904510252063,0.0,1.0,89.465,91.937,66.06004166666666,22.958290457639123,test
2016-11-21 18:00:00,Hog_public_Gerard,Hog,88.29899999999998,2.2,-7.8,1023.7,5.1,6.0,18,0,0,11,-1.0,-1.8369701987210297e-16,0.0,1.0,88.54899999999998,90.965,65.94895833333332,22.838687131001173,test
2016-11-21 19:00:00,Hog_public_Gerard,Hog,90.825,0.6,-7.2,1023.7,4.6,6.333333333333333,19,0,0,11,-0.9659258262890684,0.2588190451025203,0.0,1.0,88.29899999999998,68.395,66.88354166666666,23.395281122072497,test
2016-11-21 20:00:00,Hog_public_Gerard,Hog,90.189,0.0,-6.7,1023.4,4.1,6.666666666666667,20,0,0,11,-0.8660254037844386,0.5000000000000001,0.0,1.0,90.825,64.688,67.94608333333333,23.865592133986564,test
2016-11-21 21:00:00,Hog_public_Gerard,Hog,86.84200000000001,0.0,-6.7,1023.5,5.1,7.0,21,0,0,11,-0.7071067811865477,0.7071067811865474,0.0,1.0,90.189,63.76600000000001,68.90758333333333,24.152976428187557,test
2016-11-21 22:00:00,Hog_public_Gerard,Hog,68.271,0.6,-6.1,1023.0,5.1,7.333333333333333,22,0,0,11,-0.5000000000000004,0.8660254037844384,0.0,1.0,86.84200000000001,65.08,69.04054166666667,24.13976945241159,test
2016-11-21 23:00:00,Hog_public_Gerard,Hog,49.62600000000001,0.6,-6.1,1022.9,6.2,7.666666666666666,23,0,0,11,-0.25881904510252157,0.9659258262890681,0.0,1.0,68.271,48.82100000000001,69.07408333333333,24.11099546556682,test
2016-11-22 00:00:00,Hog_public_Gerard,Hog,41.911,1.1,-6.7,1023.1,5.7,8.0,0,1,0,11,0.0,1.0,0.7818314824680298,0.6234898018587336,49.62600000000001,41.062,69.10945833333334,24.068695710727322,test
2016-11-22 01:00:00,Hog_public_Gerard,Hog,41.775,1.1,-7.2,1022.6,5.7,8.0,1,1,0,11,0.25881904510252074,0.9659258262890683,0.7818314824680298,0.6234898018587336,41.911,45.444,68.95658333333334,24.236611184979807,test
2016-11-22 02:00:00,Hog_public_Gerard,Hog,40.448,1.1,-7.2,1021.8,6.7,8.0,2,1,0,11,0.49999999999999994,0.8660254037844387,0.7818314824680298,0.6234898018587336,41.775,48.521,68.62020833333334,24.58606631014584,test
2016-11-22 03:00:00,Hog_public_Gerard,Hog,40.218,1.1,-7.2,1021.8,4.1,8.0,3,1,0,11,0.7071067811865476,0.7071067811865476,0.7818314824680298,0.6234898018587336,40.448,41.255,68.577,24.637108019514418,test
2016-11-22 04:00:00,Hog_public_Gerard,Hog,34.921,1.1,-7.2,1021.7,8.2,8.0,4,1,0,11,0.8660254037844386,0.5000000000000001,0.7818314824680298,0.6234898018587336,40.218,34.726,68.58512499999999,24.625488436228636,test
2016-11-22 05:00:00,Hog_public_Gerard,Hog,31.516,1.1,-7.2,1021.6,6.7,8.0,5,1,0,11,0.9659258262890683,0.25881904510252074,0.7818314824680298,0.6234898018587336,34.921,31.872,68.57029166666668,24.648660654114067,test
2016-11-22 06:00:00,Hog_public_Gerard,Hog,31.575,1.7,-7.2,1021.2,6.2,8.0,6,1,0,11,1.0,6.123233995736766e-17,0.7818314824680298,0.6234898018587336,31.516,31.67,68.56633333333333,24.65485097459959,test
2016-11-22 07:00:00,Hog_public_Gerard,Hog,37.293,1.1,-5.6,1021.5,7.2,8.0,7,1,0,11,0.9659258262890683,-0.25881904510252063,0.7818314824680298,0.6234898018587336,31.575,37.959,68.53858333333334,24.69114663003323,test
2016-11-22 08:00:00,Hog_public_Gerard,Hog,66.938,1.1,-5.6,1021.8,9.3,8.0,8,1,0,11,0.8660254037844387,-0.4999999999999998,0.7818314824680298,0.6234898018587336,37.293,64.902,68.62341666666667,24.681604672511657,test
2016-11-22 09:00:00,Hog_public_Gerard,Hog,86.64399999999998,1.1,-4.4,1021.4,8.8,8.0,9,1,0,11,0.7071067811865476,-0.7071067811865475,0.7818314824680298,0.6234898018587336,66.938,82.512,68.79558333333334,24.79683911819463,test
2016-11-22 10:00:00,Hog_public_Gerard,Hog,88.26299999999998,1.1,-3.9,1020.9,7.2,8.0,10,1,0,11,0.49999999999999994,-0.8660254037844387,0.7818314824680298,0.6234898018587336,86.64399999999998,86.193,68.88183333333333,24.863493373893125,test
2016-11-22 11:00:00,Hog_public_Gerard,Hog,92.532,1.1,-3.9,1021.7,4.6,8.0,11,1,0,11,0.258819045102521,-0.9659258262890682,0.7818314824680298,0.6234898018587336,88.26299999999998,88.96600000000002,69.03041666666667,24.99901976150737,test
2016-11-22 12:00:00,Hog_public_Gerard,Hog,93.343,1.7,-3.9,1021.1,4.6,8.0,12,1,0,11,1.2246467991473532e-16,-1.0,0.7818314824680298,0.6234898018587336,92.532,92.834,69.051625,25.020298786685263,test
2016-11-22 13:00:00,Hog_public_Gerard,Hog,94.684,1.7,-3.3,1020.1,6.7,8.0,13,1,0,11,-0.2588190451025208,-0.9659258262890683,0.7818314824680298,0.6234898018587336,93.343,95.078,69.03520833333333,25.002602530587495,test
2016-11-22 14:00:00,Hog_public_Gerard,Hog,93.045,1.1,-2.2,1019.3,6.2,8.0,14,1,0,11,-0.4999999999999997,-0.8660254037844388,0.7818314824680298,0.6234898018587336,94.684,92.242,69.06866666666667,25.03552355747939,test
2016-11-22 15:00:00,Hog_public_Gerard,Hog,92.777,0.6,-2.2,1019.5,7.7,8.0,15,1,0,11,-0.7071067811865471,-0.7071067811865479,0.7818314824680298,0.6234898018587336,93.045,90.476,69.16454166666666,25.12531345766692,test
2016-11-22 16:00:00,Hog_public_Gerard,Hog,92.293,0.6,-2.2,1019.5,7.2,8.0,16,1,0,11,-0.8660254037844385,-0.5000000000000004,0.7818314824680298,0.6234898018587336,92.777,89.465,69.282375,25.231067288274563,test
2016-11-22 17:00:00,Hog_public_Gerard,Hog,92.504,1.1,-2.2,1019.4,6.2,8.0,17,1,0,11,-0.9659258262890683,-0.25881904510252063,0.7818314824680298,0.6234898018587336,92.293,88.54899999999998,69.44716666666666,25.374880318701205,test
2016-11-22 18:00:00,Hog_public_Gerard,Hog,89.959,1.1,-2.2,1019.7,4.6,8.0,18,1,0,11,-1.0,-1.8369701987210297e-16,0.7818314824680298,0.6234898018587336,92.504,88.29899999999998,69.51633333333334,25.430701701181913,test
2016-11-22 19:00:00,Hog_public_Gerard,Hog,90.836,0.6,-1.7,1019.4000000000001,5.1,8.0,19,1,0,11,-0.9659258262890684,0.2588190451025203,0.7818314824680298,0.6234898018587336,89.959,90.825,69.51679166666666,25.43110253722913,test
2016-11-22 20:00:00,Hog_public_Gerard,Hog,89.10600000000002,1.1,-1.1,1019.1,8.8,8.0,20,1,0,11,-0.8660254037844386,0.5000000000000001,0.7818314824680298,0.6234898018587336,90.836,90.189,69.47166666666666,25.393760333673743,test
2016-11-22 21:00:00,Hog_public_Gerard,Hog,87.655,1.1,-1.1,1019.0333333333333,6.7,8.0,21,1,0,11,-0.7071067811865477,0.7071067811865474,0.7818314824680298,0.6234898018587336,89.10600000000002,86.84200000000001,69.50554166666667,25.41846988515517,test
2016-11-22 22:00:00,Hog_public_Gerard,Hog,71.086,0.6,-0.6,1018.9666666666667,3.6,8.0,22,1,0,11,-0.5000000000000004,0.8660254037844384,0.7818314824680298,0.6234898018587336,87.655,68.271,69.62283333333333,25.419020300052807,test
2016-11-22 23:00:00,Hog_public_Gerard,Hog,54.075,0.6,-0.6,1018.9,3.6,8.0,23,1,0,11,-0.25881904510252157,0.9659258262890681,0.7818314824680298,0.6234898018587336,71.086,49.62600000000001,69.80820833333333,25.28270476377291,test
2016-11-23 00:00:00,Hog_public_Gerard,Hog,49.782,0.6,-0.6,1018.7,3.1,8.0,0,2,0,11,0.0,1.0,0.9749279121818236,-0.22252093395631434,54.075,41.911,70.13616666666667,24.954011711401385,test
2016-11-23 01:00:00,Hog_public_Gerard,Hog,54.015,0.6,-0.6,1018.0,4.1,8.0,1,2,0,11,0.25881904510252074,0.9659258262890683,0.9749279121818236,-0.22252093395631434,49.782,41.775,70.64616666666667,24.46955157753817,test
2016-11-23 02:00:00,Hog_public_Gerard,Hog,45.949,0.6,-0.6,1017.7,2.6,8.0,2,2,0,11,0.49999999999999994,0.8660254037844387,0.9749279121818236,-0.22252093395631434,54.015,40.448,70.875375,24.198648765388857,test
2016-11-23 03:00:00,Hog_public_Gerard,Hog,41.724,0.6,0.0,1017.8,2.1,8.0,3,2,0,11,0.7071067811865476,0.7071067811865476,0.9749279121818236,-0.22252093395631434,45.949,40.218,70.938125,24.117510658751737,test
2016-11-23 04:00:00,Hog_public_Gerard,Hog,32.94,0.6,0.0,1017.3,2.1,8.0,4,2,0,11,0.8660254037844386,0.5000000000000001,0.9749279121818236,-0.22252093395631434,41.724,34.921,70.85558333333334,24.249168577260736,test
2016-11-23 05:00:00,Hog_public_Gerard,Hog,31.66800000000001,0.6,0.0,1017.0,2.6,8.0,5,2,0,11,0.9659258262890683,0.25881904510252074,0.9749279121818236,-0.22252093395631434,32.94,31.516,70.86191666666666,24.238464734557947,test
2016-11-23 06:00:00,Hog_public_Gerard,Hog,30.88,1.1,0.0,1016.7,2.6,8.0,6,2,0,11,1.0,6.123233995736766e-17,0.9749279121818236,-0.22252093395631434,31.66800000000001,31.575,70.83295833333334,24.287807537902466,test
2016-11-23 07:00:00,Hog_public_Gerard,Hog,38.184,1.1,0.0,1016.6,2.1,8.0,7,2,0,11,0.9659258262890683,-0.25881904510252063,0.9749279121818236,-0.22252093395631434,30.88,37.293,70.87008333333334,24.23493461373246,test
2016-11-23 08:00:00,Hog_public_Gerard,Hog,67.468,1.1,0.0,1016.8,2.6,8.0,8,2,0,11,0.8660254037844387,-0.4999999999999998,0.9749279121818236,-0.22252093395631434,38.184,66.938,70.89216666666665,24.231437063140337,test
2016-11-23 09:00:00,Hog_public_Gerard,Hog,83.146,0.6,0.0,1017.3,2.1,8.0,9,2,0,11,0.7071067811865476,-0.7071067811865475,0.9749279121818236,-0.22252093395631434,67.468,86.64399999999998,70.74641666666668,24.142930204561388,test
2016-11-23 10:00:00,Hog_public_Gerard,Hog,85.899,1.1,0.0,1017.8,2.1,8.0,10,2,0,11,0.49999999999999994,-0.8660254037844387,0.9749279121818236,-0.22252093395631434,83.146,88.26299999999998,70.64791666666666,24.073079001271378,test
2016-11-23 11:00:00,Hog_public_Gerard,Hog,92.911,1.1,-0.6,1017.4,2.1,8.0,11,2,0,11,0.258819045102521,-0.9659258262890682,0.9749279121818236,-0.22252093395631434,85.899,92.532,70.66370833333333,24.088178447347065,test
2016-11-23 12:00:00,Hog_public_Gerard,Hog,87.60799999999998,1.7,0.0,1017.0,2.6,8.0,12,2,0,11,1.2246467991473532e-16,-1.0,0.9749279121818236,-0.22252093395631434,92.911,93.343,70.42475,23.880969469524295,test
2016-11-23 13:00:00,Hog_public_Gerard,Hog,89.71700000000001,1.7,0.0,1016.8,3.1,8.0,13,2,0,11,-0.2588190451025208,-0.9659258262890683,0.9749279121818236,-0.22252093395631434,87.60799999999998,94.684,70.21779166666667,23.68228828356792,test
2016-11-23 14:00:00,Hog_public_Gerard,Hog,86.744,1.7,0.0,1016.5,3.6,8.0,14,2,0,11,-0.4999999999999997,-0.8660254037844388,0.9749279121818236,-0.22252093395631434,89.71700000000001,93.045,69.95524999999999,23.452030364035778,test
2016-11-23 15:00:00,Hog_public_Gerard,Hog,87.77799999999998,1.7,-0.6,1016.8,5.7,8.0,15,2,0,11,-0.7071067811865471,-0.7071067811865479,0.9749279121818236,-0.22252093395631434,86.744,92.777,69.74695833333334,23.261953115276516,test
2016-11-23 16:00:00,Hog_public_Gerard,Hog,87.65700000000002,1.7,-0.6,1017.4,3.6,8.0,16,2,0,11,-0.8660254037844385,-0.5000000000000004,0.9749279121818236,-0.22252093395631434,87.77799999999998,92.293,69.55379166666667,23.085168135066276,test
2016-11-23 17:00:00,Hog_public_Gerard,Hog,83.382,1.7,-1.1,1017.8,4.6,8.0,17,2,0,11,-0.9659258262890683,-0.25881904510252063,0.9749279121818236,-0.22252093395631434,87.65700000000002,92.504,69.17370833333334,22.763734395017178,test
2016-11-23 18:00:00,Hog_public_Gerard,Hog,78.396,1.7,-1.1,1018.4,4.1,8.0,18,2,0,11,-1.0,-1.8369701987210297e-16,0.9749279121818236,-0.22252093395631434,83.382,89.959,68.69191666666667,22.424526789475138,test
2016-11-23 19:00:00,Hog_public_Gerard,Hog,66.892,1.7,-1.1,1018.5,3.1,8.0,19,2,0,11,-0.9659258262890684,0.2588190451025203,0.9749279121818236,-0.22252093395631434,78.396,90.836,67.69425,21.923540437759847,test
2016-11-23 20:00:00,Hog_public_Gerard,Hog,66.025,1.7,-0.6,1018.8,2.6,8.0,20,2,0,11,-0.8660254037844386,0.5000000000000001,0.9749279121818236,-0.22252093395631434,66.892,89.10600000000002,66.73254166666668,21.444451547477403,test
2016-11-23 21:00:00,Hog_public_Gerard,Hog,66.087,1.1,-0.6,1019.2,3.6,8.0,21,2,0,11,-0.7071067811865477,0.7071067811865474,0.9749279121818236,-0.22252093395631434,66.025,87.655,65.833875,20.976351662542676,test
2016-11-23 22:00:00,Hog_public_Gerard,Hog,44.545,1.7,-0.6,1019.1,3.6,8.0,22,2,0,11,-0.5000000000000004,0.8660254037844384,0.9749279121818236,-0.22252093395631434,66.087,71.086,64.728,21.38309869154092,test
2016-11-23 23:00:00,Hog_public_Gerard,Hog,41.217,1.1,-0.6,1019.5,3.1,8.0,23,2,0,11,-0.25881904510252157,0.9659258262890681,0.9749279121818236,-0.22252093395631434,44.545,54.075,64.19225,21.81826215581812,test
2016-11-24 00:00:00,Hog_public_Gerard,Hog,41.408,1.1,-0.6,1019.9,2.1,8.0,0,3,0,11,0.0,1.0,0.43388373911755823,-0.900968867902419,41.217,49.782,63.843333333333334,22.123552151431436,test
2016-11-24 01:00:00,Hog_public_Gerard,Hog,41.247,1.1,-0.6,1020.1,2.6,8.0,1,3,0,11,0.25881904510252074,0.9659258262890683,0.43388373911755823,-0.900968867902419,41.408,54.015,63.31133333333333,22.520127657501195,test
2016-11-24 02:00:00,Hog_public_Gerard,Hog,41.045,1.1,-0.6,1020.7,2.1,8.0,2,3,0,11,0.49999999999999994,0.8660254037844387,0.43388373911755823,-0.900968867902419,41.247,45.949,63.107,22.705992671922463,test
2016-11-24 03:00:00,Hog_public_Gerard,Hog,36.219,1.7,-0.6,1021.1,2.1,8.0,3,3,0,11,0.7071067811865476,0.7071067811865476,0.43388373911755823,-0.900968867902419,41.045,41.724,62.877624999999995,22.957803939463187,test
2016-11-24 04:00:00,Hog_public_Gerard,Hog,34.751999999999995,1.1,-0.6,1021.0,1.5,8.0,4,3,0,11,0.8660254037844386,0.5000000000000001,0.43388373911755823,-0.900968867902419,36.219,32.94,62.953125,22.857831028589022,test
2016-11-24 05:00:00,Hog_public_Gerard,Hog,34.449,1.1,-0.6,1021.3,0.0,8.0,5,3,0,11,0.9659258262890683,0.25881904510252074,0.43388373911755823,-0.900968867902419,34.751999999999995,31.66800000000001,63.068999999999996,22.698835396289198,test
2016-11-24 06:00:00,Hog_public_Gerard,Hog,34.938,1.7,-0.6,1021.5,0.0,8.0,6,3,0,11,1.0,6.123233995736766e-17,0.43388373911755823,-0.900968867902419,34.449,30.88,63.23808333333333,22.462518783068727,test
2016-11-24 07:00:00,Hog_public_Gerard,Hog,44.778,1.7,0.0,1022.1,0.0,8.0,7,3,0,11,0.9659258262890683,-0.25881904510252063,0.43388373911755823,-0.900968867902419,34.938,38.184,63.51283333333333,22.181313262698765,test
2016-11-24 08:00:00,Hog_public_Gerard,Hog,44.538,1.1,0.0,1022.3,1.5,8.0,8,3,0,11,0.8660254037844387,-0.4999999999999998,0.43388373911755823,-0.900968867902419,44.778,67.468,62.557416666666676,22.495157341500104,test
2016-11-24 09:00:00,Hog_public_Gerard,Hog,43.947,1.1,-0.6,1022.2,1.5,8.0,9,3,0,11,0.7071067811865476,-0.7071067811865475,0.43388373911755823,-0.900968867902419,44.538,83.146,60.924125,22.35793102412103,test
2016-11-24 10:00:00,Hog_public_Gerard,Hog,43.334,1.1,0.0,1022.9,0.0,8.0,10,3,0,11,0.49999999999999994,-0.8660254037844387,0.43388373911755823,-0.900968867902419,43.947,85.899,59.15058333333334,21.975628939739305,test
2016-11-24 11:00:00,Hog_public_Gerard,Hog,39.923,1.7,0.0,1023.3,0.0,8.0,11,3,0,11,0.258819045102521,-0.9659258262890682,0.43388373911755823,-0.900968867902419,43.334,92.911,56.94275,21.079864390393933,test
2016-11-24 12:00:00,Hog_public_Gerard,Hog,39.6,2.2,0.0,1023.2,2.1,8.0,12,3,0,11,1.2246467991473532e-16,-1.0,0.43388373911755823,-0.900968867902419,39.923,87.60799999999998,54.94241666666667,20.307074286556336,test
2016-11-24 13:00:00,Hog_public_Gerard,Hog,39.951,2.2,0.0,1022.9,2.1,8.0,13,3,0,11,-0.2588190451025208,-0.9659258262890683,0.43388373911755823,-0.900968867902419,39.6,89.71700000000001,52.86883333333333,19.107196571987938,test
2016-11-24 14:00:00,Hog_public_Gerard,Hog,39.295,2.8,0.0,1022.6,3.1,8.0,14,3,0,11,-0.4999999999999997,-0.8660254037844388,0.43388373911755823,-0.900968867902419,39.951,86.744,50.89179166666667,17.86406093853209,test
2016-11-24 15:00:00,Hog_public_Gerard,Hog,39.53,2.8,0.0,1022.8,2.1,8.0,15,3,0,11,-0.7071067811865471,-0.7071067811865479,0.43388373911755823,-0.900968867902419,39.295,87.77799999999998,48.881458333333335,16.16675448857468,test
2016-11-24 16:00:00,Hog_public_Gerard,Hog,39.867,2.8,-0.6,1022.8,2.1,8.0,16,3,0,11,-0.8660254037844385,-0.5000000000000004,0.43388373911755823,-0.900968867902419,39.53,87.65700000000002,46.890208333333334,13.978130210157248,test
2016-11-24 17:00:00,Hog_public_Gerard,Hog,39.93,2.2,0.0,1023.4,2.1,8.0,17,3,0,11,-0.9659258262890683,-0.25881904510252063,0.43388373911755823,-0.900968867902419,39.867,83.382,45.079708333333336,11.669452226178729,test
2016-11-24 18:00:00,Hog_public_Gerard,Hog,40.897,1.7,0.0,1023.7,2.1,8.0,18,3,0,11,-1.0,-1.8369701987210297e-16,0.43388373911755823,-0.900968867902419,39.93,78.396,43.51725,9.280601049923233,test
2016-11-24 19:00:00,Hog_public_Gerard,Hog,41.33600000000001,1.1,0.0,1024.2,2.6,8.0,19,3,0,11,-0.9659258262890684,0.2588190451025203,0.43388373911755823,-0.900968867902419,40.897,66.892,42.45241666666667,7.8356648890591005,test
2016-11-24 20:00:00,Hog_public_Gerard,Hog,41.272,1.1,0.0,1024.2,2.1,8.0,20,3,0,11,-0.8660254037844386,0.5000000000000001,0.43388373911755823,-0.900968867902419,41.33600000000001,66.025,41.42104166666667,6.015714533289052,test
2016-11-24 21:00:00,Hog_public_Gerard,Hog,41.47,1.1,0.0,1024.3000000000002,1.5,8.0,21,3,0,11,-0.7071067811865477,0.7071067811865474,0.43388373911755823,-0.900968867902419,41.272,66.087,40.39533333333333,2.9391356710374072,test
2016-11-24 22:00:00,Hog_public_Gerard,Hog,41.71,1.1,0.0,1024.4,1.5,8.0,22,3,0,11,-0.5000000000000004,0.8660254037844384,0.43388373911755823,-0.900968867902419,41.47,44.545,40.277208333333334,2.8196488831566033,test
2016-11-24 23:00:00,Hog_public_Gerard,Hog,41.18600000000001,1.1,-0.6,1024.5,2.1,8.0,23,3,0,11,-0.25881904510252157,0.9659258262890681,0.43388373911755823,-0.900968867902419,41.71,41.217,40.27591666666667,2.819206717235129,test
2016-11-25 00:00:00,Hog_public_Gerard,Hog,40.94,1.1,-0.6,1024.7,2.1,8.0,0,4,0,11,0.0,1.0,-0.433883739117558,-0.9009688679024191,41.18600000000001,41.408,40.25641666666667,2.8126467330502885,test
2016-11-25 01:00:00,Hog_public_Gerard,Hog,41.82899999999999,0.6,-0.6,1024.8,2.1,8.0,1,4,0,11,0.25881904510252074,0.9659258262890683,-0.433883739117558,-0.9009688679024191,40.94,41.247,40.28066666666667,2.8240444889153635,test
2016-11-25 02:00:00,Hog_public_Gerard,Hog,41.651,1.1,0.0,1024.8,2.1,8.0,2,4,0,11,0.49999999999999994,0.8660254037844387,-0.433883739117558,-0.9009688679024191,41.82899999999999,41.045,40.30591666666667,2.8338676431427583,test
2016-11-25 03:00:00,Hog_public_Gerard,Hog,35.24,1.1,0.0,1025.1,2.1,8.0,3,4,0,11,0.7071067811865476,0.7071067811865476,-0.433883739117558,-0.9009688679024191,41.651,36.219,40.265125000000005,2.901493038639209,test
2016-11-25 04:00:00,Hog_public_Gerard,Hog,34.91,1.1,0.0,1025.2,2.1,8.0,4,4,0,11,0.8660254037844386,0.5000000000000001,-0.433883739117558,-0.9009688679024191,35.24,34.751999999999995,40.271708333333336,2.888590742292891,test
2016-11-25 05:00:00,Hog_public_Gerard,Hog,34.992,1.1,-0.6,1025.4,5.1,8.0,5,4,0,11,0.9659258262890683,0.25881904510252074,-0.433883739117558,-0.9009688679024191,34.91,34.449,40.294333333333334,2.8427642803500435,test
2016-11-25 06:00:00,Hog_public_Gerard,Hog,34.373000000000005,1.1,-0.6,1025.8,4.1,8.0,6,4,0,11,1.0,6.123233995736766e-17,-0.433883739117558,-0.9009688679024191,34.992,34.938,40.27079166666667,2.8909805915654325,test
2016-11-25 07:00:00,Hog_public_Gerard,Hog,44.562,1.1,-0.6,1026.3,3.6,8.0,7,4,0,11,0.9659258262890683,-0.25881904510252063,-0.433883739117558,-0.9009688679024191,34.373000000000005,44.778,40.26179166666667,2.8766396455540337,test
2016-11-25 08:00:00,Hog_public_Gerard,Hog,45.597,1.1,-0.6,1026.5,2.6,8.0,8,4,0,11,0.8660254037844387,-0.4999999999999998,-0.433883739117558,-0.9009688679024191,44.562,44.538,40.30591666666667,2.952213921151852,test
2016-11-25 09:00:00,Hog_public_Gerard,Hog,43.603,1.7,0.0,1026.8,2.6,8.0,9,4,0,11,0.7071067811865476,-0.7071067811865475,-0.433883739117558,-0.9009688679024191,45.597,43.947,40.29158333333333,2.9345496790566505,test
2016-11-25 10:00:00,Hog_public_Gerard,Hog,42.948,1.7,-0.6,1027.1,3.6,8.0,10,4,0,11,0.49999999999999994,-0.8660254037844387,-0.433883739117558,-0.9009688679024191,43.603,43.334,40.2755,2.9181621971210867,test
2016-11-25 11:00:00,Hog_public_Gerard,Hog,40.481,2.2,-0.6,1027.1,3.6,8.0,11,4,0,11,0.258819045102521,-0.9659258262890682,-0.433883739117558,-0.9009688679024191,42.948,39.923,40.298750000000005,2.9174544033563032,test
2016-11-25 12:00:00,Hog_public_Gerard,Hog,39.523,1.7,-0.6,1026.6,3.6,8.0,12,4,0,11,1.2246467991473532e-16,-1.0,-0.433883739117558,-0.9009688679024191,40.481,39.6,40.295541666666665,2.9182984467470545,test
2016-11-25 13:00:00,Hog_public_Gerard,Hog,39.177,1.7,-1.7,1026.8,3.1,7.666666666666667,13,4,0,11,-0.2588190451025208,-0.9659258262890683,-0.433883739117558,-0.9009688679024191,39.523,39.951,40.26329166666667,2.926536600909032,test
2016-11-25 14:00:00,Hog_public_Gerard,Hog,39.737,1.7,-1.7,1026.1,3.1,7.333333333333333,14,4,0,11,-0.4999999999999997,-0.8660254037844388,-0.433883739117558,-0.9009688679024191,39.177,39.295,40.281708333333334,2.921564745717046,test
2016-11-25 15:00:00,Hog_public_Gerard,Hog,39.668,2.2,-1.1,1026.1,3.1,7.0,15,4,0,11,-0.7071067811865471,-0.7071067811865479,-0.433883739117558,-0.9009688679024191,39.737,39.53,40.28745833333333,2.920156427901887,test
2016-11-25 16:00:00,Hog_public_Gerard,Hog,39.202,2.2,-1.7,1026.1,3.6,6.666666666666667,16,4,0,11,-0.8660254037844385,-0.5000000000000004,-0.433883739117558,-0.9009688679024191,39.668,39.867,40.25975,2.9274652970152024,test
2016-11-25 17:00:00,Hog_public_Gerard,Hog,40.046,1.7,-1.7,1026.1,1.5,6.333333333333334,17,4,0,11,-0.9659258262890683,-0.25881904510252063,-0.433883739117558,-0.9009688679024191,39.202,39.93,40.264583333333334,2.9269929207263092,test
2016-11-25 18:00:00,Hog_public_Gerard,Hog,41.145,1.7,-1.1,1026.1,1.5,6.0,18,4,0,11,-1.0,-1.8369701987210297e-16,-0.433883739117558,-0.9009688679024191,40.046,40.897,40.27491666666666,2.9297591074262646,test
2016-11-25 19:00:00,Hog_public_Gerard,Hog,40.702,0.6,-2.2,1026.0,2.1,4.0,19,4,0,11,-0.9659258262890684,0.2588190451025203,-0.433883739117558,-0.9009688679024191,41.145,41.33600000000001,40.2485,2.9226252939278017,test
2016-11-25 20:00:00,Hog_public_Gerard,Hog,41.048,0.6,-1.7,1025.8,2.1,2.0,20,4,0,11,-0.8660254037844386,0.5000000000000001,-0.433883739117558,-0.9009688679024191,40.702,41.272,40.23916666666667,2.919570734778186,test
2016-11-25 21:00:00,Hog_public_Gerard,Hog,41.407,0.6,-1.1,1025.8,2.1,2.0,21,4,0,11,-0.7071067811865477,0.7071067811865474,-0.433883739117558,-0.9009688679024191,41.048,41.47,40.23654166666667,2.9184440759223538,test
2016-11-25 22:00:00,Hog_public_Gerard,Hog,40.905,1.1,-0.6,1025.5,1.5,2.0,22,4,0,11,-0.5000000000000004,0.8660254037844384,-0.433883739117558,-0.9009688679024191,41.407,41.71,40.202999999999996,2.905369990658612,test
2016-11-25 23:00:00,Hog_public_Gerard,Hog,40.703,1.1,-1.1,1025.2,2.6,2.0,23,4,0,11,-0.25881904510252157,0.9659258262890681,-0.433883739117558,-0.9009688679024191,40.905,41.18600000000001,40.182875,2.899932612599753,test
2016-11-26 00:00:00,Hog_public_Gerard,Hog,41.29600000000001,0.6,-1.7,1025.2,2.6,0.0,0,5,1,11,0.0,1.0,-0.9749279121818236,-0.2225209339563146,40.703,40.94,40.19770833333333,2.904879994218011,test
2016-11-26 01:00:00,Hog_public_Gerard,Hog,36.111,-0.6,-2.2,1024.7,2.1,0.0,1,5,1,11,0.25881904510252074,0.9659258262890683,-0.9749279121818236,-0.2225209339563146,41.29600000000001,41.82899999999999,39.95945833333334,2.9982552749643516,test
2016-11-26 02:00:00,Hog_public_Gerard,Hog,34.779,-1.7,-2.8,1024.2,2.6,0.0,2,5,1,11,0.49999999999999994,0.8660254037844387,-0.9749279121818236,-0.2225209339563146,36.111,41.651,39.673125,3.153793096693277,test
2016-11-26 03:00:00,Hog_public_Gerard,Hog,35.36,-1.7,-2.8,1023.7,3.1,0.0,3,5,1,11,0.7071067811865476,0.7071067811865476,-0.9749279121818236,-0.2225209339563146,34.779,35.24,39.678125,3.146546074841109,test
2016-11-26 04:00:00,Hog_public_Gerard,Hog,35.24,-1.7,-2.8,1022.9,3.1,0.0,4,5,1,11,0.8660254037844386,0.5000000000000001,-0.9749279121818236,-0.2225209339563146,35.36,34.91,39.691875,3.125454406094616,test
2016-11-26 05:00:00,Hog_public_Gerard,Hog,34.591,-1.7,-2.8,1022.4,3.6,0.0,5,5,1,11,0.9659258262890683,0.25881904510252074,-0.9749279121818236,-0.2225209339563146,35.24,34.992,39.67516666666667,3.1526255540531616,test
2016-11-26 06:00:00,Hog_public_Gerard,Hog,34.811,-0.6,-2.2,1021.6,5.1,2.0,6,5,1,11,1.0,6.123233995736766e-17,-0.9749279121818236,-0.2225209339563146,34.591,34.373000000000005,39.693416666666664,3.1217139511436103,test
2016-11-26 07:00:00,Hog_public_Gerard,Hog,35.082,-0.6,-1.7,1021.4,1.5,2.0,7,5,1,11,0.9659258262890683,-0.25881904510252063,-0.9749279121818236,-0.2225209339563146,34.811,44.562,39.29841666666667,3.0783586382694605,test
2016-11-26 08:00:00,Hog_public_Gerard,Hog,34.475,0.6,-1.1,1020.9,3.1,2.0,8,5,1,11,0.8660254037844387,-0.4999999999999998,-0.9749279121818236,-0.2225209339563146,35.082,45.597,38.835,2.922132857142845,test
2016-11-26 09:00:00,Hog_public_Gerard,Hog,34.098,1.1,-1.1,1020.4,3.1,2.0,9,5,1,11,0.7071067811865476,-0.7071067811865475,-0.9749279121818236,-0.2225209339563146,34.475,43.603,38.43895833333334,2.8917781423004496,test
2016-11-26 10:00:00,Hog_public_Gerard,Hog,41.792,2.2,0.0,1019.9,4.1,2.0,10,5,1,11,0.49999999999999994,-0.8660254037844387,-0.9749279121818236,-0.2225209339563146,34.098,42.948,38.390791666666665,2.8221985721788587,test
2016-11-26 11:00:00,Hog_public_Gerard,Hog,75.913,3.9,0.6,1019.7,3.1,2.0,11,5,1,11,0.258819045102521,-0.9659258262890682,-0.9749279121818236,-0.2225209339563146,41.792,40.481,39.867124999999994,8.167880398310075,test
2016-11-26 12:00:00,Hog_public_Gerard,Hog,82.23299999999998,5.6,1.1,1018.4,3.1,0.0,12,5,1,11,1.2246467991473532e-16,-1.0,-0.9749279121818236,-0.2225209339563146,75.913,39.523,41.64670833333333,11.8929485007578,test
2016-11-26 13:00:00,Hog_public_Gerard,Hog,81.053,6.7,1.1,1017.8,1.5,0.0,13,5,1,11,-0.2588190451025208,-0.9659258262890683,-0.9749279121818236,-0.2225209339563146,82.23299999999998,39.177,43.39154166666666,14.335818437015313,test
2016-11-26 14:00:00,Hog_public_Gerard,Hog,82.49600000000002,7.2,1.1,1017.4,2.1,0.0,14,5,1,11,-0.4999999999999997,-0.8660254037844388,-0.9749279121818236,-0.2225209339563146,81.053,39.737,45.17316666666667,16.374002935902308,test
2016-11-26 15:00:00,Hog_public_Gerard,Hog,82.684,7.2,1.1,1017.7,2.6,0.0,15,5,1,11,-0.7071067811865471,-0.7071067811865479,-0.9749279121818236,-0.2225209339563146,82.49600000000002,39.668,46.9655,18.017069329316598,test
2016-11-26 16:00:00,Hog_public_Gerard,Hog,81.973,6.7,1.7,1017.6,2.6,0.0,16,5,1,11,-0.8660254037844385,-0.5000000000000004,-0.9749279121818236,-0.2225209339563146,82.684,39.202,48.747625,19.286365945273598,test
2016-11-26 17:00:00,Hog_public_Gerard,Hog,83.118,4.4,0.6,1017.4,2.6,2.0,17,5,1,11,-0.9659258262890683,-0.25881904510252063,-0.9749279121818236,-0.2225209339563146,81.973,40.046,50.54229166666667,20.412564842101048,test
2016-11-26 18:00:00,Hog_public_Gerard,Hog,85.705,5.6,1.1,1017.1,1.5,2.0,18,5,1,11,-1.0,-1.8369701987210297e-16,-0.9749279121818236,-0.2225209339563146,83.118,41.145,52.398958333333326,21.517281607601028,test
2016-11-26 19:00:00,Hog_public_Gerard,Hog,50.81100000000001,3.9,0.6,1017.3,1.5,2.0,19,5,1,11,-0.9659258262890684,0.2588190451025203,-0.9749279121818236,-0.2225209339563146,85.705,40.702,52.820166666666665,21.376839520473233,test
2016-11-26 20:00:00,Hog_public_Gerard,Hog,43.497,3.9,1.1,1017.1,2.6,2.0,20,5,1,11,-0.8660254037844386,0.5000000000000001,-0.9749279121818236,-0.2225209339563146,50.81100000000001,41.048,52.92220833333332,21.32398199818848,test
2016-11-26 21:00:00,Hog_public_Gerard,Hog,42.90600000000001,3.9,1.1,1016.8,1.5,4.0,21,5,1,11,-0.7071067811865477,0.7071067811865474,-0.9749279121818236,-0.2225209339563146,43.497,41.407,52.98466666666667,21.290957022349758,test
2016-11-26 22:00:00,Hog_public_Gerard,Hog,42.483,2.2,0.6,1016.5,0.0,4.0,22,5,1,11,-0.5000000000000004,0.8660254037844384,-0.9749279121818236,-0.2225209339563146,42.90600000000001,40.905,53.05041666666667,21.254436338790978,test
2016-11-26 23:00:00,Hog_public_Gerard,Hog,42.72,1.7,0.0,1016.6,1.5,4.0,23,5,1,11,-0.25881904510252157,0.9659258262890681,-0.9749279121818236,-0.2225209339563146,42.483,40.703,53.134458333333335,21.20742668517075,test
2016-11-27 00:00:00,Hog_public_Gerard,Hog,43.08,0.6,-1.1,1016.0,3.1,4.0,0,6,1,11,0.0,1.0,-0.7818314824680299,0.6234898018587334,42.72,41.29600000000001,53.20879166666666,21.16721644631512,test
2016-11-27 01:00:00,Hog_public_Gerard,Hog,37.328,0.0,-1.1,1015.6,0.0,4.0,1,6,1,11,0.25881904510252074,0.9659258262890683,-0.7818314824680299,0.6234898018587334,43.08,36.111,53.2595,21.125893395052874,test
2016-11-27 02:00:00,Hog_public_Gerard,Hog,36.063,0.6,-1.1,1015.0,1.5,4.0,2,6,1,11,0.49999999999999994,0.8660254037844387,-0.7818314824680299,0.6234898018587334,37.328,34.779,53.31300000000001,21.078630831701066,test
2016-11-27 03:00:00,Hog_public_Gerard,Hog,36.524,-0.6,-1.7,1014.4,2.6,4.0,3,6,1,11,0.7071067811865476,0.7071067811865476,-0.7818314824680299,0.6234898018587334,36.063,35.36,53.3615,21.036824282981776,test
2016-11-27 04:00:00,Hog_public_Gerard,Hog,36.465,-0.6,-1.7,1014.0,1.5,5.666666666666667,4,6,1,11,0.8660254037844386,0.5000000000000001,-0.7818314824680299,0.6234898018587334,36.524,35.24,53.41254166666667,20.99238357736125,test
2016-11-27 05:00:00,Hog_public_Gerard,Hog,35.954,-0.6,-1.7,1013.85,1.5,7.333333333333334,5,6,1,11,0.9659258262890683,0.25881904510252074,-0.7818314824680299,0.6234898018587334,36.465,34.591,53.46933333333334,20.941031814341994,test
2016-11-27 06:00:00,Hog_public_Gerard,Hog,36.131,-1.1,-1.7,1013.7,0.0,9.0,6,6,1,11,1.0,6.123233995736766e-17,-0.7818314824680299,0.6234898018587334,35.954,34.811,53.524333333333324,20.891571536755453,test
2016-11-27 07:00:00,Hog_public_Gerard,Hog,36.561,-0.6,-1.1,1012.8,3.1,9.0,7,6,1,11,0.9659258262890683,-0.25881904510252063,-0.7818314824680299,0.6234898018587334,36.131,35.082,53.58595833333334,20.836915803822503,test
2016-11-27 08:00:00,Hog_public_Gerard,Hog,36.594,-0.6,-1.1,1012.3,2.6,9.0,8,6,1,11,0.8660254037844387,-0.4999999999999998,-0.7818314824680299,0.6234898018587334,36.561,34.475,53.67425,20.756751876354112,test
2016-11-27 09:00:00,Hog_public_Gerard,Hog,34.749,-0.6,-1.1,1011.6,4.6,9.0,9,6,1,11,0.7071067811865476,-0.7071067811865475,-0.7818314824680299,0.6234898018587334,36.594,34.098,53.701375000000006,20.730466006659594,test
2016-11-27 10:00:00,Hog_public_Gerard,Hog,35.107,0.0,0.0,1010.7,4.1,9.0,10,6,1,11,0.49999999999999994,-0.8660254037844387,-0.7818314824680299,0.6234898018587334,34.749,41.792,53.42283333333334,20.941280843404183,test
2016-11-27 11:00:00,Hog_public_Gerard,Hog,35.157,1.1,0.6,1009.9,4.6,9.0,11,6,1,11,0.258819045102521,-0.9659258262890682,-0.7818314824680299,0.6234898018587334,35.107,75.913,51.72466666666667,20.689189770562002,test
2016-11-27 12:00:00,Hog_public_Gerard,Hog,65.671,2.2,1.1,1008.3,6.7,8.0,12,6,1,11,1.2246467991473532e-16,-1.0,-0.7818314824680299,0.6234898018587334,35.157,82.23299999999998,51.03458333333334,19.888047358448564,test
2016-11-27 13:00:00,Hog_public_Gerard,Hog,81.735,2.2,1.1,1007.2,6.2,8.0,13,6,1,11,-0.2588190451025208,-0.9659258262890683,-0.7818314824680299,0.6234898018587334,65.671,81.053,51.062999999999995,19.933239338395254,test
2016-11-27 14:00:00,Hog_public_Gerard,Hog,80.185,2.8,1.7,1005.9,6.7,8.0,14,6,1,11,-0.4999999999999997,-0.8660254037844388,-0.7818314824680299,0.6234898018587334,81.735,82.49600000000002,50.96670833333334,19.77978498911423,test
2016-11-27 15:00:00,Hog_public_Gerard,Hog,81.23100000000002,3.9,1.7,1004.2,5.7,8.0,15,6,1,11,-0.7071067811865471,-0.7071067811865479,-0.7818314824680299,0.6234898018587334,80.185,82.684,50.90616666666667,19.680458592365323,test
2016-11-27 16:00:00,Hog_public_Gerard,Hog,82.777,4.4,1.7,1002.9,7.7,8.0,16,6,1,11,-0.8660254037844385,-0.5000000000000004,-0.7818314824680299,0.6234898018587334,81.23100000000002,81.973,50.93966666666666,19.736244862571283,test
2016-11-27 17:00:00,Hog_public_Gerard,Hog,85.505,5.6,2.2,1001.3,6.2,8.0,17,6,1,11,-0.9659258262890683,-0.25881904510252063,-0.7818314824680299,0.6234898018587334,82.777,83.118,51.039125000000006,19.9106974029204,test
2016-11-27 18:00:00,Hog_public_Gerard,Hog,87.068,5.6,2.8,1000.2,6.7,8.0,18,6,1,11,-1.0,-1.8369701987210297e-16,-0.7818314824680299,0.6234898018587334,85.505,85.705,51.095916666666675,20.015542408483615,test
2016-11-27 19:00:00,Hog_public_Gerard,Hog,62.083,5.6,3.3,998.6,7.7,8.0,19,6,1,11,-0.9659258262890684,0.2588190451025203,-0.7818314824680299,0.6234898018587334,87.068,50.81100000000001,51.565583333333336,20.140425831854067,test
2016-11-27 20:00:00,Hog_public_Gerard,Hog,61.611,5.6,4.4,996.8,8.2,8.0,20,6,1,11,-0.8660254037844386,0.5000000000000001,-0.7818314824680299,0.6234898018587334,62.083,43.497,52.32033333333334,20.16430566656093,test
2016-11-27 21:00:00,Hog_public_Gerard,Hog,59.215,6.7,5.0,994.9,6.7,8.0,21,6,1,11,-0.7071067811865477,0.7071067811865474,-0.7818314824680299,0.6234898018587334,61.611,42.90600000000001,52.999874999999996,20.10797618145941,test
2016-11-27 22:00:00,Hog_public_Gerard,Hog,61.155,6.7,5.0,993.2,7.2,8.0,22,6,1,11,-0.5000000000000004,0.8660254037844384,-0.7818314824680299,0.6234898018587334,59.215,42.483,53.777875,20.04449488407271,test
2016-11-27 23:00:00,Hog_public_Gerard,Hog,48.272,7.2,5.6,991.8,8.8,8.0,23,6,1,11,-0.25881904510252157,0.9659258262890681,-0.7818314824680299,0.6234898018587334,61.155,42.72,54.00920833333333,19.94310878687556,test
2016-11-28 00:00:00,Hog_public_Gerard,Hog,41.931,7.2,5.6,990.5,9.3,8.0,0,0,0,11,0.0,1.0,0.0,1.0,48.272,43.08,53.961333333333336,19.97184435467953,test
2016-11-28 01:00:00,Hog_public_Gerard,Hog,46.853,7.2,5.6,989.1,10.3,8.0,1,0,0,11,0.25881904510252074,0.9659258262890683,0.0,1.0,41.931,37.328,54.35820833333333,19.71999143438226,test
2016-11-28 02:00:00,Hog_public_Gerard,Hog,41.94,7.8,6.1,988.2,7.2,8.0,2,0,0,11,0.49999999999999994,0.8660254037844387,0.0,1.0,46.853,36.063,54.60308333333333,19.51838993474963,test
2016-11-28 03:00:00,Hog_public_Gerard,Hog,40.749,8.3,6.7,987.0,9.8,8.0,3,0,0,11,0.7071067811865476,0.7071067811865476,0.0,1.0,41.94,36.524,54.779125,19.36670399627556,test
2016-11-28 04:00:00,Hog_public_Gerard,Hog,33.61,9.4,7.8,986.1,8.2,8.0,4,0,0,11,0.8660254037844386,0.5000000000000001,0.0,1.0,40.749,36.465,54.66016666666667,19.492448032990847,test
2016-11-28 05:00:00,Hog_public_Gerard,Hog,31.735,10.0,7.8,985.5,8.2,8.0,5,0,0,11,0.9659258262890683,0.25881904510252074,0.0,1.0,33.61,35.954,54.484375,19.686541559969324,test
2016-11-28 06:00:00,Hog_public_Gerard,Hog,31.295,10.6,7.8,985.0,9.8,8.0,6,0,0,11,1.0,6.123233995736766e-17,0.0,1.0,31.735,36.131,54.28287500000001,19.906088660666427,test
2016-11-28 07:00:00,Hog_public_Gerard,Hog,37.086,10.6,7.2,984.9,7.2,8.0,7,0,0,11,0.9659258262890683,-0.25881904510252063,0.0,1.0,31.295,36.561,54.304750000000006,19.886045560184844,test
2016-11-28 08:00:00,Hog_public_Gerard,Hog,64.578,11.1,7.2,984.7,7.2,8.0,8,0,0,11,0.8660254037844387,-0.4999999999999998,0.0,1.0,37.086,36.594,55.47075,19.621084755391806,test
2016-11-28 09:00:00,Hog_public_Gerard,Hog,84.49600000000002,11.1,7.8,984.6,8.2,8.0,9,0,0,11,0.7071067811865476,-0.7071067811865475,0.0,1.0,64.578,34.749,57.54354166666666,19.961549221003455,test
2016-11-28 10:00:00,Hog_public_Gerard,Hog,89.77799999999998,12.2,8.3,984.2,12.4,8.0,10,0,0,11,0.49999999999999994,-0.8660254037844387,0.0,1.0,84.49600000000002,35.107,59.82149999999999,20.40437179285058,test
2016-11-28 11:00:00,Hog_public_Gerard,Hog,90.951,11.7,8.3,983.5,10.8,8.0,11,0,0,11,0.258819045102521,-0.9659258262890682,0.0,1.0,89.77799999999998,35.157,62.14625,20.649017282122596,test
2016-11-28 12:00:00,Hog_public_Gerard,Hog,94.614,10.6,7.8,983.8,10.3,8.0,12,0,0,11,1.2246467991473532e-16,-1.0,0.0,1.0,90.951,65.671,63.35220833333333,21.683103935070367,test
2016-11-28 13:00:00,Hog_public_Gerard,Hog,93.435,10.0,7.8,982.9,5.7,7.333333333333333,13,0,0,11,-0.2588190451025208,-0.9659258262890683,0.0,1.0,94.614,81.735,63.839708333333334,22.238777813773137,test
2016-11-28 14:00:00,Hog_public_Gerard,Hog,94.354,10.0,7.8,981.9,5.7,6.666666666666667,14,0,0,11,-0.4999999999999997,-0.8660254037844388,0.0,1.0,93.435,80.185,64.43008333333334,22.870659865609728,test
2016-11-28 15:00:00,Hog_public_Gerard,Hog,89.15299999999998,10.0,7.8,981.8,4.6,6.0,15,0,0,11,-0.7071067811865471,-0.7071067811865479,0.0,1.0,94.354,81.23100000000002,64.76016666666666,23.178775701371684,test
2016-11-28 16:00:00,Hog_public_Gerard,Hog,91.868,10.0,7.8,981.6,4.1,5.333333333333334,16,0,0,11,-0.8660254037844385,-0.5000000000000004,0.0,1.0,89.15299999999998,82.777,65.13895833333333,23.557205616890446,test
2016-11-28 17:00:00,Hog_public_Gerard,Hog,91.355,9.4,7.2,981.7,4.1,4.666666666666667,17,0,0,11,-0.9659258262890683,-0.25881904510252063,0.0,1.0,91.868,85.505,65.38270833333333,23.806049458578396,test
2016-11-28 18:00:00,Hog_public_Gerard,Hog,90.201,8.3,4.4,982.0,3.1,4.0,18,0,0,11,-1.0,-1.8369701987210297e-16,0.0,1.0,91.355,87.068,65.51325,23.938354279000926,test
2016-11-28 19:00:00,Hog_public_Gerard,Hog,88.976,6.7,2.2,982.6,4.1,4.0,19,0,0,11,-0.9659258262890684,0.2588190451025203,0.0,1.0,90.201,62.083,66.63379166666665,24.395856583300702,test
2016-11-28 20:00:00,Hog_public_Gerard,Hog,89.435,5.6,0.6,982.4,2.6,4.0,20,0,0,11,-0.8660254037844386,0.5000000000000001,0.0,1.0,88.976,61.611,67.793125,24.80448697016864,test
2016-11-28 21:00:00,Hog_public_Gerard,Hog,89.262,5.0,0.6,982.3,3.1,4.0,21,0,0,11,-0.7071067811865477,0.7071067811865474,0.0,1.0,89.435,59.215,69.04508333333334,25.109109703048308,test
2016-11-28 22:00:00,Hog_public_Gerard,Hog,68.935,3.9,-0.6,982.4,2.6,4.0,22,0,0,11,-0.5000000000000004,0.8660254037844384,0.0,1.0,89.262,61.155,69.36925,25.052975748358325,test
2016-11-28 23:00:00,Hog_public_Gerard,Hog,51.313,3.9,-0.6,982.9,4.6,6.0,23,0,0,11,-0.25881904510252157,0.9659258262890681,0.0,1.0,68.935,48.272,69.49595833333333,24.949109546677327,test
2016-11-29 00:00:00,Hog_public_Gerard,Hog,42.519,3.3,-0.6,983.4,3.6,8.0,0,1,0,11,0.0,1.0,0.7818314824680298,0.6234898018587336,51.313,41.931,69.52045833333334,24.921136909614656,test
2016-11-29 01:00:00,Hog_public_Gerard,Hog,47.914,2.8,-0.6,983.6,4.1,8.0,1,1,0,11,0.25881904510252074,0.9659258262890683,0.7818314824680298,0.6234898018587336,42.519,46.853,69.56466666666667,24.880085419723905,test
2016-11-29 02:00:00,Hog_public_Gerard,Hog,50.85,2.2,-0.6,984.2,5.1,8.0,2,1,0,11,0.49999999999999994,0.8660254037844387,0.7818314824680298,0.6234898018587336,47.914,41.94,69.93591666666667,24.513738529412645,test
2016-11-29 03:00:00,Hog_public_Gerard,Hog,47.243,2.2,0.0,984.6,5.1,8.0,3,1,0,11,0.7071067811865476,0.7071067811865476,0.7818314824680298,0.6234898018587336,50.85,40.749,70.20649999999999,24.21154311300805,test
2016-11-29 04:00:00,Hog_public_Gerard,Hog,36.49,1.7,-0.6,985.0,4.1,8.0,4,1,0,11,0.8660254037844386,0.5000000000000001,0.7818314824680298,0.6234898018587336,47.243,33.61,70.3265,24.02871996988829,test
2016-11-29 05:00:00,Hog_public_Gerard,Hog,31.986,1.7,-0.6,985.4,5.7,8.0,5,1,0,11,0.9659258262890683,0.25881904510252074,0.7818314824680298,0.6234898018587336,36.49,31.735,70.33695833333333,24.011241263170724,test
2016-11-29 06:00:00,Hog_public_Gerard,Hog,31.124,1.7,-0.6,986.3,4.6,8.0,6,1,0,11,1.0,6.123233995736766e-17,0.7818314824680298,0.6234898018587336,31.986,31.295,70.32983333333333,24.023352437135923,test
2016-11-29 07:00:00,Hog_public_Gerard,Hog,38.09,1.7,-0.6,987.6,4.6,8.0,7,1,0,11,0.9659258262890683,-0.25881904510252063,0.7818314824680298,0.6234898018587336,31.124,37.086,70.37166666666666,23.963746197059955,test
2016-11-29 08:00:00,Hog_public_Gerard,Hog,69.51100000000001,2.2,-1.1,988.9,5.7,8.0,8,1,0,11,0.8660254037844387,-0.4999999999999998,0.7818314824680298,0.6234898018587336,38.09,64.578,70.57720833333333,23.933028177339423,test
2016-11-29 09:00:00,Hog_public_Gerard,Hog,88.375,2.2,-1.7,989.9,5.1,8.0,9,1,0,11,0.7071067811865476,-0.7071067811865475,0.7818314824680298,0.6234898018587336,69.51100000000001,84.49600000000002,70.73883333333333,24.043952463311324,test
2016-11-29 10:00:00,Hog_public_Gerard,Hog,89.053,2.2,-1.7,990.9,5.7,8.0,10,1,0,11,0.49999999999999994,-0.8660254037844387,0.7818314824680298,0.6234898018587336,88.375,89.77799999999998,70.708625,24.019434960252216,test
2016-11-29 11:00:00,Hog_public_Gerard,Hog,92.512,2.2,-1.7,991.7,4.6,8.0,11,1,0,11,0.258819045102521,-0.9659258262890682,0.7818314824680298,0.6234898018587336,89.053,90.951,70.77366666666667,24.0786724765276,test
2016-11-29 12:00:00,Hog_public_Gerard,Hog,96.14,2.8,-1.7,992.1,6.2,8.0,12,1,0,11,1.2246467991473532e-16,-1.0,0.7818314824680298,0.6234898018587336,92.512,94.614,70.83725,24.146283460985558,test
2016-11-29 13:00:00,Hog_public_Gerard,Hog,95.811,2.8,-1.7,992.8,6.7,8.0,13,1,0,11,-0.2588190451025208,-0.9659258262890683,0.7818314824680298,0.6234898018587336,96.14,93.435,70.93625,24.2476209272258,test
2016-11-29 14:00:00,Hog_public_Gerard,Hog,97.219,2.8,-1.7,993.3,5.1,8.0,14,1,0,11,-0.4999999999999997,-0.8660254037844388,0.7818314824680298,0.6234898018587336,95.811,94.354,71.055625,24.374642648551156,test
2016-11-29 15:00:00,Hog_public_Gerard,Hog,94.073,2.8,-1.7,994.1,4.6,8.0,15,1,0,11,-0.7071067811865471,-0.7071067811865479,0.7818314824680298,0.6234898018587336,97.219,89.15299999999998,71.26062499999999,24.55349941199836,test
2016-11-29 16:00:00,Hog_public_Gerard,Hog,95.864,2.8,-1.7,994.9,5.1,8.0,16,1,0,11,-0.8660254037844385,-0.5000000000000004,0.7818314824680298,0.6234898018587336,94.073,91.868,71.427125,24.71235080280892,test
2016-11-29 17:00:00,Hog_public_Gerard,Hog,93.894,2.8,-1.1,995.5,4.6,8.0,17,1,0,11,-0.9659258262890683,-0.25881904510252063,0.7818314824680298,0.6234898018587336,95.864,91.355,71.53291666666667,24.806624427177073,test
2016-11-29 18:00:00,Hog_public_Gerard,Hog,93.624,2.8,-1.1,996.1,5.1,8.0,18,1,0,11,-1.0,-1.8369701987210297e-16,0.7818314824680298,0.6234898018587336,93.894,90.201,71.67554166666666,24.928165123670347,test
2016-11-29 19:00:00,Hog_public_Gerard,Hog,92.458,2.8,-1.1,996.3,4.6,8.0,19,1,0,11,-0.9659258262890684,0.2588190451025203,0.7818314824680298,0.6234898018587336,93.624,88.976,71.820625,25.04310033732721,test
2016-11-29 20:00:00,Hog_public_Gerard,Hog,90.161,2.8,-0.6,996.4,4.1,8.0,20,1,0,11,-0.8660254037844386,0.5000000000000001,0.7818314824680298,0.6234898018587336,92.458,89.435,71.85087499999999,25.065730373512203,test
2016-11-29 21:00:00,Hog_public_Gerard,Hog,86.72,2.8,-0.6,996.6,3.1,8.0,21,1,0,11,-0.7071067811865477,0.7071067811865474,0.7818314824680298,0.6234898018587336,90.161,89.262,71.74495833333333,24.9942286076975,test
2016-11-29 22:00:00,Hog_public_Gerard,Hog,66.453,2.2,0.0,996.8,3.6,8.0,22,1,0,11,-0.5000000000000004,0.8660254037844384,0.7818314824680298,0.6234898018587336,86.72,68.935,71.64154166666667,25.01148948327758,test
2016-11-29 23:00:00,Hog_public_Gerard,Hog,59.137,2.2,0.6,997.0,3.1,8.0,23,1,0,11,-0.25881904510252157,0.9659258262890681,0.7818314824680298,0.6234898018587336,66.453,51.313,71.96754166666666,24.78497026509554,test
2016-11-30 00:00:00,Hog_public_Gerard,Hog,47.293,2.2,0.6,997.1,2.6,8.0,0,2,0,11,0.0,1.0,0.9749279121818236,-0.22252093395631434,59.137,42.519,72.16645833333332,24.556453190608362,test
2016-11-30 01:00:00,Hog_public_Gerard,Hog,49.70399999999999,2.2,0.6,997.3,2.6,8.0,1,2,0,11,0.25881904510252074,0.9659258262890683,0.9749279121818236,-0.22252093395631434,47.293,47.914,72.24104166666666,24.482196584597702,test
2016-11-30 02:00:00,Hog_public_Gerard,Hog,43.476000000000006,2.2,0.6,997.6,1.5,8.0,2,2,0,11,0.49999999999999994,0.8660254037844387,0.9749279121818236,-0.22252093395631434,49.70399999999999,50.85,71.93379166666666,24.806449142141847,test
2016-11-30 03:00:00,Hog_public_Gerard,Hog,41.735,2.2,0.6,997.8,0.0,8.0,3,2,0,11,0.7071067811865476,0.7071067811865476,0.9749279121818236,-0.22252093395631434,43.476000000000006,47.243,71.70429166666666,25.06890146650472,test
2016-11-30 04:00:00,Hog_public_Gerard,Hog,35.667,2.2,0.6,997.6,2.1,8.0,4,2,0,11,0.8660254037844386,0.5000000000000001,0.9749279121818236,-0.22252093395631434,41.735,36.49,71.67,25.11967677374442,test
2016-11-30 05:00:00,Hog_public_Gerard,Hog,30.481,2.8,0.6,997.9,0.0,8.0,5,2,0,11,0.9659258262890683,0.25881904510252074,0.9749279121818236,-0.22252093395631434,35.667,31.986,71.60729166666667,25.224709415276692,test
2016-11-30 06:00:00,Hog_public_Gerard,Hog,30.701,2.2,0.6,998.0,1.5,8.0,6,2,0,11,1.0,6.123233995736766e-17,0.9749279121818236,-0.22252093395631434,30.481,31.124,71.58966666666667,25.25435609031114,test
2016-11-30 07:00:00,Hog_public_Gerard,Hog,38.005,2.2,0.6,998.1,0.0,8.0,7,2,0,11,0.9659258262890683,-0.25881904510252063,0.9749279121818236,-0.22252093395631434,30.701,38.09,71.586125,25.25926382161179,test
2016-11-30 08:00:00,Hog_public_Gerard,Hog,64.834,2.2,0.6,998.5,1.5,8.0,8,2,0,11,0.8660254037844387,-0.4999999999999998,0.9749279121818236,-0.22252093395631434,38.005,69.51100000000001,71.39125,25.293987101680976,test
2016-11-30 09:00:00,Hog_public_Gerard,Hog,81.319,2.2,0.6,998.6,2.1,8.0,9,2,0,11,0.7071067811865476,-0.7071067811865475,0.9749279121818236,-0.22252093395631434,64.834,88.375,71.09725,25.128462134383277,test
2016-11-30 10:00:00,Hog_public_Gerard,Hog,86.288,2.8,1.1,999.0,2.6,8.0,10,2,0,11,0.49999999999999994,-0.8660254037844387,0.9749279121818236,-0.22252093395631434,81.319,89.053,70.98204166666666,25.048771894705233,test
2016-11-30 11:00:00,Hog_public_Gerard,Hog,89.359,3.3,1.1,999.2,2.6,8.0,11,2,0,11,0.258819045102521,-0.9659258262890682,0.9749279121818236,-0.22252093395631434,86.288,92.512,70.85066666666667,24.938970425501964,test
2016-11-30 12:00:00,Hog_public_Gerard,Hog,89.861,3.9,1.7,998.9,3.1,8.0,12,2,0,11,1.2246467991473532e-16,-1.0,0.9749279121818236,-0.22252093395631434,89.359,96.14,70.58904166666666,24.693865903480198,test
2016-11-30 13:00:00,Hog_public_Gerard,Hog,93.339,3.9,1.1,998.9,3.1,8.0,13,2,0,11,-0.2588190451025208,-0.9659258262890683,0.9749279121818236,-0.22252093395631434,89.861,95.811,70.48604166666667,24.589022038793637,test
2016-11-30 14:00:00,Hog_public_Gerard,Hog,93.223,3.9,0.6,999.1,3.6,8.0,14,2,0,11,-0.4999999999999997,-0.8660254037844388,0.9749279121818236,-0.22252093395631434,93.339,97.219,70.31954166666667,24.41303375155808,test
2016-11-30 15:00:00,Hog_public_Gerard,Hog,95.446,3.3,0.6,999.8,4.6,8.0,15,2,0,11,-0.7071067811865471,-0.7071067811865479,0.9749279121818236,-0.22252093395631434,93.223,94.073,70.37675,24.47265249966928,test
2016-11-30 16:00:00,Hog_public_Gerard,Hog,95.59,3.3,1.1,1000.5,3.1,8.0,16,2,0,11,-0.8660254037844385,-0.5000000000000004,0.9749279121818236,-0.22252093395631434,95.446,95.864,70.36533333333334,24.46030635747339,test
2016-11-30 17:00:00,Hog_public_Gerard,Hog,94.373,2.8,1.1,1001.3,2.6,8.0,17,2,0,11,-0.9659258262890683,-0.25881904510252063,0.9749279121818236,-0.22252093395631434,95.59,93.894,70.38529166666667,24.480526286398785,test
2016-11-30 18:00:00,Hog_public_Gerard,Hog,93.948,2.8,1.1,1002.1,3.1,8.0,18,2,0,11,-1.0,-1.8369701987210297e-16,0.9749279121818236,-0.22252093395631434,94.373,93.624,70.39879166666667,24.493984294248413,test
2016-11-30 19:00:00,Hog_public_Gerard,Hog,93.026,2.8,0.6,1002.7,4.1,8.0,19,2,0,11,-0.9659258262890684,0.2588190451025203,0.9749279121818236,-0.22252093395631434,93.948,92.458,70.42245833333332,24.51648919290889,test
2016-11-30 20:00:00,Hog_public_Gerard,Hog,88.80799999999998,2.8,0.6,1003.1,3.6,8.0,20,2,0,11,-0.8660254037844386,0.5000000000000001,0.9749279121818236,-0.22252093395631434,93.026,90.161,70.36608333333334,24.47064027327568,test
2016-11-30 21:00:00,Hog_public_Gerard,Hog,88.574,2.8,0.6,1003.5,4.6,8.0,21,2,0,11,-0.7071067811865477,0.7071067811865474,0.9749279121818236,-0.22252093395631434,88.80799999999998,86.72,70.44333333333334,24.52737231475623,test
2016-11-30 22:00:00,Hog_public_Gerard,Hog,67.558,2.8,0.6,1003.9,4.1,8.0,22,2,0,11,-0.5000000000000004,0.8660254037844384,0.9749279121818236,-0.22252093395631434,88.574,66.453,70.489375,24.520592360765466,test
2016-11-30 23:00:00,Hog_public_Gerard,Hog,46.164,2.8,0.6,1004.2,5.1,8.0,23,2,0,11,-0.25881904510252157,0.9659258262890681,0.9749279121818236,-0.22252093395631434,67.558,59.137,69.94883333333333,24.921443837136323,test
2016-12-01 00:00:00,Hog_public_Gerard,Hog,42.35,2.8,0.6,1004.9,5.7,8.0,0,3,0,12,0.0,1.0,0.43388373911755823,-0.900968867902419,46.164,47.293,69.742875,25.13631801114898,test
2016-12-01 01:00:00,Hog_public_Gerard,Hog,47.279,2.2,0.0,1005.3,4.6,8.0,1,3,0,12,0.25881904510252074,0.9659258262890683,0.43388373911755823,-0.900968867902419,42.35,49.70399999999999,69.64183333333334,25.22508866303496,test
2016-12-01 02:00:00,Hog_public_Gerard,Hog,41.364,2.2,0.0,1006.1,4.6,8.0,2,3,0,12,0.49999999999999994,0.8660254037844387,0.43388373911755823,-0.900968867902419,47.279,43.476000000000006,69.55383333333333,25.323830007166922,test
2016-12-01 03:00:00,Hog_public_Gerard,Hog,41.983,2.2,-0.6,1006.9,5.7,8.0,3,3,0,12,0.7071067811865476,0.7071067811865476,0.43388373911755823,-0.900968867902419,41.364,41.735,69.56416666666667,25.31203290354508,test
2016-12-01 04:00:00,Hog_public_Gerard,Hog,36.5,1.7,-0.6,1007.4,4.6,8.0,4,3,0,12,0.8660254037844386,0.5000000000000001,0.43388373911755823,-0.900968867902419,41.983,35.667,69.598875,25.26405723262328,test
2016-12-01 05:00:00,Hog_public_Gerard,Hog,32.849000000000004,1.7,-0.6,1008.1,5.1,8.0,5,3,0,12,0.9659258262890683,0.25881904510252074,0.43388373911755823,-0.900968867902419,36.5,30.481,69.69754166666667,25.108790289941872,test
2016-12-01 06:00:00,Hog_public_Gerard,Hog,33.142,1.7,-0.6,1009.0,5.7,8.0,6,3,0,12,1.0,6.123233995736766e-17,0.43388373911755823,-0.900968867902419,32.849000000000004,30.701,69.79925,24.94839032927261,test
2016-12-01 07:00:00,Hog_public_Gerard,Hog,39.119,1.7,-1.1,1009.6,5.1,8.0,7,3,0,12,0.9659258262890683,-0.25881904510252063,0.43388373911755823,-0.900968867902419,33.142,38.005,69.84566666666667,24.887627307851115,test
2016-12-01 08:00:00,Hog_public_Gerard,Hog,69.393,1.7,-0.6,1010.2,4.1,8.0,8,3,0,12,0.8660254037844387,-0.4999999999999998,0.43388373911755823,-0.900968867902419,39.119,64.834,70.035625,24.865100322955783,test
2016-12-01 09:00:00,Hog_public_Gerard,Hog,81.499,1.7,-1.1,1010.8,6.2,8.0,9,3,0,12,0.7071067811865476,-0.7071067811865475,0.43388373911755823,-0.900968867902419,69.393,81.319,70.043125,24.868678561967904,test
2016-12-01 10:00:00,Hog_public_Gerard,Hog,88.38600000000002,2.2,-1.1,1011.7,6.2,8.0,10,3,0,12,0.49999999999999994,-0.8660254037844387,0.43388373911755823,-0.900968867902419,81.499,86.288,70.13054166666667,24.931871245942997,test
2016-12-01 11:00:00,Hog_public_Gerard,Hog,89.57,2.2,-1.1,1012.2,5.7,8.0,11,3,0,12,0.258819045102521,-0.9659258262890682,0.43388373911755823,-0.900968867902419,88.38600000000002,89.359,70.13933333333334,24.938982723346317,test
2016-12-01 12:00:00,Hog_public_Gerard,Hog,91.19,2.2,-1.1,1012.3,4.6,8.0,12,3,0,12,1.2246467991473532e-16,-1.0,0.43388373911755823,-0.900968867902419,89.57,89.861,70.19470833333334,24.986107967148833,test
2016-12-01 13:00:00,Hog_public_Gerard,Hog,92.117,3.3,-1.1,1012.0,3.6,8.0,13,3,0,12,-0.2588190451025208,-0.9659258262890683,0.43388373911755823,-0.900968867902419,91.19,93.339,70.14379166666667,24.938092929386443,test
2016-12-01 14:00:00,Hog_public_Gerard,Hog,93.657,3.3,-1.1,1012.3,4.1,8.0,14,3,0,12,-0.4999999999999997,-0.8660254037844388,0.43388373911755823,-0.900968867902419,92.117,93.223,70.16187500000001,24.955707090263015,test
2016-12-01 15:00:00,Hog_public_Gerard,Hog,95.305,3.3,-1.1,1012.9,4.6,8.0,15,3,0,12,-0.7071067811865471,-0.7071067811865479,0.43388373911755823,-0.900968867902419,93.657,95.446,70.15599999999999,24.949511806672856,test
2016-12-01 16:00:00,Hog_public_Gerard,Hog,94.721,2.8,-1.1,1013.5,5.1,8.0,16,3,0,12,-0.8660254037844385,-0.5000000000000004,0.43388373911755823,-0.900968867902419,95.305,95.59,70.11979166666667,24.91159727303419,test
2016-12-01 17:00:00,Hog_public_Gerard,Hog,93.356,2.8,-2.2,1014.0,6.7,8.0,17,3,0,12,-0.9659258262890683,-0.25881904510252063,0.43388373911755823,-0.900968867902419,94.721,94.373,70.07741666666666,24.869377693507385,test
2016-12-01 18:00:00,Hog_public_Gerard,Hog,90.601,2.8,-2.8,1014.7,6.2,8.0,18,3,0,12,-1.0,-1.8369701987210297e-16,0.43388373911755823,-0.900968867902419,93.356,93.948,69.93795833333333,24.738741607093523,test
2016-12-01 19:00:00,Hog_public_Gerard,Hog,90.309,2.2,-2.8,1015.3,4.1,8.0,19,3,0,12,-0.9659258262890684,0.2588190451025203,0.43388373911755823,-0.900968867902419,90.601,93.026,69.82475000000001,24.634490507081374,test
2016-12-01 20:00:00,Hog_public_Gerard,Hog,90.869,1.7,-3.3,1015.9,4.1,8.0,20,3,0,12,-0.8660254037844386,0.5000000000000001,0.43388373911755823,-0.900968867902419,90.309,88.80799999999998,69.910625,24.707028139012603,test
2016-12-01 21:00:00,Hog_public_Gerard,Hog,88.77,1.1,-3.9,1016.4,4.1,8.0,21,3,0,12,-0.7071067811865477,0.7071067811865474,0.43388373911755823,-0.900968867902419,90.869,88.574,69.91879166666666,24.713496898551487,test
2016-12-01 22:00:00,Hog_public_Gerard,Hog,64.635,1.1,-4.4,1016.9,3.6,8.0,22,3,0,12,-0.5000000000000004,0.8660254037844384,0.43388373911755823,-0.900968867902419,88.77,67.558,69.797,24.73283197800401,test
2016-12-01 23:00:00,Hog_public_Gerard,Hog,50.877,0.6,-5.0,1017.4,4.1,8.0,23,3,0,12,-0.25881904510252157,0.9659258262890681,0.43388373911755823,-0.900968867902419,64.635,46.164,69.993375,24.555102791764778,test
2016-12-02 00:00:00,Hog_public_Gerard,Hog,43.987,0.6,-5.0,1018.1,3.6,8.0,0,4,0,12,0.0,1.0,-0.433883739117558,-0.9009688679024191,50.877,42.35,70.06158333333333,24.477127197014855,test
2016-12-02 01:00:00,Hog_public_Gerard,Hog,50.272,0.0,-5.0,1018.8,3.1,8.0,1,4,0,12,0.25881904510252074,0.9659258262890683,-0.433883739117558,-0.9009688679024191,43.987,47.279,70.18629166666668,24.363365796031463,test
2016-12-02 02:00:00,Hog_public_Gerard,Hog,44.331,-0.6,-6.1,1019.5,5.7,8.0,2,4,0,12,0.49999999999999994,0.8660254037844387,-0.433883739117558,-0.9009688679024191,50.272,41.364,70.30991666666667,24.217849554331526,test
2016-12-02 03:00:00,Hog_public_Gerard,Hog,42.666,-0.6,-6.1,1020.2,4.1,8.0,3,4,0,12,0.7071067811865476,0.7071067811865476,-0.433883739117558,-0.9009688679024191,44.331,41.983,70.338375,24.18349233565981,test
2016-12-02 04:00:00,Hog_public_Gerard,Hog,35.576,-0.6,-6.1,1020.6,4.6,8.0,4,4,0,12,0.8660254037844386,0.5000000000000001,-0.433883739117558,-0.9009688679024191,42.666,36.5,70.299875,24.240373664992912,test
2016-12-02 05:00:00,Hog_public_Gerard,Hog,31.785,-0.6,-6.1,1021.3,4.6,8.0,5,4,0,12,0.9659258262890683,0.25881904510252074,-0.433883739117558,-0.9009688679024191,35.576,32.849000000000004,70.25554166666667,24.312710794399404,test
2016-12-02 06:00:00,Hog_public_Gerard,Hog,30.257,-0.6,-6.1,1021.7,4.6,8.0,6,4,0,12,1.0,6.123233995736766e-17,-0.433883739117558,-0.9009688679024191,31.785,33.142,70.13533333333334,24.51051540207521,test
2016-12-02 07:00:00,Hog_public_Gerard,Hog,38.066,-0.6,-6.1,1022.4,3.1,8.0,7,4,0,12,0.9659258262890683,-0.25881904510252063,-0.433883739117558,-0.9009688679024191,30.257,39.119,70.09145833333334,24.56932198809552,test
2016-12-02 08:00:00,Hog_public_Gerard,Hog,68.15899999999999,-0.6,-6.7,1022.9,3.1,8.0,8,4,0,12,0.8660254037844387,-0.4999999999999998,-0.433883739117558,-0.9009688679024191,38.066,69.393,70.04004166666667,24.572138261399285,test
2016-12-02 09:00:00,Hog_public_Gerard,Hog,86.337,0.0,-6.1,1023.5,3.6,8.0,9,4,0,12,0.7071067811865476,-0.7071067811865475,-0.433883739117558,-0.9009688679024191,68.15899999999999,81.499,70.241625,24.689794913147107,test
2016-12-02 10:00:00,Hog_public_Gerard,Hog,85.561,0.0,-5.6,1024.3,3.6,8.0,10,4,0,12,0.49999999999999994,-0.8660254037844387,-0.433883739117558,-0.9009688679024191,86.337,88.38600000000002,70.12391666666666,24.606123094300894,test
2016-12-02 11:00:00,Hog_public_Gerard,Hog,93.629,0.6,-5.0,1024.7,3.6,8.0,11,4,0,12,0.258819045102521,-0.9659258262890682,-0.433883739117558,-0.9009688679024191,85.561,89.57,70.29304166666667,24.759066905714974,test
2016-12-02 12:00:00,Hog_public_Gerard,Hog,87.241,0.6,-5.0,1024.7,3.6,8.0,12,4,0,12,1.2246467991473532e-16,-1.0,-0.433883739117558,-0.9009688679024191,93.629,91.19,70.1285,24.626922976781966,test
2016-12-02 13:00:00,Hog_public_Gerard,Hog,94.465,0.6,-5.0,1024.7,4.6,8.0,13,4,0,12,-0.2588190451025208,-0.9659258262890683,-0.433883739117558,-0.9009688679024191,87.241,92.117,70.22633333333333,24.722550961783348,test
2016-12-02 14:00:00,Hog_public_Gerard,Hog,94.271,0.6,-5.6,1025.1,3.1,8.0,14,4,0,12,-0.4999999999999997,-0.8660254037844388,-0.433883739117558,-0.9009688679024191,94.465,93.657,70.25191666666667,24.74815605413288,test
2016-12-02 15:00:00,Hog_public_Gerard,Hog,96.695,0.6,-5.0,1025.3,2.6,8.0,15,4,0,12,-0.7071067811865471,-0.7071067811865479,-0.433883739117558,-0.9009688679024191,94.271,95.305,70.30983333333334,24.810882441707623,test
2016-12-02 16:00:00,Hog_public_Gerard,Hog,94.829,0.0,-5.0,1026.0,2.6,8.0,16,4,0,12,-0.8660254037844385,-0.5000000000000004,-0.433883739117558,-0.9009688679024191,96.695,94.721,70.31433333333334,24.815511806768924,test
2016-12-02 17:00:00,Hog_public_Gerard,Hog,93.937,0.0,-5.0,1026.4,3.1,8.0,17,4,0,12,-0.9659258262890683,-0.25881904510252063,-0.433883739117558,-0.9009688679024191,94.829,93.356,70.33854166666667,24.839239045228783,test
2016-12-02 18:00:00,Hog_public_Gerard,Hog,85.541,0.0,-5.0,1026.8,4.1,8.0,18,4,0,12,-1.0,-1.8369701987210297e-16,-0.433883739117558,-0.9009688679024191,93.937,90.601,70.12770833333333,24.68074414084831,test
2016-12-02 19:00:00,Hog_public_Gerard,Hog,48.721,-0.6,-5.0,1026.7,4.1,8.0,19,4,0,12,-0.9659258262890684,0.2588190451025203,-0.433883739117558,-0.9009688679024191,85.541,90.309,68.394875,24.662149820449724,test
2016-12-02 20:00:00,Hog_public_Gerard,Hog,42.68600000000001,-0.6,-5.0,1026.7,3.1,8.0,20,4,0,12,-0.8660254037844386,0.5000000000000001,-0.433883739117558,-0.9009688679024191,48.721,90.869,66.38725000000001,24.714213601383054,test
2016-12-02 21:00:00,Hog_public_Gerard,Hog,41.897,-0.6,-5.0,1027.1,2.6,8.0,21,4,0,12,-0.7071067811865477,0.7071067811865474,-0.433883739117558,-0.9009688679024191,42.68600000000001,88.77,64.43420833333333,24.720581168381564,test
2016-12-02 22:00:00,Hog_public_Gerard,Hog,42.283,-0.6,-5.0,1027.2,2.6,8.0,22,4,0,12,-0.5000000000000004,0.8660254037844384,-0.433883739117558,-0.9009688679024191,41.897,64.635,63.50287500000001,25.130340761911445,test
2016-12-02 23:00:00,Hog_public_Gerard,Hog,42.081,-1.1,-5.0,1027.3,3.6,8.0,23,4,0,12,-0.25881904510252157,0.9659258262890681,-0.433883739117558,-0.9009688679024191,42.283,50.877,63.136374999999994,25.385328603969796,test
2016-12-03 00:00:00,Hog_public_Gerard,Hog,40.709,-1.1,-5.0,1027.4,4.6,8.0,0,5,1,12,0.0,1.0,-0.9749279121818236,-0.2225209339563146,42.081,43.987,62.999791666666674,25.501392764998453,test
2016-12-03 01:00:00,Hog_public_Gerard,Hog,35.515,-1.1,-5.0,1027.2,2.6,8.0,1,5,1,12,0.25881904510252074,0.9659258262890683,-0.9749279121818236,-0.2225209339563146,40.709,50.272,62.38491666666666,25.994754604521294,test
2016-12-03 02:00:00,Hog_public_Gerard,Hog,35.062,-1.1,-5.6,1027.0,3.1,8.0,2,5,1,12,0.49999999999999994,0.8660254037844387,-0.9749279121818236,-0.2225209339563146,35.515,44.331,61.99870833333333,26.3411937623237,test
2016-12-03 03:00:00,Hog_public_Gerard,Hog,34.374,-1.1,-5.6,1027.2,3.1,8.0,3,5,1,12,0.7071067811865476,0.7071067811865476,-0.9749279121818236,-0.2225209339563146,35.062,42.666,61.65320833333334,26.658265098936027,test
2016-12-03 04:00:00,Hog_public_Gerard,Hog,34.621,-1.1,-5.6,1027.2,3.1,8.0,4,5,1,12,0.8660254037844386,0.5000000000000001,-0.9749279121818236,-0.2225209339563146,34.374,35.576,61.613416666666666,26.69956256589517,test
2016-12-03 05:00:00,Hog_public_Gerard,Hog,34.666,-1.7,-6.1,1027.6,3.1,8.0,5,5,1,12,0.9659258262890683,0.25881904510252074,-0.9749279121818236,-0.2225209339563146,34.621,31.785,61.73345833333334,26.56576395349806,test
2016-12-03 06:00:00,Hog_public_Gerard,Hog,33.901,-1.7,-6.7,1027.3,3.1,8.0,6,5,1,12,1.0,6.123233995736766e-17,-0.9749279121818236,-0.2225209339563146,34.666,30.257,61.88529166666666,26.387860152596247,test
2016-12-03 07:00:00,Hog_public_Gerard,Hog,34.642,-1.7,-6.7,1027.4,2.6,8.0,7,5,1,12,0.9659258262890683,-0.25881904510252063,-0.9749279121818236,-0.2225209339563146,33.901,38.066,61.742625000000004,26.531106069820183,test
2016-12-03 08:00:00,Hog_public_Gerard,Hog,34.616,-1.7,-6.7,1027.3,1.5,8.0,8,5,1,12,0.8660254037844387,-0.4999999999999998,-0.9749279121818236,-0.2225209339563146,34.642,68.15899999999999,60.345,27.056698868342753,test
2016-12-03 09:00:00,Hog_public_Gerard,Hog,35.008,-1.7,-6.7,1027.2,2.1,8.0,9,5,1,12,0.7071067811865476,-0.7071067811865475,-0.9749279121818236,-0.2225209339563146,34.616,86.337,58.206291666666665,26.9412369224436,test
2016-12-03 10:00:00,Hog_public_Gerard,Hog,42.147,-1.7,-7.2,1027.1,2.1,8.0,10,5,1,12,0.49999999999999994,-0.8660254037844387,-0.9749279121818236,-0.2225209339563146,35.008,85.561,56.397375000000004,26.4781978826758,test
2016-12-03 11:00:00,Hog_public_Gerard,Hog,81.62,-1.7,-7.8,1026.9,1.5,8.0,11,5,1,12,0.258819045102521,-0.9659258262890682,-0.9749279121818236,-0.2225209339563146,42.147,93.629,55.897,25.85003747369259,test
2016-12-03 12:00:00,Hog_public_Gerard,Hog,81.707,-1.1,-7.2,1026.3,1.5,8.0,12,5,1,12,1.2246467991473532e-16,-1.0,-0.9749279121818236,-0.2225209339563146,81.62,87.241,55.66641666666666,25.581579459543434,test
2016-12-03 13:00:00,Hog_public_Gerard,Hog,84.46600000000002,-0.6,-7.2,1025.4,1.5,5.0,13,5,1,12,-0.2588190451025208,-0.9659258262890683,-0.9749279121818236,-0.2225209339563146,81.707,94.465,55.249791666666674,24.99697014158046,test
2016-12-03 14:00:00,Hog_public_Gerard,Hog,80.69,0.0,-6.7,1024.9,3.6,2.0,14,5,1,12,-0.4999999999999997,-0.8660254037844388,-0.9749279121818236,-0.2225209339563146,84.46600000000002,94.271,54.683916666666676,24.216756887879804,test
2016-12-03 15:00:00,Hog_public_Gerard,Hog,84.256,0.0,-7.2,1025.1,4.6,2.0,15,5,1,12,-0.7071067811865471,-0.7071067811865479,-0.9749279121818236,-0.2225209339563146,80.69,96.695,54.165625,23.397798285146376,test
2016-12-03 16:00:00,Hog_public_Gerard,Hog,86.62799999999999,-0.6,-6.1,1024.9,3.6,4.0,16,5,1,12,-0.8660254037844385,-0.5000000000000004,-0.9749279121818236,-0.2225209339563146,84.256,94.829,53.82391666666666,22.831141547031482,test
2016-12-03 17:00:00,Hog_public_Gerard,Hog,82.25200000000002,-0.6,-6.1,1024.7,3.6,6.0,17,5,1,12,-0.9659258262890683,-0.25881904510252063,-0.9749279121818236,-0.2225209339563146,86.62799999999999,93.937,53.33704166666667,22.04975686838106,test
2016-12-03 18:00:00,Hog_public_Gerard,Hog,86.464,-0.6,-5.6,1024.5,3.1,8.0,18,5,1,12,-1.0,-1.8369701987210297e-16,-0.9749279121818236,-0.2225209339563146,82.25200000000002,85.541,53.37550000000001,22.109092986725162,test
2016-12-03 19:00:00,Hog_public_Gerard,Hog,53.96100000000001,-0.6,-5.0,1023.9,4.1,8.0,19,5,1,12,-0.9659258262890684,0.2588190451025203,-0.9749279121818236,-0.2225209339563146,86.464,48.721,53.59383333333334,22.086992242468146,test
2016-12-03 20:00:00,Hog_public_Gerard,Hog,45.178,-0.6,-5.0,1022.8,4.6,8.0,20,5,1,12,-0.8660254037844386,0.5000000000000001,-0.9749279121818236,-0.2225209339563146,53.96100000000001,42.68600000000001,53.69766666666666,22.03928989163543,test
2016-12-03 21:00:00,Hog_public_Gerard,Hog,43.33,0.0,-4.4,1022.1,3.1,8.0,21,5,1,12,-0.7071067811865477,0.7071067811865474,-0.9749279121818236,-0.2225209339563146,45.178,41.897,53.757375,22.007848492936578,test
2016-12-03 22:00:00,Hog_public_Gerard,Hog,43.47,0.0,-4.4,1021.7,4.1,8.0,22,5,1,12,-0.5000000000000004,0.8660254037844384,-0.9749279121818236,-0.2225209339563146,43.33,42.283,53.80683333333334,21.982259830949356,test
2016-12-03 23:00:00,Hog_public_Gerard,Hog,43.966,0.0,-3.3,1021.35,5.1,8.0,23,5,1,12,-0.25881904510252157,0.9659258262890681,-0.9749279121818236,-0.2225209339563146,43.47,42.081,53.885375,21.941872784428654,test
2016-12-04 00:00:00,Hog_public_Gerard,Hog,43.074,-0.6,-3.3,1021.0,3.6,8.0,0,6,1,12,0.0,1.0,-0.7818314824680299,0.6234898018587334,43.966,40.709,53.983916666666666,21.885362280909906,test
2016-12-04 01:00:00,Hog_public_Gerard,Hog,37.292,-0.6,-2.2,1020.1,4.6,8.0,1,6,1,12,0.25881904510252074,0.9659258262890683,-0.7818314824680299,0.6234898018587334,43.074,35.515,54.05795833333334,21.82307964255165,test
2016-12-04 02:00:00,Hog_public_Gerard,Hog,36.947,-0.6,-2.2,1019.5,4.6,8.0,2,6,1,12,0.49999999999999994,0.8660254037844387,-0.7818314824680299,0.6234898018587334,37.292,35.062,54.136500000000005,21.755026333760572,test
2016-12-04 03:00:00,Hog_public_Gerard,Hog,36.626,-0.6,-2.2,1018.8,4.6,8.0,3,6,1,12,0.7071067811865476,0.7071067811865476,-0.7818314824680299,0.6234898018587334,36.947,34.374,54.230333333333334,21.670774568662846,test
2016-12-04 04:00:00,Hog_public_Gerard,Hog,36.056,-0.6,-1.7,1017.6,5.1,8.0,4,6,1,12,0.8660254037844386,0.5000000000000001,-0.7818314824680299,0.6234898018587334,36.626,34.621,54.29012500000001,21.616229265978724,test
2016-12-04 05:00:00,Hog_public_Gerard,Hog,36.539,0.0,-1.7,1016.4,4.6,8.0,5,6,1,12,0.9659258262890683,0.25881904510252074,-0.7818314824680299,0.6234898018587334,36.056,34.666,54.36816666666667,21.545564903582825,test
2016-12-04 06:00:00,Hog_public_Gerard,Hog,36.303,0.0,-1.1,1015.7,6.2,8.0,6,6,1,12,1.0,6.123233995736766e-17,-0.7818314824680299,0.6234898018587334,36.539,33.901,54.468250000000005,21.451731841002214,test
2016-12-04 07:00:00,Hog_public_Gerard,Hog,36.069,0.0,-1.1,1014.9,4.1,8.0,7,6,1,12,0.9659258262890683,-0.25881904510252063,-0.7818314824680299,0.6234898018587334,36.303,34.642,54.52770833333333,21.39629563728721,test
2016-12-04 08:00:00,Hog_public_Gerard,Hog,36.505,0.6,-1.1,1014.0,3.6,8.0,8,6,1,12,0.8660254037844387,-0.4999999999999998,-0.7818314824680299,0.6234898018587334,36.069,34.616,54.60641666666667,21.323213465950673,test
2016-12-04 09:00:00,Hog_public_Gerard,Hog,36.192,0.6,-0.6,1013.8,3.6,8.0,9,6,1,12,0.7071067811865476,-0.7071067811865475,-0.7818314824680299,0.6234898018587334,36.505,35.008,54.655750000000005,21.27721923488999,test
2016-12-04 10:00:00,Hog_public_Gerard,Hog,34.151,0.6,-0.6,1013.0999999999999,4.1,8.0,10,6,1,12,0.49999999999999994,-0.8660254037844387,-0.7818314824680299,0.6234898018587334,36.192,42.147,54.32258333333334,21.542549693504455,test
2016-12-04 11:00:00,Hog_public_Gerard,Hog,34.41,1.1,0.0,1012.4,3.6,8.0,11,6,1,12,0.258819045102521,-0.9659258262890682,-0.7818314824680299,0.6234898018587334,34.151,81.62,52.3555,21.09231191278222,test
2016-12-04 12:00:00,Hog_public_Gerard,Hog,68.097,1.1,0.0,1011.2,2.6,8.0,12,6,1,12,1.2246467991473532e-16,-1.0,-0.7818314824680299,0.6234898018587334,34.41,81.707,51.78841666666667,20.44178964324916,test
2016-12-04 13:00:00,Hog_public_Gerard,Hog,85.49,1.7,-0.6,1010.3,4.6,8.0,13,6,1,12,-0.2588190451025208,-0.9659258262890683,-0.7818314824680299,0.6234898018587334,68.097,84.46600000000002,51.83108333333333,20.513902119457295,test
2016-12-04 14:00:00,Hog_public_Gerard,Hog,85.495,2.2,-0.6,1009.2,3.6,8.0,14,6,1,12,-0.4999999999999997,-0.8660254037844388,-0.7818314824680299,0.6234898018587334,85.49,80.69,52.03129166666667,20.82883072649492,test
2016-12-04 15:00:00,Hog_public_Gerard,Hog,87.10799999999998,2.8,0.0,1008.8,3.6,8.0,15,6,1,12,-0.7071067811865471,-0.7071067811865479,-0.7818314824680299,0.6234898018587334,85.495,84.256,52.150125,21.02785842082622,test
2016-12-04 16:00:00,Hog_public_Gerard,Hog,88.02799999999998,2.8,0.0,1008.6,4.6,8.0,16,6,1,12,-0.8660254037844385,-0.5000000000000004,-0.7818314824680299,0.6234898018587334,87.10799999999998,86.62799999999999,52.20845833333334,21.12935879184974,test
2016-12-04 17:00:00,Hog_public_Gerard,Hog,90.01799999999999,2.8,0.0,1008.3,4.1,8.0,17,6,1,12,-0.9659258262890683,-0.25881904510252063,-0.7818314824680299,0.6234898018587334,88.02799999999998,82.25200000000002,52.53204166666666,21.662208692397424,test
2016-12-04 18:00:00,Hog_public_Gerard,Hog,89.663,3.3,0.0,1008.3,3.6,8.0,18,6,1,12,-1.0,-1.8369701987210297e-16,-0.7818314824680299,0.6234898018587334,90.01799999999999,86.464,52.66533333333333,21.88873388529946,test
2016-12-04 19:00:00,Hog_public_Gerard,Hog,71.242,3.3,0.0,1008.2,4.6,6.8,19,6,1,12,-0.9659258262890684,0.2588190451025203,-0.7818314824680299,0.6234898018587334,89.663,53.96100000000001,53.385375,22.215010776720096,test
2016-12-04 20:00:00,Hog_public_Gerard,Hog,66.737,2.2,-1.1,1008.8,5.7,5.6,20,6,1,12,-0.8660254037844386,0.5000000000000001,-0.7818314824680299,0.6234898018587334,71.242,45.178,54.28366666666667,22.30440861406542,test
2016-12-04 21:00:00,Hog_public_Gerard,Hog,66.738,2.8,-1.1,1008.7,3.1,4.4,21,6,1,12,-0.7071067811865477,0.7071067811865474,-0.7818314824680299,0.6234898018587334,66.737,43.33,55.25899999999999,22.316390745661597,test
2016-12-04 22:00:00,Hog_public_Gerard,Hog,63.636,2.2,-2.2,1009.0,3.1,3.2,22,6,1,12,-0.5000000000000004,0.8660254037844384,-0.7818314824680299,0.6234898018587334,66.738,43.47,56.09924999999999,22.232701074435923,test
2016-12-04 23:00:00,Hog_public_Gerard,Hog,49.601000000000006,1.1,-2.2,1009.4,3.1,2.0,23,6,1,12,-0.25881904510252157,0.9659258262890681,-0.7818314824680299,0.6234898018587334,63.636,43.966,56.33404166666667,22.128505498720216,test
2016-12-05 00:00:00,Hog_public_Gerard,Hog,41.448,0.6,-2.2,1009.6,3.1,0.0,0,0,0,12,0.0,1.0,0.0,1.0,49.601000000000006,43.074,56.26629166666666,22.173312149831098,test
2016-12-05 01:00:00,Hog_public_Gerard,Hog,41.036,-0.6,-2.2,1009.9,2.1,0.0,1,0,0,12,0.25881904510252074,0.9659258262890683,0.0,1.0,41.448,37.292,56.422291666666666,22.046824404039306,test
2016-12-05 02:00:00,Hog_public_Gerard,Hog,41.76,-0.6,-2.8,1010.3,2.1,0.0,2,0,0,12,0.49999999999999994,0.8660254037844387,0.0,1.0,41.036,36.947,56.622833333333325,21.883254794609595,test
2016-12-05 03:00:00,Hog_public_Gerard,Hog,46.128,-1.7,-3.3,1010.5,0.0,0.0,3,0,0,12,0.7071067811865476,0.7071067811865476,0.0,1.0,41.76,36.626,57.01874999999999,21.58972532650473,test
2016-12-05 04:00:00,Hog_public_Gerard,Hog,53.565,-1.1,-2.8,1009.9,1.5,0.0,4,0,0,12,0.8660254037844386,0.5000000000000001,0.0,1.0,46.128,36.056,57.74829166666666,21.141748795419687,test
2016-12-05 05:00:00,Hog_public_Gerard,Hog,35.828,-1.7,-3.3,1009.7,2.6,2.0,5,0,0,12,0.9659258262890683,0.25881904510252074,0.0,1.0,53.565,36.539,57.71866666666666,21.173235298709063,test
2016-12-05 06:00:00,Hog_public_Gerard,Hog,33.317,-2.2,-3.3,1009.4,3.1,2.0,6,0,0,12,1.0,6.123233995736766e-17,0.0,1.0,35.828,36.303,57.594249999999995,21.31286056790508,test
2016-12-05 07:00:00,Hog_public_Gerard,Hog,38.351,-1.1,-2.8,1009.2,2.6,3.0,7,0,0,12,0.9659258262890683,-0.25881904510252063,0.0,1.0,33.317,36.069,57.68933333333334,21.217531605945165,test
2016-12-05 08:00:00,Hog_public_Gerard,Hog,64.253,-0.6,-2.8,1008.9,4.1,4.0,8,0,0,12,0.8660254037844387,-0.4999999999999998,0.0,1.0,38.351,36.505,58.845499999999994,20.76415004175534,test
2016-12-05 09:00:00,Hog_public_Gerard,Hog,86.875,-0.6,-2.2,1008.9,4.6,5.0,9,0,0,12,0.7071067811865476,-0.7071067811865475,0.0,1.0,64.253,36.192,60.95729166666666,20.93664167970311,test
2016-12-05 10:00:00,Hog_public_Gerard,Hog,88.57,0.6,-1.7,1008.0,5.1,6.0,10,0,0,12,0.49999999999999994,-0.8660254037844387,0.0,1.0,86.875,34.151,63.22474999999999,20.853922334117318,test
2016-12-05 11:00:00,Hog_public_Gerard,Hog,89.641,1.1,-1.1,1007.3,7.2,7.0,11,0,0,12,0.258819045102521,-0.9659258262890682,0.0,1.0,88.57,34.41,65.52604166666667,20.581551015790453,test
2016-12-05 12:00:00,Hog_public_Gerard,Hog,91.336,2.8,-0.6,1006.7,6.2,8.0,12,0,0,12,1.2246467991473532e-16,-1.0,0.0,1.0,89.641,68.097,66.49433333333333,21.24376897221707,test
2016-12-05 13:00:00,Hog_public_Gerard,Hog,93.387,2.8,0.0,1006.1,8.2,8.0,13,0,0,12,-0.2588190451025208,-0.9659258262890683,0.0,1.0,91.336,85.49,66.823375,21.608803851595866,test
2016-12-05 14:00:00,Hog_public_Gerard,Hog,92.389,3.3,-0.6,1005.6,8.8,8.0,14,0,0,12,-0.4999999999999997,-0.8660254037844388,0.0,1.0,93.387,85.495,67.110625,21.911502428618466,test
2016-12-05 15:00:00,Hog_public_Gerard,Hog,95.667,3.9,-0.6,1005.5,8.2,8.0,15,0,0,12,-0.7071067811865471,-0.7071067811865479,0.0,1.0,92.389,87.10799999999998,67.46724999999999,22.31702390017259,test
2016-12-05 16:00:00,Hog_public_Gerard,Hog,95.968,3.9,-0.6,1005.6,4.6,8.0,16,0,0,12,-0.8660254037844385,-0.5000000000000004,0.0,1.0,95.667,88.02799999999998,67.79808333333334,22.690796138171596,test
2016-12-05 17:00:00,Hog_public_Gerard,Hog,94.508,3.3,-0.6,1005.1,9.3,8.0,17,0,0,12,-0.9659258262890683,-0.25881904510252063,0.0,1.0,95.968,90.01799999999999,67.98516666666667,22.899512263016934,test
2016-12-05 18:00:00,Hog_public_Gerard,Hog,93.126,3.3,-0.6,1005.1,7.2,8.0,18,0,0,12,-1.0,-1.8369701987210297e-16,0.0,1.0,94.508,89.663,68.12945833333335,23.05244454071067,test
2016-12-05 19:00:00,Hog_public_Gerard,Hog,93.023,3.3,-0.6,1005.2,8.2,8.0,19,0,0,12,-0.9659258262890684,0.2588190451025203,0.0,1.0,93.126,71.242,69.03699999999999,23.602489662340165,test
2016-12-05 20:00:00,Hog_public_Gerard,Hog,92.925,3.3,-0.6,1005.0,6.7,8.0,20,0,0,12,-0.8660254037844386,0.5000000000000001,0.0,1.0,93.023,66.737,70.12816666666667,24.091811698739903,test
2016-12-05 21:00:00,Hog_public_Gerard,Hog,91.342,3.3,-0.6,1005.1,5.1,8.0,21,0,0,12,-0.7071067811865477,0.7071067811865474,0.0,1.0,92.925,66.738,71.15333333333334,24.461917416877796,test
2016-12-05 22:00:00,Hog_public_Gerard,Hog,69.59899999999999,4.4,0.6,1005.0,6.2,8.0,22,0,0,12,-0.5000000000000004,0.8660254037844384,0.0,1.0,91.342,63.636,71.40179166666667,24.412477547315692,test
2016-12-05 23:00:00,Hog_public_Gerard,Hog,50.761,3.9,0.6,1005.0,5.7,8.0,23,0,0,12,-0.25881904510252157,0.9659258262890681,0.0,1.0,69.59899999999999,49.601000000000006,71.450125,24.368547151770205,test
2016-12-06 00:00:00,Hog_public_Gerard,Hog,42.088,3.9,-0.6,1005.4,7.2,8.0,0,1,0,12,0.0,1.0,0.7818314824680298,0.6234898018587336,50.761,41.448,71.47679166666667,24.33461471806064,test
2016-12-06 01:00:00,Hog_public_Gerard,Hog,42.835,2.2,-2.2,1006.2,7.7,8.0,1,1,0,12,0.25881904510252074,0.9659258262890683,0.7818314824680298,0.6234898018587336,42.088,41.036,71.55175,24.23935487778725,test
2016-12-06 02:00:00,Hog_public_Gerard,Hog,54.424,0.6,-3.9,1006.9,7.2,8.0,2,1,0,12,0.49999999999999994,0.8660254037844387,0.7818314824680298,0.6234898018587336,42.835,41.76,72.07941666666666,23.69433481532208,test
2016-12-06 03:00:00,Hog_public_Gerard,Hog,53.18,0.6,-4.4,1007.2,5.1,8.0,3,1,0,12,0.7071067811865476,0.7071067811865476,0.7818314824680298,0.6234898018587336,54.424,46.128,72.37325,23.400422111112977,test
2016-12-06 04:00:00,Hog_public_Gerard,Hog,46.00899999999999,-1.1,-6.1,1007.3,7.2,8.0,4,1,0,12,0.8660254037844386,0.5000000000000001,0.7818314824680298,0.6234898018587336,53.18,53.565,72.05841666666667,23.713213060336884,test
2016-12-06 05:00:00,Hog_public_Gerard,Hog,33.251999999999995,-1.7,-6.1,1007.3,4.6,8.0,5,1,0,12,0.9659258262890683,0.25881904510252074,0.7818314824680298,0.6234898018587336,46.00899999999999,35.828,71.95108333333333,23.889507689463418,test
2016-12-06 06:00:00,Hog_public_Gerard,Hog,33.353,-2.8,-7.8,1007.3,7.2,8.0,6,1,0,12,1.0,6.123233995736766e-17,0.7818314824680298,0.6234898018587336,33.251999999999995,33.317,71.95258333333334,23.886977417971302,test
2016-12-06 07:00:00,Hog_public_Gerard,Hog,39.947,-3.9,-9.4,1007.7,7.7,8.0,7,1,0,12,0.9659258262890683,-0.25881904510252063,0.7818314824680298,0.6234898018587336,33.353,38.351,72.01908333333333,23.79139568783989,test
2016-12-06 08:00:00,Hog_public_Gerard,Hog,69.21600000000001,-5.0,-11.1,1007.9,7.2,8.0,8,1,0,12,0.8660254037844387,-0.4999999999999998,0.7818314824680298,0.6234898018587336,39.947,64.253,72.225875,23.742477637664614,test
2016-12-06 09:00:00,Hog_public_Gerard,Hog,86.507,-6.1,-11.7,1008.0,6.2,8.0,9,1,0,12,0.7071067811865476,-0.7071067811865475,0.7818314824680298,0.6234898018587336,69.21600000000001,86.875,72.21054166666666,23.732722453222067,test
2016-12-06 10:00:00,Hog_public_Gerard,Hog,90.118,-6.1,-11.7,1007.9,8.2,8.0,10,1,0,12,0.49999999999999994,-0.8660254037844387,0.7818314824680298,0.6234898018587336,86.507,88.57,72.27504166666667,23.781170837229542,test
2016-12-06 11:00:00,Hog_public_Gerard,Hog,96.108,-6.1,-12.8,1007.9,8.2,8.0,11,1,0,12,0.258819045102521,-0.9659258262890682,0.7818314824680298,0.6234898018587336,90.118,89.641,72.5445,24.02191462701985,test
2016-12-06 12:00:00,Hog_public_Gerard,Hog,94.534,-5.6,-12.2,1007.3,7.2,8.0,12,1,0,12,1.2246467991473532e-16,-1.0,0.7818314824680298,0.6234898018587336,96.108,91.336,72.67775,24.13926649447552,test
2016-12-06 13:00:00,Hog_public_Gerard,Hog,94.779,-5.0,-11.7,1006.8,8.2,8.0,13,1,0,12,-0.2588190451025208,-0.9659258262890683,0.7818314824680298,0.6234898018587336,94.534,93.387,72.73575000000001,24.192801461250458,test
2016-12-06 14:00:00,Hog_public_Gerard,Hog,94.822,-5.0,-11.1,1006.9,7.7,8.0,14,1,0,12,-0.4999999999999997,-0.8660254037844388,0.7818314824680298,0.6234898018587336,94.779,92.389,72.837125,24.283661833158074,test
2016-12-06 15:00:00,Hog_public_Gerard,Hog,94.527,-5.0,-11.1,1007.0,9.8,8.0,15,1,0,12,-0.7071067811865471,-0.7071067811865479,0.7818314824680298,0.6234898018587336,94.822,95.667,72.789625,24.238136202942574,test
2016-12-06 16:00:00,Hog_public_Gerard,Hog,98.287,-5.0,-11.1,1007.5,7.7,8.0,16,1,0,12,-0.8660254037844385,-0.5000000000000004,0.7818314824680298,0.6234898018587336,94.527,95.968,72.88625,24.33896648738227,test
2016-12-06 17:00:00,Hog_public_Gerard,Hog,95.04,-5.0,-11.1,1007.9,10.3,8.0,17,1,0,12,-0.9659258262890683,-0.25881904510252063,0.7818314824680298,0.6234898018587336,98.287,94.508,72.90841666666667,24.35974801382612,test
2016-12-06 18:00:00,Hog_public_Gerard,Hog,93.152,-5.6,-11.7,1008.6,9.3,8.0,18,1,0,12,-1.0,-1.8369701987210297e-16,0.7818314824680298,0.6234898018587336,95.04,93.126,72.9095,24.36068678799128,test
2016-12-06 19:00:00,Hog_public_Gerard,Hog,93.216,-6.1,-12.2,1009.1,7.7,8.0,19,1,0,12,-0.9659258262890684,0.2588190451025203,0.7818314824680298,0.6234898018587336,93.152,93.023,72.91754166666666,24.367645963947346,test
2016-12-06 20:00:00,Hog_public_Gerard,Hog,91.79,-6.7,-12.2,1009.8,9.3,8.0,20,1,0,12,-0.8660254037844386,0.5000000000000001,0.7818314824680298,0.6234898018587336,93.216,92.925,72.87025,24.328197564090015,test
2016-12-06 21:00:00,Hog_public_Gerard,Hog,89.969,-7.2,-12.2,1010.7,8.8,8.0,21,1,0,12,-0.7071067811865477,0.7071067811865474,0.7818314824680298,0.6234898018587336,91.79,91.342,72.81304166666666,24.284447233424423,test
2016-12-06 22:00:00,Hog_public_Gerard,Hog,70.36,-7.2,-12.2,1011.6,8.2,8.0,22,1,0,12,-0.5000000000000004,0.8660254037844384,0.7818314824680298,0.6234898018587336,89.969,69.59899999999999,72.84475,24.280564691968628,test
2016-12-06 23:00:00,Hog_public_Gerard,Hog,55.395,-7.8,-12.8,1012.2,7.7,8.0,23,1,0,12,-0.25881904510252157,0.9659258262890681,0.7818314824680298,0.6234898018587336,70.36,50.761,73.03783333333334,24.115177354533053,test
2016-12-07 00:00:00,Hog_public_Gerard,Hog,50.015,-7.8,-12.8,1012.6,8.8,8.0,0,2,0,12,0.0,1.0,0.9749279121818236,-0.22252093395631434,55.395,42.088,73.368125,23.72395722052059,test
2016-12-07 01:00:00,Hog_public_Gerard,Hog,59.003,-7.8,-12.8,1012.8,7.7,8.0,1,2,0,12,0.25881904510252074,0.9659258262890683,0.9749279121818236,-0.22252093395631434,50.015,42.835,74.04179166666667,23.038903406458076,test
2016-12-07 02:00:00,Hog_public_Gerard,Hog,55.233,-7.8,-12.2,1013.2,7.2,8.0,2,2,0,12,0.49999999999999994,0.8660254037844387,0.9749279121818236,-0.22252093395631434,59.003,54.424,74.0755,23.009525662590164,test
2016-12-07 03:00:00,Hog_public_Gerard,Hog,47.223,-8.3,-12.2,1013.8,6.2,8.0,3,2,0,12,0.7071067811865476,0.7071067811865476,0.9749279121818236,-0.22252093395631434,55.233,53.18,73.82729166666667,23.275324213833457,test
2016-12-07 04:00:00,Hog_public_Gerard,Hog,36.163,-8.3,-12.2,1014.6,6.2,8.0,4,2,0,12,0.8660254037844386,0.5000000000000001,0.9749279121818236,-0.22252093395631434,47.223,46.00899999999999,73.41704166666666,23.866238379549824,test
2016-12-07 05:00:00,Hog_public_Gerard,Hog,31.935,-8.3,-13.3,1015.5,8.2,8.0,5,2,0,12,0.9659258262890683,0.25881904510252074,0.9749279121818236,-0.22252093395631434,36.163,33.251999999999995,73.36216666666667,23.96391819357615,test
2016-12-07 06:00:00,Hog_public_Gerard,Hog,31.9,-8.3,-12.8,1016.2,8.2,8.0,6,2,0,12,1.0,6.123233995736766e-17,0.9749279121818236,-0.22252093395631434,31.935,33.353,73.301625,24.070986964849627,test
2016-12-07 07:00:00,Hog_public_Gerard,Hog,38.439,-8.3,-13.3,1016.8,7.2,8.0,7,2,0,12,0.9659258262890683,-0.25881904510252063,0.9749279121818236,-0.22252093395631434,31.9,39.947,73.23879166666667,24.163629127407336,test
2016-12-07 08:00:00,Hog_public_Gerard,Hog,67.465,-8.3,-12.8,1017.2,6.7,8.0,8,2,0,12,0.8660254037844387,-0.4999999999999998,0.9749279121818236,-0.22252093395631434,38.439,69.21600000000001,73.16583333333334,24.17894200344178,test
2016-12-07 09:00:00,Hog_public_Gerard,Hog,86.656,-8.3,-12.8,1017.8,7.7,8.0,9,2,0,12,0.7071067811865476,-0.7071067811865475,0.9749279121818236,-0.22252093395631434,67.465,86.507,73.17204166666666,24.182535362600216,test
2016-12-07 10:00:00,Hog_public_Gerard,Hog,88.148,-7.8,-12.2,1018.7,9.8,8.0,10,2,0,12,0.49999999999999994,-0.8660254037844387,0.9749279121818236,-0.22252093395631434,86.656,90.118,73.08995833333333,24.12579126970755,test
2016-12-07 11:00:00,Hog_public_Gerard,Hog,92.579,-7.2,-12.8,1018.8,7.2,8.0,11,2,0,12,0.258819045102521,-0.9659258262890682,0.9749279121818236,-0.22252093395631434,88.148,96.108,72.94291666666668,23.98977236225383,test
2016-12-07 12:00:00,Hog_public_Gerard,Hog,94.999,-7.2,-12.8,1018.6,7.7,8.0,12,2,0,12,1.2246467991473532e-16,-1.0,0.9749279121818236,-0.22252093395631434,92.579,94.534,72.96229166666666,24.008148994219177,test
2016-12-07 13:00:00,Hog_public_Gerard,Hog,93.38,-6.7,-13.3,1018.6,9.3,8.0,13,2,0,12,-0.2588190451025208,-0.9659258262890683,0.9749279121818236,-0.22252093395631434,94.999,94.779,72.904,23.954513524050476,test
2016-12-07 14:00:00,Hog_public_Gerard,Hog,95.807,-6.7,-13.3,1018.8,10.3,8.0,14,2,0,12,-0.4999999999999997,-0.8660254037844388,0.9749279121818236,-0.22252093395631434,93.38,94.822,72.94504166666667,23.994509133620756,test
2016-12-07 15:00:00,Hog_public_Gerard,Hog,93.915,-6.7,-12.8,1019.2,6.7,8.0,15,2,0,12,-0.7071067811865471,-0.7071067811865479,0.9749279121818236,-0.22252093395631434,95.807,94.527,72.91954166666666,23.97088940864879,test
2016-12-07 16:00:00,Hog_public_Gerard,Hog,96.335,-6.7,-12.8,1019.9,8.2,8.0,16,2,0,12,-0.8660254037844385,-0.5000000000000004,0.9749279121818236,-0.22252093395631434,93.915,98.287,72.83820833333333,23.8842301820573,test
2016-12-07 17:00:00,Hog_public_Gerard,Hog,97.612,-7.2,-12.8,1020.5,9.3,8.0,17,2,0,12,-0.9659258262890683,-0.25881904510252063,0.9749279121818236,-0.22252093395631434,96.335,95.04,72.945375,23.99369840243846,test
2016-12-07 18:00:00,Hog_public_Gerard,Hog,92.822,-7.2,-12.8,1020.7,9.3,8.0,18,2,0,12,-1.0,-1.8369701987210297e-16,0.9749279121818236,-0.22252093395631434,97.612,93.152,72.931625,23.981706741693124,test
2016-12-07 19:00:00,Hog_public_Gerard,Hog,90.351,-8.3,-14.4,1021.4,8.2,8.0,19,2,0,12,-0.9659258262890684,0.2588190451025203,0.9749279121818236,-0.22252093395631434,92.822,93.216,72.81225,23.88327474314454,test
2016-12-07 20:00:00,Hog_public_Gerard,Hog,90.37,-8.9,-13.3,1021.5,8.2,8.0,20,2,0,12,-0.8660254037844386,0.5000000000000001,0.9749279121818236,-0.22252093395631434,90.351,91.79,72.75308333333334,23.835928544069247,test
2016-12-07 21:00:00,Hog_public_Gerard,Hog,88.262,-8.9,-13.3,1021.7,7.2,8.0,21,2,0,12,-0.7071067811865477,0.7071067811865474,0.9749279121818236,-0.22252093395631434,90.37,89.969,72.68195833333333,23.78481572527206,test
2016-12-07 22:00:00,Hog_public_Gerard,Hog,67.07,-8.9,-13.3,1021.8,6.7,8.0,22,2,0,12,-0.5000000000000004,0.8660254037844384,0.9749279121818236,-0.22252093395631434,88.262,70.36,72.54487499999999,23.808249520797816,test
2016-12-07 23:00:00,Hog_public_Gerard,Hog,47.795,-8.9,-13.3,1022.1,8.8,8.0,23,2,0,12,-0.25881904510252157,0.9659258262890681,0.9749279121818236,-0.22252093395631434,67.07,55.395,72.22820833333333,24.09508751480307,test
2016-12-08 00:00:00,Hog_public_Gerard,Hog,44.576,-8.9,-12.8,1022.4,8.8,8.0,0,3,0,12,0.0,1.0,0.43388373911755823,-0.900968867902419,47.795,50.015,72.00158333333333,24.337455443637047,test
2016-12-08 01:00:00,Hog_public_Gerard,Hog,45.4,-8.9,-12.2,1022.6,5.7,7.666666666666667,1,3,0,12,0.25881904510252074,0.9659258262890683,0.43388373911755823,-0.900968867902419,44.576,59.003,71.43479166666667,24.80720526638636,test
2016-12-08 02:00:00,Hog_public_Gerard,Hog,53.114,-8.9,-12.2,1023.0,6.2,7.333333333333333,2,3,0,12,0.49999999999999994,0.8660254037844387,0.43388373911755823,-0.900968867902419,45.4,55.233,71.3465,24.871065103676372,test
2016-12-08 03:00:00,Hog_public_Gerard,Hog,48.75100000000001,-8.3,-11.7,1023.4,6.2,7.0,3,3,0,12,0.7071067811865476,0.7071067811865476,0.43388373911755823,-0.900968867902419,53.114,47.223,71.41016666666667,24.808504249580494,test
2016-12-08 04:00:00,Hog_public_Gerard,Hog,42.449,-8.3,-11.7,1023.7,4.6,6.666666666666667,4,3,0,12,0.8660254037844386,0.5000000000000001,0.43388373911755823,-0.900968867902419,48.75100000000001,36.163,71.67208333333333,24.450805374691004,test
2016-12-08 05:00:00,Hog_public_Gerard,Hog,32.553000000000004,-8.3,-11.7,1024.3,6.2,6.333333333333334,5,3,0,12,0.9659258262890683,0.25881904510252074,0.43388373911755823,-0.900968867902419,42.449,31.935,71.69783333333334,24.40742429398626,test
2016-12-08 06:00:00,Hog_public_Gerard,Hog,32.44,-8.3,-11.7,1025.2,6.7,6.0,6,3,0,12,1.0,6.123233995736766e-17,0.43388373911755823,-0.900968867902419,32.553000000000004,31.9,71.72033333333333,24.369360739268146,test
2016-12-08 07:00:00,Hog_public_Gerard,Hog,39.087,-7.8,-11.1,1026.0,5.7,4.0,7,3,0,12,0.9659258262890683,-0.25881904510252063,0.43388373911755823,-0.900968867902419,32.44,38.439,71.74733333333334,24.331212630240504,test
2016-12-08 08:00:00,Hog_public_Gerard,Hog,67.654,-7.8,-11.1,1027.1,5.7,4.0,8,3,0,12,0.8660254037844387,-0.4999999999999998,0.43388373911755823,-0.900968867902419,39.087,67.465,71.75520833333333,24.329796900417886,test
2016-12-08 09:00:00,Hog_public_Gerard,Hog,84.618,-6.7,-10.0,1028.0,7.2,4.0,9,3,0,12,0.7071067811865476,-0.7071067811865475,0.43388373911755823,-0.900968867902419,67.654,86.656,71.67029166666667,24.27903206379353,test
2016-12-08 10:00:00,Hog_public_Gerard,Hog,90.387,-5.0,-10.0,1029.1,8.2,5.333333333333333,10,3,0,12,0.49999999999999994,-0.8660254037844387,0.43388373911755823,-0.900968867902419,84.618,88.148,71.76358333333333,24.349300116567434,test
2016-12-08 11:00:00,Hog_public_Gerard,Hog,94.422,-5.0,-10.6,1029.7,8.8,6.666666666666666,11,3,0,12,0.258819045102521,-0.9659258262890682,0.43388373911755823,-0.900968867902419,90.387,92.579,71.840375,24.420602776829643,test
2016-12-08 12:00:00,Hog_public_Gerard,Hog,94.789,-5.0,-10.6,1030.1,8.8,8.0,12,3,0,12,1.2246467991473532e-16,-1.0,0.43388373911755823,-0.900968867902419,94.422,94.999,71.831625,24.411980273080367,test
2016-12-08 13:00:00,Hog_public_Gerard,Hog,97.925,-4.4,-10.0,1030.2,6.7,8.0,13,3,0,12,-0.2588190451025208,-0.9659258262890683,0.43388373911755823,-0.900968867902419,94.789,93.38,72.021,24.60328804819821,test
2016-12-08 14:00:00,Hog_public_Gerard,Hog,98.369,-5.0,-11.1,1030.9,7.2,8.0,14,3,0,12,-0.4999999999999997,-0.8660254037844388,0.43388373911755823,-0.900968867902419,97.925,95.807,72.12775,24.71627770140657,test
2016-12-08 15:00:00,Hog_public_Gerard,Hog,93.295,-5.6,-10.6,1031.6,7.7,8.0,15,3,0,12,-0.7071067811865471,-0.7071067811865479,0.43388373911755823,-0.900968867902419,98.369,93.915,72.10191666666667,24.692828576799226,test
2016-12-08 16:00:00,Hog_public_Gerard,Hog,99.268,-5.6,-11.7,1032.3,7.7,8.0,16,3,0,12,-0.8660254037844385,-0.5000000000000004,0.43388373911755823,-0.900968867902419,93.295,96.335,72.224125,24.824880866323973,test
2016-12-08 17:00:00,Hog_public_Gerard,Hog,94.95,-6.1,-11.7,1033.0,6.2,8.0,17,3,0,12,-0.9659258262890683,-0.25881904510252063,0.43388373911755823,-0.900968867902419,99.268,97.612,72.11320833333333,24.71220809724762,test
2016-12-08 18:00:00,Hog_public_Gerard,Hog,91.296,-6.1,-11.7,1033.4,5.7,8.0,18,3,0,12,-1.0,-1.8369701987210297e-16,0.43388373911755823,-0.900968867902419,94.95,92.822,72.049625,24.658513551964067,test
2016-12-08 19:00:00,Hog_public_Gerard,Hog,94.091,-6.1,-11.7,1033.6,5.1,8.0,19,3,0,12,-0.9659258262890684,0.2588190451025203,0.43388373911755823,-0.900968867902419,91.296,90.351,72.20545833333334,24.79066422453914,test
2016-12-08 20:00:00,Hog_public_Gerard,Hog,90.497,-6.1,-11.7,1033.7,3.6,8.0,20,3,0,12,-0.8660254037844386,0.5000000000000001,0.43388373911755823,-0.900968867902419,94.091,90.37,72.21075,24.794723318813737,test
2016-12-08 21:00:00,Hog_public_Gerard,Hog,90.132,-6.7,-11.7,1034.1,4.1,8.0,21,3,0,12,-0.7071067811865477,0.7071067811865474,0.43388373911755823,-0.900968867902419,90.497,88.262,72.28866666666667,24.8502330260559,test
2016-12-08 22:00:00,Hog_public_Gerard,Hog,68.242,-7.2,-11.7,1034.3,5.7,8.0,22,3,0,12,-0.5000000000000004,0.8660254037844384,0.43388373911755823,-0.900968867902419,90.132,67.07,72.3375,24.84068163140954,test
2016-12-08 23:00:00,Hog_public_Gerard,Hog,49.708,-7.2,-12.2,1034.8,6.2,8.0,23,3,0,12,-0.25881904510252157,0.9659258262890681,0.43388373911755823,-0.900968867902419,68.242,47.795,72.41720833333333,24.76144895665387,test
2016-12-09 00:00:00,Hog_public_Gerard,Hog,43.785,-7.8,-12.2,1035.1,4.6,8.0,0,4,0,12,0.0,1.0,-0.433883739117558,-0.9009688679024191,49.708,44.576,72.38425,24.800613206391642,test
2016-12-09 01:00:00,Hog_public_Gerard,Hog,50.362,-8.3,-12.2,1035.3,5.7,8.0,1,4,0,12,0.25881904510252074,0.9659258262890683,-0.433883739117558,-0.9009688679024191,43.785,45.4,72.591,24.585629779449985,test
2016-12-09 02:00:00,Hog_public_Gerard,Hog,51.773,-8.9,-12.2,1035.8,3.6,8.0,2,4,0,12,0.49999999999999994,0.8660254037844387,-0.433883739117558,-0.9009688679024191,50.362,53.114,72.535125,24.633296726025026,test
2016-12-09 03:00:00,Hog_public_Gerard,Hog,51.61600000000001,-8.9,-12.2,1036.0,3.1,8.0,3,4,0,12,0.7071067811865476,0.7071067811865476,-0.433883739117558,-0.9009688679024191,51.773,48.75100000000001,72.6545,24.51970569899283,test
2016-12-09 04:00:00,Hog_public_Gerard,Hog,42.926,-9.4,-12.8,1035.9,3.1,8.0,4,4,0,12,0.8660254037844386,0.5000000000000001,-0.433883739117558,-0.9009688679024191,51.61600000000001,42.449,72.67437500000001,24.49433763814661,test
2016-12-09 05:00:00,Hog_public_Gerard,Hog,33.029,-10.0,-12.8,1035.9,3.1,8.0,5,4,0,12,0.9659258262890683,0.25881904510252074,-0.433883739117558,-0.9009688679024191,42.926,32.553000000000004,72.69420833333334,24.46060794327717,test
2016-12-09 06:00:00,Hog_public_Gerard,Hog,34.605,-10.0,-12.8,1035.7,3.1,8.0,6,4,0,12,1.0,6.123233995736766e-17,-0.433883739117558,-0.9009688679024191,33.029,32.44,72.78441666666667,24.309223552633025,test
2016-12-09 07:00:00,Hog_public_Gerard,Hog,40.582,-9.4,-12.8,1035.9666666666667,3.1,7.666666666666667,7,4,0,12,0.9659258262890683,-0.25881904510252063,-0.433883739117558,-0.9009688679024191,34.605,39.087,72.84670833333332,24.220875533450233,test
2016-12-09 08:00:00,Hog_public_Gerard,Hog,68.45,-10.0,-12.8,1036.2333333333333,3.6,7.333333333333333,8,4,0,12,0.8660254037844387,-0.4999999999999998,-0.433883739117558,-0.9009688679024191,40.582,67.654,72.879875,24.213999804842594,test
2016-12-09 09:00:00,Hog_public_Gerard,Hog,88.631,-10.0,-12.8,1036.5,3.6,7.0,9,4,0,12,0.7071067811865476,-0.7071067811865475,-0.433883739117558,-0.9009688679024191,68.45,84.618,73.04708333333333,24.312237430198046,test
2016-12-09 10:00:00,Hog_public_Gerard,Hog,90.626,-10.6,-13.3,1036.7,3.6,6.666666666666667,10,4,0,12,0.49999999999999994,-0.8660254037844387,-0.433883739117558,-0.9009688679024191,88.631,90.387,73.05704166666668,24.319696494958322,test
2016-12-09 11:00:00,Hog_public_Gerard,Hog,92.659,-9.4,-13.3,1036.5,2.6,6.333333333333334,11,4,0,12,0.258819045102521,-0.9659258262890682,-0.433883739117558,-0.9009688679024191,90.626,94.422,72.98358333333333,24.254933593908923,test
2016-12-09 12:00:00,Hog_public_Gerard,Hog,91.423,-8.9,-13.9,1036.1,3.6,6.0,12,4,0,12,1.2246467991473532e-16,-1.0,-0.433883739117558,-0.9009688679024191,92.659,94.789,72.84333333333333,24.13278961273971,test
2016-12-09 13:00:00,Hog_public_Gerard,Hog,92.91,-8.3,-13.9,1035.2,4.1,6.0,13,4,0,12,-0.2588190451025208,-0.9659258262890683,-0.433883739117558,-0.9009688679024191,91.423,97.925,72.634375,23.927007185464397,test
2016-12-09 14:00:00,Hog_public_Gerard,Hog,99.146,-7.2,-13.9,1034.4,4.1,6.0,14,4,0,12,-0.4999999999999997,-0.8660254037844388,-0.433883739117558,-0.9009688679024191,92.91,98.369,72.66675,23.963839295089457,test
2016-12-09 15:00:00,Hog_public_Gerard,Hog,100.589,-7.8,-13.9,1034.6,3.6,6.0,15,4,0,12,-0.7071067811865471,-0.7071067811865479,-0.433883739117558,-0.9009688679024191,99.146,93.295,72.97066666666667,24.280981316869156,test
2016-12-09 16:00:00,Hog_public_Gerard,Hog,97.432,-8.9,-15.0,1034.6,4.6,6.0,16,4,0,12,-0.8660254037844385,-0.5000000000000004,-0.433883739117558,-0.9009688679024191,100.589,99.268,72.89416666666666,24.197274253009706,test
2016-12-09 17:00:00,Hog_public_Gerard,Hog,96.029,-8.9,-14.4,1034.6,3.6,6.0,17,4,0,12,-0.9659258262890683,-0.25881904510252063,-0.433883739117558,-0.9009688679024191,97.432,94.95,72.939125,24.24099840875505,test
2016-12-09 18:00:00,Hog_public_Gerard,Hog,91.699,-10.0,-14.4,1034.6,4.1,6.0,18,4,0,12,-1.0,-1.8369701987210297e-16,-0.433883739117558,-0.9009688679024191,96.029,91.296,72.95591666666667,24.25440289194792,test
2016-12-09 19:00:00,Hog_public_Gerard,Hog,54.38,-10.0,-14.4,1034.8,4.1,6.333333333333333,19,4,0,12,-0.9659258262890684,0.2588190451025203,-0.433883739117558,-0.9009688679024191,91.699,94.091,71.30129166666667,24.103955557541415,test
2016-12-09 20:00:00,Hog_public_Gerard,Hog,43.081,-10.0,-14.4,1034.6,4.6,6.666666666666667,20,4,0,12,-0.8660254037844386,0.5000000000000001,-0.433883739117558,-0.9009688679024191,54.38,90.497,69.325625,24.40353406661055,test
2016-12-09 21:00:00,Hog_public_Gerard,Hog,43.631,-10.6,-15.6,1034.4,5.1,7.0,21,4,0,12,-0.7071067811865477,0.7071067811865474,-0.433883739117558,-0.9009688679024191,43.081,90.132,67.38808333333334,24.525459541706624,test
2016-12-09 22:00:00,Hog_public_Gerard,Hog,42.365,-11.7,-16.1,1034.6,4.1,7.333333333333333,22,4,0,12,-0.5000000000000004,0.8660254037844384,-0.433883739117558,-0.9009688679024191,43.631,68.242,66.309875,25.04950102829014,test
2016-12-09 23:00:00,Hog_public_Gerard,Hog,41.73,-11.1,-16.1,1034.9,4.1,7.666666666666666,23,4,0,12,-0.25881904510252157,0.9659258262890681,-0.433883739117558,-0.9009688679024191,42.365,49.708,65.97745833333333,25.330749934793925,test
2016-12-10 00:00:00,Hog_public_Gerard,Hog,41.924,-12.2,-17.2,1034.8,5.1,8.0,0,5,1,12,0.0,1.0,-0.9749279121818236,-0.2225209339563146,41.73,43.785,65.89991666666667,25.404379858456654,test
2016-12-10 01:00:00,Hog_public_Gerard,Hog,36.736,-13.3,-17.2,1035.0,4.1,5.0,1,5,1,12,0.25881904510252074,0.9659258262890683,-0.9749279121818236,-0.2225209339563146,41.924,50.362,65.33216666666667,25.913878174792277,test
2016-12-10 02:00:00,Hog_public_Gerard,Hog,35.541,-13.9,-18.3,1035.1,3.1,2.0,2,5,1,12,0.49999999999999994,0.8660254037844387,-0.9749279121818236,-0.2225209339563146,36.736,51.773,64.65583333333333,26.488597428141595,test
2016-12-10 03:00:00,Hog_public_Gerard,Hog,35.815,-14.4,-18.3,1035.3,4.6,0.0,3,5,1,12,0.7071067811865476,0.7071067811865476,-0.9749279121818236,-0.2225209339563146,35.541,51.61600000000001,63.997458333333334,27.017873863151216,test
2016-12-10 04:00:00,Hog_public_Gerard,Hog,35.321,-15.0,-18.3,1035.1,3.1,0.0,4,5,1,12,0.8660254037844386,0.5000000000000001,-0.9749279121818236,-0.2225209339563146,35.815,42.926,63.680583333333324,27.318674738556027,test
2016-12-10 05:00:00,Hog_public_Gerard,Hog,35.261,-15.6,-18.3,1034.7,3.1,0.0,5,5,1,12,0.9659258262890683,0.25881904510252074,-0.9749279121818236,-0.2225209339563146,35.321,33.029,63.773583333333335,27.21338811962377,test
2016-12-10 06:00:00,Hog_public_Gerard,Hog,35.591,-15.6,-18.3,1034.9,2.6,0.0,6,5,1,12,1.0,6.123233995736766e-17,-0.9749279121818236,-0.2225209339563146,35.261,34.605,63.81466666666666,27.16814517306863,test
2016-12-10 07:00:00,Hog_public_Gerard,Hog,35.316,-15.6,-18.3,1035.3,2.6,4.0,7,5,1,12,0.9659258262890683,-0.25881904510252063,-0.9749279121818236,-0.2225209339563146,35.591,40.582,63.59525,27.384340441446607,test
2016-12-10 08:00:00,Hog_public_Gerard,Hog,35.155,-15.0,-18.3,1034.9,1.5,4.4,8,5,1,12,0.8660254037844387,-0.4999999999999998,-0.9749279121818236,-0.2225209339563146,35.316,68.45,62.20795833333333,27.964914103645665,test
2016-12-10 09:00:00,Hog_public_Gerard,Hog,35.47400000000001,-14.4,-17.8,1034.1,1.5,4.8,9,5,1,12,0.7071067811865476,-0.7071067811865475,-0.9749279121818236,-0.2225209339563146,35.155,88.631,59.993083333333324,27.886126335379725,test
2016-12-10 10:00:00,Hog_public_Gerard,Hog,41.86,-13.9,-17.8,1033.7,0.0,5.2,10,5,1,12,0.49999999999999994,-0.8660254037844387,-0.9749279121818236,-0.2225209339563146,35.47400000000001,90.626,57.961166666666664,27.328098014707393,test
2016-12-10 11:00:00,Hog_public_Gerard,Hog,86.329,-13.3,-17.8,1033.0,0.0,5.6,11,5,1,12,0.258819045102521,-0.9659258262890682,-0.9749279121818236,-0.2225209339563146,41.86,92.659,57.69741666666667,27.007324640801208,test
2016-12-10 12:00:00,Hog_public_Gerard,Hog,86.868,-12.8,-17.8,1031.7,2.1,6.0,12,5,1,12,1.2246467991473532e-16,-1.0,-0.9749279121818236,-0.2225209339563146,86.329,91.423,57.507625,26.775022346132122,test
2016-12-10 13:00:00,Hog_public_Gerard,Hog,86.289,-11.7,-17.8,1030.7,2.1,6.333333333333333,13,5,1,12,-0.2588190451025208,-0.9659258262890683,-0.9749279121818236,-0.2225209339563146,86.868,92.91,57.23175,26.42623426470462,test
2016-12-10 14:00:00,Hog_public_Gerard,Hog,85.29299999999998,-11.7,-17.2,1030.3,2.1,6.666666666666667,14,5,1,12,-0.4999999999999997,-0.8660254037844388,-0.9749279121818236,-0.2225209339563146,86.289,99.146,56.65454166666667,25.609600825334546,test
2016-12-10 15:00:00,Hog_public_Gerard,Hog,90.354,-11.7,-15.0,1029.75,2.1,7.0,15,5,1,12,-0.7071067811865471,-0.7071067811865479,-0.9749279121818236,-0.2225209339563146,85.29299999999998,100.589,56.22808333333334,24.9221746153496,test
2016-12-10 16:00:00,Hog_public_Gerard,Hog,87.62299999999998,-11.7,-14.4,1029.2,2.6,7.333333333333333,16,5,1,12,-0.8660254037844385,-0.5000000000000004,-0.9749279121818236,-0.2225209339563146,90.354,97.432,55.819375,24.289476284136175,test
2016-12-10 17:00:00,Hog_public_Gerard,Hog,89.178,-11.7,-14.4,1028.3,3.6,7.666666666666666,17,5,1,12,-0.9659258262890683,-0.25881904510252063,-0.9749279121818236,-0.2225209339563146,87.62299999999998,96.029,55.53391666666667,23.832328593040835,test
2016-12-10 18:00:00,Hog_public_Gerard,Hog,91.486,-11.1,-13.9,1027.0,4.6,8.0,18,5,1,12,-1.0,-1.8369701987210297e-16,-0.9749279121818236,-0.2225209339563146,89.178,91.699,55.52504166666666,23.818310945626294,test
2016-12-10 19:00:00,Hog_public_Gerard,Hog,55.895,-11.1,-13.9,1026.1,3.6,8.25,19,5,1,12,-0.9659258262890684,0.2588190451025203,-0.9749279121818236,-0.2225209339563146,91.486,54.38,55.58816666666666,23.817151884389176,test
2016-12-10 20:00:00,Hog_public_Gerard,Hog,45.877,-11.1,-13.9,1025.4,4.6,8.5,20,5,1,12,-0.8660254037844386,0.5000000000000001,-0.9749279121818236,-0.2225209339563146,55.895,43.081,55.70466666666667,23.760083859584707,test
2016-12-10 21:00:00,Hog_public_Gerard,Hog,45.379,-10.6,-13.3,1024.7,4.1,8.75,21,5,1,12,-0.7071067811865477,0.7071067811865474,-0.9749279121818236,-0.2225209339563146,45.877,43.631,55.777499999999996,23.72411642923359,test
2016-12-10 22:00:00,Hog_public_Gerard,Hog,45.614,-10.6,-12.8,1024.3,4.1,9.0,22,5,1,12,-0.5000000000000004,0.8660254037844384,-0.9749279121818236,-0.2225209339563146,45.379,42.365,55.91287499999999,23.65341858794927,test
2016-12-10 23:00:00,Hog_public_Gerard,Hog,45.029,-10.0,-12.2,1023.8,3.1,8.5,23,5,1,12,-0.25881904510252157,0.9659258262890681,-0.9749279121818236,-0.2225209339563146,45.614,41.73,56.050333333333334,23.576875339061115,test
2016-12-11 00:00:00,Hog_public_Gerard,Hog,44.94300000000001,-10.0,-12.2,1022.5,4.1,8.0,0,6,1,12,0.0,1.0,-0.7818314824680299,0.6234898018587334,45.029,41.924,56.17612499999999,23.506176766992372,test
2016-12-11 01:00:00,Hog_public_Gerard,Hog,39.66,-9.4,-11.7,1021.4,3.6,8.25,1,6,1,12,0.25881904510252074,0.9659258262890683,-0.7818314824680299,0.6234898018587334,44.94300000000001,36.736,56.297958333333334,23.408411389515567,test
2016-12-11 02:00:00,Hog_public_Gerard,Hog,38.979,-9.4,-11.7,1019.6,4.6,8.5,2,6,1,12,0.49999999999999994,0.8660254037844387,-0.7818314824680299,0.6234898018587334,39.66,35.541,56.44120833333333,23.28606427062299,test
2016-12-11 03:00:00,Hog_public_Gerard,Hog,38.925,-8.9,-11.7,1018.8,5.1,8.75,3,6,1,12,0.7071067811865476,0.7071067811865476,-0.7818314824680299,0.6234898018587334,38.979,35.815,56.57079166666667,23.17467905313005,test
2016-12-11 04:00:00,Hog_public_Gerard,Hog,38.605,-8.9,-11.1,1018.1,4.1,9.0,4,6,1,12,0.8660254037844386,0.5000000000000001,-0.7818314824680299,0.6234898018587334,38.925,35.321,56.70762500000001,23.053132292715446,test
2016-12-11 05:00:00,Hog_public_Gerard,Hog,38.358,-8.9,-11.1,1016.7,5.1,9.0,5,6,1,12,0.9659258262890683,0.25881904510252074,-0.7818314824680299,0.6234898018587334,38.605,35.261,56.836666666666666,22.936235113645193,test
2016-12-11 06:00:00,Hog_public_Gerard,Hog,38.286,-8.3,-10.6,1017.2,3.1,9.0,6,6,1,12,1.0,6.123233995736766e-17,-0.7818314824680299,0.6234898018587334,38.358,35.591,56.94895833333334,22.834067343182117,test
2016-12-11 07:00:00,Hog_public_Gerard,Hog,39.121,-8.3,-10.6,1016.5,4.1,9.0,7,6,1,12,0.9659258262890683,-0.25881904510252063,-0.7818314824680299,0.6234898018587334,38.286,35.316,57.107499999999995,22.69009023685289,test
2016-12-11 08:00:00,Hog_public_Gerard,Hog,38.673,-8.3,-10.6,1015.8,3.6,9.0,8,6,1,12,0.8660254037844387,-0.4999999999999998,-0.7818314824680299,0.6234898018587334,39.121,35.155,57.254083333333334,22.553055647433606,test
2016-12-11 09:00:00,Hog_public_Gerard,Hog,37.957,-7.8,-10.0,1015.0,3.6,8.75,9,6,1,12,0.7071067811865476,-0.7071067811865475,-0.7818314824680299,0.6234898018587334,38.673,35.47400000000001,57.35754166666667,22.454278033332386,test
2016-12-11 10:00:00,Hog_public_Gerard,Hog,36.349,-7.2,-10.0,1015.0,3.6,8.5,10,6,1,12,0.49999999999999994,-0.8660254037844387,-0.7818314824680299,0.6234898018587334,37.957,41.86,57.127916666666664,22.64700326450111,test
2016-12-11 11:00:00,Hog_public_Gerard,Hog,36.49,-6.7,-10.0,1014.4,3.6,8.25,11,6,1,12,0.258819045102521,-0.9659258262890682,-0.7818314824680299,0.6234898018587334,36.349,86.329,55.051291666666664,22.132131698504157,test
2016-12-11 12:00:00,Hog_public_Gerard,Hog,66.993,-6.7,-10.0,1013.9,2.6,8.0,12,6,1,12,1.2246467991473532e-16,-1.0,-0.7818314824680299,0.6234898018587334,36.49,86.868,54.223166666666664,21.243885376363313,test
2016-12-11 13:00:00,Hog_public_Gerard,Hog,83.236,-6.4,-9.7,1012.95,2.35,8.0,13,6,1,12,-0.2588190451025208,-0.9659258262890683,-0.7818314824680299,0.6234898018587334,66.993,86.289,54.095958333333336,21.05179924042273,test
2016-12-11 14:00:00,Hog_public_Gerard,Hog,86.37700000000002,-6.1,-9.4,1012.0,2.1,8.0,14,6,1,12,-0.4999999999999997,-0.8660254037844388,-0.7818314824680299,0.6234898018587334,83.236,85.29299999999998,54.141124999999995,21.122686197571845,test
2016-12-11 15:00:00,Hog_public_Gerard,Hog,89.361,-6.1,-9.4,1011.7,2.6,8.0,15,6,1,12,-0.7071067811865471,-0.7071067811865479,-0.7818314824680299,0.6234898018587334,86.37700000000002,90.354,54.09975,21.049514354100513,test
2016-12-11 16:00:00,Hog_public_Gerard,Hog,92.245,-6.7,-9.4,1011.9,2.1,8.0,16,6,1,12,-0.8660254037844385,-0.5000000000000004,-0.7818314824680299,0.6234898018587334,89.361,87.62299999999998,54.29233333333334,21.38797807519292,test
2016-12-11 17:00:00,Hog_public_Gerard,Hog,92.179,-6.7,-8.9,1012.2,1.5,8.0,17,6,1,12,-0.9659258262890683,-0.25881904510252063,-0.7818314824680299,0.6234898018587334,92.245,89.178,54.417375,21.608435816099316,test
2016-12-11 18:00:00,Hog_public_Gerard,Hog,92.416,-6.7,-9.4,1012.6,3.1,8.0,18,6,1,12,-1.0,-1.8369701987210297e-16,-0.7818314824680299,0.6234898018587334,92.179,91.486,54.45612500000001,21.678520694582463,test
2016-12-11 19:00:00,Hog_public_Gerard,Hog,71.209,-7.2,-9.4,1013.2,3.1,6.0,19,6,1,12,-0.9659258262890684,0.2588190451025203,-0.7818314824680299,0.6234898018587334,92.416,55.895,55.09420833333334,21.946433621293597,test
2016-12-11 20:00:00,Hog_public_Gerard,Hog,67.807,-8.3,-11.1,1013.7,4.6,4.0,20,6,1,12,-0.8660254037844386,0.5000000000000001,-0.7818314824680299,0.6234898018587334,71.209,45.877,56.007958333333335,22.002446924157496,test
2016-12-11 21:00:00,Hog_public_Gerard,Hog,66.22,-9.4,-11.7,1014.0,5.1,2.0,21,6,1,12,-0.7071067811865477,0.7071067811865474,-0.7818314824680299,0.6234898018587334,67.807,45.379,56.87633333333334,21.975964796878166,test
2016-12-11 22:00:00,Hog_public_Gerard,Hog,64.655,-10.0,-12.2,1014.3,4.1,2.0,22,6,1,12,-0.5000000000000004,0.8660254037844384,-0.7818314824680299,0.6234898018587334,66.22,45.614,57.66970833333334,21.89525510535624,test
2016-12-11 23:00:00,Hog_public_Gerard,Hog,52.958,-10.6,-12.8,1015.0,4.1,5.0,23,6,1,12,-0.25881904510252157,0.9659258262890681,-0.7818314824680299,0.6234898018587334,64.655,45.029,58.00008333333333,21.75560263255887,test
2016-12-12 00:00:00,Hog_public_Gerard,Hog,43.165,-10.6,-12.8,1015.3,3.1,8.0,0,0,0,12,0.0,1.0,0.0,1.0,52.958,44.94300000000001,57.925999999999995,21.80496972471316,test
2016-12-12 01:00:00,Hog_public_Gerard,Hog,45.174,-10.0,-12.2,1015.6,3.1,7.0,1,0,0,12,0.25881904510252074,0.9659258262890683,0.0,1.0,43.165,39.66,58.15574999999999,21.63250785929856,test
2016-12-12 02:00:00,Hog_public_Gerard,Hog,50.859,-11.7,-13.9,1016.2,4.6,6.0,2,0,0,12,0.49999999999999994,0.8660254037844387,0.0,1.0,45.174,38.979,58.65075000000001,21.30811065676342,test
2016-12-12 03:00:00,Hog_public_Gerard,Hog,46.681,-12.8,-14.4,1017.2,5.1,5.0,3,0,0,12,0.7071067811865476,0.7071067811865476,0.0,1.0,50.859,38.925,58.97391666666667,21.05322608329892,test
2016-12-12 04:00:00,Hog_public_Gerard,Hog,41.31399999999999,-15.0,-17.2,1017.45,5.1,4.0,4,0,0,12,0.8660254037844386,0.5000000000000001,0.0,1.0,46.681,38.605,59.08679166666666,20.946262163137586,test
2016-12-12 05:00:00,Hog_public_Gerard,Hog,32.6,-16.1,-17.8,1017.7,2.1,6.0,5,0,0,12,0.9659258262890683,0.25881904510252074,0.0,1.0,41.31399999999999,38.358,58.846875000000004,21.225130261929486,test
2016-12-12 06:00:00,Hog_public_Gerard,Hog,32.843,-15.6,-17.2,1017.7,2.6,8.0,6,0,0,12,1.0,6.123233995736766e-17,0.0,1.0,32.6,38.286,58.620083333333326,21.481902457886502,test
2016-12-12 07:00:00,Hog_public_Gerard,Hog,39.535,-16.7,-18.3,1018.1,4.6,6.0,7,0,0,12,0.9659258262890683,-0.25881904510252063,0.0,1.0,32.843,39.121,58.63733333333334,21.46572402017109,test
2016-12-12 08:00:00,Hog_public_Gerard,Hog,67.84100000000001,-18.3,-20.6,1018.5,3.6,4.0,8,0,0,12,0.8660254037844387,-0.4999999999999998,0.0,1.0,39.535,38.673,59.852666666666664,21.1089946924893,test
2016-12-12 09:00:00,Hog_public_Gerard,Hog,83.33,-18.9,-20.6,1019.05,4.1,9.0,9,0,0,12,0.7071067811865476,-0.7071067811865475,0.0,1.0,67.84100000000001,37.957,61.743208333333335,21.094556812804303,test
2016-12-12 10:00:00,Hog_public_Gerard,Hog,90.664,-18.9,-22.2,1019.6,4.6,2.0,10,0,0,12,0.49999999999999994,-0.8660254037844387,0.0,1.0,83.33,36.349,64.00633333333333,21.165160321842134,test
2016-12-12 11:00:00,Hog_public_Gerard,Hog,93.676,-17.8,-21.1,1019.25,4.6,4.0,11,0,0,12,0.258819045102521,-0.9659258262890682,0.0,1.0,90.664,36.49,66.38908333333333,21.151680827273413,test
2016-12-12 12:00:00,Hog_public_Gerard,Hog,96.712,-16.7,-20.0,1018.9,3.1,2.0,12,0,0,12,1.2246467991473532e-16,-1.0,0.0,1.0,93.676,66.993,67.627375,22.03985186135917,test
2016-12-12 13:00:00,Hog_public_Gerard,Hog,97.344,-16.1,-19.4,1017.6,3.6,4.0,13,0,0,12,-0.2588190451025208,-0.9659258262890683,0.0,1.0,96.712,83.236,68.21520833333334,22.653843215511493,test
2016-12-12 14:00:00,Hog_public_Gerard,Hog,97.187,-14.4,-18.9,1017.0,1.5,4.8,14,0,0,12,-0.4999999999999997,-0.8660254037844388,0.0,1.0,97.344,86.37700000000002,68.66562499999999,23.133043482566436,test
2016-12-12 15:00:00,Hog_public_Gerard,Hog,96.554,-14.4,-18.3,1016.7,2.1,5.6,15,0,0,12,-0.7071067811865471,-0.7071067811865479,0.0,1.0,97.187,89.361,68.96533333333333,23.45715263988832,test
2016-12-12 16:00:00,Hog_public_Gerard,Hog,96.145,-14.4,-18.9,1017.8,4.6,6.4,16,0,0,12,-0.8660254037844385,-0.5000000000000004,0.0,1.0,96.554,92.245,69.12783333333333,23.63824450861951,test
2016-12-12 17:00:00,Hog_public_Gerard,Hog,95.898,-14.4,-18.3,1017.7,3.1,7.2,17,0,0,12,-0.9659258262890683,-0.25881904510252063,0.0,1.0,96.145,92.179,69.28279166666665,23.807508066700713,test
2016-12-12 18:00:00,Hog_public_Gerard,Hog,94.738,-14.4,-18.9,1018.8,4.6,8.0,18,0,0,12,-1.0,-1.8369701987210297e-16,0.0,1.0,95.898,92.416,69.37954166666667,23.910102265486433,test
2016-12-12 19:00:00,Hog_public_Gerard,Hog,95.708,-15.0,-18.9,1019.8,4.1,7.0,19,0,0,12,-0.9659258262890684,0.2588190451025203,0.0,1.0,94.738,71.209,70.40033333333334,24.507116272034526,test
2016-12-12 20:00:00,Hog_public_Gerard,Hog,95.732,-15.0,-18.9,1020.4,4.6,6.0,20,0,0,12,-0.8660254037844386,0.5000000000000001,0.0,1.0,95.708,67.807,71.563875,25.035841490902868,test
2016-12-12 21:00:00,Hog_public_Gerard,Hog,94.38,-15.0,-18.9,1021.0,3.6,5.0,21,0,0,12,-0.7071067811865477,0.7071067811865474,0.0,1.0,95.732,66.22,72.73720833333334,25.43125837126467,test
2016-12-12 22:00:00,Hog_public_Gerard,Hog,73.06,-16.1,-19.4,1021.6,4.6,4.0,22,0,0,12,-0.5000000000000004,0.8660254037844384,0.0,1.0,94.38,64.655,73.08741666666667,25.372925793000423,test
2016-12-12 23:00:00,Hog_public_Gerard,Hog,53.522,-16.7,-20.0,1022.3,3.6,4.0,23,0,0,12,-0.25881904510252157,0.9659258262890681,0.0,1.0,73.06,52.958,73.11091666666667,25.3537255780765,test
2016-12-13 00:00:00,Hog_public_Gerard,Hog,43.709,-17.2,-21.1,1022.9,6.7,4.0,0,1,0,12,0.0,1.0,0.7818314824680298,0.6234898018587336,53.522,43.165,73.13358333333333,25.326017438537512,test
2016-12-13 01:00:00,Hog_public_Gerard,Hog,48.528,-17.8,-22.2,1023.4,5.7,2.0,1,1,0,12,0.25881904510252074,0.9659258262890683,0.7818314824680298,0.6234898018587336,43.709,45.174,73.27333333333334,25.173823856065976,test
2016-12-13 02:00:00,Hog_public_Gerard,Hog,51.71100000000001,-18.9,-23.3,1023.4,3.6,0.0,2,1,0,12,0.49999999999999994,0.8660254037844387,0.7818314824680298,0.6234898018587336,48.528,50.859,73.30883333333334,25.141420878643792,test
2016-12-13 03:00:00,Hog_public_Gerard,Hog,48.507,-18.9,-23.3,1023.8,3.1,0.0,3,1,0,12,0.7071067811865476,0.7071067811865476,0.7818314824680298,0.6234898018587336,51.71100000000001,46.681,73.38491666666665,25.059966782164597,test
2016-12-13 04:00:00,Hog_public_Gerard,Hog,41.457,-19.4,-23.3,1024.1,3.1,0.0,4,1,0,12,0.8660254037844386,0.5000000000000001,0.7818314824680298,0.6234898018587336,48.507,41.31399999999999,73.39087500000001,25.052025712266225,test
2016-12-13 05:00:00,Hog_public_Gerard,Hog,34.178000000000004,-20.6,-23.9,1024.1,2.6,0.0,5,1,0,12,0.9659258262890683,0.25881904510252074,0.7818314824680298,0.6234898018587336,41.457,32.6,73.45662499999999,24.942143619415038,test
2016-12-13 06:00:00,Hog_public_Gerard,Hog,33.706,-21.1,-23.9,1024.3,3.1,0.0,6,1,0,12,1.0,6.123233995736766e-17,0.7818314824680298,0.6234898018587336,34.178000000000004,32.843,73.49258333333334,24.88159505916794,test
2016-12-13 07:00:00,Hog_public_Gerard,Hog,39.589,-21.7,-24.4,1024.8,4.6,0.0,7,1,0,12,0.9659258262890683,-0.25881904510252063,0.7818314824680298,0.6234898018587336,33.706,39.535,73.49483333333333,24.878393058805276,test
2016-12-13 08:00:00,Hog_public_Gerard,Hog,68.462,-21.7,-24.4,1025.1,3.6,0.0,8,1,0,12,0.8660254037844387,-0.4999999999999998,0.7818314824680298,0.6234898018587336,39.589,67.84100000000001,73.52070833333333,24.87257933072906,test
2016-12-13 09:00:00,Hog_public_Gerard,Hog,87.05799999999998,-21.1,-24.4,1025.0,4.1,0.0,9,1,0,12,0.7071067811865476,-0.7071067811865475,0.7818314824680298,0.6234898018587336,68.462,83.33,73.67604166666666,24.948030016292776,test
2016-12-13 10:00:00,Hog_public_Gerard,Hog,90.179,-18.9,-23.3,1025.2,4.1,0.0,10,1,0,12,0.49999999999999994,-0.8660254037844387,0.7818314824680298,0.6234898018587336,87.05799999999998,90.664,73.65583333333333,24.933863600693247,test
2016-12-13 11:00:00,Hog_public_Gerard,Hog,95.853,-16.1,-21.7,1024.9,4.6,0.0,11,1,0,12,0.258819045102521,-0.9659258262890682,0.7818314824680298,0.6234898018587336,90.179,93.676,73.74654166666666,25.013694862891512,test
2016-12-13 12:00:00,Hog_public_Gerard,Hog,94.192,-14.4,-21.1,1024.3,4.6,0.0,12,1,0,12,1.2246467991473532e-16,-1.0,0.7818314824680298,0.6234898018587336,95.853,96.712,73.64154166666667,24.918208198509777,test
2016-12-13 13:00:00,Hog_public_Gerard,Hog,97.028,-13.9,-21.7,1023.5,5.7,0.0,13,1,0,12,-0.2588190451025208,-0.9659258262890683,0.7818314824680298,0.6234898018587336,94.192,97.344,73.62837499999999,24.905219496274537,test
2016-12-13 14:00:00,Hog_public_Gerard,Hog,102.369,-13.3,-20.6,1023.0,4.6,0.0,14,1,0,12,-0.4999999999999997,-0.8660254037844388,0.7818314824680298,0.6234898018587336,97.028,97.187,73.84429166666668,25.139700865501336,test
2016-12-13 15:00:00,Hog_public_Gerard,Hog,88.905,-13.9,-21.1,1022.7,6.2,1.0,15,1,0,12,-0.7071067811865471,-0.7071067811865479,0.7818314824680298,0.6234898018587336,102.369,96.554,73.52558333333333,24.88649114421354,test
2016-12-13 16:00:00,Hog_public_Gerard,Hog,98.833,-15.0,-21.1,1022.3,4.1,2.0,16,1,0,12,-0.8660254037844385,-0.5000000000000004,0.7818314824680298,0.6234898018587336,88.905,96.145,73.63758333333334,24.99851076071588,test
2016-12-13 17:00:00,Hog_public_Gerard,Hog,97.087,-15.0,-21.1,1021.5,3.1,2.0,17,1,0,12,-0.9659258262890683,-0.25881904510252063,0.7818314824680298,0.6234898018587336,98.833,95.898,73.687125,25.045677846881826,test
2016-12-13 18:00:00,Hog_public_Gerard,Hog,93.693,-15.0,-20.6,1020.7,4.6,2.0,18,1,0,12,-1.0,-1.8369701987210297e-16,0.7818314824680298,0.6234898018587336,97.087,94.738,73.64358333333334,25.00837051854355,test
2016-12-13 19:00:00,Hog_public_Gerard,Hog,96.092,-14.4,-20.0,1020.1,5.1,2.0,19,1,0,12,-0.9659258262890684,0.2588190451025203,0.7818314824680298,0.6234898018587336,93.693,95.708,73.65958333333333,25.023219210264134,test
2016-12-13 20:00:00,Hog_public_Gerard,Hog,95.291,-13.9,-18.9,1019.5,4.1,0.0,20,1,0,12,-0.8660254037844386,0.5000000000000001,0.7818314824680298,0.6234898018587336,96.092,95.732,73.64120833333332,25.00646264117098,test
2016-12-13 21:00:00,Hog_public_Gerard,Hog,94.128,-13.3,-18.3,1019.2,5.1,2.0,21,1,0,12,-0.7071067811865477,0.7071067811865474,0.7818314824680298,0.6234898018587336,95.291,94.38,73.63070833333335,24.997427263236546,test
2016-12-13 22:00:00,Hog_public_Gerard,Hog,73.286,-12.2,-17.2,1018.6,7.2,0.0,22,1,0,12,-0.5000000000000004,0.8660254037844384,0.7818314824680298,0.6234898018587336,94.128,73.06,73.640125,24.997245494014898,test
2016-12-13 23:00:00,Hog_public_Gerard,Hog,57.19,-12.8,-17.2,1018.4,5.7,0.0,23,1,0,12,-0.25881904510252157,0.9659258262890681,0.7818314824680298,0.6234898018587336,73.286,53.522,73.79295833333333,24.8798325513015,test
2016-12-14 00:00:00,Hog_public_Gerard,Hog,52.663,-12.2,-17.2,1018.9,5.1,0.0,0,2,0,12,0.0,1.0,0.9749279121818236,-0.22252093395631434,57.19,43.709,74.16604166666666,24.472903881425626,test
2016-12-14 01:00:00,Hog_public_Gerard,Hog,52.179,-12.2,-17.2,1018.7,5.1,0.0,1,2,0,12,0.25881904510252074,0.9659258262890683,0.9749279121818236,-0.22252093395631434,52.663,48.528,74.31816666666667,24.31746104929671,test
2016-12-14 02:00:00,Hog_public_Gerard,Hog,44.723,-12.8,-17.8,1018.8,5.1,0.0,2,2,0,12,0.49999999999999994,0.8660254037844387,0.9749279121818236,-0.22252093395631434,52.179,51.71100000000001,74.027,24.63962009694435,test
2016-12-14 03:00:00,Hog_public_Gerard,Hog,42.483,-12.8,-18.3,1019.4,5.1,0.0,3,2,0,12,0.7071067811865476,0.7071067811865476,0.9749279121818236,-0.22252093395631434,44.723,48.507,73.776,24.939746274989933,test
2016-12-14 04:00:00,Hog_public_Gerard,Hog,41.708,-12.8,-18.3,1019.3,6.7,0.0,4,2,0,12,0.8660254037844386,0.5000000000000001,0.9749279121818236,-0.22252093395631434,42.483,41.457,73.78645833333333,24.92565289010888,test
2016-12-14 05:00:00,Hog_public_Gerard,Hog,32.453,-13.3,-19.4,1019.8,8.2,0.0,5,2,0,12,0.9659258262890683,0.25881904510252074,0.9749279121818236,-0.22252093395631434,41.708,34.178000000000004,73.71458333333334,25.04702427681167,test
2016-12-14 06:00:00,Hog_public_Gerard,Hog,31.974,-13.9,-20.6,1020.5,5.1,0.0,6,2,0,12,1.0,6.123233995736766e-17,0.9749279121818236,-0.22252093395631434,32.453,33.706,73.64241666666666,25.169506517621365,test
2016-12-14 07:00:00,Hog_public_Gerard,Hog,38.238,-14.4,-20.6,1021.2,5.1,2.0,7,2,0,12,0.9659258262890683,-0.25881904510252063,0.9749279121818236,-0.22252093395631434,31.974,39.589,73.586125,25.25035929544207,test
2016-12-14 08:00:00,Hog_public_Gerard,Hog,66.438,-15.0,-21.7,1021.8,9.3,2.0,8,2,0,12,0.8660254037844387,-0.4999999999999998,0.9749279121818236,-0.22252093395631434,38.238,68.462,73.50179166666668,25.271588418925795,test
2016-12-14 09:00:00,Hog_public_Gerard,Hog,86.76799999999999,-15.6,-21.7,1022.7,10.8,2.0,9,2,0,12,0.7071067811865476,-0.7071067811865475,0.9749279121818236,-0.22252093395631434,66.438,87.05799999999998,73.48970833333333,25.264893294294875,test
2016-12-14 10:00:00,Hog_public_Gerard,Hog,90.988,-15.6,-22.2,1023.4,11.3,2.0,10,2,0,12,0.49999999999999994,-0.8660254037844387,0.9749279121818236,-0.22252093395631434,86.76799999999999,90.179,73.52341666666666,25.28865671801201,test
2016-12-14 11:00:00,Hog_public_Gerard,Hog,94.745,-15.6,-22.2,1023.8,9.3,3.0,11,2,0,12,0.258819045102521,-0.9659258262890682,0.9749279121818236,-0.22252093395631434,90.988,95.853,73.47725,25.247096951066005,test
2016-12-14 12:00:00,Hog_public_Gerard,Hog,94.571,-15.0,-21.7,1023.8,10.3,4.0,12,2,0,12,1.2246467991473532e-16,-1.0,0.9749279121818236,-0.22252093395631434,94.745,94.192,73.49304166666667,25.260731889770906,test
2016-12-14 13:00:00,Hog_public_Gerard,Hog,94.548,-15.0,-22.8,1023.6,6.7,0.0,13,2,0,12,-0.2588190451025208,-0.9659258262890683,0.9749279121818236,-0.22252093395631434,94.571,97.028,73.38970833333333,25.165163964218856,test
2016-12-14 14:00:00,Hog_public_Gerard,Hog,92.671,-15.0,-23.3,1023.8,8.8,0.0,14,2,0,12,-0.4999999999999997,-0.8660254037844388,0.9749279121818236,-0.22252093395631434,94.548,102.369,72.985625,24.754109049878277,test
2016-12-14 15:00:00,Hog_public_Gerard,Hog,95.735,-15.0,-22.8,1024.4,6.7,0.0,15,2,0,12,-0.7071067811865471,-0.7071067811865479,0.9749279121818236,-0.22252093395631434,92.671,88.905,73.27020833333333,24.983281279216587,test
2016-12-14 16:00:00,Hog_public_Gerard,Hog,93.692,-15.6,-22.8,1024.8,6.7,0.0,16,2,0,12,-0.8660254037844385,-0.5000000000000004,0.9749279121818236,-0.22252093395631434,95.735,98.833,73.056,24.775752445029717,test
2016-12-14 17:00:00,Hog_public_Gerard,Hog,96.533,-16.7,-23.3,1025.6,7.7,0.0,17,2,0,12,-0.9659258262890683,-0.25881904510252063,0.9749279121818236,-0.22252093395631434,93.692,97.087,73.03291666666667,24.752636830845212,test
2016-12-14 18:00:00,Hog_public_Gerard,Hog,95.908,-17.2,-22.8,1025.9,8.8,2.0,18,2,0,12,-1.0,-1.8369701987210297e-16,0.9749279121818236,-0.22252093395631434,96.533,93.693,73.12520833333333,24.837004002582116,test
2016-12-14 19:00:00,Hog_public_Gerard,Hog,95.779,-17.2,-22.8,1026.4,8.2,2.0,19,2,0,12,-0.9659258262890684,0.2588190451025203,0.9749279121818236,-0.22252093395631434,95.908,96.092,73.11216666666667,24.824499062622582,test
2016-12-14 20:00:00,Hog_public_Gerard,Hog,92.573,-17.8,-22.8,1026.9,7.2,2.0,20,2,0,12,-0.8660254037844386,0.5000000000000001,0.9749279121818236,-0.22252093395631434,95.779,95.291,72.99891666666667,24.724919578568326,test
2016-12-14 21:00:00,Hog_public_Gerard,Hog,93.233,-17.8,-23.3,1027.3,6.7,2.0,21,2,0,12,-0.7071067811865477,0.7071067811865474,0.9749279121818236,-0.22252093395631434,92.573,94.128,72.961625,24.692319257848713,test
2016-12-14 22:00:00,Hog_public_Gerard,Hog,70.547,-18.3,-23.9,1028.1,7.7,2.0,22,2,0,12,-0.5000000000000004,0.8660254037844384,0.9749279121818236,-0.22252093395631434,93.233,73.286,72.84750000000001,24.69708405952984,test
2016-12-14 23:00:00,Hog_public_Gerard,Hog,52.237,-18.9,-23.9,1029.0,6.2,2.0,23,2,0,12,-0.25881904510252157,0.9659258262890681,0.9749279121818236,-0.22252093395631434,70.547,57.19,72.641125,24.85380762765327,test
2016-12-15 00:00:00,Hog_public_Gerard,Hog,44.761,-19.4,-24.4,1029.6,4.1,0.0,0,3,0,12,0.0,1.0,0.43388373911755823,-0.900968867902419,52.237,52.663,72.311875,25.180172056794753,test
2016-12-15 01:00:00,Hog_public_Gerard,Hog,46.076,-20.0,-24.4,1030.2,3.6,0.0,1,3,0,12,0.25881904510252074,0.9659258262890683,0.43388373911755823,-0.900968867902419,44.761,52.179,72.05758333333333,25.421987256697985,test
2016-12-15 02:00:00,Hog_public_Gerard,Hog,50.416,-20.6,-25.0,1030.7,4.1,0.0,2,3,0,12,0.49999999999999994,0.8660254037844387,0.43388373911755823,-0.900968867902419,46.076,44.723,72.29479166666667,25.181263985575395,test
2016-12-15 03:00:00,Hog_public_Gerard,Hog,47.025,-20.6,-25.0,1031.6,4.1,0.0,3,3,0,12,0.7071067811865476,0.7071067811865476,0.43388373911755823,-0.900968867902419,50.416,42.483,72.48404166666667,24.963598856490187,test
2016-12-15 04:00:00,Hog_public_Gerard,Hog,42.23,-20.6,-25.0,1031.7,2.6,0.0,4,3,0,12,0.8660254037844386,0.5000000000000001,0.43388373911755823,-0.900968867902419,47.025,41.708,72.50579166666667,24.935830780101252,test
2016-12-15 05:00:00,Hog_public_Gerard,Hog,34.986,-21.7,-25.6,1032.1,2.6,0.0,5,3,0,12,0.9659258262890683,0.25881904510252074,0.43388373911755823,-0.900968867902419,42.23,32.453,72.61133333333333,24.763701884300282,test
2016-12-15 06:00:00,Hog_public_Gerard,Hog,33.726,-22.2,-25.6,1032.2,3.1,0.0,6,3,0,12,1.0,6.123233995736766e-17,0.43388373911755823,-0.900968867902419,34.986,31.974,72.68433333333333,24.640978422603126,test
2016-12-15 07:00:00,Hog_public_Gerard,Hog,39.776,-22.2,-25.6,1032.8,3.1,0.0,7,3,0,12,0.9659258262890683,-0.25881904510252063,0.43388373911755823,-0.900968867902419,33.726,38.238,72.74841666666667,24.54932901574283,test
2016-12-15 08:00:00,Hog_public_Gerard,Hog,69.914,-22.8,-26.1,1032.8,2.1,2.0,8,3,0,12,0.8660254037844387,-0.4999999999999998,0.43388373911755823,-0.900968867902419,39.776,66.438,72.89325,24.52071784758501,test
2016-12-15 09:00:00,Hog_public_Gerard,Hog,82.52799999999998,-22.2,-25.6,1033.2,2.6,2.0,9,3,0,12,0.7071067811865476,-0.7071067811865475,0.43388373911755823,-0.900968867902419,69.914,86.76799999999999,72.71658333333333,24.43151879084763,test
2016-12-15 10:00:00,Hog_public_Gerard,Hog,89.01700000000002,-20.6,-25.0,1033.4,2.6,2.0,10,3,0,12,0.49999999999999994,-0.8660254037844387,0.43388373911755823,-0.900968867902419,82.52799999999998,90.988,72.63445833333334,24.370667140391504,test
2016-12-15 11:00:00,Hog_public_Gerard,Hog,91.405,-20.0,-24.4,1033.4,2.1,2.0,11,3,0,12,0.258819045102521,-0.9659258262890682,0.43388373911755823,-0.900968867902419,89.01700000000002,94.745,72.49529166666666,24.248145561508533,test
2016-12-15 12:00:00,Hog_public_Gerard,Hog,94.974,-18.3,-24.4,1032.3,3.1,2.0,12,3,0,12,1.2246467991473532e-16,-1.0,0.43388373911755823,-0.900968867902419,91.405,94.571,72.51208333333334,24.264231696446625,test
2016-12-15 13:00:00,Hog_public_Gerard,Hog,95.471,-17.2,-24.4,1031.2,3.1,4.0,13,3,0,12,-0.2588190451025208,-0.9659258262890683,0.43388373911755823,-0.900968867902419,94.974,94.548,72.55054166666666,24.301379769343242,test
2016-12-15 14:00:00,Hog_public_Gerard,Hog,95.003,-17.2,-23.9,1030.8,3.1,4.4,14,3,0,12,-0.4999999999999997,-0.8660254037844388,0.43388373911755823,-0.900968867902419,95.471,92.671,72.64770833333333,24.389828420665395,test
2016-12-15 15:00:00,Hog_public_Gerard,Hog,95.899,-17.8,-23.9,1030.0,2.6,4.8,15,3,0,12,-0.7071067811865471,-0.7071067811865479,0.43388373911755823,-0.900968867902419,95.003,95.735,72.65454166666667,24.39660008917711,test
2016-12-15 16:00:00,Hog_public_Gerard,Hog,96.702,-17.2,-23.9,1029.4,2.6,5.2,16,3,0,12,-0.8660254037844385,-0.5000000000000004,0.43388373911755823,-0.900968867902419,95.899,93.692,72.77995833333334,24.516890629291225,test
2016-12-15 17:00:00,Hog_public_Gerard,Hog,95.594,-17.2,-23.3,1029.2,2.6,5.6,17,3,0,12,-0.9659258262890683,-0.25881904510252063,0.43388373911755823,-0.900968867902419,96.702,96.533,72.74083333333333,24.478055008813453,test
2016-12-15 18:00:00,Hog_public_Gerard,Hog,94.422,-17.2,-23.3,1028.8,2.1,6.0,18,3,0,12,-1.0,-1.8369701987210297e-16,0.43388373911755823,-0.900968867902419,95.594,95.908,72.67891666666667,24.41871381421602,test
2016-12-15 19:00:00,Hog_public_Gerard,Hog,95.566,-16.7,-22.8,1028.2,2.1,6.333333333333333,19,3,0,12,-0.9659258262890684,0.2588190451025203,0.43388373911755823,-0.900968867902419,94.422,95.779,72.67004166666666,24.409990188408372,test
2016-12-15 20:00:00,Hog_public_Gerard,Hog,95.467,-16.7,-22.2,1027.4,2.1,6.666666666666667,20,3,0,12,-0.8660254037844386,0.5000000000000001,0.43388373911755823,-0.900968867902419,95.566,92.573,72.79062499999999,24.519486370981422,test
2016-12-15 21:00:00,Hog_public_Gerard,Hog,96.335,-16.1,-21.1,1026.6,2.1,7.0,21,3,0,12,-0.7071067811865477,0.7071067811865474,0.43388373911755823,-0.900968867902419,95.467,93.233,72.919875,24.63981034531852,test
2016-12-15 22:00:00,Hog_public_Gerard,Hog,93.666,-16.1,-20.6,1026.5,2.1,7.333333333333333,22,3,0,12,-0.5000000000000004,0.8660254037844384,0.43388373911755823,-0.900968867902419,96.335,70.547,73.88316666666667,24.992404642152906,test
2016-12-15 23:00:00,Hog_public_Gerard,Hog,87.529,-16.1,-18.9,1025.9,2.6,7.666666666666666,23,3,0,12,-0.25881904510252157,0.9659258262890681,0.43388373911755823,-0.900968867902419,93.666,52.237,75.35366666666667,24.699957767375828,test
2016-12-16 00:00:00,Hog_public_Gerard,Hog,59.611,-15.6,-18.3,1025.6,2.6,8.0,0,4,0,12,0.0,1.0,-0.433883739117558,-0.9009688679024191,87.529,44.761,75.97241666666666,24.078453183954505,test
2016-12-16 01:00:00,Hog_public_Gerard,Hog,55.153,-15.6,-17.8,1024.4,2.1,8.0,1,4,0,12,0.25881904510252074,0.9659258262890683,-0.433883739117558,-0.9009688679024191,59.611,46.076,76.350625,23.656025302534132,test
2016-12-16 02:00:00,Hog_public_Gerard,Hog,41.055,-14.4,-17.2,1023.4,3.1,8.0,2,4,0,12,0.49999999999999994,0.8660254037844387,-0.433883739117558,-0.9009688679024191,55.153,50.416,75.96058333333333,24.173735704392108,test
2016-12-16 03:00:00,Hog_public_Gerard,Hog,42.724,-13.9,-16.7,1022.6,3.6,8.0,3,4,0,12,0.7071067811865476,0.7071067811865476,-0.433883739117558,-0.9009688679024191,41.055,47.025,75.78137500000001,24.412336658217196,test
2016-12-16 04:00:00,Hog_public_Gerard,Hog,39.199,-13.9,-16.7,1021.8,3.6,8.0,4,4,0,12,0.8660254037844386,0.5000000000000001,-0.433883739117558,-0.9009688679024191,42.724,42.23,75.65508333333334,24.600568013797037,test
2016-12-16 05:00:00,Hog_public_Gerard,Hog,31.797,-13.9,-16.7,1020.7,4.1,8.0,5,4,0,12,0.9659258262890683,0.25881904510252074,-0.433883739117558,-0.9009688679024191,39.199,34.986,75.52220833333332,24.837258274755058,test
2016-12-16 06:00:00,Hog_public_Gerard,Hog,32.154,-13.9,-16.7,1021.0,2.1,8.0,6,4,0,12,1.0,6.123233995736766e-17,-0.433883739117558,-0.9009688679024191,31.797,33.726,75.45670833333334,24.954072304203383,test
2016-12-16 07:00:00,Hog_public_Gerard,Hog,37.939,-13.3,-16.1,1020.3,3.6,8.0,7,4,0,12,0.9659258262890683,-0.25881904510252063,-0.433883739117558,-0.9009688679024191,32.154,39.776,75.38016666666667,25.070818433540232,test
2016-12-16 08:00:00,Hog_public_Gerard,Hog,67.207,-13.3,-16.1,1019.8,3.1,8.0,8,4,0,12,0.8660254037844387,-0.4999999999999998,-0.433883739117558,-0.9009688679024191,37.939,69.914,75.267375,25.102548716627496,test
2016-12-16 09:00:00,Hog_public_Gerard,Hog,85.5,-12.8,-16.1,1019.8,2.6,8.0,9,4,0,12,0.7071067811865476,-0.7071067811865475,-0.433883739117558,-0.9009688679024191,67.207,82.52799999999998,75.39120833333332,25.147214215113404,test
2016-12-16 10:00:00,Hog_public_Gerard,Hog,90.965,-12.8,-15.6,1019.1,4.1,8.0,10,4,0,12,0.49999999999999994,-0.8660254037844387,-0.433883739117558,-0.9009688679024191,85.5,89.01700000000002,75.472375,25.196201818342715,test
2016-12-16 11:00:00,Hog_public_Gerard,Hog,93.378,-12.2,-15.6,1018.1,3.1,8.0,11,4,0,12,0.258819045102521,-0.9659258262890682,-0.433883739117558,-0.9009688679024191,90.965,91.405,75.55458333333333,25.25359909763483,test
2016-12-16 12:00:00,Hog_public_Gerard,Hog,94.059,-11.7,-15.6,1017.2,2.6,8.0,12,4,0,12,1.2246467991473532e-16,-1.0,-0.433883739117558,-0.9009688679024191,93.378,94.974,75.51645833333333,25.223680176579446,test
2016-12-16 13:00:00,Hog_public_Gerard,Hog,92.587,-11.7,-15.6,1015.5,1.5,8.2,13,4,0,12,-0.2588190451025208,-0.9659258262890683,-0.433883739117558,-0.9009688679024191,94.059,95.471,75.39629166666667,25.131182827366896,test
2016-12-16 14:00:00,Hog_public_Gerard,Hog,91.843,-11.7,-15.0,1014.5,2.6,8.4,14,4,0,12,-0.4999999999999997,-0.8660254037844388,-0.433883739117558,-0.9009688679024191,92.587,95.003,75.26462500000001,25.032076112568838,test
2016-12-16 15:00:00,Hog_public_Gerard,Hog,92.266,-11.1,-15.0,1013.6,3.1,8.6,15,4,0,12,-0.7071067811865471,-0.7071067811865479,-0.433883739117558,-0.9009688679024191,91.843,95.899,75.11325,24.91256935111105,test
2016-12-16 16:00:00,Hog_public_Gerard,Hog,94.497,-11.1,-14.4,1013.45,3.1,8.8,16,4,0,12,-0.8660254037844385,-0.5000000000000004,-0.433883739117558,-0.9009688679024191,92.266,96.702,75.02137499999999,24.83343085231567,test
2016-12-16 17:00:00,Hog_public_Gerard,Hog,93.322,-11.7,-13.9,1013.3,3.1,9.0,17,4,0,12,-0.9659258262890683,-0.25881904510252063,-0.433883739117558,-0.9009688679024191,94.497,95.594,74.92670833333334,24.755806095398626,test
2016-12-16 18:00:00,Hog_public_Gerard,Hog,90.14,-11.7,-13.9,1013.0,3.6,9.0,18,4,0,12,-1.0,-1.8369701987210297e-16,-0.433883739117558,-0.9009688679024191,93.322,94.422,74.74829166666666,24.6242743269447,test
2016-12-16 19:00:00,Hog_public_Gerard,Hog,88.473,-11.7,-13.9,1012.7,2.6,9.0,19,4,0,12,-0.9659258262890684,0.2588190451025203,-0.433883739117558,-0.9009688679024191,90.14,95.566,74.45275,24.405146234296485,test
2016-12-16 20:00:00,Hog_public_Gerard,Hog,88.53,-11.7,-13.3,1012.7,2.1,9.0,20,4,0,12,-0.8660254037844386,0.5000000000000001,-0.433883739117558,-0.9009688679024191,88.473,95.467,74.16370833333333,24.185534595990333,test
2016-12-16 21:00:00,Hog_public_Gerard,Hog,87.87799999999999,-11.7,-13.9,1012.6,2.6,9.0,21,4,0,12,-0.7071067811865477,0.7071067811865474,-0.433883739117558,-0.9009688679024191,88.53,96.335,73.81133333333334,23.908482678142065,test
2016-12-16 22:00:00,Hog_public_Gerard,Hog,87.171,-11.7,-13.9,1011.5,4.1,9.0,22,4,0,12,-0.5000000000000004,0.8660254037844384,-0.433883739117558,-0.9009688679024191,87.87799999999999,93.666,73.54070833333334,23.709906851593416,test
2016-12-16 23:00:00,Hog_public_Gerard,Hog,86.115,-11.7,-13.9,1011.5,3.6,8.5,23,4,0,12,-0.25881904510252157,0.9659258262890681,-0.433883739117558,-0.9009688679024191,87.171,87.529,73.48179166666667,23.67536777728062,test
2016-12-17 00:00:00,Hog_public_Gerard,Hog,64.12,-11.1,-13.9,1011.7,3.6,8.0,0,5,1,12,0.0,1.0,-0.9749279121818236,-0.2225209339563146,86.115,59.611,73.66966666666666,23.578202036528715,test
2016-12-17 01:00:00,Hog_public_Gerard,Hog,40.526,-11.1,-13.9,1011.7,5.1,8.2,1,5,1,12,0.25881904510252074,0.9659258262890683,-0.9749279121818236,-0.2225209339563146,64.12,55.153,73.06020833333334,24.256911348564266,test
2016-12-17 02:00:00,Hog_public_Gerard,Hog,35.579,-11.1,-13.9,1012.5,5.1,8.4,2,5,1,12,0.49999999999999994,0.8660254037844387,-0.9749279121818236,-0.2225209339563146,40.526,41.055,72.83204166666667,24.594455353364257,test
2016-12-17 03:00:00,Hog_public_Gerard,Hog,34.382,-11.7,-15.0,1011.8,6.2,8.6,3,5,1,12,0.7071067811865476,0.7071067811865476,-0.9749279121818236,-0.2225209339563146,35.579,42.724,72.48445833333334,25.09236708465816,test
2016-12-17 04:00:00,Hog_public_Gerard,Hog,34.7,-12.2,-15.6,1013.4,5.7,8.8,4,5,1,12,0.8660254037844386,0.5000000000000001,-0.9749279121818236,-0.2225209339563146,34.382,39.199,72.29700000000001,25.36714629457636,test
2016-12-17 05:00:00,Hog_public_Gerard,Hog,34.745,-12.8,-15.6,1012.8,6.7,9.0,5,5,1,12,0.9659258262890683,0.25881904510252074,-0.9749279121818236,-0.2225209339563146,34.7,31.797,72.41983333333333,25.168872379202533,test
2016-12-17 06:00:00,Hog_public_Gerard,Hog,34.397,-13.9,-16.7,1012.2,6.2,8.0,6,5,1,12,1.0,6.123233995736766e-17,-0.9749279121818236,-0.2225209339563146,34.745,32.154,72.51329166666666,25.016558030509415,test
2016-12-17 07:00:00,Hog_public_Gerard,Hog,34.938,-13.9,-17.2,1015.3,7.7,7.333333333333333,7,5,1,12,0.9659258262890683,-0.25881904510252063,-0.9749279121818236,-0.2225209339563146,34.397,37.939,72.38825,25.203686488893627,test
2016-12-17 08:00:00,Hog_public_Gerard,Hog,34.224000000000004,-15.0,-18.3,1016.0,6.7,6.666666666666667,8,5,1,12,0.8660254037844387,-0.4999999999999998,-0.9749279121818236,-0.2225209339563146,34.938,67.207,71.01395833333333,26.37071008174759,test
2016-12-17 09:00:00,Hog_public_Gerard,Hog,35.25199999999999,-15.0,-18.9,1016.9,6.7,6.0,9,5,1,12,0.7071067811865476,-0.7071067811865475,-0.9749279121818236,-0.2225209339563146,34.224000000000004,85.5,68.92029166666667,27.153668783232533,test
2016-12-17 10:00:00,Hog_public_Gerard,Hog,61.098,-15.0,-18.9,1018.7,7.2,5.333333333333334,10,5,1,12,0.49999999999999994,-0.8660254037844387,-0.9749279121818236,-0.2225209339563146,35.25199999999999,90.965,67.67583333333333,26.781280449089017,test
2016-12-17 11:00:00,Hog_public_Gerard,Hog,88.257,-15.0,-19.4,1018.6,5.7,4.666666666666667,11,5,1,12,0.258819045102521,-0.9659258262890682,-0.9749279121818236,-0.2225209339563146,61.098,93.378,67.46245833333333,26.58729751784751,test
2016-12-17 12:00:00,Hog_public_Gerard,Hog,90.355,-14.4,-19.4,1018.5,7.2,4.0,12,5,1,12,1.2246467991473532e-16,-1.0,-0.9749279121818236,-0.2225209339563146,88.257,94.059,67.308125,26.436520966454466,test
2016-12-17 13:00:00,Hog_public_Gerard,Hog,90.653,-15.0,-20.0,1019.0,6.7,4.0,13,5,1,12,-0.2588190451025208,-0.9659258262890683,-0.9749279121818236,-0.2225209339563146,90.355,92.587,67.22754166666667,26.35894993451686,test
2016-12-17 14:00:00,Hog_public_Gerard,Hog,90.776,-15.6,-20.6,1019.3,6.7,4.0,14,5,1,12,-0.4999999999999997,-0.8660254037844388,-0.9749279121818236,-0.2225209339563146,90.653,91.843,67.18308333333333,26.316492780262863,test
2016-12-17 15:00:00,Hog_public_Gerard,Hog,91.019,-15.6,-21.1,1019.4,7.2,4.0,15,5,1,12,-0.7071067811865471,-0.7071067811865479,-0.9749279121818236,-0.2225209339563146,90.776,92.266,67.13112500000001,26.265999384743612,test
2016-12-17 16:00:00,Hog_public_Gerard,Hog,90.475,-16.1,-21.7,1020.1,6.2,4.0,16,5,1,12,-0.8660254037844385,-0.5000000000000004,-0.9749279121818236,-0.2225209339563146,91.019,94.497,66.96354166666667,26.096088337525448,test
2016-12-17 17:00:00,Hog_public_Gerard,Hog,91.77,-16.7,-22.2,1021.2,5.7,4.0,17,5,1,12,-0.9659258262890683,-0.25881904510252063,-0.9749279121818236,-0.2225209339563146,90.475,93.322,66.89887499999999,26.02977032805948,test
2016-12-17 18:00:00,Hog_public_Gerard,Hog,93.089,-17.8,-23.3,1022.4,4.6,4.0,18,5,1,12,-1.0,-1.8369701987210297e-16,-0.9749279121818236,-0.2225209339563146,91.77,90.14,67.02175,26.15092989825567,test
2016-12-17 19:00:00,Hog_public_Gerard,Hog,89.09299999999998,-18.3,-23.9,1022.8,6.2,2.0,19,5,1,12,-0.9659258262890684,0.2588190451025203,-0.9749279121818236,-0.2225209339563146,93.089,88.473,67.04758333333334,26.173338598353514,test
2016-12-17 20:00:00,Hog_public_Gerard,Hog,90.218,-20.0,-25.0,1024.0,6.2,0.0,20,5,1,12,-0.8660254037844386,0.5000000000000001,-0.9749279121818236,-0.2225209339563146,89.09299999999998,88.53,67.11791666666666,26.235769880263643,test
2016-12-17 21:00:00,Hog_public_Gerard,Hog,88.584,-21.1,-26.1,1025.0,4.6,0.0,21,5,1,12,-0.7071067811865477,0.7071067811865474,-0.9749279121818236,-0.2225209339563146,90.218,87.87799999999999,67.14733333333334,26.26044321733772,test
2016-12-17 22:00:00,Hog_public_Gerard,Hog,86.79700000000004,-22.2,-26.7,1026.0,6.2,0.0,22,5,1,12,-0.5000000000000004,0.8660254037844384,-0.9749279121818236,-0.2225209339563146,88.584,87.171,67.13175,26.248152347811402,test
2016-12-17 23:00:00,Hog_public_Gerard,Hog,83.11,-22.8,-27.2,1026.4,4.6,0.0,23,5,1,12,-0.25881904510252157,0.9659258262890681,-0.9749279121818236,-0.2225209339563146,86.79700000000004,86.115,67.00654166666666,26.16068322798,test
2016-12-18 00:00:00,Hog_public_Gerard,Hog,61.355,-23.9,-27.8,1027.2,4.1,0.0,0,6,1,12,0.0,1.0,-0.7818314824680299,0.6234898018587334,83.11,64.12,66.89133333333334,26.180029087350093,test
2016-12-18 01:00:00,Hog_public_Gerard,Hog,43.287,-24.4,-28.3,1028.0,4.6,0.0,1,6,1,12,0.25881904510252074,0.9659258262890683,-0.7818314824680299,0.6234898018587334,61.355,40.526,67.006375,26.06494926944003,test
2016-12-18 02:00:00,Hog_public_Gerard,Hog,40.207,-25.6,-28.9,1029.2,4.6,0.0,2,6,1,12,0.49999999999999994,0.8660254037844387,-0.7818314824680299,0.6234898018587334,43.287,35.579,67.19920833333333,25.83847023836864,test
2016-12-18 03:00:00,Hog_public_Gerard,Hog,40.011,-26.7,-29.4,1030.5,3.6,0.0,3,6,1,12,0.7071067811865476,0.7071067811865476,-0.7818314824680299,0.6234898018587334,40.207,34.382,67.43374999999999,25.55158447609726,test
2016-12-18 04:00:00,Hog_public_Gerard,Hog,39.687,-27.2,-30.0,1031.2,3.6,0.0,4,6,1,12,0.8660254037844386,0.5000000000000001,-0.7818314824680299,0.6234898018587334,40.011,34.7,67.64154166666667,25.292778898985677,test
2016-12-18 05:00:00,Hog_public_Gerard,Hog,40.228,-27.8,-30.0,1031.6,2.6,0.0,5,6,1,12,0.9659258262890683,0.25881904510252074,-0.7818314824680299,0.6234898018587334,39.687,34.745,67.87,25.005855364728944,test
2016-12-18 06:00:00,Hog_public_Gerard,Hog,39.592,-27.2,-30.6,1031.8,3.1,0.0,6,6,1,12,1.0,6.123233995736766e-17,-0.7818314824680299,0.6234898018587334,40.228,34.397,68.08645833333334,24.724405749185692,test
2016-12-18 07:00:00,Hog_public_Gerard,Hog,40.19300000000001,-27.8,-30.6,1032.9,1.5,0.0,7,6,1,12,0.9659258262890683,-0.25881904510252063,-0.7818314824680299,0.6234898018587334,39.592,34.938,68.30541666666666,24.43971074851375,test
2016-12-18 08:00:00,Hog_public_Gerard,Hog,39.859,-28.3,-31.1,1033.6,2.6,0.0,8,6,1,12,0.8660254037844387,-0.4999999999999998,-0.7818314824680299,0.6234898018587334,40.19300000000001,34.224000000000004,68.54020833333334,24.123072323939557,test
2016-12-18 09:00:00,Hog_public_Gerard,Hog,38.634,-28.9,-31.7,1034.7,2.1,2.0,9,6,1,12,0.7071067811865476,-0.7071067811865475,-0.7818314824680299,0.6234898018587334,39.859,35.25199999999999,68.68112500000001,23.929261807165588,test
2016-12-18 10:00:00,Hog_public_Gerard,Hog,37.286,-27.8,-31.1,1035.7,3.1,2.0,10,6,1,12,0.49999999999999994,-0.8660254037844387,-0.7818314824680299,0.6234898018587334,38.634,61.098,67.68895833333333,24.737354908473087,test
2016-12-18 11:00:00,Hog_public_Gerard,Hog,37.412,-25.6,-29.4,1035.8,3.6,0.0,11,6,1,12,0.258819045102521,-0.9659258262890682,-0.7818314824680299,0.6234898018587334,37.286,88.257,65.57041666666667,25.07421797110176,test
2016-12-18 12:00:00,Hog_public_Gerard,Hog,68.62899999999999,-23.9,-28.3,1035.3,2.1,0.0,12,6,1,12,1.2246467991473532e-16,-1.0,-0.7818314824680299,0.6234898018587334,37.412,90.355,64.66516666666666,24.526728328351446,test
2016-12-18 13:00:00,Hog_public_Gerard,Hog,86.162,-22.8,-28.3,1035.1,3.6,0.0,13,6,1,12,-0.2588190451025208,-0.9659258262890683,-0.7818314824680299,0.6234898018587334,68.62899999999999,90.653,64.47804166666667,24.336227460273953,test
2016-12-18 14:00:00,Hog_public_Gerard,Hog,87.12,-22.2,-28.3,1035.1,2.6,2.0,14,6,1,12,-0.4999999999999997,-0.8660254037844388,-0.7818314824680299,0.6234898018587334,86.162,90.776,64.32570833333334,24.175368325918928,test
2016-12-18 15:00:00,Hog_public_Gerard,Hog,89.58200000000002,-21.1,-27.8,1035.0,3.6,2.6666666666666665,15,6,1,12,-0.7071067811865471,-0.7071067811865479,-0.7818314824680299,0.6234898018587334,87.12,91.019,64.26583333333333,24.1080686324809,test
2016-12-18 16:00:00,Hog_public_Gerard,Hog,91.375,-21.1,-28.3,1034.8,2.6,3.333333333333333,16,6,1,12,-0.8660254037844385,-0.5000000000000004,-0.7818314824680299,0.6234898018587334,89.58200000000002,90.475,64.30333333333334,24.15127067800621,test
2016-12-18 17:00:00,Hog_public_Gerard,Hog,93.235,-22.8,-28.3,1034.6,2.6,4.0,17,6,1,12,-0.9659258262890683,-0.25881904510252063,-0.7818314824680299,0.6234898018587334,91.375,91.77,64.36437500000001,24.225447692390393,test
2016-12-18 18:00:00,Hog_public_Gerard,Hog,94.166,-23.3,-28.3,1034.3,3.6,2.0,18,6,1,12,-1.0,-1.8369701987210297e-16,-0.7818314824680299,0.6234898018587334,93.235,93.089,64.40925,24.28190210522705,test
2016-12-18 19:00:00,Hog_public_Gerard,Hog,92.63,-23.3,-27.8,1034.0,3.6,0.0,19,6,1,12,-0.9659258262890684,0.2588190451025203,-0.7818314824680299,0.6234898018587334,94.166,89.09299999999998,64.55662500000001,24.44839254751961,test
2016-12-18 20:00:00,Hog_public_Gerard,Hog,94.522,-21.7,-26.1,1034.0,4.1,0.0,20,6,1,12,-0.8660254037844386,0.5000000000000001,-0.7818314824680299,0.6234898018587334,92.63,90.218,64.73595833333333,24.65967958725373,test
2016-12-18 21:00:00,Hog_public_Gerard,Hog,95.08,-22.8,-26.1,1033.7,2.6,0.0,21,6,1,12,-0.7071067811865477,0.7071067811865474,-0.7818314824680299,0.6234898018587334,94.522,88.584,65.006625,24.966559253133404,test
2016-12-18 22:00:00,Hog_public_Gerard,Hog,91.973,-18.9,-23.3,1033.2,3.1,0.0,22,6,1,12,-0.5000000000000004,0.8660254037844384,-0.7818314824680299,0.6234898018587334,95.08,86.79700000000004,65.22229166666666,25.18437879265846,test
2016-12-18 23:00:00,Hog_public_Gerard,Hog,87.346,-17.8,-22.2,1032.8,3.1,0.0,23,6,1,12,-0.25881904510252157,0.9659258262890681,-0.7818314824680299,0.6234898018587334,91.973,83.11,65.39879166666667,25.32961680820233,test
2016-12-19 00:00:00,Hog_public_Gerard,Hog,67.166,-16.7,-21.1,1032.1,3.1,0.0,0,0,0,12,0.0,1.0,0.0,1.0,87.346,61.355,65.64091666666667,25.317052168735927,test
2016-12-19 01:00:00,Hog_public_Gerard,Hog,50.203,-16.1,-20.6,1031.4,4.6,0.0,1,0,0,12,0.25881904510252074,0.9659258262890683,0.0,1.0,67.166,43.287,65.92908333333334,25.089891193062474,test
2016-12-19 02:00:00,Hog_public_Gerard,Hog,44.485,-15.6,-20.0,1031.0,3.6,0.0,2,0,0,12,0.49999999999999994,0.8660254037844387,0.0,1.0,50.203,40.207,66.10733333333333,24.91378290384088,test
2016-12-19 03:00:00,Hog_public_Gerard,Hog,40.61,-15.0,-20.0,1030.4,4.6,0.0,3,0,0,12,0.7071067811865476,0.7071067811865476,0.0,1.0,44.485,40.011,66.13229166666667,24.88678866470462,test
2016-12-19 04:00:00,Hog_public_Gerard,Hog,47.494,-14.4,-19.4,1029.8,4.1,0.0,4,0,0,12,0.8660254037844386,0.5000000000000001,0.0,1.0,40.61,39.687,66.45758333333333,24.575168329587083,test
2016-12-19 05:00:00,Hog_public_Gerard,Hog,42.166,-13.9,-19.4,1029.3,3.6,2.0,5,0,0,12,0.9659258262890683,0.25881904510252074,0.0,1.0,47.494,40.228,66.53833333333333,24.48826529028833,test
2016-12-19 06:00:00,Hog_public_Gerard,Hog,33.018,-13.3,-18.3,1028.7,5.7,6.0,6,0,0,12,1.0,6.123233995736766e-17,0.0,1.0,42.166,39.592,66.26441666666666,24.83706494582627,test
2016-12-19 07:00:00,Hog_public_Gerard,Hog,39.13,-12.8,-18.3,1028.2,5.7,5.5,7,0,0,12,0.9659258262890683,-0.25881904510252063,0.0,1.0,33.018,40.19300000000001,66.22012500000001,24.886477912648527,test
2016-12-19 08:00:00,Hog_public_Gerard,Hog,66.581,-11.7,-17.8,1027.5,3.6,5.0,8,0,0,12,0.8660254037844387,-0.4999999999999998,0.0,1.0,39.13,39.859,67.33354166666666,24.245317437607746,test
2016-12-19 09:00:00,Hog_public_Gerard,Hog,89.41799999999998,-10.6,-17.2,1027.1,4.6,4.5,9,0,0,12,0.7071067811865476,-0.7071067811865475,0.0,1.0,66.581,38.634,69.44954166666666,23.844437205569907,test
2016-12-19 10:00:00,Hog_public_Gerard,Hog,89.816,-9.4,-16.7,1027.0,3.6,4.0,10,0,0,12,0.49999999999999994,-0.8660254037844387,0.0,1.0,89.41799999999998,37.286,71.63829166666666,23.164946761787597,test
2016-12-19 11:00:00,Hog_public_Gerard,Hog,92.849,-8.9,-16.7,1026.9,6.7,4.0,11,0,0,12,0.258819045102521,-0.9659258262890682,0.0,1.0,89.816,37.412,73.94816666666667,22.353427916612546,test
2016-12-19 12:00:00,Hog_public_Gerard,Hog,92.999,-7.8,-15.6,1025.6,7.7,2.0,12,0,0,12,1.2246467991473532e-16,-1.0,0.0,1.0,92.849,68.62899999999999,74.96358333333333,22.652801941897724,test
2016-12-19 13:00:00,Hog_public_Gerard,Hog,96.253,-7.2,-15.0,1024.1,5.7,2.0,13,0,0,12,-0.2588190451025208,-0.9659258262890683,0.0,1.0,92.999,86.162,75.38404166666668,22.9612423017935,test
2016-12-19 14:00:00,Hog_public_Gerard,Hog,97.765,-6.7,-13.9,1023.9,7.2,2.0,14,0,0,12,-0.4999999999999997,-0.8660254037844388,0.0,1.0,96.253,87.12,75.82758333333334,23.298145085554363,test
2016-12-19 15:00:00,Hog_public_Gerard,Hog,99.211,-6.7,-13.3,1023.0,4.6,4.0,15,0,0,12,-0.7071067811865471,-0.7071067811865479,0.0,1.0,97.765,89.58200000000002,76.22879166666667,23.625905958206538,test
2016-12-19 16:00:00,Hog_public_Gerard,Hog,97.907,-7.2,-13.3,1023.1,3.6,5.333333333333333,16,0,0,12,-0.8660254037844385,-0.5000000000000004,0.0,1.0,99.211,91.375,76.50095833333334,23.844585786840987,test
2016-12-19 17:00:00,Hog_public_Gerard,Hog,95.052,-7.2,-12.8,1022.1,4.1,6.666666666666666,17,0,0,12,-0.9659258262890683,-0.25881904510252063,0.0,1.0,97.907,93.235,76.57666666666667,23.902841085758386,test
2016-12-19 18:00:00,Hog_public_Gerard,Hog,94.839,-6.7,-12.2,1021.5,3.6,8.0,18,0,0,12,-1.0,-1.8369701987210297e-16,0.0,1.0,95.052,94.166,76.60470833333333,23.924757937949913,test
2016-12-19 19:00:00,Hog_public_Gerard,Hog,93.865,-5.6,-11.7,1020.3,5.1,8.0,19,0,0,12,-0.9659258262890684,0.2588190451025203,0.0,1.0,94.839,92.63,76.65616666666666,23.96202350399068,test
2016-12-19 20:00:00,Hog_public_Gerard,Hog,95.955,-4.4,-10.6,1019.4,5.1,8.0,20,0,0,12,-0.8660254037844386,0.5000000000000001,0.0,1.0,93.865,94.522,76.715875,24.01021388151039,test
2016-12-19 21:00:00,Hog_public_Gerard,Hog,96.095,-4.4,-9.4,1019.2,4.6,8.0,21,0,0,12,-0.7071067811865477,0.7071067811865474,0.0,1.0,95.955,95.08,76.75816666666667,24.044835834724367,test
2016-12-19 22:00:00,Hog_public_Gerard,Hog,92.626,-3.9,-8.9,1018.1,5.1,8.0,22,0,0,12,-0.5000000000000004,0.8660254037844384,0.0,1.0,96.095,91.973,76.785375,24.06316345138453,test
2016-12-19 23:00:00,Hog_public_Gerard,Hog,88.758,-3.9,-8.9,1016.7,7.2,8.0,23,0,0,12,-0.25881904510252157,0.9659258262890681,0.0,1.0,92.626,87.346,76.84420833333334,24.09181539530949,test
2016-12-20 00:00:00,Hog_public_Gerard,Hog,68.432,-3.9,-8.9,1016.0,6.2,8.0,0,1,0,12,0.0,1.0,0.7818314824680298,0.6234898018587336,88.758,67.166,76.89695833333333,24.07108028406019,test
2016-12-20 01:00:00,Hog_public_Gerard,Hog,50.94600000000001,-3.9,-8.3,1014.4,8.2,6.666666666666667,1,1,0,12,0.25881904510252074,0.9659258262890683,0.7818314824680298,0.6234898018587336,68.432,50.203,76.92791666666666,24.035707733570646,test
2016-12-20 02:00:00,Hog_public_Gerard,Hog,49.447,-3.3,-7.8,1014.4,6.7,5.333333333333334,2,1,0,12,0.49999999999999994,0.8660254037844387,0.7818314824680298,0.6234898018587336,50.94600000000001,44.485,77.13466666666666,23.764316242904155,test
2016-12-20 03:00:00,Hog_public_Gerard,Hog,51.737,-3.3,-7.8,1013.5,5.1,4.0,3,1,0,12,0.7071067811865476,0.7071067811865476,0.7818314824680298,0.6234898018587336,49.447,40.61,77.59829166666667,23.120585737050003,test
2016-12-20 04:00:00,Hog_public_Gerard,Hog,57.653,-2.8,-7.2,1013.0,5.7,2.666666666666667,4,1,0,12,0.8660254037844386,0.5000000000000001,0.7818314824680298,0.6234898018587336,51.737,47.494,78.02158333333334,22.633334605931637,test
2016-12-20 05:00:00,Hog_public_Gerard,Hog,35.95,-1.7,-6.7,1013.0,6.2,1.333333333333334,5,1,0,12,0.9659258262890683,0.25881904510252074,0.7818314824680298,0.6234898018587336,57.653,42.166,77.76258333333334,23.092390557171257,test
2016-12-20 06:00:00,Hog_public_Gerard,Hog,33.199,-1.1,-6.1,1013.3,7.2,0.0,6,1,0,12,1.0,6.123233995736766e-17,0.7818314824680298,0.6234898018587336,35.95,33.018,77.77012500000001,23.07716676399565,test
2016-12-20 07:00:00,Hog_public_Gerard,Hog,39.956,-0.6,-5.6,1013.8,5.7,0.0,7,1,0,12,0.9659258262890683,-0.25881904510252063,0.7818314824680298,0.6234898018587336,33.199,39.13,77.80454166666667,23.01757339603094,test
2016-12-20 08:00:00,Hog_public_Gerard,Hog,69.851,0.0,-5.0,1013.9,5.1,0.0,8,1,0,12,0.8660254037844387,-0.4999999999999998,0.7818314824680298,0.6234898018587336,39.956,66.581,77.94079166666667,22.957849047063583,test
2016-12-20 09:00:00,Hog_public_Gerard,Hog,88.904,0.6,-5.0,1014.3,7.2,0.0,9,1,0,12,0.7071067811865476,-0.7071067811865475,0.7818314824680298,0.6234898018587336,69.851,89.41799999999998,77.91937499999999,22.94691394769307,test
2016-12-20 10:00:00,Hog_public_Gerard,Hog,90.163,1.7,-5.0,1015.0,11.3,0.0,10,1,0,12,0.49999999999999994,-0.8660254037844387,0.7818314824680298,0.6234898018587336,88.904,89.816,77.93383333333333,22.95484359547584,test
2016-12-20 11:00:00,Hog_public_Gerard,Hog,92.736,2.8,-5.6,1015.2,7.7,0.0,11,1,0,12,0.258819045102521,-0.9659258262890682,0.7818314824680298,0.6234898018587336,90.163,92.849,77.929125,22.95166265894014,test
2016-12-20 12:00:00,Hog_public_Gerard,Hog,97.985,2.8,-5.6,1015.3,5.7,0.0,12,1,0,12,1.2246467991473532e-16,-1.0,0.7818314824680298,0.6234898018587336,92.736,92.999,78.13687499999999,23.115977892795755,test
2016-12-20 13:00:00,Hog_public_Gerard,Hog,95.97,2.2,-5.6,1015.5,7.7,0.3333333333333333,13,1,0,12,-0.2588190451025208,-0.9659258262890683,0.7818314824680298,0.6234898018587336,97.985,96.253,78.12508333333334,23.106405102814392,test
2016-12-20 14:00:00,Hog_public_Gerard,Hog,93.174,2.2,-5.6,1015.7,6.2,0.6666666666666666,14,1,0,12,-0.4999999999999997,-0.8660254037844388,0.7818314824680298,0.6234898018587336,95.97,97.765,77.93379166666666,22.9552516980305,test
2016-12-20 15:00:00,Hog_public_Gerard,Hog,95.182,1.1,-6.1,1015.8,6.2,1.0,15,1,0,12,-0.7071067811865471,-0.7071067811865479,0.7818314824680298,0.6234898018587336,93.174,99.211,77.76591666666666,22.80713759352869,test
2016-12-20 16:00:00,Hog_public_Gerard,Hog,90.717,0.6,-6.1,1016.7,4.6,1.3333333333333333,16,1,0,12,-0.8660254037844385,-0.5000000000000004,0.7818314824680298,0.6234898018587336,95.182,97.907,77.46633333333334,22.57713387029244,test
2016-12-20 17:00:00,Hog_public_Gerard,Hog,91.665,-0.6,-6.7,1017.3,3.1,1.6666666666666665,17,1,0,12,-0.9659258262890683,-0.25881904510252063,0.7818314824680298,0.6234898018587336,90.717,95.052,77.32520833333334,22.472774707224545,test
2016-12-20 18:00:00,Hog_public_Gerard,Hog,89.73100000000002,-1.1,-6.7,1017.5,4.1,2.0,18,1,0,12,-1.0,-1.8369701987210297e-16,0.7818314824680298,0.6234898018587336,91.665,94.839,77.112375,22.323386533667477,test
2016-12-20 19:00:00,Hog_public_Gerard,Hog,87.868,-1.1,-6.7,1017.7,3.1,3.0,19,1,0,12,-0.9659258262890684,0.2588190451025203,0.7818314824680298,0.6234898018587336,89.73100000000002,93.865,76.8625,22.160684938794795,test
2016-12-20 20:00:00,Hog_public_Gerard,Hog,91.062,-2.2,-6.7,1017.8,2.1,4.0,20,1,0,12,-0.8660254037844386,0.5000000000000001,0.7818314824680298,0.6234898018587336,87.868,95.955,76.658625,21.99931984484689,test
2016-12-20 21:00:00,Hog_public_Gerard,Hog,90.603,-2.2,-6.7,1017.8,3.6,5.0,21,1,0,12,-0.7071067811865477,0.7071067811865474,0.7818314824680298,0.6234898018587336,91.062,96.095,76.42979166666667,21.816156619587396,test
2016-12-20 22:00:00,Hog_public_Gerard,Hog,90.344,-2.8,-7.2,1018.2,3.1,6.0,22,1,0,12,-0.5000000000000004,0.8660254037844384,0.7818314824680298,0.6234898018587336,90.603,92.626,76.33470833333332,21.747362569684707,test
2016-12-20 23:00:00,Hog_public_Gerard,Hog,86.12700000000002,-3.3,-7.2,1018.1,1.5,7.0,23,1,0,12,-0.25881904510252157,0.9659258262890681,0.7818314824680298,0.6234898018587336,90.344,88.758,76.22508333333333,21.688567703659835,test
2016-12-21 00:00:00,Hog_public_Gerard,Hog,65.074,-4.4,-8.3,1018.0,0.0,8.0,0,2,0,12,0.0,1.0,0.9749279121818236,-0.22252093395631434,86.12700000000002,68.432,76.08516666666667,21.751767503727976,test
2016-12-21 01:00:00,Hog_public_Gerard,Hog,53.558,-5.0,-8.3,1017.3,1.5,8.0,1,2,0,12,0.25881904510252074,0.9659258262890683,0.9749279121818236,-0.22252093395631434,65.074,50.94600000000001,76.194,21.626691664418548,test
2016-12-21 02:00:00,Hog_public_Gerard,Hog,57.67,-5.0,-7.8,1016.1,1.5,8.0,2,2,0,12,0.49999999999999994,0.8660254037844387,0.9749279121818236,-0.22252093395631434,53.558,49.447,76.536625,21.246315676130468,test
2016-12-21 03:00:00,Hog_public_Gerard,Hog,47.496,-3.3,-7.2,1015.4,3.6,8.0,3,2,0,12,0.7071067811865476,0.7071067811865476,0.9749279121818236,-0.22252093395631434,57.67,51.737,76.35991666666668,21.477919365097446,test
2016-12-21 04:00:00,Hog_public_Gerard,Hog,46.353,-3.3,-7.2,1014.7,2.1,8.0,4,2,0,12,0.8660254037844386,0.5000000000000001,0.9749279121818236,-0.22252093395631434,47.496,57.653,75.88908333333333,22.0227840180528,test
2016-12-21 05:00:00,Hog_public_Gerard,Hog,37.36,-2.2,-6.7,1014.3,3.1,8.0,5,2,0,12,0.9659258262890683,0.25881904510252074,0.9749279121818236,-0.22252093395631434,46.353,35.95,75.94783333333334,21.913214608832686,test
2016-12-21 06:00:00,Hog_public_Gerard,Hog,33.916,-1.1,-6.1,1012.7,4.6,8.0,6,2,0,12,1.0,6.123233995736766e-17,0.9749279121818236,-0.22252093395631434,37.36,33.199,75.97770833333333,21.852805267097203,test
2016-12-21 07:00:00,Hog_public_Gerard,Hog,40.653,0.0,-5.0,1011.7,2.1,7.333333333333333,7,2,0,12,0.9659258262890683,-0.25881904510252063,0.9749279121818236,-0.22252093395631434,33.916,39.956,76.00675,21.80325919045342,test
2016-12-21 08:00:00,Hog_public_Gerard,Hog,68.673,0.6,-5.0,1011.0,5.7,6.666666666666667,8,2,0,12,0.8660254037844387,-0.4999999999999998,0.9749279121818236,-0.22252093395631434,40.653,69.851,75.95766666666667,21.81903972235721,test
2016-12-21 09:00:00,Hog_public_Gerard,Hog,84.33200000000002,0.6,-5.0,1010.2,4.6,6.0,9,2,0,12,0.7071067811865476,-0.7071067811865475,0.9749279121818236,-0.22252093395631434,68.673,88.904,75.76716666666668,21.720829831747103,test
2016-12-21 10:00:00,Hog_public_Gerard,Hog,87.54,2.2,-4.4,1009.9,6.2,5.333333333333334,10,2,0,12,0.49999999999999994,-0.8660254037844387,0.9749279121818236,-0.22252093395631434,84.33200000000002,90.163,75.657875,21.651734775989368,test
2016-12-21 11:00:00,Hog_public_Gerard,Hog,91.65,2.8,-3.9,1009.6,5.7,4.666666666666667,11,2,0,12,0.258819045102521,-0.9659258262890682,0.9749279121818236,-0.22252093395631434,87.54,92.736,75.612625,21.615596019727242,test
2016-12-21 12:00:00,Hog_public_Gerard,Hog,93.598,3.3,-2.8,1009.1,4.1,4.0,12,2,0,12,1.2246467991473532e-16,-1.0,0.9749279121818236,-0.22252093395631434,91.65,97.985,75.42983333333335,21.435981984112438,test
2016-12-21 13:00:00,Hog_public_Gerard,Hog,93.423,4.4,-2.8,1008.3,5.1,4.666666666666667,13,2,0,12,-0.2588190451025208,-0.9659258262890683,0.9749279121818236,-0.22252093395631434,93.598,95.97,75.32370833333334,21.33594206045022,test
2016-12-21 14:00:00,Hog_public_Gerard,Hog,91.285,4.4,-3.3,1008.3,7.7,5.333333333333333,14,2,0,12,-0.4999999999999997,-0.8660254037844388,0.9749279121818236,-0.22252093395631434,93.423,93.174,75.245,21.270613512952462,test
2016-12-21 15:00:00,Hog_public_Gerard,Hog,92.31,3.9,-2.2,1008.9,7.2,6.0,15,2,0,12,-0.7071067811865471,-0.7071067811865479,0.9749279121818236,-0.22252093395631434,91.285,95.182,75.12533333333333,21.161371241972585,test
2016-12-21 16:00:00,Hog_public_Gerard,Hog,95.61,3.3,-2.2,1010.0,6.7,6.666666666666666,16,2,0,12,-0.8660254037844385,-0.5000000000000004,0.9749279121818236,-0.22252093395631434,92.31,90.717,75.32920833333334,21.34092566954338,test
2016-12-21 17:00:00,Hog_public_Gerard,Hog,92.54,2.8,-1.7,1011.2,6.2,7.333333333333333,17,2,0,12,-0.9659258262890683,-0.25881904510252063,0.9749279121818236,-0.22252093395631434,95.61,91.665,75.36566666666667,21.37077326970019,test
2016-12-21 18:00:00,Hog_public_Gerard,Hog,89.946,2.8,-1.1,1012.9,8.8,8.0,18,2,0,12,-1.0,-1.8369701987210297e-16,0.9749279121818236,-0.22252093395631434,92.54,89.73100000000002,75.374625,21.377100960185437,test
2016-12-21 19:00:00,Hog_public_Gerard,Hog,87.499,2.8,-1.1,1014.4,6.7,4.0,19,2,0,12,-0.9659258262890684,0.2588190451025203,0.9749279121818236,-0.22252093395631434,89.946,87.868,75.35925,21.36785540143246,test
2016-12-21 20:00:00,Hog_public_Gerard,Hog,88.573,2.8,-1.7,1016.4,7.7,4.0,20,2,0,12,-0.8660254037844386,0.5000000000000001,0.9749279121818236,-0.22252093395631434,87.499,91.062,75.25554166666667,21.294242255022468,test
2016-12-21 21:00:00,Hog_public_Gerard,Hog,85.348,2.2,-2.8,1018.2,9.8,4.0,21,2,0,12,-0.7071067811865477,0.7071067811865474,0.9749279121818236,-0.22252093395631434,88.573,90.603,75.03658333333333,21.156139961715958,test
2016-12-21 22:00:00,Hog_public_Gerard,Hog,65.921,0.6,-3.3,1019.5,7.7,2.0,22,2,0,12,-0.5000000000000004,0.8660254037844384,0.9749279121818236,-0.22252093395631434,85.348,90.344,74.01895833333334,20.97443095041783,test
2016-12-21 23:00:00,Hog_public_Gerard,Hog,61.608,-0.6,-3.9,1020.7,5.1,2.0,23,2,0,12,-0.25881904510252157,0.9659258262890681,0.9749279121818236,-0.22252093395631434,65.921,86.12700000000002,72.99733333333333,20.956158506804712,test
2016-12-22 00:00:00,Hog_public_Gerard,Hog,54.934,-1.7,-4.4,1021.2,3.6,2.0,0,3,0,12,0.0,1.0,0.43388373911755823,-0.900968867902419,61.608,65.074,72.57483333333333,21.22336077075923,test
2016-12-22 01:00:00,Hog_public_Gerard,Hog,45.298,-2.2,-4.4,1021.9,3.1,2.0,1,3,0,12,0.25881904510252074,0.9659258262890683,0.43388373911755823,-0.900968867902419,54.934,53.558,72.23066666666666,21.608630366565237,test
2016-12-22 02:00:00,Hog_public_Gerard,Hog,55.589,-2.8,-5.6,1022.7,2.6,0.0,2,3,0,12,0.49999999999999994,0.8660254037844387,0.43388373911755823,-0.900968867902419,45.298,57.67,72.14395833333333,21.673675137242295,test
2016-12-22 03:00:00,Hog_public_Gerard,Hog,47.286,-3.3,-6.1,1023.7,2.1,0.0,3,3,0,12,0.7071067811865476,0.7071067811865476,0.43388373911755823,-0.900968867902419,55.589,47.496,72.13520833333332,21.684098427347372,test
2016-12-22 04:00:00,Hog_public_Gerard,Hog,37.628,-4.4,-6.7,1024.2,2.6,0.0,4,3,0,12,0.8660254037844386,0.5000000000000001,0.43388373911755823,-0.900968867902419,47.286,46.353,71.77166666666668,22.20209168106684,test
2016-12-22 05:00:00,Hog_public_Gerard,Hog,32.375,-5.0,-7.2,1024.4,3.1,0.0,5,3,0,12,0.9659258262890683,0.25881904510252074,0.43388373911755823,-0.900968867902419,37.628,37.36,71.56395833333333,22.558479790900225,test
2016-12-22 06:00:00,Hog_public_Gerard,Hog,33.017,-5.6,-7.8,1024.7,3.1,0.0,6,3,0,12,1.0,6.123233995736766e-17,0.43388373911755823,-0.900968867902419,32.375,33.916,71.5265,22.62436239409047,test
2016-12-22 07:00:00,Hog_public_Gerard,Hog,38.626,-6.1,-8.9,1024.8,1.5,0.0,7,3,0,12,0.9659258262890683,-0.25881904510252063,0.43388373911755823,-0.900968867902419,33.017,40.653,71.44204166666667,22.74807158282485,test
2016-12-22 08:00:00,Hog_public_Gerard,Hog,65.898,-6.1,-9.4,1024.9,3.1,0.0,8,3,0,12,0.8660254037844387,-0.4999999999999998,0.43388373911755823,-0.900968867902419,38.626,68.673,71.32641666666667,22.769800216642256,test
2016-12-22 09:00:00,Hog_public_Gerard,Hog,84.535,-6.1,-9.4,1024.7,3.1,0.0,9,3,0,12,0.7071067811865476,-0.7071067811865475,0.43388373911755823,-0.900968867902419,65.898,84.33200000000002,71.334875,22.77487861145058,test
2016-12-22 10:00:00,Hog_public_Gerard,Hog,84.95100000000002,-3.9,-8.9,1024.8,3.6,0.0,10,3,0,12,0.49999999999999994,-0.8660254037844387,0.43388373911755823,-0.900968867902419,84.535,87.54,71.22699999999999,22.70079552139864,test
2016-12-22 11:00:00,Hog_public_Gerard,Hog,84.859,-1.7,-7.8,1024.7,3.1,0.0,11,3,0,12,0.258819045102521,-0.9659258262890682,0.43388373911755823,-0.900968867902419,84.95100000000002,91.65,70.94404166666668,22.476375639051735,test
2016-12-22 12:00:00,Hog_public_Gerard,Hog,86.11,-0.6,-7.2,1024.0,4.1,0.0,12,3,0,12,1.2246467991473532e-16,-1.0,0.43388373911755823,-0.900968867902419,84.859,93.598,70.63204166666667,22.198491753464417,test
2016-12-22 13:00:00,Hog_public_Gerard,Hog,83.947,1.1,-7.2,1023.6,4.6,2.0,13,3,0,12,-0.2588190451025208,-0.9659258262890683,0.43388373911755823,-0.900968867902419,86.11,93.423,70.23720833333333,21.85714361778839,test
2016-12-22 14:00:00,Hog_public_Gerard,Hog,87.12200000000001,2.2,-7.8,1022.9,5.1,2.0,14,3,0,12,-0.4999999999999997,-0.8660254037844388,0.43388373911755823,-0.900968867902419,83.947,91.285,70.06375,21.698791062797973,test
2016-12-22 15:00:00,Hog_public_Gerard,Hog,90.352,2.8,-6.7,1022.6,4.6,2.0,15,3,0,12,-0.7071067811865471,-0.7071067811865479,0.43388373911755823,-0.900968867902419,87.12200000000001,92.31,69.98216666666667,21.61503198896691,test
2016-12-22 16:00:00,Hog_public_Gerard,Hog,89.35,2.2,-6.1,1022.7,3.6,2.0,16,3,0,12,-0.8660254037844385,-0.5000000000000004,0.43388373911755823,-0.900968867902419,90.352,95.61,69.72133333333333,21.32819657609172,test
2016-12-22 17:00:00,Hog_public_Gerard,Hog,87.95,1.1,-6.1,1022.7,3.1,4.0,17,3,0,12,-0.9659258262890683,-0.25881904510252063,0.43388373911755823,-0.900968867902419,89.35,92.54,69.53008333333334,21.134383888360322,test
2016-12-22 18:00:00,Hog_public_Gerard,Hog,75.556,0.6,-5.6,1022.4,3.1,4.0,18,3,0,12,-1.0,-1.8369701987210297e-16,0.43388373911755823,-0.900968867902419,87.95,89.946,68.93050000000001,20.73025955499342,test
2016-12-22 19:00:00,Hog_public_Gerard,Hog,68.494,0.0,-5.6,1022.0,2.6,0.0,19,3,0,12,-0.9659258262890684,0.2588190451025203,0.43388373911755823,-0.900968867902419,75.556,87.499,68.138625,20.34961378078657,test
2016-12-22 20:00:00,Hog_public_Gerard,Hog,67.92399999999999,0.0,-5.0,1021.3,3.1,2.0,20,3,0,12,-0.8660254037844386,0.5000000000000001,0.43388373911755823,-0.900968867902419,68.494,88.573,67.27825,19.879170289854862,test
2016-12-22 21:00:00,Hog_public_Gerard,Hog,68.505,1.1,-4.4,1021.0,5.7,2.0,21,3,0,12,-0.7071067811865477,0.7071067811865474,0.43388373911755823,-0.900968867902419,67.92399999999999,85.348,66.57645833333333,19.50734670518915,test
2016-12-22 22:00:00,Hog_public_Gerard,Hog,68.502,1.1,-5.0,1020.9,4.6,2.0,22,3,0,12,-0.5000000000000004,0.8660254037844384,0.43388373911755823,-0.900968867902419,68.505,65.921,66.684,19.510690220224653,test
2016-12-22 23:00:00,Hog_public_Gerard,Hog,67.096,1.1,-5.0,1020.4,4.1,4.0,23,3,0,12,-0.25881904510252157,0.9659258262890681,0.43388373911755823,-0.900968867902419,68.502,61.608,66.91266666666667,19.48074947372343,test
2016-12-23 00:00:00,Hog_public_Gerard,Hog,45.654,1.1,-5.0,1019.7,3.1,6.0,0,4,0,12,0.0,1.0,-0.433883739117558,-0.9009688679024191,67.096,54.934,66.526,19.81802537875679,test
2016-12-23 01:00:00,Hog_public_Gerard,Hog,43.883,1.7,-5.0,1019.0,4.1,6.333333333333333,1,4,0,12,0.25881904510252074,0.9659258262890683,-0.433883739117558,-0.9009688679024191,45.654,45.298,66.46704166666667,19.88591267483684,test
2016-12-23 02:00:00,Hog_public_Gerard,Hog,43.339,1.1,-5.6,1018.8,2.6,6.666666666666667,2,4,0,12,0.49999999999999994,0.8660254037844387,-0.433883739117558,-0.9009688679024191,43.883,55.589,65.956625,20.32952548006396,test
2016-12-23 03:00:00,Hog_public_Gerard,Hog,37.93,1.1,-5.6,1018.7,2.6,7.0,3,4,0,12,0.7071067811865476,0.7071067811865476,-0.433883739117558,-0.9009688679024191,43.339,47.286,65.56679166666667,20.7876563854176,test
2016-12-23 04:00:00,Hog_public_Gerard,Hog,37.269,0.6,-5.6,1018.4,3.1,7.333333333333333,4,4,0,12,0.8660254037844386,0.5000000000000001,-0.433883739117558,-0.9009688679024191,37.93,37.628,65.55183333333333,20.80875306768497,test
2016-12-23 05:00:00,Hog_public_Gerard,Hog,36.432,1.1,-5.6,1017.6,3.1,7.666666666666666,5,4,0,12,0.9659258262890683,0.25881904510252074,-0.433883739117558,-0.9009688679024191,37.269,32.375,65.72087499999999,20.542292872558342,test
2016-12-23 06:00:00,Hog_public_Gerard,Hog,36.711,1.1,-5.0,1017.2,2.6,8.0,6,4,0,12,1.0,6.123233995736766e-17,-0.433883739117558,-0.9009688679024191,36.432,33.017,65.87479166666667,20.298997788452127,test
2016-12-23 07:00:00,Hog_public_Gerard,Hog,48.114,1.7,-4.4,1016.9,3.6,8.0,7,4,0,12,0.9659258262890683,-0.25881904510252063,-0.433883739117558,-0.9009688679024191,36.711,38.626,66.27012500000001,19.832266537821102,test
2016-12-23 08:00:00,Hog_public_Gerard,Hog,47.464,2.2,-3.9,1016.6,5.1,8.0,8,4,0,12,0.8660254037844387,-0.4999999999999998,-0.433883739117558,-0.9009688679024191,48.114,65.898,65.50204166666667,20.200845140476115,test
2016-12-23 09:00:00,Hog_public_Gerard,Hog,47.004,2.8,-2.2,1016.4,5.1,8.0,9,4,0,12,0.7071067811865476,-0.7071067811865475,-0.433883739117558,-0.9009688679024191,47.464,84.535,63.938250000000004,20.1159018845897,test
2016-12-23 10:00:00,Hog_public_Gerard,Hog,46.96100000000001,2.8,-0.6,1016.1,4.6,8.0,10,4,0,12,0.49999999999999994,-0.8660254037844387,-0.433883739117558,-0.9009688679024191,47.004,84.95100000000002,62.355333333333334,19.88389675015989,test
2016-12-23 11:00:00,Hog_public_Gerard,Hog,43.063,2.8,-0.6,1015.7,6.2,8.0,11,4,0,12,0.258819045102521,-0.9659258262890682,-0.433883739117558,-0.9009688679024191,46.96100000000001,84.859,60.61383333333333,19.656270630550797,test
2016-12-23 12:00:00,Hog_public_Gerard,Hog,42.718,1.1,-0.6,1014.6,3.6,8.0,12,4,0,12,1.2246467991473532e-16,-1.0,-0.433883739117558,-0.9009688679024191,43.063,86.11,58.80583333333334,19.19945654499608,test
2016-12-23 13:00:00,Hog_public_Gerard,Hog,42.417,1.1,-0.6,1013.4,3.6,8.0,13,4,0,12,-0.2588190451025208,-0.9659258262890683,-0.433883739117558,-0.9009688679024191,42.718,83.947,57.07541666666666,18.700024900975556,test
2016-12-23 14:00:00,Hog_public_Gerard,Hog,43.174,0.6,-0.6,1012.55,2.6,8.0,14,4,0,12,-0.4999999999999997,-0.8660254037844388,-0.433883739117558,-0.9009688679024191,42.417,87.12200000000001,55.24425,17.757873357912445,test
2016-12-23 15:00:00,Hog_public_Gerard,Hog,41.458,1.1,-0.6,1011.7,3.6,8.0,15,4,0,12,-0.7071067811865471,-0.7071067811865479,-0.433883739117558,-0.9009688679024191,43.174,90.352,53.207,16.2998596953152,test
2016-12-23 16:00:00,Hog_public_Gerard,Hog,42.712,0.6,-0.6,1011.6,2.1,8.0,16,4,0,12,-0.8660254037844385,-0.5000000000000004,-0.433883739117558,-0.9009688679024191,41.458,89.35,51.26375000000001,14.482319179066318,test
2016-12-23 17:00:00,Hog_public_Gerard,Hog,43.238,0.6,-0.6,1011.5,2.6,8.0,17,4,0,12,-0.9659258262890683,-0.25881904510252063,-0.433883739117558,-0.9009688679024191,42.712,87.95,49.400749999999995,12.263763076819126,test
2016-12-23 18:00:00,Hog_public_Gerard,Hog,43.941,0.6,-0.6,1011.5,2.1,8.0,18,4,0,12,-1.0,-1.8369701987210297e-16,-0.433883739117558,-0.9009688679024191,43.238,75.556,48.08345833333333,10.960924552320892,test
2016-12-23 19:00:00,Hog_public_Gerard,Hog,43.447,1.1,0.0,1011.4,2.6,8.0,19,4,0,12,-0.9659258262890684,0.2588190451025203,-0.433883739117558,-0.9009688679024191,43.941,68.494,47.03983333333334,10.090955488291034,test
2016-12-23 20:00:00,Hog_public_Gerard,Hog,44.006,1.1,0.0,1012.1,1.5,8.0,20,4,0,12,-0.8660254037844386,0.5000000000000001,-0.433883739117558,-0.9009688679024191,43.447,67.92399999999999,46.04325,9.067978175737766,test
2016-12-23 21:00:00,Hog_public_Gerard,Hog,43.403,1.7,0.0,1012.4,1.5,8.0,21,4,0,12,-0.7071067811865477,0.7071067811865474,-0.433883739117558,-0.9009688679024191,44.006,68.505,44.99733333333333,7.710623262840269,test
2016-12-23 22:00:00,Hog_public_Gerard,Hog,43.312,1.1,0.0,1012.4,1.5,8.0,22,4,0,12,-0.5000000000000004,0.8660254037844384,-0.433883739117558,-0.9009688679024191,43.403,68.502,43.947750000000006,5.865771547531519,test
2016-12-23 23:00:00,Hog_public_Gerard,Hog,43.95,1.1,0.0,1012.9,1.5,8.0,23,4,0,12,-0.25881904510252157,0.9659258262890681,-0.433883739117558,-0.9009688679024191,43.312,67.096,42.98333333333334,3.184223906081696,test
2016-12-24 00:00:00,Hog_public_Gerard,Hog,43.431,1.1,-0.6,1013.8,1.5,8.0,0,5,1,12,0.0,1.0,-0.9749279121818236,-0.2225209339563146,43.95,45.654,42.89070833333333,3.135113360119742,test
2016-12-24 01:00:00,Hog_public_Gerard,Hog,37.825,0.6,-0.6,1014.7,3.6,8.0,1,5,1,12,0.25881904510252074,0.9659258262890683,-0.9749279121818236,-0.2225209339563146,43.431,43.883,42.63829166666667,3.2917098831328278,test
2016-12-24 02:00:00,Hog_public_Gerard,Hog,37.648,1.1,-1.1,1015.4,2.6,8.0,2,5,1,12,0.49999999999999994,0.8660254037844387,-0.9749279121818236,-0.2225209339563146,37.825,43.339,42.40116666666667,3.4406500986664508,test
2016-12-24 03:00:00,Hog_public_Gerard,Hog,37.241,0.6,-1.7,1016.9,3.6,8.0,3,5,1,12,0.7071067811865476,0.7071067811865476,-0.9749279121818236,-0.2225209339563146,37.648,37.93,42.372458333333334,3.4822025136425756,test
2016-12-24 04:00:00,Hog_public_Gerard,Hog,36.898,0.6,-1.7,1017.9,3.1,8.0,4,5,1,12,0.8660254037844386,0.5000000000000001,-0.9749279121818236,-0.2225209339563146,37.241,37.269,42.357,3.5065811542453322,test
2016-12-24 05:00:00,Hog_public_Gerard,Hog,37.412,0.6,-1.7,1018.6,2.6,8.0,5,5,1,12,0.9659258262890683,0.25881904510252074,-0.9749279121818236,-0.2225209339563146,36.898,36.432,42.39783333333333,3.439653327662097,test
2016-12-24 06:00:00,Hog_public_Gerard,Hog,37.405,0.6,-2.2,1019.3,1.5,8.0,6,5,1,12,1.0,6.123233995736766e-17,-0.9749279121818236,-0.2225209339563146,37.412,36.711,42.42675,3.3923583466635856,test
2016-12-24 07:00:00,Hog_public_Gerard,Hog,41.752,0.6,-1.7,1020.0,0.0,8.0,7,5,1,12,0.9659258262890683,-0.25881904510252063,-0.9749279121818236,-0.2225209339563146,37.405,48.114,42.16166666666667,3.1699005836380905,test
2016-12-24 08:00:00,Hog_public_Gerard,Hog,42.289,0.6,-1.7,1021.0,2.1,8.0,8,5,1,12,0.8660254037844387,-0.4999999999999998,-0.9749279121818236,-0.2225209339563146,41.752,47.464,41.946041666666666,2.9627823215938602,test
2016-12-24 09:00:00,Hog_public_Gerard,Hog,41.56,0.6,-1.7,1021.6,1.5,8.0,9,5,1,12,0.7071067811865476,-0.7071067811865475,-0.9749279121818236,-0.2225209339563146,42.289,47.004,41.719208333333334,2.760175041380917,test
2016-12-24 10:00:00,Hog_public_Gerard,Hog,46.021,1.1,-1.1,1022.4,0.0,8.0,10,5,1,12,0.49999999999999994,-0.8660254037844387,-0.9749279121818236,-0.2225209339563146,41.56,46.96100000000001,41.68004166666667,2.6882937772823836,test
2016-12-24 11:00:00,Hog_public_Gerard,Hog,44.035,1.1,-1.1,1022.5,0.0,8.0,11,5,1,12,0.258819045102521,-0.9659258262890682,-0.9749279121818236,-0.2225209339563146,46.021,43.063,41.72054166666667,2.71720066915446,test
2016-12-24 12:00:00,Hog_public_Gerard,Hog,43.088,1.7,-1.1,1022.7,0.0,8.0,12,5,1,12,1.2246467991473532e-16,-1.0,-0.9749279121818236,-0.2225209339563146,44.035,42.718,41.735958333333336,2.7241467986878516,test
2016-12-24 13:00:00,Hog_public_Gerard,Hog,42.697,1.7,-1.1,1023.0,0.0,8.0,13,5,1,12,-0.2588190451025208,-0.9659258262890683,-0.9749279121818236,-0.2225209339563146,43.088,42.417,41.747625,2.7277874425119544,test
2016-12-24 14:00:00,Hog_public_Gerard,Hog,42.124,1.7,-1.7,1023.8,1.5,8.0,14,5,1,12,-0.4999999999999997,-0.8660254037844388,-0.9749279121818236,-0.2225209339563146,42.697,43.174,41.703875000000004,2.71229194453611,test
2016-12-24 15:00:00,Hog_public_Gerard,Hog,42.127,1.7,-1.7,1024.6,1.5,8.0,15,5,1,12,-0.7071067811865471,-0.7071067811865479,-0.9749279121818236,-0.2225209339563146,42.124,41.458,41.73175,2.7130927843562422,test
2016-12-24 16:00:00,Hog_public_Gerard,Hog,41.408,1.7,-1.7,1024.7,0.0,8.0,16,5,1,12,-0.8660254037844385,-0.5000000000000004,-0.9749279121818236,-0.2225209339563146,42.127,42.712,41.677416666666666,2.705655428376943,test
2016-12-24 17:00:00,Hog_public_Gerard,Hog,42.398,1.1,-1.7,1025.2,2.6,8.0,17,5,1,12,-0.9659258262890683,-0.25881904510252063,-0.9749279121818236,-0.2225209339563146,41.408,43.238,41.64241666666667,2.6899778553592237,test
2016-12-24 18:00:00,Hog_public_Gerard,Hog,43.589,1.1,-1.1,1025.5,3.6,8.0,18,5,1,12,-1.0,-1.8369701987210297e-16,-0.9749279121818236,-0.2225209339563146,42.398,43.941,41.62775,2.677832498740075,test
2016-12-24 19:00:00,Hog_public_Gerard,Hog,43.09,1.1,-1.7,1025.6,4.6,8.0,19,5,1,12,-0.9659258262890684,0.2588190451025203,-0.9749279121818236,-0.2225209339563146,43.589,43.447,41.612874999999995,2.6682618721711755,test
2016-12-24 20:00:00,Hog_public_Gerard,Hog,42.875,1.1,-2.2,1025.2,5.7,8.0,20,5,1,12,-0.8660254037844386,0.5000000000000001,-0.9749279121818236,-0.2225209339563146,43.09,44.006,41.56575,2.6339250468033595,test
2016-12-24 21:00:00,Hog_public_Gerard,Hog,43.66,0.6,-1.7,1025.3,5.7,8.0,21,5,1,12,-0.7071067811865477,0.7071067811865474,-0.9749279121818236,-0.2225209339563146,42.875,43.403,41.576458333333335,2.642228555088111,test
2016-12-24 22:00:00,Hog_public_Gerard,Hog,42.886,0.6,-1.7,1025.1,5.1,8.0,22,5,1,12,-0.5000000000000004,0.8660254037844384,-0.9749279121818236,-0.2225209339563146,43.66,43.312,41.558708333333335,2.6314715915857816,test
2016-12-24 23:00:00,Hog_public_Gerard,Hog,42.968,0.6,-1.7,1025.2,6.2,8.0,23,5,1,12,-0.25881904510252157,0.9659258262890681,-0.9749279121818236,-0.2225209339563146,42.886,43.95,41.51779166666667,2.6001206490270636,test
2016-12-25 00:00:00,Hog_public_Gerard,Hog,43.551,0.6,-1.7,1026.0,5.7,8.0,0,6,1,12,0.0,1.0,-0.7818314824680299,0.6234898018587334,42.968,43.431,41.52279166666667,2.6040720617026705,test
2016-12-25 01:00:00,Hog_public_Gerard,Hog,37.408,0.6,-1.7,1026.1,4.6,8.0,1,6,1,12,0.25881904510252074,0.9659258262890683,-0.7818314824680299,0.6234898018587334,43.551,37.825,41.50541666666667,2.631068569772507,test
2016-12-25 02:00:00,Hog_public_Gerard,Hog,36.828,0.6,-1.1,1026.1,4.6,8.0,2,6,1,12,0.49999999999999994,0.8660254037844387,-0.7818314824680299,0.6234898018587334,37.408,37.648,41.471250000000005,2.688045584662127,test
2016-12-25 03:00:00,Hog_public_Gerard,Hog,37.395,0.6,-1.1,1026.4,5.1,8.0,3,6,1,12,0.7071067811865476,0.7071067811865476,-0.7818314824680299,0.6234898018587334,36.828,37.241,41.47766666666667,2.6776722478060733,test
2016-12-25 04:00:00,Hog_public_Gerard,Hog,36.74,0.0,-1.1,1026.0,4.6,8.0,4,6,1,12,0.8660254037844386,0.5000000000000001,-0.7818314824680299,0.6234898018587334,37.395,36.898,41.47108333333333,2.6895890896229213,test
2016-12-25 05:00:00,Hog_public_Gerard,Hog,36.529,0.0,-1.1,1026.3,4.1,8.0,5,6,1,12,0.9659258262890683,0.25881904510252074,-0.7818314824680299,0.6234898018587334,36.74,37.412,41.43429166666667,2.7528246438761217,test
2016-12-25 06:00:00,Hog_public_Gerard,Hog,37.009,0.0,-1.7,1025.3,8.2,8.0,6,6,1,12,1.0,6.123233995736766e-17,-0.7818314824680299,0.6234898018587334,36.529,37.405,41.417791666666666,2.7790871347513364,test
2016-12-25 07:00:00,Hog_public_Gerard,Hog,40.992,0.6,-1.7,1025.6,5.7,8.0,7,6,1,12,0.9659258262890683,-0.25881904510252063,-0.7818314824680299,0.6234898018587334,37.009,41.752,41.386125,2.77944331793488,test
2016-12-25 08:00:00,Hog_public_Gerard,Hog,40.959,0.6,-1.7,1025.1,7.7,8.0,8,6,1,12,0.8660254037844387,-0.4999999999999998,-0.7818314824680299,0.6234898018587334,40.992,42.289,41.330708333333334,2.773912375645233,test
2016-12-25 09:00:00,Hog_public_Gerard,Hog,41.187,0.6,-1.7,1024.2,8.8,8.0,9,6,1,12,0.7071067811865476,-0.7071067811865475,-0.7818314824680299,0.6234898018587334,40.959,41.56,41.31516666666667,2.773616751474891,test
2016-12-25 10:00:00,Hog_public_Gerard,Hog,39.252,0.6,-1.7,1023.6,10.8,8.0,10,6,1,12,0.49999999999999994,-0.8660254037844387,-0.7818314824680299,0.6234898018587334,41.187,46.021,41.033125,2.613846878728538,test
2016-12-25 11:00:00,Hog_public_Gerard,Hog,36.129,0.6,-1.7,1021.1,11.3,8.0,11,6,1,12,0.258819045102521,-0.9659258262890682,-0.7818314824680299,0.6234898018587334,39.252,44.035,40.70370833333333,2.7152973810906498,test
2016-12-25 12:00:00,Hog_public_Gerard,Hog,42.122,0.6,-1.7,1021.9,10.3,8.0,12,6,1,12,1.2246467991473532e-16,-1.0,-0.7818314824680299,0.6234898018587334,36.129,43.088,40.66345833333333,2.6854126066133186,test
2016-12-25 13:00:00,Hog_public_Gerard,Hog,42.339,0.6,-1.7,1018.6,9.8,8.0,13,6,1,12,-0.2588190451025208,-0.9659258262890683,-0.7818314824680299,0.6234898018587334,42.122,42.697,40.64854166666667,2.674598287255961,test
2016-12-25 14:00:00,Hog_public_Gerard,Hog,41.996,0.6,-1.1,1018.5,8.8,8.0,14,6,1,12,-0.4999999999999997,-0.8660254037844388,-0.7818314824680299,0.6234898018587334,42.339,42.124,40.643208333333334,2.6716542014462807,test
2016-12-25 15:00:00,Hog_public_Gerard,Hog,42.574,1.1,-1.1,1015.8,10.3,8.0,15,6,1,12,-0.7071067811865471,-0.7071067811865479,-0.7818314824680299,0.6234898018587334,41.996,42.127,40.661833333333334,2.6839776236142665,test
2016-12-25 16:00:00,Hog_public_Gerard,Hog,41.907,1.1,-0.6,1013.3,11.3,8.0,16,6,1,12,-0.8660254037844385,-0.5000000000000004,-0.7818314824680299,0.6234898018587334,42.574,41.408,40.682625,2.691930175665091,test
2016-12-25 17:00:00,Hog_public_Gerard,Hog,43.308,1.7,-0.6,1011.9,11.3,8.0,17,6,1,12,-0.9659258262890683,-0.25881904510252063,-0.7818314824680299,0.6234898018587334,41.907,42.398,40.72054166666667,2.723367512270089,test
2016-12-25 18:00:00,Hog_public_Gerard,Hog,43.983,1.7,-0.6,1010.8,8.8,8.0,18,6,1,12,-1.0,-1.8369701987210297e-16,-0.7818314824680299,0.6234898018587334,43.308,43.589,40.736958333333334,2.742530701809268,test
2016-12-25 19:00:00,Hog_public_Gerard,Hog,43.192,1.7,0.0,1008.3499999999999,11.8,8.0,19,6,1,12,-0.9659258262890684,0.2588190451025203,-0.7818314824680299,0.6234898018587334,43.983,43.09,40.74120833333334,2.7464119514173717,test
2016-12-25 20:00:00,Hog_public_Gerard,Hog,43.714,1.7,0.0,1005.9,13.4,8.0,20,6,1,12,-0.8660254037844386,0.5000000000000001,-0.7818314824680299,0.6234898018587334,43.192,42.875,40.77616666666667,2.77988896660834,test
2016-12-25 21:00:00,Hog_public_Gerard,Hog,44.047,2.2,1.1,1005.25,6.7,8.0,21,6,1,12,-0.7071067811865477,0.7071067811865474,-0.7818314824680299,0.6234898018587334,43.714,43.66,40.792291666666664,2.798404956853163,test
2016-12-25 22:00:00,Hog_public_Gerard,Hog,43.51300000000001,2.2,0.6,1004.6,7.2,8.0,22,6,1,12,-0.5000000000000004,0.8660254037844384,-0.7818314824680299,0.6234898018587334,44.047,42.886,40.81841666666667,2.82163131842301,test
2016-12-25 23:00:00,Hog_public_Gerard,Hog,43.674,2.2,0.6,1001.6,11.3,8.0,23,6,1,12,-0.25881904510252157,0.9659258262890681,-0.7818314824680299,0.6234898018587334,43.51300000000001,42.968,40.847833333333334,2.8485675678154316,test
2016-12-26 00:00:00,Hog_public_Gerard,Hog,43.801,2.8,1.1,1000.6,9.8,8.0,0,0,0,12,0.0,1.0,0.0,1.0,43.674,43.551,40.85825,2.8593191231183366,test
2016-12-26 01:00:00,Hog_public_Gerard,Hog,43.433,3.3,1.7,997.8,9.8,6.0,1,0,0,12,0.25881904510252074,0.9659258262890683,0.0,1.0,43.801,37.408,41.10929166666667,2.807240800365375,test
2016-12-26 02:00:00,Hog_public_Gerard,Hog,43.46,5.0,2.2,997.0,9.3,4.0,2,0,0,12,0.49999999999999994,0.8660254037844387,0.0,1.0,43.433,36.828,41.385625,2.6915128251687097,test
2016-12-26 03:00:00,Hog_public_Gerard,Hog,37.676,5.0,-2.2,997.9,11.3,4.0,3,0,0,12,0.7071067811865476,0.7071067811865476,0.0,1.0,43.46,37.395,41.397333333333336,2.6739523696892005,test
2016-12-26 04:00:00,Hog_public_Gerard,Hog,36.407,1.7,-4.4,998.8,8.2,4.0,4,0,0,12,0.8660254037844386,0.5000000000000001,0.0,1.0,37.676,36.74,41.38345833333333,2.699907743660797,test
2016-12-26 05:00:00,Hog_public_Gerard,Hog,36.532,0.0,-5.6,999.3,9.8,6.0,5,0,0,12,0.9659258262890683,0.25881904510252074,0.0,1.0,36.407,36.529,41.383583333333334,2.699673280018298,test
2016-12-26 06:00:00,Hog_public_Gerard,Hog,37.01300000000001,-2.2,-7.8,1000.7,11.8,8.0,6,0,0,12,1.0,6.123233995736766e-17,0.0,1.0,36.532,37.009,41.38375,2.6993915779872544,test
2016-12-26 07:00:00,Hog_public_Gerard,Hog,46.245,-3.3,-8.9,1001.3,10.3,8.0,7,0,0,12,0.9659258262890683,-0.25881904510252063,0.0,1.0,37.01300000000001,40.992,41.602625,2.8735902072759116,test
2016-12-26 08:00:00,Hog_public_Gerard,Hog,46.76600000000001,-5.0,-11.1,1002.1,10.8,8.0,8,0,0,12,0.8660254037844387,-0.4999999999999998,0.0,1.0,46.245,40.959,41.84458333333333,3.0557437850242555,test
2016-12-26 09:00:00,Hog_public_Gerard,Hog,46.192,-6.1,-12.2,1003.6,11.8,8.0,9,0,0,12,0.7071067811865476,-0.7071067811865475,0.0,1.0,46.76600000000001,41.187,42.053125,3.1772833393455016,test
2016-12-26 10:00:00,Hog_public_Gerard,Hog,45.029,-6.7,-12.2,1004.5,9.8,8.0,10,0,0,12,0.49999999999999994,-0.8660254037844387,0.0,1.0,46.192,39.252,42.29383333333333,3.174675165399031,test
2016-12-26 11:00:00,Hog_public_Gerard,Hog,43.306,-6.1,-12.2,1005.2,10.3,8.0,11,0,0,12,0.258819045102521,-0.9659258262890682,0.0,1.0,45.029,36.129,42.592875,2.8943725356291456,test
2016-12-26 12:00:00,Hog_public_Gerard,Hog,41.949,-6.1,-11.1,1005.4,9.3,8.0,12,0,0,12,1.2246467991473532e-16,-1.0,0.0,1.0,43.306,42.122,42.58566666666667,2.8958112877908744,test
2016-12-26 13:00:00,Hog_public_Gerard,Hog,42.121,-6.7,-11.7,1006.4,10.3,8.0,13,0,0,12,-0.2588190451025208,-0.9659258262890683,0.0,1.0,41.949,42.339,42.57658333333333,2.896960324752946,test
2016-12-26 14:00:00,Hog_public_Gerard,Hog,42.658,-6.7,-12.2,1007.4,12.9,8.0,14,0,0,12,-0.4999999999999997,-0.8660254037844388,0.0,1.0,42.121,41.996,42.604166666666664,2.8943423923340967,test
2016-12-26 15:00:00,Hog_public_Gerard,Hog,42.142,-6.7,-11.1,1008.8,9.3,8.0,15,0,0,12,-0.7071067811865471,-0.7071067811865479,0.0,1.0,42.658,42.574,42.586166666666664,2.895881057891288,test
2016-12-26 16:00:00,Hog_public_Gerard,Hog,42.01,-7.2,-12.2,1010.4,11.8,8.0,16,0,0,12,-0.8660254037844385,-0.5000000000000004,0.0,1.0,42.142,41.907,42.59045833333334,2.8949069366917026,test
2016-12-26 17:00:00,Hog_public_Gerard,Hog,42.937,-7.2,-11.7,1012.1,9.3,8.0,17,0,0,12,-0.9659258262890683,-0.25881904510252063,0.0,1.0,42.01,43.308,42.575,2.8918977671516086,test
2016-12-26 18:00:00,Hog_public_Gerard,Hog,43.49,-7.2,-12.2,1013.5,11.8,8.0,18,0,0,12,-1.0,-1.8369701987210297e-16,0.0,1.0,42.937,43.983,42.554458333333336,2.8831995056702264,test
2016-12-26 19:00:00,Hog_public_Gerard,Hog,43.724,-7.8,-13.3,1014.5,6.2,8.0,19,0,0,12,-0.9659258262890684,0.2588190451025203,0.0,1.0,43.49,43.192,42.576625,2.89035037461685,test
2016-12-26 20:00:00,Hog_public_Gerard,Hog,44.255,-7.8,-12.8,1015.2,6.2,8.0,20,0,0,12,-0.8660254037844386,0.5000000000000001,0.0,1.0,43.724,43.714,42.59916666666667,2.901693713299422,test
2016-12-26 21:00:00,Hog_public_Gerard,Hog,43.57100000000001,-7.2,-12.8,1015.7,7.2,8.0,21,0,0,12,-0.7071067811865477,0.7071067811865474,0.0,1.0,44.255,44.047,42.57933333333333,2.8929810511517577,test
2016-12-26 22:00:00,Hog_public_Gerard,Hog,43.846,-7.2,-12.2,1016.7,5.1,8.0,22,0,0,12,-0.5000000000000004,0.8660254037844384,0.0,1.0,43.57100000000001,43.51300000000001,42.59320833333333,2.8984470801540545,test
2016-12-26 23:00:00,Hog_public_Gerard,Hog,43.982,-7.2,-12.2,1017.5,6.2,8.0,23,0,0,12,-0.25881904510252157,0.9659258262890681,0.0,1.0,43.846,43.674,42.60604166666666,2.904116830192974,test
2016-12-27 00:00:00,Hog_public_Gerard,Hog,43.162,-6.7,-11.1,1017.8,7.2,8.0,0,1,0,12,0.0,1.0,0.7818314824680298,0.6234898018587336,43.982,43.801,42.57941666666667,2.8956018059886732,test
2016-12-27 01:00:00,Hog_public_Gerard,Hog,44.56800000000001,-6.7,-10.0,1018.1,5.1,8.0,1,1,0,12,0.25881904510252074,0.9659258262890683,0.7818314824680298,0.6234898018587336,43.162,43.433,42.62670833333333,2.919320267507431,test
2016-12-27 02:00:00,Hog_public_Gerard,Hog,60.54,-7.2,-11.7,1018.8,7.7,8.0,2,1,0,12,0.49999999999999994,0.8660254037844387,0.7818314824680298,0.6234898018587336,44.56800000000001,43.46,43.338375000000006,4.681379792999998,test
2016-12-27 03:00:00,Hog_public_Gerard,Hog,48.227,-7.2,-11.7,1019.6,6.7,8.0,3,1,0,12,0.7071067811865476,0.7071067811865476,0.7818314824680298,0.6234898018587336,60.54,37.676,43.778,4.621546729604434,test
2016-12-27 04:00:00,Hog_public_Gerard,Hog,42.601000000000006,-7.2,-11.7,1020.0,6.7,8.0,4,1,0,12,0.8660254037844386,0.5000000000000001,0.7818314824680298,0.6234898018587336,48.227,36.407,44.03608333333333,4.357427870307431,test
2016-12-27 05:00:00,Hog_public_Gerard,Hog,35.41,-7.2,-12.2,1020.3,6.2,8.0,5,1,0,12,0.9659258262890683,0.25881904510252074,0.7818314824680298,0.6234898018587336,42.601000000000006,36.532,43.98933333333334,4.446545700504053,test
2016-12-27 06:00:00,Hog_public_Gerard,Hog,35.236,-7.8,-12.8,1021.1,8.2,8.0,6,1,0,12,1.0,6.123233995736766e-17,0.7818314824680298,0.6234898018587336,35.41,37.01300000000001,43.91529166666667,4.580538818497017,test
2016-12-27 07:00:00,Hog_public_Gerard,Hog,39.725,-7.8,-12.2,1021.1,3.6,7.666666666666667,7,1,0,12,0.9659258262890683,-0.25881904510252063,0.7818314824680298,0.6234898018587336,35.236,46.245,43.64362500000001,4.629444804843379,test
2016-12-27 08:00:00,Hog_public_Gerard,Hog,67.128,-7.8,-11.7,1020.9,3.6,7.333333333333333,8,1,0,12,0.8660254037844387,-0.4999999999999998,0.7818314824680298,0.6234898018587336,39.725,46.76600000000001,44.492041666666665,6.650994188378536,test
2016-12-27 09:00:00,Hog_public_Gerard,Hog,83.946,-7.2,-11.1,1021.1,4.1,7.0,9,1,0,12,0.7071067811865476,-0.7071067811865475,0.7818314824680298,0.6234898018587336,67.128,46.192,46.065125,10.4502057949886,test
2016-12-27 10:00:00,Hog_public_Gerard,Hog,78.34899999999998,-6.7,-10.6,1021.4,5.1,6.666666666666667,10,1,0,12,0.49999999999999994,-0.8660254037844387,0.7818314824680298,0.6234898018587336,83.946,45.029,47.45345833333334,12.347631686240994,test
2016-12-27 11:00:00,Hog_public_Gerard,Hog,80.153,-6.1,-10.0,1021.5,4.1,6.333333333333334,11,1,0,12,0.258819045102521,-0.9659258262890682,0.7818314824680298,0.6234898018587336,78.34899999999998,43.306,48.98875,13.990928602211463,test
2016-12-27 12:00:00,Hog_public_Gerard,Hog,80.922,-5.6,-10.0,1020.9,2.6,6.0,12,1,0,12,1.2246467991473532e-16,-1.0,0.7818314824680298,0.6234898018587336,80.153,41.949,50.612625,15.33544772262179,test
2016-12-27 13:00:00,Hog_public_Gerard,Hog,81.232,-5.0,-10.0,1020.4,2.6,4.0,13,1,0,12,-0.2588190451025208,-0.9659258262890683,0.7818314824680298,0.6234898018587336,80.922,42.121,52.242250000000006,16.43266785413595,test
2016-12-27 14:00:00,Hog_public_Gerard,Hog,87.417,-4.4,-10.0,1020.1,3.6,2.0,14,1,0,12,-0.4999999999999997,-0.8660254037844388,0.7818314824680298,0.6234898018587336,81.232,42.658,54.107208333333325,17.782112035216073,test
2016-12-27 15:00:00,Hog_public_Gerard,Hog,86.45200000000001,-4.4,-10.0,1020.1,3.6,0.0,15,1,0,12,-0.7071067811865471,-0.7071067811865479,0.7818314824680298,0.6234898018587336,87.417,42.142,55.95345833333334,18.759221145831024,test
2016-12-27 16:00:00,Hog_public_Gerard,Hog,85.28399999999998,-5.0,-10.6,1020.0,3.1,0.0,16,1,0,12,-0.8660254037844385,-0.5000000000000004,0.7818314824680298,0.6234898018587336,86.45200000000001,42.01,57.75654166666667,19.428493989340662,test
2016-12-27 17:00:00,Hog_public_Gerard,Hog,86.985,-5.6,-10.6,1019.9,2.6,0.0,17,1,0,12,-0.9659258262890683,-0.25881904510252063,0.7818314824680298,0.6234898018587336,85.28399999999998,42.937,59.591874999999995,20.0386234759224,test
2016-12-27 18:00:00,Hog_public_Gerard,Hog,76.791,-6.1,-10.6,1019.2,0.0,0.0,18,1,0,12,-1.0,-1.8369701987210297e-16,0.7818314824680298,0.6234898018587336,86.985,43.49,60.97941666666666,20.02813337135005,test
2016-12-27 19:00:00,Hog_public_Gerard,Hog,72.063,-6.1,-10.6,1019.1,2.1,0.0,19,1,0,12,-0.9659258262890684,0.2588190451025203,0.7818314824680298,0.6234898018587336,76.791,43.724,62.16020833333334,19.800675071889398,test
2016-12-27 20:00:00,Hog_public_Gerard,Hog,72.97800000000002,-7.2,-11.1,1018.6,2.1,1.6,20,1,0,12,-0.8660254037844386,0.5000000000000001,0.7818314824680298,0.6234898018587336,72.063,44.255,63.357,19.537686603743367,test
2016-12-27 21:00:00,Hog_public_Gerard,Hog,72.686,-6.7,-11.1,1018.5,1.5,3.2,21,1,0,12,-0.7071067811865477,0.7071067811865474,0.7818314824680298,0.6234898018587336,72.97800000000002,43.57100000000001,64.570125,19.155895744295293,test
2016-12-27 22:00:00,Hog_public_Gerard,Hog,72.58,-7.2,-10.6,1017.6,2.6,4.800000000000001,22,1,0,12,-0.5000000000000004,0.8660254037844384,0.7818314824680298,0.6234898018587336,72.686,43.846,65.767375,18.69675491446385,test
2016-12-27 23:00:00,Hog_public_Gerard,Hog,71.62899999999998,-6.7,-10.0,1016.6,3.1,6.4,23,1,0,12,-0.25881904510252157,0.9659258262890681,0.7818314824680298,0.6234898018587336,72.58,43.982,66.91933333333334,18.139539699032056,test
2016-12-28 00:00:00,Hog_public_Gerard,Hog,55.575,-6.7,-10.0,1015.7,3.1,8.0,0,2,0,12,0.0,1.0,0.9749279121818236,-0.22252093395631434,71.62899999999998,43.162,67.43654166666667,17.601691638019737,test
2016-12-28 01:00:00,Hog_public_Gerard,Hog,54.062,-6.1,-9.4,1014.5,3.1,6.0,1,2,0,12,0.25881904510252074,0.9659258262890683,0.9749279121818236,-0.22252093395631434,55.575,44.56800000000001,67.832125,17.16670452108199,test
2016-12-28 02:00:00,Hog_public_Gerard,Hog,49.815,-6.1,-8.9,1013.1,3.6,4.0,2,2,0,12,0.49999999999999994,0.8660254037844387,0.9749279121818236,-0.22252093395631434,54.062,60.54,67.38525,17.501119326315088,test
2016-12-28 03:00:00,Hog_public_Gerard,Hog,40.399,-5.6,-8.9,1011.5,5.1,2.0,3,2,0,12,0.7071067811865476,0.7071067811865476,0.9749279121818236,-0.22252093395631434,49.815,48.227,67.05908333333333,17.941107764540266,test
2016-12-28 04:00:00,Hog_public_Gerard,Hog,35.043,-6.1,-8.9,1010.0,4.6,2.0,4,2,0,12,0.8660254037844386,0.5000000000000001,0.9749279121818236,-0.22252093395631434,40.399,42.601000000000006,66.74416666666667,18.448245599789463,test
2016-12-28 05:00:00,Hog_public_Gerard,Hog,36.135,-4.4,-7.8,1007.9,5.7,2.0,5,2,0,12,0.9659258262890683,0.25881904510252074,0.9749279121818236,-0.22252093395631434,35.043,35.41,66.774375,18.395223616383287,test
2016-12-28 06:00:00,Hog_public_Gerard,Hog,34.221,-3.9,-7.2,1007.0,3.6,4.0,6,2,0,12,1.0,6.123233995736766e-17,0.9749279121818236,-0.22252093395631434,36.135,35.236,66.73208333333334,18.4718916827862,test
2016-12-28 07:00:00,Hog_public_Gerard,Hog,39.609,-3.9,-7.2,1006.4,3.1,4.0,7,2,0,12,0.9659258262890683,-0.25881904510252063,0.9749279121818236,-0.22252093395631434,34.221,39.725,66.72725,18.479279268483797,test
2016-12-28 08:00:00,Hog_public_Gerard,Hog,66.298,-4.4,-7.2,1006.1,2.1,4.0,8,2,0,12,0.8660254037844387,-0.4999999999999998,0.9749279121818236,-0.22252093395631434,39.609,67.128,66.69266666666667,18.47927332861413,test
2016-12-28 09:00:00,Hog_public_Gerard,Hog,81.26100000000002,-1.7,-5.0,1005.8,2.6,4.0,9,2,0,12,0.7071067811865476,-0.7071067811865475,0.9749279121818236,-0.22252093395631434,66.298,83.946,66.58079166666666,18.378129634643457,test
2016-12-28 10:00:00,Hog_public_Gerard,Hog,79.56,-0.6,-5.0,1006.3,4.6,2.0,10,2,0,12,0.49999999999999994,-0.8660254037844387,0.9749279121818236,-0.22252093395631434,81.26100000000002,78.34899999999998,66.63125000000001,18.413473257727613,test
2016-12-28 11:00:00,Hog_public_Gerard,Hog,81.217,0.0,-5.0,1007.0,6.2,2.0,11,2,0,12,0.258819045102521,-0.9659258262890682,0.9749279121818236,-0.22252093395631434,79.56,80.153,66.67558333333334,18.448691658375225,test
2016-12-28 12:00:00,Hog_public_Gerard,Hog,82.855,0.6,-5.0,1006.1,4.1,2.0,12,2,0,12,1.2246467991473532e-16,-1.0,0.9749279121818236,-0.22252093395631434,81.217,80.922,66.756125,18.517682030057404,test
2016-12-28 13:00:00,Hog_public_Gerard,Hog,88.5,1.1,-4.4,1006.1,6.7,2.0,13,2,0,12,-0.2588190451025208,-0.9659258262890683,0.9749279121818236,-0.22252093395631434,82.855,81.232,67.05895833333334,18.821644280800164,test
2016-12-28 14:00:00,Hog_public_Gerard,Hog,90.444,1.7,-5.0,1005.7,4.1,0.0,14,2,0,12,-0.4999999999999997,-0.8660254037844388,0.9749279121818236,-0.22252093395631434,88.5,87.417,67.18508333333334,18.973525355809414,test
2016-12-28 15:00:00,Hog_public_Gerard,Hog,86.833,2.2,-4.4,1005.2,5.7,0.0,15,2,0,12,-0.7071067811865471,-0.7071067811865479,0.9749279121818236,-0.22252093395631434,90.444,86.45200000000001,67.20095833333333,18.990498522382968,test
2016-12-28 16:00:00,Hog_public_Gerard,Hog,86.15100000000002,1.7,-4.4,1005.7,5.7,2.0,16,2,0,12,-0.8660254037844385,-0.5000000000000004,0.9749279121818236,-0.22252093395631434,86.833,85.28399999999998,67.23708333333333,19.02718209828917,test
2016-12-28 17:00:00,Hog_public_Gerard,Hog,85.402,1.7,-3.9,1006.2,7.2,5.0,17,2,0,12,-0.9659258262890683,-0.25881904510252063,0.9749279121818236,-0.22252093395631434,86.15100000000002,86.985,67.171125,18.95836825741346,test
2016-12-28 18:00:00,Hog_public_Gerard,Hog,72.47,1.7,-3.3,1006.9,7.7,8.0,18,2,0,12,-1.0,-1.8369701987210297e-16,0.9749279121818236,-0.22252093395631434,85.402,76.791,66.99108333333334,18.883408684821116,test
2016-12-28 19:00:00,Hog_public_Gerard,Hog,69.94,1.1,-3.3,1007.4,6.2,6.666666666666667,19,2,0,12,-0.9659258262890684,0.2588190451025203,0.9749279121818236,-0.22252093395631434,72.47,72.063,66.902625,18.863578681664688,test
2016-12-28 20:00:00,Hog_public_Gerard,Hog,69.931,1.1,-2.8,1008.0,7.2,5.333333333333334,20,2,0,12,-0.8660254037844386,0.5000000000000001,0.9749279121818236,-0.22252093395631434,69.94,72.97800000000002,66.77566666666667,18.831137312779603,test
2016-12-28 21:00:00,Hog_public_Gerard,Hog,70.369,0.6,-3.9,1008.1,6.7,4.0,21,2,0,12,-0.7071067811865477,0.7071067811865474,0.9749279121818236,-0.22252093395631434,69.931,72.686,66.679125,18.805441123602165,test
2016-12-28 22:00:00,Hog_public_Gerard,Hog,48.46100000000001,-0.6,-4.4,1008.7,6.7,0.0,22,2,0,12,-0.5000000000000004,0.8660254037844384,0.9749279121818236,-0.22252093395631434,70.369,72.58,65.67416666666666,19.118244561189602,test
2016-12-28 23:00:00,Hog_public_Gerard,Hog,46.402,-0.6,-5.6,1009.1,4.6,0.0,23,2,0,12,-0.25881904510252157,0.9659258262890681,0.9749279121818236,-0.22252093395631434,48.46100000000001,71.62899999999998,64.62304166666667,19.466925088197655,test
2016-12-29 00:00:00,Hog_public_Gerard,Hog,46.723,-1.1,-5.6,1009.1,4.1,2.0,0,3,0,12,0.0,1.0,0.43388373911755823,-0.900968867902419,46.402,55.575,64.25420833333332,19.72791719317586,test
2016-12-29 01:00:00,Hog_public_Gerard,Hog,52.612,-1.7,-6.1,1009.1,6.7,0.0,1,3,0,12,0.25881904510252074,0.9659258262890683,0.43388373911755823,-0.900968867902419,46.723,54.062,64.19379166666667,19.76267758873923,test
2016-12-29 02:00:00,Hog_public_Gerard,Hog,50.056,-2.2,-6.7,1009.5,5.1,0.0,2,3,0,12,0.49999999999999994,0.8660254037844387,0.43388373911755823,-0.900968867902419,52.612,49.815,64.20383333333334,19.755113668566363,test
2016-12-29 03:00:00,Hog_public_Gerard,Hog,42.694,-2.8,-7.2,1010.2,6.7,2.0,3,3,0,12,0.7071067811865476,0.7071067811865476,0.43388373911755823,-0.900968867902419,50.056,40.399,64.29945833333333,19.640095689528785,test
2016-12-29 04:00:00,Hog_public_Gerard,Hog,41.29600000000001,-2.2,-6.7,1010.3,6.7,4.0,4,3,0,12,0.8660254037844386,0.5000000000000001,0.43388373911755823,-0.900968867902419,42.694,35.043,64.56,19.273158654505643,test
2016-12-29 05:00:00,Hog_public_Gerard,Hog,33.904,-2.2,-6.7,1010.9,6.2,6.0,5,3,0,12,0.9659258262890683,0.25881904510252074,0.43388373911755823,-0.900968867902419,41.29600000000001,36.135,64.46704166666667,19.421032015920584,test
2016-12-29 06:00:00,Hog_public_Gerard,Hog,34.792,-1.7,-6.1,1011.1,5.7,8.0,6,3,0,12,1.0,6.123233995736766e-17,0.43388373911755823,-0.900968867902419,33.904,34.221,64.49083333333333,19.38268010064822,test
2016-12-29 07:00:00,Hog_public_Gerard,Hog,42.994,-1.1,-5.6,1011.5,7.7,7.666666666666667,7,3,0,12,0.9659258262890683,-0.25881904510252063,0.43388373911755823,-0.900968867902419,34.792,39.609,64.63187500000001,19.205254499094945,test
2016-12-29 08:00:00,Hog_public_Gerard,Hog,70.259,-0.6,-5.6,1012.0,8.8,7.333333333333333,8,3,0,12,0.8660254037844387,-0.4999999999999998,0.43388373911755823,-0.900968867902419,42.994,66.298,64.79691666666668,19.23718799146193,test
2016-12-29 09:00:00,Hog_public_Gerard,Hog,87.109,-0.6,-5.6,1013.0,6.2,7.0,9,3,0,12,0.7071067811865476,-0.7071067811865475,0.43388373911755823,-0.900968867902419,70.259,81.26100000000002,65.04058333333334,19.49016954198626,test
2016-12-29 10:00:00,Hog_public_Gerard,Hog,87.789,-0.6,-5.0,1014.1,5.7,6.666666666666667,10,3,0,12,0.49999999999999994,-0.8660254037844387,0.43388373911755823,-0.900968867902419,87.109,79.56,65.38345833333334,19.826190170929134,test
2016-12-29 11:00:00,Hog_public_Gerard,Hog,87.6,-0.6,-4.4,1014.6,6.7,6.333333333333334,11,3,0,12,0.258819045102521,-0.9659258262890682,0.43388373911755823,-0.900968867902419,87.789,81.217,65.64941666666667,20.08889575798951,test
2016-12-29 12:00:00,Hog_public_Gerard,Hog,86.735,0.6,-6.7,1014.4,10.3,6.0,12,3,0,12,1.2246467991473532e-16,-1.0,0.43388373911755823,-0.900968867902419,87.6,82.855,65.81108333333334,20.24835829505528,test
2016-12-29 13:00:00,Hog_public_Gerard,Hog,86.93700000000004,-0.6,-6.1,1014.6,10.3,6.0,13,3,0,12,-0.2588190451025208,-0.9659258262890683,0.43388373911755823,-0.900968867902419,86.735,88.5,65.74595833333333,20.174590065291113,test
2016-12-29 14:00:00,Hog_public_Gerard,Hog,88.834,-0.6,-7.8,1015.5,11.3,6.0,14,3,0,12,-0.4999999999999997,-0.8660254037844388,0.43388373911755823,-0.900968867902419,86.93700000000004,90.444,65.678875,20.091400215910195,test
2016-12-29 15:00:00,Hog_public_Gerard,Hog,85.04899999999998,-1.1,-7.8,1016.1,8.2,6.0,15,3,0,12,-0.7071067811865471,-0.7071067811865479,0.43388373911755823,-0.900968867902419,88.834,86.833,65.60454166666666,20.012878970649055,test
2016-12-29 16:00:00,Hog_public_Gerard,Hog,84.03200000000002,-1.1,-7.8,1017.0,10.8,6.0,16,3,0,12,-0.8660254037844385,-0.5000000000000004,0.43388373911755823,-0.900968867902419,85.04899999999998,86.15100000000002,65.51625,19.922763524584845,test
2016-12-29 17:00:00,Hog_public_Gerard,Hog,83.10600000000002,-1.1,-8.3,1017.6,9.3,6.0,17,3,0,12,-0.9659258262890683,-0.25881904510252063,0.43388373911755823,-0.900968867902419,84.03200000000002,85.402,65.42058333333334,19.82841203691823,test
2016-12-29 18:00:00,Hog_public_Gerard,Hog,74.271,-1.7,-8.3,1017.6,8.2,6.0,18,3,0,12,-1.0,-1.8369701987210297e-16,0.43388373911755823,-0.900968867902419,83.10600000000002,72.47,65.495625,19.859634284063382,test
2016-12-29 19:00:00,Hog_public_Gerard,Hog,67.249,-2.2,-8.9,1018.1,7.7,5.333333333333333,19,3,0,12,-0.9659258262890684,0.2588190451025203,0.43388373911755823,-0.900968867902419,74.271,69.94,65.38350000000001,19.841038746037107,test
2016-12-29 20:00:00,Hog_public_Gerard,Hog,66.995,-2.8,-8.9,1018.7,8.2,4.666666666666667,20,3,0,12,-0.8660254037844386,0.5000000000000001,0.43388373911755823,-0.900968867902419,67.249,69.931,65.26116666666667,19.820822199562592,test
2016-12-29 21:00:00,Hog_public_Gerard,Hog,67.531,-3.3,-9.4,1019.3,6.7,4.0,21,3,0,12,-0.7071067811865477,0.7071067811865474,0.43388373911755823,-0.900968867902419,66.995,70.369,65.14291666666668,19.797476145506295,test
2016-12-29 22:00:00,Hog_public_Gerard,Hog,66.942,-3.9,-9.4,1019.8,7.2,2.0,22,3,0,12,-0.5000000000000004,0.8660254037844384,0.43388373911755823,-0.900968867902419,67.531,48.46100000000001,65.91295833333334,19.47723379716687,test
2016-12-29 23:00:00,Hog_public_Gerard,Hog,73.16199999999998,-4.4,-10.0,1020.1,5.7,2.0,23,3,0,12,-0.25881904510252157,0.9659258262890681,0.43388373911755823,-0.900968867902419,66.942,46.402,67.02795833333333,19.07351264582298,test
2016-12-30 00:00:00,Hog_public_Gerard,Hog,47.26,-5.6,-10.0,1020.5,4.6,2.0,0,4,0,12,0.0,1.0,-0.433883739117558,-0.9009688679024191,73.16199999999998,46.723,67.05033333333334,19.04895657913131,test
2016-12-30 01:00:00,Hog_public_Gerard,Hog,51.549,-6.1,-10.0,1020.5,5.1,0.0,1,4,0,12,0.25881904510252074,0.9659258262890683,-0.433883739117558,-0.9009688679024191,47.26,52.612,67.00604166666666,19.08518883842115,test
2016-12-30 02:00:00,Hog_public_Gerard,Hog,55.44600000000001,-6.7,-10.6,1020.7,3.6,0.0,2,4,0,12,0.49999999999999994,0.8660254037844387,-0.433883739117558,-0.9009688679024191,51.549,50.056,67.230625,18.90794876054853,test
2016-12-30 03:00:00,Hog_public_Gerard,Hog,52.604,-7.2,-10.6,1020.6,3.6,0.0,3,4,0,12,0.7071067811865476,0.7071067811865476,-0.433883739117558,-0.9009688679024191,55.44600000000001,42.694,67.64354166666668,18.45151377548441,test
2016-12-30 04:00:00,Hog_public_Gerard,Hog,38.595,-7.2,-10.6,1020.4,3.6,0.0,4,4,0,12,0.8660254037844386,0.5000000000000001,-0.433883739117558,-0.9009688679024191,52.604,41.29600000000001,67.53099999999999,18.626609227241406,test
2016-12-30 05:00:00,Hog_public_Gerard,Hog,36.047,-7.2,-10.0,1020.0,2.6,0.0,5,4,0,12,0.9659258262890683,0.25881904510252074,-0.433883739117558,-0.9009688679024191,38.595,33.904,67.62029166666666,18.462816821877297,test
2016-12-30 06:00:00,Hog_public_Gerard,Hog,35.438,-7.2,-10.0,1019.1,0.0,8.0,6,4,0,12,1.0,6.123233995736766e-17,-0.433883739117558,-0.9009688679024191,36.047,34.792,67.64720833333334,18.41328052149895,test
2016-12-30 07:00:00,Hog_public_Gerard,Hog,41.37600000000001,-7.2,-10.0,1018.6,2.1,7.666666666666667,7,4,0,12,0.9659258262890683,-0.25881904510252063,-0.433883739117558,-0.9009688679024191,35.438,42.994,67.57979166666667,18.510175011455644,test
2016-12-30 08:00:00,Hog_public_Gerard,Hog,68.327,-7.2,-10.0,1017.1,0.0,7.333333333333333,8,4,0,12,0.8660254037844387,-0.4999999999999998,-0.433883739117558,-0.9009688679024191,41.37600000000001,70.259,67.49929166666666,18.502216028214484,test
2016-12-30 09:00:00,Hog_public_Gerard,Hog,81.214,-6.7,-10.0,1016.1,3.1,7.0,9,4,0,12,0.7071067811865476,-0.7071067811865475,-0.433883739117558,-0.9009688679024191,68.327,87.109,67.25366666666666,18.268219681152498,test
2016-12-30 10:00:00,Hog_public_Gerard,Hog,85.57799999999997,-6.1,-9.4,1015.7,2.6,6.666666666666667,10,4,0,12,0.49999999999999994,-0.8660254037844387,-0.433883739117558,-0.9009688679024191,81.214,87.789,67.16154166666666,18.16544515420333,test
2016-12-30 11:00:00,Hog_public_Gerard,Hog,84.116,-5.0,-8.9,1015.1,2.6,6.333333333333334,11,4,0,12,0.258819045102521,-0.9659258262890682,-0.433883739117558,-0.9009688679024191,85.57799999999997,87.6,67.016375,18.008253498622764,test
2016-12-30 12:00:00,Hog_public_Gerard,Hog,86.634,-4.4,-8.3,1012.4,4.1,6.0,12,4,0,12,1.2246467991473532e-16,-1.0,-0.433883739117558,-0.9009688679024191,84.116,86.735,67.01216666666666,18.00345628330667,test
2016-12-30 13:00:00,Hog_public_Gerard,Hog,88.11200000000002,-3.9,-7.8,1010.0,4.6,6.333333333333333,13,4,0,12,-0.2588190451025208,-0.9659258262890683,-0.433883739117558,-0.9009688679024191,86.634,86.93700000000004,67.061125,18.06149944979671,test
2016-12-30 14:00:00,Hog_public_Gerard,Hog,89.654,-2.8,-7.8,1007.2,5.7,6.666666666666667,14,4,0,12,-0.4999999999999997,-0.8660254037844388,-0.433883739117558,-0.9009688679024191,88.11200000000002,88.834,67.09529166666667,18.105200349453398,test
2016-12-30 15:00:00,Hog_public_Gerard,Hog,90.287,-2.2,-7.2,1005.4,5.1,7.0,15,4,0,12,-0.7071067811865471,-0.7071067811865479,-0.433883739117558,-0.9009688679024191,89.654,85.04899999999998,67.31354166666667,18.360800555576915,test
2016-12-30 16:00:00,Hog_public_Gerard,Hog,88.64299999999999,-2.2,-7.2,1005.0,4.1,7.333333333333333,16,4,0,12,-0.8660254037844385,-0.5000000000000004,-0.433883739117558,-0.9009688679024191,90.287,84.03200000000002,67.50566666666667,18.566320591836377,test
2016-12-30 17:00:00,Hog_public_Gerard,Hog,87.383,-1.7,-7.2,1004.2,5.1,7.666666666666666,17,4,0,12,-0.9659258262890683,-0.25881904510252063,-0.433883739117558,-0.9009688679024191,88.64299999999999,83.10600000000002,67.683875,18.7422630653235,test
2016-12-30 18:00:00,Hog_public_Gerard,Hog,75.775,-1.7,-6.7,1003.5,6.2,8.0,18,4,0,12,-1.0,-1.8369701987210297e-16,-0.433883739117558,-0.9009688679024191,87.383,74.271,67.74654166666666,18.767742455281095,test
2016-12-30 19:00:00,Hog_public_Gerard,Hog,67.078,-1.7,-5.6,1002.2,6.2,8.0,19,4,0,12,-0.9659258262890684,0.2588190451025203,-0.433883739117558,-0.9009688679024191,75.775,67.249,67.73941666666666,18.76797201274078,test
2016-12-30 20:00:00,Hog_public_Gerard,Hog,67.863,-1.1,-5.0,1001.1,3.6,8.0,20,4,0,12,-0.8660254037844386,0.5000000000000001,-0.433883739117558,-0.9009688679024191,67.078,66.995,67.77558333333333,18.767311444698883,test
2016-12-30 21:00:00,Hog_public_Gerard,Hog,67.844,-0.6,-5.0,1000.2,1.5,8.0,21,4,0,12,-0.7071067811865477,0.7071067811865474,-0.433883739117558,-0.9009688679024191,67.863,67.531,67.78862500000001,18.767242844480446,test
2016-12-30 22:00:00,Hog_public_Gerard,Hog,66.92,-0.6,-4.4,999.7,2.6,8.0,22,4,0,12,-0.5000000000000004,0.8660254037844384,-0.433883739117558,-0.9009688679024191,67.844,66.942,67.78770833333333,18.767286532176247,test
2016-12-30 23:00:00,Hog_public_Gerard,Hog,66.373,0.0,-4.4,999.9,6.2,8.0,23,4,0,12,-0.25881904510252157,0.9659258262890681,-0.433883739117558,-0.9009688679024191,66.92,73.16199999999998,67.50483333333334,18.733893902593504,test
2016-12-31 00:00:00,Hog_public_Gerard,Hog,45.378,-0.6,-5.6,1000.1,4.6,8.0,0,5,1,12,0.0,1.0,-0.9749279121818236,-0.2225209339563146,66.373,47.26,67.42641666666667,18.826031762052352,test
2016-12-31 01:00:00,Hog_public_Gerard,Hog,37.754,-0.6,-5.6,1000.2,5.7,8.0,1,5,1,12,0.25881904510252074,0.9659258262890683,-0.9749279121818236,-0.2225209339563146,45.378,51.549,66.851625,19.529329730506188,test
2016-12-31 02:00:00,Hog_public_Gerard,Hog,36.335,-0.6,-6.1,1000.5,7.7,8.0,2,5,1,12,0.49999999999999994,0.8660254037844387,-0.9749279121818236,-0.2225209339563146,37.754,55.44600000000001,66.05533333333334,20.385455965652156,test
2016-12-31 03:00:00,Hog_public_Gerard,Hog,36.803,-1.1,-6.1,1001.2,6.7,8.0,3,5,1,12,0.7071067811865476,0.7071067811865476,-0.9749279121818236,-0.2225209339563146,36.335,52.604,65.39695833333333,21.082028609755348,test
2016-12-31 04:00:00,Hog_public_Gerard,Hog,37.225,-1.1,-5.0,1001.5,7.7,8.0,4,5,1,12,0.8660254037844386,0.5000000000000001,-0.9749279121818236,-0.2225209339563146,36.803,38.595,65.339875,21.159467465380246,test
2016-12-31 05:00:00,Hog_public_Gerard,Hog,35.815,-1.7,-5.6,1002.0,6.2,8.0,5,5,1,12,0.9659258262890683,0.25881904510252074,-0.9749279121818236,-0.2225209339563146,37.225,36.047,65.33020833333333,21.173480063470798,test
2016-12-31 06:00:00,Hog_public_Gerard,Hog,36.345,-2.8,-7.2,1003.2,6.2,8.0,6,5,1,12,1.0,6.123233995736766e-17,-0.9749279121818236,-0.2225209339563146,35.815,35.438,65.368,21.118545157401922,test
2016-12-31 07:00:00,Hog_public_Gerard,Hog,41.369,-3.9,-8.3,1004.7,8.8,6.8,7,5,1,12,0.9659258262890683,-0.25881904510252063,-0.9749279121818236,-0.2225209339563146,36.345,41.37600000000001,65.36770833333334,21.118890961245523,test
2016-12-31 08:00:00,Hog_public_Gerard,Hog,39.813,-5.0,-8.9,1005.9,5.7,5.6,8,5,1,12,0.8660254037844387,-0.4999999999999998,-0.9749279121818236,-0.2225209339563146,41.369,68.327,64.179625,21.738147672802572,test
2016-12-31 09:00:00,Hog_public_Gerard,Hog,37.644,-6.1,-10.0,1007.5,7.7,4.4,9,5,1,12,0.7071067811865476,-0.7071067811865475,-0.9749279121818236,-0.2225209339563146,39.813,81.214,62.36420833333333,22.070494011490513,test
2016-12-31 10:00:00,Hog_public_Gerard,Hog,43.143,-6.1,-10.6,1008.5,7.2,3.2,10,5,1,12,0.49999999999999994,-0.8660254037844387,-0.9749279121818236,-0.2225209339563146,37.644,85.57799999999997,60.59608333333333,21.828380586663744,test
2016-12-31 11:00:00,Hog_public_Gerard,Hog,39.728,-5.0,-10.6,1008.9,6.2,2.0,11,5,1,12,0.258819045102521,-0.9659258262890682,-0.9749279121818236,-0.2225209339563146,43.143,84.116,58.74658333333334,21.628476994998863,test
2016-12-31 12:00:00,Hog_public_Gerard,Hog,39.33,-3.9,-10.0,1009.0,5.7,0.0,12,5,1,12,1.2246467991473532e-16,-1.0,-0.9749279121818236,-0.2225209339563146,39.728,86.634,56.77558333333334,21.12617674606089,test
2016-12-31 13:00:00,Hog_public_Gerard,Hog,40.009,-3.3,-10.0,1009.1,4.1,0.0,13,5,1,12,-0.2588190451025208,-0.9659258262890683,-0.9749279121818236,-0.2225209339563146,39.33,88.11200000000002,54.77129166666666,20.289200141688664,test
2016-12-31 14:00:00,Hog_public_Gerard,Hog,39.041,-3.9,-10.6,1009.1,4.1,0.0,14,5,1,12,-0.4999999999999997,-0.8660254037844388,-0.9749279121818236,-0.2225209339563146,40.009,89.654,52.662416666666665,19.10143406844159,test
2016-12-31 15:00:00,Hog_public_Gerard,Hog,38.769,-4.4,-11.7,1009.4,4.1,0.0,15,5,1,12,-0.7071067811865471,-0.7071067811865479,-0.9749279121818236,-0.2225209339563146,39.041,90.287,50.515833333333326,17.518586521467746,test
2016-12-31 16:00:00,Hog_public_Gerard,Hog,40.484,-5.0,-11.7,1010.0,4.6,0.0,16,5,1,12,-0.8660254037844385,-0.5000000000000004,-0.9749279121818236,-0.2225209339563146,38.769,88.64299999999999,48.50920833333333,15.616379199498928,test
2016-12-31 17:00:00,Hog_public_Gerard,Hog,41.096,-5.6,-11.1,1009.8,3.6,4.0,17,5,1,12,-0.9659258262890683,-0.25881904510252063,-0.9749279121818236,-0.2225209339563146,40.484,87.383,46.580583333333344,13.291961607831421,test
2016-12-31 18:00:00,Hog_public_Gerard,Hog,43.027,-5.6,-10.6,1010.0,3.6,4.0,18,5,1,12,-1.0,-1.8369701987210297e-16,-0.9749279121818236,-0.2225209339563146,41.096,75.775,45.21608333333333,11.756927544945912,test
2016-12-31 19:00:00,Hog_public_Gerard,Hog,43.555,-6.1,-10.6,1009.7,3.1,4.0,19,5,1,12,-0.9659258262890684,0.2588190451025203,-0.9749279121818236,-0.2225209339563146,43.027,67.078,44.235958333333336,10.796423036797844,test
2016-12-31 20:00:00,Hog_public_Gerard,Hog,43.835,-5.0,-10.0,1009.4,4.1,4.0,20,5,1,12,-0.8660254037844386,0.5000000000000001,-0.9749279121818236,-0.2225209339563146,43.555,67.863,43.234791666666666,9.55262517062031,test
2016-12-31 21:00:00,Hog_public_Gerard,Hog,43.014,-3.9,-8.3,1009.2,4.6,4.0,21,5,1,12,-0.7071067811865477,0.7071067811865474,-0.9749279121818236,-0.2225209339563146,43.835,67.844,42.20020833333333,7.987919699685867,test
2016-12-31 22:00:00,Hog_public_Gerard,Hog,43.133,-3.3,-8.3,1009.2,5.7,4.0,22,5,1,12,-0.5000000000000004,0.8660254037844384,-0.9749279121818236,-0.2225209339563146,43.014,66.92,41.20908333333333,6.020919747136281,test
2016-12-31 23:00:00,Hog_public_Gerard,Hog,43.206,-3.3,-8.3,1009.3,4.6,4.0,23,5,1,12,-0.25881904510252157,0.9659258262890681,-0.9749279121818236,-0.2225209339563146,43.133,66.373,40.24379166666666,2.8144501197313097,test
