seed,building_id,timestamp,anomaly_label,anomaly_type,electricity_original,electricity_observed,digital_twin_expected,contextual_residual,residual_dynamics,persistence_3h,persistence_6h,persistence_12h,anomaly_score,threshold,prediction
44,Robin_public_Cami,2016-07-10 00:00:00,0,normal,37.6667,37.6667,33.768192,0.5321720562046893,0.0,0.0,0.0,0.0,0.5321720562046893,3.49930057643698,0
44,Robin_public_Cami,2016-07-10 01:00:00,0,normal,36.9167,36.9167,32.01765,0.8758200973067587,0.6341943310944744,1.533688750262742,0.0,0.0,0.8758200973067587,3.49930057643698,0
44,Robin_public_Cami,2016-07-10 02:00:00,1,spike,38.75,121.89056629141707,31.253902,10.0,10.0,1.1522567813659923,0.0,0.0,10.0,3.49930057643698,1
44,Robin_public_Cami,2016-07-10 03:00:00,0,normal,37.5,37.5,36.237885,0.0,10.0,0.0,0.0,0.0,0.0,3.49930057643698,0
44,Robin_public_Cami,2016-07-10 04:00:00,0,normal,39.0,39.0,37.667316,0.0,0.0,0.0,0.0,0.0,0.0,3.49930057643698,0
44,Robin_public_Cami,2016-07-10 05:00:00,0,normal,39.0,39.0,36.016823,0.2177908110178084,0.1549031353011482,0.0,0.0,0.0,0.2177908110178084,3.49930057643698,0
44,Robin_public_Cami,2016-07-10 06:00:00,0,normal,37.75,37.75,39.139236,0.0,0.1549031353011482,1.005751247589011,0.0,0.0,0.0,3.49930057643698,0
44,Robin_public_Cami,2016-07-10 07:00:00,0,normal,47.5,47.5,46.131134,0.0,0.0,1.1036756474946474,0.0,0.0,0.0,3.49930057643698,0
44,Robin_public_Cami,2016-07-10 08:00:00,0,normal,65.0,65.0,62.69206,0.0,0.0,0.0,0.0,0.0,0.0,3.49930057643698,0
44,Robin_public_Cami,2016-07-10 09:00:00,0,normal,71.75,71.75,71.82524,0.0,0.0,0.0,0.0,0.0,0.0,3.49930057643698,0
44,Robin_public_Cami,2016-07-10 10:00:00,0,normal,71.75,71.75,78.474815,1.0806510902269868,3.440859251988706,0.0,0.0,0.0,1.0806510902269868,3.49930057643698,0
44,Robin_public_Cami,2016-07-10 11:00:00,0,normal,75.75,75.75,80.51416,0.4991634120166296,1.53993843495218,0.0,0.0,0.0,0.4991634120166296,3.49930057643698,0
44,Robin_public_Cami,2016-07-10 12:00:00,0,normal,82.75,82.75,83.88763,0.0,1.2264300575599305,0.3237223068458619,0.0,0.0,0.0,3.49930057643698,0
44,Robin_public_Cami,2016-07-10 13:00:00,0,normal,81.25,81.25,87.45417,0.5221178287251417,1.3138453758979816,0.0,0.0,0.0,0.5221178287251417,3.49930057643698,0
44,Robin_public_Cami,2016-07-10 14:00:00,0,normal,79.5,79.5,89.371544,1.4192353090824394,2.741924091221096,0.0,0.1344530385362503,0.0,1.4192353090824394,3.49930057643698,0
44,Robin_public_Cami,2016-07-10 15:00:00,0,normal,79.75,79.75,88.86429,1.2339945187334338,0.0309457089458787,0.5620573596475303,0.4541581640307511,0.0,1.2339945187334338,3.49930057643698,0
44,Robin_public_Cami,2016-07-10 16:00:00,0,normal,79.75,79.75,86.68862,0.7017802127233018,1.3522949164447051,0.924445907589442,0.646075730696074,0.0,0.7017802127233018,3.49930057643698,0
44,Robin_public_Cami,2016-07-10 17:00:00,0,normal,80.75,80.75,84.91775,0.0239655817010529,1.9067720317938492,1.5743929855812138,1.3148330197495952,0.1115654499653322,0.0239655817010529,3.49930057643698,0
44,Robin_public_Cami,2016-07-10 18:00:00,0,normal,80.25,80.25,83.82983,0.1197717463574702,0.0,1.1817790814402442,2.075784993136087,0.4918717553226596,0.1197717463574702,3.49930057643698,0
44,Robin_public_Cami,2016-07-10 19:00:00,0,normal,80.0,80.0,81.07375,0.0,0.0,1.243726638209818,2.6778661959955654,1.619914339800628,0.0,3.49930057643698,0
44,Robin_public_Cami,2016-07-10 20:00:00,0,normal,79.25,79.25,79.06128,0.0,0.0,1.3448897558409982,2.993234382135922,4.304735936673996,0.0,3.49930057643698,0
44,Robin_public_Cami,2016-07-10 21:00:00,0,normal,76.75,76.75,68.58034,1.500048030036718,5.038012317083895,1.226438552962996,2.9015601374602653,6.329649169625024,1.500048030036718,3.49930057643698,0
44,Robin_public_Cami,2016-07-10 22:00:00,0,normal,36.25,36.25,48.166317,2.779552397359083,4.1981349754624935,0.51945261128355,1.9215458786822808,7.411887348319307,2.779552397359083,3.49930057643698,0
44,Robin_public_Cami,2016-07-10 23:00:00,0,normal,38.25,38.25,38.5721,0.0,9.910638052022982,0.0,0.0,0.865925715407372,0.0,3.49930057643698,0
44,Robin_public_Cami,2016-07-11 00:00:00,0,normal,58.25,58.25,43.076675,4.404643122222768,10.0,0.0,0.0,0.1089889662884218,4.404643122222768,3.49930057643698,1
44,Robin_public_Cami,2016-07-11 01:00:00,0,normal,37.75,37.75,43.42374,1.1418970084889126,10.0,0.0,0.0,0.0089742014953864,1.1418970084889126,3.49930057643698,0
44,Robin_public_Cami,2016-07-11 02:00:00,0,normal,38.5,38.5,43.156853,0.7926347452929368,0.6555744871573106,0.0,0.0,0.0,0.7926347452929368,3.49930057643698,0
44,Robin_public_Cami,2016-07-11 03:00:00,0,normal,38.25,38.25,43.421135,0.9692711433821088,0.0,0.0,0.0,0.0,0.9692711433821088,3.49930057643698,0
44,Robin_public_Cami,2016-07-11 04:00:00,0,normal,38.25,38.25,42.556175,0.6721903558766849,0.4568562898376903,1.2828197373460988,0.0,0.0,0.6721903558766849,3.49930057643698,0
44,Robin_public_Cami,2016-07-11 05:00:00,0,normal,39.0,39.0,44.56499,1.1045457264695222,0.9720107759566256,1.5463263084957384,0.0,0.0,1.1045457264695222,3.49930057643698,0
44,Robin_public_Cami,2016-07-11 06:00:00,0,normal,58.0,58.0,49.017223,2.4579436141416124,4.479537273177825,1.2330467172221715,0.0,0.0,2.4579436141416124,3.49930057643698,0
44,Robin_public_Cami,2016-07-11 07:00:00,0,normal,72.0,72.0,56.696175,4.890660046453682,8.58981266662223,0.0,0.0,0.0,4.890660046453682,3.49930057643698,1
44,Robin_public_Cami,2016-07-11 08:00:00,0,normal,79.75,79.75,74.094,1.1776009294885776,10.0,0.0,0.0,0.0,1.1776009294885776,3.49930057643698,0
44,Robin_public_Cami,2016-07-11 09:00:00,0,normal,80.75,80.75,81.620026,0.0,3.810064933383005,0.0,0.0,0.0,0.0,3.49930057643698,0
44,Robin_public_Cami,2016-07-11 10:00:00,1,spike,86.75,159.40799989282613,87.4011,10.0,10.0,0.0,0.0,0.0,10.0,3.49930057643698,1
44,Robin_public_Cami,2016-07-11 11:00:00,0,normal,96.5,96.5,100.330444,0.2222436144778579,10.0,0.0,0.0,0.0,0.2222436144778579,3.49930057643698,0
44,Robin_public_Cami,2016-07-11 12:00:00,0,normal,100.0,100.0,102.320076,0.0,0.1718603613069243,0.0,0.0,0.0,0.0,3.49930057643698,0
44,Robin_public_Cami,2016-07-11 13:00:00,0,normal,95.75,95.75,100.1452,0.0796059391911028,0.0,0.0,0.0,0.0,0.0796059391911028,3.49930057643698,0
44,Robin_public_Cami,2016-07-11 14:00:00,0,normal,92.5,92.5,98.87926,0.5649478211458695,1.1737947209439197,0.47236931680466,0.0,0.0,0.5649478211458695,3.49930057643698,0
44,Robin_public_Cami,2016-07-11 15:00:00,0,normal,92.75,92.75,98.56599,0.4271598778616343,0.0,0.0860450821616164,0.0,0.0,0.4271598778616343,3.49930057643698,0
44,Robin_public_Cami,2016-07-11 16:00:00,0,normal,95.75,95.75,98.13675,0.0,0.952225230682773,0.6535905570509466,0.0,0.0,0.0,3.49930057643698,0
44,Robin_public_Cami,2016-07-11 17:00:00,0,normal,92.5,92.5,99.70807,0.7676927510614796,2.24904709696427,0.6624782062719793,1.4258288904493628,0.0,0.7676927510614796,3.49930057643698,0
44,Robin_public_Cami,2016-07-11 18:00:00,0,normal,89.0,89.0,98.43432,1.880361124072705,3.562787898769165,0.6681459079523169,1.3485198580218307,0.0,1.880361124072705,3.49930057643698,0
44,Robin_public_Cami,2016-07-11 19:00:00,0,normal,86.5,86.5,95.65749,1.7971130723355548,0.0,0.1990419026149005,1.5542064464070415,0.1201910790453191,1.7971130723355548,3.49930057643698,0
44,Robin_public_Cami,2016-07-11 20:00:00,0,normal,82.25,82.25,92.7514,2.2012598330413,0.8645863685117772,0.2905650770016565,1.2370342357375714,0.252350506875673,2.2012598330413,3.49930057643698,0
44,Robin_public_Cami,2016-07-11 21:00:00,0,normal,78.5,78.5,85.951775,1.3767508599078355,2.465415397769154,0.1936758734209985,0.730775961054198,0.2767892432409303,1.3767508599078355,3.49930057643698,0
44,Robin_public_Cami,2016-07-11 22:00:00,0,normal,74.75,74.75,75.94287,0.0,4.568470376033379,0.0682280649319841,0.4194930540051239,0.2561769672075271,0.0,3.49930057643698,0
44,Robin_public_Cami,2016-07-11 23:00:00,0,normal,78.5,78.5,72.581924,0.894848085161862,2.7332817499251694,0.0899978151954613,0.3327669151620418,3.582946815835595,0.894848085161862,3.49930057643698,0
44,Robin_public_Cami,2016-07-12 00:00:00,1,contextual_after_hours,78.75,122.62136695805432,80.55327,10.0,10.0,0.4869132334720057,0.5267658703101765,3.233936210894917,10.0,3.49930057643698,1
44,Robin_public_Cami,2016-07-12 01:00:00,1,contextual_after_hours,78.25,122.12136695805432,88.66482,10.0,10.0,0.0,0.0,1.670970157558383,10.0,3.49930057643698,1
44,Robin_public_Cami,2016-07-12 02:00:00,1,contextual_after_hours,78.25,122.12136695805432,94.618515,8.639367151661785,7.112805728580807,0.0,0.0,0.9324584081428904,8.639367151661785,3.49930057643698,1
44,Robin_public_Cami,2016-07-12 03:00:00,1,contextual_after_hours,78.75,122.62136695805432,97.20032,7.924347162921577,2.0484579752920578,1.4825226088156558,0.0,0.4816834908754117,7.924347162921577,3.49930057643698,1
44,Robin_public_Cami,2016-07-12 04:00:00,1,contextual_after_hours,78.25,122.12136695805432,98.03056,7.467458231369952,1.0654398126606175,1.4730518014967713,0.0,0.1386731633066121,7.467458231369952,3.49930057643698,1
44,Robin_public_Cami,2016-07-12 05:00:00,1,contextual_after_hours,77.75,121.62136695805432,99.17486,6.906173672577331,1.4630006439488434,1.457183073113275,0.0,0.0,6.906173672577331,3.49930057643698,1
44,Robin_public_Cami,2016-07-12 06:00:00,0,normal,79.25,79.25,99.72626,6.284138428402984,1.6943522208298658,1.2462091105279314,3.103937058018884,0.0,6.284138428402984,3.49930057643698,1
44,Robin_public_Cami,2016-07-12 07:00:00,0,normal,79.5,79.5,93.13093,4.246829407672653,7.084016845470943,0.0,0.0,0.0,4.246829407672653,3.49930057643698,1
44,Robin_public_Cami,2016-07-12 08:00:00,0,normal,82.75,82.75,93.89475,3.290000828303399,2.9693167013112283,0.0,0.0,0.0,3.290000828303399,3.49930057643698,0
44,Robin_public_Cami,2016-07-12 09:00:00,0,normal,83.5,83.5,96.237656,3.9030449288091553,1.660112026622642,0.3626857783307465,0.0,0.0,3.9030449288091553,3.49930057643698,1
44,Robin_public_Cami,2016-07-12 10:00:00,0,normal,87.75,87.75,96.73794,2.459929984493851,4.821198974557992,0.2928304821640945,0.0,0.0,2.459929984493851,3.49930057643698,0
44,Robin_public_Cami,2016-07-12 11:00:00,0,normal,93.5,93.5,97.17481,0.176086543700686,8.022872538679998,0.0,0.0,0.0,0.176086543700686,3.49930057643698,0
44,Robin_public_Cami,2016-07-12 12:00:00,0,normal,95.5,95.5,97.66794,0.0,0.0,0.0,0.0,0.0,0.0,3.49930057643698,0
44,Robin_public_Cami,2016-07-12 13:00:00,0,normal,98.0,98.0,98.80165,0.0,0.0,0.0,0.0,0.0,0.0,3.49930057643698,0
44,Robin_public_Cami,2016-07-12 14:00:00,0,normal,96.75,96.75,98.627075,0.0,0.0,0.0670744442130622,0.0,0.0,0.0,3.49930057643698,0
44,Robin_public_Cami,2016-07-12 15:00:00,0,normal,98.0,98.0,100.03246,0.0,0.0,0.5246507187148207,0.0,0.0,0.0,3.49930057643698,0
44,Robin_public_Cami,2016-07-12 16:00:00,0,normal,97.0,97.0,96.9164,0.0,0.0,0.9002366366963965,0.3295740927111,0.0,0.0,3.49930057643698,0
44,Robin_public_Cami,2016-07-12 17:00:00,0,normal,93.5,93.5,97.27154,0.0,0.0,0.9525711046808242,1.3141949226347696,0.2424652743883919,0.0,3.49930057643698,0
44,Robin_public_Cami,2016-07-12 18:00:00,0,normal,91.5,91.5,95.30499,0.2308974128062183,0.2048158724537792,0.0289634290769805,1.3135874600902224,1.6176243899903897,0.2308974128062183,3.49930057643698,0
44,Robin_public_Cami,2016-07-12 19:00:00,0,normal,88.5,88.5,93.3625,0.5631771969501774,0.5909015820971337,0.0,0.761415857015104,2.0750438859733737,0.5631771969501774,3.49930057643698,0
44,Robin_public_Cami,2016-07-12 20:00:00,0,normal,83.75,83.75,90.11693,1.0358818075538785,1.125669294273065,0.0,0.376750842785829,2.7778672950883827,1.0358818075538785,3.49930057643698,0
44,Robin_public_Cami,2016-07-12 21:00:00,0,normal,80.5,80.5,86.51548,0.925453496056934,0.0,0.0,0.0,2.883924346642684,0.925453496056934,3.49930057643698,0
44,Robin_public_Cami,2016-07-12 22:00:00,0,normal,76.0,76.0,85.20196,1.926674981418724,3.138374362787314,0.0,0.0,2.489816152428093,1.926674981418724,3.49930057643698,0
44,Robin_public_Cami,2016-07-12 23:00:00,0,normal,79.5,79.5,87.09338,1.421245810297389,1.2502914056273904,0.0,0.0,1.57585132953306,1.421245810297389,3.49930057643698,0
44,Robin_public_Cami,2016-07-13 00:00:00,0,normal,83.4167,83.4167,83.69585,0.0,4.737916644354207,0.0128936865881813,0.0,1.278117856005929,0.0,3.49930057643698,0
44,Robin_public_Cami,2016-07-13 01:00:00,0,normal,79.0,79.0,86.75676,1.8573349521527984,6.398637177711177,0.0,0.1580250915902792,1.1284345923533432,1.8573349521527984,3.49930057643698,0
44,Robin_public_Cami,2016-07-13 02:00:00,0,normal,79.75,79.75,84.77191,0.825233895017969,3.255970363198077,0.0,0.5207486377050453,1.0009859706737092,0.825233895017969,3.49930057643698,0
44,Robin_public_Cami,2016-07-13 03:00:00,0,normal,79.5,79.5,85.015465,0.9974770183950228,0.0,0.0,0.6592522209301483,0.8954257388853024,0.9974770183950228,3.49930057643698,0
44,Robin_public_Cami,2016-07-13 04:00:00,0,normal,79.25,79.25,82.76113,0.2979927713029611,1.9892945550650931,1.0812650310696854,0.5379180199617091,0.9060886080791228,0.2979927713029611,3.49930057643698,0
44,Robin_public_Cami,2016-07-13 05:00:00,0,normal,79.75,79.75,79.97509,0.0,0.4603293187973543,1.199622151767105,0.7463054100851493,0.9675275248754228,0.0,3.49930057643698,0
44,Robin_public_Cami,2016-07-13 06:00:00,0,normal,80.25,80.25,77.685486,0.0,0.0,1.041194021766788,0.3817653043833359,0.6694679882243038,0.0,3.49930057643698,0
44,Robin_public_Cami,2016-07-13 07:00:00,0,normal,79.5,79.5,78.4291,0.0,0.0,0.5947683780031232,1.982606213548526,1.7273641844109424,0.0,3.49930057643698,0
44,Robin_public_Cami,2016-07-13 08:00:00,0,normal,81.75,81.75,80.821594,0.0,0.0,0.7826194681154847,2.257712016481091,3.5515870400587515,0.0,3.49930057643698,0
44,Robin_public_Cami,2016-07-13 09:00:00,0,normal,82.75,82.75,87.146965,0.6930498858702047,1.964791134148192,0.0,1.0707110379689408,4.250362353529891,0.6930498858702047,3.49930057643698,0
44,Robin_public_Cami,2016-07-13 10:00:00,0,normal,86.0,86.0,90.50516,0.7346887889967326,0.0,0.0,0.5648764261684588,3.7723319481088966,0.7346887889967326,3.49930057643698,0
44,Robin_public_Cami,2016-07-13 11:00:00,0,normal,95.25,95.25,93.59048,0.0,2.1233609648815936,0.0,0.0,3.2298727369126765,0.0,3.49930057643698,0
44,Robin_public_Cami,2016-07-13 12:00:00,0,normal,99.75,99.75,97.92175,0.0,0.0,0.0,0.0,0.5588183126970376,0.0,3.49930057643698,0
44,Robin_public_Cami,2016-07-13 13:00:00,0,normal,96.75,96.75,99.959496,0.0,0.0,0.0,0.0,0.0,0.0,3.49930057643698,0
44,Robin_public_Cami,2016-07-13 14:00:00,0,normal,92.75,92.75,100.15086,0.2959881553319062,0.4526953133037481,0.0,0.0,0.0,0.2959881553319062,3.49930057643698,0
44,Robin_public_Cami,2016-07-13 15:00:00,0,normal,109.0,109.0,98.91767,0.8544037619200326,1.4520750615898017,0.0,0.0,0.0,0.8544037619200326,3.49930057643698,0
44,Robin_public_Cami,2016-07-13 16:00:00,0,normal,108.25,108.25,97.706215,0.9505021203593546,0.0,0.0,0.0,0.0,0.9505021203593546,3.49930057643698,0
44,Robin_public_Cami,2016-07-13 17:00:00,0,normal,107.0,107.0,96.63891,0.9124561695097416,0.0,0.0,0.0,0.0,0.9124561695097416,3.49930057643698,0
44,Robin_public_Cami,2016-07-13 18:00:00,0,normal,105.0,105.0,93.532936,2.638392820492876,5.898244400509134,0.3042381497619319,0.0,0.0,2.638392820492876,3.49930057643698,0
44,Robin_public_Cami,2016-07-13 19:00:00,0,normal,97.25,97.25,89.007126,1.6253218367325324,3.1834997819085813,0.0,0.0,0.0,1.6253218367325324,3.49930057643698,0
44,Robin_public_Cami,2016-07-13 20:00:00,0,normal,93.25,93.25,84.85805,1.6721636734122307,0.0,0.0,0.0,0.0,1.6721636734122307,3.49930057643698,0
44,Robin_public_Cami,2016-07-13 21:00:00,0,normal,89.0,89.0,81.55892,1.3733899461399266,0.4633033658199827,0.0,0.0,0.0,1.3733899461399266,3.49930057643698,0
44,Robin_public_Cami,2016-07-13 22:00:00,0,normal,84.75,84.75,81.54592,0.0420845375552937,4.395404397277272,0.0,0.0,0.1932145216373054,0.0420845375552937,3.49930057643698,0
44,Robin_public_Cami,2016-07-13 23:00:00,0,normal,89.25,89.25,81.21781,1.5591223833082817,5.102713161727523,0.0,0.0,0.0588384642408251,1.5591223833082817,3.49930057643698,0
44,Robin_public_Cami,2016-07-14 00:00:00,0,normal,80.5833,80.5833,82.38691,0.0,5.262980063484234,0.0,0.0,0.0,0.0,3.49930057643698,0
44,Robin_public_Cami,2016-07-14 01:00:00,0,normal,87.1667,87.1667,80.658844,1.4283840206818006,4.765100473115402,0.0,0.0,0.0,1.4283840206818006,3.49930057643698,0
44,Robin_public_Cami,2016-07-14 02:00:00,0,normal,86.5,86.5,81.77377,0.7220440465135233,2.0154026270939496,0.0,0.0,0.0,0.7220440465135233,3.49930057643698,0
44,Robin_public_Cami,2016-07-14 03:00:00,0,normal,87.0,87.0,82.817505,0.5322893214847577,0.0481357356844827,0.0,0.0,0.0,0.5322893214847577,3.49930057643698,0
44,Robin_public_Cami,2016-07-14 04:00:00,0,normal,86.25,86.25,82.82854,0.2666998027439574,0.336930816719138,1.004754581100902,0.0414861879097169,0.0,0.2666998027439574,3.49930057643698,0
44,Robin_public_Cami,2016-07-14 05:00:00,0,normal,85.0,85.0,82.93629,0.0,0.3411590151880464,0.9335030915176048,0.0319016045029405,0.0,0.0,3.49930057643698,0
44,Robin_public_Cami,2016-07-14 06:00:00,0,normal,87.25,87.25,83.48163,0.3537000561816427,0.6724745500727225,0.2221724066157918,0.1656045396106248,0.1865553203018809,0.3537000561816427,3.49930057643698,0
44,Robin_public_Cami,2016-07-14 07:00:00,0,normal,87.0,87.0,84.40306,0.0,0.6724745500727225,0.1134163485428278,1.4130226982289942,1.3600518818410832,0.0,3.49930057643698,0
44,Robin_public_Cami,2016-07-14 08:00:00,0,normal,90.75,90.75,86.98329,0.4504895482085908,1.041069594972141,0.0146571947949832,1.4023565549967578,2.4875408946255453,0.4504895482085908,3.49930057643698,0
44,Robin_public_Cami,2016-07-14 09:00:00,0,normal,93.75,93.75,91.899506,0.0,1.041069594972141,0.0,0.3388097355485929,2.9833192672007995,0.0,3.49930057643698,0
44,Robin_public_Cami,2016-07-14 10:00:00,0,normal,90.75,90.75,95.72039,0.9137381278129336,2.8052190643310047,0.0,0.0,1.954872312152071,0.9137381278129336,3.49930057643698,0
44,Robin_public_Cami,2016-07-14 11:00:00,0,normal,94.5,94.5,96.734,0.0,2.8052190643310047,0.0,0.0,1.8296444216341865,0.0,3.49930057643698,0
44,Robin_public_Cami,2016-07-14 12:00:00,0,normal,98.5,98.5,98.10355,0.0,0.0,0.0,0.0,1.3033239835276311,0.0,3.49930057643698,0
44,Robin_public_Cami,2016-07-14 13:00:00,0,normal,98.0,98.0,99.95712,0.0,0.0,0.0,0.0,1.040398475671378,0.0,3.49930057643698,0
44,Robin_public_Cami,2016-07-14 14:00:00,0,normal,93.75,93.75,101.285324,0.8477463348731794,2.553908231179308,0.0,0.0,0.664606967513825,0.8477463348731794,3.49930057643698,0
44,Robin_public_Cami,2016-07-14 15:00:00,0,normal,92.0,92.0,100.44333,1.0698635825946703,0.1713791297262904,0.0,0.0,0.7183726544310857,1.0698635825946703,3.49930057643698,0
44,Robin_public_Cami,2016-07-14 16:00:00,0,normal,94.0,94.0,98.06445,0.0,3.399778120382194,0.0,0.0,0.5362594204664701,0.0,3.49930057643698,0
44,Robin_public_Cami,2016-07-14 17:00:00,0,normal,93.75,93.75,96.29873,0.0,0.0,0.0,0.0,0.3654361993264206,0.0,3.49930057643698,0
44,Robin_public_Cami,2016-07-14 18:00:00,0,normal,86.0,86.0,94.63578,1.6402211013872083,5.571821292067855,0.0,0.0,0.4003754170939506,1.6402211013872083,3.49930057643698,0
44,Robin_public_Cami,2016-07-14 19:00:00,0,normal,85.0,85.0,89.60741,0.4287903315278359,3.938896186334943,0.0,0.0,0.0,0.4287903315278359,3.49930057643698,0
44,Robin_public_Cami,2016-07-14 20:00:00,0,normal,80.5,80.5,85.5788,0.5705487959923813,0.0,0.0,0.0,0.0,0.5705487959923813,3.49930057643698,0
44,Robin_public_Cami,2016-07-14 21:00:00,0,normal,75.75,75.75,82.05504,0.9393098577139446,0.7298300738693739,0.0,0.0,0.0,0.9393098577139446,3.49930057643698,0
44,Robin_public_Cami,2016-07-14 22:00:00,0,normal,72.25,72.25,77.907394,0.7445474110194454,0.0672062086621789,0.0,0.0,0.0,0.7445474110194454,3.49930057643698,0
44,Robin_public_Cami,2016-07-14 23:00:00,0,normal,78.0,78.0,75.72764,0.0,2.1609047018204803,0.0,0.0,0.0,0.0,3.49930057643698,0
44,Robin_public_Cami,2016-07-15 00:00:00,0,normal,78.9167,78.9167,76.664055,0.0,0.0,0.0,0.0,0.0,0.0,3.49930057643698,0
44,Robin_public_Cami,2016-07-15 01:00:00,0,normal,73.4167,73.4167,78.39396,0.9026821393877744,2.763115500559388,0.0,0.0,0.0,0.9026821393877744,3.49930057643698,0
44,Robin_public_Cami,2016-07-15 02:00:00,0,normal,72.75,72.75,76.77256,0.5747793443859586,0.5742330731961529,0.0,0.0,0.0,0.5747793443859586,3.49930057643698,0
44,Robin_public_Cami,2016-07-15 03:00:00,0,normal,75.5,75.5,74.70241,0.0,1.5143916678866394,0.0,0.0,0.0,0.0,3.49930057643698,0
44,Robin_public_Cami,2016-07-15 04:00:00,0,normal,74.5,74.5,75.27713,0.0,0.0,0.0,0.0,0.0,0.0,3.49930057643698,0
44,Robin_public_Cami,2016-07-15 05:00:00,0,normal,73.75,73.75,74.976074,0.0,0.0,0.0,0.1052586318090955,0.0418960621505168,0.0,3.49930057643698,0
44,Robin_public_Cami,2016-07-15 06:00:00,0,normal,76.5,76.5,75.337,0.0,0.0,0.3127547765146074,0.2564514898481834,1.0833987769080289,0.0,3.49930057643698,0
44,Robin_public_Cami,2016-07-15 07:00:00,0,normal,77.75,77.75,76.71835,0.0,0.0,0.0,0.8106954751455496,1.897083643391625,0.0,3.49930057643698,0
44,Robin_public_Cami,2016-07-15 08:00:00,0,normal,78.5,78.5,82.1973,0.4237785192443412,0.9393482953330636,0.0,0.4977624302540692,3.369372418753309,0.4237785192443412,3.49930057643698,0
44,Robin_public_Cami,2016-07-15 09:00:00,0,normal,79.0,79.0,87.340485,2.2107513485706765,6.13068319552458,0.2197332004331389,0.4846332065821303,3.867145588967372,2.2107513485706765,3.49930057643698,0
44,Robin_public_Cami,2016-07-15 10:00:00,0,normal,87.5,87.5,90.25567,0.061381177612416,7.510769624463152,0.5651305423646399,0.2888050356504688,3.389182551882313,0.061381177612416,3.49930057643698,0
44,Robin_public_Cami,2016-07-15 11:00:00,0,normal,96.25,96.25,94.923355,0.0,0.0,0.0,0.0,1.564557977830588,0.0,3.49930057643698,0
44,Robin_public_Cami,2016-07-15 12:00:00,0,normal,99.5,99.5,100.221016,0.0,0.0,0.0,0.0,0.024066787845037,0.0,3.49930057643698,0
44,Robin_public_Cami,2016-07-15 13:00:00,0,normal,96.25,96.25,102.11747,0.4397537507473841,1.000185386734507,0.0,0.0,0.0,0.4397537507473841,3.49930057643698,0
44,Robin_public_Cami,2016-07-15 14:00:00,0,normal,96.25,96.25,102.15755,0.4495574873017474,0.0,0.0,0.0,0.0,0.4495574873017474,3.49930057643698,0
44,Robin_public_Cami,2016-07-15 15:00:00,0,normal,101.25,101.25,101.66662,0.0,1.0375201080948744,0.0,0.0,0.0,0.0,3.49930057643698,0
44,Robin_public_Cami,2016-07-15 16:00:00,0,normal,101.25,101.25,101.70648,0.0,0.0,0.0,0.0,0.0,0.0,3.49930057643698,0
44,Robin_public_Cami,2016-07-15 17:00:00,0,normal,100.5,100.5,100.1913,0.0,0.0,0.0,0.2568934317970017,0.0,0.0,3.49930057643698,0
44,Robin_public_Cami,2016-07-15 18:00:00,0,normal,97.25,97.25,98.43942,0.0,0.0,0.9220919630953668,0.365102764662634,0.0,0.0,3.49930057643698,0
44,Robin_public_Cami,2016-07-15 19:00:00,0,normal,92.5,92.5,95.21324,0.0,0.0,0.0,0.3485262334683893,0.0,0.0,3.49930057643698,0
44,Robin_public_Cami,2016-07-15 20:00:00,0,normal,89.75,89.75,90.50475,0.0,0.0,0.0,0.0016640271023344,0.0929316463960523,0.0,3.49930057643698,0
44,Robin_public_Cami,2016-07-15 21:00:00,0,normal,85.25,85.25,84.31107,0.0,0.0,0.0,0.0,0.6025178363496402,0.0,3.49930057643698,0
44,Robin_public_Cami,2016-07-15 22:00:00,0,normal,82.5,82.5,80.72643,0.0,0.0,0.0,0.0,1.1599424561312943,0.0,3.49930057643698,0
44,Robin_public_Cami,2016-07-15 23:00:00,0,normal,85.25,85.25,79.34674,0.8184850065238387,2.4424748471324227,0.0,0.0,0.6470705822046613,0.8184850065238387,3.49930057643698,0
44,Robin_public_Cami,2016-08-28 00:00:00,0,normal,51.4167,51.4167,56.801514,2.233758737332717,4.715173690949742,0.0,0.0,0.0,2.233758737332717,3.49930057643698,0
44,Robin_public_Cami,2016-08-28 01:00:00,0,normal,51.3333,51.3333,50.282963,0.0,7.83213929755876,0.0,0.0,0.0,0.0,3.49930057643698,0
44,Robin_public_Cami,2016-08-28 02:00:00,0,normal,52.0,52.0,46.058212,2.5651341196318818,9.094087483867204,0.876347150574124,0.0,0.0,2.5651341196318818,3.49930057643698,0
44,Robin_public_Cami,2016-08-28 03:00:00,0,normal,51.0,51.0,46.490242,1.7131385928656782,2.570090060877924,1.3075938627593453,0.0,0.0,1.7131385928656782,3.49930057643698,0
44,Robin_public_Cami,2016-08-28 04:00:00,0,normal,51.25,51.25,47.375748,0.5238412518382577,3.854607365066824,1.200622047763128,0.4022560318762836,0.0,0.5238412518382577,3.49930057643698,0
44,Robin_public_Cami,2016-08-28 05:00:00,0,normal,51.5,51.5,46.677277,0.8496050148582212,0.5660871828429661,1.2160289729152636,2.7021414482020143,0.0,0.8496050148582212,3.49930057643698,0
44,Robin_public_Cami,2016-08-28 06:00:00,0,normal,49.5,49.5,47.583504,0.0,2.560986481288828,1.4726424859669902,3.1792928389426174,0.0,0.0,3.49930057643698,0
44,Robin_public_Cami,2016-08-28 07:00:00,0,normal,55.0,55.0,59.356003,0.677285181626052,1.9047557754846536,0.8726905418956841,2.533131182794396,0.0,0.677285181626052,3.49930057643698,0
44,Robin_public_Cami,2016-08-28 08:00:00,0,normal,75.75,75.75,73.067505,0.0332196431729174,1.7782482837059488,0.2088557890594155,1.731346603162372,0.0,0.0332196431729174,3.49930057643698,0
44,Robin_public_Cami,2016-08-28 09:00:00,0,normal,89.75,89.75,81.980804,1.3903915315043185,4.49390947323113,0.0,0.0,0.589433034025224,1.3903915315043185,3.49930057643698,0
44,Robin_public_Cami,2016-08-28 10:00:00,0,normal,90.0,90.0,90.164085,0.0,4.620416965009834,0.0,0.0,1.1620797753613714,0.0,3.49930057643698,0
44,Robin_public_Cami,2016-08-28 11:00:00,0,normal,93.5,93.5,97.55226,0.2880297155502387,0.4223878759237034,0.0,0.0,0.4969648462466648,0.2880297155502387,3.49930057643698,0
44,Robin_public_Cami,2016-08-28 12:00:00,0,normal,100.75,100.75,102.16149,0.0,0.4223878759237034,0.4173084914101783,0.0,0.091925842088948,0.0,3.49930057643698,0
44,Robin_public_Cami,2016-08-28 13:00:00,0,normal,102.75,102.75,104.81845,0.0,0.0,0.0,0.0,0.0,0.0,3.49930057643698,0
44,Robin_public_Cami,2016-08-28 14:00:00,0,normal,100.75,100.75,104.81845,0.0,0.0,0.0,0.0,0.0,0.0,3.49930057643698,0
44,Robin_public_Cami,2016-08-28 15:00:00,0,normal,100.5,100.5,104.81845,0.0608308412019738,0.0,0.8296117822095155,0.2766717509912159,0.0,0.0608308412019738,3.49930057643698,0
44,Robin_public_Cami,2016-08-28 16:00:00,0,normal,102.25,102.25,104.81845,0.0,0.0,0.7819875816977571,0.4289556264356008,0.0,0.0,3.49930057643698,0
44,Robin_public_Cami,2016-08-28 17:00:00,0,normal,101.25,101.25,104.81845,0.0,0.0,0.946152844066242,0.9139581781885132,0.0,0.0,3.49930057643698,0
44,Robin_public_Cami,2016-08-28 18:00:00,0,normal,103.5,103.5,102.957695,0.0,0.0,0.9857233312145702,2.433389058901526,0.0,0.0,3.49930057643698,0
44,Robin_public_Cami,2016-08-28 19:00:00,0,normal,102.0,102.0,100.765205,0.0,0.0,0.8321496065320562,2.160573558385521,0.5746496557716111,0.0,3.49930057643698,0
44,Robin_public_Cami,2016-08-28 20:00:00,0,normal,101.0,101.0,98.03371,0.0,0.0,0.8179796430715165,2.228463869584032,2.44038697928212,0.0,3.49930057643698,0
44,Robin_public_Cami,2016-08-28 21:00:00,0,normal,96.25,96.25,89.020096,1.217439662139705,3.96177933070818,0.7534070626535626,2.2626708251753485,4.74939738554376,1.217439662139705,3.49930057643698,0
44,Robin_public_Cami,2016-08-28 22:00:00,0,normal,54.75,54.75,70.397896,3.748936192534845,8.965988364268838,0.0752826247817073,1.2443495374290283,5.647095446879105,3.748936192534845,3.49930057643698,1
44,Robin_public_Cami,2016-08-28 23:00:00,0,normal,52.25,52.25,54.8396,0.0,10.0,0.0,0.0,0.7623989800705293,0.0,3.49930057643698,0
44,Robin_public_Cami,2016-08-29 00:00:00,0,normal,50.4167,50.4167,65.81792,4.482915460489972,10.0,0.0,0.0,0.0,4.482915460489972,3.49930057643698,1
44,Robin_public_Cami,2016-08-29 01:00:00,0,normal,52.3333,52.3333,60.168655,3.691724693989456,2.3385325552967444,0.3588684588727127,0.0,0.0,3.691724693989456,3.49930057643698,1
44,Robin_public_Cami,2016-08-29 02:00:00,0,normal,51.75,51.75,56.239616,0.7351954228665979,10.0,0.8557422393384319,0.0,0.0,0.7351954228665979,3.49930057643698,0
44,Robin_public_Cami,2016-08-29 03:00:00,0,normal,51.0,51.0,55.750664,0.8248552703182225,0.0,0.916560045568191,0.0,0.0,0.8248552703182225,3.49930057643698,0
44,Robin_public_Cami,2016-08-29 04:00:00,0,normal,51.75,51.75,57.181496,1.0586951541996836,0.2160214303648842,1.1273558384535,1.893805503200431,0.0,1.0586951541996836,3.49930057643698,0
44,Robin_public_Cami,2016-08-29 05:00:00,0,normal,51.0,51.0,58.993355,1.9385963950252076,2.67636097635893,1.3116544282690323,2.625207839409174,0.0,1.9385963950252076,3.49930057643698,0
44,Robin_public_Cami,2016-08-29 06:00:00,0,normal,51.25,51.25,65.60315,4.524783253428701,9.174260806717347,1.312043621542048,2.687593106555871,0.0,4.524783253428701,3.49930057643698,1
44,Robin_public_Cami,2016-08-29 07:00:00,0,normal,50.75,50.75,74.15926,8.010115947025628,10.0,1.3544705795266616,2.90162783141758,0.0,8.010115947025628,3.49930057643698,1
44,Robin_public_Cami,2016-08-29 08:00:00,0,normal,53.75,53.75,79.993256,9.100805040789869,3.4790861120231007,1.476325388971244,3.059204487421755,0.0,9.100805040789869,3.49930057643698,1
44,Robin_public_Cami,2016-08-29 09:00:00,0,normal,56.75,56.75,82.36558,8.8592371542429,0.2454513140208752,0.6054561849652941,2.257675621089078,0.9874562343604604,8.8592371542429,3.49930057643698,1
44,Robin_public_Cami,2016-08-29 10:00:00,0,normal,58.25,58.25,84.91028,9.26130024175567,0.8566512962427065,0.1325810812642444,1.4001845838007203,10.0,9.26130024175567,3.49930057643698,1
44,Robin_public_Cami,2016-08-29 11:00:00,0,normal,61.25,61.25,86.21009,6.488836991738089,9.88364106580146,0.3462999529494835,0.993793933224743,8.7758723098375,6.488836991738089,3.49930057643698,1
44,Robin_public_Cami,2016-08-29 12:00:00,0,normal,63.5,63.5,87.25966,4.816563161848348,5.693884923709298,0.3399383056333922,0.6781935332108925,6.757994389944926,4.816563161848348,3.49930057643698,1
44,Robin_public_Cami,2016-08-29 13:00:00,0,normal,61.5,61.5,88.50476,5.610384009650744,2.3485484662727583,0.2092232783199704,0.4964805337471153,5.357571901040572,5.610384009650744,3.49930057643698,1
44,Robin_public_Cami,2016-08-29 14:00:00,0,normal,59.75,59.75,87.526535,5.799176391597495,0.0444709278205768,0.7474106855451229,0.7697617438187556,4.744802570479377,5.799176391597495,3.49930057643698,1
44,Robin_public_Cami,2016-08-29 15:00:00,0,normal,59.25,59.25,87.037,5.801736971561817,0.0,0.4128283284222355,1.2043529419529022,4.512775847808917,5.801736971561817,3.49930057643698,1
44,Robin_public_Cami,2016-08-29 16:00:00,0,normal,59.25,59.25,84.94015,5.288801667761199,1.2788763610187386,0.715449388916791,1.4644992285770069,4.448526287395624,5.288801667761199,3.49930057643698,1
44,Robin_public_Cami,2016-08-29 17:00:00,0,normal,58.75,58.75,81.10206,4.472234210188275,2.4351724114355537,1.382609579124077,1.528768768425516,4.325223036661684,4.472234210188275,3.49930057643698,1
44,Robin_public_Cami,2016-08-29 18:00:00,0,normal,55.5,55.5,78.726906,6.028130371883265,5.250693922959022,1.3546139432309934,1.3081098428350268,4.4063689584303205,6.028130371883265,3.49930057643698,1
44,Robin_public_Cami,2016-08-29 19:00:00,0,normal,54.75,54.75,75.43182,5.262761770545369,2.240196238738058,0.0828259104595446,1.0477003381569368,4.371845690305812,5.262761770545369,3.49930057643698,1
44,Robin_public_Cami,2016-08-29 20:00:00,0,normal,53.0,53.0,70.42652,4.283812496287968,3.053557029003334,0.0,0.6949429194626697,4.411796664264871,4.283812496287968,3.49930057643698,1
44,Robin_public_Cami,2016-08-29 21:00:00,0,normal,50.0,50.0,63.38592,3.068705036898534,3.952897804837467,0.0404692093415509,0.0963333746359134,2.750902730835463,3.068705036898534,3.49930057643698,0
44,Robin_public_Cami,2016-08-29 22:00:00,0,normal,44.25,44.25,57.596554,3.0568662113290355,0.0,0.0,0.0,0.0,3.0568662113290355,3.49930057643698,0
44,Robin_public_Cami,2016-08-29 23:00:00,0,normal,48.75,48.75,54.221863,0.7546438036854636,8.092863567350182,0.0,0.0,0.0,0.7546438036854636,3.49930057643698,0
44,Robin_public_Cami,2016-08-30 00:00:00,0,normal,68.25,68.25,57.974976,2.7222631871232084,6.818623831736221,0.0,0.0,0.0,2.7222631871232084,3.49930057643698,0
44,Robin_public_Cami,2016-08-30 01:00:00,0,normal,48.5833,48.5833,56.85334,2.0336272970859395,1.9479816958697709,0.0,0.0,0.0,2.0336272970859395,3.49930057643698,0
44,Robin_public_Cami,2016-08-30 02:00:00,0,normal,48.5,48.5,53.804382,1.0150365524229852,3.204520209592667,0.0,0.0,0.0,1.0150365524229852,3.49930057643698,0
44,Robin_public_Cami,2016-08-30 03:00:00,0,normal,48.25,48.25,53.43151,0.972834896963305,0.0,0.0,0.0,0.0,0.972834896963305,3.49930057643698,0
44,Robin_public_Cami,2016-08-30 04:00:00,0,normal,48.75,48.75,53.22287,0.729443629402829,0.2523951381123929,1.1071852652841294,0.0,0.0,0.729443629402829,3.49930057643698,0
44,Robin_public_Cami,2016-08-30 05:00:00,0,normal,48.5,48.5,52.771183,0.6601718589648052,0.0,0.9141025489058644,0.0,0.0,0.6601718589648052,3.49930057643698,0
44,Robin_public_Cami,2016-08-30 06:00:00,0,normal,73.25,73.25,53.488007,6.606428912673164,10.0,0.9230958020650932,0.0,0.0,6.606428912673164,3.49930057643698,1
44,Robin_public_Cami,2016-08-30 07:00:00,0,normal,90.25,90.25,57.941917,10.0,10.0,0.0,0.0,0.0,10.0,3.49930057643698,1
44,Robin_public_Cami,2016-08-30 08:00:00,0,normal,91.75,91.75,70.784355,7.069665747293901,10.0,0.0,0.0,0.0,7.069665747293901,3.49930057643698,1
44,Robin_public_Cami,2016-08-30 09:00:00,0,normal,98.0,98.0,79.713875,6.038426824293558,3.252687172395485,0.0,0.0,0.0,6.038426824293558,3.49930057643698,1
44,Robin_public_Cami,2016-08-30 10:00:00,0,normal,103.25,103.25,85.94176,4.219465403107807,6.25250258113937,0.0,0.0,0.0,4.219465403107807,3.49930057643698,1
44,Robin_public_Cami,2016-08-30 11:00:00,0,normal,112.5,112.5,92.56988,4.9970578418513245,2.2867472206991377,0.0,0.0,0.0,4.9970578418513245,3.49930057643698,1
44,Robin_public_Cami,2016-08-30 12:00:00,0,normal,116.75,116.75,98.12312,3.560975684357456,4.794416621226771,0.0,0.0,0.0,3.560975684357456,3.49930057643698,1
44,Robin_public_Cami,2016-08-30 13:00:00,0,normal,111.5,111.5,103.003265,1.082927766086112,8.762444640947127,0.0,0.0,0.0,1.082927766086112,3.49930057643698,0
44,Robin_public_Cami,2016-08-30 14:00:00,0,normal,110.25,110.25,104.41126,0.4327252200289885,1.8016193185772809,0.1868220592642477,0.0,0.0,0.4327252200289885,3.49930057643698,0
44,Robin_public_Cami,2016-08-30 15:00:00,0,normal,112.25,112.25,104.78957,0.8294247506823962,0.8362257268963263,0.0613754821260512,0.1792625317218941,0.0,0.8294247506823962,3.49930057643698,0
44,Robin_public_Cami,2016-08-30 16:00:00,0,normal,113.0,113.0,104.38627,1.111547659492006,0.3998934950753345,0.9767628296530768,0.7205240710668581,0.0,1.111547659492006,3.49930057643698,0
44,Robin_public_Cami,2016-08-30 17:00:00,0,normal,112.75,112.75,104.304855,1.0703077648333792,0.0,0.7885551757237783,1.6351794270594309,0.1222654152969769,1.0703077648333792,3.49930057643698,0
44,Robin_public_Cami,2016-08-30 18:00:00,0,normal,110.25,110.25,103.82401,0.9756821254955852,0.0,1.4157536193684732,1.670171009826842,1.4838685060504608,0.9756821254955852,3.49930057643698,0
44,Robin_public_Cami,2016-08-30 19:00:00,0,normal,105.75,105.75,102.7174,0.0,3.041115029160838,0.7698841200282669,2.3584237422787155,3.002431918232049,0.0,3.49930057643698,0
44,Robin_public_Cami,2016-08-30 20:00:00,0,normal,101.75,101.75,98.66266,0.0,0.0,0.1346490227482326,1.4206234825036217,3.921640057900941,0.0,3.49930057643698,0
44,Robin_public_Cami,2016-08-30 21:00:00,0,normal,96.75,96.75,92.95169,0.1854749339221481,0.0318373776492471,0.0,0.7508526812559928,5.152880946286333,0.1854749339221481,3.49930057643698,0
44,Robin_public_Cami,2016-08-30 22:00:00,0,normal,91.75,91.75,85.627914,0.8842914396603434,1.986751653463327,0.0,0.3078174037373312,4.791194353784924,0.8842914396603434,3.49930057643698,0
44,Robin_public_Cami,2016-08-30 23:00:00,0,normal,89.75,89.75,83.92183,0.8665991494692539,0.0,0.0,0.0409288203372883,3.304046897590939,0.8665991494692539,3.49930057643698,0
44,Robin_public_Cami,2016-08-31 00:00:00,0,normal,92.0833,92.0833,79.81065,3.408370384362053,9.005116632083164,0.0014251922070705,0.0,2.3325486844878567,3.408370384362053,3.49930057643698,0
44,Robin_public_Cami,2016-08-31 01:00:00,0,normal,87.1667,87.1667,82.22565,0.8902467482929933,8.91506152829387,0.7793294932301731,0.2071747458874558,2.202285827671751,0.8902467482929933,3.49930057643698,0
44,Robin_public_Cami,2016-08-31 02:00:00,0,normal,88.25,88.25,81.65118,1.4596279137124368,1.4938342501662971,0.2323477438634948,0.3322602431586349,1.6148395884015885,1.4596279137124368,3.49930057643698,0
44,Robin_public_Cami,2016-08-31 03:00:00,0,normal,81.5,81.5,80.878525,0.0,4.884083886637747,0.1216074474858064,0.7166172468048642,1.191790595134858,0.0,3.49930057643698,0
44,Robin_public_Cami,2016-08-31 04:00:00,0,normal,78.0,78.0,79.33519,0.0,0.0,0.0,0.4358833261854991,0.6985712199896057,0.0,3.49930057643698,0
44,Robin_public_Cami,2016-08-31 05:00:00,0,normal,75.5,75.5,77.312706,0.0,0.0,0.0,0.0,0.274821937760336,0.0,3.49930057643698,0
44,Robin_public_Cami,2016-08-31 06:00:00,0,normal,77.0,77.0,75.02049,0.0,0.0,0.0,0.0,0.0,0.0,3.49930057643698,0
44,Robin_public_Cami,2016-08-31 07:00:00,0,normal,78.75,78.75,75.390015,0.2939582792095636,0.4449651117623782,0.3208916349958799,0.0,0.067123378025131,0.2939582792095636,3.49930057643698,0
44,Robin_public_Cami,2016-08-31 08:00:00,0,normal,81.25,81.25,79.34209,0.0,0.4449651117623782,0.1485732467491501,0.0,0.5223444209365044,0.0,3.49930057643698,0
44,Robin_public_Cami,2016-08-31 09:00:00,0,normal,88.75,88.75,88.10481,0.0,0.0,0.0,0.6780581731415495,1.1444087939892262,0.0,3.49930057643698,0
44,Robin_public_Cami,2016-08-31 10:00:00,0,normal,95.0,95.0,95.051544,0.0,0.0,0.0,0.0,1.63816795582007,0.0,3.49930057643698,0
44,Robin_public_Cami,2016-08-31 11:00:00,0,normal,103.0,103.0,99.423904,0.1468093076211808,0.0,0.0,0.0,1.388443556957831,0.1468093076211808,3.49930057643698,0
44,Robin_public_Cami,2016-08-31 12:00:00,0,normal,113.0,113.0,102.20723,1.6445868753740258,5.029365912087436,0.0,0.0,0.5455476254828904,1.6445868753740258,3.49930057643698,0
44,Robin_public_Cami,2016-08-31 13:00:00,0,normal,114.5,114.5,104.36145,1.4845506276038658,0.0,0.0,0.0,0.0,1.4845506276038658,3.49930057643698,0
44,Robin_public_Cami,2016-08-31 14:00:00,0,normal,112.75,112.75,104.81845,0.9446713785081124,1.3814846557607203,0.0,0.0,0.0,0.9446713785081124,3.49930057643698,0
44,Robin_public_Cami,2016-08-31 15:00:00,0,normal,117.0,117.0,104.81845,1.984311635509329,3.28468124549595,0.5707175630138807,0.0,0.0,1.984311635509329,3.49930057643698,0
44,Robin_public_Cami,2016-08-31 16:00:00,0,normal,118.5,118.5,104.81845,2.351243490921523,0.7228640658078316,0.0,0.0,0.0,2.351243490921523,3.49930057643698,0
44,Robin_public_Cami,2016-08-31 17:00:00,0,normal,116.75,116.75,102.99068,2.370268674708917,0.0,0.0,0.0,0.0,2.370268674708917,3.49930057643698,0
44,Robin_public_Cami,2016-08-31 18:00:00,0,normal,112.25,112.25,101.32738,2.3279306779428564,0.0,0.6145330843852979,0.7347417268317286,0.0,2.3279306779428564,3.49930057643698,0
44,Robin_public_Cami,2016-08-31 19:00:00,0,normal,109.25,109.25,99.24298,2.052586209610385,0.3740797469122262,0.0,0.6593373912972172,0.0,2.052586209610385,3.49930057643698,0
44,Robin_public_Cami,2016-08-31 20:00:00,0,normal,105.5,105.5,93.97449,2.5092344907631925,1.0645233645762335,0.0,0.2793884528287664,0.0,2.5092344907631925,3.49930057643698,0
44,Robin_public_Cami,2016-08-31 21:00:00,0,normal,105.0,105.0,91.24272,3.180381183251745,1.881379098617488,0.0,0.0,0.5011843686697444,3.180381183251745,3.49930057643698,0
44,Robin_public_Cami,2016-08-31 22:00:00,0,normal,98.0,98.0,89.8658,1.591175719963565,5.377542853139297,0.0,0.0,1.3971372937581,1.591175719963565,3.49930057643698,0
44,Robin_public_Cami,2016-08-31 23:00:00,0,normal,98.0,98.0,89.217606,1.794844217625139,0.1011223516993948,0.0,0.0,1.6809731017982457,1.794844217625139,3.49930057643698,0
44,Robin_public_Cami,2016-09-01 00:00:00,0,normal,88.3333,88.3333,86.169945,0.0,6.160659122277151,0.0,0.0,1.3212158297151142,0.0,3.49930057643698,0
44,Robin_public_Cami,2016-09-01 01:00:00,0,normal,94.9167,94.9167,82.15866,3.5750843617125967,10.0,0.0,0.0,0.4872830980036353,3.5750843617125967,3.49930057643698,1
44,Robin_public_Cami,2016-09-01 02:00:00,0,normal,93.25,93.25,81.08306,3.372063864920482,0.098654626075763,0.0,0.0,0.3301782553008308,3.372063864920482,3.49930057643698,0
44,Robin_public_Cami,2016-09-01 03:00:00,0,normal,91.75,91.75,81.755554,2.625895097636391,2.1670791725471026,0.0,0.0,0.1950787480302545,2.625895097636391,3.49930057643698,0
44,Robin_public_Cami,2016-09-01 04:00:00,0,normal,91.75,91.75,81.40131,2.7475632171426563,0.0,0.204778543508154,0.1819033858756148,0.1695571544742325,2.7475632171426563,3.49930057643698,0
44,Robin_public_Cami,2016-09-01 05:00:00,0,normal,91.25,91.25,82.287575,2.2714352570666634,1.1387061397613605,0.6309936970075517,0.2795189044678765,0.2998223713489778,2.2714352570666634,3.49930057643698,0
44,Robin_public_Cami,2016-09-01 06:00:00,0,normal,91.5,91.5,82.765724,2.362305680766977,0.0,1.2269957767802226,0.6588106249838489,0.5262927498063245,2.362305680766977,3.49930057643698,0
44,Robin_public_Cami,2016-09-01 07:00:00,0,normal,92.25,92.25,84.08585,2.1428858970536155,0.1611066110223574,1.2587349151839744,1.114558516853478,0.7865426325021815,2.1428858970536155,3.49930057643698,0
44,Robin_public_Cami,2016-09-01 08:00:00,0,normal,92.0,92.0,87.98627,0.5455593180013221,5.408469795382914,0.8409630510677094,1.8766405090726053,1.2064738777367752,0.5455593180013221,3.49930057643698,0
44,Robin_public_Cami,2016-09-01 09:00:00,0,normal,93.0,93.0,92.10019,0.0,1.4031155705370573,0.9918863296192622,2.560135307163469,1.7141837275195442,0.0,3.49930057643698,0
44,Robin_public_Cami,2016-09-01 10:00:00,0,normal,94.0,94.0,94.58055,0.0,0.0,0.7902011081028746,1.949804018453043,3.525282174482289,0.0,3.49930057643698,0
44,Robin_public_Cami,2016-09-01 11:00:00,0,normal,100.25,100.25,96.697586,0.1397858482509988,0.0,0.3149425512206874,1.346231776665967,4.364716907589587,0.1397858482509988,3.49930057643698,0
44,Robin_public_Cami,2016-09-01 12:00:00,0,normal,103.25,103.25,99.75586,0.0,0.0,0.0,0.0052326286188659,3.452516328308312,0.0,3.49930057643698,0
44,Robin_public_Cami,2016-09-01 13:00:00,0,normal,100.75,100.75,102.07179,0.0,0.0,0.0,0.0,2.139521075129644,0.0,3.49930057643698,0
44,Robin_public_Cami,2016-09-01 14:00:00,0,normal,99.75,99.75,102.668564,0.0,0.0,0.0,0.0,1.5648435007922532,0.0,3.49930057643698,0
44,Robin_public_Cami,2016-09-01 15:00:00,0,normal,101.5,101.5,102.46677,0.0,0.0,0.0,0.0,1.2607861708866388,0.0,3.49930057643698,0
44,Robin_public_Cami,2016-09-01 16:00:00,0,normal,99.75,99.75,102.09492,0.0,0.0,0.2632856879110484,0.0,0.8521047468333675,0.0,3.49930057643698,0
44,Robin_public_Cami,2016-09-01 17:00:00,0,normal,95.75,95.75,100.34332,0.1280703273204967,0.0,0.0465333285415762,0.60308667558216,0.5157097155499212,0.1280703273204967,3.49930057643698,0
44,Robin_public_Cami,2016-09-01 18:00:00,0,normal,94.25,94.25,97.87169,0.1323608230822454,0.0,0.0,0.0,0.2647669049806847,0.1323608230822454,3.49930057643698,0
44,Robin_public_Cami,2016-09-01 19:00:00,0,normal,91.25,91.25,94.598625,0.0502438839431113,0.0,0.0,0.0,0.0719118151314975,0.0502438839431113,3.49930057643698,0
44,Robin_public_Cami,2016-09-01 20:00:00,0,normal,88.75,88.75,90.51159,0.0,0.0,0.0,0.0,0.0,0.0,3.49930057643698,0
44,Robin_public_Cami,2016-09-01 21:00:00,0,normal,85.5,85.5,86.25295,0.0,0.0,0.0,0.0,0.0,0.0,3.49930057643698,0
44,Robin_public_Cami,2016-09-01 22:00:00,0,normal,83.0,83.0,82.770164,0.0,0.0,0.0,0.0,0.0,0.0,3.49930057643698,0
44,Robin_public_Cami,2016-09-01 23:00:00,0,normal,82.0,82.0,81.44373,0.0,0.0,0.0,0.0,0.0,0.0,3.49930057643698,0
44,Robin_public_Cami,2016-09-02 00:00:00,0,normal,85.5,85.5,82.887825,0.090365657233684,0.0,0.0,0.0,0.0,0.090365657233684,3.49930057643698,0
44,Robin_public_Cami,2016-09-02 01:00:00,0,normal,79.9167,79.9167,83.27974,0.3482590372143092,0.3076222776158526,0.0,0.0,0.0,0.3482590372143092,3.49930057643698,0
44,Robin_public_Cami,2016-09-02 02:00:00,0,normal,79.25,79.25,81.85056,0.0863773977111982,0.3228104211526726,0.0,0.0,0.0,0.0863773977111982,3.49930057643698,0
44,Robin_public_Cami,2016-09-02 03:00:00,0,normal,80.75,80.75,80.59768,0.0,0.0,0.0,0.0,0.0,0.0,3.49930057643698,0
44,Robin_public_Cami,2016-09-02 04:00:00,0,normal,80.0,80.0,80.085045,0.0,0.0,0.2708243060885178,0.0152225560037365,0.0,0.0,3.49930057643698,0
44,Robin_public_Cami,2016-09-02 05:00:00,0,normal,78.0,78.0,80.17167,0.0,0.0,0.3114948054957921,0.0648940603307808,0.0324653109442451,0.0,3.49930057643698,0
44,Robin_public_Cami,2016-09-02 06:00:00,0,normal,79.25,79.25,80.07008,0.0,0.0,0.0,0.0030245354147713,0.4727076699161025,0.0,3.49930057643698,0
44,Robin_public_Cami,2016-09-02 07:00:00,0,normal,79.5,79.5,80.072716,0.0,0.0,0.1522896798593785,1.2112255772734064,1.2177675145230138,0.0,3.49930057643698,0
44,Robin_public_Cami,2016-09-02 08:00:00,0,normal,81.25,81.25,82.45974,0.0,0.0,0.3549120934045348,1.274608565931243,2.1707619196942587,0.0,3.49930057643698,0
44,Robin_public_Cami,2016-09-02 09:00:00,0,normal,87.75,87.75,85.04891,0.0403752744344186,0.0,0.1284246475242341,1.0004793695874126,3.479644659108073,0.0403752744344186,3.49930057643698,0
44,Robin_public_Cami,2016-09-02 10:00:00,0,normal,90.0,90.0,93.15742,0.0226384378217365,0.0,0.0,0.0,2.7751932793115426,0.0226384378217365,3.49930057643698,0
44,Robin_public_Cami,2016-09-02 11:00:00,0,normal,98.0,98.0,96.84974,0.0,0.0,0.0,0.0,1.6573728300719928,0.0,3.49930057643698,0
44,Robin_public_Cami,2016-09-02 12:00:00,0,normal,113.0,113.0,99.756454,2.2440985231724286,7.871515409014928,0.0,0.0,0.2281666555898799,2.2440985231724286,3.49930057643698,0
44,Robin_public_Cami,2016-09-02 13:00:00,0,normal,113.0,113.0,102.55667,1.5591060564775958,1.934106762110236,0.0,0.0,0.0,1.5591060564775958,3.49930057643698,0
44,Robin_public_Cami,2016-09-02 14:00:00,0,normal,111.25,111.25,104.16348,0.7379586694349586,2.452613760420579,0.0,0.0,0.0,0.7379586694349586,3.49930057643698,0
44,Robin_public_Cami,2016-09-02 15:00:00,0,normal,112.5,112.5,103.91791,1.1038080639292902,0.7187418235864323,0.3747295895733005,0.0,0.0,1.1038080639292902,3.49930057643698,0
44,Robin_public_Cami,2016-09-02 16:00:00,0,normal,112.75,112.75,103.535225,1.2585757131285449,0.0,0.508120864584399,0.0,0.0,1.2585757131285449,3.49930057643698,0
44,Robin_public_Cami,2016-09-02 17:00:00,0,normal,110.5,110.5,102.49394,0.9628977807906008,0.4515139179271046,0.6355834084045225,0.0,0.0,0.9628977807906008,3.49930057643698,0
44,Robin_public_Cami,2016-09-02 18:00:00,0,normal,107.0,107.0,100.72639,1.0065613109095903,0.0,0.3488849238057215,1.6326027984215008,0.0,1.0065613109095903,3.49930057643698,0
44,Robin_public_Cami,2016-09-02 19:00:00,0,normal,104.25,104.25,97.30517,1.2174646429160636,0.1286741451260566,0.0,0.709763176987766,0.0,1.2174646429160636,3.49930057643698,0
44,Robin_public_Cami,2016-09-02 20:00:00,0,normal,101.5,101.5,95.86136,0.8070472095103458,0.8884664285987981,0.0,0.2683917042476282,0.0,0.8070472095103458,3.49930057643698,0
44,Robin_public_Cami,2016-09-02 21:00:00,0,normal,98.5,98.5,91.908485,1.1064490105395628,0.4656952047456892,0.0,0.0,0.4016309448829269,1.1064490105395628,3.49930057643698,0
44,Robin_public_Cami,2016-09-02 22:00:00,0,normal,93.75,93.75,89.410164,0.3989502928858948,2.019815369614652,0.0,0.0,0.889818442194971,0.3989502928858948,3.49930057643698,0
44,Robin_public_Cami,2016-09-02 23:00:00,0,normal,93.5,93.5,86.93917,1.0968073592025238,1.9830979033581804,0.0,0.0,1.134114173770528,1.0968073592025238,3.49930057643698,0
44,Robin_public_Cami,2016-09-03 00:00:00,0,normal,67.6667,67.6667,79.32348,3.196843266468743,7.322894218157839,0.0,0.0,0.8267329156052822,3.196843266468743,3.49930057643698,0
44,Robin_public_Cami,2016-09-03 01:00:00,0,normal,90.3333,90.3333,73.653,4.9222319423978425,5.896157594540675,0.0,0.0,0.0,4.9222319423978425,3.49930057643698,1
44,Robin_public_Cami,2016-09-03 02:00:00,0,normal,90.0,90.0,76.24394,3.917865827915906,3.150349781683093,0.0,0.0,0.0,3.917865827915906,3.49930057643698,1
44,Robin_public_Cami,2016-09-03 03:00:00,0,normal,94.25,94.25,81.24524,3.6598238645668495,0.3081881147972553,0.0,0.0,0.0,3.6598238645668495,3.49930057643698,1
44,Robin_public_Cami,2016-09-03 04:00:00,0,normal,94.0,94.0,87.13089,1.5524610740955531,7.350796553291459,0.0,0.0,0.0,1.5524610740955531,3.49930057643698,0
44,Robin_public_Cami,2016-09-03 05:00:00,0,normal,90.25,90.25,89.245636,0.0,5.237612376177115,0.0,0.0,0.0,0.0,3.49930057643698,0
44,Robin_public_Cami,2016-09-03 06:00:00,0,normal,89.25,89.25,90.13473,0.0,0.0,0.0,0.0,0.0,0.0,3.49930057643698,0
44,Robin_public_Cami,2016-09-03 07:00:00,0,normal,87.5,87.5,90.80846,0.2741268743920917,0.3694428892975735,0.0,0.6104597968455037,0.0465079625077012,0.2741268743920917,3.49930057643698,0
44,Robin_public_Cami,2016-09-03 08:00:00,0,normal,87.0,87.0,90.32278,0.2796382079488573,0.0,0.1590171424288251,0.3350211730675321,0.1774629575324056,0.2796382079488573,3.49930057643698,0
44,Robin_public_Cami,2016-09-03 09:00:00,0,normal,92.5,92.5,89.28899,0.2366251417405146,0.0,0.2686287950124959,0.1505407512750748,0.3243856777104267,0.2366251417405146,3.49930057643698,0
44,Robin_public_Cami,2016-09-03 10:00:00,0,normal,92.75,92.75,93.17867,0.0,0.2266282867923196,0.0,0.27035042051626,0.4522334174565297,0.0,3.49930057643698,0
44,Robin_public_Cami,2016-09-03 11:00:00,0,normal,96.25,96.25,95.63587,0.0,0.0,0.0,0.4012930859427338,0.4557195631790007,0.0,3.49930057643698,0
44,Robin_public_Cami,2016-09-03 12:00:00,0,normal,99.75,99.75,97.9677,0.0,0.0,0.0,0.0025237676193262,0.3844280767837036,0.0,3.49930057643698,0
44,Robin_public_Cami,2016-09-03 13:00:00,0,normal,101.0,101.0,100.06764,0.0,0.0,0.0,0.0,2.5275851128890543,0.0,3.49930057643698,0
44,Robin_public_Cami,2016-09-03 14:00:00,0,normal,97.25,97.25,101.26961,0.0,0.0,0.0,0.0,1.6354522765569568,0.0,3.49930057643698,0
44,Robin_public_Cami,2016-09-03 15:00:00,0,normal,86.25,86.25,101.00316,2.613381931613082,9.277825450159638,0.0,0.0,1.4178148013419605,2.613381931613082,3.49930057643698,0
44,Robin_public_Cami,2016-09-03 16:00:00,0,normal,88.0,88.0,97.625656,1.359085941975915,4.102136092627877,0.0,0.0,0.9585144476899796,1.359085941975915,3.49930057643698,0
44,Robin_public_Cami,2016-09-03 17:00:00,0,normal,88.25,88.25,94.42403,0.0404990932580238,4.346969406588071,0.0,0.0,0.6203573350568642,0.0404990932580238,3.49930057643698,0
44,Robin_public_Cami,2016-09-03 18:00:00,0,normal,88.25,88.25,93.03603,0.5391497799061337,1.224477489917794,0.0362619701795513,0.0,0.3304763660651068,0.5391497799061337,3.49930057643698,0
44,Robin_public_Cami,2016-09-03 19:00:00,0,normal,85.5,85.5,90.925255,0.7399991373458383,0.0903864640023259,1.2841963149359392,0.0,0.1183926688317261,0.7399991373458383,3.49930057643698,0
44,Robin_public_Cami,2016-09-03 20:00:00,0,normal,84.0,84.0,89.310074,0.7038081850247839,0.0,0.0,0.0,0.0,0.7038081850247839,3.49930057643698,0
44,Robin_public_Cami,2016-09-03 21:00:00,0,normal,81.75,81.75,86.05269,0.3371541506662501,0.7218060639358995,0.0,0.2036408513094069,0.0,0.3371541506662501,3.49930057643698,0
44,Robin_public_Cami,2016-09-03 22:00:00,0,normal,44.5,44.5,77.53276,8.97699139052405,10.0,0.0,0.0,0.0,8.97699139052405,3.49930057643698,1
44,Robin_public_Cami,2016-09-03 23:00:00,0,normal,44.75,44.75,63.08454,4.556876384656083,10.0,0.0,0.0,0.0,4.556876384656083,3.49930057643698,1
44,Robin_public_Cami,2016-09-04 00:00:00,0,normal,41.4167,41.4167,51.623116,5.102402560790088,1.4029893592323377,0.0,0.0,0.0,5.102402560790088,3.49930057643698,1
44,Robin_public_Cami,2016-09-04 01:00:00,0,normal,44.5833,44.5833,44.35202,0.0,10.0,0.2101206317238943,0.0,0.0,0.0,3.49930057643698,0
44,Robin_public_Cami,2016-09-04 02:00:00,0,normal,45.25,45.25,42.572403,0.6230823550846033,1.698339842677008,0.2842821961356396,0.0,0.0,0.6230823550846033,3.49930057643698,0
44,Robin_public_Cami,2016-09-04 03:00:00,0,normal,45.0,45.0,40.62487,1.633040600519867,3.171645809967356,0.2757574319869065,0.0,0.0,1.633040600519867,3.49930057643698,0
44,Robin_public_Cami,2016-09-04 04:00:00,0,normal,44.5,44.5,39.043114,1.0674158688454345,1.479528948672221,1.3601784534642325,1.830527139427655,0.0,1.0674158688454345,3.49930057643698,0
44,Robin_public_Cami,2016-09-04 05:00:00,0,normal,45.75,45.75,36.03421,2.530187350724913,4.896055265197647,1.331365921451209,1.8787846318333643,0.0,2.530187350724913,3.49930057643698,0
44,Robin_public_Cami,2016-09-04 06:00:00,0,normal,46.25,46.25,38.024014,2.166685638206713,0.709801349519672,1.137157607898067,1.8159680286127136,0.0,2.166685638206713,3.49930057643698,0
44,Robin_public_Cami,2016-09-04 07:00:00,0,normal,56.75,56.75,44.313137,3.787281966026917,5.497085965509296,0.9574471410054934,2.688022702486278,0.0,3.787281966026917,3.49930057643698,1
44,Robin_public_Cami,2016-09-04 08:00:00,0,normal,78.75,78.75,65.127464,4.2435995371812085,1.063263950313395,0.0,0.4790782417714049,0.4460783377067782,4.2435995371812085,3.49930057643698,1
44,Robin_public_Cami,2016-09-04 09:00:00,0,normal,79.5,79.5,79.15089,0.0,10.0,0.0,0.0,0.614026292754736,0.0,3.49930057643698,0
44,Robin_public_Cami,2016-09-04 10:00:00,1,spike,79.5,0.01,83.5716,10.0,10.0,0.0,0.0,0.6592153824541187,10.0,3.49930057643698,1
44,Robin_public_Cami,2016-09-04 11:00:00,0,normal,81.75,81.75,71.985275,1.9822220682137413,10.0,0.0,0.0,0.0177176335813292,1.9822220682137413,3.49930057643698,0
44,Robin_public_Cami,2016-09-04 12:00:00,0,normal,89.75,89.75,76.20171,2.3186446204865216,0.6066781273860116,0.0,0.0,0.0,2.3186446204865216,3.49930057643698,0
44,Robin_public_Cami,2016-09-04 13:00:00,0,normal,90.0,90.0,81.80039,1.0102442480755127,4.308177130556117,0.0,0.0,0.0,1.0102442480755127,3.49930057643698,0
44,Robin_public_Cami,2016-09-04 14:00:00,0,normal,88.0,88.0,89.148125,0.0,3.1727349690673385,0.0,0.0,0.0,0.0,3.49930057643698,0
44,Robin_public_Cami,2016-09-04 15:00:00,0,normal,90.75,90.75,91.156166,0.0,0.0,0.8738542973398181,0.0,0.0,0.0,3.49930057643698,0
44,Robin_public_Cami,2016-09-04 16:00:00,0,normal,91.0,91.0,90.98811,0.0,0.0,0.7033739502399988,0.0,0.0,0.0,3.49930057643698,0
44,Robin_public_Cami,2016-09-04 17:00:00,0,normal,90.0,90.0,89.32753,0.0,0.0,0.5948524389332004,0.9070390161593288,0.0,0.0,3.49930057643698,0
44,Robin_public_Cami,2016-09-04 18:00:00,0,normal,89.5,89.5,86.8168,0.0,0.0,1.2607678721519668,2.3373657592929966,0.0,0.0,3.49930057643698,0
44,Robin_public_Cami,2016-09-04 19:00:00,0,normal,90.25,90.25,84.60032,0.7422278271723982,2.1520712314266874,1.0865038111309493,2.3271557889715733,0.0,0.7422278271723982,3.49930057643698,0
44,Robin_public_Cami,2016-09-04 20:00:00,0,normal,88.75,88.75,82.61355,0.8886116932547944,0.0,1.3749734197257153,2.3245160398986955,0.0,0.8886116932547944,3.49930057643698,0
44,Robin_public_Cami,2016-09-04 21:00:00,0,normal,85.5,85.5,75.266205,2.120783351321196,4.017881915672121,1.1029071210708072,2.5888885225644223,0.0,2.120783351321196,3.49930057643698,0
44,Robin_public_Cami,2016-09-04 22:00:00,0,normal,46.25,46.25,55.039528,1.7970856258797716,0.5582192707579057,0.3268832889597694,1.6653495544608958,0.0,1.7970856258797716,3.49930057643698,0
44,Robin_public_Cami,2016-09-04 23:00:00,0,normal,39.0,39.0,40.645084,0.0,6.169194883328817,0.0,0.0,1.2026750676268887,0.0,3.49930057643698,0
44,Robin_public_Cami,2016-09-05 00:00:00,0,normal,58.0,58.0,52.913822,0.9400916007325424,2.905578714233437,0.0,0.0,0.1482373903548152,0.9400916007325424,3.49930057643698,0
44,Robin_public_Cami,2016-09-05 01:00:00,0,normal,37.5833,37.5833,53.51684,4.665748871777811,10.0,0.0,0.0,0.0,4.665748871777811,3.49930057643698,1
44,Robin_public_Cami,2016-09-05 02:00:00,0,normal,38.0,38.0,52.20523,4.072139672283072,1.5860997752846815,0.0,0.0,0.0,4.072139672283072,3.49930057643698,1
44,Robin_public_Cami,2016-09-05 03:00:00,0,normal,37.75,37.75,50.774517,3.666609408609871,0.8698550431140339,0.0,0.0,0.0,3.666609408609871,3.49930057643698,1
44,Robin_public_Cami,2016-09-05 04:00:00,0,normal,38.0,38.0,49.07454,2.996866122996646,1.876034625685657,1.5322881090716158,0.0144286837183534,0.0,2.996866122996646,3.49930057643698,0
44,Robin_public_Cami,2016-09-05 05:00:00,0,normal,37.25,37.25,50.360935,3.6962907592085545,1.989067544109809,1.5932883809328071,0.0254249927180658,0.0,3.6962907592085545,3.49930057643698,1
44,Robin_public_Cami,2016-09-05 06:00:00,0,normal,51.75,51.75,56.986282,1.016069233719613,9.532364890235137,1.3931364290993848,0.0222812493142136,0.0,1.016069233719613,3.49930057643698,0
44,Robin_public_Cami,2016-09-05 07:00:00,0,normal,65.0,65.0,68.69766,0.4239165228017029,1.580553155903499,0.0,0.3977075720948727,0.0,0.4239165228017029,3.49930057643698,0
44,Robin_public_Cami,2016-09-05 08:00:00,0,normal,70.0,70.0,77.56817,1.913518112226604,4.998230041490593,0.0,0.0,0.1589096073574724,1.913518112226604,3.49930057643698,0
44,Robin_public_Cami,2016-09-05 09:00:00,0,normal,80.0,80.0,81.629875,0.0,6.612594643302892,0.0,0.0,0.5641581370301845,0.0,3.49930057643698,0
44,Robin_public_Cami,2016-09-05 10:00:00,0,normal,89.5,89.5,87.3745,0.0,0.0,0.0,0.0,0.7583511066952212,0.0,3.49930057643698,0
44,Robin_public_Cami,2016-09-05 11:00:00,0,normal,96.75,96.75,91.591995,0.985943350772136,3.080191965224107,0.0,0.0,0.0,0.985943350772136,3.49930057643698,0
44,Robin_public_Cami,2016-09-05 12:00:00,0,normal,100.0,100.0,97.03573,0.0,3.080191965224107,0.0,0.0,0.0,0.0,3.49930057643698,0
44,Robin_public_Cami,2016-09-05 13:00:00,0,normal,99.0,99.0,101.4246,0.0,0.0,0.0,0.0,0.0,0.0,3.49930057643698,0
44,Robin_public_Cami,2016-09-05 14:00:00,0,normal,96.5,96.5,103.27758,0.6623861005608233,1.8480168946496447,0.5731361595292478,0.0,0.0,0.6623861005608233,3.49930057643698,0
44,Robin_public_Cami,2016-09-05 15:00:00,0,normal,97.25,97.25,104.11207,0.6830536388442839,0.0,0.5242255435611964,0.019242710164416,0.0,0.6830536388442839,3.49930057643698,0
44,Robin_public_Cami,2016-09-05 16:00:00,0,normal,96.0,96.0,104.44236,1.069626560979897,0.7976614401837141,0.7731652969631589,0.831958359985035,0.0,1.069626560979897,3.49930057643698,0
44,Robin_public_Cami,2016-09-05 17:00:00,0,normal,95.5,95.5,102.86377,0.8057804448748142,0.3302915673612517,1.179364304763696,1.898771436654054,0.0,0.8057804448748142,3.49930057643698,0
44,Robin_public_Cami,2016-09-05 18:00:00,0,normal,93.75,93.75,103.01651,1.829896982909696,3.2255636102075127,1.0005367966268304,1.7639332758659785,0.4432248706489252,1.829896982909696,3.49930057643698,0
44,Robin_public_Cami,2016-09-05 19:00:00,0,normal,91.75,91.75,99.75284,1.4498798595129463,0.7726955592817852,0.8413744713543705,1.7810595880718183,1.3887379461130809,1.4498798595129463,3.49930057643698,0
44,Robin_public_Cami,2016-09-05 20:00:00,0,normal,86.75,86.75,96.747025,2.0495806162971983,1.609297725657335,0.5203243061212129,1.6085257950646976,2.47343392018087,2.0495806162971983,3.49930057643698,0
44,Robin_public_Cami,2016-09-05 21:00:00,0,normal,84.5,84.5,91.15153,1.0435075831478182,3.1568500923024625,0.0105914356928437,0.8163308692128232,4.347783608969832,1.0435075831478182,3.49930057643698,0
44,Robin_public_Cami,2016-09-05 22:00:00,0,normal,78.0,78.0,83.914986,0.8220114163882417,0.1690139208565172,0.0,0.5555285090642831,5.184109733415093,0.8220114163882417,3.49930057643698,0
44,Robin_public_Cami,2016-09-05 23:00:00,0,normal,77.75,77.75,78.79897,0.0,2.455904168591631,0.0,0.1727427570179689,3.5621084091202477,0.0,3.49930057643698,0
44,Robin_public_Cami,2016-09-06 00:00:00,0,normal,78.8333,78.8333,77.00266,0.1191780942253101,0.0,0.0,0.1039920563525567,2.654028505025858,0.1191780942253101,3.49930057643698,0
44,Robin_public_Cami,2016-09-06 01:00:00,0,normal,78.1667,78.1667,78.23459,0.0,0.0,1.1951843871420047,0.2608254223636697,2.4719780086509893,0.0,3.49930057643698,0
44,Robin_public_Cami,2016-09-06 02:00:00,0,normal,77.25,77.25,79.734795,0.5083732785476546,1.261503195112668,1.1821770754298906,0.6067263922106838,2.1923106803110293,0.5083732785476546,3.49930057643698,0
44,Robin_public_Cami,2016-09-06 03:00:00,0,normal,75.75,75.75,80.32837,1.7539592459975992,4.068966469025757,0.9433177647199912,0.9583174072465164,1.864601981338531,1.7539592459975992,3.49930057643698,0
44,Robin_public_Cami,2016-09-06 04:00:00,0,normal,76.0,76.0,80.50457,1.710051965029616,0.0,0.5871977400063937,1.9849306851660096,1.601918475176361,1.710051965029616,3.49930057643698,0
44,Robin_public_Cami,2016-09-06 05:00:00,0,normal,75.5,75.5,80.629166,2.08165926069858,0.7406691402562939,0.7771417700637566,1.6406586446307467,1.354636492915066,2.08165926069858,3.49930057643698,0
44,Robin_public_Cami,2016-09-06 06:00:00,0,normal,76.5,76.5,80.075516,0.1466373414768078,6.694485730226726,1.272982411336087,1.190260353126501,1.040337892450044,0.1466373414768078,3.49930057643698,0
44,Robin_public_Cami,2016-09-06 07:00:00,0,normal,77.5,77.5,78.58123,0.0,0.0,0.8235195846135873,1.363536767799986,1.196110961695832,0.0,3.49930057643698,0
44,Robin_public_Cami,2016-09-06 08:00:00,0,normal,80.75,80.75,81.800934,0.0,0.0,0.2613728796520997,1.5398015562196592,2.2968637355592114,0.0,3.49930057643698,0
44,Robin_public_Cami,2016-09-06 09:00:00,0,normal,102.75,102.75,84.583916,4.4738825255704,10.0,0.0,0.3995064007167442,3.466404830394205,4.4738825255704,3.49930057643698,1
44,Robin_public_Cami,2016-09-06 10:00:00,0,normal,109.25,109.25,97.14851,2.675254680886682,6.175067981713579,0.0,0.0,0.0,2.675254680886682,3.49930057643698,0
44,Robin_public_Cami,2016-09-06 11:00:00,0,normal,114.25,114.25,100.799675,3.0752909242344004,0.8489326410418567,0.0,0.0,0.0,3.0752909242344004,3.49930057643698,0
44,Robin_public_Cami,2016-09-06 12:00:00,0,normal,117.5,117.5,103.06807,2.534802734223988,1.3838036327393102,0.0,0.0,0.0,2.534802734223988,3.49930057643698,0
44,Robin_public_Cami,2016-09-06 13:00:00,0,normal,116.75,116.75,103.55822,2.2314355967453667,0.4807960523273927,0.0,0.0,0.0,2.2314355967453667,3.49930057643698,0
44,Robin_public_Cami,2016-09-06 14:00:00,0,normal,116.25,116.25,104.64524,1.843216587489832,0.8039300912859116,0.1490381570565405,0.0,0.0,1.843216587489832,3.49930057643698,0
44,Robin_public_Cami,2016-09-06 15:00:00,0,normal,113.75,113.75,103.921684,1.4086607857020812,0.9803904876185212,0.9164675929524124,0.0,0.0,1.4086607857020812,3.49930057643698,0
44,Robin_public_Cami,2016-09-06 16:00:00,0,normal,115.25,115.25,101.993965,2.2471536757974984,2.5186691383614237,0.2803472923889704,0.547477834635099,0.0,2.2471536757974984,3.49930057643698,0
44,Robin_public_Cami,2016-09-06 17:00:00,0,normal,114.75,114.75,100.34669,2.5278021981845025,0.3942787168772204,0.5034226338262242,1.4897742575323227,0.0,2.5278021981845025,3.49930057643698,0
44,Robin_public_Cami,2016-09-06 18:00:00,0,normal,110.75,110.75,98.91097,2.603516052609591,0.0,0.8753063286450893,1.608030580408888,0.0,2.603516052609591,3.49930057643698,0
44,Robin_public_Cami,2016-09-06 19:00:00,0,normal,106.75,106.75,97.323456,1.878023185457333,2.0883409316716657,0.0260058933250027,1.0767281173788092,0.0,1.878023185457333,3.49930057643698,0
44,Robin_public_Cami,2016-09-06 20:00:00,0,normal,103.0,103.0,92.2157,2.2863341842267686,0.8804446758952921,0.0,0.4875936108320001,0.7499078409814024,2.2863341842267686,3.49930057643698,0
44,Robin_public_Cami,2016-09-06 21:00:00,0,normal,101.5,101.5,89.31842,2.706529895486515,0.9257041977942514,0.0,0.1379416516009508,3.185310692644131,2.706529895486515,3.49930057643698,0
44,Robin_public_Cami,2016-09-06 22:00:00,0,normal,79.0,79.0,84.426254,0.6750379033734113,7.061864358879206,0.0,0.0,2.996460940892411,0.6750379033734113,3.49930057643698,0
44,Robin_public_Cami,2016-09-06 23:00:00,0,normal,81.0,81.0,79.71654,0.0,1.896197660227649,0.0,0.0,0.5386832918115242,0.0,3.49930057643698,0
44,Robin_public_Cami,2016-09-07 00:00:00,0,normal,82.0833,82.0833,77.10552,1.991590087800729,6.909909390384311,0.0,0.0,0.0,1.991590087800729,3.49930057643698,0
44,Robin_public_Cami,2016-09-07 01:00:00,0,normal,79.9167,79.9167,76.47929,1.0751403466152183,2.8155454668348714,0.3751681373400518,0.0,0.0,1.0751403466152183,3.49930057643698,0
44,Robin_public_Cami,2016-09-07 02:00:00,0,normal,79.5,79.5,75.93144,1.153165294342443,0.0,0.6461004828874379,0.0,0.0,1.153165294342443,3.49930057643698,0
44,Robin_public_Cami,2016-09-07 03:00:00,0,normal,79.75,79.75,76.165924,1.162397942899135,0.0,0.4595793612866993,0.0,0.0,1.162397942899135,3.49930057643698,0
44,Robin_public_Cami,2016-09-07 04:00:00,0,normal,80.0,80.0,76.02034,1.3977533153988693,0.22179273449717,1.4367574983801907,1.8396969264959888,0.0,1.3977533153988693,3.49930057643698,0
44,Robin_public_Cami,2016-09-07 05:00:00,0,normal,78.0,78.0,76.00045,0.2196737143870352,3.811887816713746,1.3827339624786834,1.9929983814647816,0.0,0.2196737143870352,3.49930057643698,0
44,Robin_public_Cami,2016-09-07 06:00:00,0,normal,80.0,80.0,75.67346,0.3693742272635251,0.0,0.6161115676314534,1.6400853600367926,0.0,0.3693742272635251,3.49930057643698,0
44,Robin_public_Cami,2016-09-07 07:00:00,0,normal,82.5,82.5,76.57038,0.844813099493957,1.136081946162911,0.5664762543884531,2.2392043250233145,0.3662295871764257,0.844813099493957,3.49930057643698,0
44,Robin_public_Cami,2016-09-07 08:00:00,0,normal,85.0,85.0,84.508026,0.0,2.5427378447699653,0.037828407825823,1.481162146325234,0.9713635852689672,0.0,3.49930057643698,0
44,Robin_public_Cami,2016-09-07 09:00:00,0,normal,103.5,103.5,92.702385,2.288554864577576,8.040814646082232,0.0,0.8017798836172517,2.025777954190497,2.288554864577576,3.49930057643698,0
44,Robin_public_Cami,2016-09-07 10:00:00,0,normal,110.25,110.25,100.519455,1.9720851165454376,0.5306935900056429,0.0,0.0,1.7215327389778834,1.9720851165454376,3.49930057643698,0
44,Robin_public_Cami,2016-09-07 11:00:00,0,normal,115.75,115.75,104.33236,2.4724409780105487,1.230971159582461,0.0,0.0,0.4285927553298735,2.4724409780105487,3.49930057643698,0
44,Robin_public_Cami,2016-09-07 12:00:00,0,normal,118.5,118.5,104.81845,2.351243490921523,0.0,0.0,0.0,0.0,2.351243490921523,3.49930057643698,0
44,Robin_public_Cami,2016-09-07 13:00:00,0,normal,116.75,116.75,104.81845,1.9231563262739635,0.95575653668857,0.0,0.0,0.0,1.9231563262739635,3.49930057643698,0
44,Robin_public_Cami,2016-09-07 14:00:00,0,normal,114.75,114.75,104.81845,1.433913852391038,1.188649007569308,0.4162331332263462,0.0,0.0,1.433913852391038,3.49930057643698,0
44,Robin_public_Cami,2016-09-07 15:00:00,0,normal,117.0,117.0,104.81845,1.984311635509329,1.4215414784500464,0.1794991376950508,0.0,0.0,1.984311635509329,3.49930057643698,0
44,Robin_public_Cami,2016-09-07 16:00:00,0,normal,116.75,116.75,104.81845,1.9231563262739635,0.0,0.5119541629661087,0.6474978791474776,0.0,1.9231563262739635,3.49930057643698,0
44,Robin_public_Cami,2016-09-07 17:00:00,0,normal,116.0,116.0,104.81845,1.7396903985678664,0.0241866531656182,0.5153637879732456,1.668796843976364,0.0,1.7396903985678664,3.49930057643698,0
44,Robin_public_Cami,2016-09-07 18:00:00,0,normal,112.0,112.0,104.81845,1.2028980969343788,1.3697289009300286,1.07335249218628,1.701883318334849,0.0,1.2028980969343788,3.49930057643698,0
44,Robin_public_Cami,2016-09-07 19:00:00,0,normal,109.0,109.0,103.57163,0.6756734372266576,1.3332932783086433,0.0,1.1523549018991956,0.0248721711930606,0.6756734372266576,3.49930057643698,0
44,Robin_public_Cami,2016-09-07 20:00:00,0,normal,104.75,104.75,97.477974,1.2301067466298603,1.4369096239070518,0.0,0.5513108775745631,0.8188402413327822,1.2301067466298603,3.49930057643698,0
44,Robin_public_Cami,2016-09-07 21:00:00,0,normal,102.5,102.5,91.706825,2.2890025086719867,3.3580103186885126,0.0,0.0667778493236636,3.078367929077263,2.2890025086719867,3.49930057643698,0
44,Robin_public_Cami,2016-09-07 22:00:00,0,normal,82.25,82.25,84.20446,0.0,8.042519370341271,0.0,0.0,2.934075875240096,0.0,3.49930057643698,0
44,Robin_public_Cami,2016-09-07 23:00:00,0,normal,84.0,84.0,80.51774,0.0904316491902705,0.0,0.0,0.0,0.5251588312347234,0.0904316491902705,3.49930057643698,0
44,Robin_public_Cami,2016-09-08 00:00:00,0,normal,78.4167,78.4167,77.415565,0.0,0.0,0.0,0.0,0.0,0.0,3.49930057643698,0
44,Robin_public_Cami,2016-09-08 01:00:00,0,normal,84.4167,84.4167,74.83078,2.485582002171836,8.79113604055489,0.0,0.0,0.0,2.485582002171836,3.49930057643698,0
44,Robin_public_Cami,2016-09-08 02:00:00,0,normal,83.5,83.5,75.55179,1.923091446539959,1.4675933373270669,0.0,0.0,0.0,1.923091446539959,3.49930057643698,0
44,Robin_public_Cami,2016-09-08 03:00:00,0,normal,83.25,83.25,76.225945,1.6056789207724016,0.5342838888535799,0.0,0.0,0.0,1.6056789207724016,3.49930057643698,0
44,Robin_public_Cami,2016-09-08 04:00:00,0,normal,83.25,83.25,76.28964,1.58380114235372,0.0,0.965884876333369,0.9445205717344872,0.0,1.58380114235372,3.49930057643698,0
44,Robin_public_Cami,2016-09-08 05:00:00,0,normal,82.25,82.25,77.501816,0.8240036380285983,2.218980312189021,1.509253994094149,0.9315029624360364,0.0,0.8240036380285983,3.49930057643698,0
44,Robin_public_Cami,2016-09-08 06:00:00,0,normal,82.75,82.75,78.428825,0.6638812190865555,0.0,0.9882161625572228,0.9576771309152604,0.0,0.6638812190865555,3.49930057643698,0
44,Robin_public_Cami,2016-09-08 07:00:00,0,normal,84.0,84.0,79.6908,0.6592713130214931,0.0,1.0623816041575425,2.233063388831822,0.3051162123456764,0.6592713130214931,3.49930057643698,0
44,Robin_public_Cami,2016-09-08 08:00:00,0,normal,86.0,86.0,85.789925,0.0,1.8361551188631584,0.6974793070707026,2.422655944017445,0.9682122918705408,0.0,3.49930057643698,0
44,Robin_public_Cami,2016-09-08 09:00:00,0,normal,102.75,102.75,90.143654,2.8249851502497783,10.0,0.246718183190526,1.534207454349077,2.125661759700725,2.8249851502497783,3.49930057643698,0
44,Robin_public_Cami,2016-09-08 10:00:00,0,normal,106.75,106.75,100.819305,0.8451321419460176,6.865212086435565,0.0,0.0,2.0794204877009204,0.8451321419460176,3.49930057643698,0
44,Robin_public_Cami,2016-09-08 11:00:00,0,normal,111.25,111.25,104.206505,1.1751645882593644,0.5823432399544961,0.0,0.0,0.8112064742437242,1.1751645882593644,3.49930057643698,0
44,Robin_public_Cami,2016-09-08 12:00:00,0,normal,114.25,114.25,104.81845,1.3116032339203063,0.0,0.0,0.0,0.1031111251881063,1.3116032339203063,3.49930057643698,0
44,Robin_public_Cami,2016-09-08 13:00:00,0,normal,115.0,115.0,104.81845,1.4950691616264036,0.0241866531656182,0.0,0.0,0.0,1.4950691616264036,3.49930057643698,0
44,Robin_public_Cami,2016-09-08 14:00:00,0,normal,112.25,112.25,104.81845,0.8223607600373809,1.8873264202115223,0.064187398645051,0.0,0.0,0.8223607600373809,3.49930057643698,0
44,Robin_public_Cami,2016-09-08 15:00:00,0,normal,115.0,115.0,104.81845,1.4950691616264036,1.8873264202115223,0.3204525157605576,0.0,0.0,1.4950691616264036,3.49930057643698,0
44,Robin_public_Cami,2016-09-08 16:00:00,0,normal,112.75,112.75,104.81845,0.9446713785081124,1.4215414784500464,0.2280339304436368,0.3984377030831321,0.0,0.9446713785081124,3.49930057643698,0
44,Robin_public_Cami,2016-09-08 17:00:00,0,normal,112.0,112.0,104.81845,0.7612054508020152,0.0241866531656185,0.2802605962907033,1.2348889763356738,0.0,0.7612054508020152,3.49930057643698,0
44,Robin_public_Cami,2016-09-08 18:00:00,0,normal,107.0,107.0,104.73804,0.0,2.2243420728925707,0.2192256419328347,1.3799242736842126,0.0,0.0,3.49930057643698,0
44,Robin_public_Cami,2016-09-08 19:00:00,0,normal,102.5,102.5,101.11942,0.0,0.0,0.0,0.4396561772057757,0.0,0.0,3.49930057643698,0
44,Robin_public_Cami,2016-09-08 20:00:00,0,normal,98.75,98.75,96.14693,0.0,0.0,0.0,0.0,0.6429677383138903,0.0,3.49930057643698,0
44,Robin_public_Cami,2016-09-08 21:00:00,0,normal,97.0,97.0,88.81291,1.5052883163934496,5.0579684460447485,0.0,0.0,1.9405318188835103,1.5052883163934496,3.49930057643698,0
44,Robin_public_Cami,2016-09-08 22:00:00,0,normal,73.75,73.75,85.54076,2.7401000162354325,4.0279357582580095,0.0,0.0,1.4458225823714628,2.7401000162354325,3.49930057643698,0
44,Robin_public_Cami,2016-09-08 23:00:00,0,normal,71.75,71.75,78.68315,1.213794486725858,5.138006479616017,0.0,0.0,0.0,1.213794486725858,3.49930057643698,0
44,Robin_public_Cami,2016-09-09 00:00:00,0,normal,76.6667,76.6667,75.34308,0.0,3.9478977246867415,0.0,0.0,0.0,0.0,3.49930057643698,0
44,Robin_public_Cami,2016-09-09 01:00:00,0,normal,73.5,73.5,74.63322,0.0,0.0,0.0,0.0,0.0,0.0,3.49930057643698,0
44,Robin_public_Cami,2016-09-09 02:00:00,0,normal,74.25,74.25,72.77383,0.0,0.0,0.0,0.0,0.0,0.0,3.49930057643698,0
44,Robin_public_Cami,2016-09-09 03:00:00,0,normal,74.5,74.5,72.84878,0.0,0.0,0.2628675466258394,0.0,0.0,0.0,3.49930057643698,0
44,Robin_public_Cami,2016-09-09 04:00:00,0,normal,75.25,75.25,74.167145,0.0,0.0,1.0659633409293072,1.3617334010953417,0.0,0.0,3.49930057643698,0
44,Robin_public_Cami,2016-09-09 05:00:00,0,normal,72.75,72.75,75.13818,0.0134331267996109,0.0,1.0762515351421138,1.342909727463475,0.0,0.0134331267996109,3.49930057643698,0
44,Robin_public_Cami,2016-09-09 06:00:00,0,normal,72.5,72.5,73.75259,0.0,0.0,0.5109598254790128,1.6090211297306425,0.0,0.0,3.49930057643698,0
44,Robin_public_Cami,2016-09-09 07:00:00,0,normal,75.75,75.75,74.19179,0.0,0.0,0.4002114910978127,1.9403159023960623,0.3243305768161834,0.0,3.49930057643698,0
44,Robin_public_Cami,2016-09-09 08:00:00,0,normal,77.75,77.75,79.336174,0.0,0.0,0.2775982854385162,1.7124578704939677,0.9942242539400076,0.0,3.49930057643698,0
44,Robin_public_Cami,2016-09-09 09:00:00,0,normal,101.75,101.75,90.27216,2.4902937790513784,8.809079492618753,0.0,1.221050961724626,2.1711225785405364,2.4902937790513784,3.49930057643698,0
44,Robin_public_Cami,2016-09-09 10:00:00,0,normal,110.25,110.25,101.42058,1.70483162649037,2.31671677066946,0.0,0.0,1.5137511178860057,1.70483162649037,3.49930057643698,0
44,Robin_public_Cami,2016-09-09 11:00:00,0,normal,115.25,115.25,104.81845,2.1799876596675567,1.1350048346774912,0.0,0.0,0.2328125432436231,2.1799876596675567,3.49930057643698,0
44,Robin_public_Cami,2016-09-09 12:00:00,0,normal,117.5,117.5,104.81845,2.1066222539800603,0.0,0.0,0.0,0.0,2.1066222539800603,3.49930057643698,0
44,Robin_public_Cami,2016-09-09 13:00:00,0,normal,114.25,114.25,104.81845,1.3116032339203063,2.353111361972997,0.0,0.0,0.0,1.3116032339203063,3.49930057643698,0
44,Robin_public_Cami,2016-09-09 14:00:00,0,normal,114.5,114.5,104.81845,1.372758543155672,0.0,0.3712219169515681,0.0,0.0,1.372758543155672,3.49930057643698,0
44,Robin_public_Cami,2016-09-09 15:00:00,0,normal,114.25,114.25,104.81845,1.3116032339203063,0.0,0.3112827039776332,0.0414746132146017,0.0,1.3116032339203063,3.49930057643698,0
44,Robin_public_Cami,2016-09-09 16:00:00,0,normal,114.5,114.5,104.81845,1.372758543155672,0.0,1.5383387697770006,1.0350844774595287,0.0,1.372758543155672,3.49930057643698,0
44,Robin_public_Cami,2016-09-09 17:00:00,0,normal,110.75,110.75,104.81845,0.4554289046251868,2.818896303734474,1.5391719342577903,1.8154579748095536,0.0,0.4554289046251868,3.49930057643698,0
44,Robin_public_Cami,2016-09-09 18:00:00,0,normal,108.0,108.0,104.81845,0.0,1.0598797184888809,0.194894841859305,1.1530317604657172,0.0,0.0,3.49930057643698,0
44,Robin_public_Cami,2016-09-09 19:00:00,0,normal,105.5,105.5,101.734116,0.1757239632495958,0.0,0.0,0.8545596799462006,0.0,0.1757239632495958,3.49930057643698,0
44,Robin_public_Cami,2016-09-09 20:00:00,0,normal,102.75,102.75,96.67508,0.8701077924373508,1.9698710750253368,0.0223107024157034,0.4522049911251398,0.7289945867060771,0.8701077924373508,3.49930057643698,0
44,Robin_public_Cami,2016-09-09 21:00:00,0,normal,100.5,100.5,91.398125,1.7803872896995767,2.7920478609655235,0.0252057136898735,0.2270059536554068,3.410500008847794,1.7803872896995767,3.49930057643698,0
44,Robin_public_Cami,2016-09-09 22:00:00,0,normal,81.75,81.75,86.924164,0.5992281214998881,3.823615465884196,0.0642698802655227,0.1405691918063484,3.249524048456471,0.5992281214998881,3.49930057643698,0
44,Robin_public_Cami,2016-09-09 23:00:00,0,normal,80.75,80.75,81.61967,0.0,1.6074978296127047,0.0,0.0,0.9267772413661628,0.0,3.49930057643698,0
44,Robin_public_Cami,2016-09-10 00:00:00,0,normal,61.8333,61.8333,68.00258,2.70048139938961,9.60951881442346,0.0,0.0,0.2458397958041137,2.70048139938961,3.49930057643698,0
44,Robin_public_Cami,2016-09-10 01:00:00,0,normal,80.6667,80.6667,60.864677,10.0,10.0,0.0,0.0,0.0,10.0,3.49930057643698,1
44,Robin_public_Cami,2016-09-10 02:00:00,0,normal,79.5,79.5,64.406685,8.009895691701004,9.994129878455162,0.0,0.0,0.0,8.009895691701004,3.49930057643698,1
44,Robin_public_Cami,2016-09-10 03:00:00,0,normal,82.75,82.75,69.62763,6.837267620146687,3.79112722893626,0.0,0.0,0.0,6.837267620146687,3.49930057643698,1
44,Robin_public_Cami,2016-09-10 04:00:00,0,normal,82.5,82.5,73.90857,4.1415566603632765,9.591351962175208,0.3666415940174452,0.0,0.0,4.1415566603632765,3.49930057643698,1
44,Robin_public_Cami,2016-09-10 05:00:00,0,normal,80.0,80.0,76.232864,1.271310513926302,10.0,0.2811580637948387,0.0,0.0,1.271310513926302,3.49930057643698,0
44,Robin_public_Cami,2016-09-10 06:00:00,0,normal,78.0,78.0,75.70006,0.0,4.166931032790904,0.4010295667340801,0.0,0.0,0.0,3.49930057643698,0
44,Robin_public_Cami,2016-09-10 07:00:00,0,normal,78.0,78.0,80.89019,0.0,0.0,0.0797167146783277,1.265206640196857,0.1469127756843272,0.0,3.49930057643698,0
44,Robin_public_Cami,2016-09-10 08:00:00,0,normal,78.0,78.0,83.71548,0.7813032871220927,2.3008789233878453,0.5908757106462142,1.0797944031744202,0.5415554076013243,0.7813032871220927,3.49930057643698,0
44,Robin_public_Cami,2016-09-10 09:00:00,0,normal,96.5,96.5,88.61063,1.426033777638051,1.780780563092064,1.7324198128666874,0.9806000951288976,1.217536270468823,1.426033777638051,3.49930057643698,0
44,Robin_public_Cami,2016-09-10 10:00:00,0,normal,100.5,100.5,97.37959,0.0116620198434013,4.711738785189673,0.0,0.0,1.5561802035257395,0.0116620198434013,3.49930057643698,0
44,Robin_public_Cami,2016-09-10 11:00:00,0,normal,103.5,103.5,101.14401,0.0,0.0,0.0,0.0,0.7474054587093975,0.0,3.49930057643698,0
44,Robin_public_Cami,2016-09-10 12:00:00,0,normal,107.0,107.0,104.2561,0.0,0.0,0.0,0.0,0.1889221389979495,0.0,3.49930057643698,0
44,Robin_public_Cami,2016-09-10 13:00:00,0,normal,106.75,106.75,104.81845,0.0,0.0,0.0,0.0,0.1835746850760861,0.0,3.49930057643698,0
44,Robin_public_Cami,2016-09-10 14:00:00,0,normal,104.5,104.5,104.81845,0.0,0.0,0.1080735763948841,0.0,0.0,0.0,3.49930057643698,0
44,Robin_public_Cami,2016-09-10 15:00:00,0,normal,94.25,94.25,104.81845,1.5897135720861162,5.379477839895264,0.3584218759301227,0.1688472852912285,0.0,1.5897135720861162,3.49930057643698,0
44,Robin_public_Cami,2016-09-10 16:00:00,0,normal,89.5,89.5,104.32004,2.6297420219682213,3.2861595668443138,0.0,0.0,0.0,2.6297420219682213,3.49930057643698,0
44,Robin_public_Cami,2016-09-10 17:00:00,0,normal,88.5,88.5,101.04618,2.0735082814531105,1.4437660498747305,0.0,0.0,0.0,2.0735082814531105,3.49930057643698,0
44,Robin_public_Cami,2016-09-10 18:00:00,0,normal,88.25,88.25,98.67225,2.1774559928700694,0.0,0.0,0.0,0.0,2.1774559928700694,3.49930057643698,0
44,Robin_public_Cami,2016-09-10 19:00:00,0,normal,87.5,87.5,95.77451,1.635263141579549,1.390295346745874,0.7509669346373251,0.0,0.0,1.635263141579549,3.49930057643698,0
44,Robin_public_Cami,2016-09-10 20:00:00,0,normal,87.75,87.75,91.77225,0.299160879607195,4.413671838843458,0.8811274734248563,0.0,0.0,0.299160879607195,3.49930057643698,0
44,Robin_public_Cami,2016-09-10 21:00:00,0,normal,81.5,81.5,84.975685,0.1274258571969137,0.0,1.0420392057377916,0.3775745882866061,0.2417777805543141,0.1274258571969137,3.49930057643698,0
44,Robin_public_Cami,2016-09-10 22:00:00,0,normal,40.0,40.0,73.10209,9.43632275893235,10.0,0.0,0.2216848190648781,0.0,9.43632275893235,3.49930057643698,1
44,Robin_public_Cami,2016-09-10 23:00:00,0,normal,43.0,43.0,58.826096,4.0080418922142425,10.0,0.0,0.0,0.0,4.0080418922142425,3.49930057643698,1
44,Robin_public_Cami,2016-09-11 00:00:00,0,normal,37.8333,37.8333,49.6192,3.241192096039049,2.2458369448325457,0.0,0.0,0.0,3.241192096039049,3.49930057643698,0
44,Robin_public_Cami,2016-09-11 01:00:00,0,normal,42.9167,42.9167,44.490757,0.0,10.0,0.0556836821288897,0.0,0.0,0.0,3.49930057643698,0
44,Robin_public_Cami,2016-09-11 02:00:00,0,normal,44.5,44.5,43.598507,0.0,0.0,0.0193312354812023,0.0,0.0,0.0,3.49930057643698,0
44,Robin_public_Cami,2016-09-11 03:00:00,0,normal,43.75,43.75,43.94186,0.0,0.0,0.0,0.0,0.0,0.0,3.49930057643698,0
44,Robin_public_Cami,2016-09-11 04:00:00,0,normal,45.5,45.5,43.36787,0.0,0.0,1.0358700566098011,1.23131535203479,0.0,0.0,3.49930057643698,0
44,Robin_public_Cami,2016-09-11 05:00:00,0,normal,44.75,44.75,44.154293,0.0,0.0,1.0005593558045278,1.221328629588924,0.0,0.0,3.49930057643698,0
44,Robin_public_Cami,2016-09-11 06:00:00,0,normal,44.5,44.5,44.83825,0.0,0.0,1.019998550366569,1.2170655796953522,0.0,0.0,3.49930057643698,0
44,Robin_public_Cami,2016-09-11 07:00:00,0,normal,47.25,47.25,55.804802,1.8747589848328647,6.464991613234505,1.2792905089479183,2.553731516763672,0.0483139504552255,1.8747589848328647,3.49930057643698,0
44,Robin_public_Cami,2016-09-11 08:00:00,1,spike,69.5,0.01,66.02606,10.0,10.0,0.7094849535416222,2.259661207482195,0.5630465449721066,10.0,3.49930057643698,1
44,Robin_public_Cami,2016-09-11 09:00:00,0,normal,86.5,86.5,67.4991,6.313514894049924,10.0,0.0,0.0,0.7333583867273586,6.313514894049924,3.49930057643698,1
44,Robin_public_Cami,2016-09-11 10:00:00,0,normal,88.75,88.75,76.04016,3.892339376252966,8.545862400794881,0.0,0.0,0.5422269041618537,3.892339376252966,3.49930057643698,1
44,Robin_public_Cami,2016-09-11 11:00:00,0,normal,91.75,91.75,83.67867,2.1071635294182345,6.123839902639111,0.0,0.0,0.0,2.1071635294182345,3.49930057643698,0
44,Robin_public_Cami,2016-09-11 12:00:00,0,normal,98.75,98.75,90.23609,1.087128834234574,3.2100190813799485,0.3729558864211734,0.0,0.0,1.087128834234574,3.49930057643698,0
44,Robin_public_Cami,2016-09-11 13:00:00,0,normal,99.0,99.0,94.12079,0.1980047678621111,2.71148346461031,0.0,0.0,0.0,0.1980047678621111,3.49930057643698,0
44,Robin_public_Cami,2016-09-11 14:00:00,0,normal,97.0,97.0,93.94595,0.0,0.0795536597266143,0.0,0.0,0.0,0.0,3.49930057643698,0
44,Robin_public_Cami,2016-09-11 15:00:00,0,normal,96.0,96.0,93.031685,0.0,0.0,0.9545297505195406,0.5334277543762223,0.0,0.0,3.49930057643698,0
44,Robin_public_Cami,2016-09-11 16:00:00,0,normal,97.25,97.25,91.189995,0.4868519985459585,1.1795455672504465,0.7421466689064378,0.8579309175582264,0.0,0.4868519985459585,3.49930057643698,0
44,Robin_public_Cami,2016-09-11 17:00:00,0,normal,97.25,97.25,89.10595,0.9966537646205588,1.2669431805192048,1.2156241054197858,1.4252464017235054,0.0,0.9966537646205588,3.49930057643698,0
44,Robin_public_Cami,2016-09-11 18:00:00,0,normal,99.0,99.0,87.350136,2.546630036878941,5.22814972041193,1.1822605023923134,2.4110349715754538,0.0,2.546630036878941,3.49930057643698,0
44,Robin_public_Cami,2016-09-11 19:00:00,0,normal,95.25,95.25,85.75276,1.8992825958695372,1.7907464691468509,1.0203991914642996,2.3768003499682853,0.0,1.8992825958695372,3.49930057643698,0
44,Robin_public_Cami,2016-09-11 20:00:00,0,normal,85.5,85.5,84.28092,0.0,6.558382758511325,0.6309551373811327,2.3126667032400725,0.0,0.0,3.49930057643698,0
44,Robin_public_Cami,2016-09-11 21:00:00,0,normal,81.75,81.75,75.64639,0.953143877606944,2.955284570518128,0.0,0.7116721174010426,5.901655823523127,0.953143877606944,3.49930057643698,0
44,Robin_public_Cami,2016-09-11 22:00:00,0,normal,36.0,36.0,54.438614,4.828919909131114,10.0,0.0,0.2617458621094148,5.105772254932412,4.828919909131114,3.49930057643698,1
44,Robin_public_Cami,2016-09-11 23:00:00,0,normal,32.25,32.25,38.831623,1.1033410043340752,10.0,0.0,0.0,0.6128958204604591,1.1033410043340752,3.49930057643698,0
44,Robin_public_Cami,2016-09-12 00:00:00,0,normal,57.0833,57.0833,57.66564,0.0,3.527267287963703,0.0,0.0,0.0,0.0,3.49930057643698,0
44,Robin_public_Cami,2016-09-12 01:00:00,0,normal,32.6667,32.6667,54.58752,6.722715849184055,10.0,0.0,0.0,0.0,6.722715849184055,3.49930057643698,1
44,Robin_public_Cami,2016-09-12 02:00:00,0,normal,34.25,34.25,49.679184,4.457225811743415,7.952978861266153,0.0,0.0,0.0,4.457225811743415,3.49930057643698,1
44,Robin_public_Cami,2016-09-12 03:00:00,0,normal,37.0,37.0,51.038227,3.971801391653306,1.1741090437806807,0.0,0.0,0.0,3.971801391653306,3.49930057643698,1
44,Robin_public_Cami,2016-09-12 04:00:00,0,normal,36.25,36.25,52.82087,4.855658015782809,2.691423920238404,0.5463004570016591,0.0310891866750223,0.0,4.855658015782809,3.49930057643698,1
44,Robin_public_Cami,2016-09-12 05:00:00,0,normal,37.75,37.75,53.43878,4.547821791339149,0.4978152893958051,0.8535808340337994,0.0433025508849738,0.0,4.547821791339149,3.49930057643698,1
44,Robin_public_Cami,2016-09-12 06:00:00,0,normal,59.0,59.0,57.75525,0.0,10.0,1.202166994124942,0.0986910252851639,0.0,0.0,3.49930057643698,0
44,Robin_public_Cami,2016-09-12 07:00:00,0,normal,75.0,75.0,70.95451,0.5577799734425891,1.449654434898697,0.0,0.0090139502907725,0.0217709526284528,0.5577799734425891,3.49930057643698,0
44,Robin_public_Cami,2016-09-12 08:00:00,0,normal,78.75,78.75,83.30899,0.7554069400764013,0.0781149120093604,0.0,0.0,0.3258124697945429,0.7554069400764013,3.49930057643698,0
44,Robin_public_Cami,2016-09-12 09:00:00,0,normal,88.75,88.75,88.548645,0.0,2.202260106384653,0.0,0.0,0.1188723093212467,0.0,3.49930057643698,0
44,Robin_public_Cami,2016-09-12 10:00:00,0,normal,95.5,95.5,94.73733,0.0,0.0,0.0,0.0,0.0,0.0,3.49930057643698,0
44,Robin_public_Cami,2016-09-12 11:00:00,0,normal,102.0,102.0,100.6048,0.0,0.0,0.0,0.0,0.0,0.0,3.49930057643698,0
44,Robin_public_Cami,2016-09-12 12:00:00,0,normal,103.0,103.0,104.70015,0.0,0.0,0.0,0.0,0.0,0.0,3.49930057643698,0
44,Robin_public_Cami,2016-09-12 13:00:00,0,normal,112.75,112.75,104.81845,0.9446713785081124,2.9230194855347844,0.0,0.0,0.0,0.9446713785081124,3.49930057643698,0
44,Robin_public_Cami,2016-09-12 14:00:00,0,normal,115.0,115.0,104.81845,1.4950691616264036,1.4215414784500464,0.0,0.0,0.0,1.4950691616264036,3.49930057643698,0
44,Robin_public_Cami,2016-09-12 15:00:00,0,normal,119.25,119.25,104.81845,2.5347094186276204,3.28468124549595,0.0,0.0,0.0,2.5347094186276204,3.49930057643698,0
44,Robin_public_Cami,2016-09-12 16:00:00,0,normal,119.75,119.75,104.81845,2.657020037098352,0.0,0.2274665660931712,0.0584173128327212,0.0,2.657020037098352,3.49930057643698,0
44,Robin_public_Cami,2016-09-12 17:00:00,0,normal,117.5,117.5,104.81845,2.1066222539800603,1.4215414784500464,0.436433049826231,0.2529287281858047,0.0,2.1066222539800603,3.49930057643698,0
44,Robin_public_Cami,2016-09-12 18:00:00,0,normal,112.0,112.0,104.81845,1.2028980969343788,2.767083726214456,0.9910414769210664,0.5281535497702258,0.5444102954949973,1.2028980969343788,3.49930057643698,0
44,Robin_public_Cami,2016-09-12 19:00:00,0,normal,110.25,110.25,104.20763,0.8603201122281491,0.6301193279406239,0.1385631446855119,1.3278955966474952,1.3119853778495936,0.8603201122281491,3.49930057643698,0
44,Robin_public_Cami,2016-09-12 20:00:00,0,normal,105.75,105.75,100.912155,0.4980887593381348,0.7049635489032664,0.1917671433524487,1.136007865948629,2.0319253566246704,0.4980887593381348,3.49930057643698,0
44,Robin_public_Cami,2016-09-12 21:00:00,0,normal,102.75,102.75,95.19897,1.3140109813346226,2.4327152166379946,0.3277722192574201,0.6986409676740671,3.266534856919364,1.3140109813346226,3.49930057643698,0
44,Robin_public_Cami,2016-09-12 22:00:00,0,normal,79.5,79.5,88.343666,1.702737442301492,0.8058625757158495,0.2121191859468507,0.5320914566245237,4.34339418495988,1.702737442301492,3.49930057643698,0
44,Robin_public_Cami,2016-09-12 23:00:00,0,normal,81.5,81.5,79.00349,0.0,5.809896862087709,0.0,0.0,2.5821496792119256,0.0,3.49930057643698,0
44,Robin_public_Cami,2016-09-13 00:00:00,0,normal,81.25,81.25,82.05069,0.0,0.0,0.0,0.0,1.6374937508658312,0.0,3.49930057643698,0
44,Robin_public_Cami,2016-09-13 01:00:00,0,normal,80.9167,80.9167,81.754944,0.0,0.0,1.003571352766827,0.0,1.1470530854056578,0.0,3.49930057643698,0
44,Robin_public_Cami,2016-09-13 02:00:00,0,normal,80.25,80.25,79.9758,0.0,0.0,1.4808163884513652,0.0,0.700889095543253,0.0,3.49930057643698,0
44,Robin_public_Cami,2016-09-13 03:00:00,0,normal,81.0,81.0,80.04293,0.0,0.0,1.2879958432545675,0.0,0.3750171196906753,0.0,3.49930057643698,0
44,Robin_public_Cami,2016-09-13 04:00:00,0,normal,80.5,80.5,80.944695,0.0,0.0,1.331064407115887,2.635266837846671,0.2050035878767807,0.0,3.49930057643698,0
44,Robin_public_Cami,2016-09-13 05:00:00,0,normal,80.0,80.0,81.391396,0.0,0.0,1.3104877263820889,2.900899801368228,0.0791770270570567,0.0,3.49930057643698,0
44,Robin_public_Cami,2016-09-13 06:00:00,0,normal,80.75,80.75,80.04931,0.0,0.0,1.119329273413558,2.735644774032972,0.0,0.0,3.49930057643698,0
44,Robin_public_Cami,2016-09-13 07:00:00,0,normal,81.75,81.75,79.739975,0.0,0.0,1.2051847776641722,2.830292897644988,0.0929447702626667,0.0,3.49930057643698,0
44,Robin_public_Cami,2016-09-13 08:00:00,0,normal,86.0,86.0,85.93208,0.0,0.0,0.7227216046936972,2.408049820703219,0.6812284646287291,0.0,3.49930057643698,0
44,Robin_public_Cami,2016-09-13 09:00:00,0,normal,103.75,103.75,92.52785,2.4144634975201584,8.520301594931743,0.0,0.888498665197629,1.7799642685626935,2.4144634975201584,3.49930057643698,0
44,Robin_public_Cami,2016-09-13 10:00:00,0,normal,112.0,112.0,101.918015,2.07631470173489,0.6132520311401058,0.0,0.0,1.6309786539065645,2.07631470173489,3.49930057643698,0
44,Robin_public_Cami,2016-09-13 11:00:00,0,normal,119.0,119.0,104.81845,3.2921560712757496,3.955692691343755,0.0,0.0,0.3110735938788795,3.2921560712757496,3.49930057643698,0
44,Robin_public_Cami,2016-09-13 12:00:00,0,normal,121.75,121.75,104.81845,3.1462625109812774,0.0,0.0,0.0,0.0,3.1462625109812774,3.49930057643698,0
44,Robin_public_Cami,2016-09-13 13:00:00,0,normal,124.25,124.25,104.81845,3.7578156033349344,1.6544339493307834,0.0,0.0,0.0,3.7578156033349344,3.49930057643698,1
44,Robin_public_Cami,2016-09-13 14:00:00,0,normal,123.25,123.25,104.81845,3.513194366393472,0.2570791240463551,0.0,0.0,0.0,3.513194366393472,3.49930057643698,1
44,Robin_public_Cami,2016-09-13 15:00:00,0,normal,123.75,123.75,104.81845,3.6355049848642023,0.0,0.5666252510248648,0.0,0.0,3.6355049848642023,3.49930057643698,1
44,Robin_public_Cami,2016-09-13 16:00:00,0,normal,124.0,124.0,104.81845,3.696660294099568,0.0,1.1428700819535524,0.2244143898744599,0.0,3.696660294099568,3.49930057643698,1
44,Robin_public_Cami,2016-09-13 17:00:00,0,normal,119.5,119.5,104.81845,2.595864727862986,3.517573716376687,1.266266899872129,1.234619607269912,0.0,2.595864727862986,3.49930057643698,0
44,Robin_public_Cami,2016-09-13 18:00:00,0,normal,119.75,119.75,104.81845,3.533513159744738,2.896274605766752,0.049895290312957,1.3595279862355802,0.0,3.533513159744738,3.49930057643698,1
44,Robin_public_Cami,2016-09-13 19:00:00,0,normal,117.25,117.25,104.81845,2.781701849160751,2.188567181807373,0.0620588981408905,1.1491905427281064,0.0,2.781701849160751,3.49930057643698,0
44,Robin_public_Cami,2016-09-13 20:00:00,0,normal,114.25,114.25,102.63288,2.5367827036726838,0.2582136233790026,0.5425213435096612,0.8583686028898732,0.6828100597989626,2.5367827036726838,3.49930057643698,0
44,Robin_public_Cami,2016-09-13 21:00:00,0,normal,107.25,107.25,97.49286,1.977441788088636,1.455598835749113,0.0118164482100197,0.5177197321396672,2.876301452849685,1.977441788088636,3.49930057643698,0
44,Robin_public_Cami,2016-09-13 22:00:00,0,normal,83.25,83.25,90.00685,1.075181030238309,2.7615107897228848,0.0,0.0653203128957384,3.4460803138821023,1.075181030238309,3.49930057643698,0
44,Robin_public_Cami,2016-09-13 23:00:00,0,normal,81.25,81.25,82.03425,0.0,3.420028095993303,0.0,0.0,0.6070178059613539,0.0,3.49930057643698,0
44,Robin_public_Cami,2016-09-14 00:00:00,0,normal,81.6667,81.6667,75.396545,2.760498154166692,9.83807542690797,0.0,0.0,0.0,2.760498154166692,3.49930057643698,0
44,Robin_public_Cami,2016-09-14 01:00:00,0,normal,81.0833,81.0833,75.50586,2.348363413222265,0.8950063022574024,0.7341892134366653,0.0,0.0,2.348363413222265,3.49930057643698,0
44,Robin_public_Cami,2016-09-14 02:00:00,0,normal,80.75,80.75,75.26852,2.291273064877273,0.0,1.3648724571720896,0.0,0.0,2.291273064877273,3.49930057643698,0
44,Robin_public_Cami,2016-09-14 03:00:00,0,normal,80.5,80.5,76.79599,1.2337535158151585,3.352769405914456,1.1981593409154776,0.0,0.0,1.2337535158151585,3.49930057643698,0
44,Robin_public_Cami,2016-09-14 04:00:00,0,normal,80.0,80.0,76.73188,0.9744177685243708,0.3131151201994541,1.3733824763889213,2.133514471230103,0.0,0.9744177685243708,3.49930057643698,0
44,Robin_public_Cami,2016-09-14 05:00:00,0,normal,79.0,79.0,76.849846,0.3092767048044847,1.858508382393255,1.2800925033887374,2.646219281930098,0.0,0.3092767048044847,3.49930057643698,0
44,Robin_public_Cami,2016-09-14 06:00:00,0,normal,78.75,78.75,77.44807,0.0,0.5033009460735687,0.942728667008638,2.2077356280617324,0.0,0.0,3.49930057643698,0
44,Robin_public_Cami,2016-09-14 07:00:00,0,normal,81.5,81.5,76.67324,0.5177289674716371,1.2971316554628909,1.0275710285698616,2.1783295040844823,0.0,0.5177289674716371,3.49930057643698,0
44,Robin_public_Cami,2016-09-14 08:00:00,0,normal,83.5,83.5,86.85945,0.0825573255736013,0.9827357382066548,0.4768580146956703,2.0651221655089875,0.5629667513227306,0.0825573255736013,3.49930057643698,0
44,Robin_public_Cami,2016-09-14 09:00:00,0,normal,107.25,107.25,93.72263,3.098139794311752,10.0,0.1302674253060793,1.4557691632308485,1.9645933485213805,3.098139794311752,3.49930057643698,0
44,Robin_public_Cami,2016-09-14 10:00:00,0,normal,116.25,116.25,102.05611,3.2958171399809544,0.078306766129295,0.0,0.0,1.9714842220286133,3.2958171399809544,3.49930057643698,0
44,Robin_public_Cami,2016-09-14 11:00:00,0,normal,120.25,120.25,104.81845,3.662878875145147,0.7233586756256649,0.0,0.0,0.4982149196815811,3.662878875145147,3.49930057643698,1
44,Robin_public_Cami,2016-09-14 12:00:00,0,normal,124.25,124.25,104.81845,3.7578156033349344,0.0,0.0,0.0,0.0,3.7578156033349344,3.49930057643698,1
44,Robin_public_Cami,2016-09-14 13:00:00,0,normal,121.5,121.5,104.81845,3.085107201745912,1.8873264202115216,0.0,0.0,0.0,3.085107201745912,3.49930057643698,0
44,Robin_public_Cami,2016-09-14 14:00:00,0,normal,121.0,121.0,104.81845,2.96279658327518,0.0,0.2590035427066723,0.0,0.0,2.96279658327518,3.49930057643698,0
44,Robin_public_Cami,2016-09-14 15:00:00,0,normal,121.75,121.75,104.81845,3.1462625109812774,0.0241866531656196,0.3767879897996521,0.0260200838253953,0.0,3.1462625109812774,3.49930057643698,0
44,Robin_public_Cami,2016-09-14 16:00:00,0,normal,121.5,121.5,104.81845,3.085107201745912,0.0,1.2850382182352056,0.9590565768738598,0.0,3.085107201745912,3.49930057643698,0
44,Robin_public_Cami,2016-09-14 17:00:00,0,normal,118.75,118.75,104.81845,2.412398800156889,1.887326420211523,1.2825756030496254,1.7724575398752571,0.0,2.412398800156889,3.49930057643698,0
44,Robin_public_Cami,2016-09-14 18:00:00,0,normal,116.5,116.5,104.81845,2.556158455985555,0.0,0.4053058299177544,1.4506065735907117,0.0,2.556158455985555,3.49930057643698,0
44,Robin_public_Cami,2016-09-14 19:00:00,0,normal,112.5,112.5,104.39476,1.4806745720698868,3.4211814274393766,0.0800781666505132,1.2132728541725344,0.0,1.4806745720698868,3.49930057643698,0
44,Robin_public_Cami,2016-09-14 20:00:00,0,normal,104.5,104.5,98.911964,0.7236895111643459,2.2082699273444684,0.0,0.5406102112611703,0.6917295107961915,0.7236895111643459,3.49930057643698,0
44,Robin_public_Cami,2016-09-14 21:00:00,0,normal,101.75,101.75,89.302155,2.7866025723034737,7.181522496409371,0.0,0.0,2.707642172843388,2.7866025723034737,3.49930057643698,0
44,Robin_public_Cami,2016-09-14 22:00:00,0,normal,80.25,80.25,82.19887,0.0,9.93748662303783,0.0,0.0,2.133979964286356,0.0,3.49930057643698,0
44,Robin_public_Cami,2016-09-14 23:00:00,1,spike,82.5,178.022072720754,76.958565,10.0,10.0,0.0,0.0,0.3014734434745746,10.0,3.49930057643698,1
44,Robin_public_Cami,2016-09-15 00:00:00,0,normal,80.6667,80.6667,89.98778,4.575664981407506,10.0,0.0,0.0,0.0,4.575664981407506,3.49930057643698,1
44,Robin_public_Cami,2016-09-15 01:00:00,0,normal,81.5833,81.5833,83.06844,0.0,10.0,0.0,0.0,0.0,0.0,3.49930057643698,0
44,Robin_public_Cami,2016-09-15 02:00:00,0,normal,80.5,80.5,70.28903,2.700262249573412,9.60868424514688,0.0,0.0,0.0,2.700262249573412,3.49930057643698,0
44,Robin_public_Cami,2016-09-15 03:00:00,0,normal,80.25,80.25,66.678696,3.854410050914253,3.7207504154367834,1.2041655580746182,0.0,0.0,3.854410050914253,3.49930057643698,1
44,Robin_public_Cami,2016-09-15 04:00:00,0,normal,81.0,81.0,64.35011,4.911786220083349,3.352223384678076,1.113105486618229,0.0,0.0,4.911786220083349,3.49930057643698,1
44,Robin_public_Cami,2016-09-15 05:00:00,0,normal,79.25,79.25,66.64431,3.522758233264182,4.615224295806593,1.3649369168045604,0.0,0.0,3.522758233264182,3.49930057643698,1
44,Robin_public_Cami,2016-09-15 06:00:00,0,normal,81.0,81.0,71.16414,2.7862614177199414,2.1302463158892464,0.9983247870828592,2.6044313690042062,0.0,2.7862614177199414,3.49930057643698,0
44,Robin_public_Cami,2016-09-15 07:00:00,0,normal,82.75,82.75,73.21828,1.9131188307249023,2.650622579969646,0.9138103127312917,2.575516709155902,0.0,1.9131188307249023,3.49930057643698,0
44,Robin_public_Cami,2016-09-15 08:00:00,0,normal,83.75,83.75,82.909454,0.0,6.61107409411966,0.5393360517152223,2.2133799025088985,0.0,0.0,3.49930057643698,0
44,Robin_public_Cami,2016-09-15 09:00:00,0,normal,103.75,103.75,92.551445,2.407464927986662,8.493649548336514,0.7036013778262465,1.807545195279284,0.0,2.407464927986662,3.49930057643698,0
44,Robin_public_Cami,2016-09-15 10:00:00,0,normal,112.0,112.0,99.87577,2.6819998266284717,0.370996732731351,0.0,0.0,0.0,2.6819998266284717,3.49930057643698,0
44,Robin_public_Cami,2016-09-15 11:00:00,0,normal,115.75,115.75,104.81845,2.328276781215316,0.6725620979732659,0.0,0.0,0.0,2.328276781215316,3.49930057643698,0
44,Robin_public_Cami,2016-09-15 12:00:00,0,normal,121.0,121.0,104.81845,2.96279658327518,1.7418960820279423,0.0,0.0,0.7858316335528397,2.96279658327518,3.49930057643698,0
44,Robin_public_Cami,2016-09-15 13:00:00,0,normal,122.0,122.0,104.81845,3.207417820216643,0.2570791240463564,0.0,0.0,0.2844238793739806,3.207417820216643,3.49930057643698,0
44,Robin_public_Cami,2016-09-15 14:00:00,0,normal,119.75,119.75,104.81845,2.657020037098352,1.4215414784500464,0.0232647238598555,0.0,0.0279436136520105,2.657020037098352,3.49930057643698,0
44,Robin_public_Cami,2016-09-15 15:00:00,0,normal,118.75,118.75,104.81845,2.412398800156889,0.2570791240463564,0.8348873679633416,0.0865968665983595,0.0,2.412398800156889,3.49930057643698,0
44,Robin_public_Cami,2016-09-15 16:00:00,0,normal,117.5,117.5,104.81845,2.1066222539800603,0.4899715949270947,0.5624339478437712,0.7729088373473543,0.0,2.1066222539800603,3.49930057643698,0
44,Robin_public_Cami,2016-09-15 17:00:00,0,normal,115.25,115.25,104.81845,1.5562244708617694,1.4215414784500455,0.8290177206297961,1.3700806124022809,0.0314915678725094,1.5562244708617694,3.49930057643698,0
44,Robin_public_Cami,2016-09-15 18:00:00,0,normal,114.0,114.0,104.81845,1.8043471454015685,0.2704133457861701,0.5085733793316836,1.2849990841442869,0.2803444480323214,1.8043471454015685,3.49930057643698,0
44,Robin_public_Cami,2016-09-15 19:00:00,0,normal,108.0,108.0,104.81845,0.0,6.19684829960493,0.5067178070010326,1.049266155257199,0.7105038271865802,0.0,3.49930057643698,0
44,Robin_public_Cami,2016-09-15 20:00:00,0,normal,103.25,103.25,101.64529,0.0,0.0,0.0,0.5933910364422976,1.5097270952668,0.0,3.49930057643698,0
44,Robin_public_Cami,2016-09-15 21:00:00,0,normal,101.0,101.0,95.71146,0.6336249573405714,1.7384883223364878,0.0,0.217852812872742,3.516599573588932,0.6336249573405714,3.49930057643698,0
44,Robin_public_Cami,2016-09-15 22:00:00,0,normal,81.0,81.0,93.08107,2.676304180747643,7.104467723508421,0.0,0.0905080271707137,3.2154383693796538,2.676304180747643,3.49930057643698,0
44,Robin_public_Cami,2016-09-15 23:00:00,0,normal,79.75,79.75,88.12413,1.5615365039248126,3.5707824957702603,0.0,0.0,1.1496475367880878,1.5615365039248126,3.49930057643698,0
44,Robin_public_Cami,2016-09-16 00:00:00,0,normal,79.0833,79.0833,78.53714,0.0,5.272173550074649,0.0,0.0,0.0,0.0,3.49930057643698,0
44,Robin_public_Cami,2016-09-16 01:00:00,0,normal,78.5833,78.5833,77.62633,0.0,0.0,0.7235018900203474,0.0,0.0,0.0,3.49930057643698,0
44,Robin_public_Cami,2016-09-16 02:00:00,0,normal,78.25,78.25,75.55661,0.6324784133502628,1.7341220380969826,1.0411713219025494,0.0,0.0,0.6324784133502628,3.49930057643698,0
44,Robin_public_Cami,2016-09-16 03:00:00,0,normal,78.75,78.75,76.05299,0.6346299745183415,0.0,1.206967853519432,0.0,0.0,0.6346299745183415,3.49930057643698,0
44,Robin_public_Cami,2016-09-16 04:00:00,0,normal,79.25,79.25,76.427574,0.1625788345797172,1.1231807385002197,1.3923400331382116,2.0243161680385144,0.0,0.1625788345797172,3.49930057643698,0
44,Robin_public_Cami,2016-09-16 05:00:00,0,normal,77.0,77.0,76.50634,0.0,0.0,1.1295260568409864,2.669794023876092,0.0,0.0,3.49930057643698,0
44,Robin_public_Cami,2016-09-16 06:00:00,0,normal,78.75,78.75,77.22047,0.0,0.0,0.6066803794591397,2.2707616631237078,0.0,0.0,3.49930057643698,0
44,Robin_public_Cami,2016-09-16 07:00:00,0,normal,82.0,82.0,78.15289,0.4814317075166333,1.1589039420752072,0.6107049117962409,2.327460246966388,0.4396442391864654,0.4814317075166333,3.49930057643698,0
44,Robin_public_Cami,2016-09-16 08:00:00,0,normal,83.5,83.5,86.946045,0.3270791329763808,0.0,0.0227398611019646,1.4392531739956087,1.1661059185170686,0.3270791329763808,3.49930057643698,0
44,Robin_public_Cami,2016-09-16 09:00:00,0,normal,102.75,102.75,94.57297,2.1478452163809343,6.259375120065214,0.0575983120274876,0.9751539900239868,2.3791612745503814,2.1478452163809343,3.49930057643698,0
44,Robin_public_Cami,2016-09-16 10:00:00,0,normal,108.25,108.25,101.91167,1.440204081672558,2.020357724157229,0.0,0.0,2.0939781653631404,1.440204081672558,3.49930057643698,0
44,Robin_public_Cami,2016-09-16 11:00:00,0,normal,112.5,112.5,104.81845,1.9571536625660249,1.2941635850168274,0.0,0.0,0.7277331962566721,1.9571536625660249,3.49930057643698,0
44,Robin_public_Cami,2016-09-16 12:00:00,0,normal,112.5,112.5,104.81845,0.3544409462680654,5.428981355660016,0.0,0.0,0.0746639741077243,0.3544409462680654,3.49930057643698,0
44,Robin_public_Cami,2016-09-16 13:00:00,0,normal,112.0,112.0,104.81845,0.250315855026094,0.0,0.0194086370414431,0.0,0.0,0.250315855026094,3.49930057643698,0
44,Robin_public_Cami,2016-09-16 14:00:00,0,normal,109.5,109.5,104.81845,0.0,0.2787654452020178,1.3351640255233372,0.0,0.0,0.0,3.49930057643698,0
44,Robin_public_Cami,2016-09-16 15:00:00,0,normal,109.25,109.25,104.81845,0.0,0.0,0.3049647529261523,0.3266147281167071,0.0,0.0,3.49930057643698,0
44,Robin_public_Cami,2016-09-16 16:00:00,0,normal,108.5,108.5,104.81845,0.0,0.0,0.3256289426217912,1.1210866144357947,0.0,0.0,3.49930057643698,0
44,Robin_public_Cami,2016-09-16 17:00:00,0,normal,106.0,106.0,104.81845,0.0,0.0,1.036116278448571,1.1283299692644435,0.0,0.0,3.49930057643698,0
44,Robin_public_Cami,2016-09-16 18:00:00,0,normal,103.25,103.25,103.99742,0.0,0.0,0.1942928007056314,0.7597169179142275,0.0,0.0,3.49930057643698,0
44,Robin_public_Cami,2016-09-16 19:00:00,0,normal,100.75,100.75,100.99299,0.0,0.0,0.0,0.4368631450496584,0.1340130728061311,0.0,3.49930057643698,0
44,Robin_public_Cami,2016-09-16 20:00:00,0,normal,95.75,95.75,95.069275,0.0,0.0,0.0,0.2477258536517646,0.8315302074307915,0.0,3.49930057643698,0
44,Robin_public_Cami,2016-09-16 21:00:00,0,normal,90.0,90.0,90.64302,0.0,0.0,0.0,0.0,2.2746041315825747,0.0,3.49930057643698,0
44,Robin_public_Cami,2016-09-16 22:00:00,0,normal,76.5,76.5,84.79759,1.6425147565210072,5.580556020387237,0.0,0.0,1.1793813966948474,1.6425147565210072,3.49930057643698,0
44,Robin_public_Cami,2016-09-16 23:00:00,0,normal,79.5,79.5,79.78812,0.0,5.580556020387237,0.0,0.0,0.0097783385821105,0.0,3.49930057643698,0
44,Robin_public_Cami,2016-09-17 00:00:00,0,normal,59.5833,59.5833,70.52519,2.951306946279188,10.0,0.0,0.0,0.0,2.951306946279188,3.49930057643698,0
44,Robin_public_Cami,2016-09-17 01:00:00,0,normal,79.25,79.25,64.087585,4.400895940148422,4.845853537114715,0.0,0.0,0.0,4.400895940148422,3.49930057643698,1
44,Robin_public_Cami,2016-09-17 02:00:00,1,spike,80.75,0.01,68.11022,10.0,10.0,0.0,0.0,0.0,10.0,3.49930057643698,1
44,Robin_public_Cami,2016-09-17 03:00:00,0,normal,82.25,82.25,54.371002,8.768558957865235,10.0,0.0,0.0,0.0,8.768558957865235,3.49930057643698,1
44,Robin_public_Cami,2016-09-17 04:00:00,0,normal,82.75,82.75,58.134346,7.647724391287443,3.593886506906172,0.0,0.0,0.0,7.647724391287443,3.49930057643698,1
44,Robin_public_Cami,2016-09-17 05:00:00,0,normal,80.75,80.75,66.572876,4.062486092729302,10.0,0.0,0.0,0.0,4.062486092729302,3.49930057643698,1
44,Robin_public_Cami,2016-09-17 06:00:00,0,normal,79.75,79.75,71.937386,2.007595430904691,7.150971487476377,0.9007191581972808,0.0,0.0,2.007595430904691,3.49930057643698,0
44,Robin_public_Cami,2016-09-17 07:00:00,0,normal,79.25,79.25,77.467476,0.0,6.970861153189233,0.6452006773322299,0.0,0.0,0.0,3.49930057643698,0
44,Robin_public_Cami,2016-09-17 08:00:00,0,normal,80.25,80.25,82.76024,0.0,0.0,1.0766235273309048,0.0,0.0,0.0,3.49930057643698,0
44,Robin_public_Cami,2016-09-17 09:00:00,0,normal,94.0,94.0,89.247955,0.8297057063632401,2.485205667126349,1.270637717709325,2.0202586035804084,0.0,0.8297057063632401,3.49930057643698,0
44,Robin_public_Cami,2016-09-17 10:00:00,0,normal,94.0,94.0,95.42352,0.0,2.485205667126349,0.0,0.3280454007758625,0.0,0.0,3.49930057643698,0
44,Robin_public_Cami,2016-09-17 11:00:00,0,normal,93.75,93.75,98.28917,0.7477785732247885,2.173209657174768,0.0,0.0529777571554637,0.0,0.7477785732247885,3.49930057643698,0
44,Robin_public_Cami,2016-09-17 12:00:00,0,normal,97.0,97.0,100.19022,0.0,2.173209657174768,1.577766066155391,0.0,0.0,0.0,3.49930057643698,0
44,Robin_public_Cami,2016-09-17 13:00:00,0,normal,95.75,95.75,101.58972,0.0,0.0,0.477966910054288,0.0,0.0,0.0,3.49930057643698,0
44,Robin_public_Cami,2016-09-17 14:00:00,0,normal,93.25,93.25,102.248245,0.6286431633200963,1.7195165873660692,0.5339661350045176,0.1554127791290182,0.0,0.6286431633200963,3.49930057643698,0
44,Robin_public_Cami,2016-09-17 15:00:00,0,normal,95.5,95.5,101.63628,0.0326375980269252,1.595225647738095,0.4018747616438466,1.8577594475841728,2.645110564429612,0.0326375980269252,3.49930057643698,0
44,Robin_public_Cami,2016-09-17 16:00:00,0,normal,95.75,95.75,100.750534,0.0,0.0,0.6296996276615546,1.8321911825589816,2.504903937698274,0.0,3.49930057643698,0
44,Robin_public_Cami,2016-09-17 17:00:00,0,normal,95.0,95.0,98.45382,0.0,0.0,0.6144645247194536,1.8371145876980464,2.431149799084757,0.0,3.49930057643698,0
44,Robin_public_Cami,2016-09-17 18:00:00,0,normal,94.5,94.5,96.89973,0.0,0.0,1.3091768549901683,1.9681346596047915,2.627308051196712,0.0,3.49930057643698,0
44,Robin_public_Cami,2016-09-17 19:00:00,0,normal,94.0,94.0,94.905945,0.0,0.0,1.0839493780920968,2.2237497536836632,3.196564888964573,0.0,3.49930057643698,0
44,Robin_public_Cami,2016-09-17 20:00:00,0,normal,93.5,93.5,88.92923,0.4715119896339901,1.1211275390610824,1.1899924338116803,2.238917139590193,4.66029975271191,0.4715119896339901,3.49930057643698,0
44,Robin_public_Cami,2016-09-17 21:00:00,0,normal,90.5,90.5,78.18071,2.906170388693097,8.597208090498594,1.1887900894625418,2.31973197329163,10.0,2.906170388693097,3.49930057643698,0
44,Robin_public_Cami,2016-09-17 22:00:00,0,normal,44.0,44.0,74.21893,8.530407870339994,10.0,0.3420770630737415,1.458892209767902,9.947095921862545,8.530407870339994,3.49930057643698,1
44,Robin_public_Cami,2016-09-17 23:00:00,0,normal,41.25,41.25,61.55191,5.414385334153425,10.0,0.0,0.0,0.3030028704724748,5.414385334153425,3.49930057643698,1
44,Robin_public_Cami,2016-09-18 00:00:00,0,normal,41.75,41.75,48.795204,1.612942689101134,10.0,0.0,0.0,0.0,1.612942689101134,3.49930057643698,0
44,Robin_public_Cami,2016-09-18 01:00:00,0,normal,40.5833,40.5833,46.27089,1.146653577645968,1.101237704157393,0.6715284598631354,0.0,0.0,1.146653577645968,3.49930057643698,0
44,Robin_public_Cami,2016-09-18 02:00:00,0,normal,40.75,40.75,45.436184,0.8027089001774286,0.6353239856936269,1.224100856982621,0.0,0.0,0.8027089001774286,3.49930057643698,0
44,Robin_public_Cami,2016-09-18 03:00:00,0,normal,42.0,42.0,46.05999,0.5876350613487149,0.1445563252801695,1.098438728060411,0.0,0.0,0.5876350613487149,3.49930057643698,0
44,Robin_public_Cami,2016-09-18 04:00:00,0,normal,42.0,42.0,44.644894,0.1016032728461546,1.1764220323352186,1.024062938932334,2.051354007622995,0.0,0.1016032728461546,3.49930057643698,0
44,Robin_public_Cami,2016-09-18 05:00:00,0,normal,41.5,41.5,44.582638,0.2519517474599146,0.0,1.0885244002624648,2.771812883884249,0.0,0.2519517474599146,3.49930057643698,0
44,Robin_public_Cami,2016-09-18 06:00:00,0,normal,42.0,42.0,46.21587,0.6233536850336748,0.739887092797041,1.4502987883441547,2.809729113641498,0.0,0.6233536850336748,3.49930057643698,0
44,Robin_public_Cami,2016-09-18 07:00:00,0,normal,51.0,51.0,59.819477,2.3950962068698964,6.072682933764892,1.459188343626462,2.7965762318187037,0.0,2.3950962068698964,3.49930057643698,0
44,Robin_public_Cami,2016-09-18 08:00:00,0,normal,69.5,69.5,68.35726,0.0,8.446546818278657,0.0,0.8428057515175316,0.0424393541452323,0.0,3.49930057643698,0
44,Robin_public_Cami,2016-09-18 09:00:00,0,normal,78.5,78.5,76.77948,0.0,0.0,0.0,0.0,0.6333311004116254,0.0,3.49930057643698,0
44,Robin_public_Cami,2016-09-18 10:00:00,0,normal,80.0,80.0,82.7991,0.0780972255285942,0.0,0.0,0.0,1.1926855147240447,0.0780972255285942,3.49930057643698,0
44,Robin_public_Cami,2016-09-18 11:00:00,0,normal,83.75,83.75,87.08993,0.2862388887350102,0.1181571208702522,0.0,0.0,0.5254444795410329,0.2862388887350102,3.49930057643698,0
44,Robin_public_Cami,2016-09-18 12:00:00,0,normal,94.0,94.0,90.135345,0.0,0.4155680251677718,0.2235494822207033,0.0,0.1352112562570955,0.0,3.49930057643698,0
44,Robin_public_Cami,2016-09-18 13:00:00,0,normal,97.25,97.25,94.2816,0.0,0.0,0.0,0.0,0.0,0.0,3.49930057643698,0
44,Robin_public_Cami,2016-09-18 14:00:00,0,normal,96.5,96.5,96.74599,0.0,0.0,0.0,0.0,0.0,0.0,3.49930057643698,0
44,Robin_public_Cami,2016-09-18 15:00:00,0,normal,95.25,95.25,97.69844,0.0,0.0,0.5805826939353068,0.0,0.0,0.0,3.49930057643698,0
44,Robin_public_Cami,2016-09-18 16:00:00,0,normal,90.75,90.75,96.414024,0.3899866768927009,0.810661746948565,0.9291740053508234,0.072025445551224,0.0,0.3899866768927009,3.49930057643698,0
44,Robin_public_Cami,2016-09-18 17:00:00,0,normal,88.75,88.75,93.42488,0.1480212018238554,0.2469654159755775,0.1309066103974612,0.4628039687769774,0.0,0.1480212018238554,3.49930057643698,0
44,Robin_public_Cami,2016-09-18 18:00:00,0,normal,88.5,88.5,90.0705,0.0,0.0,0.0473320572531471,0.9375409409735268,0.0637893655743429,0.0,3.49930057643698,0
44,Robin_public_Cami,2016-09-18 19:00:00,0,normal,88.25,88.25,87.543846,0.0,0.0,0.7855079375481385,0.7199848672157243,0.8347956247280052,0.0,3.49930057643698,0
44,Robin_public_Cami,2016-09-18 20:00:00,0,normal,87.25,87.25,85.38628,0.0,0.0,1.4778564258785143,0.8087133208239354,2.45735588010314,0.0,3.49930057643698,0
44,Robin_public_Cami,2016-09-18 21:00:00,0,normal,85.0,85.0,77.79004,1.2114422415895751,3.9389398731321417,1.132850270257607,1.0766539534237345,3.740085136255207,1.2114422415895751,3.49930057643698,0
44,Robin_public_Cami,2016-09-18 22:00:00,0,normal,41.75,41.75,60.994225,5.08205041376363,10.0,0.5550401287108041,1.602922608480582,4.3457031233235925,5.08205041376363,3.49930057643698,1
44,Robin_public_Cami,2016-09-18 23:00:00,0,normal,43.5,43.5,44.711792,0.0,10.0,0.0,0.0,0.5045087759950982,0.0,3.49930057643698,0
44,Robin_public_Cami,2016-09-19 00:00:00,0,normal,62.4167,62.4167,56.23799,1.3153344199465284,4.334583463611135,0.0,0.0,0.0,1.3153344199465284,3.49930057643698,0
44,Robin_public_Cami,2016-09-19 01:00:00,0,normal,42.9167,42.9167,55.99218,3.684113197300067,8.346324429349098,0.0,0.0,0.0,3.684113197300067,3.49930057643698,1
44,Robin_public_Cami,2016-09-19 02:00:00,0,normal,42.25,42.25,52.874275,2.842217560422046,2.5316275244098385,0.0,0.0,0.0,2.842217560422046,3.49930057643698,0
44,Robin_public_Cami,2016-09-19 03:00:00,0,normal,43.5,43.5,51.70166,2.010141368574766,2.494232981818524,0.0,0.0,0.0,2.010141368574766,3.49930057643698,0
44,Robin_public_Cami,2016-09-19 04:00:00,0,normal,43.25,43.25,50.085255,1.5408330178333782,1.1127356118017198,1.1356636155324331,0.0,0.0,1.5408330178333782,3.49930057643698,0
44,Robin_public_Cami,2016-09-19 05:00:00,0,normal,43.5,43.5,51.245434,1.8534449578945005,0.5160022338210873,1.1066440280066383,0.0,0.0,1.8534449578945005,3.49930057643698,0
44,Robin_public_Cami,2016-09-19 06:00:00,0,normal,65.25,65.25,56.213398,2.47865882897538,1.706457110552868,1.5700642890077496,0.0,0.0,2.47865882897538,3.49930057643698,0
44,Robin_public_Cami,2016-09-19 07:00:00,0,normal,78.25,78.25,70.75249,1.8863255389345384,1.5812408397473814,0.0,0.0,0.0,1.8863255389345384,3.49930057643698,0
44,Robin_public_Cami,2016-09-19 08:00:00,0,normal,83.25,83.25,82.683426,0.0,6.509039520080127,0.0,0.0,0.0,0.0,3.49930057643698,0
44,Robin_public_Cami,2016-09-19 09:00:00,0,normal,88.25,88.25,88.47547,0.0,0.0,0.0,0.0,0.0,0.0,3.49930057643698,0
44,Robin_public_Cami,2016-09-19 10:00:00,0,normal,93.25,93.25,94.465485,0.0,0.0,0.0,0.0,0.0,0.0,3.49930057643698,0
44,Robin_public_Cami,2016-09-19 11:00:00,0,normal,98.75,98.75,101.459564,0.0,0.0,0.0,0.0,0.0,0.0,3.49930057643698,0
44,Robin_public_Cami,2016-09-19 12:00:00,1,stuck,101.25,101.25,104.42604,0.0,0.0,0.0,0.0,0.0,0.0,3.49930057643698,0
44,Robin_public_Cami,2016-09-19 13:00:00,1,stuck,101.25,101.25,104.81845,0.0,0.0,0.0,0.0,0.0,0.0,3.49930057643698,0
44,Robin_public_Cami,2016-09-19 14:00:00,1,stuck,100.0,101.25,104.81845,0.0,0.0,0.6401801344972177,0.0,0.0,0.0,3.49930057643698,0
44,Robin_public_Cami,2016-09-19 15:00:00,1,stuck,99.25,101.25,104.81845,0.0,0.0,1.7324198128666874,0.3100561492143607,0.0,0.0,3.49930057643698,0
44,Robin_public_Cami,2016-09-19 16:00:00,1,stuck,98.25,101.25,104.09828,0.0,0.0,1.7324198128666874,0.9337469150685996,0.0,0.0,3.49930057643698,0
44,Robin_public_Cami,2016-09-19 17:00:00,1,stuck,94.75,101.25,103.87897,0.0,0.0,1.7324198128666874,2.327279445934729,0.0,0.0,3.49930057643698,0
44,Robin_public_Cami,2016-09-19 18:00:00,1,stuck,94.25,101.25,103.65992,0.0,0.0,1.7324198128666874,3.773193253278219,1.235662240655486,0.0,3.49930057643698,0
44,Robin_public_Cami,2016-09-19 19:00:00,1,stuck,95.0,101.25,102.10939,0.0,0.0,1.7324198128666874,3.773193253278219,2.63564534134002,0.0,3.49930057643698,0
44,Robin_public_Cami,2016-09-19 20:00:00,1,stuck,88.5,101.25,98.67565,0.0,0.0,1.7324198128666874,3.773193253278219,3.9736145058764953,0.0,3.49930057643698,0
44,Robin_public_Cami,2016-09-19 21:00:00,1,stuck,85.0,101.25,96.23175,0.6121142109716389,1.6565708087961837,1.7324198128666874,3.773193253278219,6.02415291506358,0.6121142109716389,3.49930057643698,0
44,Robin_public_Cami,2016-09-19 22:00:00,1,stuck,78.0,101.25,90.09446,2.540509203537634,6.669248979035273,1.7324198128666874,3.773193253278219,9.35102612872375,2.540509203537634,3.49930057643698,0
44,Robin_public_Cami,2016-09-19 23:00:00,1,stuck,81.5,101.25,89.506454,2.7252659688775016,0.0291024383982247,1.7324198128666874,3.773193253278219,10.0,2.7252659688775016,3.49930057643698,0
44,Robin_public_Cami,2016-09-20 00:00:00,1,contextual_after_hours,76.6667,119.25860514606242,88.443436,9.777022330595443,10.0,1.7324198128666874,3.773193253278219,10.0,9.777022330595443,3.49930057643698,1
44,Robin_public_Cami,2016-09-20 01:00:00,1,contextual_after_hours,82.0,124.59190514606242,93.67183,9.81305370729729,0.0,0.0,0.0649722256890021,4.739591949128682,9.81305370729729,3.49930057643698,1
44,Robin_public_Cami,2016-09-20 02:00:00,1,contextual_after_hours,81.75,124.34190514606242,95.7963,8.99751228390394,2.4312650542775724,0.0,0.0,2.604500082237058,8.99751228390394,3.49930057643698,1
44,Robin_public_Cami,2016-09-20 03:00:00,1,contextual_after_hours,81.75,124.34190514606242,96.41312,8.785660235537051,0.1322870595255551,0.0803205808864678,0.0,1.706492315649266,8.785660235537051,3.49930057643698,1
44,Robin_public_Cami,2016-09-20 04:00:00,1,contextual_after_hours,81.0,123.59190514606242,96.28168,8.573208113956857,0.1345722664046182,1.562846109108851,0.0,1.1117394281843678,8.573208113956857,3.49930057643698,1
44,Robin_public_Cami,2016-09-20 05:00:00,1,contextual_after_hours,81.0,123.59190514606242,95.457756,8.856193731967242,0.4031788758530956,1.2221709502329698,0.0,0.5966571938220969,8.856193731967242,3.49930057643698,1
44,Robin_public_Cami,2016-09-20 06:00:00,0,normal,82.25,82.25,93.89411,3.4821839950361757,10.0,1.1251218488454375,0.9850021289569264,0.0060107041798122,3.4821839950361757,3.49930057643698,0
44,Robin_public_Cami,2016-09-20 07:00:00,0,normal,81.75,81.75,81.96936,0.0,10.0,0.0,0.0,0.0,0.0,3.49930057643698,0
44,Robin_public_Cami,2016-09-20 08:00:00,0,normal,84.5,84.5,79.32918,0.9908762438863428,3.098977475105788,0.0,0.0,0.0,0.9908762438863428,3.49930057643698,0
44,Robin_public_Cami,2016-09-20 09:00:00,0,normal,92.5,92.5,80.73416,3.529031798391633,8.991347349417598,0.2224775063209104,0.0,0.0,3.529031798391633,3.49930057643698,1
44,Robin_public_Cami,2016-09-20 10:00:00,0,normal,99.75,99.75,83.845566,5.121810132542793,5.391149107997962,0.0,0.0,0.0,5.121810132542793,3.49930057643698,1
44,Robin_public_Cami,2016-09-20 11:00:00,0,normal,103.0,103.0,89.35501,4.252240908868775,2.637014449725641,0.0,0.0,0.0,4.252240908868775,3.49930057643698,1
44,Robin_public_Cami,2016-09-20 12:00:00,0,normal,105.0,105.0,92.78371,1.2988022664923764,10.0,0.0,0.0,0.0,1.2988022664923764,3.49930057643698,0
44,Robin_public_Cami,2016-09-20 13:00:00,0,normal,102.5,102.5,94.51297,0.4180574113151926,2.6795736398755583,0.0,0.0,0.0,0.4180574113151926,3.49930057643698,0
44,Robin_public_Cami,2016-09-20 14:00:00,0,normal,101.75,101.75,94.99571,0.1613386003914981,0.3031492679408328,0.2779794837007836,0.0,0.0,0.1613386003914981,3.49930057643698,0
44,Robin_public_Cami,2016-09-20 15:00:00,0,normal,103.75,103.75,94.065186,1.3735573246605777,3.9418968849122606,0.0793597597951951,0.0,0.0,1.3735573246605777,3.49930057643698,0
44,Robin_public_Cami,2016-09-20 16:00:00,0,normal,103.0,103.0,94.27134,1.1396617823655883,0.2162333894836243,0.4846098125933064,0.9288761972771808,0.0,1.1396617823655883,3.49930057643698,0
44,Robin_public_Cami,2016-09-20 17:00:00,0,normal,100.75,100.75,94.43227,0.5498978817637287,1.5714560563396764,0.4837967634936687,1.524053023768834,0.0,0.5498978817637287,3.49930057643698,0
44,Robin_public_Cami,2016-09-20 18:00:00,0,normal,95.5,95.5,93.59327,0.0,1.4196377473902846,0.1457953203072121,1.155703333138893,0.2400502947810578,0.0,3.49930057643698,0
44,Robin_public_Cami,2016-09-20 19:00:00,0,normal,91.5,91.5,92.50854,0.0,0.0,0.0,0.3421939796509722,0.656329955016705,0.0,3.49930057643698,0
44,Robin_public_Cami,2016-09-20 20:00:00,0,normal,86.0,86.0,89.16757,0.0306138011933513,0.0,0.0,0.0,1.3632315746218966,0.0306138011933513,3.49930057643698,0
44,Robin_public_Cami,2016-09-20 21:00:00,0,normal,83.0,83.0,86.41567,0.1085692611210434,0.0,0.0,0.0,1.6539591031711602,0.1085692611210434,3.49930057643698,0
44,Robin_public_Cami,2016-09-20 22:00:00,0,normal,72.25,72.25,85.60707,3.23225094102264,10.0,0.0,0.0,1.1073550879650196,3.23225094102264,3.49930057643698,0
44,Robin_public_Cami,2016-09-20 23:00:00,0,normal,74.0,74.0,87.02922,3.129237255976581,0.0,0.0,0.0,0.3503267812625347,3.129237255976581,3.49930057643698,0
44,Robin_public_Cami,2016-09-21 00:00:00,0,normal,74.25,74.25,80.729256,1.4185608945032406,5.840129960818979,0.0,0.0,0.1763360646026694,1.4185608945032406,3.49930057643698,0
44,Robin_public_Cami,2016-09-21 01:00:00,0,normal,71.1667,71.1667,80.33785,2.3431251328368314,2.8464472039759228,0.6266311450800082,0.0,0.1070500286661442,2.3431251328368314,3.49930057643698,0
44,Robin_public_Cami,2016-09-21 02:00:00,0,normal,72.5,72.5,78.54905,1.270801382049938,3.409146965969483,0.2796978048686083,0.0,0.0,1.270801382049938,3.49930057643698,0
44,Robin_public_Cami,2016-09-21 03:00:00,0,normal,73.5,73.5,78.182724,0.8015205455825223,1.112630831573641,0.3368170538456239,0.1898567406749684,0.0,0.8015205455825223,3.49930057643698,0
44,Robin_public_Cami,2016-09-21 04:00:00,1,spike,73.5,134.94569678374037,75.738144,10.0,10.0,0.5083802878967864,1.6749771694519469,0.0,10.0,3.49930057643698,1
44,Robin_public_Cami,2016-09-21 05:00:00,0,normal,73.0,73.0,87.624504,4.2161441414408936,10.0,0.0,0.0,0.0,4.2161441414408936,3.49930057643698,1
44,Robin_public_Cami,2016-09-21 06:00:00,0,normal,73.75,73.75,82.61071,2.410965147843546,6.200016155088536,0.0,0.0,0.0,2.410965147843546,3.49930057643698,0
44,Robin_public_Cami,2016-09-21 07:00:00,0,normal,77.0,77.0,75.63958,0.0,8.506979132656957,0.0,0.0,0.0,0.0,3.49930057643698,0
44,Robin_public_Cami,2016-09-21 08:00:00,0,normal,79.0,79.0,80.67761,0.0,0.0,0.0732576735011435,0.0,0.0,0.0,3.49930057643698,0
44,Robin_public_Cami,2016-09-21 09:00:00,0,normal,92.75,92.75,86.83621,1.2768137422480623,4.1878885008783096,0.0,0.0,0.0,1.2768137422480623,3.49930057643698,0
44,Robin_public_Cami,2016-09-21 10:00:00,0,normal,96.75,96.75,94.17978,0.0,4.1878885008783096,0.0,0.0,0.0,0.0,3.49930057643698,0
44,Robin_public_Cami,2016-09-21 11:00:00,0,normal,100.75,100.75,97.82825,0.0,0.0,0.0,0.0,0.0,0.0,3.49930057643698,0
44,Robin_public_Cami,2016-09-21 12:00:00,0,normal,102.75,102.75,100.85286,0.0,0.0,0.0,0.0,0.0,0.0,3.49930057643698,0
44,Robin_public_Cami,2016-09-21 13:00:00,0,normal,95.75,95.75,103.06566,0.7940114818609526,2.349274441457684,0.0,0.0,0.0,0.7940114818609526,3.49930057643698,0
44,Robin_public_Cami,2016-09-21 14:00:00,0,normal,100.25,100.25,101.47133,0.0,2.349274441457684,0.0,0.0,0.0,0.0,3.49930057643698,0
44,Robin_public_Cami,2016-09-21 15:00:00,0,normal,97.25,97.25,101.08002,0.0,0.0,0.0,0.3019788683973519,0.0,0.0,3.49930057643698,0
44,Robin_public_Cami,2016-09-21 16:00:00,0,normal,98.25,98.25,100.69623,0.0,0.0,0.0,0.6356508102751767,0.0,0.0,3.49930057643698,0
44,Robin_public_Cami,2016-09-21 17:00:00,0,normal,97.75,97.75,98.43002,0.0,0.0,0.2956533585949678,0.7014241066314003,0.0594415811037288,0.0,3.49930057643698,0
44,Robin_public_Cami,2016-09-21 18:00:00,0,normal,90.0,90.0,94.50438,0.3978074825955662,0.8404450443791855,1.0511014477008125,0.7317562024222554,0.3520402935105102,0.3978074825955662,3.49930057643698,0
44,Robin_public_Cami,2016-09-21 19:00:00,0,normal,88.25,88.25,85.6096,0.0,0.8404450443791855,0.0,0.3218165706640719,0.9110215114587612,0.0,3.49930057643698,0
44,Robin_public_Cami,2016-09-21 20:00:00,0,normal,85.0,85.0,79.63097,0.722333963625639,2.076311152789235,0.0,0.0,1.629222647603387,0.722333963625639,3.49930057643698,0
44,Robin_public_Cami,2016-09-21 21:00:00,1,spike,82.5,184.54531435484023,76.7621,10.0,10.0,0.0,0.0,2.377832256444897,10.0,3.49930057643698,1
44,Robin_public_Cami,2016-09-21 22:00:00,0,normal,73.75,73.75,92.66841,4.979676788614884,10.0,0.0,0.0,0.0,4.979676788614884,3.49930057643698,1
44,Robin_public_Cami,2016-09-21 23:00:00,0,normal,76.75,76.75,87.07741,2.2803020816134865,9.605304293590873,0.0,0.0,0.0,2.2803020816134865,3.49930057643698,0
44,Robin_public_Cami,2016-09-22 00:00:00,0,normal,77.0,77.0,73.5472,0.3790873462655668,6.565740758051067,0.0,0.0,0.0,0.3790873462655668,3.49930057643698,0
44,Robin_public_Cami,2016-09-22 01:00:00,0,normal,75.8333,75.8333,68.99485,1.541930438014844,3.753863937280853,0.5328347515961557,0.0,0.0,1.541930438014844,3.49930057643698,0
44,Robin_public_Cami,2016-09-22 02:00:00,0,normal,76.0,76.0,67.63222,2.0671981115725355,1.3258406573398624,1.1855282849941082,0.0,0.0,2.0671981115725355,3.49930057643698,0
44,Robin_public_Cami,2016-09-22 03:00:00,0,normal,75.5,75.5,70.36647,0.9563551570573176,3.555836315509396,1.1711308313473934,0.0,0.0,0.9563551570573176,3.49930057643698,0
44,Robin_public_Cami,2016-09-22 04:00:00,0,normal,75.25,75.25,73.48173,0.0,2.967513808097612,1.4784554545328317,2.2247407673618307,0.0,0.0,3.49930057643698,0
44,Robin_public_Cami,2016-09-22 05:00:00,0,normal,78.25,78.25,74.041595,0.6386098395950456,1.7574718179611435,1.3447775201425318,2.6621975087581533,0.0,0.6386098395950456,3.49930057643698,0
44,Robin_public_Cami,2016-09-22 06:00:00,0,normal,78.75,78.75,75.04554,0.4265327178997733,0.1331441868008794,0.5315048096919367,2.175574022311918,0.0,0.4265327178997733,3.49930057643698,0
44,Robin_public_Cami,2016-09-22 07:00:00,0,normal,80.25,80.25,76.193306,0.5620933186716188,0.0,0.429866105417837,1.8369660811992687,0.0,0.5620933186716188,3.49930057643698,0
44,Robin_public_Cami,2016-09-22 08:00:00,0,normal,84.5,84.5,83.335075,0.0,1.4660805741940477,0.8505996663006493,1.4593772259071185,0.0,0.0,3.49930057643698,0
44,Robin_public_Cami,2016-09-22 09:00:00,0,normal,91.75,91.75,95.03505,0.2651184719668616,0.3351369700612662,0.068095211212119,0.8107278732824408,0.0,0.2651184719668616,3.49930057643698,0
44,Robin_public_Cami,2016-09-22 10:00:00,0,normal,95.75,95.75,99.74041,0.5365832142810064,0.359304922125209,0.0,0.1937236479791902,4.455605590943302,0.5365832142810064,3.49930057643698,0
44,Robin_public_Cami,2016-09-22 11:00:00,0,normal,99.0,99.0,101.78302,0.0719076191686252,1.095093089526612,0.0,0.0,3.0588750839629912,0.0719076191686252,3.49930057643698,0
44,Robin_public_Cami,2016-09-22 12:00:00,0,normal,101.75,101.75,102.964485,0.0,0.0,0.0,0.0,2.1365329175699377,0.0,3.49930057643698,0
44,Robin_public_Cami,2016-09-22 13:00:00,0,normal,99.0,99.0,103.59504,0.1284902475041501,0.0,0.0602507406333885,0.0,1.5537209105804106,0.1284902475041501,3.49930057643698,0
44,Robin_public_Cami,2016-09-22 14:00:00,0,normal,97.0,97.0,103.50323,0.1090552084008433,0.0,0.5554881831601264,0.1222638168254666,1.4165744900054038,0.1090552084008433,3.49930057643698,0
44,Robin_public_Cami,2016-09-22 15:00:00,0,normal,100.0,100.0,102.557816,0.0,0.0,0.2416857305121195,0.8017629420896982,1.4505806217092976,0.0,3.49930057643698,0
44,Robin_public_Cami,2016-09-22 16:00:00,0,normal,100.75,100.75,103.29622,0.0,0.0,0.5836128895851089,1.3969940618634755,1.556397164133119,0.0,3.49930057643698,0
44,Robin_public_Cami,2016-09-22 17:00:00,0,normal,97.75,97.75,103.124344,0.319124679323194,0.5408041350445506,0.3880681827188244,1.718734058677854,1.846428188154388,0.319124679323194,3.49930057643698,0
44,Robin_public_Cami,2016-09-22 18:00:00,0,normal,95.0,95.0,102.76592,1.3786335319141776,3.360345098359849,0.5690009485933968,1.6053660612136402,2.2926727101643984,1.3786335319141776,3.49930057643698,0
44,Robin_public_Cami,2016-09-22 19:00:00,0,normal,93.75,93.75,101.51245,1.3775896044657043,0.0,0.0976070595550863,1.4141005048322164,3.147241267749587,1.3775896044657043,3.49930057643698,0
44,Robin_public_Cami,2016-09-22 20:00:00,0,normal,90.5,90.5,98.692154,1.6093850644578838,0.2082358278218577,0.3646692414678764,1.0885456382830314,4.7120191643065645,1.6093850644578838,3.49930057643698,0
44,Robin_public_Cami,2016-09-22 21:00:00,0,normal,86.25,86.25,94.23967,1.5457626312194404,0.0,0.2643376818983083,0.639947556995899,6.209391219170168,1.5457626312194404,3.49930057643698,0
44,Robin_public_Cami,2016-09-22 22:00:00,0,normal,79.75,79.75,82.25093,0.0,5.2121032759538215,0.0,0.0,1.5997539577904696,0.0,3.49930057643698,0
44,Robin_public_Cami,2016-09-22 23:00:00,0,normal,78.0,78.0,79.16701,0.0,0.0,0.0,0.0,0.3541420531584924,0.0,3.49930057643698,0
44,Robin_public_Cami,2016-09-23 00:00:00,0,normal,71.0,71.0,76.59383,1.114449554896089,3.569571019571604,0.0,0.0,0.0,1.114449554896089,3.49930057643698,0
44,Robin_public_Cami,2016-09-23 01:00:00,0,normal,76.9167,76.9167,73.63689,0.3196740775012104,2.35218389952212,0.0,0.0,0.0,0.3196740775012104,3.49930057643698,0
44,Robin_public_Cami,2016-09-23 02:00:00,0,normal,77.25,77.25,74.01416,0.3045708311269811,0.0,0.0,0.0,0.0,0.3045708311269811,3.49930057643698,0
44,Robin_public_Cami,2016-09-23 03:00:00,0,normal,78.5,78.5,75.60329,0.0835695060122055,0.1671294582514986,0.0,0.0,0.0,0.0835695060122055,3.49930057643698,0
44,Robin_public_Cami,2016-09-23 04:00:00,0,normal,78.75,78.75,77.240425,0.0,0.0,0.4339483956809938,0.0409061511680906,0.0,0.0,3.49930057643698,0
44,Robin_public_Cami,2016-09-23 05:00:00,0,normal,76.5,76.5,78.01731,0.0,0.0,0.4499545095170146,0.0777800637257074,0.0,0.0,3.49930057643698,0
44,Robin_public_Cami,2016-09-23 06:00:00,0,normal,77.5,77.5,77.86323,0.0,0.0,0.1222223071066052,0.1091198128451887,0.0,0.0,3.49930057643698,0
44,Robin_public_Cami,2016-09-23 07:00:00,0,normal,79.25,79.25,78.70786,0.0,0.0,0.1972806837505454,1.484071234968655,0.4066836835820203,0.0,3.49930057643698,0
44,Robin_public_Cami,2016-09-23 08:00:00,0,normal,81.5,81.5,83.93556,0.0,0.0,0.0339903434014023,1.2870421972369903,1.2277838344623215,0.0,3.49930057643698,0
44,Robin_public_Cami,2016-09-23 09:00:00,0,normal,89.0,89.0,86.81271,0.0,0.0,0.0,0.6881007711015672,2.452585671527632,0.0,3.49930057643698,0
44,Robin_public_Cami,2016-09-23 10:00:00,0,normal,94.25,94.25,94.01787,0.0,0.0,0.0,0.0,1.8473307328583384,0.0,3.49930057643698,0
44,Robin_public_Cami,2016-09-23 11:00:00,0,normal,98.0,98.0,98.63504,0.0,0.0,0.0,0.0,0.5670849555683418,0.0,3.49930057643698,0
44,Robin_public_Cami,2016-09-23 12:00:00,0,normal,98.75,98.75,100.39218,0.0,0.0,0.0,0.0,0.0,0.0,3.49930057643698,0
44,Robin_public_Cami,2016-09-23 13:00:00,0,normal,94.0,94.0,101.60763,0.8654333730086641,2.6212642476141457,0.0,0.0,0.0,0.8654333730086641,3.49930057643698,0
44,Robin_public_Cami,2016-09-23 14:00:00,0,normal,89.25,89.25,101.3463,1.9634574660331332,3.507019354827069,0.0,0.0,0.0,1.9634574660331332,3.49930057643698,0
44,Robin_public_Cami,2016-09-23 15:00:00,0,normal,90.0,90.0,99.57069,1.3456391645393666,1.6782932030156783,0.0,0.0,0.0,1.3456391645393666,3.49930057643698,0
44,Robin_public_Cami,2016-09-23 16:00:00,0,normal,90.5,90.5,97.39846,0.6919559467377379,1.8148744595133333,0.0,0.0,0.0,0.6919559467377379,3.49930057643698,0
44,Robin_public_Cami,2016-09-23 17:00:00,0,normal,88.75,88.75,95.89657,0.7526484106151209,0.0,0.5181308928329807,0.0,0.0,0.7526484106151209,3.49930057643698,0
44,Robin_public_Cami,2016-09-23 18:00:00,0,normal,86.0,86.0,94.11094,1.4823884485622156,2.1045150645969897,0.2066523248351227,0.0,0.0,1.4823884485622156,3.49930057643698,0
44,Robin_public_Cami,2016-09-23 19:00:00,0,normal,80.75,80.75,90.59135,2.127577077876184,1.7825252534224554,0.0,0.0,0.0277614440476468,2.127577077876184,3.49930057643698,0
44,Robin_public_Cami,2016-09-23 20:00:00,0,normal,76.5,76.5,85.09518,1.736018637774417,0.8166473567341389,0.0,0.0,0.0719815061470597,1.736018637774417,3.49930057643698,0
44,Robin_public_Cami,2016-09-23 21:00:00,0,normal,73.75,73.75,79.25012,0.7635231364931198,3.028979683982912,0.0,0.0,0.0,0.7635231364931198,3.49930057643698,0
44,Robin_public_Cami,2016-09-23 22:00:00,0,normal,63.25,63.25,74.42694,2.547233428301531,6.1182587562830735,0.0,0.0,0.0,2.547233428301531,3.49930057643698,0
44,Robin_public_Cami,2016-09-23 23:00:00,0,normal,64.0,64.0,67.89867,0.2312810561385359,8.145150202836348,0.0,0.0,0.0,0.2312810561385359,3.49930057643698,0
44,Robin_public_Cami,2016-10-02 00:00:00,0,normal,36.4167,36.4167,53.19821,4.030952964144883,10.0,0.0,0.0,0.0,4.030952964144883,3.49930057643698,1
44,Robin_public_Cami,2016-10-02 01:00:00,0,normal,39.4167,39.4167,46.34549,1.0951824893899396,10.0,0.0,0.0,0.0,1.0951824893899396,3.49930057643698,0
44,Robin_public_Cami,2016-10-02 02:00:00,0,normal,38.25,38.25,42.872948,0.4081213719491186,1.9419846256947089,0.0751905866112998,0.0,0.0,0.4081213719491186,3.49930057643698,0
44,Robin_public_Cami,2016-10-02 03:00:00,0,normal,38.25,38.25,42.180515,0.2018004616978544,0.1112233049858991,0.6142563276494488,0.0,0.0,0.2018004616978544,3.49930057643698,0
44,Robin_public_Cami,2016-10-02 04:00:00,0,normal,38.25,38.25,41.155643,0.0866860226205875,0.0,1.1459872228608314,1.0186369151743966,0.0,0.0866860226205875,3.49930057643698,0
44,Robin_public_Cami,2016-10-02 05:00:00,0,normal,38.5,38.5,40.41944,0.0,0.0,1.7324198128666874,1.7621540252700194,0.0,0.0,3.49930057643698,0
44,Robin_public_Cami,2016-10-02 06:00:00,0,normal,37.75,37.75,41.255367,0.2603470829502787,0.3169665022556256,1.5985993111224628,2.511041985511677,0.0,0.2603470829502787,3.49930057643698,0
44,Robin_public_Cami,2016-10-02 07:00:00,1,spike,37.75,0.01,50.939636,10.0,10.0,1.412742265864974,2.9951321714910213,0.0,10.0,3.49930057643698,1
44,Robin_public_Cami,2016-10-02 08:00:00,0,normal,38.25,38.25,55.8258,5.254626214205935,10.0,0.0,0.0,0.0,5.254626214205935,3.49930057643698,1
44,Robin_public_Cami,2016-10-02 09:00:00,0,normal,59.25,59.25,63.584797,0.5547518544303782,10.0,0.0,0.0,0.6830164376060447,0.5547518544303782,3.49930057643698,0
44,Robin_public_Cami,2016-10-02 10:00:00,0,normal,63.5,63.5,69.73272,1.2284165352459162,1.8909681356193853,0.0,0.0,1.830644561741537,1.2284165352459162,3.49930057643698,0
44,Robin_public_Cami,2016-10-02 11:00:00,0,normal,80.0,80.0,74.83692,0.9878959542965094,0.2414629507629164,0.0,0.0,1.3171775621921629,0.9878959542965094,3.49930057643698,0
44,Robin_public_Cami,2016-10-02 12:00:00,0,normal,91.75,91.75,80.68599,1.0588391808530724,0.0,0.0,0.0,0.542024632879375,1.0588391808530724,3.49930057643698,0
44,Robin_public_Cami,2016-10-02 13:00:00,0,normal,98.25,98.25,85.389725,1.432911621679637,0.7500569391900503,0.0,0.0,0.0,1.432911621679637,3.49930057643698,0
44,Robin_public_Cami,2016-10-02 14:00:00,0,normal,100.0,100.0,88.984436,1.0487501560516426,0.7884780990886788,0.0,0.0,0.0,1.0487501560516426,3.49930057643698,0
44,Robin_public_Cami,2016-10-02 15:00:00,0,normal,98.5,98.5,90.64248,0.3910871442279053,1.8300303646177956,0.0143619679930575,0.0,0.0,0.3910871442279053,3.49930057643698,0
44,Robin_public_Cami,2016-10-02 16:00:00,0,normal,89.5,89.5,90.22242,0.0,0.8148525614505885,1.0774625421102968,0.0,0.0,0.0,3.49930057643698,0
44,Robin_public_Cami,2016-10-02 17:00:00,0,normal,85.75,85.75,86.508316,0.0,0.0,0.0,0.2259133965125621,0.0,0.0,3.49930057643698,0
44,Robin_public_Cami,2016-10-02 18:00:00,0,normal,85.75,85.75,81.61391,0.3349323170142808,0.6010029934379556,0.0,0.505671585883019,0.0,0.3349323170142808,3.49930057643698,0
44,Robin_public_Cami,2016-10-02 19:00:00,0,normal,83.25,83.25,79.58362,0.1873445730520343,0.0,0.5133252845537116,0.3233818199108498,0.0,0.1873445730520343,3.49930057643698,0
44,Robin_public_Cami,2016-10-02 20:00:00,0,normal,82.5,82.5,77.359695,0.6504650657926119,1.0891709277655133,0.7906710759274665,0.2443760062771828,0.384941323601744,0.6504650657926119,3.49930057643698,0
44,Robin_public_Cami,2016-10-02 21:00:00,0,normal,79.25,79.25,72.124245,1.4233657201801844,2.2688799044324464,0.668226082084408,0.4319239708693223,1.4661958945210132,1.4233657201801844,3.49930057643698,0
44,Robin_public_Cami,2016-10-02 22:00:00,0,normal,36.25,36.25,52.20932,4.686479105465419,10.0,0.4966094140793232,1.0446471615348083,2.2392933866055533,4.686479105465419,3.49930057643698,1
44,Robin_public_Cami,2016-10-02 23:00:00,0,normal,32.5,32.5,38.51649,1.0136041431794691,10.0,0.0,0.0,0.6297887807484545,1.0136041431794691,3.49930057643698,0
44,Robin_public_Cami,2016-10-03 00:00:00,0,normal,51.9167,51.9167,53.77684,0.0,3.185530166776977,0.0,0.0,0.0,0.0,3.49930057643698,0
44,Robin_public_Cami,2016-10-03 01:00:00,0,normal,32.5,32.5,49.757164,4.172680909720363,10.0,0.0,0.0,0.0,4.172680909720363,3.49930057643698,1
44,Robin_public_Cami,2016-10-03 02:00:00,0,normal,33.0,33.0,44.67,2.5078987095284684,5.665355198766856,0.0,0.0,0.0,2.5078987095284684,3.49930057643698,0
44,Robin_public_Cami,2016-10-03 03:00:00,0,normal,32.25,32.25,46.231335,3.1965970600078824,1.948219558565344,0.0,0.0,0.0,3.1965970600078824,3.49930057643698,0
44,Robin_public_Cami,2016-10-03 04:00:00,0,normal,30.75,30.75,46.545914,3.7372788523977496,1.3845409119237893,1.4153134855126206,0.1635097572325014,0.0,3.7372788523977496,3.49930057643698,1
44,Robin_public_Cami,2016-10-03 05:00:00,0,normal,26.5,26.5,45.270866,4.623711875167035,2.7012353961788405,0.9465536842935792,0.1306627625768163,0.0,4.623711875167035,3.49930057643698,1
44,Robin_public_Cami,2016-10-03 06:00:00,0,normal,42.5,42.5,46.321045,0.3385388566607007,10.0,0.2840035858331463,0.0570334093517423,0.0,0.3385388566607007,3.49930057643698,0
44,Robin_public_Cami,2016-10-03 07:00:00,0,normal,52.75,52.75,54.961845,0.0,0.6147374662104089,0.0,0.6163131051539575,0.0463412595506954,0.0,3.49930057643698,0
44,Robin_public_Cami,2016-10-03 08:00:00,0,normal,62.25,62.25,67.13103,0.6825290821656405,1.924725668025257,0.0,0.0,0.1523546240643241,0.6825290821656405,3.49930057643698,0
44,Robin_public_Cami,2016-10-03 09:00:00,0,normal,79.75,79.75,76.14928,0.2670390817162548,0.9077838466166088,0.0,0.0,0.5637235421297248,0.2670390817162548,3.49930057643698,0
44,Robin_public_Cami,2016-10-03 10:00:00,0,normal,91.5,91.5,83.678955,1.792190231153422,5.133610353903303,0.0,0.0,0.565065544604726,1.792190231153422,3.49930057643698,0
44,Robin_public_Cami,2016-10-03 11:00:00,0,normal,105.25,105.25,90.92745,4.513005971118532,9.686956323604102,0.0,0.0,0.0,4.513005971118532,3.49930057643698,1
44,Robin_public_Cami,2016-10-03 12:00:00,0,normal,115.5,115.5,96.38269,2.7359401568289905,6.092955167658814,0.0,0.0,0.0,2.7359401568289905,3.49930057643698,0
44,Robin_public_Cami,2016-10-03 13:00:00,0,normal,114.75,114.75,100.68281,1.684252267413908,3.330561201238296,0.0,0.0,0.0,1.684252267413908,3.49930057643698,0
44,Robin_public_Cami,2016-10-03 14:00:00,0,normal,114.75,114.75,102.25223,1.3574202950000864,0.5701551522190372,0.0,0.0,0.0,1.3574202950000864,3.49930057643698,0
44,Robin_public_Cami,2016-10-03 15:00:00,0,normal,115.0,115.0,101.56232,2.291588696475746,2.883021907184269,1.399665476678668,0.0,0.0,2.291588696475746,3.49930057643698,0
44,Robin_public_Cami,2016-10-03 16:00:00,0,normal,113.25,113.25,99.478676,2.373204383370637,0.0,1.6162542839911809,0.0463436678604879,0.0,2.373204383370637,3.49930057643698,0
44,Robin_public_Cami,2016-10-03 17:00:00,0,normal,110.75,110.75,97.95325,2.134803564083028,0.233390445901658,1.1157557510575882,1.111195400601319,0.0,2.134803564083028,3.49930057643698,0
44,Robin_public_Cami,2016-10-03 18:00:00,0,normal,105.5,105.5,95.91871,2.0458651615474133,0.0,0.6345650987959924,2.1135591858144163,0.0,2.0458651615474133,3.49930057643698,0
44,Robin_public_Cami,2016-10-03 19:00:00,0,normal,98.0,98.0,92.819534,0.7047769347626568,4.432659457079769,0.1781554326660762,1.2333446669593486,0.4185466360259207,0.7047769347626568,3.49930057643698,0
44,Robin_public_Cami,2016-10-03 20:00:00,0,normal,90.25,90.25,89.06889,0.0,2.0094502394139537,0.0,0.5307332318961079,1.258078504795023,0.0,3.49930057643698,0
44,Robin_public_Cami,2016-10-03 21:00:00,0,normal,87.25,87.25,82.48788,0.5502414393541261,1.420946088025266,0.0,0.1311659591184708,2.4906738214430217,0.5502414393541261,3.49930057643698,0
44,Robin_public_Cami,2016-10-03 22:00:00,0,normal,73.25,73.25,76.96308,0.1627260632362233,0.8012505061106333,0.0,0.0280052395680177,2.967426836405542,0.1627260632362233,3.49930057643698,0
44,Robin_public_Cami,2016-10-03 23:00:00,0,normal,72.0,72.0,71.721405,0.0,0.0,0.0,0.0,1.885776904345593,0.0,3.49930057643698,0
44,Robin_public_Cami,2016-10-04 00:00:00,0,normal,81.2172,81.2172,67.83813,3.74176582498508,10.0,0.0,0.0,1.1356033632797116,3.74176582498508,3.49930057643698,1
44,Robin_public_Cami,2016-10-04 01:00:00,0,normal,73.4167,73.4167,70.11422,0.2251765186917934,10.0,0.0,0.0104305958463415,1.053740239578363,0.2251765186917934,3.49930057643698,0
44,Robin_public_Cami,2016-10-04 02:00:00,0,normal,77.0,77.0,73.63,0.2487408924291032,0.0,0.0,0.2113297537930374,0.8190975943345362,0.2487408924291032,3.49930057643698,0
44,Robin_public_Cami,2016-10-04 03:00:00,0,normal,78.25,78.25,76.3978,0.0,0.272767651464335,0.0556748062117353,0.4655003918241518,0.7547580055297404,0.0,3.49930057643698,0
44,Robin_public_Cami,2016-10-04 04:00:00,0,normal,76.0,76.0,77.84674,0.0,0.0,0.3468089318950172,0.9838118095202716,0.808181525747618,0.0,3.49930057643698,0
44,Robin_public_Cami,2016-10-04 05:00:00,0,normal,75.0,75.0,77.59844,0.0,0.0,0.8522539905104768,0.9500344362937228,0.9195377833027614,0.0,3.49930057643698,0
44,Robin_public_Cami,2016-10-04 06:00:00,0,normal,76.5,76.5,77.22901,0.0,0.0,0.4749501695063828,1.0164787645334707,1.0986898026519472,0.0,3.49930057643698,0
44,Robin_public_Cami,2016-10-04 07:00:00,0,normal,79.5,79.5,78.561646,0.0,0.0,0.9339266730499716,1.49079928083366,1.743919852505433,0.0,3.49930057643698,0
44,Robin_public_Cami,2016-10-04 08:00:00,0,normal,81.75,81.75,85.514084,0.3521781366528581,0.6666787556605619,0.0755763391801388,1.428462175635571,2.80080691411202,0.3521781366528581,3.49930057643698,0
44,Robin_public_Cami,2016-10-04 09:00:00,0,normal,93.75,93.75,89.41945,0.6674898652992699,0.5262836050110163,0.0,0.8094836746744446,3.6706902861959967,0.6674898652992699,3.49930057643698,0
44,Robin_public_Cami,2016-10-04 10:00:00,0,normal,101.5,101.5,97.74219,0.4470658854876591,0.1649308041054135,0.0,0.0,2.375369464469473,0.4470658854876591,3.49930057643698,0
44,Robin_public_Cami,2016-10-04 11:00:00,0,normal,112.25,112.25,101.92818,2.973288536650012,8.945904306465723,0.0,0.0,0.995142663081618,2.973288536650012,3.49930057643698,0
44,Robin_public_Cami,2016-10-04 12:00:00,0,normal,121.25,121.25,104.81845,2.176630043002564,2.3593548273328446,0.0,0.0,0.1093164107147704,2.176630043002564,3.49930057643698,0
44,Robin_public_Cami,2016-10-04 13:00:00,0,normal,122.5,122.5,104.81845,2.436942771107492,0.3168356716716507,0.0,0.0,0.0,2.436942771107492,3.49930057643698,0
44,Robin_public_Cami,2016-10-04 14:00:00,0,normal,121.75,121.75,104.81845,3.1462625109812774,2.0267502109174678,0.0,0.0,0.0,3.1462625109812774,3.49930057643698,0
44,Robin_public_Cami,2016-10-04 15:00:00,0,normal,122.75,122.75,104.81845,3.3908837479227403,0.2570791240463564,1.0179025823410353,0.0,0.0,3.3908837479227403,3.49930057643698,0
44,Robin_public_Cami,2016-10-04 16:00:00,0,normal,116.5,116.5,104.81845,1.187441676203836,7.716686963952003,1.1301217079588246,0.0,0.0,1.187441676203836,3.49930057643698,0
44,Robin_public_Cami,2016-10-04 17:00:00,1,persistent_shift,116.25,147.2719789155203,104.81845,7.595711900752974,10.0,0.0,0.3510905778679982,0.0,7.595711900752974,3.49930057643698,1
44,Robin_public_Cami,2016-10-04 18:00:00,1,persistent_shift,112.5,143.5219789155203,104.81845,10.0,10.0,0.0,0.0,0.0,10.0,3.49930057643698,1
44,Robin_public_Cami,2016-10-04 19:00:00,1,persistent_shift,105.0,136.0219789155203,103.64809,9.207516497119752,6.899404136119285,0.0,0.0,0.0,9.207516497119752,3.49930057643698,1
44,Robin_public_Cami,2016-10-04 20:00:00,1,persistent_shift,98.25,129.2719789155203,98.21093,8.795008680828431,0.8964270528095477,0.0,0.0,0.0,8.795008680828431,3.49930057643698,1
44,Robin_public_Cami,2016-10-04 21:00:00,1,persistent_shift,92.75,123.7719789155203,91.49912,9.175770005658686,0.7755296371868619,0.0,0.0,0.5707720270026608,9.175770005658686,3.49930057643698,1
44,Robin_public_Cami,2016-10-04 22:00:00,1,persistent_shift,82.25,113.2719789155203,89.44618,6.521623800839266,9.43306450347132,0.0,0.0,1.2100270587527588,6.521623800839266,3.49930057643698,1
44,Robin_public_Cami,2016-10-04 23:00:00,1,persistent_shift,79.75,110.7719789155203,87.37326,6.387431767387059,0.0,0.0,0.0,1.576055027061028,6.387431767387059,3.49930057643698,1
44,Robin_public_Cami,2016-10-05 00:00:00,1,persistent_shift,90.101,121.12297891552028,83.30521,10.0,10.0,0.0,0.0,1.406185739359476,10.0,3.49930057643698,1
44,Robin_public_Cami,2016-10-05 01:00:00,1,persistent_shift,90.101,121.12297891552028,85.01558,10.0,1.562636963500639,0.0,0.0,1.3605615890813665,10.0,3.49930057643698,1
44,Robin_public_Cami,2016-10-05 02:00:00,1,persistent_shift,90.101,121.12297891552028,86.85321,10.0,1.7290878401065264,0.0,0.0781724991380026,1.2231999663542266,10.0,3.49930057643698,1
44,Robin_public_Cami,2016-10-05 03:00:00,1,persistent_shift,90.101,121.12297891552028,86.06144,10.0,0.3611270776506261,1.7324198128666874,0.3189523736203908,1.0942890854162988,10.0,3.49930057643698,1
44,Robin_public_Cami,2016-10-05 04:00:00,1,persistent_shift,90.101,121.12297891552028,85.17665,10.0,0.4827918910546396,1.7324198128666874,0.3657644233964498,0.9410863593720336,10.0,3.49930057643698,1
44,Robin_public_Cami,2016-10-05 05:00:00,0,normal,90.101,90.101,84.418365,1.1449518056505728,10.0,1.7324198128666874,0.424679405883454,0.8055551468241365,1.1449518056505728,3.49930057643698,0
44,Robin_public_Cami,2016-10-05 06:00:00,0,normal,90.101,90.101,77.1732,3.604824206941908,8.693228392808836,0.0,0.0,0.2026896491228632,3.604824206941908,3.49930057643698,1
44,Robin_public_Cami,2016-10-05 07:00:00,0,normal,90.101,90.101,72.75211,5.174083015588917,5.301581734746313,0.0,0.0,0.0,5.174083015588917,3.49930057643698,1
44,Robin_public_Cami,2016-10-05 08:00:00,0,normal,90.101,90.101,75.16686,4.316971516696581,2.58957277471437,1.7324198128666874,0.0,0.0,4.316971516696581,3.49930057643698,1
44,Robin_public_Cami,2016-10-05 09:00:00,0,normal,90.101,90.101,80.14375,2.8329778886687254,4.97687372749772,1.7324198128666874,0.0,0.0,2.8329778886687254,3.49930057643698,0
44,Robin_public_Cami,2016-10-05 10:00:00,0,normal,90.101,90.101,85.71313,0.6895506794147237,7.488137557796174,1.7324198128666874,0.0,0.0,0.6895506794147237,3.49930057643698,0
44,Robin_public_Cami,2016-10-05 11:00:00,0,normal,90.101,90.101,90.81303,0.0,1.951465409076598,1.7324198128666874,3.773193253278219,0.0,0.0,3.49930057643698,0
44,Robin_public_Cami,2016-10-05 12:00:00,0,normal,90.101,90.101,91.92345,0.0,0.0,1.7324198128666874,3.773193253278219,0.0,0.0,3.49930057643698,0
44,Robin_public_Cami,2016-10-05 13:00:00,0,normal,90.101,90.101,95.4302,0.0,0.0,1.7324198128666874,3.773193253278219,0.0,0.0,3.49930057643698,0
44,Robin_public_Cami,2016-10-05 14:00:00,0,normal,90.101,90.101,95.39787,0.0,0.0,1.7324198128666874,3.773193253278219,0.0776512727518183,0.0,3.49930057643698,0
44,Robin_public_Cami,2016-10-05 15:00:00,0,normal,90.101,90.101,96.74343,0.1380444371114177,0.0,1.7324198128666874,3.773193253278219,0.5163791175406394,0.1380444371114177,3.49930057643698,0
44,Robin_public_Cami,2016-10-05 16:00:00,0,normal,90.101,90.101,98.600266,0.5247305421739749,0.7980924649278793,1.7324198128666874,3.773193253278219,1.4729701459813815,0.5247305421739749,3.49930057643698,0
44,Robin_public_Cami,2016-10-05 17:00:00,0,normal,90.101,90.101,97.01903,0.1954374832377259,0.5795274950037578,1.7324198128666874,3.773193253278219,10.0,0.1954374832377259,3.49930057643698,0
44,Robin_public_Cami,2016-10-05 18:00:00,0,normal,90.101,90.101,95.59162,0.7605379354877053,1.4775323807189316,1.7324198128666874,3.773193253278219,10.0,0.7605379354877053,3.49930057643698,0
44,Robin_public_Cami,2016-10-05 19:00:00,0,normal,90.101,90.101,93.058266,0.0,2.2218000320976814,1.7324198128666874,3.773193253278219,10.0,0.0,3.49930057643698,0
44,Robin_public_Cami,2016-10-05 20:00:00,0,normal,90.101,90.101,91.27827,0.0,0.0,1.7324198128666874,3.773193253278219,10.0,0.0,3.49930057643698,0
44,Robin_public_Cami,2016-10-05 21:00:00,0,normal,90.101,90.101,91.08834,0.0,0.0,1.7324198128666874,3.773193253278219,10.0,0.0,3.49930057643698,0
44,Robin_public_Cami,2016-10-05 22:00:00,0,normal,90.101,90.101,92.54707,0.0,0.0,1.7324198128666874,3.773193253278219,10.0,0.0,3.49930057643698,0
44,Robin_public_Cami,2016-10-05 23:00:00,0,normal,90.101,90.101,91.92914,0.0,0.0,1.7324198128666874,3.773193253278219,10.0,0.0,3.49930057643698,0
44,Robin_public_Cami,2016-10-06 00:00:00,0,normal,90.101,90.101,91.83184,0.0,0.0,1.7324198128666874,3.773193253278219,10.0,0.0,3.49930057643698,0
44,Robin_public_Cami,2016-10-06 01:00:00,0,normal,90.101,90.101,90.94446,0.0,0.0,1.7324198128666874,3.773193253278219,10.0,0.0,3.49930057643698,0
44,Robin_public_Cami,2016-10-06 02:00:00,0,normal,90.101,90.101,89.46431,0.0,0.0,1.7324198128666874,3.773193253278219,10.0,0.0,3.49930057643698,0
44,Robin_public_Cami,2016-10-06 03:00:00,0,normal,90.101,90.101,88.11242,0.0,0.0,1.7324198128666874,3.773193253278219,10.0,0.0,3.49930057643698,0
44,Robin_public_Cami,2016-10-06 04:00:00,0,normal,90.101,90.101,86.43477,0.1230529793984405,0.0,1.7324198128666874,3.773193253278219,10.0,0.1230529793984405,3.49930057643698,0
44,Robin_public_Cami,2016-10-06 05:00:00,0,normal,90.101,90.101,86.0184,0.4974265954893395,0.7512038788810761,1.7324198128666874,3.773193253278219,10.0,0.4974265954893395,3.49930057643698,0
44,Robin_public_Cami,2016-10-06 06:00:00,0,normal,90.101,90.101,86.15882,0.4153926945221289,0.0,1.7324198128666874,3.773193253278219,10.0,0.4153926945221289,3.49930057643698,0
44,Robin_public_Cami,2016-10-06 07:00:00,0,normal,90.101,90.101,86.19967,0.4008938383706828,0.0,1.7324198128666874,3.773193253278219,10.0,0.4008938383706828,3.49930057643698,0
44,Robin_public_Cami,2016-10-06 08:00:00,0,normal,90.101,90.101,89.087326,0.0,0.8521985459389204,1.7324198128666874,3.773193253278219,10.0,0.0,3.49930057643698,0
44,Robin_public_Cami,2016-10-06 09:00:00,0,normal,90.101,90.101,89.346054,0.0,0.0,1.7324198128666874,3.773193253278219,10.0,0.0,3.49930057643698,0
44,Robin_public_Cami,2016-10-06 10:00:00,0,normal,90.101,90.101,89.981094,0.0,0.0,1.7324198128666874,3.773193253278219,10.0,0.0,3.49930057643698,0
44,Robin_public_Cami,2016-10-06 11:00:00,0,normal,90.101,90.101,90.82016,0.0,0.0,1.7324198128666874,3.773193253278219,10.0,0.0,3.49930057643698,0
44,Robin_public_Cami,2016-10-06 12:00:00,0,normal,90.101,90.101,91.267586,0.0,0.0,1.7324198128666874,3.773193253278219,10.0,0.0,3.49930057643698,0
44,Robin_public_Cami,2016-10-06 13:00:00,0,normal,90.101,90.101,91.492645,0.0,0.0,1.7324198128666874,3.773193253278219,10.0,0.0,3.49930057643698,0
44,Robin_public_Cami,2016-10-06 14:00:00,0,normal,90.101,90.101,91.54659,0.0,0.0,1.7324198128666874,3.773193253278219,10.0,0.0,3.49930057643698,0
44,Robin_public_Cami,2016-10-06 15:00:00,0,normal,90.101,90.101,91.36325,0.0,0.0,1.7324198128666874,3.773193253278219,10.0,0.0,3.49930057643698,0
44,Robin_public_Cami,2016-10-06 16:00:00,0,normal,90.101,90.101,91.044365,0.0,0.0,1.7324198128666874,3.773193253278219,10.0,0.0,3.49930057643698,0
44,Robin_public_Cami,2016-10-06 17:00:00,0,normal,90.101,90.101,90.6212,0.0,0.0,1.7324198128666874,3.773193253278219,10.0,0.0,3.49930057643698,0
44,Robin_public_Cami,2016-10-06 18:00:00,0,normal,90.101,90.101,89.90446,0.0,0.0,1.7324198128666874,3.773193253278219,10.0,0.0,3.49930057643698,0
44,Robin_public_Cami,2016-10-06 19:00:00,0,normal,90.101,90.101,89.48462,0.0,0.0,1.7324198128666874,3.773193253278219,10.0,0.0,3.49930057643698,0
44,Robin_public_Cami,2016-10-06 20:00:00,0,normal,90.101,90.101,90.83173,0.0,0.0,1.7324198128666874,3.773193253278219,10.0,0.0,3.49930057643698,0
44,Robin_public_Cami,2016-10-06 21:00:00,0,normal,90.101,90.101,88.52393,0.0,0.0,1.7324198128666874,3.773193253278219,10.0,0.0,3.49930057643698,0
44,Robin_public_Cami,2016-10-06 22:00:00,0,normal,90.101,90.101,87.56804,0.0,0.0,1.7324198128666874,3.773193253278219,10.0,0.0,3.49930057643698,0
44,Robin_public_Cami,2016-10-06 23:00:00,0,normal,90.101,90.101,87.1158,0.0,0.0,1.7324198128666874,3.773193253278219,10.0,0.0,3.49930057643698,0
44,Robin_public_Cami,2016-10-07 00:00:00,0,normal,82.7172,82.7172,85.56588,0.066806511618962,0.0,1.7324198128666874,3.773193253278219,10.0,0.066806511618962,3.49930057643698,0
44,Robin_public_Cami,2016-10-07 01:00:00,0,normal,82.0505,82.0505,83.87021,0.0,0.0,0.0,0.0,0.0,0.0,3.49930057643698,0
44,Robin_public_Cami,2016-10-07 02:00:00,0,normal,76.75,76.75,82.10796,0.942511303859834,2.9147934602163894,0.0,0.0,0.0,0.942511303859834,3.49930057643698,0
44,Robin_public_Cami,2016-10-07 03:00:00,0,normal,77.75,77.75,79.91456,0.0,2.9147934602163894,0.0,0.0,0.0,0.0,3.49930057643698,0
44,Robin_public_Cami,2016-10-07 04:00:00,1,stuck,75.75,75.75,79.01277,0.211318730164422,0.1302560699763046,0.0,0.0,0.0,0.211318730164422,3.49930057643698,0
44,Robin_public_Cami,2016-10-07 05:00:00,1,stuck,75.0,75.75,78.63707,0.0802040408323722,0.0,0.0,0.0,0.0,0.0802040408323722,3.49930057643698,0
44,Robin_public_Cami,2016-10-07 06:00:00,1,stuck,76.25,75.75,79.126625,0.2146502304796819,0.0,0.0,0.0,0.0,0.2146502304796819,3.49930057643698,0
44,Robin_public_Cami,2016-10-07 07:00:00,1,stuck,77.25,75.75,80.24303,0.6109152887137018,0.8345711631872084,1.7324198128666874,0.0,0.0,0.6109152887137018,3.49930057643698,0
44,Robin_public_Cami,2016-10-07 08:00:00,1,stuck,81.0,75.75,82.08525,1.264809909885304,1.8156795286692449,1.7324198128666874,0.957632335330594,0.0,1.264809909885304,3.49930057643698,0
44,Robin_public_Cami,2016-10-07 09:00:00,1,stuck,96.25,75.75,81.19855,0.950075868115906,0.5240836500788078,1.7324198128666874,1.0425209033569984,0.0,0.950075868115906,3.49930057643698,0
44,Robin_public_Cami,2016-10-07 10:00:00,1,stuck,102.0,75.75,83.36904,1.720489406662978,2.2594084364486684,1.7324198128666874,3.773193253278219,0.0,1.720489406662978,3.49930057643698,0
44,Robin_public_Cami,2016-10-07 11:00:00,1,stuck,112.75,75.75,84.537636,2.135280179303431,0.905121037873314,1.7324198128666874,3.773193253278219,0.3702136706956341,2.135280179303431,3.49930057643698,0
44,Robin_public_Cami,2016-10-07 12:00:00,1,stuck,120.5,75.75,85.214806,0.7258044442148759,4.693093685691899,1.7324198128666874,3.773193253278219,2.2512782064859107,0.7258044442148759,3.49930057643698,0
44,Robin_public_Cami,2016-10-07 13:00:00,1,stuck,119.5,75.75,85.59058,0.8040603225722986,0.0,1.7324198128666874,3.773193253278219,3.625973480058596,0.8040603225722986,3.49930057643698,0
44,Robin_public_Cami,2016-10-07 14:00:00,1,stuck,117.25,75.75,86.59756,1.0137626890985258,0.1241006122368593,1.7324198128666874,3.773193253278219,9.432796654898134,1.0137626890985258,3.49930057643698,0
44,Robin_public_Cami,2016-10-07 15:00:00,1,stuck,116.5,75.75,86.73155,1.0416671839941976,0.0,1.7324198128666874,3.773193253278219,9.789713483685247,1.0416671839941976,3.49930057643698,0
44,Robin_public_Cami,2016-10-07 16:00:00,0,normal,115.5,115.5,86.78623,4.734404377129514,10.0,1.7324198128666874,3.773193253278219,10.0,4.734404377129514,3.49930057643698,1
44,Robin_public_Cami,2016-10-07 17:00:00,0,normal,112.75,112.75,97.51396,1.9276646873593384,10.0,0.0,0.0,0.0,1.9276646873593384,3.49930057643698,0
44,Robin_public_Cami,2016-10-07 18:00:00,0,normal,106.75,106.75,99.8333,1.208626062985764,2.063761797542744,0.0,0.0,0.0,1.208626062985764,3.49930057643698,0
44,Robin_public_Cami,2016-10-07 19:00:00,0,normal,101.5,101.5,99.17615,0.0,3.928215263908782,0.0,0.0,0.0,0.0,3.49930057643698,0
44,Robin_public_Cami,2016-10-07 20:00:00,0,normal,95.25,95.25,95.5867,0.0,0.0,0.0,0.0,0.0,0.0,3.49930057643698,0
44,Robin_public_Cami,2016-10-07 21:00:00,0,normal,94.0,94.0,84.77515,1.9338690628862656,6.690095407229368,0.0,0.0,0.0,1.9338690628862656,3.49930057643698,0
44,Robin_public_Cami,2016-10-07 22:00:00,0,normal,74.5,74.5,80.58521,1.0389899231822477,2.733400012250145,0.0,0.0,0.0,1.0389899231822477,3.49930057643698,0
44,Robin_public_Cami,2016-10-07 23:00:00,0,normal,75.75,75.75,75.19608,0.0,3.282204635502628,0.0,0.0,0.0,0.0,3.49930057643698,0
44,Robin_public_Cami,2016-11-27 00:00:00,0,normal,37.5,37.5,44.4837,1.1115438588531914,3.5585055088331257,0.0,0.0,0.0,1.1115438588531914,3.49930057643698,0
44,Robin_public_Cami,2016-11-27 01:00:00,0,normal,38.25,38.25,43.594357,0.6230762593720449,1.1856981204540455,0.1263272649727885,0.0,0.0,0.6230762593720449,3.49930057643698,0
44,Robin_public_Cami,2016-11-27 02:00:00,0,normal,37.0,37.0,42.94062,0.800742276982761,0.0020993575589391,0.8329639558682186,0.0,0.0,0.800742276982761,3.49930057643698,0
44,Robin_public_Cami,2016-11-27 03:00:00,0,normal,37.25,37.25,42.85184,0.6997977168671546,0.0,0.8802811379849911,0.0,0.0,0.6997977168671546,3.49930057643698,0
44,Robin_public_Cami,2016-11-27 04:00:00,0,normal,38.0,38.0,42.902626,0.4914558467144666,0.118919551654885,0.8870510810452009,1.5308544992700015,0.0,0.4914558467144666,3.49930057643698,0
44,Robin_public_Cami,2016-11-27 05:00:00,0,normal,39.25,39.25,42.245693,0.0,1.1970780037458135,1.0526135492857531,2.362469594316311,0.0,0.0,3.49930057643698,0
44,Robin_public_Cami,2016-11-27 06:00:00,0,normal,36.25,36.25,42.333576,1.0727856884621652,3.410906123235337,0.6604637088134055,2.1737612331229146,0.0,1.0727856884621652,3.49930057643698,0
44,Robin_public_Cami,2016-11-27 07:00:00,0,normal,38.75,38.75,48.124535,2.140782318136108,3.3926683651677627,0.3933125423869619,1.928969058964326,0.0,2.140782318136108,3.49930057643698,0
44,Robin_public_Cami,2016-11-27 08:00:00,0,normal,45.0,45.0,52.91187,1.6661115097841797,1.1331569949739544,0.364599887279849,1.883178405927055,0.2003653183319836,1.6661115097841797,3.49930057643698,0
44,Robin_public_Cami,2016-11-27 09:00:00,0,normal,53.75,53.75,58.126923,0.5189347844414449,3.6942030700926822,0.0,0.6556038676550432,1.3947861298067756,0.5189347844414449,3.49930057643698,0
44,Robin_public_Cami,2016-11-27 10:00:00,0,normal,54.25,54.25,62.858032,1.8920335166490363,4.554562294221408,0.0,0.0,3.469126079361097,1.8920335166490363,3.49930057643698,0
44,Robin_public_Cami,2016-11-27 11:00:00,0,normal,53.25,53.25,64.867455,2.868664783586208,3.044729562360165,0.0,0.0,2.313867067494262,2.868664783586208,3.49930057643698,0
44,Robin_public_Cami,2016-11-27 12:00:00,0,normal,67.75,67.75,64.57796,0.0,10.0,1.120273145537788,0.0,1.818410993101879,0.0,3.49930057643698,0
44,Robin_public_Cami,2016-11-27 13:00:00,0,normal,71.0,71.0,65.55676,0.4145062117649585,0.9040373693212536,0.0,0.0,0.7017695875814968,0.4145062117649585,3.49930057643698,0
44,Robin_public_Cami,2016-11-27 14:00:00,0,normal,71.5,71.5,68.096855,0.0,0.9040373693212536,0.0,0.0,0.138525765656162,0.0,3.49930057643698,0
44,Robin_public_Cami,2016-11-27 15:00:00,0,normal,76.25,76.25,69.138985,0.8576604704398489,2.5916633755426863,0.1433034918421619,0.0,0.0,0.8576604704398489,3.49930057643698,0
44,Robin_public_Cami,2016-11-27 16:00:00,0,normal,77.0,77.0,69.177444,1.046727646533044,0.0455174025837508,0.0,0.0,0.0,1.046727646533044,3.49930057643698,0
44,Robin_public_Cami,2016-11-27 17:00:00,0,normal,76.75,76.75,69.61129,0.8650193785729595,0.017493109688615,0.0,0.0,0.0,0.8650193785729595,3.49930057643698,0
44,Robin_public_Cami,2016-11-27 18:00:00,0,normal,78.75,78.75,69.742325,1.3603784336070182,1.211942254148236,1.2250053119136783,0.3358228801547657,0.0,1.3603784336070182,3.49930057643698,0
44,Robin_public_Cami,2016-11-27 19:00:00,0,normal,75.0,75.0,70.53013,0.1749574184591875,3.839845488733861,0.6202542641088941,0.5510300693102302,0.0,0.1749574184591875,3.49930057643698,0
44,Robin_public_Cami,2016-11-27 20:00:00,0,normal,75.0,75.0,69.12727,0.5414284760457992,0.7211092493328909,0.2093783812033237,0.8632954713581349,0.2121529268990293,0.5414284760457992,3.49930057643698,0
44,Robin_public_Cami,2016-11-27 21:00:00,0,normal,67.25,67.25,63.342407,0.0280720317939219,1.2804801537475765,0.1016658358103792,1.5697031342545666,0.736596873785383,0.0280720317939219,3.49930057643698,0
44,Robin_public_Cami,2016-11-27 22:00:00,0,normal,42.0,42.0,43.31498,0.0,0.0,0.0,0.3009387225960377,1.153465749302886,0.0,3.49930057643698,0
44,Robin_public_Cami,2016-11-27 23:00:00,0,normal,39.0,39.0,39.162685,0.0,0.0,0.0,0.0,0.4013696925972645,0.0,3.49930057643698,0
44,Robin_public_Cami,2016-11-28 00:00:00,0,normal,53.0,53.0,43.88392,1.7469197847569051,5.978152652670641,0.0,0.0,0.0,1.7469197847569051,3.49930057643698,0
44,Robin_public_Cami,2016-11-28 01:00:00,0,normal,40.0,40.0,42.43338,0.0,5.978152652670641,0.0,0.0,0.0,0.0,3.49930057643698,0
44,Robin_public_Cami,2016-11-28 02:00:00,0,normal,37.5,37.5,41.133266,0.1132305868729123,0.0,0.0,0.0,0.0,0.1132305868729123,3.49930057643698,0
44,Robin_public_Cami,2016-11-28 03:00:00,0,normal,41.25,41.25,41.249462,0.0,0.0,0.0,0.0,0.0,0.0,3.49930057643698,0
44,Robin_public_Cami,2016-11-28 04:00:00,0,normal,38.25,38.25,42.262848,0.2263327325372415,0.1874325956800305,0.1652603376736809,0.0,0.0,0.2263327325372415,3.49930057643698,0
44,Robin_public_Cami,2016-11-28 05:00:00,0,normal,41.75,41.75,43.33878,0.0,0.1874325956800305,0.1343149978831133,0.0,0.0,0.0,3.49930057643698,0
44,Robin_public_Cami,2016-11-28 06:00:00,0,normal,50.0,50.0,48.35325,0.0,0.0,0.166271872112911,0.0,0.0,0.0,3.49930057643698,0
44,Robin_public_Cami,2016-11-28 07:00:00,0,normal,56.75,56.75,55.216858,0.0,0.0,0.0,0.0978541602932007,0.0,0.0,3.49930057643698,0
44,Robin_public_Cami,2016-11-28 08:00:00,0,normal,60.0,60.0,65.65711,0.9343876460091848,2.883856837164645,0.0,0.0,0.0,0.9343876460091848,3.49930057643698,0
44,Robin_public_Cami,2016-11-28 09:00:00,0,normal,66.75,66.75,71.96474,0.7908260610447202,0.0,0.0,0.0,0.331611085820171,0.7908260610447202,3.49930057643698,0
44,Robin_public_Cami,2016-11-28 10:00:00,0,normal,76.0,76.0,73.00365,0.0709061718194742,2.067117842199738,0.0,0.0,0.3678476223260146,0.0709061718194742,3.49930057643698,0
44,Robin_public_Cami,2016-11-28 11:00:00,0,normal,85.75,85.75,77.91615,1.6407914582408116,5.303967495829683,0.0,0.0,0.0,1.6407914582408116,3.49930057643698,0
44,Robin_public_Cami,2016-11-28 12:00:00,0,normal,91.75,91.75,83.07112,1.274265896907793,0.7213168112327777,0.0,0.0,0.0,1.274265896907793,3.49930057643698,0
44,Robin_public_Cami,2016-11-28 13:00:00,0,normal,90.75,90.75,87.79016,0.0,4.1781857619969855,0.0,0.0,0.0,0.0,3.49930057643698,0
44,Robin_public_Cami,2016-11-28 14:00:00,0,normal,92.75,92.75,88.29105,0.1529649404214315,0.0,0.0,0.0,0.0,0.1529649404214315,3.49930057643698,0
44,Robin_public_Cami,2016-11-28 15:00:00,0,normal,93.75,93.75,87.71304,0.5722666059574295,0.922299480848373,0.7712034766827881,0.0,0.0,0.5722666059574295,3.49930057643698,0
44,Robin_public_Cami,2016-11-28 16:00:00,0,normal,94.5,94.5,87.07157,0.9420020720844592,0.7335408138274166,0.4991969534683945,0.0,0.0,0.9420020720844592,3.49930057643698,0
44,Robin_public_Cami,2016-11-28 17:00:00,0,normal,94.25,94.25,87.38684,0.7918012835196381,0.0,0.9062255905103336,0.8204500886195993,0.0,0.7918012835196381,3.49930057643698,0
44,Robin_public_Cami,2016-11-28 18:00:00,0,normal,90.25,90.25,85.977104,0.1235009955372506,1.8705393827063863,1.3230759127378964,1.7920163845375496,0.0,0.1235009955372506,3.49930057643698,0
44,Robin_public_Cami,2016-11-28 19:00:00,0,normal,85.75,85.75,84.49502,0.0,0.0,0.2267411469385171,1.569355789218451,0.4228944840703821,0.0,3.49930057643698,0
44,Robin_public_Cami,2016-11-28 20:00:00,0,normal,80.0,80.0,82.20141,0.0,0.0,0.0,0.8146408247835676,1.0565093048672645,0.0,3.49930057643698,0
44,Robin_public_Cami,2016-11-28 21:00:00,0,normal,73.25,73.25,79.24461,0.5732693549907548,1.5086413059695856,0.0,0.1974795763053076,2.069327491598776,0.5732693549907548,3.49930057643698,0
44,Robin_public_Cami,2016-11-28 22:00:00,0,normal,66.5,66.5,67.50754,0.0,1.5086413059695856,0.0,0.0,2.7020322215864057,0.0,3.49930057643698,0
44,Robin_public_Cami,2016-11-28 23:00:00,0,normal,64.25,64.25,56.318825,1.0791618475870952,3.435187898144178,0.0,0.0,1.7993621307915644,1.0791618475870952,3.49930057643698,0
44,Robin_public_Cami,2016-11-29 00:00:00,0,normal,60.5,60.5,57.653008,0.0,3.435187898144178,0.0,0.0,0.9657801736853836,0.0,3.49930057643698,0
44,Robin_public_Cami,2016-11-29 01:00:00,0,normal,59.75,59.75,57.56759,0.0,0.0,0.0,0.0,0.5110116583251213,0.0,3.49930057643698,0
44,Robin_public_Cami,2016-11-29 02:00:00,0,normal,60.5,60.5,58.18081,0.0,0.0,0.1346742444191257,0.0,0.1659054960347354,0.0,3.49930057643698,0
44,Robin_public_Cami,2016-11-29 03:00:00,0,normal,57.5,57.5,58.496925,0.0,0.0,1.2157937941153358,0.1293980868105669,0.0,0.0,3.49930057643698,0
44,Robin_public_Cami,2016-11-29 04:00:00,0,normal,59.75,59.75,58.276043,0.0,0.0,0.3891894670275081,0.5772024300732999,0.0,0.0,3.49930057643698,0
44,Robin_public_Cami,2016-11-29 05:00:00,0,normal,56.75,56.75,57.251404,0.0,0.0,0.3294014049602111,0.9676823859570224,0.0,0.0,3.49930057643698,0
44,Robin_public_Cami,2016-11-29 06:00:00,0,normal,61.0,61.0,55.691772,0.8211660514238753,2.4526848383681576,0.279958363831187,1.282672079848658,0.0187396700430344,0.8211660514238753,3.49930057643698,0
44,Robin_public_Cami,2016-11-29 07:00:00,0,normal,59.0,59.0,57.843903,0.0,2.4526848383681576,0.0,1.160184957010793,0.4737605870193392,0.0,3.49930057643698,0
44,Robin_public_Cami,2016-11-29 08:00:00,0,normal,68.0,68.0,62.82269,0.7786804087838304,2.290890442834725,0.0002694936827778,1.1659748399065133,1.3465486154599866,0.7786804087838304,3.49930057643698,0
44,Robin_public_Cami,2016-11-29 09:00:00,0,normal,77.0,77.0,72.8922,0.4315989903632405,0.6472693647616039,0.0,0.1217119264747862,2.599452724778822,0.4315989903632405,3.49930057643698,0
44,Robin_public_Cami,2016-11-29 10:00:00,0,normal,85.5,85.5,83.318115,0.0,0.9691303185965264,0.0,0.0,1.966736984087152,0.0,3.49930057643698,0
44,Robin_public_Cami,2016-11-29 11:00:00,0,normal,94.5,94.5,90.67928,0.3384323918666495,0.6143320255502535,0.0,0.0,0.6093868337263847,0.3384323918666495,3.49930057643698,0
44,Robin_public_Cami,2016-11-29 12:00:00,0,normal,93.75,93.75,98.02438,0.1039237980941369,0.2185680203629817,0.0,0.0,0.0,0.1039237980941369,3.49930057643698,0
44,Robin_public_Cami,2016-11-29 13:00:00,0,normal,94.0,94.0,102.42364,1.206444334485419,3.524142770912532,0.0,0.0,0.0,1.206444334485419,3.49930057643698,0
44,Robin_public_Cami,2016-11-29 14:00:00,0,normal,92.0,92.0,101.14954,1.3993288174697012,0.0600545220111724,1.1805873291461209,0.0,0.0,1.3993288174697012,3.49930057643698,0
44,Robin_public_Cami,2016-11-29 15:00:00,0,normal,97.0,97.0,99.42502,0.0,4.654452057587571,0.5414816105080126,0.0,0.0,0.0,3.49930057643698,0
44,Robin_public_Cami,2016-11-29 16:00:00,0,normal,100.75,100.75,99.41238,0.0,0.0,0.0,0.2157513098272865,0.0,0.0,3.49930057643698,0
44,Robin_public_Cami,2016-11-29 17:00:00,0,normal,96.75,96.75,98.65488,0.0,0.0,0.0,0.497981597997404,0.0,0.0,3.49930057643698,0
44,Robin_public_Cami,2016-11-29 18:00:00,0,normal,90.0,90.0,95.831085,0.5305504391603731,1.3459585563362886,0.0169626980478623,0.5022058384832427,0.0,0.5305504391603731,3.49930057643698,0
44,Robin_public_Cami,2016-11-29 19:00:00,0,normal,84.0,84.0,90.35014,0.6661452287285446,0.0,0.0,0.2620098574122755,0.0,0.6661452287285446,3.49930057643698,0
44,Robin_public_Cami,2016-11-29 20:00:00,0,normal,75.75,75.75,85.033966,1.4325545471593857,2.244159511564153,0.0,0.0,0.6346834069897704,1.4325545471593857,3.49930057643698,0
44,Robin_public_Cami,2016-11-29 21:00:00,0,normal,72.5,72.5,71.680374,0.0,4.780982728121264,0.0,0.0,1.1373488139349406,0.0,3.49930057643698,0
44,Robin_public_Cami,2016-11-29 22:00:00,0,normal,58.75,58.75,66.4343,1.0146709136298546,3.189592656349168,0.0,0.0,0.86125624994711,1.0146709136298546,3.49930057643698,0
44,Robin_public_Cami,2016-11-29 23:00:00,0,normal,57.0,57.0,60.96945,0.044231636606497,3.0211491431173045,0.0,0.0,0.0,0.044231636606497,3.49930057643698,0
44,Robin_public_Cami,2016-11-30 00:00:00,0,normal,57.75,57.75,55.10845,0.0,0.0,0.0,0.0,0.0,0.0,3.49930057643698,0
44,Robin_public_Cami,2016-11-30 01:00:00,0,normal,54.25,54.25,54.863297,0.0,0.0,0.7552440611990395,0.0,0.0,0.0,3.49930057643698,0
44,Robin_public_Cami,2016-11-30 02:00:00,0,normal,52.0,52.0,54.63163,0.0,0.0,0.2149294881396176,0.0,0.0,0.0,3.49930057643698,0
44,Robin_public_Cami,2016-11-30 03:00:00,0,normal,51.0,51.0,53.67502,0.0,0.0,0.0,0.0,0.0,0.0,3.49930057643698,0
44,Robin_public_Cami,2016-11-30 04:00:00,0,normal,49.25,49.25,51.804157,0.0,0.0,0.3292676191689412,0.5900465211279448,0.0,0.0,3.49930057643698,0
44,Robin_public_Cami,2016-11-30 05:00:00,0,normal,50.0,50.0,49.629814,0.0,0.0,0.4889953174397159,0.5560045590669852,0.0,0.0,3.49930057643698,0
44,Robin_public_Cami,2016-11-30 06:00:00,0,normal,49.0,49.0,49.589783,0.0,0.0,0.8266218782739757,0.6610730015890882,0.0,0.0,3.49930057643698,0
44,Robin_public_Cami,2016-11-30 07:00:00,0,normal,50.25,50.25,48.200188,0.0,0.0,1.1382724469873151,1.2733091591835912,0.5233384109133011,0.0,3.49930057643698,0
44,Robin_public_Cami,2016-11-30 08:00:00,0,normal,59.0,59.0,48.787895,2.412594365125205,8.513183539814264,1.0248170457855574,1.994478624638636,1.40341140054708,2.412594365125205,3.49930057643698,0
44,Robin_public_Cami,2016-11-30 09:00:00,0,normal,74.5,74.5,60.28254,3.7124304634728977,4.2755625469190806,0.0,0.5172503199758267,2.516811867251433,3.7124304634728977,3.49930057643698,1
44,Robin_public_Cami,2016-11-30 10:00:00,0,normal,82.25,82.25,70.12912,3.032038723945972,1.9165862110513208,0.0,0.0,2.238114254754612,3.032038723945972,3.49930057643698,0
44,Robin_public_Cami,2016-11-30 11:00:00,0,normal,94.25,94.25,81.60139,3.2033009627672984,0.0,0.0,0.0,0.8770588195104319,3.2033009627672984,3.49930057643698,0
44,Robin_public_Cami,2016-11-30 12:00:00,0,normal,94.75,94.75,90.140205,0.1930476764015593,10.0,0.0,0.0,0.0,0.1930476764015593,3.49930057643698,0
44,Robin_public_Cami,2016-11-30 13:00:00,0,normal,96.75,96.75,95.04077,0.0,0.0606759973770286,0.0,0.0,0.0,0.0,3.49930057643698,0
44,Robin_public_Cami,2016-11-30 14:00:00,0,normal,92.75,92.75,97.306076,0.1787738273202281,0.0063181333895213,0.5865777470169694,0.0,0.0,0.1787738273202281,3.49930057643698,0
44,Robin_public_Cami,2016-11-30 15:00:00,0,normal,96.25,96.25,96.76129,0.0,0.0063181333895213,0.2729749184899976,0.0,0.0,0.0,3.49930057643698,0
44,Robin_public_Cami,2016-11-30 16:00:00,0,normal,97.75,97.75,95.12638,0.0,0.0,0.2037488598437349,0.1397457898772661,0.0,0.0,3.49930057643698,0
44,Robin_public_Cami,2016-11-30 17:00:00,0,normal,95.0,95.0,92.39925,0.0,0.0,0.0676753479992386,1.398256189626378,0.0,0.0,3.49930057643698,0
44,Robin_public_Cami,2016-11-30 18:00:00,0,normal,91.25,91.25,88.9584,0.0,0.0,0.5463390073108313,1.441712013286379,0.0,0.0,3.49930057643698,0
44,Robin_public_Cami,2016-11-30 19:00:00,0,normal,85.0,85.0,84.13961,0.0,0.0,0.0,1.006137852046186,0.0,0.0,3.49930057643698,0
44,Robin_public_Cami,2016-11-30 20:00:00,0,normal,76.75,76.75,74.87481,0.0,0.0,0.0,0.3003883547087049,0.6189641657434382,0.0,3.49930057643698,0
44,Robin_public_Cami,2016-11-30 21:00:00,0,normal,74.0,74.0,64.2245,1.5609584321686312,5.269972129440419,0.0,0.0,1.763449091088051,1.5609584321686312,3.49930057643698,0
44,Robin_public_Cami,2016-11-30 22:00:00,1,spike,61.75,0.01,61.564587,10.0,10.0,0.0,0.0,1.7259188004724977,10.0,3.49930057643698,1
44,Robin_public_Cami,2016-11-30 23:00:00,0,normal,64.75,64.75,47.305893,3.5642471817137404,10.0,0.0,0.0,0.0,3.5642471817137404,3.49930057643698,1
44,Robin_public_Cami,2016-12-01 00:00:00,0,normal,61.0,61.0,47.033863,3.1920686549194275,0.7428445103082149,0.0,0.0,0.0,3.1920686549194275,3.49930057643698,0
44,Robin_public_Cami,2016-12-01 01:00:00,0,normal,59.5,59.5,49.43828,2.02868797024822,3.755911205874241,0.0,0.0,0.0,2.02868797024822,3.49930057643698,0
44,Robin_public_Cami,2016-12-01 02:00:00,0,normal,60.75,60.75,52.364517,1.5292267126306436,1.227564317182073,0.1963802604673577,0.0,0.0,1.5292267126306436,3.49930057643698,0
44,Robin_public_Cami,2016-12-01 03:00:00,0,normal,57.25,57.25,53.80618,0.0567823806724006,4.932891542921833,1.033145608193211,0.0,0.0,0.0567823806724006,3.49930057643698,0
44,Robin_public_Cami,2016-12-01 04:00:00,0,normal,57.25,57.25,53.71759,0.0831787540080392,0.0,0.508505971356435,0.0,0.0,0.0831787540080392,3.49930057643698,0
44,Robin_public_Cami,2016-12-01 05:00:00,0,normal,54.5,54.5,53.66693,0.0,0.0,0.4004330324033952,1.0962811851387628,0.0,0.0,3.49930057643698,0
44,Robin_public_Cami,2016-12-01 06:00:00,0,normal,58.25,58.25,51.90187,1.1586396411627031,3.737856300240467,0.5764788858409924,1.231853035732883,0.0,1.1586396411627031,3.49930057643698,0
44,Robin_public_Cami,2016-12-01 07:00:00,0,normal,57.5,57.5,52.45321,0.7363235142668241,0.9337791931293672,0.4144632085491748,1.4027539448740498,0.0,0.7363235142668241,3.49930057643698,0
44,Robin_public_Cami,2016-12-01 08:00:00,0,normal,66.25,66.25,54.161224,3.0216200296816105,8.02840615699106,0.3889105500909812,1.4748902973715423,0.0,3.0216200296816105,3.49930057643698,0
44,Robin_public_Cami,2016-12-01 09:00:00,0,normal,71.25,71.25,60.46785,2.5975880864536967,0.9403133879546623,0.0,0.6140537057795449,0.0,2.5975880864536967,3.49930057643698,0
44,Robin_public_Cami,2016-12-01 10:00:00,0,normal,77.75,77.75,73.08593,0.6121211903415804,6.886590969467673,0.0,0.0935981529935452,0.0,0.6121211903415804,3.49930057643698,0
44,Robin_public_Cami,2016-12-01 11:00:00,0,normal,87.75,87.75,82.0997,0.9321766445885395,0.5443487246237683,0.0,0.0,3.030994996139878,0.9321766445885395,3.49930057643698,0
44,Robin_public_Cami,2016-12-01 12:00:00,0,normal,92.0,92.0,89.1713,0.0,2.875436871826998,0.0,0.0,1.474373167917979,0.0,3.49930057643698,0
44,Robin_public_Cami,2016-12-01 13:00:00,1,gradual_drift,91.0,91.0,93.661674,0.0,0.0,0.0,0.0,0.6976154707074064,0.0,3.49930057643698,0
44,Robin_public_Cami,2016-12-01 14:00:00,1,gradual_drift,90.25,87.69079275578515,96.16074,1.2187505613733711,3.9667715147952434,0.2717767457428758,0.0,0.3524281489459477,1.2187505613733711,3.49930057643698,0
44,Robin_public_Cami,2016-12-01 15:00:00,1,gradual_drift,91.25,86.13158551157031,94.59697,1.21753707522008,0.0,0.2531452660508783,0.0,0.2171336417942138,1.21753707522008,3.49930057643698,0
44,Robin_public_Cami,2016-12-01 16:00:00,1,gradual_drift,92.5,84.82237826735546,91.201965,0.6633087382294928,1.4361290452094155,0.1610915373974527,0.2829603290668208,0.1994464208953567,0.6633087382294928,3.49930057643698,0
44,Robin_public_Cami,2016-12-01 17:00:00,1,gradual_drift,83.0,72.76317102314061,88.33502,3.105834572278356,8.627168962206493,0.5633300273856751,0.9562264242680968,0.2556343389347835,3.105834572278356,3.49930057643698,0
44,Robin_public_Cami,2016-12-01 18:00:00,1,gradual_drift,81.25,68.45396377892577,83.86331,3.0327023320704165,0.0,0.0,0.0,0.5056444919718421,3.0327023320704165,3.49930057643698,0
44,Robin_public_Cami,2016-12-01 19:00:00,1,gradual_drift,77.25,61.89475653471092,76.64705,2.861058174533968,0.0,0.0,0.0,0.7061832831087437,2.861058174533968,3.49930057643698,0
44,Robin_public_Cami,2016-12-01 20:00:00,1,gradual_drift,68.75,50.83554929049608,69.416794,3.861304253029342,3.134659805244007,0.0,0.0,0.8546531125916585,3.861304253029342,3.49930057643698,1
44,Robin_public_Cami,2016-12-01 21:00:00,1,gradual_drift,64.75,44.27634204628123,57.785736,2.536372936831639,4.37113049294787,0.0,0.0,0.3172013312974321,2.536372936831639,3.49930057643698,0
44,Robin_public_Cami,2016-12-01 22:00:00,1,gradual_drift,60.5,37.46713480206638,50.28807,2.356525408129853,0.010407017426994,0.0,0.0,0.0,2.356525408129853,3.49930057643698,0
44,Robin_public_Cami,2016-12-01 23:00:00,1,gradual_drift,61.25,35.65792755785154,46.368874,1.8053278489034688,1.4245871965781018,0.0,0.0,0.0,1.8053278489034688,3.49930057643698,0
44,Robin_public_Cami,2016-12-02 00:00:00,1,gradual_drift,58.75,30.598720313636694,45.09663,3.3505185743367947,5.209925336649703,0.0,0.0,0.0,3.3505185743367947,3.49930057643698,0
44,Robin_public_Cami,2016-12-02 01:00:00,1,gradual_drift,58.25,27.53951306942185,42.960228,3.6254825854706456,0.3726308846930833,0.0,0.0,0.0,3.6254825854706456,3.49930057643698,1
44,Robin_public_Cami,2016-12-02 02:00:00,1,gradual_drift,55.75,22.480305825207004,41.67788,4.750855838633723,3.611170794184194,0.0,0.0,0.0,4.750855838633723,3.49930057643698,1
44,Robin_public_Cami,2016-12-02 03:00:00,1,gradual_drift,54.75,18.92109858099216,39.69836,5.221548338578248,1.1180067474073876,0.0,0.0,0.0,5.221548338578248,3.49930057643698,1
44,Robin_public_Cami,2016-12-02 04:00:00,1,gradual_drift,54.5,16.111891336777312,39.224228,5.9173198484665015,1.975155659326739,0.0,0.0084667662387927,0.0,5.9173198484665015,3.49930057643698,1
44,Robin_public_Cami,2016-12-02 05:00:00,1,gradual_drift,53.5,12.552684092562464,38.221962,6.679199934747729,2.2269112287951724,0.0918337287989539,0.0616626013840442,0.0,6.679199934747729,3.49930057643698,1
44,Robin_public_Cami,2016-12-02 06:00:00,1,gradual_drift,56.0,12.49347684834762,37.414806,7.186098158024374,1.2558858697970745,0.1452149654444346,0.2042806047132142,0.2920043856637825,7.186098158024374,3.49930057643698,1
44,Robin_public_Cami,2016-12-02 07:00:00,1,gradual_drift,56.0,9.934269604132773,37.399162,8.011546723388328,2.468993565534385,0.5226444787344392,0.4262593194574626,0.8063385932956361,8.011546723388328,3.49930057643698,1
44,Robin_public_Cami,2016-12-02 08:00:00,1,gradual_drift,61.0,12.375062359917926,40.790874,8.320143376589803,0.5007111644154971,0.7893432575927134,0.7592104650194169,1.4772109181295423,8.320143376589803,3.49930057643698,1
44,Robin_public_Cami,2016-12-02 09:00:00,1,gradual_drift,69.25,18.06585511570308,44.726997,7.750710017698196,1.494033014048742,0.8330166484545996,1.264840854976189,2.132885430812897,7.750710017698196,3.49930057643698,1
44,Robin_public_Cami,2016-12-02 10:00:00,1,gradual_drift,75.0,21.25664787148824,49.459007,8.25087273631674,1.2302356303973068,0.0530063792012355,1.3891898307633948,2.9508608815038646,8.25087273631674,3.49930057643698,1
44,Robin_public_Cami,2016-12-02 11:00:00,1,gradual_drift,79.25,22.947440627273387,51.262077,8.28730947500437,0.0,0.0,0.915596937118142,3.670411110609536,8.28730947500437,3.49930057643698,1
44,Robin_public_Cami,2016-12-02 12:00:00,1,gradual_drift,87.25,28.38823338305854,50.909973,4.9525268756801815,10.0,0.4291391429502501,0.608481734272061,4.56013669594322,4.9525268756801815,3.49930057643698,1
44,Robin_public_Cami,2016-12-02 13:00:00,0,normal,85.0,85.0,50.067154,8.250348627303111,10.0,0.0614345352268403,0.2558838751638299,4.524501313717013,8.250348627303111,3.49930057643698,1
44,Robin_public_Cami,2016-12-02 14:00:00,0,normal,83.25,83.25,55.025642,6.467800107494979,6.113834480531253,0.0,0.0,0.0784251855616272,6.467800107494979,3.49930057643698,1
44,Robin_public_Cami,2016-12-02 15:00:00,0,normal,83.5,83.5,58.539772,5.600470680487397,2.6284848259458133,0.0,0.0,0.0,5.600470680487397,3.49930057643698,1
44,Robin_public_Cami,2016-12-02 16:00:00,0,normal,85.5,85.5,60.661873,5.568026612784283,0.0,1.0111504338723645,0.0,0.0,5.568026612784283,3.49930057643698,1
44,Robin_public_Cami,2016-12-02 17:00:00,0,normal,86.75,86.75,61.510414,5.674700372003093,0.0,0.8546957492103213,0.0,0.0,5.674700372003093,3.49930057643698,1
44,Robin_public_Cami,2016-12-02 18:00:00,0,normal,82.5,82.5,61.419895,4.514087347298966,3.745371365975623,0.6864300698911181,0.0,0.0,4.514087347298966,3.49930057643698,1
44,Robin_public_Cami,2016-12-02 19:00:00,0,normal,80.0,80.0,60.96778,3.979113345869044,1.3628044256472478,0.4974365371662937,2.0348241559184244,0.0,3.979113345869044,3.49930057643698,1
44,Robin_public_Cami,2016-12-02 20:00:00,0,normal,73.0,73.0,57.21911,3.129761487492454,2.560022407371715,0.1730675434984559,1.6069114294174371,0.0,3.129761487492454,3.49930057643698,0
44,Robin_public_Cami,2016-12-02 21:00:00,0,normal,68.75,68.75,47.328163,4.60335880005704,4.937282339169061,0.0,0.7139556143907464,0.0,4.60335880005704,3.49930057643698,1
44,Robin_public_Cami,2016-12-02 22:00:00,0,normal,57.5,57.5,39.42901,3.728009669211873,2.6590255699273144,0.0,0.3093871920598678,0.0,3.728009669211873,3.49930057643698,1
44,Robin_public_Cami,2016-12-02 23:00:00,0,normal,61.0,61.0,38.066833,4.998166964356182,4.16253932951996,0.0,0.0,0.0996579284562839,4.998166964356182,3.49930057643698,1
44,Robin_public_Cami,2016-12-25 00:00:00,0,normal,32.75,32.75,16.71212,4.669652163359428,0.5765637226546728,0.0,0.0,0.3319020483864931,4.669652163359428,3.49930057643698,1
44,Robin_public_Cami,2016-12-25 01:00:00,0,normal,33.0,33.0,14.285004,5.603928195224622,2.8834317866808186,0.0,0.0,0.2973936708436097,5.603928195224622,3.49930057643698,1
44,Robin_public_Cami,2016-12-25 02:00:00,0,normal,34.0,34.0,15.120827,5.661223642380344,0.0,0.0,0.0,1.224645650670113,5.661223642380344,3.49930057643698,1
44,Robin_public_Cami,2016-12-25 03:00:00,0,normal,32.5,32.5,17.338173,4.36392201720473,4.265910732108457,0.0,0.0,1.039508227182623,4.36392201720473,3.49930057643698,1
44,Robin_public_Cami,2016-12-25 04:00:00,0,normal,35.5,35.5,22.759983,3.518744279679212,2.544126464224416,0.0,0.0,1.2993268729929297,3.518744279679212,3.49930057643698,1
44,Robin_public_Cami,2016-12-25 05:00:00,0,normal,32.0,32.0,25.225918,1.436716819015679,7.254314209676778,0.0,0.0,0.8313315863287997,1.436716819015679,3.49930057643698,0
44,Robin_public_Cami,2016-12-25 06:00:00,0,normal,35.25,35.25,29.776321,0.9589961580230524,1.1447714848064026,0.0,0.0,0.5372954458979787,0.9589961580230524,3.49930057643698,0
44,Robin_public_Cami,2016-12-25 07:00:00,0,normal,33.0,33.0,35.82362,0.0183618778735301,2.9076453532856603,0.0,0.0,0.2523845286179093,0.0183618778735301,3.49930057643698,0
44,Robin_public_Cami,2016-12-25 08:00:00,0,normal,32.0,32.0,41.369453,2.341795452017154,8.173640216805877,0.0,0.0,0.0,2.341795452017154,3.49930057643698,0
44,Robin_public_Cami,2016-12-25 09:00:00,0,normal,33.5,33.5,46.47651,3.622114317669983,4.20123675895573,0.0,0.0,0.0,3.622114317669983,3.49930057643698,1
44,Robin_public_Cami,2016-12-25 10:00:00,0,normal,32.25,32.25,49.04875,4.978813504157989,4.492109323715501,0.0,0.0,0.0,4.978813504157989,3.49930057643698,1
44,Robin_public_Cami,2016-12-25 11:00:00,1,gradual_drift,33.75,33.75,50.035004,4.796459380974188,0.0199526642352819,0.0,0.0,0.0,4.796459380974188,3.49930057643698,1
44,Robin_public_Cami,2016-12-25 12:00:00,1,gradual_drift,34.5,32.4602253231141,51.64482,4.731051171376156,0.0,0.0,0.0,0.0,4.731051171376156,3.49930057643698,1
44,Robin_public_Cami,2016-12-25 13:00:00,1,gradual_drift,32.75,28.670450646228204,52.053047,5.980694648020598,4.084418330094611,0.0,0.0,0.0,5.980694648020598,3.49930057643698,1
44,Robin_public_Cami,2016-12-25 14:00:00,1,gradual_drift,32.75,26.630675969342303,51.771187,3.9902729243921127,6.90546001023458,0.0,0.0,0.0,3.9902729243921127,3.49930057643698,1
44,Robin_public_Cami,2016-12-25 15:00:00,1,gradual_drift,32.5,24.340901292456408,51.1896,4.34600375081085,0.6802081565939161,0.0,0.0,0.0,4.34600375081085,3.49930057643698,1
44,Robin_public_Cami,2016-12-25 16:00:00,1,gradual_drift,34.75,24.55112661557051,49.626366,6.484553467897439,7.4695630265449555,0.0,0.0,0.0,6.484553467897439,3.49930057643698,1
44,Robin_public_Cami,2016-12-25 17:00:00,1,gradual_drift,33.5,21.26135193868461,46.45745,6.520530537515754,0.0,0.0,0.0,0.0,6.520530537515754,3.49930057643698,1
44,Robin_public_Cami,2016-12-25 18:00:00,1,gradual_drift,32.75,18.47157726179872,46.475784,9.135852940002772,9.285215177431953,0.0,0.0,0.0,9.135852940002772,3.49930057643698,1
44,Robin_public_Cami,2016-12-25 19:00:00,1,gradual_drift,31.25,14.931802584912816,45.650303,10.0,3.14384590942216,0.0,0.0,0.0,10.0,3.49930057643698,1
44,Robin_public_Cami,2016-12-25 20:00:00,1,gradual_drift,34.0,15.642027908026918,41.18521,8.226752275299946,6.605895283861838,0.0,0.0,0.0,8.226752275299946,3.49930057643698,1
44,Robin_public_Cami,2016-12-25 21:00:00,1,gradual_drift,34.0,13.60225323114102,31.283825,5.322677794396244,10.0,0.0,0.0,0.0,5.322677794396244,3.49930057643698,1
44,Robin_public_Cami,2016-12-25 22:00:00,1,gradual_drift,31.0,8.562478554255122,22.019321,3.762065574914066,5.26865367763294,0.0,0.0,0.0,3.762065574914066,3.49930057643698,1
44,Robin_public_Cami,2016-12-25 23:00:00,1,gradual_drift,33.75,9.272703877369224,12.864098,0.1177747231649911,10.0,0.0,0.0,0.0,0.1177747231649911,3.49930057643698,0
44,Robin_public_Cami,2016-12-26 00:00:00,1,gradual_drift,34.5,7.982929200483326,18.04607,2.584552128397244,8.719524121656388,0.0,0.0,0.0,2.584552128397244,3.49930057643698,0
44,Robin_public_Cami,2016-12-26 01:00:00,1,gradual_drift,31.5,2.9431545235974284,15.597092,3.488703643003032,2.7687111950207965,0.5820456090082554,0.0,0.0,3.488703643003032,3.49930057643698,0
44,Robin_public_Cami,2016-12-26 02:00:00,1,gradual_drift,33.25,2.6533798467115304,12.750679,2.596472885359421,2.7233144080794487,0.0,0.0,0.1041658577498457,2.596472885359421,3.49930057643698,0
44,Robin_public_Cami,2016-12-26 03:00:00,1,gradual_drift,32.5,0.01,17.565166,4.261475340697231,5.666193977374927,0.0,0.0,0.2603174268448101,4.261475340697231,3.49930057643698,1
44,Robin_public_Cami,2016-12-26 04:00:00,1,gradual_drift,32.25,0.01,22.053139,5.59873586894561,4.4180827640490365,0.0462373841582542,0.0,0.3844351920667904,5.59873586894561,3.49930057643698,1
44,Robin_public_Cami,2016-12-26 05:00:00,1,gradual_drift,31.5,0.01,22.54855,5.7463511903393165,0.0,0.118127772785139,0.0,0.6588146255173191,5.7463511903393165,3.49930057643698,1
44,Robin_public_Cami,2016-12-26 06:00:00,1,gradual_drift,32.0,0.01,23.494694,6.719874656308079,3.032894392926999,1.7324198128666874,0.2566496328951906,0.9781630866151332,6.719874656308079,3.49930057643698,1
44,Robin_public_Cami,2016-12-26 07:00:00,1,gradual_drift,32.25,0.01,26.284946,7.625380013042705,2.773866914818633,1.7324198128666874,1.1734037433008482,1.2724304175820038,7.625380013042705,3.49930057643698,1
44,Robin_public_Cami,2016-12-26 08:00:00,1,gradual_drift,37.5,0.01,30.89167,9.120374744625336,5.018768277968003,1.7324198128666874,1.5394809982824127,1.5081395872754078,9.120374744625336,3.49930057643698,1
44,Robin_public_Cami,2016-12-26 09:00:00,1,gradual_drift,38.0,0.01,33.725792,10.0,2.8280828170487315,1.7324198128666874,3.773193253278219,2.1188060265104047,10.0,3.49930057643698,1
44,Robin_public_Cami,2016-12-26 10:00:00,1,gradual_drift,37.0,0.01,33.820194,10.0,0.0,1.7324198128666874,3.773193253278219,2.995580312718855,10.0,3.49930057643698,1
44,Robin_public_Cami,2016-12-26 11:00:00,0,normal,39.75,39.75,32.57848,1.4258501807158894,10.0,1.7324198128666874,3.773193253278219,3.390249031503464,1.4258501807158894,3.49930057643698,0
44,Robin_public_Cami,2016-12-26 12:00:00,0,normal,40.25,40.25,35.236477,0.3003245417276976,3.6117511119322656,0.0,0.0,0.0,0.3003245417276976,3.49930057643698,0
44,Robin_public_Cami,2016-12-26 13:00:00,0,normal,40.25,40.25,39.275997,0.0,0.4692091982801558,0.0,0.0,0.0,0.0,3.49930057643698,0
44,Robin_public_Cami,2016-12-26 14:00:00,0,normal,40.5,40.5,40.698734,0.0,0.0,1.2634641581713395,0.0,0.0,0.0,3.49930057643698,0
44,Robin_public_Cami,2016-12-26 15:00:00,0,normal,40.0,40.0,41.21871,0.0,0.0,1.4928745898509337,0.0,0.0,0.0,3.49930057643698,0
44,Robin_public_Cami,2016-12-26 16:00:00,0,normal,41.75,41.75,40.57797,0.0,0.0,1.3578676780379189,0.0,0.0,0.0,3.49930057643698,0
44,Robin_public_Cami,2016-12-26 17:00:00,0,normal,39.0,39.0,39.01764,0.0,0.0,0.7387366966570414,2.3352545187891898,0.0,0.0,3.49930057643698,0
44,Robin_public_Cami,2016-12-26 18:00:00,0,normal,41.5,41.5,39.061382,0.0,0.0,0.4538384381643894,2.128979325993555,0.0,0.0,3.49930057643698,0
44,Robin_public_Cami,2016-12-26 19:00:00,0,normal,40.5,40.5,39.476974,0.0,0.0,0.4211372060781631,2.030686126831716,0.0,0.0,3.49930057643698,0
44,Robin_public_Cami,2016-12-26 20:00:00,0,normal,35.5,35.5,39.904907,0.1579866445347823,0.0,0.5896796700719735,2.0791385158028497,0.0,0.1579866445347823,3.49930057643698,0
44,Robin_public_Cami,2016-12-26 21:00:00,0,normal,32.75,32.75,35.67615,0.0,0.0,0.0,1.0958694921214924,0.0,0.0,3.49930057643698,0
44,Robin_public_Cami,2016-12-26 22:00:00,0,normal,34.0,34.0,26.276028,1.0250337485118213,3.229056543477951,0.0,0.5498647941985652,0.5863111019736512,1.0250337485118213,3.49930057643698,0
44,Robin_public_Cami,2016-12-26 23:00:00,0,normal,33.0,33.0,22.784885,1.675800645872109,1.8037684887978565,0.5477034682687332,0.5578387848781733,6.317120532370264,1.675800645872109,3.49930057643698,0
44,Robin_public_Cami,2016-12-27 00:00:00,0,normal,33.75,33.75,24.411472,1.8132011316251435,0.0,1.025776798463541,0.4885374357723027,5.628385700369321,1.8132011316251435,3.49930057643698,0
44,Robin_public_Cami,2016-12-27 01:00:00,0,normal,33.25,33.25,20.053318,2.9627976876548625,3.703418301850173,1.1470608987950424,0.8194531557808366,5.363115309276254,2.9627976876548625,3.49930057643698,0
44,Robin_public_Cami,2016-12-27 02:00:00,0,normal,35.5,35.5,25.786003,1.9250779708925465,3.277367418335957,1.2734264502736723,2.106856566186099,5.102323774165731,1.9250779708925465,3.49930057643698,0
44,Robin_public_Cami,2016-12-27 03:00:00,0,normal,34.0,34.0,26.091053,1.3872355248658714,1.3737280749276553,0.628144953083921,2.082149981892435,5.1814464302068615,1.3872355248658714,3.49930057643698,0
44,Robin_public_Cami,2016-12-27 04:00:00,1,persistent_shift,35.5,0.526091131733267,26.689362,6.826392633556544,10.0,0.6213570267410735,2.1765462384845584,5.097538836033647,6.826392633556544,3.49930057643698,1
44,Robin_public_Cami,2016-12-27 05:00:00,1,persistent_shift,35.25,0.276091131733267,26.302822,6.785708596575856,0.0,0.0,0.0,0.6209022845307107,6.785708596575856,3.49930057643698,1
44,Robin_public_Cami,2016-12-27 06:00:00,1,persistent_shift,34.5,0.01,26.583637,7.722312494138178,2.8922967961274373,0.0,0.0,0.0,7.722312494138178,3.49930057643698,1
44,Robin_public_Cami,2016-12-27 07:00:00,1,persistent_shift,34.25,0.01,28.340328,8.292401755177153,1.4965308294251465,1.3873299352964237,0.0,0.0,8.292401755177153,3.49930057643698,1
44,Robin_public_Cami,2016-12-27 08:00:00,1,persistent_shift,42.5,7.526091131733267,32.7632,7.288575921420731,3.148292277359964,1.5174886147872355,0.0,0.0,7.288575921420731,3.49930057643698,1
44,Robin_public_Cami,2016-12-27 09:00:00,1,persistent_shift,43.5,8.526091131733267,37.39647,8.467661135910793,3.815717407482296,0.0,0.0,0.0,8.467661135910793,3.49930057643698,1
44,Robin_public_Cami,2016-12-27 10:00:00,1,persistent_shift,43.5,8.526091131733267,41.362545,9.754749932114937,4.227018099504887,0.0,0.274443972139234,0.0,9.754749932114937,3.49930057643698,1
44,Robin_public_Cami,2016-12-27 11:00:00,1,persistent_shift,44.25,9.276091131733269,42.455265,9.865970978942258,0.0,1.0050858405486645,0.1446521163216392,0.0,9.865970978942258,3.49930057643698,1
44,Robin_public_Cami,2016-12-27 12:00:00,1,persistent_shift,44.75,9.776091131733269,43.267063,7.867220522452698,6.937177602698321,1.1592349434683515,0.168127194996798,0.0,7.867220522452698,3.49930057643698,1
44,Robin_public_Cami,2016-12-27 13:00:00,1,persistent_shift,40.25,5.276091131733267,43.22947,9.052950442804748,3.841021865685891,0.9646913329149208,0.3735104132134462,0.0,9.052950442804748,3.49930057643698,1
44,Robin_public_Cami,2016-12-27 14:00:00,1,persistent_shift,44.0,9.026091131733269,42.111538,7.759466240359246,4.251373171541307,0.0,1.377212851346978,0.0762984186168274,7.759466240359246,3.49930057643698,1
44,Robin_public_Cami,2016-12-27 15:00:00,1,persistent_shift,41.75,6.776091131733267,39.849827,7.756354415570176,0.0,0.0,1.3651135300161852,0.8128000982333903,7.756354415570176,3.49930057643698,1
44,Robin_public_Cami,2016-12-27 16:00:00,0,normal,40.75,40.75,37.742817,0.0,10.0,0.1741996365387678,1.256404354392749,3.908168207317452,0.0,3.49930057643698,0
44,Robin_public_Cami,2016-12-27 17:00:00,0,normal,42.75,42.75,37.26169,0.4264831895198945,0.9496482570414908,0.0,0.0,0.3457051053535163,0.4264831895198945,3.49930057643698,0
44,Robin_public_Cami,2016-12-27 18:00:00,0,normal,42.0,42.0,37.74128,0.1197979188547439,0.4934322117415833,0.0,0.0,0.0,0.1197979188547439,3.49930057643698,0
44,Robin_public_Cami,2016-12-27 19:00:00,0,normal,42.25,42.25,37.88812,0.146746870072459,0.0,0.6574724809497849,0.0,0.0,0.146746870072459,3.49930057643698,0
44,Robin_public_Cami,2016-12-27 20:00:00,0,normal,33.75,33.75,36.46643,0.0,0.0,1.2193629341051757,0.0,0.0,0.0,3.49930057643698,0
44,Robin_public_Cami,2016-12-27 21:00:00,0,normal,35.5,35.5,29.16394,0.6624660685800476,1.848321429935648,0.0,0.0,0.0,0.6624660685800476,3.49930057643698,0
44,Robin_public_Cami,2016-12-27 22:00:00,0,normal,33.0,33.0,25.163048,1.0545477480020802,0.8186399637486733,0.0,0.313349177617444,0.0,1.0545477480020802,3.49930057643698,0
44,Robin_public_Cami,2016-12-27 23:00:00,0,normal,36.0,36.0,22.641369,2.496988792407738,4.8186326198613,0.4867326170823812,0.1320098223027014,0.0,2.496988792407738,3.49930057643698,0
44,Robin_public_Cami,2016-12-28 00:00:00,0,normal,35.5,35.5,18.875198,3.984258793376704,4.989350854983824,0.3184577391611828,0.2680553531890881,0.0,3.984258793376704,3.49930057643698,1
44,Robin_public_Cami,2016-12-28 01:00:00,0,normal,36.5,36.5,17.072647,4.819322152599899,2.505608752782804,0.3213702002778368,0.5096563074207742,0.0,4.819322152599899,3.49930057643698,1
44,Robin_public_Cami,2016-12-28 02:00:00,0,normal,34.75,34.75,16.55022,4.453547733455867,0.7184563014493521,1.1015046654379888,1.595552032752161,0.1290397313643968,4.453547733455867,3.49930057643698,1
44,Robin_public_Cami,2016-12-28 03:00:00,0,normal,35.0,35.0,18.40884,3.9742346958678976,1.150835594766748,0.7689636210529961,1.7213419134445622,0.7728043528878635,3.9742346958678976,3.49930057643698,1
44,Robin_public_Cami,2016-12-28 04:00:00,0,normal,34.75,34.75,20.19249,3.3682774899690493,1.6331236192952876,0.7193662137790638,1.7305756335665856,4.702268262115173,3.3682774899690493,3.49930057643698,0
44,Robin_public_Cami,2016-12-28 05:00:00,0,normal,38.75,38.75,21.269005,4.239374859763076,2.642833956326218,1.5152905838829716,2.3055914867418585,4.732172848135586,4.239374859763076,3.49930057643698,1
44,Robin_public_Cami,2016-12-28 06:00:00,0,normal,39.25,39.25,24.576984,3.860269209640234,0.7692244745050697,0.0258220379053747,1.36881788988804,5.329055528043512,3.860269209640234,3.49930057643698,1
44,Robin_public_Cami,2016-12-28 07:00:00,0,normal,33.25,33.25,26.445354,1.3067903539358638,9.0497017510701,0.0,0.9731073137711392,5.834254762883159,1.3067903539358638,3.49930057643698,0
44,Robin_public_Cami,2016-12-28 08:00:00,0,normal,42.75,42.75,30.658348,3.022553453573641,5.859501345489437,0.0,0.6775929080623326,7.091881594461398,3.022553453573641,3.49930057643698,0
44,Robin_public_Cami,2016-12-28 09:00:00,0,normal,44.25,44.25,39.643726,0.5933648171477426,8.576378066896286,0.0,0.2232629456804671,5.065281323008481,0.5933648171477426,3.49930057643698,0
44,Robin_public_Cami,2016-12-28 10:00:00,0,normal,43.0,43.0,46.681404,0.2932219932765261,0.4685171778958554,0.0,0.0098167778005026,3.678805128513189,0.2932219932765261,3.49930057643698,0
44,Robin_public_Cami,2016-12-28 11:00:00,0,normal,44.5,44.5,53.09083,1.886451542737676,5.392867432208189,0.6566123419946994,0.0245456072409462,3.289049926666446,1.886451542737676,3.49930057643698,0
44,Robin_public_Cami,2016-12-28 12:00:00,0,normal,44.0,44.0,56.625847,2.323035995216073,0.9881160224544292,0.617531200278492,0.0,2.616953002371422,2.323035995216073,3.49930057643698,0
44,Robin_public_Cami,2016-12-28 13:00:00,0,normal,44.0,44.0,57.863068,2.651784573013838,0.5774539946114774,0.5994313925907804,0.0,2.167878095121492,2.651784573013838,3.49930057643698,0
44,Robin_public_Cami,2016-12-28 14:00:00,0,normal,43.0,43.0,58.335773,3.043105156040949,0.8157415462243748,1.1009546652169824,1.7261851669459616,1.4737421921037062,3.043105156040949,3.49930057643698,0
44,Robin_public_Cami,2016-12-28 15:00:00,0,normal,44.25,44.25,56.927116,2.336659097875716,2.0158066175974865,0.5229339424647185,1.5812263455306337,0.947113032826692,2.336659097875716,3.49930057643698,0
44,Robin_public_Cami,2016-12-28 16:00:00,0,normal,42.25,42.25,54.58593,2.246000593271664,0.0,0.0,0.815194606380342,0.0,2.246000593271664,3.49930057643698,0
44,Robin_public_Cami,2016-12-28 17:00:00,0,normal,44.0,44.0,51.733704,1.023118323084502,3.982505943851928,0.0,0.4748645082740101,0.0,1.023118323084502,3.49930057643698,0
44,Robin_public_Cami,2016-12-28 18:00:00,0,normal,42.5,42.5,51.44742,1.344637368139613,0.5499223908177696,0.0,0.5952491894838112,0.0503186537548038,1.344637368139613,3.49930057643698,0
44,Robin_public_Cami,2016-12-28 19:00:00,0,normal,42.75,42.75,49.996307,0.9002522218827994,1.0178227293839546,0.0,0.4922802237754601,0.1793514212351838,0.9002522218827994,3.49930057643698,0
44,Robin_public_Cami,2016-12-28 20:00:00,0,normal,36.25,36.25,43.678207,0.947770388871134,0.0,0.0,0.5560143638235918,5.4270547945701,0.947770388871134,3.49930057643698,0
44,Robin_public_Cami,2016-12-28 21:00:00,0,normal,35.5,35.5,37.272316,0.0,2.934821178466324,0.0,0.0,0.9942847108790388,0.0,3.49930057643698,0
44,Robin_public_Cami,2016-12-28 22:00:00,0,normal,35.5,35.5,34.582912,0.0,0.0,0.0,0.0,0.1405056693885321,0.0,3.49930057643698,0
44,Robin_public_Cami,2016-12-28 23:00:00,0,normal,35.5,35.5,31.825752,0.0,0.0,0.2450566538183038,0.0,0.0,0.0,3.49930057643698,0
44,Robin_public_Cami,2016-12-29 00:00:00,0,normal,35.0,35.0,29.763004,0.5910864418997885,1.576492575892395,1.7324198128666874,0.0,0.0,0.5910864418997885,3.49930057643698,0
44,Robin_public_Cami,2016-12-29 01:00:00,0,normal,36.0,36.0,28.89484,1.147734726829195,1.44534472348692,0.5640123218763237,0.0,0.0,1.147734726829195,3.49930057643698,0
44,Robin_public_Cami,2016-12-29 02:00:00,0,normal,37.5,37.5,28.124874,1.8241061312282143,1.901275916762671,0.1437313789790174,1.2582943222951832,0.0,1.8241061312282143,3.49930057643698,0
44,Robin_public_Cami,2016-12-29 03:00:00,0,normal,35.75,35.75,27.513393,1.484866756459177,0.6174051886892414,0.0,0.3963289228442867,0.0,1.484866756459177,3.49930057643698,0
44,Robin_public_Cami,2016-12-29 04:00:00,0,normal,34.25,34.25,27.708725,0.979716576284444,1.24922894855343,0.0,0.4032523542881363,0.0,0.979716576284444,3.49930057643698,0
44,Robin_public_Cami,2016-12-29 05:00:00,0,normal,37.5,37.5,28.444656,1.7288220774731762,2.178262882087984,0.0,0.1591719437301979,0.0,1.7288220774731762,3.49930057643698,0
44,Robin_public_Cami,2016-12-29 06:00:00,0,normal,37.75,37.75,30.789627,1.357327706116713,0.7402391003711285,0.0,0.0,0.2520347325238716,1.357327706116713,3.49930057643698,0
44,Robin_public_Cami,2016-12-29 07:00:00,0,normal,39.5,39.5,32.82973,1.263181879107395,0.0,0.0,0.0,0.910423062043281,1.263181879107395,3.49930057643698,0
44,Robin_public_Cami,2016-12-29 08:00:00,0,normal,43.25,43.25,36.64373,1.2424125785283562,0.0,0.0,0.0,2.120775048302553,1.2424125785283562,3.49930057643698,0
44,Robin_public_Cami,2016-12-29 09:00:00,0,normal,46.25,46.25,42.47661,0.3230742263434,2.826545914081158,0.0,0.0,0.4326597963155439,0.3230742263434,3.49930057643698,0
44,Robin_public_Cami,2016-12-29 10:00:00,0,normal,45.75,45.75,49.879215,0.438547675119165,0.0,0.0,0.0,0.0,0.438547675119165,3.49930057643698,0
44,Robin_public_Cami,2016-12-29 11:00:00,0,normal,45.0,45.0,54.309673,2.119733237982004,5.727822705038249,0.0,0.0,0.0,2.119733237982004,3.49930057643698,0
44,Robin_public_Cami,2016-12-29 12:00:00,0,normal,42.0,42.0,56.15662,2.729785958353681,1.6487202125760796,0.0,0.0,0.0,2.729785958353681,3.49930057643698,0
44,Robin_public_Cami,2016-12-29 13:00:00,0,normal,43.75,43.75,56.165005,2.2670119991520017,1.0878512540834406,0.0,0.0,0.0,2.2670119991520017,3.49930057643698,0
44,Robin_public_Cami,2016-12-29 14:00:00,0,normal,41.75,41.75,55.673847,2.667934639582,0.852308230328456,0.0,0.0,0.0,2.667934639582,3.49930057643698,0
44,Robin_public_Cami,2016-12-29 15:00:00,0,normal,39.75,39.75,55.24611,3.0857087741873364,0.9164823170201396,0.0,0.0,0.0,3.0857087741873364,3.49930057643698,0
44,Robin_public_Cami,2016-12-29 16:00:00,0,normal,42.5,42.5,53.816017,1.974994103726073,3.555347782450311,0.0,0.0,0.0,1.974994103726073,3.49930057643698,0
44,Robin_public_Cami,2016-12-29 17:00:00,0,normal,39.0,39.0,52.80786,2.637115410685687,1.8470085040972932,0.0,0.0,0.029703126391812,2.637115410685687,3.49930057643698,0
44,Robin_public_Cami,2016-12-29 18:00:00,0,normal,43.25,43.25,51.606007,1.1901415410480012,4.835894585855039,0.0,0.0,0.1225967637162611,1.1901415410480012,3.49930057643698,0
44,Robin_public_Cami,2016-12-29 19:00:00,0,normal,39.0,39.0,49.01305,1.623014862268131,0.9739832424994752,0.0,0.0,0.518377970773763,1.623014862268131,3.49930057643698,0
44,Robin_public_Cami,2016-12-29 20:00:00,0,normal,36.25,36.25,45.084484,1.3151353269163597,0.497980226578404,0.0,0.0,0.4066193306875305,1.3151353269163597,3.49930057643698,0
44,Robin_public_Cami,2016-12-29 21:00:00,0,normal,35.5,35.5,39.348976,0.0127594708941915,4.285234486242787,0.0,0.0,0.0,0.0127594708941915,3.49930057643698,0
44,Robin_public_Cami,2016-12-29 22:00:00,0,normal,34.75,34.75,36.294727,0.0,0.0,0.0,0.0,0.0,0.0,3.49930057643698,0
44,Robin_public_Cami,2016-12-29 23:00:00,0,normal,37.0,37.0,31.952164,0.3259405046181203,0.5667602525734089,0.0,0.0,0.0,0.3259405046181203,3.49930057643698,0
44,Robin_public_Cami,2016-12-30 00:00:00,0,normal,25.5,25.5,32.425594,1.0942304385953243,2.251321296973227,0.0,0.0,0.0,1.0942304385953243,3.49930057643698,0
44,Robin_public_Cami,2016-12-30 01:00:00,0,normal,45.5,45.5,30.35048,3.544676145211887,8.65732952740376,0.0,0.0,0.0,3.544676145211887,3.49930057643698,1
44,Robin_public_Cami,2016-12-30 02:00:00,0,normal,34.25,34.25,29.549324,0.4312817088171792,10.0,0.0,0.0,0.0,0.4312817088171792,3.49930057643698,0
44,Robin_public_Cami,2016-12-30 03:00:00,0,normal,36.5,36.5,29.094185,1.2373196281963033,2.395073682513275,0.0,0.0,0.0,1.2373196281963033,3.49930057643698,0
44,Robin_public_Cami,2016-12-30 04:00:00,0,normal,34.5,34.5,29.559586,0.5027154804509708,2.123038632929985,0.0,0.0,0.0,0.5027154804509708,3.49930057643698,0
44,Robin_public_Cami,2016-12-30 05:00:00,0,normal,35.75,35.75,32.173313,0.0963718257604724,0.8729526097223804,0.0,0.0,0.0,0.0963718257604724,3.49930057643698,0
44,Robin_public_Cami,2016-12-30 06:00:00,0,normal,35.75,35.75,32.938267,0.0109924899857886,0.0,0.0,0.0,0.0,0.0109924899857886,3.49930057643698,0
44,Robin_public_Cami,2016-12-30 07:00:00,0,normal,33.75,33.75,33.783226,0.0,0.0,0.0,0.0,0.0,0.0,3.49930057643698,0
44,Robin_public_Cami,2016-12-30 08:00:00,0,normal,44.0,44.0,37.19146,1.3080543138745415,4.306859265784687,0.0,0.432024918721602,0.0,1.3080543138745415,3.49930057643698,0
44,Robin_public_Cami,2016-12-30 09:00:00,0,normal,42.25,42.25,42.36961,0.0,4.306859265784687,0.0,0.0,0.0,0.0,3.49930057643698,0
44,Robin_public_Cami,2016-12-30 10:00:00,0,normal,42.75,42.75,46.64334,0.3620007261590583,0.7040852730855978,0.0,0.0,0.0,0.3620007261590583,3.49930057643698,0
44,Robin_public_Cami,2016-12-30 11:00:00,0,normal,44.75,44.75,49.12624,0.5187131891142919,0.0,0.0,0.0,0.0,0.5187131891142919,3.49930057643698,0
44,Robin_public_Cami,2016-12-30 12:00:00,0,normal,41.0,41.0,50.76963,1.5640953787442744,3.3065477505347425,0.0,0.0,0.0,1.5640953787442744,3.49930057643698,0
44,Robin_public_Cami,2016-12-30 13:00:00,0,normal,42.25,42.25,50.43978,1.1443051465801553,0.9241600468505016,0.0,0.0,0.0,1.1443051465801553,3.49930057643698,0
44,Robin_public_Cami,2016-12-30 14:00:00,0,normal,43.75,43.75,50.791283,0.839131429024799,0.4876758948656012,0.0,0.0977803464841149,0.0,0.839131429024799,3.49930057643698,0
44,Robin_public_Cami,2016-12-30 15:00:00,0,normal,41.75,41.75,50.14541,1.198943519032937,0.6957504794688244,0.0,0.1441709220067449,0.0,1.198943519032937,3.49930057643698,0
44,Robin_public_Cami,2016-12-30 16:00:00,0,normal,43.0,43.0,50.358315,0.9233716682984296,0.3749456676328808,0.0,0.1096570202010153,0.0,0.9233716682984296,3.49930057643698,0
44,Robin_public_Cami,2016-12-30 17:00:00,0,normal,41.25,41.25,50.078682,1.3140708999914366,0.8133753077195929,0.0,0.1095187811429748,0.0,1.3140708999914366,3.49930057643698,0
44,Robin_public_Cami,2016-12-30 18:00:00,0,normal,42.5,42.5,49.509117,0.8382904613970882,1.1373827037824351,0.0,0.3885039164078563,0.2679178792233076,0.8382904613970882,3.49930057643698,0
44,Robin_public_Cami,2016-12-30 19:00:00,0,normal,42.0,42.0,48.699284,0.7573519276969054,0.0,0.0,0.5779678874784486,0.7048256189440614,0.7573519276969054,3.49930057643698,0
44,Robin_public_Cami,2016-12-30 20:00:00,0,normal,35.75,35.75,45.52984,1.5620924744895928,2.390133010786061,0.0874753934631477,0.5686174609648454,4.284903107585112,1.5620924744895928,3.49930057643698,0
44,Robin_public_Cami,2016-12-30 21:00:00,0,normal,34.25,34.25,38.974495,0.2414732856292518,4.354708991643943,0.0,0.0,1.5018947015912176,0.2414732856292518,3.49930057643698,0
44,Robin_public_Cami,2016-12-30 22:00:00,0,normal,34.5,34.5,34.472103,0.0,0.2450910535340894,0.0,0.0,0.4669832784516735,0.0,3.49930057643698,0
44,Robin_public_Cami,2016-12-30 23:00:00,0,normal,33.25,33.25,32.877636,0.0,0.0,0.0,0.0,0.0826483944178257,0.0,3.49930057643698,0
44,Bear_public_Valorie,2016-07-10 00:00:00,0,normal,38.75,38.75,81.73785,2.8387112366607328,0.0,0.0,0.0,0.0,0.4967744664156282,1.7167582525316918,0
44,Bear_public_Valorie,2016-07-10 01:00:00,0,normal,38.25,38.25,64.13578,0.8115475326109453,3.396724869886584,0.3363416339722358,0.0,0.0,0.4623780837346449,1.7167582525316918,0
44,Bear_public_Valorie,2016-07-10 02:00:00,0,normal,38.5,38.5,64.13578,0.7819142166813987,0.0,1.4024483635759488,0.0,0.0,1.1185488424224088,1.7167582525316918,0
44,Bear_public_Valorie,2016-07-10 03:00:00,0,normal,38.0,38.0,64.13578,0.8411808485404918,0.0,1.5347553271386831,0.0494562710436106,0.0,1.2215353774916642,1.7167582525316918,0
44,Bear_public_Valorie,2016-07-10 04:00:00,0,normal,45.0,45.0,64.13578,0.0114480025131879,0.9918874043558932,1.534766098412815,3.47958896758956,0.0,1.1011368544376756,1.7167582525316918,0
44,Bear_public_Valorie,2016-07-10 05:00:00,0,normal,56.0,56.0,64.13578,0.0,0.0,0.8037505917834954,4.640743980784563,0.6310265578761329,0.62572807003606,1.7167582525316918,0
44,Bear_public_Valorie,2016-07-10 06:00:00,0,normal,54.75,54.75,64.13578,0.0,0.0,0.2441717299385312,2.983096326180987,1.4621701528599058,0.3171372262429626,1.7167582525316918,0
44,Bear_public_Valorie,2016-07-10 07:00:00,0,normal,54.75,54.75,65.12868,0.0,0.0,0.5444581167380815,2.700211344978211,2.032394032033876,0.5843600849200448,1.7167582525316918,0
44,Bear_public_Valorie,2016-07-10 08:00:00,0,normal,88.75,88.75,73.33992,0.1695367295354974,0.0,1.419826308769601,2.7374083710606545,3.0474852527956906,1.328295869087002,1.7167582525316918,0
44,Bear_public_Valorie,2016-07-10 09:00:00,0,normal,144.0,144.0,106.25338,2.187629094996214,3.3785066197426548,0.0,1.291910389852284,4.627048084706495,0.9300025655885534,1.7167582525316918,0
44,Bear_public_Valorie,2016-07-10 10:00:00,0,normal,150.75,150.75,152.67479,0.0,3.7189924826540417,0.0,0.0199926602906201,3.673289745540094,0.4603037866203606,1.7167582525316918,0
44,Bear_public_Valorie,2016-07-10 11:00:00,0,normal,149.75,149.75,196.21976,2.210108682487208,3.76413893419722,0.0,0.0,2.069700121043754,0.6878425048945673,1.7167582525316918,0
44,Bear_public_Valorie,2016-07-10 12:00:00,0,normal,218.75,218.75,203.47115,0.1490534251751983,3.464790325611202,0.8048619984749906,0.0,1.3409516882128356,0.8102026752997167,1.7167582525316918,0
44,Bear_public_Valorie,2016-07-10 13:00:00,0,normal,242.25,242.25,248.1607,0.0,0.0,0.0,0.0,0.2900553037392784,0.0290055303739278,1.7167582525316918,0
44,Bear_public_Valorie,2016-07-10 14:00:00,0,normal,239.5,239.5,271.35712,1.7837796830526649,2.907929205164872,0.0,0.0,0.0,0.384859674663338,1.7167582525316918,0
44,Bear_public_Valorie,2016-07-10 15:00:00,0,normal,240.5,240.5,284.50012,2.981160285169716,1.7302457755632543,0.0,0.0,0.0,0.5649591942937816,1.7167582525316918,0
44,Bear_public_Valorie,2016-07-10 16:00:00,0,normal,239.75,239.75,272.94458,1.9156624136455795,1.4653816045245147,1.2264516793302087,0.0,0.0,1.230391638032235,1.7167582525316918,0
44,Bear_public_Valorie,2016-07-10 17:00:00,0,normal,238.25,238.25,242.31,0.0,3.172793376203612,1.4498323699362172,0.0,0.0,1.0942024933604422,1.7167582525316918,0
44,Bear_public_Valorie,2016-07-10 18:00:00,0,normal,237.0,237.0,224.76067,0.0,0.0,1.2923230533266965,2.417684218668548,0.0,0.9046261373286876,1.7167582525316918,0
44,Bear_public_Valorie,2016-07-10 19:00:00,0,normal,234.5,234.5,232.53285,0.0,0.0,1.2501701868013877,5.193265891555664,0.1460444360352561,0.889723574364497,1.7167582525316918,0
44,Bear_public_Valorie,2016-07-10 20:00:00,0,normal,231.5,231.5,235.96722,0.0,0.0,1.1486663829107644,4.990176981047506,1.0617395607738416,0.9102404241149192,1.7167582525316918,0
44,Bear_public_Valorie,2016-07-10 21:00:00,0,normal,194.0,194.0,228.39095,0.6366956227019019,0.6042047721731968,1.0037052279446472,4.410599990952101,2.42001670881227,1.071122183719643,1.7167582525316918,0
44,Bear_public_Valorie,2016-07-10 22:00:00,0,normal,142.5,142.5,175.00238,0.5261851853195365,0.0,0.0,1.2795690657365604,3.243913089008104,0.4164737163317295,1.7167582525316918,0
44,Bear_public_Valorie,2016-07-10 23:00:00,0,normal,142.75,142.75,121.67172,0.4409243345921023,0.0,0.0,0.0,2.905580086137057,0.3677197671673238,1.7167582525316918,0
44,Bear_public_Valorie,2016-07-11 00:00:00,0,normal,145.0,145.0,133.76575,0.0,0.2110312330352828,0.0,0.0,2.566517092962885,0.2619274901221708,1.7167582525316918,0
44,Bear_public_Valorie,2016-07-11 01:00:00,0,normal,145.0,145.0,115.18704,0.6363456584633191,0.6035019281576939,1.2427701134467135,0.0,1.764324301343963,1.172819547982119,1.7167582525316918,0
44,Bear_public_Valorie,2016-07-11 02:00:00,0,normal,52.0,52.0,90.99264,1.2399771899176608,0.5378011340314734,1.246637391624572,0.0,1.3198851231006856,1.2350757230336462,1.7167582525316918,0
44,Bear_public_Valorie,2016-07-11 03:00:00,0,normal,40.75,40.75,64.13578,0.2137114262021879,1.3865905477566742,0.0,0.0,0.1923531326572863,0.0912995765450283,1.7167582525316918,0
44,Bear_public_Valorie,2016-07-11 04:00:00,0,normal,46.0,46.0,64.13578,0.0,0.0,0.0,0.0,0.0,0.0,1.7167582525316918,0
44,Bear_public_Valorie,2016-07-11 05:00:00,0,normal,57.0,57.0,90.17697,0.8575543229494931,1.0477621378326734,0.4983980039744118,0.0,0.0,0.5251446627440663,1.7167582525316918,0
44,Bear_public_Valorie,2016-07-11 06:00:00,0,normal,129.75,129.75,108.82552,0.7002766110583114,0.0,0.2248083519727427,0.0,0.0,0.2799142533161244,1.7167582525316918,0
44,Bear_public_Valorie,2016-07-11 07:00:00,0,normal,147.75,147.75,166.0691,0.4323654989979063,0.0,0.0,0.0,0.0,0.0756639623246336,1.7167582525316918,0
44,Bear_public_Valorie,2016-07-11 08:00:00,0,normal,191.25,191.25,199.45459,0.0,0.1938422585234419,0.0,0.0,0.0,0.004846056463086,1.7167582525316918,0
44,Bear_public_Valorie,2016-07-11 09:00:00,0,normal,247.25,247.25,227.28122,0.1388542979987966,0.0,0.0,0.0,0.1172045417871193,0.0360199563285013,1.7167582525316918,0
44,Bear_public_Valorie,2016-07-11 10:00:00,0,normal,252.75,252.75,254.02571,0.0,0.0,0.0,0.0,0.0,0.0,1.7167582525316918,0
44,Bear_public_Valorie,2016-07-11 11:00:00,0,normal,253.25,253.25,269.07523,0.0,0.0,0.0,0.0,0.0,0.0,1.7167582525316918,0
44,Bear_public_Valorie,2016-07-11 12:00:00,0,normal,249.25,249.25,275.41312,1.2223136182336851,1.7803195237753084,0.806983289123403,0.0,0.0,0.8233011736716596,1.7167582525316918,0
44,Bear_public_Valorie,2016-07-11 13:00:00,0,normal,250.0,250.0,279.74976,1.5759799733286852,0.0357883312382753,1.0332881212146214,0.0,0.0,0.9999928884637116,1.7167582525316918,0
44,Bear_public_Valorie,2016-07-11 14:00:00,0,normal,248.75,248.75,276.97086,1.4252203119410516,0.0,1.0463346734729846,0.4201380749865351,0.0,0.9818478260207733,1.7167582525316918,0
44,Bear_public_Valorie,2016-07-11 15:00:00,0,normal,248.5,248.5,275.4593,1.3008215486502996,0.0,1.4137681547784706,4.728002399145243,0.0,1.217281479358732,1.7167582525316918,0
44,Bear_public_Valorie,2016-07-11 16:00:00,0,normal,245.25,245.25,271.1759,1.1989228350251169,0.0,1.366246941456546,4.906941532556997,0.0,1.1661843551489777,1.7167582525316918,0
44,Bear_public_Valorie,2016-07-11 17:00:00,0,normal,242.75,242.75,267.3826,1.0713944673940956,0.0,1.0883900592347473,4.597313214335079,0.0,0.9493670732582898,1.7167582525316918,0
44,Bear_public_Valorie,2016-07-11 18:00:00,0,normal,240.25,240.25,262.40674,0.0,1.4772239205732174,0.9035274116550464,4.470607342137099,1.3333433111473836,0.8027341172876014,1.7167582525316918,0
44,Bear_public_Valorie,2016-07-11 19:00:00,0,normal,240.25,240.25,259.5717,0.0,0.0,0.977043823653598,3.94398395080954,2.773184333594536,0.9612491099169724,1.7167582525316918,0
44,Bear_public_Valorie,2016-07-11 20:00:00,0,normal,244.0,244.0,237.52966,0.0,0.0,1.2062203811018266,3.953254843516401,6.713863906108853,1.5157406573821643,1.7167582525316918,0
44,Bear_public_Valorie,2016-07-11 21:00:00,1,stuck,170.5,170.5,198.9016,1.0200342207311226,1.3740755470479242,1.0481938927343264,4.29443476617022,10.0,1.9465936022181736,1.7167582525316918,1
44,Bear_public_Valorie,2016-07-11 22:00:00,1,stuck,146.0,170.5,162.57913,0.0,1.3740755470479242,0.0,0.1722747711368271,4.801928688350518,0.5145447575112503,1.7167582525316918,0
44,Bear_public_Valorie,2016-07-11 23:00:00,1,stuck,144.0,170.5,131.32788,2.265822966977,3.876031656694414,0.0,0.0,3.1715596703574,0.8105757776740754,1.7167582525316918,0
44,Bear_public_Valorie,2016-07-12 00:00:00,1,stuck,129.75,170.5,132.12854,2.291515888475488,0.0,1.6039571270742827,0.0,2.4602689439806875,1.769812163833277,1.7167582525316918,1
44,Bear_public_Valorie,2016-07-12 01:00:00,1,stuck,129.0,170.5,114.2697,4.408382591600091,3.5768781802011675,1.6039571270742827,0.0,2.071614559193327,2.190820352906376,1.7167582525316918,1
44,Bear_public_Valorie,2016-07-12 02:00:00,1,stuck,49.25,170.5,83.69797,8.032149711798278,6.603232942585562,1.6039571270742827,0.1162031994944361,1.89266485810576,2.8827434978919118,1.7167582525316918,1
44,Bear_public_Valorie,2016-07-12 03:00:00,1,stuck,39.0,170.5,75.73432,8.97610665557684,1.2212871963341183,1.6039571270742827,6.590377803524825,1.5358919750340525,2.8777100310897032,1.7167582525316918,1
44,Bear_public_Valorie,2016-07-12 04:00:00,1,stuck,45.5,170.5,84.0155,7.994511204443917,1.2968777759705097,1.6039571270742827,6.590377803524825,1.1616477493193942,2.670396169060885,1.7167582525316918,1
44,Bear_public_Valorie,2016-07-12 05:00:00,1,stuck,57.0,170.5,126.60616,2.946101259446184,9.4643872356488,1.6039571270742827,6.590377803524825,0.7721453510926908,1.9521619253555689,1.7167582525316918,1
44,Bear_public_Valorie,2016-07-12 06:00:00,1,stuck,137.75,170.5,170.71104,0.0,5.242255613390225,1.6039571270742827,6.590377803524825,0.3708062682181397,1.2909070061085672,1.7167582525316918,0
44,Bear_public_Valorie,2016-07-12 07:00:00,1,stuck,158.0,170.5,198.96523,1.5451781756566594,2.42873841057852,1.6039571270742827,6.590377803524825,0.6496055866250606,1.518855188618882,1.7167582525316918,0
44,Bear_public_Valorie,2016-07-12 08:00:00,1,stuck,188.0,170.5,220.1734,3.626946385363908,3.506388789195217,1.6039571270742827,6.590377803524825,1.5909515035561457,2.0042404764761765,1.7167582525316918,1
44,Bear_public_Valorie,2016-07-12 09:00:00,0,normal,230.25,230.25,228.96992,0.0,6.609617959250332,1.6039571270742827,6.590377803524825,10.0,2.2880104379332566,1.7167582525316918,1
44,Bear_public_Valorie,2016-07-12 10:00:00,0,normal,241.5,241.5,253.91046,0.0,0.0,0.0,0.0,2.543884290926516,0.2543884290926518,1.7167582525316918,0
44,Bear_public_Valorie,2016-07-12 11:00:00,0,normal,248.25,248.25,274.04807,1.108084663801126,1.5509099779736597,0.0,0.0,0.808716030530072,0.3135591686675457,1.7167582525316918,0
44,Bear_public_Valorie,2016-07-12 12:00:00,0,normal,252.0,252.0,288.18353,4.567529306996542,6.2732190244728505,0.0,0.0,0.0577752682553765,0.9619256311617536,1.7167582525316918,0
44,Bear_public_Valorie,2016-07-12 13:00:00,0,normal,251.25,251.25,294.52466,2.909624752115028,2.655130288069673,0.0489443793174962,0.0,0.0,0.6098236543441189,1.7167582525316918,0
44,Bear_public_Valorie,2016-07-12 14:00:00,0,normal,250.0,250.0,289.81238,2.568221029410986,0.0111609069471495,0.7287811426620738,0.0,0.0,0.959864502684053,1.7167582525316918,0
44,Bear_public_Valorie,2016-07-12 15:00:00,0,normal,248.25,248.25,295.61414,3.312874271358694,0.8210194013540132,1.081017686618532,1.0837948185938868,0.0,1.3569908631545942,1.7167582525316918,0
44,Bear_public_Valorie,2016-07-12 16:00:00,0,normal,247.25,247.25,294.56827,3.308351391240017,0.0,0.8876657423741103,2.6569727726129706,0.0,1.20032751312888,1.7167582525316918,0
44,Bear_public_Valorie,2016-07-12 17:00:00,0,normal,240.5,240.5,300.9128,4.599559938866288,1.9186833435135096,0.9307392182604584,4.007993859276442,0.0,1.5044075256717588,1.7167582525316918,0
44,Bear_public_Valorie,2016-07-12 18:00:00,0,normal,239.0,239.0,297.47894,2.046218219437442,4.45346446904128,0.2186740184860444,2.449632041550257,0.0,0.6224966130678152,1.7167582525316918,0
44,Bear_public_Valorie,2016-07-12 19:00:00,0,normal,239.5,239.5,288.6937,1.5028867686295475,0.4166986151331548,0.1878392482422429,2.0446882991614723,0.2928456552865315,0.4341946891867229,1.7167582525316918,0
44,Bear_public_Valorie,2016-07-12 20:00:00,0,normal,238.0,238.0,258.17258,0.3693037678939714,1.602119077486894,1.1895553200258393,2.1023263653089552,1.3377293351176816,1.071142793848473,1.7167582525316918,0
44,Bear_public_Valorie,2016-07-12 21:00:00,0,normal,167.0,167.0,227.00174,3.518895291925176,5.650931411968671,1.187370962263413,2.2919971059505437,8.365476416703798,2.424787276640892,1.7167582525316918,1
44,Bear_public_Valorie,2016-07-12 22:00:00,0,normal,147.25,147.25,200.73442,3.003521870071632,0.3605496399824324,0.0,0.0,1.1798968019962537,0.6526197484617218,1.7167582525316918,0
44,Bear_public_Valorie,2016-07-12 23:00:00,0,normal,141.75,141.75,156.44257,0.0,5.357575203494804,0.0,0.0,0.0,0.1339393800873699,1.7167582525316918,0
44,Bear_public_Valorie,2016-07-13 00:00:00,0,normal,130.0,130.0,141.20093,0.0,0.0,0.0,0.0,0.0,0.0,1.7167582525316918,0
44,Bear_public_Valorie,2016-07-13 01:00:00,0,normal,130.75,130.75,122.96988,0.0,0.0,0.0,0.0,0.0,0.0,1.7167582525316918,0
44,Bear_public_Valorie,2016-07-13 02:00:00,0,normal,47.75,47.75,93.51152,1.685081062721027,2.709709710168984,0.0192263789909202,0.0,0.0,0.3760903940240484,1.7167582525316918,0
44,Bear_public_Valorie,2016-07-13 03:00:00,0,normal,40.0,40.0,64.13578,0.6041143211041193,1.496448215259734,0.0,0.0,0.0,0.1431312115747141,1.7167582525316918,0
44,Bear_public_Valorie,2016-07-13 04:00:00,0,normal,47.5,47.5,64.13578,0.0,0.5387707354326544,0.0,0.0,0.0,0.0134692683858163,1.7167582525316918,0
44,Bear_public_Valorie,2016-07-13 05:00:00,0,normal,59.75,59.75,87.89057,0.5263739558693292,0.3826423530311776,0.6070626712947353,0.0,0.0,0.5266253710092268,1.7167582525316918,0
44,Bear_public_Valorie,2016-07-13 06:00:00,0,normal,135.5,135.5,123.70849,0.0,0.3826423530311776,0.0791683666907859,0.0,0.0,0.0649839155093295,1.7167582525316918,0
44,Bear_public_Valorie,2016-07-13 07:00:00,0,normal,147.75,147.75,167.11488,0.5268507362642306,0.3835998858597392,0.0,0.0,0.0,0.1017888759927338,1.7167582525316918,0
44,Bear_public_Valorie,2016-07-13 08:00:00,0,normal,183.5,183.5,201.42389,0.3966578106234015,0.0,0.0,0.0,0.2247667340587874,0.091891790264974,1.7167582525316918,0
44,Bear_public_Valorie,2016-07-13 09:00:00,0,normal,243.25,243.25,223.67517,0.5458191963370005,0.0,0.0,0.0,0.7449808895008107,0.1700164483090562,1.7167582525316918,0
44,Bear_public_Valorie,2016-07-13 10:00:00,0,normal,247.75,247.75,258.28207,0.0,0.4216948315017393,0.0,0.0,0.1209018643539564,0.0226325572229391,1.7167582525316918,0
44,Bear_public_Valorie,2016-07-13 11:00:00,0,normal,247.75,247.75,272.62683,0.5224560558549038,0.3747739131310622,0.0,0.0,0.0,0.1007991576028847,1.7167582525316918,0
44,Bear_public_Valorie,2016-07-13 12:00:00,0,normal,247.7252,247.7252,274.65588,1.298000831443639,0.8830598247905117,0.9612982305294262,0.0,0.0,0.922135402492998,1.7167582525316918,0
44,Bear_public_Valorie,2016-07-13 13:00:00,0,normal,247.8281,247.8281,271.80765,1.0069993047884394,0.0,1.5993965537870736,0.0,0.0,1.2958024659889285,1.7167582525316918,0
44,Bear_public_Valorie,2016-07-13 14:00:00,0,normal,246.0,246.0,263.06708,0.3253840604872898,0.6944182389763914,1.5868956040863555,0.3479564388055259,0.0,1.1851295894201344,1.7167582525316918,0
44,Bear_public_Valorie,2016-07-13 15:00:00,0,normal,245.25,245.25,261.79773,0.274172900234695,0.0,1.3087015161852489,5.06837664816894,0.0,0.9640713188707456,1.7167582525316918,0
44,Bear_public_Valorie,2016-07-13 16:00:00,0,normal,244.25,244.25,260.87213,0.2815094150246718,0.0,1.2332641283361794,5.581867511808863,0.0,0.912549037464643,1.7167582525316918,0
44,Bear_public_Valorie,2016-07-13 17:00:00,0,normal,240.25,240.25,262.7273,0.8588672495753443,0.4850348550863264,1.3470246664080905,5.280586172974481,0.0627469566700872,1.1116196022055154,1.7167582525316918,0
44,Bear_public_Valorie,2016-07-13 18:00:00,0,normal,237.25,237.25,255.87634,0.0,1.0503989290245708,0.9474061672637096,4.471085883048201,1.507803085482683,0.8402245988584794,1.7167582525316918,0
44,Bear_public_Valorie,2016-07-13 19:00:00,0,normal,237.0,237.0,247.10521,0.0,0.0,0.7924554336692955,3.887071740390339,2.784502706303644,0.8331690741988714,1.7167582525316918,0
44,Bear_public_Valorie,2016-07-13 20:00:00,0,normal,240.75,240.75,217.62419,0.0,0.0,1.1195346080921136,3.8468207598568473,6.180859066810784,1.4017601323455584,1.7167582525316918,0
44,Bear_public_Valorie,2016-07-13 21:00:00,0,normal,168.25,168.25,172.50044,0.0,0.0,1.0575767533158236,4.135535507749925,10.0,1.7403037273210773,1.7167582525316918,1
44,Bear_public_Valorie,2016-07-13 22:00:00,1,spike,146.75,554.8492476925039,145.46332,10.0,10.0,0.0,0.1609710978821366,4.810197244493786,2.4810197244493786,1.7167582525316918,1
44,Bear_public_Valorie,2016-07-13 23:00:00,0,normal,143.0,143.0,237.48465,6.245718415202329,10.0,0.0,0.0,0.0,1.343000722660407,1.7167582525316918,0
44,Bear_public_Valorie,2016-07-14 00:00:00,0,normal,136.25,136.25,187.31303,2.0336946159046594,7.784647044092321,0.0,0.0,0.0,0.5505127338856232,1.7167582525316918,0
44,Bear_public_Valorie,2016-07-14 01:00:00,0,normal,130.75,130.75,188.52303,2.474925952418272,0.2116477944992628,0.0,0.0,0.0,0.4384032365356791,1.7167582525316918,0
44,Bear_public_Valorie,2016-07-14 02:00:00,0,normal,46.0,46.0,127.16645,4.013215865616775,2.414904499817995,0.6679121164371555,0.0,0.0,1.2302238704843942,1.7167582525316918,0
44,Bear_public_Valorie,2016-07-14 03:00:00,0,normal,39.5,39.5,138.19595,5.165909729824478,1.64050001628474,0.0,0.0,0.0,0.945046703126402,1.7167582525316918,0
44,Bear_public_Valorie,2016-07-14 04:00:00,0,normal,48.25,48.25,136.8997,4.50529487288767,0.6522425108447246,0.0,0.0,0.0,0.8047326655264603,1.7167582525316918,0
44,Bear_public_Valorie,2016-07-14 05:00:00,0,normal,61.25,61.25,155.55545,8.9215543326759,8.194819844345883,0.847508708941753,0.0,0.0,2.359398600586156,1.7167582525316918,1
44,Bear_public_Valorie,2016-07-14 06:00:00,0,normal,132.25,132.25,188.75687,4.297710888035595,8.611717188081325,0.2730012417975762,0.0807234258235405,0.0,1.1584932043665652,1.7167582525316918,0
44,Bear_public_Valorie,2016-07-14 07:00:00,0,normal,144.0,144.0,226.35655,6.835083961576841,4.42139414310387,0.0,0.1139478334872507,0.0,1.3066745468535437,1.7167582525316918,0
44,Bear_public_Valorie,2016-07-14 08:00:00,0,normal,188.5,188.5,255.30548,4.813078896237077,3.38636461604989,0.0,0.0115417730645583,0.0,0.9269479222427356,1.7167582525316918,0
44,Bear_public_Valorie,2016-07-14 09:00:00,0,normal,242.75,242.75,285.28818,1.902825611456832,5.170261015988239,0.0,0.0,0.0,0.4622510074046514,1.7167582525316918,0
44,Bear_public_Valorie,2016-07-14 10:00:00,0,normal,252.75,252.75,320.56952,3.8787561743685215,3.293831766322182,0.0,0.0,0.0,0.7611281246725458,1.7167582525316918,0
44,Bear_public_Valorie,2016-07-14 11:00:00,0,normal,269.75,269.75,337.89706,3.904356338937093,0.0,0.0,0.0,0.7552743384846531,0.7587897931624566,1.7167582525316918,0
44,Bear_public_Valorie,2016-07-14 12:00:00,0,normal,334.75,334.75,347.48083,0.0,7.166748957833132,0.1192422299869148,0.0,0.3068591562981315,0.2933242005664816,1.7167582525316918,0
44,Bear_public_Valorie,2016-07-14 13:00:00,0,normal,312.25,312.25,359.3243,3.284295567109141,5.9214617122210464,0.0,0.0,0.0,0.7227882670496257,1.7167582525316918,0
44,Bear_public_Valorie,2016-07-14 14:00:00,0,normal,305.5,305.5,352.17673,3.245091254277386,0.0,0.0,0.0,0.0,0.5678909694985427,1.7167582525316918,0
44,Bear_public_Valorie,2016-07-14 15:00:00,0,normal,306.5,306.5,341.72797,2.116167737868778,1.5927612908518898,0.0802977990233321,0.4563251051330418,0.0,0.4663568457146658,1.7167582525316918,0
44,Bear_public_Valorie,2016-07-14 16:00:00,0,normal,305.75,305.75,331.06238,1.138425175739762,1.2891398996956074,1.0037826239121466,0.794653388828313,0.0,0.9341007399853508,1.7167582525316918,0
44,Bear_public_Valorie,2016-07-14 17:00:00,0,normal,296.75,296.75,328.35126,1.758550257294188,0.5709256413502467,1.5008795716531007,1.478980779253331,0.4434284128573881,1.4169779775031484,1.7167582525316918,0
44,Bear_public_Valorie,2016-07-14 18:00:00,0,normal,270.25,270.25,320.37457,1.55735759527393,0.0,0.8058517056823907,2.4489643544009607,1.4015972356267623,0.9767934967132876,1.7167582525316918,0
44,Bear_public_Valorie,2016-07-14 19:00:00,0,normal,222.75,222.75,303.74945,5.179342282232781,6.5996532267255255,0.0,2.1409838240787025,2.3190987426658785,1.3032861043254629,1.7167582525316918,0
44,Bear_public_Valorie,2016-07-14 20:00:00,0,normal,213.75,213.75,285.258,4.428781524358737,0.8328836484900322,0.0,0.6682931719427531,3.6751213628497994,1.16337099426001,1.7167582525316918,0
44,Bear_public_Valorie,2016-07-14 21:00:00,0,normal,132.5,132.5,271.0738,10.0,10.0,0.0,0.3150489270838801,4.2700992615692295,2.4270099261569227,1.7167582525316918,1
44,Bear_public_Valorie,2016-07-14 22:00:00,0,normal,112.5,112.5,270.39844,10.0,10.0,0.0,0.0,2.273252380615113,2.227325238061511,1.7167582525316918,1
44,Bear_public_Valorie,2016-07-14 23:00:00,0,normal,113.75,113.75,102.782425,0.0,10.0,0.0,0.0,0.4014340256468238,0.2901434025646821,1.7167582525316918,0
44,Bear_public_Valorie,2016-07-15 00:00:00,0,normal,115.0,115.0,68.08976,3.3036453752238053,5.960322530942405,0.187736536868449,0.0,0.0,0.8585615797456403,1.7167582525316918,0
44,Bear_public_Valorie,2016-07-15 01:00:00,0,normal,111.5,111.5,74.530914,1.7672255165544994,2.4111488114087063,1.325285118709422,0.0,0.0,1.29724276877885,1.7167582525316918,0
44,Bear_public_Valorie,2016-07-15 02:00:00,0,normal,43.5,43.5,64.13578,0.1892478980904673,2.4946105470641,1.22594774542145,0.100832679658404,0.0,0.9536470676374492,1.7167582525316918,0
44,Bear_public_Valorie,2016-07-15 03:00:00,0,normal,39.75,39.75,64.13578,0.6337476370336659,0.2182118282908094,0.0,0.4796092651078149,0.0,0.1163611321881617,1.7167582525316918,0
44,Bear_public_Valorie,2016-07-15 04:00:00,0,normal,48.75,48.75,64.13578,0.0,0.5982842412838146,0.0,0.2189612531792964,0.0,0.0149571060320953,1.7167582525316918,0
44,Bear_public_Valorie,2016-07-15 05:00:00,0,normal,70.6,70.6,64.13578,0.0,0.0,0.8037360104418745,0.175570251750798,0.0,0.5626152073093121,1.7167582525316918,0
44,Bear_public_Valorie,2016-07-15 06:00:00,0,normal,128.5,128.5,101.0755,1.4430218313876997,2.2235746615455607,0.0,0.3296749567581828,0.3411479844655946,0.3422329854780458,1.7167582525316918,0
44,Bear_public_Valorie,2016-07-15 07:00:00,0,normal,139.75,139.75,153.0715,0.0586891605283323,2.105707403395756,0.0,0.183788247145039,1.1875977561133948,0.1816730637886915,1.7167582525316918,0
44,Bear_public_Valorie,2016-07-15 08:00:00,0,normal,177.0,177.0,185.54648,0.0,0.0,0.0,0.0,1.966354776054897,0.1966354776054898,1.7167582525316918,0
44,Bear_public_Valorie,2016-07-15 09:00:00,0,normal,227.0,227.0,213.45558,0.0009753750637024,0.0,0.0,0.0,2.6401625992387547,0.2641869505600236,1.7167582525316918,0
44,Bear_public_Valorie,2016-07-15 10:00:00,0,normal,235.25,235.25,244.1222,0.0,0.0,0.0,0.0,1.4487806029983206,0.1448780602998322,1.7167582525316918,0
44,Bear_public_Valorie,2016-07-15 11:00:00,0,normal,244.5,244.5,264.0573,0.1066948813512568,0.0,0.0,0.0,0.7511377638393247,0.0937853806204024,1.7167582525316918,0
44,Bear_public_Valorie,2016-07-15 12:00:00,0,normal,247.75,247.75,276.26846,1.454566371100959,2.0324812845074987,0.3608164288373161,0.0,0.2874401526690875,0.5866766625083852,1.7167582525316918,0
44,Bear_public_Valorie,2016-07-15 13:00:00,0,normal,248.25,248.25,275.52353,1.331807640853906,0.0,0.5372518765489772,0.0,0.0,0.6091426507337175,1.7167582525316918,0
44,Bear_public_Valorie,2016-07-15 14:00:00,0,normal,288.75,288.75,270.39212,0.4526656708530204,1.0911172777758489,1.1425418082405692,0.5329087093307655,0.0,0.9062736901120731,1.7167582525316918,0
44,Bear_public_Valorie,2016-07-15 15:00:00,0,normal,301.0,301.0,272.31116,1.4713669297853074,1.371398518597818,0.0,0.9198529229618434,0.0,0.2917741756773742,1.7167582525316918,0
44,Bear_public_Valorie,2016-07-15 16:00:00,0,normal,291.0,291.0,260.16815,1.6826814259222045,0.0,0.0,0.5230010154801165,0.0,0.2944692495363857,1.7167582525316918,0
44,Bear_public_Valorie,2016-07-15 17:00:00,0,normal,248.75,248.75,250.49045,0.0,2.7048904452913387,0.4946883072297764,0.5686196992217005,0.0813179619768652,0.4220358723908133,1.7167582525316918,0
44,Bear_public_Valorie,2016-07-15 18:00:00,0,normal,146.5,146.5,208.31903,2.241665324134501,3.827515114634948,0.0,0.5759233348905143,0.8598109834561222,0.5739604079350235,1.7167582525316918,0
44,Bear_public_Valorie,2016-07-15 19:00:00,1,spike,126.75,428.2260283676541,166.61882,10.0,10.0,0.0,0.0,0.9591477294500844,2.095914772945008,1.7167582525316918,1
44,Bear_public_Valorie,2016-07-15 20:00:00,0,normal,121.5,121.5,181.4334,3.513490808499054,10.0,0.0,0.0,0.5685103471643969,0.9217119262037736,1.7167582525316918,0
44,Bear_public_Valorie,2016-07-15 21:00:00,0,normal,116.75,116.75,106.12526,0.0,6.38176161156226,0.0,0.0,0.251827778863114,0.1847268181753677,1.7167582525316918,0
44,Bear_public_Valorie,2016-07-15 22:00:00,0,normal,61.25,61.25,83.69284,0.7891482598506158,0.9103801234077974,0.0,0.0,0.0,0.1608604485590526,1.7167582525316918,0
44,Bear_public_Valorie,2016-07-15 23:00:00,0,normal,39.25,39.25,67.840965,1.3318363499632944,0.4154065339300192,0.0,0.0,0.0,0.2434565245918269,1.7167582525316918,0
44,Bear_public_Valorie,2016-08-28 00:00:00,1,persistent_shift,56.0,0.01,78.25283,3.82096632751532,4.324506039786016,0.0,0.0,0.0,0.7767817583098312,1.7167582525316918,0
44,Bear_public_Valorie,2016-08-28 01:00:00,1,persistent_shift,47.75,0.01,67.41307,3.108172317593867,0.7570355192897895,1.273310780265264,0.0,0.0,1.454173589746856,1.7167582525316918,0
44,Bear_public_Valorie,2016-08-28 02:00:00,1,persistent_shift,39.0,0.01,70.91631,3.3385363020375127,0.0,1.6039571270742827,0.0,0.0,1.7070138418085623,1.7167582525316918,0
44,Bear_public_Valorie,2016-08-28 03:00:00,1,persistent_shift,40.0,0.01,64.27295,2.9016862143149904,0.2028487969053442,1.6039571270742827,0.0,0.0,1.6356362963797546,1.7167582525316918,0
44,Bear_public_Valorie,2016-08-28 04:00:00,0,normal,43.5,43.5,64.13578,0.0328786809541827,5.087024230220802,1.6039571270742827,5.885278693433838,1.0619405759652685,1.3618934214710263,1.7167582525316918,0
44,Bear_public_Valorie,2016-08-28 05:00:00,0,normal,56.0,56.0,76.65154,0.0339151701334329,0.0,0.0,1.554439120215532,1.395937214059463,0.1455288761792972,1.7167582525316918,0
44,Bear_public_Valorie,2016-08-28 06:00:00,0,normal,57.75,57.75,99.43303,2.5432811729061573,4.365146675759377,0.0,0.8630441832901703,1.752074177332224,0.7294102898857844,1.7167582525316918,0
44,Bear_public_Valorie,2016-08-28 07:00:00,0,normal,60.25,60.25,108.72614,3.157034725446798,0.5581295023645088,0.5038996356524932,0.6890088225035403,2.252232420660215,1.1443873015350692,1.7167582525316918,0
44,Bear_public_Valorie,2016-08-28 08:00:00,0,normal,60.25,60.25,118.94359,4.080174490949921,1.179479412687985,1.1885589676562651,0.7273137850384548,2.8893696502721293,1.8644457636200344,1.7167582525316918,1
44,Bear_public_Valorie,2016-08-28 09:00:00,0,normal,61.25,61.25,124.894745,4.527508378292918,0.2239037362695011,1.3102708659423703,1.07526761434469,3.8339507648179754,2.098496242249455,1.7167582525316918,1
44,Bear_public_Valorie,2016-08-28 10:00:00,0,normal,138.75,138.75,143.54942,0.0,8.418244491729423,1.4756059636078775,3.5196469715597667,5.021476505121656,1.7455279373309156,1.7167582525316918,1
44,Bear_public_Valorie,2016-08-28 11:00:00,0,normal,157.5,157.5,177.04086,0.1054092679437789,0.0,0.0,0.4207530044167156,2.795835577128613,0.2980301796030228,1.7167582525316918,0
44,Bear_public_Valorie,2016-08-28 12:00:00,0,normal,229.5,229.5,232.8944,0.0,0.0,0.0,0.0,1.6124302912034356,0.1612430291203437,1.7167582525316918,0
44,Bear_public_Valorie,2016-08-28 13:00:00,0,normal,273.0,273.0,285.0243,0.0,0.0,0.0,0.0,0.3953966441992323,0.0395396644199232,1.7167582525316918,0
44,Bear_public_Valorie,2016-08-28 14:00:00,0,normal,279.25,279.25,346.0237,5.226786814885171,9.82262702612641,0.0,0.0,0.0,1.160253368258065,1.7167582525316918,0
44,Bear_public_Valorie,2016-08-28 15:00:00,0,normal,279.0,279.0,341.65997,4.821144953862164,0.1401723489944263,0.0,0.0,0.0,0.8472046756507392,1.7167582525316918,0
44,Bear_public_Valorie,2016-08-28 16:00:00,0,normal,279.0,279.0,295.67953,0.2871697859516392,8.431231945535156,0.8978105426551802,0.0,0.0,0.8895028910385416,1.7167582525316918,0
44,Bear_public_Valorie,2016-08-28 17:00:00,0,normal,277.75,277.75,284.64624,0.0,0.0,1.5688642707849447,0.0,0.0,1.0982049895494612,1.7167582525316918,0
44,Bear_public_Valorie,2016-08-28 18:00:00,0,normal,275.75,275.75,281.4343,0.0,0.0,1.4457451492183078,1.3509318511377164,0.0,1.0120216044528154,1.7167582525316918,0
44,Bear_public_Valorie,2016-08-28 19:00:00,0,normal,274.25,274.25,283.3096,0.0,0.0,1.2821336068154536,5.157489319144686,0.0,0.8974935247708175,1.7167582525316918,0
44,Bear_public_Valorie,2016-08-28 20:00:00,0,normal,274.0,274.0,275.02847,0.0,0.0,1.2738855169833323,5.403091318219851,0.3312411577411552,0.9248439776624484,1.7167582525316918,0
44,Bear_public_Valorie,2016-08-28 21:00:00,0,normal,253.25,253.25,279.00665,0.8108786608738658,0.9540219605724256,1.421992445312741,5.336653593819244,1.0756102478977223,1.268710051175928,1.7167582525316918,0
44,Bear_public_Valorie,2016-08-28 22:00:00,0,normal,246.5,246.5,260.38245,0.0,0.9540219605724256,0.2871718234191944,3.0971702940918355,2.92941405709199,0.517812231116946,1.7167582525316918,0
44,Bear_public_Valorie,2016-08-28 23:00:00,0,normal,238.25,238.25,236.62846,0.0,0.0,0.1521184439437756,2.3728582941748138,4.719913543892601,0.5784742651499035,1.7167582525316918,0
44,Bear_public_Valorie,2016-08-29 00:00:00,0,normal,234.25,234.25,227.2122,0.0,0.0,0.5856830680866003,1.912787911010338,9.266774160582878,1.3366555637189088,1.7167582525316918,0
44,Bear_public_Valorie,2016-08-29 01:00:00,0,normal,232.0,232.0,196.82095,0.9892055061354188,1.312161285045074,0.6803359222056418,1.7294732927570236,9.336381930863745,1.6157883343301496,1.7167582525316918,0
44,Bear_public_Valorie,2016-08-29 02:00:00,1,spike,127.75,430.3382376035706,166.76175,10.0,10.0,1.0253625639618364,1.8292171233840209,8.02255140179859,3.520008934953145,1.7167582525316918,1
44,Bear_public_Valorie,2016-08-29 03:00:00,0,normal,40.75,40.75,179.89265,7.825578088755953,10.0,0.0,0.0,2.238738445383849,1.8433500100706768,1.7167582525316918,1
44,Bear_public_Valorie,2016-08-29 04:00:00,0,normal,45.75,45.75,123.390686,3.781370895666282,7.447615758115869,0.0,0.0,0.2180029259072811,0.869730593285224,1.7167582525316918,0
44,Bear_public_Valorie,2016-08-29 05:00:00,0,normal,58.0,58.0,118.10595,2.628332872902448,1.6411912005684264,0.0,0.0,0.0,0.500988032772139,1.7167582525316918,0
44,Bear_public_Valorie,2016-08-29 06:00:00,0,normal,146.5,146.5,132.78836,0.0160836935416067,4.571770144642176,0.4240157931589344,0.0,0.0,0.4139199551970895,1.7167582525316918,0
44,Bear_public_Valorie,2016-08-29 07:00:00,0,normal,165.0,165.0,179.79094,0.1135977633379023,0.0,0.0,0.0,0.0,0.0198796085841329,1.7167582525316918,0
44,Bear_public_Valorie,2016-08-29 08:00:00,0,normal,187.0,187.0,211.61758,1.1674985097301638,1.442090739066413,0.0,0.0,0.0,0.2403645076794389,1.7167582525316918,0
44,Bear_public_Valorie,2016-08-29 09:00:00,0,normal,245.5,245.5,245.2538,0.0,1.6702326442505089,0.0,0.0,0.0,0.0417558161062626,1.7167582525316918,0
44,Bear_public_Valorie,2016-08-29 10:00:00,0,normal,254.75,254.75,300.1787,2.8817011651500217,5.112918910139664,0.0,0.0,0.0,0.6321206766547451,1.7167582525316918,0
44,Bear_public_Valorie,2016-08-29 11:00:00,0,normal,270.5,270.5,320.8495,2.513339328324068,0.0653017221817671,0.0,0.0,0.0,0.4414669255112561,1.7167582525316918,0
44,Bear_public_Valorie,2016-08-29 12:00:00,0,normal,291.0,291.0,334.09183,2.8915964255741127,0.0851746800562086,0.0222552582951574,0.0,0.0,0.5237374222834852,1.7167582525316918,0
44,Bear_public_Valorie,2016-08-29 13:00:00,0,normal,292.25,292.25,348.57346,4.196322456562392,1.9458309238609293,0.0,0.0,0.0,0.7830022029949417,1.7167582525316918,0
44,Bear_public_Valorie,2016-08-29 14:00:00,0,normal,290.75,290.75,356.79633,5.1550617000291,1.2509749464689912,0.0584254037870124,0.0015837219043954,0.0,0.974307953817726,1.7167582525316918,0
44,Bear_public_Valorie,2016-08-29 15:00:00,0,normal,288.5,288.5,362.41205,5.930673951065933,0.883195337822015,1.4009136762990986,0.9967607954160648,0.0,2.040587398291457,1.7167582525316918,1
44,Bear_public_Valorie,2016-08-29 16:00:00,0,normal,285.0,285.0,351.63602,5.213209146824311,0.7664160201343053,1.1694264634384488,1.538587627915054,0.0,1.750070525604526,1.7167582525316918,1
44,Bear_public_Valorie,2016-08-29 17:00:00,0,normal,281.75,281.75,340.74606,4.459859215892586,0.8384852310966759,0.9874445775786224,2.813247882188014,0.0127905922180691,1.493927757085462,1.7167582525316918,0
44,Bear_public_Valorie,2016-08-29 18:00:00,0,normal,278.5,278.5,325.78348,1.3911093394265677,5.488574628245015,0.9107120609520252,4.1442432882684646,1.2531841214514536,1.143475354917337,1.7167582525316918,0
44,Bear_public_Valorie,2016-08-29 19:00:00,0,normal,279.25,279.25,317.44702,0.8594102842768547,0.3933369147850695,0.9308488572225162,3.6508717750673103,2.2332466162324867,1.0351490842970863,1.7167582525316918,0
44,Bear_public_Valorie,2016-08-29 20:00:00,0,normal,279.75,279.75,308.04175,0.2797976878461061,0.4895631631792146,1.2078248024562444,3.781527978065245,4.043339397708572,1.3110149759427774,1.7167582525316918,0
44,Bear_public_Valorie,2016-08-29 21:00:00,0,normal,271.5,271.5,297.2841,0.1330605703102715,0.0,1.4438227970760882,4.22018216944028,8.904653773100469,1.9244269350676069,1.7167582525316918,1
44,Bear_public_Valorie,2016-08-29 22:00:00,0,normal,268.25,268.25,292.64807,0.0519570220131229,0.0,0.7353213164432613,3.9871076878336775,10.0,1.5238174003625802,1.7167582525316918,0
44,Bear_public_Valorie,2016-08-29 23:00:00,0,normal,267.75,267.75,286.0517,0.2213592015003828,0.0,0.5794554141066323,3.6680589494393794,10.0,1.4443566501372105,1.7167582525316918,0
44,Bear_public_Valorie,2016-08-30 00:00:00,1,persistent_shift,267.25,60.91177097884466,289.28302,10.0,10.0,1.1460738432399873,3.5705858081818924,10.0,3.802251690267992,1.7167582525316918,1
44,Bear_public_Valorie,2016-08-30 01:00:00,1,persistent_shift,265.75,59.41177097884466,250.1622,10.0,4.293810385551329,0.0,0.0,0.8811907647542503,1.9454643361142083,1.7167582525316918,1
44,Bear_public_Valorie,2016-08-30 02:00:00,1,persistent_shift,147.0,0.01,224.0932,10.0,3.727519802922179,0.0,0.0,0.084631736311071,1.8516511687041612,1.7167582525316918,1
44,Bear_public_Valorie,2016-08-30 03:00:00,1,persistent_shift,64.0,0.01,64.13578,2.8926663503489984,10.0,0.0,0.0,0.0,0.7562166113110743,1.7167582525316918,0
44,Bear_public_Valorie,2016-08-30 04:00:00,1,persistent_shift,68.75,0.01,70.23958,3.2940359987032086,0.1315923320207501,0.0,0.0,0.0,0.5797461080735802,1.7167582525316918,0
44,Bear_public_Valorie,2016-08-30 05:00:00,1,persistent_shift,84.5,0.01,93.21522,4.80485343007415,2.3597306639949074,1.6039571270742827,0.0,0.0,2.0226126058148464,1.7167582525316918,1
44,Bear_public_Valorie,2016-08-30 06:00:00,1,persistent_shift,155.0,0.01,125.18082,10.0,9.932502883766563,1.6039571270742827,0.700778582568634,0.0,3.121082561046161,1.7167582525316918,1
44,Bear_public_Valorie,2016-08-30 07:00:00,1,persistent_shift,171.75,0.01,166.27325,10.0,6.781791226282398,1.6039571270742827,1.2367691869563202,0.0,3.042314769609057,1.7167582525316918,1
44,Bear_public_Valorie,2016-08-30 08:00:00,1,persistent_shift,199.25,0.01,186.23311,10.0,2.9472535060876304,1.6039571270742827,6.590377803524825,0.0,2.9464513266041883,1.7167582525316918,1
44,Bear_public_Valorie,2016-08-30 09:00:00,1,persistent_shift,266.0,59.66177097884466,192.50198,8.9606216077751,10.0,1.6039571270742827,6.590377803524825,0.0,2.94087877031264,1.7167582525316918,1
44,Bear_public_Valorie,2016-08-30 10:00:00,1,persistent_shift,280.0,73.66177097884466,212.3907,9.420870015060888,0.2498403665139011,0.0,1.4241039550380494,0.3776536667104782,1.6926636284695504,1.7167582525316918,0
44,Bear_public_Valorie,2016-08-30 11:00:00,1,persistent_shift,290.75,84.41177097884466,226.8337,9.709505728726397,0.0,0.0,0.787074867504503,1.382971676054011,1.8374606701325205,1.7167582525316918,1
44,Bear_public_Valorie,2016-08-30 12:00:00,0,normal,281.0,281.0,234.14093,3.2630714330592205,10.0,0.3347124703389443,0.5204855624532553,5.417506709939329,1.5970869010165576,1.7167582525316918,0
44,Bear_public_Valorie,2016-08-30 13:00:00,0,normal,281.25,281.25,294.48157,0.0,5.878836626693363,0.0,0.0,1.119965629693574,0.2589674786366913,1.7167582525316918,0
44,Bear_public_Valorie,2016-08-30 14:00:00,0,normal,279.5,279.5,336.76434,4.289100179076657,7.939441923945418,0.0,0.0,0.1647181514601542,0.9655503945830656,1.7167582525316918,0
44,Bear_public_Valorie,2016-08-30 15:00:00,0,normal,278.0,278.0,349.42084,5.685024084234353,2.128986438110462,1.4391722678890704,0.0,0.0,2.0555244632161225,1.7167582525316918,1
44,Bear_public_Valorie,2016-08-30 16:00:00,0,normal,276.25,276.25,345.96124,5.516446742751784,0.0,1.3310652477979654,0.0,0.0,1.8971238534401376,1.7167582525316918,1
44,Bear_public_Valorie,2016-08-30 17:00:00,0,normal,274.25,274.25,336.29514,4.760517897474279,0.8436645446224428,1.3303487529960512,0.0,0.0,1.7854263727707955,1.7167582525316918,1
44,Bear_public_Valorie,2016-08-30 18:00:00,0,normal,278.0,278.0,317.95807,0.9624589523534618,6.953268610784276,1.2921840856208069,5.2297822762693205,0.0,1.246790891866027,1.7167582525316918,0
44,Bear_public_Valorie,2016-08-30 19:00:00,0,normal,275.25,275.25,306.62094,0.459978389337486,0.3346565124062912,1.2921383674834943,5.362476883686774,0.0,0.9933594881826632,1.7167582525316918,0
44,Bear_public_Valorie,2016-08-30 20:00:00,0,normal,279.5,279.5,286.58905,0.0,0.2492980811083689,1.2820969802851765,5.570866689046469,0.0,0.9037003382273326,1.7167582525316918,0
44,Bear_public_Valorie,2016-08-30 21:00:00,0,normal,271.75,271.75,286.3243,0.0,0.0,1.2510065614888308,5.570792199696941,0.5487785466670845,0.93058244770889,1.7167582525316918,0
44,Bear_public_Valorie,2016-08-30 22:00:00,0,normal,272.25,272.25,298.7503,0.1749704096872841,0.0,1.0251869614560514,5.231995816389734,1.2459074930935508,0.8728414440238659,1.7167582525316918,0
44,Bear_public_Valorie,2016-08-30 23:00:00,0,normal,268.75,268.75,280.62195,0.0,0.0,0.972660612469128,5.095396206550695,2.7251262243288554,0.9533750511612754,1.7167582525316918,0
44,Bear_public_Valorie,2016-08-31 00:00:00,0,normal,268.0,268.0,239.14261,0.5375991702311651,0.4051862985751708,1.2897460464113726,4.728304094774889,10.0,2.007031744742795,1.7167582525316918,1
44,Bear_public_Valorie,2016-08-31 01:00:00,0,normal,265.25,265.25,233.64949,0.7538903543587524,0.0,1.236750445984713,4.664957518597631,10.0,1.9976561242020816,1.7167582525316918,1
44,Bear_public_Valorie,2016-08-31 02:00:00,0,normal,140.25,140.25,206.51973,3.0336467990530105,3.904014691384983,1.2979405674212197,4.445930775180111,10.0,2.537046954313756,1.7167582525316918,1
44,Bear_public_Valorie,2016-08-31 03:00:00,0,normal,58.5,58.5,140.81052,4.088446618218161,1.44389637475218,0.0,0.060069684594605,4.530447326966912,1.2046203002536742,1.7167582525316918,0
44,Bear_public_Valorie,2016-08-31 04:00:00,0,normal,63.0,63.0,99.552025,1.079488931212228,5.368492122940962,0.0,0.0,1.41662647200823,0.4647855132364868,1.7167582525316918,0
44,Bear_public_Valorie,2016-08-31 05:00:00,0,normal,80.75,80.75,109.038704,0.5361147467233089,0.4167844385078232,0.0,0.0,0.5160278048355713,0.1558424721228318,1.7167582525316918,0
44,Bear_public_Valorie,2016-08-31 06:00:00,0,normal,163.0,163.0,128.58755,1.8863884701098963,2.037305764695424,0.2691271821679096,0.0,0.1019324325751455,0.5796328971616688,1.7167582525316918,0
44,Bear_public_Valorie,2016-08-31 07:00:00,0,normal,190.25,190.25,177.5579,0.0,3.114001609057489,0.0,0.0,0.0,0.0778500402264371,1.7167582525316918,0
44,Bear_public_Valorie,2016-08-31 08:00:00,0,normal,203.0,203.0,218.37054,0.1659647199382486,0.0,0.0,0.0,0.0,0.0290438259891935,1.7167582525316918,0
44,Bear_public_Valorie,2016-08-31 09:00:00,0,normal,256.25,256.25,248.25473,0.0,0.0,0.0,0.0,0.0,0.0,1.7167582525316918,0
44,Bear_public_Valorie,2016-08-31 10:00:00,0,normal,267.75,267.75,284.44214,0.2853699284434265,0.0,0.0,0.0,0.0,0.0499397374775996,1.7167582525316918,0
44,Bear_public_Valorie,2016-08-31 11:00:00,0,normal,278.75,278.75,298.41046,0.1147567984519528,0.0,0.0,0.0,0.0,0.0200824397290917,1.7167582525316918,0
44,Bear_public_Valorie,2016-08-31 12:00:00,0,normal,288.75,288.75,302.8728,0.0350590916983697,0.0,0.0,0.0,0.0,0.0061353410472147,1.7167582525316918,0
44,Bear_public_Valorie,2016-08-31 13:00:00,0,normal,287.5,287.5,305.1989,0.3876872607381843,0.0337033100406217,0.0473028993253587,0.0,0.0,0.1017998829079489,1.7167582525316918,0
44,Bear_public_Valorie,2016-08-31 14:00:00,0,normal,287.75,287.75,307.63644,0.6033922306562857,0.0,0.5148199719593995,0.0398223068083172,0.0,0.4659676207364296,1.7167582525316918,0
44,Bear_public_Valorie,2016-08-31 15:00:00,0,normal,286.0,286.0,305.49576,0.5648680049215508,0.0,1.4066840575607302,1.4985162396041758,0.0,1.0835307411537825,1.7167582525316918,0
44,Bear_public_Valorie,2016-08-31 16:00:00,0,normal,283.25,283.25,299.73874,0.2683560490907142,0.0,1.3305085973576964,2.47113099700039,0.0,0.9783183267412624,1.7167582525316918,0
44,Bear_public_Valorie,2016-08-31 17:00:00,0,normal,283.25,283.25,288.34906,0.0,0.0,1.0263924579276578,4.000164348268939,0.0,0.7184747205493603,1.7167582525316918,0
44,Bear_public_Valorie,2016-08-31 18:00:00,0,normal,279.75,279.75,270.47522,0.0,0.0,1.175005178353374,4.745511218193464,1.321393297204844,0.9546429545678462,1.7167582525316918,0
44,Bear_public_Valorie,2016-08-31 19:00:00,0,normal,274.8,274.8,255.39906,0.0,0.0,1.0795615532588496,4.341337944722194,2.5566107043288504,1.01135415771408,1.7167582525316918,0
44,Bear_public_Valorie,2016-08-31 20:00:00,0,normal,278.75,278.75,235.62677,1.1476701203123112,1.6304106758807173,0.6858798186855221,3.61519736944396,4.412488835337365,1.1629672945652745,1.7167582525316918,0
44,Bear_public_Valorie,2016-08-31 21:00:00,0,normal,272.25,272.25,234.38258,1.768567844835155,0.5724773641453299,0.959129061116087,3.888788040746611,10.0,1.995201649731047,1.7167582525316918,1
44,Bear_public_Valorie,2016-08-31 22:00:00,0,normal,268.5,268.5,239.47244,1.0695336901639925,0.7294011759751157,0.8401168671876895,3.691988230092341,10.0,1.79348523220946,1.7167582525316918,1
44,Bear_public_Valorie,2016-08-31 23:00:00,0,normal,265.25,265.25,232.75328,1.3438664272361265,0.0,0.5556136738941114,3.32233022633606,10.0,1.624106196492201,1.7167582525316918,0
44,Bear_public_Valorie,2016-09-01 00:00:00,0,normal,263.75,263.75,233.05707,0.6942104512681201,0.6302334508998441,0.8006075048825978,3.212821786776888,10.0,1.6976679186622363,1.7167582525316918,0
44,Bear_public_Valorie,2016-09-01 01:00:00,0,normal,266.75,266.75,228.4886,1.191892821386569,0.3250201530545101,0.994544504593145,3.184956243170384,10.0,1.9128879007842148,1.7167582525316918,1
44,Bear_public_Valorie,2016-09-01 02:00:00,0,normal,138.25,138.25,179.09482,1.361771692123563,0.0,1.194537851154336,3.275313436342602,10.0,2.07448654192966,1.7167582525316918,1
44,Bear_public_Valorie,2016-09-01 03:00:00,0,normal,49.25,49.25,104.75961,2.326089919113258,1.2621793918077506,0.0,0.0,1.763721823965844,0.6149924030365984,1.7167582525316918,0
44,Bear_public_Valorie,2016-09-01 04:00:00,0,normal,47.75,47.75,84.245895,1.0757980062888282,1.8365091990310416,0.0,0.0,0.0,0.2341773810763208,1.7167582525316918,0
44,Bear_public_Valorie,2016-09-01 05:00:00,0,normal,61.75,61.75,104.31202,1.4746903150655275,0.1266170142469304,0.0,0.0,0.0,0.2612362304926405,1.7167582525316918,0
44,Bear_public_Valorie,2016-09-01 06:00:00,0,normal,148.5,148.5,126.576965,0.757978092878806,0.7649045862929402,0.319697769402415,0.0,0.0,0.3755572194928049,1.7167582525316918,0
44,Bear_public_Valorie,2016-09-01 07:00:00,0,normal,172.5,172.5,176.42223,0.0,0.8477801120263903,0.0,0.0,0.0,0.0211945028006597,1.7167582525316918,0
44,Bear_public_Valorie,2016-09-01 08:00:00,0,normal,186.4,186.4,207.40634,0.6751554462681686,0.6814448265865278,0.0,0.0,0.0,0.1351883237615926,1.7167582525316918,0
44,Bear_public_Valorie,2016-09-01 09:00:00,0,normal,247.75,247.75,237.25826,0.0,0.6814448265865278,0.0,0.0,0.0,0.0170361206646631,1.7167582525316918,0
44,Bear_public_Valorie,2016-09-01 10:00:00,0,normal,252.75,252.75,275.1198,0.7983441449851147,0.9288485042349636,0.0,0.0,0.0,0.1629314379782691,1.7167582525316918,0
44,Bear_public_Valorie,2016-09-01 11:00:00,0,normal,260.2,260.2,288.53952,1.3377035322253086,0.4087213968920521,0.0,0.0,0.0,0.2443161530617302,1.7167582525316918,0
44,Bear_public_Valorie,2016-09-01 12:00:00,0,normal,270.25,270.25,291.78033,2.233877174610415,1.1253225127385262,0.4682229828059093,0.0,0.0,0.7468176563394222,1.7167582525316918,0
44,Bear_public_Valorie,2016-09-01 13:00:00,0,normal,275.5,275.5,287.3454,0.6914649041701171,2.4231835574979863,0.2246679864427362,0.0,0.0,0.3388535376771354,1.7167582525316918,0
44,Bear_public_Valorie,2016-09-01 14:00:00,0,normal,288.5,288.5,286.51605,0.0,0.7141996158441509,0.308782761256624,0.1153350127235645,0.0,0.2340029232757406,1.7167582525316918,0
44,Bear_public_Valorie,2016-09-01 15:00:00,0,normal,295.25,295.25,293.27423,0.0,0.0,0.1730071502162602,1.3465685233626994,0.0,0.1211050051513821,1.7167582525316918,0
44,Bear_public_Valorie,2016-09-01 16:00:00,0,normal,291.75,291.75,286.4344,0.0,0.0,0.1282171927770296,1.231024988126033,0.0,0.0897520349439207,1.7167582525316918,0
44,Bear_public_Valorie,2016-09-01 17:00:00,0,normal,291.5,291.5,281.1614,0.0,0.0,0.8543894574285777,1.5493003282873183,0.0,0.5980726202000044,1.7167582525316918,0
44,Bear_public_Valorie,2016-09-01 18:00:00,0,normal,285.75,285.75,269.47577,0.0,0.0,1.0889807913004683,2.1723048489021672,1.035851098930557,0.8658716638033838,1.7167582525316918,0
44,Bear_public_Valorie,2016-09-01 19:00:00,0,normal,283.25,283.25,254.58463,1.040893185899102,1.4159672526040994,0.8544740800708216,2.94714905220893,1.9646339088854,1.0121507357855604,1.7167582525316918,0
44,Bear_public_Valorie,2016-09-01 20:00:00,0,normal,268.75,268.75,242.54076,0.8466684315597824,0.0,0.7278317928872116,3.841672522387584,3.421063633270971,0.9997555938711076,1.7167582525316918,0
44,Bear_public_Valorie,2016-09-01 21:00:00,0,normal,249.0,249.0,234.1454,0.0,1.0258996651192946,0.199197307241135,2.2982269731439464,7.474299282960272,0.9125155349928048,1.7167582525316918,0
44,Bear_public_Valorie,2016-09-01 22:00:00,0,normal,246.0,246.0,224.25824,0.4933909004181036,0.3164014615881625,0.0,1.1933228572168215,7.524908848617931,0.846744328974666,1.7167582525316918,0
44,Bear_public_Valorie,2016-09-01 23:00:00,0,normal,246.25,246.25,211.28029,1.5394245046801265,1.4262909139535904,0.0,0.9012934713765048,7.057510897603835,1.010807650928246,1.7167582525316918,0
44,Bear_public_Valorie,2016-09-02 00:00:00,0,normal,238.75,238.75,194.24152,1.6026846881703518,0.0,1.1750813777759292,0.9789008036410316,6.414079457138083,1.744434730586771,1.7167582525316918,1
44,Bear_public_Valorie,2016-09-02 01:00:00,0,normal,235.75,235.75,193.3102,1.4666537612599082,0.0,0.7101036276441247,1.1302294923145666,5.478878376184874,1.301624785189859,1.7167582525316918,0
44,Bear_public_Valorie,2016-09-02 02:00:00,0,normal,116.25,116.25,126.55078,0.0,2.2710353979703224,0.5525099054974023,1.8508476646724548,4.779204031229304,0.9214532219203704,1.7167582525316918,0
44,Bear_public_Valorie,2016-09-02 03:00:00,0,normal,41.75,41.75,69.38253,0.4929664948595174,0.3155491147649372,0.0,0.0,1.1583715610052612,0.2099950205700652,1.7167582525316918,0
44,Bear_public_Valorie,2016-09-02 04:00:00,0,normal,48.75,48.75,64.13578,0.0,0.3155491147649372,0.0,0.0,0.0,0.0078887278691234,1.7167582525316918,0
44,Bear_public_Valorie,2016-09-02 05:00:00,0,normal,68.25,68.25,76.83604,0.0,0.0,0.0,0.0,0.0,0.0,1.7167582525316918,0
44,Bear_public_Valorie,2016-09-02 06:00:00,0,normal,146.75,146.75,115.21977,1.6259819394982655,2.5910191112472014,0.0,0.0,0.0,0.3493223171933765,1.7167582525316918,0
44,Bear_public_Valorie,2016-09-02 07:00:00,0,normal,160.75,160.75,170.08452,0.0,2.5910191112472014,0.0,0.0,0.0,0.0647754777811799,1.7167582525316918,0
44,Bear_public_Valorie,2016-09-02 08:00:00,0,normal,194.5,194.5,203.16623,0.0,0.0,0.0,0.0,0.0,0.0,1.7167582525316918,0
44,Bear_public_Valorie,2016-09-02 09:00:00,0,normal,261.0,261.0,232.96768,1.3099480112606254,1.9563183885183368,0.0,0.0,0.0,0.2781488616835678,1.7167582525316918,0
44,Bear_public_Valorie,2016-09-02 10:00:00,0,normal,268.0,268.0,271.53772,0.0,1.9563183885183368,0.0,0.0,0.0,0.0489079597129583,1.7167582525316918,0
44,Bear_public_Valorie,2016-09-02 11:00:00,0,normal,283.5,283.5,292.6236,0.0,0.0,0.0,0.0,0.0,0.0,1.7167582525316918,0
44,Bear_public_Valorie,2016-09-02 12:00:00,0,normal,283.25,283.25,302.854,0.5755417612628337,0.4813875788753585,0.0420170503324693,0.0,0.0,0.1421664329256083,1.7167582525316918,0
44,Bear_public_Valorie,2016-09-02 13:00:00,0,normal,285.75,285.75,304.00934,0.4429488512234735,0.0,0.2324516045359715,0.0,0.0,0.2402321721392879,1.7167582525316918,0
44,Bear_public_Valorie,2016-09-02 14:00:00,0,normal,287.0,287.0,304.51184,0.3692406505402523,0.0,1.2495198919108916,0.0539680964970849,0.0,0.9392810381821682,1.7167582525316918,0
44,Bear_public_Valorie,2016-09-02 15:00:00,0,normal,288.75,288.75,300.03482,0.0,0.0670666709729304,1.1345019734889346,2.068170469221705,0.0,0.7958280482165774,1.7167582525316918,0
44,Bear_public_Valorie,2016-09-02 16:00:00,0,normal,287.5,287.5,278.44885,0.0,0.0,1.219333974362691,2.8136986797781667,0.0,0.8535337820538836,1.7167582525316918,0
44,Bear_public_Valorie,2016-09-02 17:00:00,0,normal,280.5,280.5,258.71234,0.7908645583432292,0.913827018808411,1.36045360089297,4.93172410850347,0.0,1.1135644938053542,1.7167582525316918,0
44,Bear_public_Valorie,2016-09-02 18:00:00,0,normal,276.0,276.0,235.39577,1.0002695955018353,0.0,0.6994284469539944,4.459097990557364,0.9210093028828726,0.7567480223689046,1.7167582525316918,0
44,Bear_public_Valorie,2016-09-02 19:00:00,0,normal,276.5,276.5,225.59134,1.603238949533318,0.5364712626116329,0.5249593819309945,3.6136470621805743,1.9170861534842016,0.8531587804337378,1.7167582525316918,0
44,Bear_public_Valorie,2016-09-02 20:00:00,0,normal,274.25,274.25,200.7314,2.9262721666384164,1.9825978125436512,1.0178106034480985,3.315488315246609,4.306255341913116,1.7047555310802949,1.7167582525316918,0
44,Bear_public_Valorie,2016-09-02 21:00:00,0,normal,266.75,266.75,184.89798,5.2467613728671125,3.9858195574916686,1.290434662995552,3.1752292145870507,10.0,2.921132993285923,1.7167582525316918,1
44,Bear_public_Valorie,2016-09-02 22:00:00,0,normal,128.5,128.5,181.99365,3.004251879554285,3.8292104857318967,0.6112670867976859,2.9769173648423464,10.0,2.0493613018236783,1.7167582525316918,1
44,Bear_public_Valorie,2016-09-02 23:00:00,0,normal,58.5,58.5,137.75795,5.041628708241537,3.4172362043020588,0.0,0.0,1.7275084830815868,1.140466777357979,1.7167582525316918,0
44,Bear_public_Valorie,2016-09-03 00:00:00,1,contextual_after_hours,57.5,259.6367612798569,91.855865,9.708753291757294,8.69864003930166,0.0,0.0,0.0602261275852503,1.9225204397985929,1.7167582525316918,1
44,Bear_public_Valorie,2016-09-03 01:00:00,1,contextual_after_hours,58.0,260.1367612798569,102.62267,9.033635111643845,0.6813699838142218,0.0,0.0,0.1018612838021981,1.6081065225132478,1.7167582525316918,0
44,Bear_public_Valorie,2016-09-03 02:00:00,1,contextual_after_hours,57.75,259.8867612798569,91.08003,9.776209372136588,0.816844118531175,0.0,0.0,0.1531052243711764,1.7465682655242998,1.7167582525316918,1
44,Bear_public_Valorie,2016-09-03 03:00:00,1,contextual_after_hours,57.25,259.3867612798569,82.43671,10.0,10.0,1.5371997810073428,0.0,0.1274275276084106,3.0887825994659805,1.7167582525316918,1
44,Bear_public_Valorie,2016-09-03 04:00:00,1,contextual_after_hours,64.5,266.6367612798569,114.5287,8.678148922803604,10.0,1.4932798588702354,0.0,0.0,2.813971962699795,1.7167582525316918,1
44,Bear_public_Valorie,2016-09-03 05:00:00,1,contextual_after_hours,76.0,278.1367612798569,144.87544,10.0,9.087949053677567,0.6691150699450189,0.0,0.0,2.4455792753034524,1.7167582525316918,1
44,Bear_public_Valorie,2016-09-03 06:00:00,0,normal,141.0,141.0,172.37845,1.8311365570681992,10.0,0.0,2.225770132465161,0.0,0.5704488974869345,1.7167582525316918,0
44,Bear_public_Valorie,2016-09-03 07:00:00,0,normal,154.5,154.5,167.0837,0.0,3.0030374814548724,0.0,0.0,0.0,0.0750759370363717,1.7167582525316918,0
44,Bear_public_Valorie,2016-09-03 08:00:00,0,normal,193.0,193.0,183.21463,0.0,0.0,0.0,0.0,0.0,0.0,1.7167582525316918,0
44,Bear_public_Valorie,2016-09-03 09:00:00,1,spike,258.75,0.01,225.69638,10.0,10.0,0.0,0.0,0.0,2.0,1.7167582525316918,1
44,Bear_public_Valorie,2016-09-03 10:00:00,0,normal,264.5,264.5,233.4501,1.5825842976179894,10.0,0.0,0.0,0.0,0.5269522520831478,1.7167582525316918,0
44,Bear_public_Valorie,2016-09-03 11:00:00,0,normal,277.0,277.0,278.10565,0.0,2.503862283435259,0.0,0.0,0.0,0.0625965570858814,1.7167582525316918,0
44,Bear_public_Valorie,2016-09-03 12:00:00,0,normal,282.25,282.25,327.99677,3.153390837872561,5.658561691585893,0.0,0.0,0.0,0.6933074389173453,1.7167582525316918,0
44,Bear_public_Valorie,2016-09-03 13:00:00,0,normal,283.75,283.75,351.38168,9.575926967046565,10.0,0.1903175689026072,0.0,0.0,2.059009517464973,1.7167582525316918,1
44,Bear_public_Valorie,2016-09-03 14:00:00,0,normal,285.5,285.5,350.3903,5.041068871169744,8.43300515710598,0.8189487670890692,0.0,0.0,1.6662763183447027,1.7167582525316918,0
44,Bear_public_Valorie,2016-09-03 15:00:00,0,normal,285.0,285.0,349.86185,9.134805883816052,7.547088028212099,1.1812688034778078,0.0,0.0,2.6141563928075766,1.7167582525316918,1
44,Bear_public_Valorie,2016-09-03 16:00:00,0,normal,288.5,288.5,347.23865,4.434476319152039,8.765326630993004,1.3530245832595194,2.602459412201011,0.0,1.942283729908095,1.7167582525316918,1
44,Bear_public_Valorie,2016-09-03 17:00:00,0,normal,274.0,274.0,330.38452,4.2023439356824674,0.0,1.1231731598427686,4.020872332193647,0.0,1.52163140063437,1.7167582525316918,0
44,Bear_public_Valorie,2016-09-03 18:00:00,0,normal,270.5,270.5,322.78107,1.6835460519502785,4.38408901430843,0.3210980254050777,3.566070044413048,0.0,0.6289914022325637,1.7167582525316918,0
44,Bear_public_Valorie,2016-09-03 19:00:00,0,normal,271.0,271.0,309.36057,1.80756483073577,0.0,0.1532423598488808,2.820906057648829,0.0,0.4235934972729763,1.7167582525316918,0
44,Bear_public_Valorie,2016-09-03 20:00:00,0,normal,263.25,263.25,306.94266,2.2292134814073394,0.172319280227938,1.1211063993228474,2.5715532636076106,0.0,1.179194820777976,1.7167582525316918,0
44,Bear_public_Valorie,2016-09-03 21:00:00,0,normal,259.25,259.25,274.60583,0.0,3.80250769336753,0.6925235291914124,2.2327313810904688,0.0,0.5798291627681768,1.7167582525316918,0
44,Bear_public_Valorie,2016-09-03 22:00:00,0,normal,124.5,124.5,214.8637,5.919843388773139,10.0,0.4812423789529999,2.110080069863568,10.0,2.6228422583024,1.7167582525316918,1
44,Bear_public_Valorie,2016-09-03 23:00:00,0,normal,57.0,57.0,138.2907,5.20237317644006,0.76642688137182,0.0,0.0,1.4436007601207923,1.073936053923385,1.7167582525316918,0
44,Bear_public_Valorie,2016-09-04 00:00:00,0,normal,58.25,58.25,141.4212,4.145043141591625,1.448977885246308,0.0,0.0,0.0,0.761606996909692,1.7167582525316918,0
44,Bear_public_Valorie,2016-09-04 01:00:00,0,normal,57.0,57.0,119.32117,2.773999737695689,2.07901815710735,0.0,0.0,0.0,0.5374254080244292,1.7167582525316918,0
44,Bear_public_Valorie,2016-09-04 02:00:00,0,normal,57.5,57.5,101.12155,1.5443623551276633,1.7950280664372418,1.4265651658257503,0.0,0.0,1.3137347298862974,1.7167582525316918,0
44,Bear_public_Valorie,2016-09-04 03:00:00,0,normal,56.75,56.75,100.616356,2.942843837449778,2.134122899514285,1.4554818528010267,0.0,0.0,1.5871880410022867,1.7167582525316918,0
44,Bear_public_Valorie,2016-09-04 04:00:00,0,normal,65.25,65.25,123.4613,4.643197319821847,2.7403817833998225,1.5154592718815836,0.7150889692862272,0.0,1.9418905658709271,1.7167582525316918,1
44,Bear_public_Valorie,2016-09-04 05:00:00,0,normal,74.0,74.0,114.15969,2.503480732859601,3.622768309361972,0.8081962174077361,4.712047292658408,0.0,1.0944156881698943,1.7167582525316918,0
44,Bear_public_Valorie,2016-09-04 06:00:00,0,normal,77.25,77.25,103.544785,1.332130411980897,1.6779683558351068,0.4233061210551889,3.451058754931453,0.0,0.5713863157311668,1.7167582525316918,0
44,Bear_public_Valorie,2016-09-04 07:00:00,0,normal,78.75,78.75,133.6853,4.143448143051543,4.971565680353754,0.6555856980528788,2.933187533583689,0.0038148421480328,1.3086840398946822,1.7167582525316918,0
44,Bear_public_Valorie,2016-09-04 08:00:00,0,normal,79.0,79.0,148.4205,5.5652973026030725,2.181052929175061,1.1468018603275942,2.827346519102974,0.5980759431740952,1.89102224773164,1.7167582525316918,1
44,Bear_public_Valorie,2016-09-04 09:00:00,0,normal,79.5,79.5,110.26355,1.770778865383564,6.946158099149276,1.4095100320980989,3.035271066933062,1.79199733176873,1.6493970095663977,1.7167582525316918,0
44,Bear_public_Valorie,2016-09-04 10:00:00,0,normal,174.0,174.0,119.740524,3.679555210014789,3.158963870604183,1.518984726983207,3.915659398624777,8.085167789990027,2.594702346404941,1.7167582525316918,1
44,Bear_public_Valorie,2016-09-04 11:00:00,0,normal,178.0,178.0,183.46695,0.0,6.715273890605657,0.0,0.2001409749699407,4.472110661771721,0.6150929134423136,1.7167582525316918,0
44,Bear_public_Valorie,2016-09-04 12:00:00,0,normal,254.5,254.5,218.29141,2.2128634842782637,3.7696714879249416,0.0,0.0,2.7784858735131124,0.759341484298131,1.7167582525316918,0
44,Bear_public_Valorie,2016-09-04 13:00:00,0,normal,284.75,284.75,280.45648,0.0,3.7696714879249416,0.0,0.0,0.9872731632910576,0.1929691035272292,1.7167582525316918,0
44,Bear_public_Valorie,2016-09-04 14:00:00,0,normal,290.0,290.0,296.63748,0.0,0.0,0.0,0.0,0.1649916103056761,0.0164991610305676,1.7167582525316918,0
44,Bear_public_Valorie,2016-09-04 15:00:00,0,normal,286.5,286.5,288.94766,0.0,0.0,0.0,0.0,0.0,0.0,1.7167582525316918,0
44,Bear_public_Valorie,2016-09-04 16:00:00,0,normal,287.5,287.5,279.80774,0.0,0.0,1.077034847606048,0.0,0.0,0.7539243933242336,1.7167582525316918,0
44,Bear_public_Valorie,2016-09-04 17:00:00,0,normal,285.0,285.0,262.1796,0.8927000780346184,1.1183464459092638,1.2259468324454883,0.0068364807365532,0.0,1.0423439575156317,1.7167582525316918,0
44,Bear_public_Valorie,2016-09-04 18:00:00,0,normal,282.5,282.5,258.0688,0.0538963498738513,1.0101047377858925,1.3305944277889992,2.062674019967637,0.0,0.9661005791248706,1.7167582525316918,0
44,Bear_public_Valorie,2016-09-04 19:00:00,0,normal,282.5,282.5,252.80783,1.1220895464060536,1.470794709187512,1.1096490863450077,5.012719701602687,0.0,1.0098898987922524,1.7167582525316918,0
44,Bear_public_Valorie,2016-09-04 20:00:00,0,normal,275.25,275.25,258.3204,0.1128568664604655,1.352382478264471,1.2977631324805494,4.84569232512918,0.1788265490142869,0.9798763612250064,1.7167582525316918,0
44,Bear_public_Valorie,2016-09-04 21:00:00,0,normal,264.5,264.5,235.12354,1.401171518666201,1.912871443743259,0.867906951392778,4.240132426050289,0.886559597948787,0.98921762762999,1.7167582525316918,0
44,Bear_public_Valorie,2016-09-04 22:00:00,0,normal,256.5,256.5,181.43182,5.434327779877302,7.425421829478935,0.3775632411830745,3.029404472438985,3.0246418735747707,1.7034013634011305,1.7167582525316918,0
44,Bear_public_Valorie,2016-09-04 23:00:00,0,normal,251.0,251.0,153.33109,6.497522215000711,1.4607555418848008,0.3585857715193066,2.417656161456313,4.70727466347712,1.8953227825834715,1.7167582525316918,1
44,Bear_public_Valorie,2016-09-05 00:00:00,0,normal,243.5,243.5,163.35046,7.24360760899482,0.8238956366493116,0.5705047558923577,2.0648124687796785,10.0,2.687582051614977,1.7167582525316918,1
44,Bear_public_Valorie,2016-09-05 01:00:00,0,normal,243.25,243.25,140.02687,9.978595909542902,4.818270921818442,0.5787172389561374,1.817225352482968,8.982227601827141,3.17003588466748,1.7167582525316918,1
44,Bear_public_Valorie,2016-09-05 02:00:00,0,normal,242.25,242.25,118.40298,9.561976795456928,0.1622183061848346,0.8007175751254386,2.0772263904236814,7.886371909116408,3.026540890359032,1.7167582525316918,1
44,Bear_public_Valorie,2016-09-05 03:00:00,0,normal,242.75,242.75,103.45567,10.0,2.108941980132409,1.438806856678008,2.668668068868195,7.306577933474191,3.540546142525335,1.7167582525316918,1
44,Bear_public_Valorie,2016-09-05 04:00:00,0,normal,243.25,243.25,105.61469,10.0,0.0,1.4698380843382772,3.3974234646397665,6.859666770310832,3.4648533360678777,1.7167582525316918,1
44,Bear_public_Valorie,2016-09-05 05:00:00,0,normal,242.75,242.75,126.928444,8.841926107535343,3.2561051696042496,1.4607053549023463,4.313745272366362,6.73435602662501,3.324669049152935,1.7167582525316918,1
44,Bear_public_Valorie,2016-09-05 06:00:00,0,normal,240.75,240.75,151.59799,7.215814802451673,2.591278920157625,1.5126628190955478,6.141055580778469,6.763557288492511,3.0627692656491186,1.7167582525316918,1
44,Bear_public_Valorie,2016-09-05 07:00:00,0,normal,242.25,242.25,189.90045,3.701282958996239,6.383852354296387,1.1935808666200816,5.641218741778747,6.906605986076795,2.3334880319234883,1.7167582525316918,1
44,Bear_public_Valorie,2016-09-05 08:00:00,0,normal,243.5,243.5,221.2845,0.9317128901443202,4.887722557780716,1.2276140849639088,5.592434022937426,7.833703918433537,1.927943071037864,1.7167582525316918,1
44,Bear_public_Valorie,2016-09-05 09:00:00,0,normal,247.5,247.5,232.22206,0.1575978630313774,0.8801884166604843,1.0341319255505257,5.249179267291118,9.31353428106484,1.7048301124388558,1.7167582525316918,0
44,Bear_public_Valorie,2016-09-05 10:00:00,0,normal,259.25,259.25,248.97758,0.0,0.0,0.3607044449177049,3.2231522965045696,9.555061821067875,1.207999293549182,1.7167582525316918,0
44,Bear_public_Valorie,2016-09-05 11:00:00,0,normal,262.25,262.25,261.8466,0.0,0.0,0.0,0.700893976673829,7.144745468411749,0.7144745468411755,1.7167582525316918,0
44,Bear_public_Valorie,2016-09-05 12:00:00,0,normal,263.25,263.25,272.15988,0.0,0.0,0.0,0.0,3.3593053823313976,0.33593053823314,1.7167582525316918,0
44,Bear_public_Valorie,2016-09-05 13:00:00,0,normal,263.5,263.5,282.5973,0.5255764242764613,0.3810406456410403,0.2048657107973861,0.0,2.379279073636177,0.4828357953111949,1.7167582525316918,0
44,Bear_public_Valorie,2016-09-05 14:00:00,0,normal,263.0,263.0,291.5224,1.4549545624085505,1.192008129583468,0.9195308582634256,0.0,1.7116678100076703,1.0992556334462482,1.7167582525316918,0
44,Bear_public_Valorie,2016-09-05 15:00:00,0,normal,263.0,263.0,292.79596,1.5805359550317308,0.0,1.28150739575723,0.2233055029306989,1.236277647875071,1.297276733948121,1.7167582525316918,0
44,Bear_public_Valorie,2016-09-05 16:00:00,0,normal,262.2262,262.2262,279.83362,0.3786652084574007,1.7392634716950726,1.2167510046419057,2.5955216657265274,0.923249709220912,1.053798672443847,1.7167582525316918,0
44,Bear_public_Valorie,2016-09-05 17:00:00,0,normal,263.7467,263.7467,271.00037,0.0,0.0859943024293737,1.0057319307757395,4.498162620668616,0.6618824758795545,0.7723504566917075,1.7167582525316918,0
44,Bear_public_Valorie,2016-09-05 18:00:00,0,normal,265.5,265.5,263.3498,0.0,0.0,0.6595005882004393,4.351630056945444,0.493439486832168,0.5109943604235243,1.7167582525316918,0
44,Bear_public_Valorie,2016-09-05 19:00:00,0,normal,266.0,266.0,249.54044,0.0,0.0,0.0646293968057328,2.784740065792265,0.5819639847031969,0.1034369762343327,1.7167582525316918,0
44,Bear_public_Valorie,2016-09-05 20:00:00,0,normal,263.25,263.25,227.89883,1.5695889791542588,2.4777633830196697,0.2210848322227206,1.940369127729988,0.8429952546021068,0.5756810639436022,1.7167582525316918,0
44,Bear_public_Valorie,2016-09-05 21:00:00,0,normal,259.0,259.0,204.97981,3.045888965864892,2.290408211197443,0.0153126305750752,1.830916334829268,2.165061010283569,0.8175157167372019,1.7167582525316918,0
44,Bear_public_Valorie,2016-09-05 22:00:00,0,normal,248.5,248.5,199.30418,3.1506034807474554,0.0,0.0,0.8033312246938548,7.042307720348289,1.255586381165634,1.7167582525316918,0
44,Bear_public_Valorie,2016-09-05 23:00:00,0,normal,249.25,249.25,165.3885,6.210504274626415,5.470802741711141,0.0,0.0,2.351461817702487,1.45875449837265,1.7167582525316918,0
44,Bear_public_Valorie,2016-09-06 00:00:00,0,normal,248.25,248.25,168.56213,5.599985355890503,0.5516332871477647,0.0,0.0,1.2809326073041527,1.1218815301899476,1.7167582525316918,0
44,Bear_public_Valorie,2016-09-06 01:00:00,0,normal,244.5,244.5,145.81316,7.304587352618103,2.7489142063172496,0.7111229684265898,0.0,0.639155103655153,1.9087272301302276,1.7167582525316918,1
44,Bear_public_Valorie,2016-09-06 02:00:00,0,normal,125.75,125.75,128.62912,0.0,10.0,0.0,0.0,0.1065399181955835,0.260653991819558,1.7167582525316918,0
44,Bear_public_Valorie,2016-09-06 03:00:00,0,normal,75.75,75.75,77.09741,0.0,0.0,0.0,0.0,0.0,0.0,1.7167582525316918,0
44,Bear_public_Valorie,2016-09-06 04:00:00,0,normal,85.0,85.0,69.379425,0.0,0.0,0.0,0.0,0.0,0.0,1.7167582525316918,0
44,Bear_public_Valorie,2016-09-06 05:00:00,0,normal,93.25,93.25,85.90322,0.0,0.0,0.0,0.0,0.0,0.0,1.7167582525316918,0
44,Bear_public_Valorie,2016-09-06 06:00:00,0,normal,167.0,167.0,116.18777,3.5544736462997792,6.464068713577081,0.0482137836401574,0.0,0.0,0.8173842544899984,1.7167582525316918,0
44,Bear_public_Valorie,2016-09-06 07:00:00,0,normal,186.25,186.25,171.38434,0.1216767450833975,6.219701539222127,0.0,0.0,0.0,0.1767859688701475,1.7167582525316918,0
44,Bear_public_Valorie,2016-09-06 08:00:00,0,normal,219.5,219.5,217.30429,0.0,0.0,0.0,0.0,0.0,0.0,1.7167582525316918,0
44,Bear_public_Valorie,2016-09-06 09:00:00,0,normal,280.0,280.0,252.616,0.7184107302358752,0.7683157525951481,0.0,0.0,0.0,0.1449297716061568,1.7167582525316918,0
44,Bear_public_Valorie,2016-09-06 10:00:00,0,normal,286.75,286.75,284.03955,0.0,0.7683157525951481,0.0,0.0,0.0,0.0192078938148786,1.7167582525316918,0
44,Bear_public_Valorie,2016-09-06 11:00:00,0,normal,294.75,294.75,301.01013,0.0,0.0,0.0,0.0,0.0,0.0,1.7167582525316918,0
44,Bear_public_Valorie,2016-09-06 12:00:00,0,normal,292.75,292.75,301.73077,0.0,0.0,0.2196486065767518,0.0,0.0,0.1537540246037263,1.7167582525316918,0
44,Bear_public_Valorie,2016-09-06 13:00:00,0,normal,293.2383,293.2383,298.30966,0.0,0.0,0.6260810925274876,0.0,0.0,0.4382567647692412,1.7167582525316918,0
44,Bear_public_Valorie,2016-09-06 14:00:00,0,normal,290.5298,290.5298,304.39737,0.0098913961818086,0.0,1.2796067911237998,0.0574496884134553,0.0,0.8974557481184764,1.7167582525316918,0
44,Bear_public_Valorie,2016-09-06 15:00:00,0,normal,293.25,293.25,299.45074,0.0,0.0,1.1778474980057898,3.1161889365758206,0.0,0.8244932486040528,1.7167582525316918,0
44,Bear_public_Valorie,2016-09-06 16:00:00,0,normal,290.25,290.25,302.84622,0.0,0.0,1.1520339970168978,4.340831553906463,0.0,0.8064237979118284,1.7167582525316918,0
44,Bear_public_Valorie,2016-09-06 17:00:00,0,normal,288.25,288.25,294.70612,0.0,0.0,1.1345811449591734,5.068239884708998,0.0,0.7942068014714213,1.7167582525316918,0
44,Bear_public_Valorie,2016-09-06 18:00:00,0,normal,284.75,284.75,280.12756,0.0,0.0,0.9511843187356764,4.880791355619266,0.9541693791745118,0.7612459610324247,1.7167582525316918,0
44,Bear_public_Valorie,2016-09-06 19:00:00,0,normal,256.5,256.5,264.8645,0.0,0.0,0.9023429082812088,4.183835401820133,2.207401981608661,0.8523802339577125,1.7167582525316918,0
44,Bear_public_Valorie,2016-09-06 20:00:00,0,normal,155.5,155.5,238.3654,3.473205481438105,6.300855341961592,0.0,1.353351564079749,4.655020489372177,1.230834391737926,1.7167582525316918,0
44,Bear_public_Valorie,2016-09-06 21:00:00,0,normal,225.0,225.0,207.78064,0.0,6.300855341961592,0.0,0.0,1.7371278355434443,0.3312341671033841,1.7167582525316918,0
44,Bear_public_Valorie,2016-09-06 22:00:00,0,normal,276.5,276.5,215.22945,3.619229967150085,6.594120837645374,0.0,0.0,1.4526361461308517,0.9434818798054844,1.7167582525316918,0
44,Bear_public_Valorie,2016-09-06 23:00:00,0,normal,274.75,274.75,229.42484,2.3583081169943,1.8578576312844948,0.0,0.0,1.5092591877712678,0.6100762800332418,1.7167582525316918,0
44,Bear_public_Valorie,2016-09-07 00:00:00,0,normal,272.75,272.75,252.95767,0.0,4.061772446884284,0.0,0.0,1.60688827263483,0.2622331384355901,1.7167582525316918,0
44,Bear_public_Valorie,2016-09-07 01:00:00,0,normal,267.5,267.5,238.6817,0.5709394787550869,0.4721446724249065,1.1044565067101972,0.0,1.7033768426924776,1.0551752645591488,1.7167582525316918,0
44,Bear_public_Valorie,2016-09-07 02:00:00,0,normal,116.5,116.5,173.31729,4.477960474320656,7.172100470239883,0.7563640657088769,0.0,1.8171001771107975,1.674110458469405,1.7167582525316918,0
44,Bear_public_Valorie,2016-09-07 03:00:00,0,normal,57.75,57.75,112.647125,4.250356929607879,0.0,0.0,0.0,0.4036823347285303,0.7841806961542318,1.7167582525316918,0
44,Bear_public_Valorie,2016-09-07 04:00:00,0,normal,66.5,66.5,86.77659,0.1466717105305597,7.567067319191488,0.0,0.0,0.0,0.2148442323226349,1.7167582525316918,0
44,Bear_public_Valorie,2016-09-07 05:00:00,0,normal,84.0,84.0,102.300125,0.0,0.0,0.0,0.0,0.0,0.0,1.7167582525316918,0
44,Bear_public_Valorie,2016-09-07 06:00:00,0,normal,178.0,178.0,147.0448,1.7895910299465452,2.919600313055544,0.0,0.0,0.0,0.3861684380670339,1.7167582525316918,0
44,Bear_public_Valorie,2016-09-07 07:00:00,0,normal,198.25,198.25,191.01453,0.0,2.919600313055544,0.0,0.0,0.0,0.0729900078263885,1.7167582525316918,0
44,Bear_public_Valorie,2016-09-07 08:00:00,0,normal,236.25,236.25,238.07716,0.0,0.0,0.0,0.0,0.0,0.0,1.7167582525316918,0
44,Bear_public_Valorie,2016-09-07 09:00:00,0,normal,282.25,282.25,279.62674,0.0,0.0,0.0,0.0,0.0,0.0,1.7167582525316918,0
44,Bear_public_Valorie,2016-09-07 10:00:00,0,normal,282.5,282.5,315.82947,1.1830943845183317,1.7015543224476548,0.0,0.0,0.0,0.2495803753518993,1.7167582525316918,0
44,Bear_public_Valorie,2016-09-07 11:00:00,0,normal,288.0,288.0,326.02148,1.5498114349318863,0.0619984467059166,0.0,0.0,0.0,0.272766962280728,1.7167582525316918,0
44,Bear_public_Valorie,2016-09-07 12:00:00,0,normal,285.25,285.25,317.05444,1.7785857435417949,0.0,0.8651688100198689,0.0,0.0,0.9168706721337222,1.7167582525316918,0
44,Bear_public_Valorie,2016-09-07 13:00:00,0,normal,281.75,281.75,310.14337,1.4422315170713795,0.0010198473249389,0.9516383844414292,0.0,0.0,0.9185628807796152,1.7167582525316918,0
44,Bear_public_Valorie,2016-09-07 14:00:00,0,normal,281.75,281.75,309.74255,1.4027082253357126,0.0,0.8810717198198982,0.8541487057621984,0.0,0.8622241433076783,1.7167582525316918,0
44,Bear_public_Valorie,2016-09-07 15:00:00,0,normal,282.0,282.0,314.04822,1.8026235122630152,0.1286714929389637,1.090617392851026,4.687325922769716,0.0,1.08210807696522,1.7167582525316918,0
44,Bear_public_Valorie,2016-09-07 16:00:00,0,normal,284.25,284.25,314.398,1.6152504893291764,0.0,1.5598258569252097,4.66414761384707,0.0,1.3745469354802524,1.7167582525316918,0
44,Bear_public_Valorie,2016-09-07 17:00:00,0,normal,278.75,278.75,311.00275,1.8227914048480955,0.0,1.2308121813207982,4.685434742919575,0.1146661830378969,1.192023641076765,1.7167582525316918,0
44,Bear_public_Valorie,2016-09-07 18:00:00,0,normal,278.5,278.5,308.2197,0.363354860895226,2.256540837002095,0.93915170822634,4.823964840921755,2.097980432054409,0.9872048605455958,1.7167582525316918,0
44,Bear_public_Valorie,2016-09-07 19:00:00,0,normal,281.0,281.0,284.94077,0.0,0.0552460574003295,0.8515859414830657,4.875033719621124,3.855143871163944,0.9830056975895488,1.7167582525316918,0
44,Bear_public_Valorie,2016-09-07 20:00:00,1,persistent_shift,286.0,94.32225040392473,249.47739,7.703279552173171,10.0,1.2310999731283836,4.89618851706535,8.41221664809218,3.301065567629392,1.7167582525316918,1
44,Bear_public_Valorie,2016-09-07 21:00:00,1,persistent_shift,280.25,88.57225040392473,202.70941,5.3030898900513534,4.145884450648161,0.0,0.0,0.8066266152395816,1.112350503549149,1.7167582525316918,0
44,Bear_public_Valorie,2016-09-07 22:00:00,1,persistent_shift,278.25,86.57225040392473,184.00348,4.325532931009032,1.2887671472701878,0.0,0.0,0.0,0.7891874416083351,1.7167582525316918,0
44,Bear_public_Valorie,2016-09-07 23:00:00,1,persistent_shift,278.25,86.57225040392473,193.94916,4.907509864537023,0.4943115345732692,0.8146913550456406,0.0,0.0,1.441455963190259,1.7167582525316918,0
44,Bear_public_Valorie,2016-09-08 00:00:00,1,persistent_shift,273.25,81.57225040392473,187.95177,5.671160575564695,0.8591726066833039,1.3298299378241305,0.0,0.0,1.9448133723677952,1.7167582525316918,1
44,Bear_public_Valorie,2016-09-08 01:00:00,1,persistent_shift,256.25,64.57225040392473,156.69336,4.733565307249706,1.2085108465383472,1.015399009212282,0.0,0.0,1.5693660063807544,1.7167582525316918,0
44,Bear_public_Valorie,2016-09-08 02:00:00,1,persistent_shift,150.75,0.01,92.22934,4.7400246942407085,0.0,0.1640450294424021,2.5198437387227224,0.0,0.9443358421018054,1.7167582525316918,0
44,Bear_public_Valorie,2016-09-08 03:00:00,1,persistent_shift,41.5,0.01,64.13578,2.8926663503489984,3.035616198171306,0.0,0.3924429629701487,0.0,0.5821070162653572,1.7167582525316918,0
44,Bear_public_Valorie,2016-09-08 04:00:00,1,persistent_shift,47.25,0.01,69.5208,3.2467708880761417,0.0366683469848735,0.0,0.1574124107681518,0.0,0.5691016140879466,1.7167582525316918,0
44,Bear_public_Valorie,2016-09-08 05:00:00,1,persistent_shift,63.75,0.01,98.290565,9.392737693358162,10.0,1.6039571270742827,0.1714702178223606,0.0,3.016499085289676,1.7167582525316918,1
44,Bear_public_Valorie,2016-09-08 06:00:00,1,persistent_shift,153.5,0.01,127.95436,10.0,3.175859312876182,1.6039571270742827,0.4062528366128655,0.0138446458191157,2.953550936355813,1.7167582525316918,1
44,Bear_public_Valorie,2016-09-08 07:00:00,1,persistent_shift,189.5,0.01,160.9512,10.0,5.830350662303959,1.6039571270742827,1.097365380130321,0.8529226758519748,3.1038210230947936,1.7167582525316918,1
44,Bear_public_Valorie,2016-09-08 08:00:00,0,normal,205.0,205.0,182.18723,0.8383655415918817,10.0,1.6039571270742827,6.590377803524825,3.774075505211218,1.896891509251699,1.7167582525316918,1
44,Bear_public_Valorie,2016-09-08 09:00:00,0,normal,264.5,264.5,233.25891,1.599858431255013,0.8548389872291148,0.0,0.0,1.927724874279651,0.4941186875783203,1.7167582525316918,0
44,Bear_public_Valorie,2016-09-08 10:00:00,0,normal,272.0,272.0,287.33588,0.0,2.538554460838723,0.0,0.0,0.5863779351385426,0.1221016550348223,1.7167582525316918,0
44,Bear_public_Valorie,2016-09-08 11:00:00,0,normal,277.5,277.5,320.388,1.930166959304548,3.2019233043222117,0.0,0.0,0.0,0.4178273004863509,1.7167582525316918,0
44,Bear_public_Valorie,2016-09-08 12:00:00,0,normal,279.25,279.25,326.1648,3.2685662960643467,2.013458066392862,0.7181295658283975,0.0,0.0,1.1250262495509604,1.7167582525316918,0
44,Bear_public_Valorie,2016-09-08 13:00:00,0,normal,283.0,283.0,330.35968,3.3124349230570798,0.0,1.013259868062451,0.0,0.0,1.2889580191787045,1.7167582525316918,0
44,Bear_public_Valorie,2016-09-08 14:00:00,0,normal,282.5,282.5,331.4547,3.4697155965652544,0.0,1.1409893719540662,0.9340176108512688,0.0,1.405892789766766,1.7167582525316918,0
44,Bear_public_Valorie,2016-09-08 15:00:00,0,normal,279.0,279.0,329.64395,3.636285778341132,0.0,1.2530499414885186,3.7234854771820585,0.0,1.5134849702516608,1.7167582525316918,0
44,Bear_public_Valorie,2016-09-08 16:00:00,0,normal,278.0,278.0,326.33524,3.4086311364660995,0.0,1.231192243636529,4.68404050093022,0.0,1.4583450194271377,1.7167582525316918,0
44,Bear_public_Valorie,2016-09-08 17:00:00,0,normal,284.25,284.25,313.98364,1.57439109727901,3.0092703006803907,1.2033863243635394,5.357884575096095,0.0,1.1931206265953138,1.7167582525316918,0
44,Bear_public_Valorie,2016-09-08 18:00:00,0,normal,286.5,286.5,332.81866,1.3346527553409977,0.0,1.0671287820661768,5.252830247536724,0.0,0.9805543796309985,1.7167582525316918,0
44,Bear_public_Valorie,2016-09-08 19:00:00,0,normal,270.25,270.25,313.6601,2.206869158101928,1.077208446667053,0.9398525468589058,4.988624889947992,0.853403568234573,1.156369453459205,1.7167582525316918,0
44,Bear_public_Valorie,2016-09-08 20:00:00,0,normal,269.5,269.5,266.91547,0.0,3.75763289707614,0.5221469184160691,4.089178249330407,8.23601615206456,1.2830452805246084,1.7167582525316918,0
44,Bear_public_Valorie,2016-09-08 21:00:00,0,normal,259.75,259.75,248.3604,0.0,0.0,0.4700991080152529,3.763807733771847,10.0,1.329069375610678,1.7167582525316918,0
44,Bear_public_Valorie,2016-09-08 22:00:00,0,normal,250.5,250.5,237.96628,0.0,0.0,0.789052043460048,3.054397132699568,10.0,1.5523364304220344,1.7167582525316918,0
44,Bear_public_Valorie,2016-09-08 23:00:00,0,normal,244.0,244.0,229.97939,0.0457277953443161,0.0,0.4778225006769968,2.4073286703489902,10.0,1.342478114659154,1.7167582525316918,0
44,Bear_public_Valorie,2016-09-09 00:00:00,0,normal,236.75,236.75,190.03728,3.280232993751026,5.821466173208518,0.5956517261139338,2.1882118975942397,10.0,2.136533636516397,1.7167582525316918,1
44,Bear_public_Valorie,2016-09-09 01:00:00,0,normal,233.75,233.75,179.93556,4.122022461115387,1.016101090269212,0.6774769212932943,2.3887345805718674,10.0,2.220990302857229,1.7167582525316918,1
44,Bear_public_Valorie,2016-09-09 02:00:00,0,normal,140.0,140.0,162.91223,0.4590830779532046,6.681903811099015,0.8232821010100343,2.334491242591496,9.054764724559137,1.729161077082224,1.7167582525316918,1
44,Bear_public_Valorie,2016-09-09 03:00:00,0,normal,42.0,42.0,108.79154,5.660240974012827,9.77115567495837,0.0,0.1578194432097126,3.7106210285557686,1.6058831651817806,1.7167582525316918,0
44,Bear_public_Valorie,2016-09-09 04:00:00,0,normal,46.5,46.5,97.76501,3.819830102176748,3.0216633749429995,0.0,0.0,0.8690144760145013,0.8309132998559559,1.7167582525316918,0
44,Bear_public_Valorie,2016-09-09 05:00:00,0,normal,61.75,61.75,114.14518,3.953793164368748,0.0,0.0,0.0,0.0635127593044317,0.698265079694974,1.7167582525316918,0
44,Bear_public_Valorie,2016-09-09 06:00:00,0,normal,140.75,140.75,130.94238,0.0,7.266034464948993,0.2698026666493837,0.0,0.0,0.3705127282782932,1.7167582525316918,0
44,Bear_public_Valorie,2016-09-09 07:00:00,0,normal,159.75,159.75,171.7067,0.0,0.0,0.0,0.0,0.0,0.0,1.7167582525316918,0
44,Bear_public_Valorie,2016-09-09 08:00:00,0,normal,178.0,178.0,203.49533,1.2536570252015755,1.8432674584044857,0.0,0.0,0.0,0.2654716658703878,1.7167582525316918,0
44,Bear_public_Valorie,2016-09-09 09:00:00,0,normal,248.25,248.25,231.30539,0.4143289377968446,1.0111578246901036,0.0,0.0,0.0,0.0977865097317003,1.7167582525316918,0
44,Bear_public_Valorie,2016-09-09 10:00:00,0,normal,262.0,262.0,269.2182,0.0,0.1576188742377866,0.0,0.0,0.0,0.0039404718559446,1.7167582525316918,0
44,Bear_public_Valorie,2016-09-09 11:00:00,0,normal,276.0,276.0,290.5844,0.0949381145927217,0.0,0.0,0.0,0.0,0.0166141700537263,1.7167582525316918,0
44,Bear_public_Valorie,2016-09-09 12:00:00,0,normal,278.0,278.0,298.97623,0.7108520104553314,0.5624681867438807,0.0,0.0,0.0,0.13846080649828,1.7167582525316918,0
44,Bear_public_Valorie,2016-09-09 13:00:00,0,normal,276.5,276.5,301.6736,1.124742184455913,0.1567376913212921,0.2273675754094153,0.0,0.0,0.3599056273494077,1.7167582525316918,0
44,Bear_public_Valorie,2016-09-09 14:00:00,0,normal,280.5,280.5,300.06802,0.571993873265548,0.4356107873923821,1.3197295655058603,0.0,0.0,1.0347998933603826,1.7167582525316918,0
44,Bear_public_Valorie,2016-09-09 15:00:00,0,normal,279.25,279.25,293.5362,0.0511705355808701,0.371494874679609,1.0986458646514077,1.709731448800546,0.0,0.7872943208496278,1.7167582525316918,0
44,Bear_public_Valorie,2016-09-09 16:00:00,0,normal,282.75,282.75,278.9439,0.0,0.0,1.0934179702588185,2.965278219166068,0.0,0.7653925791811728,1.7167582525316918,0
44,Bear_public_Valorie,2016-09-09 17:00:00,0,normal,274.25,274.25,266.88547,0.0,0.0,1.151511164976798,4.706907006814173,0.0,0.8060578154837585,1.7167582525316918,0
44,Bear_public_Valorie,2016-09-09 18:00:00,0,normal,269.75,269.75,248.23221,0.0,0.0,0.7089240674859638,4.454515941612353,0.8361972496167853,0.5798665722018532,1.7167582525316918,0
44,Bear_public_Valorie,2016-09-09 19:00:00,0,normal,258.25,258.25,236.8145,0.4691726850026749,0.2677632697551087,0.4162511705346942,3.659704092928647,1.7613675083706466,0.5563118718306966,1.7167582525316918,0
44,Bear_public_Valorie,2016-09-09 20:00:00,0,normal,247.5,247.5,217.78859,1.1236111033608072,0.6398381780199641,0.2552465704286544,2.337872174321215,3.5476291946760004,0.7460634163062987,1.7167582525316918,0
44,Bear_public_Valorie,2016-09-09 21:00:00,0,normal,236.5,236.5,193.13892,2.635578208362656,2.362039589142623,0.0355739547794187,1.5452218655755394,9.130084914804746,1.4581874360180989,1.7167582525316918,0
44,Bear_public_Valorie,2016-09-09 22:00:00,0,normal,136.75,136.75,182.4752,2.844256479155022,0.0,0.0482625331809012,1.0494249587842248,7.914551346164082,1.3229837916951686,1.7167582525316918,0
44,Bear_public_Valorie,2016-09-09 23:00:00,0,normal,41.0,41.0,145.70851,8.050647004833626,9.781664527028338,0.0,0.0,1.8632912274242148,1.8397339617640145,1.7167582525316918,1
44,Bear_public_Valorie,2016-09-10 00:00:00,0,normal,40.75,40.75,107.20988,5.6209276344715295,4.205189877969193,0.0,0.0,0.0,1.0887920829817472,1.7167582525316918,0
44,Bear_public_Valorie,2016-09-10 01:00:00,0,normal,40.75,40.75,71.52998,1.391673409551638,7.819251441336426,0.0,0.0,0.0,0.439024132704947,1.7167582525316918,0
44,Bear_public_Valorie,2016-09-10 02:00:00,1,gradual_drift,40.0,40.0,64.13578,0.6041143211041193,0.90718854127701,1.5684014959181154,0.0,0.0,1.2262807668678268,1.7167582525316918,0
44,Bear_public_Valorie,2016-09-10 03:00:00,1,gradual_drift,41.0,49.94845655079303,64.13578,0.0,0.5387707354326544,1.5040565808734532,0.0,0.0,1.0663088749972336,1.7167582525316918,0
44,Bear_public_Valorie,2016-09-10 04:00:00,1,gradual_drift,47.0,64.89691310158605,64.13578,0.0,0.0,0.6936359487790402,0.1847444253303551,0.0,0.4855451641453281,1.7167582525316918,0
44,Bear_public_Valorie,2016-09-10 05:00:00,1,gradual_drift,65.75,92.59536965237908,64.13578,1.1166295116045366,1.5680708603721931,0.1239607489803331,2.6467499384695614,0.0,0.3213844603263318,1.7167582525316918,0
44,Bear_public_Valorie,2016-09-10 06:00:00,1,gradual_drift,113.5,149.2938262031721,71.79353,6.358399579149021,9.852718356334934,0.0,1.144457039690789,0.0,1.3590378852594516,1.7167582525316918,0
44,Bear_public_Valorie,2016-09-10 07:00:00,1,gradual_drift,126.5,171.24228275396513,120.41412,3.740296031299299,4.583527654134065,0.0,0.0286572221767456,0.0,0.7691399968307289,1.7167582525316918,0
44,Bear_public_Valorie,2016-09-10 08:00:00,1,gradual_drift,158.75,212.44073930475813,168.80429,3.034366633167465,0.7432491068991317,0.0,0.0,0.2226811500190887,0.5718635034786934,1.7167582525316918,0
44,Bear_public_Valorie,2016-09-10 09:00:00,1,gradual_drift,239.75,302.3891958555512,219.29211,6.285014771136662,5.853886538529468,0.0,0.0,0.4584535231340793,1.2920701007255602,1.7167582525316918,0
44,Bear_public_Valorie,2016-09-10 10:00:00,1,gradual_drift,249.75,321.3376524063442,268.04526,3.5921800614392017,4.733612560206118,0.0,0.0,0.0173970664164789,0.748711531398661,1.7167582525316918,0
44,Bear_public_Valorie,2016-09-10 11:00:00,1,gradual_drift,259.25,339.78610895713723,295.31174,2.7954772328236785,0.925552197753518,0.0,0.0,0.0,0.5123473206879816,1.7167582525316918,0
44,Bear_public_Valorie,2016-09-10 12:00:00,1,gradual_drift,268.0,357.48456550793026,310.0196,3.322817513540573,0.3845830531406899,0.0,0.0,0.0,0.5911076411981174,1.7167582525316918,0
44,Bear_public_Valorie,2016-09-10 13:00:00,1,gradual_drift,273.5,371.9330220587233,318.3592,3.925191191161964,0.5352749472346525,0.0,0.0,0.0,0.7002903321342099,1.7167582525316918,0
44,Bear_public_Valorie,2016-09-10 14:00:00,1,gradual_drift,273.75,381.1314786095163,312.0443,5.454908764094269,2.3976884034552577,0.0424145981765657,0.0,0.0,1.0442414625264744,1.7167582525316918,0
44,Bear_public_Valorie,2016-09-10 15:00:00,1,gradual_drift,274.75,391.0799351603093,305.73596,7.05793731869737,2.5449211177081024,0.2880918461701095,0.8237811055973563,0.0,1.5004263510338185,1.7167582525316918,0
44,Bear_public_Valorie,2016-09-10 16:00:00,1,gradual_drift,269.75,395.0283917111024,298.14105,8.196189536421109,1.6114964105267078,0.4715917157018853,1.145616206653061,0.0,1.8047347801281808,1.7167582525316918,1
44,Bear_public_Valorie,2016-09-10 17:00:00,1,gradual_drift,259.5,393.7268482618954,289.6255,8.907539648252595,0.7541356940515304,0.688313132469748,1.638408662006592,0.1084895586151259,2.0703409793858287,1.7167582525316918,1
44,Bear_public_Valorie,2016-09-10 18:00:00,1,gradual_drift,262.5,405.6753048126884,283.41803,5.778242875845719,5.610172833940684,1.2807874710813294,2.42420608676324,0.8207619016805725,2.130074244046505,1.7167582525316918,1
44,Bear_public_Valorie,2016-09-10 19:00:00,1,gradual_drift,255.5,407.62376136348144,281.05127,8.78314549486977,5.3603482043649775,0.7853761741616914,2.9660641911460965,1.6397225213532527,2.3847947407598427,1.7167582525316918,1
44,Bear_public_Valorie,2016-09-10 20:00:00,1,gradual_drift,244.25,405.32221791427446,289.87604,7.9033043393500115,1.092521473700713,0.7231392118676728,3.3961518038918284,3.1626305047713736,2.2328517950132785,1.7167582525316918,1
44,Bear_public_Valorie,2016-09-10 21:00:00,1,gradual_drift,240.5,410.5206744650675,272.50848,10.0,5.525269453752589,1.4144473320795334,4.014604940537214,6.191341096498002,3.497378978449288,1.7167582525316918,1
44,Bear_public_Valorie,2016-09-10 22:00:00,1,gradual_drift,134.5,313.4691310158605,228.07086,6.346153528555727,8.652543637636429,1.241343993810632,4.1382268889030405,7.792407504232652,2.975072004528871,1.7167582525316918,1
44,Bear_public_Valorie,2016-09-10 23:00:00,1,gradual_drift,42.75,230.6675875666536,168.77003,4.271771575547012,3.4915547411834624,0.0,0.8534307608026185,7.350992158806746,1.569948110130989,1.7167582525316918,0
44,Bear_public_Valorie,2016-09-11 00:00:00,1,gradual_drift,41.0,237.86604411744656,125.90305,6.038315113836981,2.873313321993884,0.0,0.0,3.5884439419481287,1.4873823721661317,1.7167582525316918,0
44,Bear_public_Valorie,2016-09-11 01:00:00,1,gradual_drift,40.75,246.5645006682396,87.49486,9.135924280743453,5.546533634742016,0.0,0.0,2.189616807668701,1.9564117707655249,1.7167582525316918,1
44,Bear_public_Valorie,2016-09-11 02:00:00,0,normal,40.0,40.0,71.4087,1.466197111511054,10.0,0.6092028151245529,0.0,1.3912202393838562,1.0721484890400068,1.7167582525316918,0
44,Bear_public_Valorie,2016-09-11 03:00:00,0,normal,40.6,40.6,64.13578,0.2235750304884426,1.821105638359661,0.0,0.0,0.0,0.0846532712944689,1.7167582525316918,0
44,Bear_public_Valorie,2016-09-11 04:00:00,0,normal,46.5,46.5,64.13578,0.0,0.0,0.0,0.0,0.0,0.0,1.7167582525316918,0
44,Bear_public_Valorie,2016-09-11 05:00:00,0,normal,59.25,59.25,71.62298,0.0,0.0,1.05776480113797,0.0,0.0,0.740435360796579,1.7167582525316918,0
44,Bear_public_Valorie,2016-09-11 06:00:00,0,normal,63.0,63.0,91.3202,1.3359577831890297,2.0085546187643426,0.5120803282603619,0.0,0.0,0.642462707309442,1.7167582525316918,0
44,Bear_public_Valorie,2016-09-11 07:00:00,0,normal,63.75,63.75,94.111565,1.5203939699697095,0.0,0.6007459696302156,0.0,0.0,0.6865911234858502,1.7167582525316918,0
44,Bear_public_Valorie,2016-09-11 08:00:00,0,normal,62.75,62.75,107.724464,2.8406602775756102,1.977040942530805,1.242720564731349,3.117673444636341,0.0,1.416445967450946,1.7167582525316918,0
44,Bear_public_Valorie,2016-09-11 09:00:00,0,normal,62.25,62.25,111.80624,3.254620483586998,0.1568783387768382,1.520813189881215,3.417338285373933,0.0,1.638049776013996,1.7167582525316918,0
44,Bear_public_Valorie,2016-09-11 10:00:00,0,normal,145.25,145.25,144.67043,0.0,5.861864323220517,1.4875540203983642,4.226482831007797,0.8020660563681553,1.2680410279961831,1.7167582525316918,0
44,Bear_public_Valorie,2016-09-11 11:00:00,0,normal,167.5,167.5,204.0277,1.433060325700105,2.203568661257422,0.0,1.0631029827889629,1.635541942539274,0.4694289677828814,1.7167582525316918,0
44,Bear_public_Valorie,2016-09-11 12:00:00,0,normal,225.0,225.0,261.22476,2.214458378797824,0.8948151432336968,0.0,0.4514563432938023,1.9890971356199352,0.6088103084324552,1.7167582525316918,0
44,Bear_public_Valorie,2016-09-11 13:00:00,0,normal,264.0,264.0,301.0044,2.2913353038755675,0.0,0.0,0.0,2.0443854858319623,0.6054222267614207,1.7167582525316918,0
44,Bear_public_Valorie,2016-09-11 14:00:00,0,normal,273.5,273.5,328.3586,4.051879179319205,2.861264013345504,0.0,0.0,1.7728780221310083,0.9578982589275994,1.7167582525316918,0
44,Bear_public_Valorie,2016-09-11 15:00:00,1,spike,272.0,708.0833581107577,322.7555,10.0,10.0,0.0,0.0,1.1218597287450365,2.1121859728745034,1.7167582525316918,1
44,Bear_public_Valorie,2016-09-11 16:00:00,0,normal,274.5,274.5,390.21375,10.0,10.0,0.0,0.0,0.0,2.0,1.7167582525316918,1
44,Bear_public_Valorie,2016-09-11 17:00:00,0,normal,265.0,265.0,363.39337,8.34469425893246,2.755544373314915,0.0,0.0,0.0,1.5292101046460531,1.7167582525316918,0
44,Bear_public_Valorie,2016-09-11 18:00:00,0,normal,258.75,258.75,343.9901,5.5146832993915815,5.009107869846999,0.0,0.0,0.0,1.0902972741397017,1.7167582525316918,0
44,Bear_public_Valorie,2016-09-11 19:00:00,0,normal,252.0,252.0,319.81415,4.136681201117892,2.0929935184726274,0.7624989936519345,0.0,0.0,1.3099933437138007,1.7167582525316918,0
44,Bear_public_Valorie,2016-09-11 20:00:00,0,normal,249.5,249.5,326.53455,4.865807432628544,0.789836025565296,0.8590112805388159,0.0,0.0,1.4725700977262983,1.7167582525316918,0
44,Bear_public_Valorie,2016-09-11 21:00:00,0,normal,238.0,238.0,309.78287,4.450517707533145,0.1595484531161745,0.9995035107365022,0.0,0.0,1.482481767661756,1.7167582525316918,0
44,Bear_public_Valorie,2016-09-11 22:00:00,0,normal,234.75,234.75,275.9079,2.028770976879404,4.1891781788039495,0.7347097063942932,2.8934674733086982,0.0,0.9740611698999996,1.7167582525316918,0
44,Bear_public_Valorie,2016-09-11 23:00:00,0,normal,233.25,233.25,263.08545,1.1334197762277307,1.1236707775418553,0.7040847457261715,3.045086171691891,0.0,0.7192995522867192,1.7167582525316918,0
44,Bear_public_Valorie,2016-09-12 00:00:00,0,normal,229.0,229.0,285.6098,2.3984354590961217,1.866079402269375,1.2451923560347915,3.262890733199081,0.0,1.3380128396229096,1.7167582525316918,0
44,Bear_public_Valorie,2016-09-12 01:00:00,0,normal,232.0,232.0,263.43927,0.7432876620478743,2.6495938059618167,1.1751847264036068,3.497412065784488,0.0,1.018944494489948,1.7167582525316918,0
44,Bear_public_Valorie,2016-09-12 02:00:00,0,normal,130.0,130.0,198.9976,3.2130246466147496,4.285558491552222,1.276545735046269,3.9617558818177967,0.0,1.563000289978775,1.7167582525316918,0
44,Bear_public_Valorie,2016-09-12 03:00:00,0,normal,43.0,43.0,122.7785,7.199627890358171,7.3319279631819985,0.0,0.5385729573574207,0.0,1.4432330798922297,1.7167582525316918,0
44,Bear_public_Valorie,2016-09-12 04:00:00,0,normal,49.75,49.75,92.369385,2.7950362796045365,8.171386941884283,0.0,0.0,2.220319792838964,0.9154480017617972,1.7167582525316918,0
44,Bear_public_Valorie,2016-09-12 05:00:00,0,normal,75.5,75.5,111.49187,2.0094549762503378,0.9032164942403744,0.0,0.0,1.4046180865552214,0.5146968418553407,1.7167582525316918,0
44,Bear_public_Valorie,2016-09-12 06:00:00,0,normal,143.25,143.25,163.45415,0.7342810203963956,1.8864805764140644,0.1370812449278553,0.0,1.1495014140280733,0.3865682058320269,1.7167582525316918,0
44,Bear_public_Valorie,2016-09-12 07:00:00,0,normal,165.75,165.75,193.97368,1.5214682580585706,0.9064417418320228,0.0,0.0,1.197780575514666,0.4086960462575171,1.7167582525316918,0
44,Bear_public_Valorie,2016-09-12 08:00:00,0,normal,189.5,189.5,230.76561,2.8016480388398657,1.8965339295997896,0.0,0.1664952364232571,1.285407668622642,0.6662425218992355,1.7167582525316918,0
44,Bear_public_Valorie,2016-09-12 09:00:00,0,normal,242.25,242.25,253.49112,0.0,4.952145738065699,0.0,0.0,1.375486654573759,0.2613523089090183,1.7167582525316918,0
44,Bear_public_Valorie,2016-09-12 10:00:00,0,normal,253.5,253.5,295.97354,2.614703442765158,4.576699117822915,0.0,0.0,1.2283364301991986,0.6948242234493952,1.7167582525316918,0
44,Bear_public_Valorie,2016-09-12 11:00:00,0,normal,257.25,257.25,324.68814,4.870239321525048,3.855371778931969,0.0,0.0,1.1087483457595146,1.059551010316134,1.7167582525316918,0
44,Bear_public_Valorie,2016-09-12 12:00:00,0,normal,259.75,259.75,334.45007,6.008378415752882,1.6112692211074922,0.6101898278510404,0.151358749752956,0.9863982186381496,1.617520654643985,1.7167582525316918,0
44,Bear_public_Valorie,2016-09-12 13:00:00,0,normal,265.0,265.0,337.91174,5.832037248118491,0.0,1.100287764807073,0.440014787250596,0.8687316548252504,1.877681119268212,1.7167582525316918,1
44,Bear_public_Valorie,2016-09-12 14:00:00,0,normal,263.5,263.5,357.05328,7.867429597041431,3.4132507121503983,0.997937006335475,1.039177423549411,0.7465055219347186,2.2353379039143144,1.7167582525316918,1
44,Bear_public_Valorie,2016-09-12 15:00:00,0,normal,264.5,264.5,370.71118,9.115582011109462,1.832212377438068,1.1597364062117252,3.444985622605331,0.6344564039802095,2.516293286126336,1.7167582525316918,1
44,Bear_public_Valorie,2016-09-12 16:00:00,0,normal,259.75,259.75,275.15637,1.2585817010436493,10.0,1.3675334380797577,3.5207727998118634,0.0,1.4275252043384683,1.7167582525316918,0
44,Bear_public_Valorie,2016-09-12 17:00:00,0,normal,254.25,254.25,266.6472,0.7793421028423685,0.2879809632111078,0.9471986987026978,4.195355967918327,0.0,0.8066234811695806,1.7167582525316918,0
44,Bear_public_Valorie,2016-09-12 18:00:00,0,normal,251.75,251.75,261.6751,0.0,0.8906861146821039,0.514826087910492,3.7228397635281847,1.177946725943045,0.5004400869987016,1.7167582525316918,0
44,Bear_public_Valorie,2016-09-12 19:00:00,0,normal,245.5,245.5,256.109,0.0,0.0,0.6613975891635744,3.091361134026961,2.4620264449644065,0.709180956910943,1.7167582525316918,0
44,Bear_public_Valorie,2016-09-12 20:00:00,0,normal,238.25,238.25,235.27962,0.0,0.0,0.5977671220940315,2.537306661967286,4.895280317778125,0.907965017243635,1.7167582525316918,0
44,Bear_public_Valorie,2016-09-12 21:00:00,0,normal,234.5,234.5,223.94115,0.0,0.0,0.3168602967278939,2.013375348239365,10.0,1.2218022077095263,1.7167582525316918,0
44,Bear_public_Valorie,2016-09-12 22:00:00,0,normal,240.5,240.5,234.22318,0.0,0.0,0.4492950672950077,1.968055777828794,9.953335799531674,1.3098401270596736,1.7167582525316918,0
44,Bear_public_Valorie,2016-09-12 23:00:00,0,normal,238.5,238.5,230.29846,0.0,0.0,0.8383735982513404,2.4222860823198173,9.417801930116346,1.5286417117875737,1.7167582525316918,0
44,Bear_public_Valorie,2016-09-13 00:00:00,0,normal,236.0,236.0,232.14462,0.0,0.0,0.8346354902995201,2.897164849291819,8.97706081422464,1.4819509246321287,1.7167582525316918,0
44,Bear_public_Valorie,2016-09-13 01:00:00,0,normal,228.25,228.25,208.51974,0.0,0.0,0.9942151901251532,3.814555171374615,8.690855044446382,1.565036137532246,1.7167582525316918,0
44,Bear_public_Valorie,2016-09-13 02:00:00,0,normal,125.75,125.75,135.98062,0.0,0.0,0.4828651458477133,3.597061320110908,8.480573903878641,1.1860629924812642,1.7167582525316918,0
44,Bear_public_Valorie,2016-09-13 03:00:00,0,normal,44.75,44.75,69.03971,0.2731515220190149,0.0,0.0,0.0,1.9116434256157235,0.2389658589149001,1.7167582525316918,0
44,Bear_public_Valorie,2016-09-13 04:00:00,0,normal,51.25,51.25,67.990425,0.0,0.0,0.0,0.0,0.0,0.0,1.7167582525316918,0
44,Bear_public_Valorie,2016-09-13 05:00:00,0,normal,74.75,74.75,84.777016,0.0,0.0,0.0,0.0,0.0,0.0,1.7167582525316918,0
44,Bear_public_Valorie,2016-09-13 06:00:00,0,normal,130.5,130.5,122.31162,0.0,0.0,0.0,0.0,0.0,0.0,1.7167582525316918,0
44,Bear_public_Valorie,2016-09-13 07:00:00,0,normal,152.25,152.25,166.86186,0.1853492478108568,0.0,0.0,0.0,0.0,0.0324361183668999,1.7167582525316918,0
44,Bear_public_Valorie,2016-09-13 08:00:00,0,normal,177.5,177.5,205.94093,1.3468661297495204,1.658219555961123,0.0,0.0,0.0,0.277157061605194,1.7167582525316918,0
44,Bear_public_Valorie,2016-09-13 09:00:00,0,normal,246.75,246.75,222.32596,0.4870671020019371,1.052270247976434,0.0,0.0,0.0,0.1115434990497498,1.7167582525316918,0
44,Bear_public_Valorie,2016-09-13 10:00:00,0,normal,267.0,267.0,260.1508,0.0,0.3037011814393983,0.0,0.0,0.0,0.0075925295359849,1.7167582525316918,0
44,Bear_public_Valorie,2016-09-13 11:00:00,0,normal,283.75,283.75,284.80377,0.0,0.0,0.0,0.0,0.0,0.0,1.7167582525316918,0
44,Bear_public_Valorie,2016-09-13 12:00:00,0,normal,295.25,295.25,294.88303,0.0,0.0,0.0,0.0,0.0,0.0,1.7167582525316918,0
44,Bear_public_Valorie,2016-09-13 13:00:00,0,normal,294.25,294.25,302.24356,0.0,0.0,0.0,0.0,0.0,0.0,1.7167582525316918,0
44,Bear_public_Valorie,2016-09-13 14:00:00,0,normal,293.5,293.5,300.76123,0.0,0.0,0.4106027742946224,0.0,0.0,0.2874219420062356,1.7167582525316918,0
44,Bear_public_Valorie,2016-09-13 15:00:00,0,normal,295.25,295.25,296.9604,0.0,0.0,1.3516996881669436,0.8241379773238693,0.0,0.9461897817168604,1.7167582525316918,0
44,Bear_public_Valorie,2016-09-13 16:00:00,0,normal,292.75,292.75,295.89633,0.0,0.0,1.3550839119116418,1.8827015315391784,0.0,0.9485587383381492,1.7167582525316918,0
44,Bear_public_Valorie,2016-09-13 17:00:00,0,normal,294.75,294.75,297.02847,0.0,0.0,1.258578647933691,3.793531832427476,0.0,0.8810050535535834,1.7167582525316918,0
44,Bear_public_Valorie,2016-09-13 18:00:00,0,normal,292.0,292.0,282.55423,0.0,0.0,1.25410536379034,5.731072949588017,0.307171791437482,0.9085909337969864,1.7167582525316918,0
44,Bear_public_Valorie,2016-09-13 19:00:00,0,normal,294.5,294.5,263.9848,0.4099040868119923,0.1487323090081779,1.2359977870186254,5.572260129494209,1.1760200496009785,1.0582519787904388,1.7167582525316918,0
44,Bear_public_Valorie,2016-09-13 20:00:00,0,normal,288.5,288.5,250.05011,0.8742070344186558,0.2579832253719494,1.219081984005352,5.568948226059985,2.834778149819046,1.2962710154432149,1.7167582525316918,0
44,Bear_public_Valorie,2016-09-13 21:00:00,0,normal,265.0,265.0,250.82774,0.0,1.0812062938567226,0.9361936804277996,4.793015579779751,8.28601947316229,1.510967680962107,1.7167582525316918,0
44,Bear_public_Valorie,2016-09-13 22:00:00,0,normal,260.5,260.5,243.17696,0.0,0.0,0.0,2.0047442085154152,10.0,1.0000000000000009,1.7167582525316918,0
44,Bear_public_Valorie,2016-09-13 23:00:00,0,normal,256.25,256.25,238.56523,0.0,0.0,0.0,1.4080295515393706,9.949913792802596,0.9949913792802604,1.7167582525316918,0
44,Bear_public_Valorie,2016-09-14 00:00:00,0,normal,241.5,241.5,238.53195,0.0,0.0,0.7324949658617584,1.2079987622384316,8.262952258586983,1.3390417019619298,1.7167582525316918,0
44,Bear_public_Valorie,2016-09-14 01:00:00,0,normal,236.5,236.5,209.56952,0.4468015878965819,0.2228347028108722,0.1718386206192374,0.9412473432222164,6.518903907495088,0.8559385706351492,1.7167582525316918,0
44,Bear_public_Valorie,2016-09-14 02:00:00,0,normal,122.5,122.5,139.08368,0.0,0.2228347028108722,0.1509109624594878,1.086302993229172,5.477533390320479,0.6589618803239617,1.7167582525316918,0
44,Bear_public_Valorie,2016-09-14 03:00:00,0,normal,44.5,44.5,72.57861,1.0714711785812316,1.4773779820253787,0.0,0.0,1.3871593991614628,0.3631578457184963,1.7167582525316918,0
44,Bear_public_Valorie,2016-09-14 04:00:00,0,normal,49.75,49.75,64.13578,0.0,1.4773779820253787,0.0,0.0,0.0,0.0369344495506344,1.7167582525316918,0
44,Bear_public_Valorie,2016-09-14 05:00:00,0,normal,67.0,67.0,77.83139,0.0,0.0,0.0,0.0,0.0,0.0,1.7167582525316918,0
44,Bear_public_Valorie,2016-09-14 06:00:00,0,normal,141.5,141.5,115.34493,1.1997833869514405,1.7350713627381922,0.0606817823291772,0.0,0.0,0.2958161244153808,1.7167582525316918,0
44,Bear_public_Valorie,2016-09-14 07:00:00,0,normal,159.75,159.75,164.12097,0.0,1.7350713627381922,0.0,0.0,0.0,0.0433767840684547,1.7167582525316918,0
44,Bear_public_Valorie,2016-09-14 08:00:00,0,normal,192.0,192.0,209.4548,0.4644088370267682,0.2581958863727624,0.0,0.0,0.0,0.0877264436390034,1.7167582525316918,0
44,Bear_public_Valorie,2016-09-14 09:00:00,0,normal,253.5,253.5,236.93208,0.2741465667563549,0.0,0.0,0.0,0.0,0.0479756491823621,1.7167582525316918,0
44,Bear_public_Valorie,2016-09-14 10:00:00,0,normal,273.0,273.0,270.9063,0.0,0.0,0.0,0.0,0.0,0.0,1.7167582525316918,0
44,Bear_public_Valorie,2016-09-14 11:00:00,0,normal,290.75,290.75,295.30704,0.0,0.0,0.0,0.0,0.0,0.0,1.7167582525316918,0
44,Bear_public_Valorie,2016-09-14 12:00:00,0,normal,292.75,292.75,300.94205,0.0,0.0,0.0,0.0,0.0,0.0,1.7167582525316918,0
44,Bear_public_Valorie,2016-09-14 13:00:00,0,normal,294.25,294.25,303.68616,0.0,0.0,0.1112653265155575,0.0,0.0,0.0778857285608902,1.7167582525316918,0
44,Bear_public_Valorie,2016-09-14 14:00:00,1,stuck,295.5,295.5,298.5702,0.0,0.0,1.1779767296982595,0.0,0.0,0.8245837107887818,1.7167582525316918,0
44,Bear_public_Valorie,2016-09-14 15:00:00,1,stuck,294.75,295.5,304.80743,0.0,0.0,1.2591722359395758,1.2769340610344737,0.0,0.8814205651577031,1.7167582525316918,0
44,Bear_public_Valorie,2016-09-14 16:00:00,1,stuck,295.25,295.5,300.47498,0.0,0.0,1.412356864768113,2.5917798574588096,0.0,0.9886498053376792,1.7167582525316918,0
44,Bear_public_Valorie,2016-09-14 17:00:00,1,stuck,298.0,295.5,303.32538,0.0,0.0,1.6039571270742827,5.145930960320454,0.0,1.1227699889519978,1.7167582525316918,0
44,Bear_public_Valorie,2016-09-14 18:00:00,1,stuck,291.25,295.5,295.21704,0.0,0.0,1.6039571270742827,5.680034900488613,0.7387094984572032,1.1966409387977182,1.7167582525316918,0
44,Bear_public_Valorie,2016-09-14 19:00:00,1,stuck,294.75,295.5,280.77338,0.0,0.0,1.6039571270742827,6.155502366323546,1.6609060484992448,1.2888605938019224,1.7167582525316918,0
44,Bear_public_Valorie,2016-09-14 20:00:00,1,stuck,286.25,295.5,257.89743,0.8246255997472699,0.9816303635274976,1.6039571270742827,6.590377803524825,3.638093244824847,1.6554295524784424,1.7167582525316918,0
44,Bear_public_Valorie,2016-09-14 21:00:00,1,stuck,279.5,295.5,252.90201,1.1169355238012642,0.0,1.6039571270742827,6.590377803524825,9.469655966445009,2.2651993022617205,1.7167582525316918,1
44,Bear_public_Valorie,2016-09-14 22:00:00,1,stuck,278.5,295.5,256.9123,1.825526683890773,0.7485948058488898,1.6039571270742827,6.590377803524825,10.0,2.460952028779106,1.7167582525316918,1
44,Bear_public_Valorie,2016-09-14 23:00:00,1,stuck,276.5,295.5,257.28955,1.7956940319087564,0.0,1.6039571270742827,6.590377803524825,10.0,2.437016444536031,1.7167582525316918,1
44,Bear_public_Valorie,2016-09-15 00:00:00,1,stuck,264.0,295.5,246.39777,1.904757569436906,0.0,1.6039571270742827,6.590377803524825,10.0,2.456102563603457,1.7167582525316918,1
44,Bear_public_Valorie,2016-09-15 01:00:00,1,stuck,258.25,295.5,237.90784,2.4630329163663336,0.4467109043883443,1.6039571270742827,6.590377803524825,10.0,2.564968521925816,1.7167582525316918,1
44,Bear_public_Valorie,2016-09-15 02:00:00,0,normal,138.25,138.25,186.95503,3.516387949457144,1.440994766147413,1.6039571270742827,6.590377803524825,10.0,2.774162749260684,1.7167582525316918,1
44,Bear_public_Valorie,2016-09-15 03:00:00,0,normal,59.75,59.75,110.73819,3.787018041572752,0.0,0.0,0.0,1.9021199938626727,0.8529401566614991,1.7167582525316918,0
44,Bear_public_Valorie,2016-09-15 04:00:00,0,normal,70.5,70.5,78.64704,0.0,6.9310948223539794,0.0,0.0,0.0,0.1732773705588492,1.7167582525316918,0
44,Bear_public_Valorie,2016-09-15 05:00:00,0,normal,93.5,93.5,95.570335,0.0,0.0,0.0,0.0,0.0,0.0,1.7167582525316918,0
44,Bear_public_Valorie,2016-09-15 06:00:00,0,normal,173.25,173.25,130.75748,2.922080341070409,5.194013659310375,0.0,0.0,0.0,0.6412144011700809,1.7167582525316918,0
44,Bear_public_Valorie,2016-09-15 07:00:00,0,normal,187.25,187.25,180.31882,0.0,5.194013659310375,0.0,0.0,0.0,0.1298503414827592,1.7167582525316918,0
44,Bear_public_Valorie,2016-09-15 08:00:00,0,normal,197.75,197.75,216.43195,0.5848636060143539,0.5001089283011936,0.0,0.0,0.0,0.1148538542600417,1.7167582525316918,0
44,Bear_public_Valorie,2016-09-15 09:00:00,0,normal,253.75,253.75,250.5747,0.0,0.5001089283011936,0.0,0.0,0.0,0.0125027232075298,1.7167582525316918,0
44,Bear_public_Valorie,2016-09-15 10:00:00,0,normal,264.25,264.25,288.51514,0.9695855406213448,1.2727579008542025,0.0,0.0,0.0,0.2014964171300903,1.7167582525316918,0
44,Bear_public_Valorie,2016-09-15 11:00:00,0,normal,276.25,276.25,297.2556,0.6750898238610564,0.0,0.0,0.0,0.0,0.1181407191756848,1.7167582525316918,0
44,Bear_public_Valorie,2016-09-15 12:00:00,0,normal,282.25,282.25,301.64224,0.5546606799963656,0.0,0.0451616201432261,0.0,0.0,0.1286787530996222,1.7167582525316918,0
44,Bear_public_Valorie,2016-09-15 13:00:00,0,normal,297.25,297.25,304.62955,0.0,0.4394514568738569,0.1909134029844478,0.0,0.0,0.1446256685109598,1.7167582525316918,0
44,Bear_public_Valorie,2016-09-15 14:00:00,0,normal,297.0,297.0,309.69885,0.0,0.0,0.0723678624187139,0.0179836983257041,0.0,0.0506575036930997,1.7167582525316918,0
44,Bear_public_Valorie,2016-09-15 15:00:00,0,normal,295.5,295.5,307.00842,0.0,0.0,0.2388233263716543,1.0923520077793312,0.0,0.167176328460158,1.7167582525316918,0
44,Bear_public_Valorie,2016-09-15 16:00:00,0,normal,298.0,298.0,302.99634,0.0,0.0,1.3440405683670371,1.5709273299512878,0.0,0.940828397856926,1.7167582525316918,0
44,Bear_public_Valorie,2016-09-15 17:00:00,0,normal,295.75,295.75,290.953,0.0,0.0,1.2686455213083625,2.312645922569962,0.1211610751508651,0.90016797243094,1.7167582525316918,0
44,Bear_public_Valorie,2016-09-15 18:00:00,0,normal,291.0,291.0,280.15503,0.0,0.0,1.241050022013626,3.224744356665494,1.3222583116077251,1.0009608465703108,1.7167582525316918,0
44,Bear_public_Valorie,2016-09-15 19:00:00,0,normal,279.75,279.75,270.3026,0.0,0.0,0.8186717055602765,4.731340340801911,2.1417536600149583,0.7872455598936895,1.7167582525316918,0
44,Bear_public_Valorie,2016-09-15 20:00:00,0,normal,271.75,271.75,256.4494,0.0,0.0,0.2667479011171241,2.9394343081560046,3.616348813775394,0.5483584121595266,1.7167582525316918,0
44,Bear_public_Valorie,2016-09-15 21:00:00,0,normal,259.0,259.0,253.21979,0.0,0.0,0.144565457288472,2.0460566628895798,7.920961045522894,0.8932919246542206,1.7167582525316918,0
44,Bear_public_Valorie,2016-09-15 22:00:00,0,normal,255.5,255.5,240.15651,0.1624965781539779,0.0,0.0809503822296693,1.3035917505164656,8.32546627631681,0.9176487963693964,1.7167582525316918,0
44,Bear_public_Valorie,2016-09-15 23:00:00,0,normal,256.75,256.75,228.6964,1.2844040827327827,1.578670817073067,0.2188060769543925,1.1436789655613473,7.58606281623864,1.1760080203970031,1.7167582525316918,0
44,Bear_public_Valorie,2016-09-16 00:00:00,0,normal,250.25,250.25,237.91583,0.0,1.9050177259965424,1.1358082467625883,1.369261410234853,6.72517317738734,1.51520853362246,1.7167582525316918,0
44,Bear_public_Valorie,2016-09-16 01:00:00,0,normal,249.0,249.0,226.52115,0.4077131170748488,0.1443321166509939,0.8073730390374116,1.8367323571238117,5.788139797744078,1.2189332055049698,1.7167582525316918,0
44,Bear_public_Valorie,2016-09-16 02:00:00,0,normal,132.75,132.75,140.94383,0.0,0.1443321166509939,0.686197762638752,2.4485498528017704,5.414518095313739,1.0253985462947757,1.7167582525316918,0
44,Bear_public_Valorie,2016-09-16 03:00:00,0,normal,61.0,61.0,64.13578,0.0,0.0,0.0,0.0,1.2608150953570318,0.1260815095357033,1.7167582525316918,0
44,Bear_public_Valorie,2016-09-16 04:00:00,0,normal,68.75,68.75,64.13578,0.0,0.0,0.0,0.0,0.0,0.0,1.7167582525316918,0
44,Bear_public_Valorie,2016-09-16 05:00:00,0,normal,86.75,86.75,72.10768,0.0,0.0,0.0,0.0,0.0,0.0,1.7167582525316918,0
44,Bear_public_Valorie,2016-09-16 06:00:00,0,normal,163.0,163.0,108.60079,4.090825755816392,7.54124126098587,0.0,0.0,0.0,0.9044255387925152,1.7167582525316918,0
44,Bear_public_Valorie,2016-09-16 07:00:00,0,normal,181.25,181.25,164.60948,0.3844796043911398,6.769078967708081,0.0,0.0,0.0,0.2365109049611512,1.7167582525316918,0
44,Bear_public_Valorie,2016-09-16 08:00:00,0,normal,195.75,195.75,202.58025,0.0,0.0976715338011934,0.0,0.0,0.0,0.0024417883450298,1.7167582525316918,0
44,Bear_public_Valorie,2016-09-16 09:00:00,0,normal,249.0,249.0,236.26382,0.0012341738534947,0.0,0.0,0.0,0.0,0.0002159804243615,1.7167582525316918,0
44,Bear_public_Valorie,2016-09-16 10:00:00,0,normal,259.0,259.0,268.4033,0.0,0.0,0.0,0.0,0.0,0.0,1.7167582525316918,0
44,Bear_public_Valorie,2016-09-16 11:00:00,0,normal,267.5,267.5,276.8323,0.0,0.0,0.0,0.0,0.0,0.0,1.7167582525316918,0
44,Bear_public_Valorie,2016-09-16 12:00:00,0,normal,288.25,288.25,283.22302,0.0,0.0,0.1455770934740887,0.0,0.0,0.1019039654318621,1.7167582525316918,0
44,Bear_public_Valorie,2016-09-16 13:00:00,0,normal,296.0,296.0,293.33566,0.0,0.0,0.0,0.0,0.0,0.0,1.7167582525316918,0
44,Bear_public_Valorie,2016-09-16 14:00:00,0,normal,293.0,293.0,301.7708,0.0,0.0,0.0,0.0,0.0,0.0,1.7167582525316918,0
44,Bear_public_Valorie,2016-09-16 15:00:00,0,normal,295.75,295.75,305.79865,0.0,0.0,0.7342583377718261,0.7944446817808073,0.0,0.5139808364402783,1.7167582525316918,0
44,Bear_public_Valorie,2016-09-16 16:00:00,0,normal,292.5,292.5,291.94336,0.0,0.0,1.155980546816478,1.158661550223045,0.0,0.8091863827715347,1.7167582525316918,0
44,Bear_public_Valorie,2016-09-16 17:00:00,0,normal,289.25,289.25,270.70328,0.4712868166776212,0.2720091458530174,1.1356562490202349,1.902597203897096,0.0,0.8842347958790734,1.7167582525316918,0
44,Bear_public_Valorie,2016-09-16 18:00:00,0,normal,286.5,286.5,242.7012,1.1872013365673255,0.7633025360723749,0.8387834461909357,4.2540623959092105,0.9400792757096372,0.90799913720571,1.7167582525316918,0
44,Bear_public_Valorie,2016-09-16 19:00:00,0,normal,269.5,269.5,231.8078,0.8298703565860908,0.0431481108568561,0.8812020196658247,4.002413256887176,1.789517077621029,0.9420991367021676,1.7167582525316918,0
44,Bear_public_Valorie,2016-09-16 20:00:00,0,normal,246.0,246.0,213.62616,1.334149458039751,0.338268572834802,0.0337050685394135,2.1484282420693317,3.253978519776285,0.5909242694330447,1.7167582525316918,0
44,Bear_public_Valorie,2016-09-16 21:00:00,0,normal,235.75,235.75,183.32784,2.919521307849496,2.509460610806684,0.0,0.8241168183726175,5.900094354628672,1.1636621796066966,1.7167582525316918,0
44,Bear_public_Valorie,2016-09-16 22:00:00,0,normal,112.25,112.25,164.05081,3.3805435399202923,0.2513944627878354,0.0,0.4327571338116286,5.172705952187937,1.1151505762745413,1.7167582525316918,0
44,Bear_public_Valorie,2016-09-16 23:00:00,0,normal,42.0,42.0,127.442,6.3500137159319525,5.289188132047985,0.0,0.0,0.8138646106991555,1.3248685646592069,1.7167582525316918,0
44,Bear_public_Valorie,2016-09-17 00:00:00,0,normal,41.5,41.5,106.52773,5.451170912474492,1.1306830715593776,0.0,0.0,0.0,0.9822219864720204,1.7167582525316918,0
44,Bear_public_Valorie,2016-09-17 01:00:00,0,normal,42.0,42.0,68.35186,0.8146403637985502,8.637197091918422,0.0,0.0,0.0,0.3584919909627065,1.7167582525316918,0
44,Bear_public_Valorie,2016-09-17 02:00:00,0,normal,41.25,41.25,64.13578,0.4559477414563864,0.0458827393677861,1.5339536883682328,0.0,0.0,1.154705505096825,1.7167582525316918,0
44,Bear_public_Valorie,2016-09-17 03:00:00,0,normal,42.25,42.25,64.13578,0.4139404666642213,0.0,1.5158540883878349,0.0,0.0,1.133537443537723,1.7167582525316918,0
44,Bear_public_Valorie,2016-09-17 04:00:00,0,normal,48.25,48.25,64.13578,0.0,0.1568386956347795,1.486459009632986,0.6632587982592557,0.0,1.0444422741339596,1.7167582525316918,0
44,Bear_public_Valorie,2016-09-17 05:00:00,0,normal,62.5,62.5,64.13578,0.0,0.0,0.9290018792456634,5.006536521977246,0.0,0.6503013154719643,1.7167582525316918,0
44,Bear_public_Valorie,2016-09-17 06:00:00,0,normal,115.5,115.5,67.059715,3.5059052340175323,6.366527267475902,0.2958970446901749,3.0924972159803765,0.0,0.979824528923088,1.7167582525316918,0
44,Bear_public_Valorie,2016-09-17 07:00:00,0,normal,123.75,123.75,98.53136,1.226497711505673,3.903313940163177,0.0,0.7018824112416149,0.0026359782113337,0.3124835458387054,1.7167582525316918,0
44,Bear_public_Valorie,2016-09-17 08:00:00,0,normal,163.25,163.25,151.72098,0.0,1.7887225678361307,0.0,0.3101719148563389,0.6406729796260504,0.1087853621585083,1.7167582525316918,0
44,Bear_public_Valorie,2016-09-17 09:00:00,0,normal,236.5,236.5,194.16075,2.9070351027714327,5.1637978414225945,0.0,0.0,1.3255918959616957,0.770385278616735,1.7167582525316918,0
44,Bear_public_Valorie,2016-09-17 10:00:00,0,normal,248.25,248.25,243.78766,0.0,5.1637978414225945,0.0,0.0,1.3035885880888909,0.2594538048444538,1.7167582525316918,0
44,Bear_public_Valorie,2016-09-17 11:00:00,0,normal,278.5,278.5,276.82013,0.0,0.0,0.0,0.0,0.487979969463776,0.0487979969463776,1.7167582525316918,0
44,Bear_public_Valorie,2016-09-17 12:00:00,0,normal,284.5,284.5,296.70325,0.0,0.0,0.0,0.0,0.0054901470616747,0.0005490147061674,1.7167582525316918,0
44,Bear_public_Valorie,2016-09-17 13:00:00,0,normal,286.5034,286.5034,302.24457,0.1946405925401996,0.0,0.0,0.0,0.0,0.0340621036945349,1.7167582525316918,0
44,Bear_public_Valorie,2016-09-17 14:00:00,0,normal,291.4636,291.4636,295.3532,0.0,0.0,0.889782880334239,0.0,0.0,0.6228480162339672,1.7167582525316918,0
44,Bear_public_Valorie,2016-09-17 15:00:00,0,normal,291.75,291.75,292.5857,0.0,0.0,0.9669288061200284,1.116735668487816,0.0,0.6768501642840199,1.7167582525316918,0
44,Bear_public_Valorie,2016-09-17 16:00:00,0,normal,292.5,292.5,279.0445,0.0,0.0,1.0576429412620487,1.7442019105649842,0.0,0.7403500588834341,1.7167582525316918,0
44,Bear_public_Valorie,2016-09-17 17:00:00,0,normal,280.0,280.0,256.04785,1.004297555879693,1.3424711158077631,1.4866482627327955,3.917833723458408,0.2335318726858278,1.27332082135568,1.7167582525316918,0
44,Bear_public_Valorie,2016-09-17 18:00:00,0,normal,278.0,278.0,246.99281,0.4386931053264799,0.4614301701105789,0.5717097402711526,4.07465233129212,0.9645580465930188,0.5849596705340071,1.7167582525316918,0
44,Bear_public_Valorie,2016-09-17 19:00:00,0,normal,278.25,278.25,237.49884,1.008867103775755,0.4706073346268964,0.4925764926775291,3.6262822982953415,1.7681435263720937,0.7099348240379093,1.7167582525316918,0
44,Bear_public_Valorie,2016-09-17 20:00:00,0,normal,278.0,278.0,247.22583,1.2076514842819963,0.0,1.373934059881388,3.382822482558462,3.774544076591509,1.5505472593254723,1.7167582525316918,0
44,Bear_public_Valorie,2016-09-17 21:00:00,0,normal,262.75,262.75,224.62114,1.7892421960347942,0.4935358734244307,1.571545752912037,3.456106808673238,8.94588415496715,2.320126223676841,1.7167582525316918,1
44,Bear_public_Valorie,2016-09-17 22:00:00,0,normal,107.75,107.75,148.79718,2.0200156895965407,0.0,0.4221418252298353,2.886740626183582,10.0,1.6490020233402802,1.7167582525316918,0
44,Bear_public_Valorie,2016-09-17 23:00:00,0,normal,40.75,40.75,78.61144,2.1501310117240453,0.0,0.0,0.0,2.2346981038798948,0.5997427374396975,1.7167582525316918,0
44,Bear_public_Valorie,2016-09-18 00:00:00,0,normal,40.25,40.25,64.13578,0.2465901071563706,3.1484493742313764,0.0,0.0,0.3151018147171998,0.1533746845798692,1.7167582525316918,0
44,Bear_public_Valorie,2016-09-18 01:00:00,0,normal,40.5,40.5,64.13578,0.5448476892450261,0.0,0.0,0.0,0.0,0.0953483456178795,1.7167582525316918,0
44,Bear_public_Valorie,2016-09-18 02:00:00,0,normal,40.25,40.25,64.13578,0.5744810051745728,0.0,1.5488348657264048,0.0,0.0,1.1847185819140336,1.7167582525316918,0
44,Bear_public_Valorie,2016-09-18 03:00:00,0,normal,40.0,40.0,64.13578,0.6041143211041193,0.0,1.5718903003934732,0.0,0.0,1.206043216468652,1.7167582525316918,0
44,Bear_public_Valorie,2016-09-18 04:00:00,0,normal,50.0,50.0,64.13578,0.0,0.5387707354326544,1.5489299074717937,0.8168462070594806,0.0,1.0977202036160718,1.7167582525316918,0
44,Bear_public_Valorie,2016-09-18 05:00:00,0,normal,59.25,59.25,64.13578,0.0,0.0,0.7170757844757484,4.496442217035046,0.0,0.5019530491330239,1.7167582525316918,0
44,Bear_public_Valorie,2016-09-18 06:00:00,0,normal,62.75,62.75,64.13578,0.0,0.0,0.3693189166743553,3.237498118356468,0.0,0.2585232416720487,1.7167582525316918,0
44,Bear_public_Valorie,2016-09-18 07:00:00,0,normal,63.25,63.25,70.301926,0.0,0.0,0.6388839336476759,2.771781479454428,0.0,0.4472187535533731,1.7167582525316918,0
44,Bear_public_Valorie,2016-09-18 08:00:00,0,normal,58.75,58.75,78.03657,0.6442125403078133,0.6193012305305975,1.1991084454239571,2.710104503434166,0.3102210260841802,0.9986177397223204,1.7167582525316918,0
44,Bear_public_Valorie,2016-09-18 09:00:00,0,normal,61.25,61.25,114.223206,2.7184030149557965,3.4911701892632907,1.1629866604709913,3.1124941406923265,1.5822074870741405,1.5353111933859545,1.7167582525316918,0
44,Bear_public_Valorie,2016-09-18 10:00:00,0,normal,169.75,169.75,131.06659,1.601546044965643,1.5685276720903116,1.199956061339279,4.282953866984124,8.789448529747986,2.03839784558354,1.7167582525316918,1
44,Bear_public_Valorie,2016-09-18 11:00:00,0,normal,178.0,178.0,185.20433,0.0,2.541943747703577,0.0,0.1734749261918316,4.471979236979691,0.5107465173905589,1.7167582525316918,0
44,Bear_public_Valorie,2016-09-18 12:00:00,0,normal,245.75,245.75,227.13646,0.4778755365843702,0.2852414760334882,0.0,0.0,2.6826245844196466,0.3590217142450669,1.7167582525316918,0
44,Bear_public_Valorie,2016-09-18 13:00:00,0,normal,276.5,276.5,277.2282,0.0,0.2852414760334882,0.0,0.0,1.09726697002901,0.1168577339037382,1.7167582525316918,0
44,Bear_public_Valorie,2016-09-18 14:00:00,0,normal,279.75,279.75,296.16623,0.2612061068671764,0.0,0.0,0.0,0.2989241605484669,0.0756034847566026,1.7167582525316918,0
44,Bear_public_Valorie,2016-09-18 15:00:00,0,normal,280.5,280.5,304.2609,0.9854386804946292,0.7800079409271238,0.0,0.0,0.0,0.1919519676097382,1.7167582525316918,0
44,Bear_public_Valorie,2016-09-18 16:00:00,0,normal,283.75,283.75,305.3996,0.7772507794630588,0.0,1.1981454731294567,0.0,0.0,0.974720717596655,1.7167582525316918,0
44,Bear_public_Valorie,2016-09-18 17:00:00,0,normal,278.0,278.0,299.31775,0.7445283586975919,0.0,1.1966496135140392,0.1951339534489357,0.0,0.967947192231906,1.7167582525316918,0
44,Bear_public_Valorie,2016-09-18 18:00:00,0,normal,277.75,277.75,297.83603,0.0,0.8207685944563253,1.077698348262538,2.0946708642065763,0.0,0.7749080586451846,1.7167582525316918,0
44,Bear_public_Valorie,2016-09-18 19:00:00,0,normal,278.75,278.75,288.47473,0.0,0.0,1.0037687498740004,5.094775681392216,0.0,0.7026381249118002,1.7167582525316918,0
44,Bear_public_Valorie,2016-09-18 20:00:00,0,normal,279.0,279.0,295.4885,0.0,0.0,1.492273864990567,5.271456534178864,0.2256014057776396,1.0671518460711609,1.7167582525316918,0
44,Bear_public_Valorie,2016-09-18 21:00:00,0,normal,276.5,276.5,270.1155,0.0,0.0,1.4635454327630273,5.261500489321639,0.964277870259896,1.1209095899601087,1.7167582525316918,0
44,Bear_public_Valorie,2016-09-18 22:00:00,1,spike,273.25,0.01,237.12918,10.0,10.0,1.3277364814649064,5.138350752839611,3.4331888153633963,3.272734418561774,1.7167582525316918,1
44,Bear_public_Valorie,2016-09-18 23:00:00,0,normal,271.75,271.75,150.7852,5.70261286060539,10.0,0.0,0.0,0.5014604792037586,1.2981032985263188,1.7167582525316918,0
44,Bear_public_Valorie,2016-09-19 00:00:00,0,normal,267.5,267.5,202.3675,2.5003113343140897,5.756790541449117,0.0,0.0,0.6046893048716057,0.6419431775283541,1.7167582525316918,0
44,Bear_public_Valorie,2016-09-19 01:00:00,0,normal,266.75,266.75,218.83156,1.568922007187446,1.1960472627091632,0.0,0.0,0.5648772515222739,0.3609502579777595,1.7167582525316918,0
44,Bear_public_Valorie,2016-09-19 02:00:00,0,normal,122.0,122.0,232.60118,4.960452855275052,6.136825647095421,1.1122705114261435,0.0,0.5095791785963505,1.851047166708455,1.7167582525316918,1
44,Bear_public_Valorie,2016-09-19 03:00:00,0,normal,57.25,57.25,197.82298,6.582116034612227,2.582345611503606,0.0,0.0,0.0970962811029565,1.2261385744550255,1.7167582525316918,0
44,Bear_public_Valorie,2016-09-19 04:00:00,0,normal,67.25,67.25,162.49115,4.93873096793604,2.6259703503725875,0.0,0.0,0.0,0.9299271781481216,1.7167582525316918,0
44,Bear_public_Valorie,2016-09-19 05:00:00,0,normal,87.5,87.5,177.08707,4.566933369277331,0.072201869044274,0.0,0.0,0.0,0.8010183863496397,1.7167582525316918,0
44,Bear_public_Valorie,2016-09-19 06:00:00,0,normal,182.25,182.25,207.51248,1.0596950316654894,6.3692045806982485,0.0019213041761961,0.0,0.0,0.3460216579822539,1.7167582525316918,0
44,Bear_public_Valorie,2016-09-19 07:00:00,0,normal,200.0,200.0,261.8905,3.4153581334935432,4.056460381034244,0.0,0.0,0.0,0.6990991828872261,1.7167582525316918,0
44,Bear_public_Valorie,2016-09-19 08:00:00,0,normal,237.0,237.0,302.28772,4.675950123323474,1.857195162579356,0.0,0.0,0.0,0.8647211506460918,1.7167582525316918,0
44,Bear_public_Valorie,2016-09-19 09:00:00,0,normal,285.0,285.0,335.7008,2.5407975501179183,3.613602259229098,0.0,0.0,0.0,0.534979627751363,1.7167582525316918,0
44,Bear_public_Valorie,2016-09-19 10:00:00,0,normal,287.5,287.5,367.4394,4.826017122604862,3.914986460073596,0.0,0.0,0.0,0.9424276579576903,1.7167582525316918,0
44,Bear_public_Valorie,2016-09-19 11:00:00,0,normal,283.0,283.0,376.7488,5.905328933695,1.4931245670449216,0.0,0.0,0.0,1.0707606775727478,1.7167582525316918,0
44,Bear_public_Valorie,2016-09-19 12:00:00,0,normal,421.5,421.5,367.1468,4.002043239435364,3.147936827468237,1.0972473486333088,0.0,0.0,1.5471291316312106,1.7167582525316918,0
44,Bear_public_Valorie,2016-09-19 13:00:00,0,normal,371.25,371.25,388.30798,0.324487308474405,6.711258676582661,0.0,0.0,0.0,0.2245667458975871,1.7167582525316918,0
44,Bear_public_Valorie,2016-09-19 14:00:00,0,normal,361.75,361.75,393.70987,1.7939117771042856,2.276599895364632,0.0,0.0,0.0,0.3708495583773656,1.7167582525316918,0
44,Bear_public_Valorie,2016-09-19 15:00:00,0,normal,345.75,345.75,395.74316,3.572113843190904,2.8967275043247254,0.0,0.0,0.0,0.6975381101665261,1.7167582525316918,0
44,Bear_public_Valorie,2016-09-19 16:00:00,0,normal,331.0,331.0,395.49707,5.002294878934776,2.1977860940933263,0.1498203265749699,0.0,0.0,1.0352204847683977,1.7167582525316918,0
44,Bear_public_Valorie,2016-09-19 17:00:00,0,normal,323.75,323.75,389.3286,5.108942165299329,0.0,0.0312818262596946,0.0411509008591326,0.0,0.9159621573091687,1.7167582525316918,0
44,Bear_public_Valorie,2016-09-19 18:00:00,0,normal,314.5,314.5,388.09363,2.9306624406214743,3.700215852780112,0.2656928347882257,0.4226690472869375,0.8816284204615122,0.8795191498261701,1.7167582525316918,0
44,Bear_public_Valorie,2016-09-19 19:00:00,0,normal,326.25,326.25,356.32062,0.3838892357299557,4.440272717929792,0.4845999084739171,1.222534739986061,1.5720327918203187,0.6746106493147609,1.7167582525316918,0
44,Bear_public_Valorie,2016-09-19 20:00:00,0,normal,333.0,333.0,364.6338,0.475359080741219,0.0,0.6815018979034277,1.7421141828551072,2.6059225756196787,0.8208314252240808,1.7167582525316918,0
44,Bear_public_Valorie,2016-09-19 21:00:00,0,normal,314.75,314.75,320.6625,0.0,0.2801875998523132,0.4128497037958442,2.763305590058861,3.666638875868819,0.662663370240281,1.7167582525316918,0
44,Bear_public_Valorie,2016-09-19 22:00:00,0,normal,307.5,307.5,268.3839,0.9131900244736296,1.1594970397269544,0.4270698402283039,3.3398132352810337,4.037171014179917,0.8914616698538638,1.7167582525316918,0
44,Bear_public_Valorie,2016-09-19 23:00:00,0,normal,297.75,297.75,262.94284,0.6610506162825142,0.0,0.0832692600637409,2.743639868825634,3.604880242485844,0.5344603641426433,1.7167582525316918,0
44,Bear_public_Valorie,2016-09-20 00:00:00,0,normal,281.25,281.25,266.54175,0.0,0.6531176598301441,0.3941722806185035,2.125894983195189,3.902005144040528,0.6824490523327591,1.7167582525316918,0
44,Bear_public_Valorie,2016-09-20 01:00:00,0,normal,267.25,267.25,228.15224,1.2468899606828538,1.8296769532181056,0.0781652016245113,1.3330626856827903,5.651762643919973,0.8838395724791078,1.7167582525316918,0
44,Bear_public_Valorie,2016-09-20 02:00:00,0,normal,122.0,122.0,129.33334,0.0,1.8296769532181056,0.0,0.9337153748373282,5.458555394250945,0.5915974632555476,1.7167582525316918,0
44,Bear_public_Valorie,2016-09-20 03:00:00,0,normal,48.75,48.75,68.31045,0.0,0.0,0.0,0.0,1.2203229625036898,0.122032296250369,1.7167582525316918,0
44,Bear_public_Valorie,2016-09-20 04:00:00,0,normal,52.25,52.25,64.13578,0.0,0.0,0.0,0.0,0.0,0.0,1.7167582525316918,0
44,Bear_public_Valorie,2016-09-20 05:00:00,0,normal,70.5,70.5,65.26924,0.0,0.0,0.0,0.0,0.0,0.0,1.7167582525316918,0
44,Bear_public_Valorie,2016-09-20 06:00:00,0,normal,160.75,160.75,107.91262,3.937518596898517,7.233349747225623,0.1953068864616911,0.0,0.0,1.0066143186610643,1.7167582525316918,0
44,Bear_public_Valorie,2016-09-20 07:00:00,0,normal,167.75,167.75,173.00859,0.0,7.233349747225623,0.0,0.0,0.0,0.1808337436806403,1.7167582525316918,0
44,Bear_public_Valorie,2016-09-20 08:00:00,0,normal,191.5,191.5,210.04924,0.4531578759742502,0.2356002329527352,0.0,0.0,0.0,0.0851926341193121,1.7167582525316918,0
44,Bear_public_Valorie,2016-09-20 09:00:00,0,normal,253.25,253.25,243.21141,0.0,0.2356002329527352,0.0,0.0,0.0,0.0058900058238183,1.7167582525316918,0
44,Bear_public_Valorie,2016-09-20 10:00:00,0,normal,267.75,267.75,269.15594,0.0,0.0,0.0,0.0,0.0,0.0,1.7167582525316918,0
44,Bear_public_Valorie,2016-09-20 11:00:00,0,normal,272.0,272.0,297.1336,0.5425249820339738,0.4150789589256068,0.0,0.0,0.0,0.1053188458290855,1.7167582525316918,0
44,Bear_public_Valorie,2016-09-20 12:00:00,0,normal,329.5,329.5,318.45328,0.0,0.4150789589256068,0.3360242905742374,0.0,0.0,0.2455939773751063,1.7167582525316918,0
44,Bear_public_Valorie,2016-09-20 13:00:00,0,normal,331.25,331.25,327.73526,0.0,0.0,0.0,0.0,0.0,0.0,1.7167582525316918,0
44,Bear_public_Valorie,2016-09-20 14:00:00,0,normal,328.5,328.5,332.01105,0.0,0.0,0.0,0.0,0.0,0.0,1.7167582525316918,0
44,Bear_public_Valorie,2016-09-20 15:00:00,0,normal,330.0,330.0,329.018,0.0,0.0,1.2949847274613695,0.2215393294282416,0.0,0.9064893092229588,1.7167582525316918,0
44,Bear_public_Valorie,2016-09-20 16:00:00,1,gradual_drift,330.25,330.25,326.08914,0.0,0.0,1.2962222621882753,0.4481093643892428,0.0,0.9073555835317928,1.7167582525316918,0
44,Bear_public_Valorie,2016-09-20 17:00:00,1,gradual_drift,320.75,312.0165402011788,310.02844,0.0,0.0,1.3850613412623276,0.8890649349353219,0.0,0.9695429388836292,1.7167582525316918,0
44,Bear_public_Valorie,2016-09-20 18:00:00,1,gradual_drift,315.25,297.78308040235754,293.16104,0.0,0.0,0.2293945904135949,3.1737763927767437,0.6957904647656847,0.2301552597660849,1.7167582525316918,0
44,Bear_public_Valorie,2016-09-20 19:00:00,1,gradual_drift,279.25,253.04962060353628,277.69,0.7226067155847335,0.7767426798821373,0.0,1.8955344696983552,1.3040108960469354,0.2762758318290754,1.7167582525316918,0
44,Bear_public_Valorie,2016-09-20 20:00:00,1,gradual_drift,271.25,236.31616080471505,256.04712,0.3343816653658073,0.1051936286189697,0.0,0.4561776436165227,2.278138161006148,0.2889604482551055,1.7167582525316918,0
44,Bear_public_Valorie,2016-09-20 21:00:00,1,gradual_drift,250.75,207.0827010058938,242.04358,1.5387259964674167,1.7442312480852535,0.0,0.030309626901278,3.1686703100039444,0.6297498615843239,1.7167582525316918,0
44,Bear_public_Valorie,2016-09-20 22:00:00,1,gradual_drift,253.25,200.84924120707257,236.27553,1.575529359830658,0.0,0.0,0.0,2.277141888552056,0.503431826825571,1.7167582525316918,0
44,Bear_public_Valorie,2016-09-20 23:00:00,1,gradual_drift,247.5,186.3657814082513,226.48582,1.9466999921667505,0.0709427131672099,0.0,0.0,1.5537934698927518,0.4978254134476368,1.7167582525316918,0
44,Bear_public_Valorie,2016-09-21 00:00:00,1,gradual_drift,241.25,171.38232160943008,224.13925,2.145080750969466,0.0,0.1694837302203581,0.0,0.9601472442666794,0.5900424670005753,1.7167582525316918,0
44,Bear_public_Valorie,2016-09-21 01:00:00,1,gradual_drift,239.25,160.64886181060882,190.68372,1.303350776743288,1.015981608357846,0.0,0.3605996546579689,0.647850139632139,0.3182709401022355,1.7167582525316918,0
44,Bear_public_Valorie,2016-09-21 02:00:00,1,gradual_drift,147.75,60.41540201178759,103.41242,2.8397986363895886,2.411205046637736,0.0329238887154978,0.5510170129408994,0.5024733925066164,0.6305389488856316,1.7167582525316918,0
44,Bear_public_Valorie,2016-09-21 03:00:00,1,gradual_drift,41.5,0.01,64.13578,5.344259537194387,4.355295607611526,0.0,0.0,0.0,1.0441278091993056,1.7167582525316918,0
44,Bear_public_Valorie,2016-09-21 04:00:00,1,gradual_drift,47.75,0.01,64.13578,5.344259537194387,0.0,0.0,0.0,0.0,0.9352454190090176,1.7167582525316918,0
44,Bear_public_Valorie,2016-09-21 05:00:00,1,gradual_drift,64.5,0.01,80.288315,7.258872167005784,3.1706850628273235,0.0,0.0,0.0,1.3495697557966952,1.7167582525316918,0
44,Bear_public_Valorie,2016-09-21 06:00:00,1,gradual_drift,136.25,13.981562816502644,114.16032,8.58448915142607,1.987786872438131,1.6039571270742827,0.0,0.0,2.674750262262513,1.7167582525316918,1
44,Bear_public_Valorie,2016-09-21 07:00:00,1,gradual_drift,167.5,36.49810301768139,146.41998,8.708618431559612,0.0,0.535576497280806,0.0,0.0,1.8989117736194965,1.7167582525316918,1
44,Bear_public_Valorie,2016-09-21 08:00:00,1,gradual_drift,180.5,40.76464321886016,173.24721,10.0,3.4191779271275307,0.0,1.1734412117786532,0.2220805168124313,1.8576874998594315,1.7167582525316918,1
44,Bear_public_Valorie,2016-09-21 09:00:00,1,gradual_drift,233.75,85.28118342003893,181.92052,7.508548720423438,5.829315083067333,0.1824828145897911,1.768931870280314,0.6397768335493228,1.6514445567185707,1.7167582525316918,0
44,Bear_public_Valorie,2016-09-21 10:00:00,1,gradual_drift,248.75,91.54772362121768,207.78563,9.27926738780099,2.881698363005631,0.0,0.7925001715864167,1.042672341041334,1.8001814860444474,1.7167582525316918,1
44,Bear_public_Valorie,2016-09-21 11:00:00,1,gradual_drift,267.5,101.56426382239644,218.79181,7.740372016669162,2.416120459730926,0.0,0.576548533906187,1.5699779099399251,1.5719659054043689,1.7167582525316918,0
44,Bear_public_Valorie,2016-09-21 12:00:00,1,gradual_drift,315.25,140.58080402357518,226.97043,7.161045439098824,0.4889887426464917,0.5779741898583325,0.6252238247943258,2.175467533668328,1.887536356676122,1.7167582525316918,1
44,Bear_public_Valorie,2016-09-21 13:00:00,1,gradual_drift,325.5,142.09734422475395,243.88791,8.679679958906517,2.3754299647253987,0.0,0.4210379339899989,2.369093933178477,1.815239135244623,1.7167582525316918,1
44,Bear_public_Valorie,2016-09-21 14:00:00,1,gradual_drift,323.25,131.11388442593272,247.42079,10.0,2.200248901114428,0.0,0.397666548652321,2.397605326909732,2.044766755218834,1.7167582525316918,1
44,Bear_public_Valorie,2016-09-21 15:00:00,1,gradual_drift,319.75,118.8804246271115,245.39722,10.0,1.3474208394167877,0.6953719453061697,0.9575714968274424,1.814880337621804,2.4519339164619187,1.7167582525316918,1
44,Bear_public_Valorie,2016-09-21 16:00:00,0,normal,316.5,316.5,235.193,6.659865743878735,8.278615923022363,0.1902198932857499,1.1955173080040056,1.6795789783226531,1.6735537263866278,1.7167582525316918,0
44,Bear_public_Valorie,2016-09-21 17:00:00,0,normal,309.0,309.0,288.02618,0.7106142808948688,10.0,0.0,0.0,0.055227644906021,0.3798802636472038,1.7167582525316918,0
44,Bear_public_Valorie,2016-09-21 18:00:00,0,normal,304.0,304.0,304.0738,0.0,0.7526579019996422,0.0,0.0,0.0,0.018816447549991,1.7167582525316918,0
44,Bear_public_Valorie,2016-09-21 19:00:00,0,normal,299.5,299.5,294.5739,0.0,0.0,0.610410315070185,0.0,0.0,0.4272872205491294,1.7167582525316918,0
44,Bear_public_Valorie,2016-09-21 20:00:00,0,normal,294.0,294.0,280.8123,0.0,0.0,0.8002250048598849,0.0,0.0,0.5601575034019194,1.7167582525316918,0
44,Bear_public_Valorie,2016-09-21 21:00:00,0,normal,282.5,282.5,261.5499,0.43078866574204,0.1906754554757366,0.7863920201885455,0.0,0.0,0.6306293170237323,1.7167582525316918,0
44,Bear_public_Valorie,2016-09-21 22:00:00,0,normal,259.75,259.75,240.83035,0.2702251916301239,0.0,0.4513132251264117,2.456699360518592,0.0,0.3632086661237598,1.7167582525316918,0
44,Bear_public_Valorie,2016-09-21 23:00:00,0,normal,238.5,238.5,224.76286,0.0,0.0,0.0,1.6554971713061035,0.2122283514563354,0.0212228351456335,1.7167582525316918,0
44,Bear_public_Valorie,2016-09-22 00:00:00,0,normal,238.0,238.0,203.10437,0.9705687684632084,1.2747325477704938,0.0,1.01395970242781,0.616404942083147,0.2633583423836385,1.7167582525316918,0
44,Bear_public_Valorie,2016-09-22 01:00:00,0,normal,229.75,229.75,204.67223,0.7157719103529347,0.0,0.2268049484585224,0.9287917075958484,0.9461773624436108,0.3786412844770904,1.7167582525316918,0
44,Bear_public_Valorie,2016-09-22 02:00:00,0,normal,141.25,141.25,190.65866,3.5997913367532366,5.11757474598372,0.8431891624403358,1.0046350910310482,1.3851333701611996,1.4866486033057642,1.7167582525316918,0
44,Bear_public_Valorie,2016-09-22 03:00:00,0,normal,43.25,43.25,154.43501,10.0,10.0,0.0,0.0438565098833536,1.4244313297097433,2.142443132970974,1.7167582525316918,1
44,Bear_public_Valorie,2016-09-22 04:00:00,0,normal,49.75,49.75,132.91052,7.600509645478314,5.996851923739781,0.0,0.0,0.5090088762207976,1.530911373674279,1.7167582525316918,0
44,Bear_public_Valorie,2016-09-22 05:00:00,0,normal,74.75,74.75,134.21431,4.791720208260969,4.96648802953028,0.0,0.0,0.0,0.9627132371839264,1.7167582525316918,0
44,Bear_public_Valorie,2016-09-22 06:00:00,0,normal,133.25,133.25,153.52498,0.7412337328089242,7.46022663529555,0.0,0.0,0.0,0.3162215691239503,1.7167582525316918,0
44,Bear_public_Valorie,2016-09-22 07:00:00,0,normal,165.75,165.75,196.45,1.764540595844964,1.380648095912368,0.0,0.0,0.0,0.3433108066706778,1.7167582525316918,0
44,Bear_public_Valorie,2016-09-22 08:00:00,0,normal,183.5,183.5,227.27727,3.048189243913509,1.903500563171526,0.0,0.0,0.0,0.5810206317641522,1.7167582525316918,0
44,Bear_public_Valorie,2016-09-22 09:00:00,0,normal,243.5,243.5,249.27707,0.0,5.447282073317092,0.0,0.0,0.0,0.1361820518329271,1.7167582525316918,0
44,Bear_public_Valorie,2016-09-22 10:00:00,0,normal,256.0,256.0,280.8853,0.5231191366105231,0.3761055987420537,0.0,0.0,0.0,0.1009484888753928,1.7167582525316918,0
44,Bear_public_Valorie,2016-09-22 11:00:00,0,normal,289.0,289.0,291.46945,0.0,0.3761055987420537,0.0,0.0,0.0,0.0094026399685513,1.7167582525316918,0
44,Bear_public_Valorie,2016-09-22 12:00:00,0,normal,322.0,322.0,303.205,0.4957699521703413,0.3211793848794214,0.0,0.0,0.0,0.0947892262517952,1.7167582525316918,0
44,Bear_public_Valorie,2016-09-22 13:00:00,0,normal,327.25,327.25,308.46448,0.4948340801032032,0.0,0.0,0.0,0.0,0.0865959640180605,1.7167582525316918,0
44,Bear_public_Valorie,2016-09-22 14:00:00,0,normal,334.5,334.5,318.15894,0.2537943612036354,0.0,0.0,0.0,0.0,0.0444140132106361,1.7167582525316918,0
44,Bear_public_Valorie,2016-09-22 15:00:00,0,normal,336.25,336.25,310.60703,1.1710242178725836,1.1676103598010696,0.5539445916836626,0.0552545599090706,0.0,0.6218807113012926,1.7167582525316918,0
44,Bear_public_Valorie,2016-09-22 16:00:00,0,normal,324.25,324.25,313.84387,0.0,1.6773134330715191,0.7263994994296186,0.3229325102268792,0.0,0.550412485427521,1.7167582525316918,0
44,Bear_public_Valorie,2016-09-22 17:00:00,0,normal,317.25,317.25,308.9201,0.0,0.0,0.5313808595054188,1.3732783233255417,0.0,0.3719666016537931,1.7167582525316918,0
44,Bear_public_Valorie,2016-09-22 18:00:00,0,normal,312.0,312.0,293.74207,0.0,0.0,0.2582309604185583,3.089461225052381,0.2350742669485465,0.2042690989878454,1.7167582525316918,0
44,Bear_public_Valorie,2016-09-22 19:00:00,0,normal,299.25,299.25,283.39722,0.0,0.0,0.5711588765505906,2.5723544439319928,0.9617130796681184,0.4959825215522253,1.7167582525316918,0
44,Bear_public_Valorie,2016-09-22 20:00:00,0,normal,282.0,282.0,257.95413,0.6755940275249028,0.6823256429032343,0.2870398845430842,1.7732093338892363,2.0108070224554773,0.5372957173151457,1.7167582525316918,0
44,Bear_public_Valorie,2016-09-22 21:00:00,0,normal,275.75,275.75,244.0117,1.2838922266976145,0.5471733472938346,0.0,1.1823631024381678,4.133534369143262,0.6517139102687549,1.7167582525316918,0
44,Bear_public_Valorie,2016-09-22 22:00:00,0,normal,264.75,264.75,233.25784,1.2644281226237626,0.0,0.0867179608367622,1.1329906845309097,5.148148650091973,0.7967923590540897,1.7167582525316918,0
44,Bear_public_Valorie,2016-09-22 23:00:00,0,normal,258.25,258.25,228.48674,1.127711222736106,0.0,0.3257390846593156,1.0149843855838283,5.530283951631391,0.9783952184034792,1.7167582525316918,0
44,Bear_public_Valorie,2016-09-23 00:00:00,0,normal,231.8301,231.8301,228.534,0.0,1.5903266039358752,0.3174372358935253,1.0579253667830208,4.698457188766095,0.7318099491004744,1.7167582525316918,0
44,Bear_public_Valorie,2016-09-23 01:00:00,0,normal,232.64,232.64,181.3425,2.0491125580033285,3.440805432834583,0.0,0.8551242995311237,3.511487465683878,0.795763580039835,1.7167582525316918,0
44,Bear_public_Valorie,2016-09-23 02:00:00,0,normal,137.75,137.75,141.0878,0.0,3.440805432834583,0.0,0.9904391428478913,3.039063038165754,0.3899264396374401,1.7167582525316918,0
44,Bear_public_Valorie,2016-09-23 03:00:00,0,normal,43.75,43.75,68.194466,0.2833277788011597,0.0,0.0,0.0,1.278605601954334,0.1774429214856364,1.7167582525316918,0
44,Bear_public_Valorie,2016-09-23 04:00:00,0,normal,49.25,49.25,64.13578,0.0,0.0,0.0,0.0,0.0,0.0,1.7167582525316918,0
44,Bear_public_Valorie,2016-09-23 05:00:00,0,normal,68.75,68.75,64.14616,0.0,0.0,0.0,0.0,0.0,0.0,1.7167582525316918,0
44,Bear_public_Valorie,2016-09-23 06:00:00,0,normal,131.75,131.75,100.60775,1.676045361072512,2.69156303079612,0.0381608797384549,0.0,0.0,0.3873096297745109,1.7167582525316918,0
44,Bear_public_Valorie,2016-09-23 07:00:00,0,normal,158.5,158.5,154.37872,0.0,2.69156303079612,0.0,0.0,0.0,0.0672890757699029,1.7167582525316918,0
44,Bear_public_Valorie,2016-09-23 08:00:00,0,normal,185.25,185.25,190.35564,0.0,0.0,0.0,0.0,0.0,0.0,1.7167582525316918,0
44,Bear_public_Valorie,2016-09-23 09:00:00,0,normal,248.0,248.0,219.65747,1.3379753964833458,2.01260665401015,0.0,0.0,0.0,0.2844608607348392,1.7167582525316918,0
44,Bear_public_Valorie,2016-09-23 10:00:00,0,normal,268.5,268.5,257.39224,0.0,2.01260665401015,0.0,0.0,0.0,0.0503151663502536,1.7167582525316918,0
44,Bear_public_Valorie,2016-09-23 11:00:00,0,normal,336.0,336.0,280.36575,2.9263837798757355,5.202656388700828,0.0,0.0,0.0,0.6421835711957742,1.7167582525316918,0
44,Bear_public_Valorie,2016-09-23 12:00:00,0,normal,331.5,331.5,302.46136,1.5058587806970032,2.178393576901368,0.0,0.0,0.0,0.3179851260445097,1.7167582525316918,0
44,Bear_public_Valorie,2016-09-23 13:00:00,0,normal,329.5,329.5,308.5246,0.7107707611118821,0.922309126782054,0.0,0.0,0.0,0.1474426113641306,1.7167582525316918,0
44,Bear_public_Valorie,2016-09-23 14:00:00,0,normal,325.0,325.0,316.78638,0.0,0.752972166064216,0.9504992964952588,0.0,0.0,0.6841738116982866,1.7167582525316918,0
44,Bear_public_Valorie,2016-09-23 15:00:00,0,normal,325.75,325.75,313.3805,0.0,0.0,0.9483949712590218,0.12542678660377,0.0,0.6638764798813153,1.7167582525316918,0
44,Bear_public_Valorie,2016-09-23 16:00:00,0,normal,324.25,324.25,304.8243,0.5579588014934184,0.4460751763887216,1.0954782126506823,0.7396451527704301,0.0,0.875629418526544,1.7167582525316918,0
44,Bear_public_Valorie,2016-09-23 17:00:00,0,normal,295.5,295.5,293.47955,0.0,0.4460751763887216,1.4239052691234595,4.039753542370692,0.0,1.0078855677961396,1.7167582525316918,0
44,Bear_public_Valorie,2016-09-23 18:00:00,0,normal,296.75,296.75,276.29303,0.0,0.0,0.0,1.9267046504301468,0.2225351241357568,0.0222535124135757,1.7167582525316918,0
44,Bear_public_Valorie,2016-09-23 19:00:00,0,normal,305.75,305.75,263.5582,1.093167150112226,1.5209506733747464,0.0,1.5922425500770023,0.962616753100986,0.3255896934141069,1.7167582525316918,0
44,Bear_public_Valorie,2016-09-23 20:00:00,0,normal,298.25,298.25,259.28674,0.904246972975906,0.0,0.640568748302505,1.7395352106050732,2.21168947561847,0.8278102916443842,1.7167582525316918,0
44,Bear_public_Valorie,2016-09-23 21:00:00,0,normal,273.75,273.75,252.29886,0.0,1.141536432520444,0.7357634057039418,1.8369924039199623,4.897065655244928,1.0332793603302637,1.7167582525316918,0
44,Bear_public_Valorie,2016-09-23 22:00:00,0,normal,157.25,157.25,234.63843,4.893791531672668,9.153862289065168,0.0,1.5117303249885286,6.02774545966468,1.6880346212358144,1.7167582525316918,0
44,Bear_public_Valorie,2016-09-23 23:00:00,0,normal,63.5,63.5,202.66782,9.77915254509437,9.136931018246536,0.0,0.0,1.8841724369880133,2.128192214546479,1.7167582525316918,1
44,Bear_public_Valorie,2016-10-02 00:00:00,0,normal,105.75,105.75,72.12793,0.8868228508863067,10.0,0.0,0.0,0.4689810183792277,0.4520921007430261,1.7167582525316918,0
44,Bear_public_Valorie,2016-10-02 01:00:00,0,normal,101.25,101.25,64.13578,2.1424910929825054,1.847306647562752,0.0,0.0,0.0,0.4211186074610071,1.7167582525316918,0
44,Bear_public_Valorie,2016-10-02 02:00:00,0,normal,93.0,93.0,64.13578,1.1645916673074688,1.289454933611695,0.8017884590411981,0.0,0.0,0.7972918364479379,1.7167582525316918,0
44,Bear_public_Valorie,2016-10-02 03:00:00,0,normal,95.25,95.25,64.13578,1.431291510673388,0.0,0.525685357873929,0.0,0.0,0.6184557648795932,1.7167582525316918,0
44,Bear_public_Valorie,2016-10-02 04:00:00,0,normal,93.8,93.8,64.13578,1.2594182782820176,0.0,0.7925099419502345,0.4494686799496714,0.0,0.7751551580645172,1.7167582525316918,0
44,Bear_public_Valorie,2016-10-02 05:00:00,0,normal,94.5,94.5,64.13578,1.3423915628847485,0.0,1.331543325684032,3.2189383928548825,0.0,1.1669988514836531,1.7167582525316918,0
44,Bear_public_Valorie,2016-10-02 06:00:00,0,normal,96.25,96.25,64.13578,1.9033589431465965,0.4521173982772316,1.425248492151613,3.7939048689868673,0.0,1.3420646945137142,1.7167582525316918,0
44,Bear_public_Valorie,2016-10-02 07:00:00,0,normal,93.75,93.75,64.13578,1.657962044898281,0.0,1.3084922831601298,4.707266344678536,0.3103480554799045,1.2371227616172804,1.7167582525316918,0
44,Bear_public_Valorie,2016-10-02 08:00:00,0,normal,96.0,96.0,65.94657,1.4925540773387396,0.0,1.306207583710601,5.727620237764961,0.981726016017602,1.2737148737334605,1.7167582525316918,0
44,Bear_public_Valorie,2016-10-02 09:00:00,0,normal,101.0,101.0,74.584404,1.1638781853779143,0.0,1.2934511324457316,5.806383967019246,2.6715504301093804,1.3762495181640853,1.7167582525316918,0
44,Bear_public_Valorie,2016-10-02 10:00:00,0,normal,208.5,208.5,86.73989,9.778194983675933,10.0,0.9061699329441628,4.890586677471995,6.665849519424729,3.262088027146675,1.7167582525316918,1
44,Bear_public_Valorie,2016-10-02 11:00:00,0,normal,227.25,227.25,166.33723,3.338940461590985,10.0,0.0,0.0,4.086093337106798,1.242923914489102,1.7167582525316918,0
44,Bear_public_Valorie,2016-10-02 12:00:00,0,normal,250.0,250.0,237.55351,0.0,6.031206745656154,0.0,0.0,2.0054830635161545,0.3513284749930193,1.7167582525316918,0
44,Bear_public_Valorie,2016-10-02 13:00:00,0,normal,265.25,265.25,266.79364,0.0,0.0,0.0,0.0,0.8986195348121402,0.0898619534812141,1.7167582525316918,0
44,Bear_public_Valorie,2016-10-02 14:00:00,0,normal,309.25,309.25,278.7423,1.650717332362264,2.640695966562422,0.0,0.0,0.2610201326697948,0.3809949455944361,1.7167582525316918,0
44,Bear_public_Valorie,2016-10-02 15:00:00,0,normal,311.75,311.75,278.2525,1.945532079685493,0.0,0.0,0.0,0.0,0.3404681139449613,1.7167582525316918,0
44,Bear_public_Valorie,2016-10-02 16:00:00,0,normal,303.5,303.5,276.53723,1.3011646014337523,0.6196123972003831,0.0,0.0,0.0,0.2431941151809162,1.7167582525316918,0
44,Bear_public_Valorie,2016-10-02 17:00:00,0,normal,292.25,292.25,265.28015,1.3018627439404276,0.0,0.7875307094338803,0.1461492517720899,0.0,0.7790974767932909,1.7167582525316918,0
44,Bear_public_Valorie,2016-10-02 18:00:00,0,normal,285.0,285.0,256.74515,0.2776387123547427,1.3824900739068515,0.2222230634125779,0.6343237834225439,0.0,0.2387051708985558,1.7167582525316918,0
44,Bear_public_Valorie,2016-10-02 19:00:00,0,normal,257.75,257.75,244.24664,0.0,0.0,0.2543830278571808,1.2712549304646847,0.0,0.1780681195000265,1.7167582525316918,0
44,Bear_public_Valorie,2016-10-02 20:00:00,0,normal,251.25,251.25,230.69997,0.3991521060301609,0.1271387731145767,0.0,1.0097557175838794,0.021138392243662,0.0751439271075087,1.7167582525316918,0
44,Bear_public_Valorie,2016-10-02 21:00:00,0,normal,241.25,241.25,214.84961,0.8617838510460599,0.2546268974672223,0.0,0.6721618074361804,0.8174236204601291,0.238920208415754,1.7167582525316918,0
44,Bear_public_Valorie,2016-10-02 22:00:00,0,normal,240.0,240.0,176.66821,3.7822272084132607,5.190726054256968,0.3295830816931764,0.6332010125530085,3.339365603797231,1.3563026303936914,1.7167582525316918,0
44,Bear_public_Valorie,2016-10-02 23:00:00,0,normal,235.25,235.25,159.42618,4.770066387321752,1.3094172477727142,0.5416338126435506,0.8415964937345065,4.08404197382919,1.6550449152090292,1.7167582525316918,0
44,Bear_public_Valorie,2016-10-03 00:00:00,0,normal,227.5,227.5,167.92189,4.805209299459855,0.0,0.9326200049070368,1.1758599426826293,4.199601254204033,1.913705756260804,1.7167582525316918,1
44,Bear_public_Valorie,2016-10-03 01:00:00,0,normal,224.75,224.75,141.98387,7.55376084684361,4.845510410366897,0.5027709994659647,2.13769725142942,3.67496583426843,2.1624821915098225,1.7167582525316918,1
44,Bear_public_Valorie,2016-10-03 02:00:00,1,spike,169.25,585.8750036707536,116.92451,10.0,10.0,0.5820439266677686,2.310260778301984,3.097460251379489,2.7171767738053867,1.7167582525316918,1
44,Bear_public_Valorie,2016-10-03 03:00:00,1,spike,116.0,385.9101302508223,168.58401,10.0,10.0,0.0,0.0,0.0,2.0,1.7167582525316918,1
44,Bear_public_Valorie,2016-10-03 04:00:00,0,normal,127.0,127.0,170.24469,2.3302772619006262,10.0,0.0,0.0,0.0,0.6577985208326093,1.7167582525316918,0
44,Bear_public_Valorie,2016-10-03 05:00:00,0,normal,139.25,139.25,156.86142,0.0304417416188477,3.944340120550751,0.0,0.0,0.0,0.103935807797067,1.7167582525316918,0
44,Bear_public_Valorie,2016-10-03 06:00:00,0,normal,151.75,151.75,153.5493,0.0,0.0,0.0,0.0,0.0,0.0,1.7167582525316918,0
44,Bear_public_Valorie,2016-10-03 07:00:00,0,normal,158.25,158.25,185.2325,1.2788007041086924,1.8937642872209457,0.1756609984745064,0.0,0.0,0.3940969293316991,1.7167582525316918,0
44,Bear_public_Valorie,2016-10-03 08:00:00,0,normal,186.75,186.75,210.14868,0.9365562615684836,0.0128493506234453,0.3315713838827139,0.0,0.0,0.3963185482579704,1.7167582525316918,0
44,Bear_public_Valorie,2016-10-03 09:00:00,0,normal,238.25,238.25,232.07018,0.0,1.2064241771209048,0.0,0.0,0.0,0.0301606044280225,1.7167582525316918,0
44,Bear_public_Valorie,2016-10-03 10:00:00,0,normal,252.5,252.5,285.63422,1.7709013053235072,2.8820651604471,0.0,0.0228514157663227,0.0,0.3819593574427911,1.7167582525316918,0
44,Bear_public_Valorie,2016-10-03 11:00:00,0,normal,255.0,255.0,319.4673,4.6018243757260695,5.01093969033016,0.0,0.0,0.0,0.930592758010316,1.7167582525316918,0
44,Bear_public_Valorie,2016-10-03 12:00:00,0,normal,259.25,259.25,330.12616,10.0,10.0,0.3053940311615759,0.0,0.0,2.213775821813103,1.7167582525316918,1
44,Bear_public_Valorie,2016-10-03 13:00:00,0,normal,265.0,265.0,341.97836,10.0,1.277265827445621,0.922504604593448,0.0,0.0,2.427684868901554,1.7167582525316918,1
44,Bear_public_Valorie,2016-10-03 14:00:00,0,normal,273.5,273.5,348.55383,6.043261467207111,9.40975544400514,0.7020805981167483,0.4893503087111619,0.0,1.7842710615430966,1.7167582525316918,1
44,Bear_public_Valorie,2016-10-03 15:00:00,0,normal,274.75,274.75,339.38025,5.015427180224136,1.389740661597466,0.4635009084361375,2.089641295799438,0.1450061734449784,1.2513945263289543,1.7167582525316918,0
44,Bear_public_Valorie,2016-10-03 16:00:00,0,normal,280.25,280.25,341.0551,4.638243654052979,0.083018594019906,0.658623482883132,2.572607503450486,1.023088301623536,1.377113372490315,1.7167582525316918,0
44,Bear_public_Valorie,2016-10-03 17:00:00,0,normal,277.0,277.0,339.646,4.819766724258469,0.0,0.88575861432314,2.4730624222723283,1.3259642678380816,1.5960866335552382,1.7167582525316918,0
44,Bear_public_Valorie,2016-10-03 18:00:00,0,normal,266.25,266.25,334.00598,2.589069302662891,3.805487936391478,1.0161538323517985,2.9029739687680687,1.859730111692913,1.445505020191343,1.7167582525316918,0
44,Bear_public_Valorie,2016-10-03 19:00:00,0,normal,265.75,265.75,317.53387,1.6544525625331623,1.2025289761664044,0.4367402117871197,3.443507237220837,2.814637387008869,0.9067743097993344,1.7167582525316918,0
44,Bear_public_Valorie,2016-10-03 20:00:00,0,normal,256.75,256.75,296.18695,0.9319654325101848,0.7765025124960037,0.534343886260752,3.505955015451781,5.127724183112441,1.0693196521954536,1.7167582525316918,0
44,Bear_public_Valorie,2016-10-03 21:00:00,0,normal,253.25,253.25,274.9654,0.0,1.1972042729875871,0.6479261469674349,2.6925061051359367,10.0,1.483478409701895,1.7167582525316918,0
44,Bear_public_Valorie,2016-10-03 22:00:00,0,normal,246.25,246.25,276.07672,0.3696174969979652,0.0678235033814062,0.5243499471181927,2.2875178535437435,10.0,1.4334236125419149,1.7167582525316918,0
44,Bear_public_Valorie,2016-10-03 23:00:00,0,normal,240.5,240.5,256.2634,0.0,0.0678235033814062,0.6474636431449978,2.232575679959505,10.0,1.4549201377860346,1.7167582525316918,0
44,Bear_public_Valorie,2016-10-04 00:00:00,0,normal,236.0,236.0,258.4171,0.1500145004308894,0.0,0.5304698589763331,2.351973983716898,10.0,1.3975814388588397,1.7167582525316918,0
44,Bear_public_Valorie,2016-10-04 01:00:00,0,normal,233.5,233.5,267.01202,0.8795864908081339,0.7907312568981073,0.6718130754124758,2.2255205283308337,8.924412077729963,1.5364062778756062,1.7167582525316918,0
44,Bear_public_Valorie,2016-10-04 02:00:00,0,normal,173.25,173.25,300.25598,7.0275024916653015,10.0,0.8881612386401123,2.54971535944748,7.979482352200171,2.899474038309524,1.7167582525316918,1
44,Bear_public_Valorie,2016-10-04 03:00:00,0,normal,116.75,116.75,201.38187,7.774912851155954,0.8265566058779513,0.0,0.0,1.926031007267941,1.573876764826035,1.7167582525316918,0
44,Bear_public_Valorie,2016-10-04 04:00:00,0,normal,113.25,113.25,83.501595,1.269397094849797,10.0,0.0,0.0,0.0,0.4721444915987141,1.7167582525316918,0
44,Bear_public_Valorie,2016-10-04 05:00:00,0,normal,132.5,132.5,112.12595,0.1582237118026553,1.5571131484645149,0.0,0.0,0.0,0.0666169782770775,1.7167582525316918,0
44,Bear_public_Valorie,2016-10-04 06:00:00,0,normal,159.5,159.5,144.81628,0.192402311738172,0.0,0.0,0.0,0.0,0.0336704045541801,1.7167582525316918,0
44,Bear_public_Valorie,2016-10-04 07:00:00,0,normal,164.0,164.0,181.90498,0.3949496979676734,0.0,0.0,0.0,0.0,0.0691161971443428,1.7167582525316918,0
44,Bear_public_Valorie,2016-10-04 08:00:00,0,normal,200.0,200.0,200.72615,0.0,0.1186989468929542,0.0,0.0,0.0,0.0029674736723238,1.7167582525316918,0
44,Bear_public_Valorie,2016-10-04 09:00:00,0,normal,249.0,249.0,226.17477,0.8394904971423854,1.0114839971945633,0.0,0.0,0.0,0.1721979369297815,1.7167582525316918,0
44,Bear_public_Valorie,2016-10-04 10:00:00,0,normal,258.25,258.25,249.35718,0.0,1.0114839971945633,0.0,0.0,0.0,0.025287099929864,1.7167582525316918,0
44,Bear_public_Valorie,2016-10-04 11:00:00,0,normal,268.25,268.25,269.76907,0.0,0.0,0.0,0.0,0.0,0.0,1.7167582525316918,0
44,Bear_public_Valorie,2016-10-04 12:00:00,0,normal,305.5,305.5,284.1759,0.7451542795656457,0.8220256507146206,0.0,0.0,0.0,0.1509526401918534,1.7167582525316918,0
44,Bear_public_Valorie,2016-10-04 13:00:00,0,normal,304.75,304.75,294.374,0.0,0.8220256507146206,0.0,0.0,0.0,0.0205506412678654,1.7167582525316918,0
44,Bear_public_Valorie,2016-10-04 14:00:00,0,normal,307.75,307.75,299.852,0.0,0.0,0.0,0.0,0.0,0.0,1.7167582525316918,0
44,Bear_public_Valorie,2016-10-04 15:00:00,0,normal,316.75,316.75,296.89563,0.6002295247316484,0.5309687786015899,1.0829478731852262,0.0,0.0,0.8763778975227365,1.7167582525316918,0
44,Bear_public_Valorie,2016-10-04 16:00:00,0,normal,313.5,313.5,300.1999,0.0,0.5309687786015899,0.2751037778439979,0.1536363025819928,0.0,0.2058468639558382,1.7167582525316918,0
44,Bear_public_Valorie,2016-10-04 17:00:00,0,normal,311.25,311.25,302.17624,0.0,0.0,0.5122359094482439,0.6653060002717136,0.0,0.3585651366137707,1.7167582525316918,0
44,Bear_public_Valorie,2016-10-04 18:00:00,0,normal,298.75,298.75,296.72302,0.0,0.0,0.8379227676701765,3.240245779821206,0.0,0.5865459373691235,1.7167582525316918,0
44,Bear_public_Valorie,2016-10-04 19:00:00,0,normal,286.75,286.75,274.82822,0.0,0.0,0.1451421492873715,2.639465355563761,0.3556153259978657,0.1371610371009467,1.7167582525316918,0
44,Bear_public_Valorie,2016-10-04 20:00:00,0,normal,279.75,279.75,249.66306,1.1533074064642457,1.6417322121942863,0.0,1.555816416850342,1.700782812854242,0.4129503827215244,1.7167582525316918,0
44,Bear_public_Valorie,2016-10-04 21:00:00,0,normal,256.75,256.75,245.29778,0.0,1.6417322121942863,0.0192225712944506,0.9868891684975412,3.836914715595257,0.4381905767704985,1.7167582525316918,0
44,Bear_public_Valorie,2016-10-04 22:00:00,0,normal,249.25,249.25,234.35085,0.0,0.0,0.0,0.4317374033578903,4.1549852368069535,0.4154985236806957,1.7167582525316918,0
44,Bear_public_Valorie,2016-10-04 23:00:00,0,normal,243.75,243.75,223.39195,0.3839703220454603,0.0966487262985991,0.0,0.2689105667158226,3.8020320001078463,0.4498142245262055,1.7167582525316918,0
44,Bear_public_Valorie,2016-10-05 00:00:00,0,normal,239.25,239.25,223.94034,0.0,0.0966487262985991,0.2978901441112336,0.3692978109304095,3.1179721138287984,0.5227365304182087,1.7167582525316918,0
44,Bear_public_Valorie,2016-10-05 01:00:00,0,normal,229.75,229.75,202.55684,0.9665156310912624,1.266592506498219,0.4835105750126974,0.5694496113811353,2.550843909280368,0.7943468415403515,1.7167582525316918,0
44,Bear_public_Valorie,2016-10-05 02:00:00,0,normal,194.75,194.75,139.6958,3.3898349630350038,4.192336482663582,0.2328078575763901,0.7760073103548548,2.090953538803402,1.0700903847815286,1.7167582525316918,0
44,Bear_public_Valorie,2016-10-05 03:00:00,0,normal,112.5,112.5,97.284424,0.0,6.1334197486383975,0.0,0.374348976556856,1.2724859734346483,0.2805840910594246,1.7167582525316918,0
44,Bear_public_Valorie,2016-10-05 04:00:00,0,normal,109.5,109.5,68.67263,2.113393543162081,3.5699029255167765,0.0,0.0,0.0,0.4590914431912835,1.7167582525316918,0
44,Bear_public_Valorie,2016-10-05 05:00:00,0,normal,127.75,127.75,80.31582,2.706161444452565,0.5159833692271992,0.0,0.0,0.0,0.4864778370098787,1.7167582525316918,0
44,Bear_public_Valorie,2016-10-05 06:00:00,0,normal,145.75,145.75,113.32996,1.7980703701744354,1.1492566601819802,0.0092328098566285,0.0,0.0,0.3498566981847156,1.7167582525316918,0
44,Bear_public_Valorie,2016-10-05 07:00:00,0,normal,149.25,149.25,159.32657,0.0,2.936629634561996,0.0,0.0,0.0,0.0734157408640498,1.7167582525316918,0
44,Bear_public_Valorie,2016-10-05 08:00:00,0,normal,171.75,171.75,189.05733,0.3548489771019126,0.0381634276296287,0.0,0.0,0.0,0.0630526566835754,1.7167582525316918,0
44,Bear_public_Valorie,2016-10-05 09:00:00,0,normal,242.0,242.0,217.7347,0.9696007054633248,0.5601341697696414,0.0,0.3262652048950835,0.1155058639881105,0.1952340640991338,1.7167582525316918,0
44,Bear_public_Valorie,2016-10-05 10:00:00,0,normal,254.5,254.5,247.11981,0.0,1.2727883568758656,0.0,0.0,0.202999984038929,0.0521197073257895,1.7167582525316918,0
44,Bear_public_Valorie,2016-10-05 11:00:00,0,normal,300.25,300.25,268.54828,1.0558735163772297,1.446052714105674,0.0,0.0,0.1671171609888671,0.2376408993175436,1.7167582525316918,0
44,Bear_public_Valorie,2016-10-05 12:00:00,0,normal,317.5,317.5,278.51044,2.4870860368895107,2.1998576568892703,0.0,0.0,0.0,0.490236497877896,1.7167582525316918,0
44,Bear_public_Valorie,2016-10-05 13:00:00,0,normal,314.25,314.25,287.2727,1.3025969972664138,1.70435525147413,0.0,0.0,0.0,0.2705633558084755,1.7167582525316918,0
44,Bear_public_Valorie,2016-10-05 14:00:00,0,normal,317.5,317.5,303.36084,0.0366720416275853,1.867905522926016,0.1018281567414746,0.0,0.0,0.12439495507701,1.7167582525316918,0
44,Bear_public_Valorie,2016-10-05 15:00:00,0,normal,316.5,316.5,301.4159,0.1298499923892109,0.0,1.0816122695394326,0.0,0.0,0.7798523373457147,1.7167582525316918,0
44,Bear_public_Valorie,2016-10-05 16:00:00,0,normal,313.5,313.5,304.0665,0.0,0.0,1.1308372218632512,0.3192956994960007,0.0,0.7915860553042758,1.7167582525316918,0
44,Bear_public_Valorie,2016-10-05 17:00:00,0,normal,324.25,324.25,304.78394,0.5619400193224336,0.4540707794162452,1.0356526178787748,2.7870935127325813,0.0,0.8346481053819742,1.7167582525316918,0
44,Bear_public_Valorie,2016-10-05 18:00:00,0,normal,314.75,314.75,297.74933,0.0,0.4540707794162452,0.4695675827963883,3.86726519211912,0.0,0.3400490774428779,1.7167582525316918,0
44,Bear_public_Valorie,2016-10-05 19:00:00,0,normal,304.75,304.75,276.38925,0.2838352755929818,0.0,0.4354659716248767,3.8235349762623545,0.0256128987271468,0.3570586432389002,1.7167582525316918,0
44,Bear_public_Valorie,2016-10-05 20:00:00,0,normal,293.5,293.5,252.0476,1.0499001383833224,0.8640210224122318,0.0798649181538019,2.9142787080539083,1.0513058826106791,0.3663690807461165,1.7167582525316918,0
44,Bear_public_Valorie,2016-10-05 21:00:00,0,normal,285.0,285.0,247.23187,1.760716321358089,0.7530633881977422,0.0214674699500639,1.863244295894347,3.684714366160323,0.7104506065236865,1.7167582525316918,0
44,Bear_public_Valorie,2016-10-05 22:00:00,0,normal,274.75,274.75,240.42853,1.4881633594709365,0.0,0.0764282384823182,1.2722651931925748,5.508280822349621,0.8647564370799993,1.7167582525316918,0
44,Bear_public_Valorie,2016-10-05 23:00:00,0,normal,282.5,282.5,237.01901,2.8226997248772165,2.005699941423078,0.1175679274866576,0.8431802685759604,7.255122245554764,1.3519247241852272,1.7167582525316918,0
44,Bear_public_Valorie,2016-10-06 00:00:00,0,normal,277.0,277.0,234.80547,2.7446773675301728,0.0,0.5198439380068792,1.2432950603944388,6.646228469457742,1.5088321428683704,1.7167582525316918,0
44,Bear_public_Valorie,2016-10-06 01:00:00,0,normal,255.5,255.5,232.78491,0.4883465395241587,3.856968300115189,0.7116689317901839,1.803716611323097,6.160447516436435,1.29609785581638,1.7167582525316918,0
44,Bear_public_Valorie,2016-10-06 02:00:00,0,normal,197.75,197.75,168.71066,1.0557627511538297,0.4650687859739216,0.0,1.5311050929629455,4.893532495982532,0.6857384506995218,1.7167582525316918,0
44,Bear_public_Valorie,2016-10-06 03:00:00,0,normal,133.75,133.75,122.54625,0.0,1.4458302608781453,0.0,0.0,2.308485291777822,0.266994285699736,1.7167582525316918,0
44,Bear_public_Valorie,2016-10-06 04:00:00,0,normal,130.0,130.0,85.00314,2.487482927941834,4.321198219059967,0.0,0.0,0.3900181239408056,0.5823412802604006,1.7167582525316918,0
44,Bear_public_Valorie,2016-10-06 05:00:00,0,normal,134.5,134.5,98.23044,1.7044637247405734,0.8980709491786718,0.0,0.0,0.0,0.3207329255590671,1.7167582525316918,0
44,Bear_public_Valorie,2016-10-06 06:00:00,0,normal,153.0,153.0,127.27225,1.1589760241614713,0.4210290783077933,0.9623478223000688,0.0,0.0,0.8869900067960004,1.7167582525316918,0
44,Bear_public_Valorie,2016-10-06 07:00:00,0,normal,157.0,157.0,158.87524,0.0,1.6531166726203113,0.0,0.0,0.0,0.0413279168155077,1.7167582525316918,0
44,Bear_public_Valorie,2016-10-06 08:00:00,0,normal,184.25,184.25,187.2278,0.0,0.0,0.0,0.2560335206901904,0.0,0.0,1.7167582525316918,0
44,Bear_public_Valorie,2016-10-06 09:00:00,0,normal,239.0,239.0,227.45367,0.0,0.0,0.0,0.5605135344998626,0.0,0.0,1.7167582525316918,0
44,Bear_public_Valorie,2016-10-06 10:00:00,0,normal,258.0,258.0,255.77463,0.0,0.0,0.0,0.0,0.0,0.0,1.7167582525316918,0
44,Bear_public_Valorie,2016-10-06 11:00:00,0,normal,310.75,310.75,282.07175,0.819566323206443,0.9714696618115304,0.0,0.0,0.0,0.1677108481064157,1.7167582525316918,0
44,Bear_public_Valorie,2016-10-06 12:00:00,0,normal,312.75,312.75,289.28638,0.95612572291909,0.0,0.0,0.0,0.0,0.1673220015108407,1.7167582525316918,0
44,Bear_public_Valorie,2016-10-06 13:00:00,0,normal,313.5,313.5,304.44385,0.0,1.245726132236638,0.0,0.0,0.0,0.0311431533059159,1.7167582525316918,0
44,Bear_public_Valorie,2016-10-06 14:00:00,0,normal,304.0,304.0,295.69293,0.0,0.0,1.1805527914262348,0.0,0.0,0.8263869539983644,1.7167582525316918,0
44,Bear_public_Valorie,2016-10-06 15:00:00,0,normal,303.5,303.5,298.95853,0.0,0.0,0.474328102091133,0.0,0.0,0.3320296714637931,1.7167582525316918,0
44,Bear_public_Valorie,2016-10-06 16:00:00,0,normal,300.25,300.25,300.66843,0.0,0.0,0.4247089341733448,0.4968644103367776,0.0,0.2972962539213413,1.7167582525316918,0
44,Bear_public_Valorie,2016-10-06 17:00:00,0,normal,297.5,297.5,295.1767,0.0,0.0,1.024022689537842,3.0310790394082754,0.0,0.7168158826764894,1.7167582525316918,0
44,Bear_public_Valorie,2016-10-06 18:00:00,0,normal,308.25,308.25,283.76047,0.0573089240376193,0.0,0.8142695132580123,2.6718711351435624,0.0,0.580017720987192,1.7167582525316918,0
44,Bear_public_Valorie,2016-10-06 19:00:00,0,normal,300.5,300.5,263.79178,0.7722923195571155,0.7614325301713717,0.412611005026211,2.938426736185476,0.1546029871684746,0.4584749714119747,1.7167582525316918,0
44,Bear_public_Valorie,2016-10-06 20:00:00,0,normal,285.0,285.0,240.24663,1.24305880048966,0.2709641394661914,0.4157660806958187,3.757543515778431,1.2634034079331966,0.6416859908527381,1.7167582525316918,0
44,Bear_public_Valorie,2016-10-06 21:00:00,0,normal,268.5,268.5,224.40234,2.2612397817190484,1.3703536287788964,0.0,2.2812352989133173,3.8044666023323135,0.8104224627535376,1.7167582525316918,0
44,Bear_public_Valorie,2016-10-06 22:00:00,0,normal,267.0,267.0,221.59329,2.36475633298653,0.0,0.0,1.0990232285388468,5.412053209470852,0.9550376792197284,1.7167582525316918,0
44,Bear_public_Valorie,2016-10-06 23:00:00,0,normal,233.5,233.5,214.3502,0.0,4.07472259870312,0.0,0.7716050348888445,6.061665785309037,0.7080346434984821,1.7167582525316918,0
44,Bear_public_Valorie,2016-10-07 00:00:00,0,normal,239.5,239.5,199.68213,2.462963720726073,4.271955536075372,0.0,0.0837024229781759,3.583830266807964,0.8962005662097435,1.7167582525316918,0
44,Bear_public_Valorie,2016-10-07 01:00:00,0,normal,235.75,235.75,180.37442,3.418669463933374,1.2448826739785637,0.0,0.1434697985345021,2.9019544755711104,0.9195846705949158,1.7167582525316918,0
44,Bear_public_Valorie,2016-10-07 02:00:00,0,normal,186.5,186.5,122.528534,5.325968163130684,3.1559962695302324,0.794173270856964,0.4071699002057454,2.5736023801708074,1.824225862903081,1.7167582525316918,1
44,Bear_public_Valorie,2016-10-07 03:00:00,0,normal,108.75,108.75,71.0738,1.830668400581745,6.345227970772115,0.0,0.0,1.367514551971605,0.6157491245682686,1.7167582525316918,0
44,Bear_public_Valorie,2016-10-07 04:00:00,0,normal,114.75,114.75,64.13578,2.991476790987877,1.6567966704809065,0.0,0.0,0.0,0.564928355184901,1.7167582525316918,0
44,Bear_public_Valorie,2016-10-07 05:00:00,0,normal,135.0,135.0,76.64555,3.6859355245583214,0.7202122161200486,0.0,0.0,0.0,0.6630440222007074,1.7167582525316918,0
44,Bear_public_Valorie,2016-10-07 06:00:00,0,normal,146.25,146.25,109.43388,2.2178837012760195,2.273843169214951,0.0,0.0,0.0,0.4449757269536771,1.7167582525316918,0
44,Bear_public_Valorie,2016-10-07 07:00:00,0,normal,150.0,150.0,148.96803,0.0,3.779753745151247,0.0,0.0,0.0,0.094493843628781,1.7167582525316918,0
44,Bear_public_Valorie,2016-10-07 08:00:00,0,normal,174.0,174.0,187.3229,0.0,0.0,0.2047533575065795,0.1141132306283064,0.0,0.1433273502546057,1.7167582525316918,0
44,Bear_public_Valorie,2016-10-07 09:00:00,0,normal,251.5,251.5,211.8965,2.355397052508064,4.05592606594782,0.0,0.3358119366103743,0.0471652430382252,0.518309160141429,1.7167582525316918,0
44,Bear_public_Valorie,2016-10-07 10:00:00,0,normal,305.25,305.25,249.65134,2.9236026569942526,0.4666541480878656,0.0,0.0,0.1553255877538248,0.5388293774515733,1.7167582525316918,0
44,Bear_public_Valorie,2016-10-07 11:00:00,0,normal,298.5,298.5,283.61548,0.0,5.197070973512281,0.0,0.0,0.0,0.1299267743378068,1.7167582525316918,0
44,Bear_public_Valorie,2016-10-07 12:00:00,0,normal,278.75,278.75,294.11758,0.1578027757707101,0.0,0.0,0.0,0.0,0.0276154857598742,1.7167582525316918,0
44,Bear_public_Valorie,2016-10-07 13:00:00,0,normal,278.75,278.75,293.84045,0.1304759132572648,0.0,0.0,0.0,0.0,0.0228332848200213,1.7167582525316918,0
44,Bear_public_Valorie,2016-10-07 14:00:00,0,normal,282.5,282.5,290.54846,0.0,0.0,0.0,0.0,0.0,0.0,1.7167582525316918,0
44,Bear_public_Valorie,2016-10-07 15:00:00,0,normal,281.25,281.25,284.22644,0.0,0.0,0.9925021177034412,0.6730561678288447,0.0,0.6947514823924089,1.7167582525316918,0
44,Bear_public_Valorie,2016-10-07 16:00:00,0,normal,279.75,279.75,281.9118,0.0,0.0,1.0456633696276767,1.5450386930250724,0.0,0.7319643587393736,1.7167582525316918,0
44,Bear_public_Valorie,2016-10-07 17:00:00,0,normal,279.75,279.75,282.85727,0.0,0.0,1.17452830565762,2.336971532957521,0.0,0.8221698139603338,1.7167582525316918,0
44,Bear_public_Valorie,2016-10-07 18:00:00,0,normal,281.75,281.75,269.779,0.0,0.0,1.3156697275323466,5.156468579695187,0.0,0.9209688092726426,1.7167582525316918,0
44,Bear_public_Valorie,2016-10-07 19:00:00,0,normal,271.75,271.75,267.06055,0.0,0.0,1.226689964424709,5.179053089255823,0.3776411652264286,0.8964470916199391,1.7167582525316918,0
44,Bear_public_Valorie,2016-10-07 20:00:00,0,normal,267.75,267.75,224.99611,1.1260580434849947,1.5870064728621889,0.4158298783243305,3.578674888301556,1.750093232069992,0.7028255574654594,1.7167582525316918,0
44,Bear_public_Valorie,2016-10-07 21:00:00,0,normal,250.5,250.5,201.53699,1.4893882609875158,0.055196565311782,0.1895831147768424,2.7885158896023525,6.864632819624881,1.0811943221118885,1.7167582525316918,0
44,Bear_public_Valorie,2016-10-07 22:00:00,0,normal,222.5,222.5,179.54874,1.1376074016242774,0.0320016317838059,0.0,1.3608146952053326,6.730537077569036,0.8729350438357478,1.7167582525316918,0
44,Bear_public_Valorie,2016-10-07 23:00:00,0,normal,155.5,155.5,156.30518,0.0,1.610201406390165,0.0,0.2685750736956532,4.472639579421696,0.4875189931019241,1.7167582525316918,0
44,Bear_public_Valorie,2016-11-27 00:00:00,0,normal,139.5,139.5,64.13578,5.212064665319457,9.793060077344714,0.0,0.0,0.0237782647023413,1.1593156448347566,1.7167582525316918,0
44,Bear_public_Valorie,2016-11-27 01:00:00,0,normal,140.5,140.5,64.13578,5.301785387514672,0.0,0.6658191072714195,0.0,0.0,1.393885817905061,1.7167582525316918,0
44,Bear_public_Valorie,2016-11-27 02:00:00,0,normal,141.0,141.0,64.13578,5.346645748612279,0.0,1.2256134439612576,0.0,0.0,1.793592416780029,1.7167582525316918,1
44,Bear_public_Valorie,2016-11-27 03:00:00,0,normal,139.6592,139.6592,64.13578,5.226348204292935,0.0,1.0805516194847695,0.0,0.0,1.6709970693906022,1.7167582525316918,0
44,Bear_public_Valorie,2016-11-27 04:00:00,0,normal,151.5874,151.5874,64.13578,6.296554922781904,1.4748385276734457,1.1304468315318357,4.379244363386494,0.0,1.930080856750954,1.7167582525316918,1
44,Bear_public_Valorie,2016-11-27 05:00:00,0,normal,162.5,162.5,84.75582,5.42559631514481,1.074682377777563,0.0,1.6375218728968333,0.0,0.9763464145947808,1.7167582525316918,0
44,Bear_public_Valorie,2016-11-27 06:00:00,0,normal,158.75,158.75,122.682556,2.1463875754644595,5.911245679203786,0.0,0.4363088055484915,0.0,0.5233989676863748,1.7167582525316918,0
44,Bear_public_Valorie,2016-11-27 07:00:00,0,normal,155.25,155.25,132.97183,0.8295503204119338,1.970154270121804,0.0,0.3328271211016203,0.0,0.1944251628251334,1.7167582525316918,0
44,Bear_public_Valorie,2016-11-27 08:00:00,0,normal,156.5,156.5,151.22293,0.0,0.9915208325114148,0.1221078125490505,0.4256556611854193,0.0731314691060071,0.1175766365077214,1.7167582525316918,0
44,Bear_public_Valorie,2016-11-27 09:00:00,0,normal,155.75,155.75,172.32526,0.2849382540190383,0.0,0.6206014277749166,0.6881383342088067,0.7969315538381633,0.5639783492795897,1.7167582525316918,0
44,Bear_public_Valorie,2016-11-27 10:00:00,0,normal,159.0,159.0,187.14915,1.514153081965768,1.7941794369086828,1.1561832935271383,2.132537349014424,4.530747439602977,1.572234324696021,1.7167582525316918,0
44,Bear_public_Valorie,2016-11-27 11:00:00,0,normal,160.75,160.75,204.81866,3.0767924211952966,2.4638062059927317,0.6367935167115156,2.717785548489329,4.281793197985749,1.473968610355631,1.7167582525316918,0
44,Bear_public_Valorie,2016-11-27 12:00:00,0,normal,197.25,197.25,209.923,0.0825396575781705,5.33895977002368,0.3517487158406581,3.1348347847501947,4.247849248504767,0.8189274602657094,1.7167582525316918,0
44,Bear_public_Valorie,2016-11-27 13:00:00,0,normal,225.0,225.0,215.13274,0.3764294482033009,0.0,0.0,0.0,1.5909532121547831,0.2249704746510561,1.7167582525316918,0
44,Bear_public_Valorie,2016-11-27 14:00:00,0,normal,222.75,222.75,221.67108,0.0,0.0815041558902382,0.0,0.0,0.0945931470715461,0.0114969186044105,1.7167582525316918,0
44,Bear_public_Valorie,2016-11-27 15:00:00,0,normal,228.25,228.25,222.72052,0.0,0.0,0.0,0.0,0.0,0.0,1.7167582525316918,0
44,Bear_public_Valorie,2016-11-27 16:00:00,0,normal,225.5,225.5,227.72415,0.0,0.0,0.3849843122547066,0.0,0.0,0.2694890185782946,1.7167582525316918,0
44,Bear_public_Valorie,2016-11-27 17:00:00,0,normal,222.0,222.0,216.2813,0.0,0.0,0.4154451444427971,0.0,0.0,0.2908116011099579,1.7167582525316918,0
44,Bear_public_Valorie,2016-11-27 18:00:00,0,normal,224.6,224.6,218.5812,0.0,0.0,0.3401428542858858,0.3630183296102633,0.0,0.23809999800012,1.7167582525316918,0
44,Bear_public_Valorie,2016-11-27 19:00:00,0,normal,222.75,222.75,216.01904,0.0,0.0,0.7240128842926574,3.5300158440063574,0.0,0.5068090190048602,1.7167582525316918,0
44,Bear_public_Valorie,2016-11-27 20:00:00,0,normal,224.25,224.25,222.04895,0.0,0.0,0.9124748056074448,3.4735751280046414,0.0,0.6387323639252113,1.7167582525316918,0
44,Bear_public_Valorie,2016-11-27 21:00:00,0,normal,213.5,213.5,199.88248,0.6084797277356659,0.5475379167270773,1.07304344321735,3.627304881437885,0.154856529183372,0.8867884634424006,1.7167582525316918,0
44,Bear_public_Valorie,2016-11-27 22:00:00,0,normal,210.0,210.0,148.84183,7.524299992621778,10.0,0.0,2.260554960765372,0.7410734942657718,1.640859848135388,1.7167582525316918,0
44,Bear_public_Valorie,2016-11-27 23:00:00,0,normal,210.0,210.0,126.182434,10.0,5.945572647297928,0.0,1.5575563200473497,1.776233096859945,2.0762626258684427,1.7167582525316918,1
44,Bear_public_Valorie,2016-11-28 00:00:00,0,normal,208.25,208.25,150.32428,3.6474699006032583,10.0,0.6738017042922794,1.2567941305490091,5.667848345950654,1.926753260205231,1.7167582525316918,1
44,Bear_public_Valorie,2016-11-28 01:00:00,0,normal,207.5,207.5,121.56471,6.160508503612507,4.372522472520865,1.0351661574469295,1.2313856572607276,7.157653219203221,2.6277836820783835,1.7167582525316918,1
44,Bear_public_Valorie,2016-11-28 02:00:00,0,normal,135.25,135.25,104.79162,1.1830804480390795,9.321832109465037,0.8970803879133915,1.3666058664302938,6.3267213763282335,1.7007132903156623,1.7167582525316918,0
44,Bear_public_Valorie,2016-11-28 03:00:00,0,normal,43.5,43.5,80.0693,1.7313562571874992,0.4266285230695013,0.0,0.0,0.4168893981500225,0.3553419978995521,1.7167582525316918,0
44,Bear_public_Valorie,2016-11-28 04:00:00,0,normal,55.0,55.0,66.38543,0.0,2.802645615930985,0.0,0.0,0.0,0.0700661403982745,1.7167582525316918,0
44,Bear_public_Valorie,2016-11-28 05:00:00,0,normal,82.5,82.5,75.51681,0.0,0.0,0.0,0.0,0.0,0.0,1.7167582525316918,0
44,Bear_public_Valorie,2016-11-28 06:00:00,0,normal,107.75,107.75,102.65148,0.0,0.0,0.0,0.0,0.0,0.0,1.7167582525316918,0
44,Bear_public_Valorie,2016-11-28 07:00:00,0,normal,118.0,118.0,129.67383,0.0,0.0,0.0,0.0,0.0,0.0,1.7167582525316918,0
44,Bear_public_Valorie,2016-11-28 08:00:00,0,normal,137.75,137.75,174.08823,2.172246543132898,3.688099227491517,0.0,0.0,0.0,0.4723456257355449,1.7167582525316918,0
44,Bear_public_Valorie,2016-11-28 09:00:00,0,normal,219.0,219.0,192.55417,1.227550520863642,1.222771510549408,0.0,0.0,0.0,0.2453906289148725,1.7167582525316918,0
44,Bear_public_Valorie,2016-11-28 10:00:00,0,normal,226.25,226.25,218.85114,0.0,1.7908369574655136,0.0,0.0,0.0,0.0447709239366377,1.7167582525316918,0
44,Bear_public_Valorie,2016-11-28 11:00:00,0,normal,229.75,229.75,244.27112,0.1764419275356936,0.0,0.0,0.0,0.0,0.0308773373187463,1.7167582525316918,0
44,Bear_public_Valorie,2016-11-28 12:00:00,0,normal,238.0,238.0,255.7016,1.6241170205580584,2.232919950954955,0.3578291738690928,0.0,0.0,0.5905238990798989,1.7167582525316918,0
44,Bear_public_Valorie,2016-11-28 13:00:00,0,normal,243.25,243.25,257.3241,1.046404997031935,0.4857461837716832,0.301385600151068,0.0,0.0,0.4062344491806282,1.7167582525316918,0
44,Bear_public_Valorie,2016-11-28 14:00:00,0,normal,251.5,251.5,252.2959,0.0,1.427036793552005,0.2223442523968142,0.0,0.0,0.19131689651657,1.7167582525316918,0
44,Bear_public_Valorie,2016-11-28 15:00:00,0,normal,243.25,243.25,244.52467,0.0,0.0,0.2341637081019137,1.3605484483672032,0.0,0.1639145956713396,1.7167582525316918,0
44,Bear_public_Valorie,2016-11-28 16:00:00,0,normal,246.25,246.25,238.24586,0.0,0.0,0.4913065727018864,1.8376215609494049,0.0,0.3439146008913205,1.7167582525316918,0
44,Bear_public_Valorie,2016-11-28 17:00:00,0,normal,242.0,242.0,226.26947,0.3213784156304775,0.0,0.586837429015464,2.327386003003038,0.0,0.4670274230461583,1.7167582525316918,0
44,Bear_public_Valorie,2016-11-28 18:00:00,0,normal,256.75,256.75,219.57993,4.034709982625957,6.783107994071512,0.9688728014864064,3.352928240903505,0.0699351062025931,1.5608564184720737,1.7167582525316918,0
44,Bear_public_Valorie,2016-11-28 19:00:00,0,normal,252.25,252.25,229.10838,1.9939660542481807,3.423998454858489,0.1874785702306646,2.887559979681232,0.738340484340413,0.6396130684604004,1.7167582525316918,0
44,Bear_public_Valorie,2016-11-28 20:00:00,0,normal,248.25,248.25,237.42169,0.2027277982667724,2.9229084881007226,0.2004450653880549,2.933342472815722,2.236101382446206,0.4724717609154624,1.7167582525316918,0
44,Bear_public_Valorie,2016-11-28 21:00:00,0,normal,228.25,228.25,239.93512,0.3273696483468479,0.0,0.6075801176722626,3.014376618442645,8.708719561647127,1.3534677269959956,1.7167582525316918,0
44,Bear_public_Valorie,2016-11-28 22:00:00,0,normal,229.5,229.5,229.5499,0.0,0.0,0.0,1.860863423585546,9.781499965028518,0.9781499965028526,1.7167582525316918,0
44,Bear_public_Valorie,2016-11-28 23:00:00,0,normal,220.25,220.25,225.34048,0.0,0.0,0.0,1.5158929891868738,10.0,1.0000000000000009,1.7167582525316918,0
44,Bear_public_Valorie,2016-11-29 00:00:00,0,normal,214.25,214.25,215.1151,0.0,0.0,0.5042973952439628,1.073694245642396,9.08691501847743,1.2616996785185175,1.7167582525316918,0
44,Bear_public_Valorie,2016-11-29 01:00:00,0,normal,209.75,209.75,183.15938,0.836062254065726,1.0045989504827122,0.2046559187658068,1.0642124338277164,7.514998855563022,1.0661848969159375,1.7167582525316918,0
44,Bear_public_Valorie,2016-11-29 02:00:00,0,normal,137.5,137.5,127.318756,0.0,1.0045989504827122,0.4719984724498718,1.2447772404821482,6.348800209792666,0.9903939254562452,1.7167582525316918,0
44,Bear_public_Valorie,2016-11-29 03:00:00,0,normal,48.75,48.75,77.52489,1.0320360995979632,1.3981792919634382,0.0,0.0,2.2780937287372254,0.4433701726024521,1.7167582525316918,0
44,Bear_public_Valorie,2016-11-29 04:00:00,0,normal,61.25,61.25,79.17848,0.0588888071476316,1.2799110773268845,0.0,0.0,0.0,0.0423033181840076,1.7167582525316918,0
44,Bear_public_Valorie,2016-11-29 05:00:00,0,normal,96.5,96.5,91.44324,0.0,0.0,0.0,0.0,0.0,0.0,1.7167582525316918,0
44,Bear_public_Valorie,2016-11-29 06:00:00,0,normal,136.25,136.25,127.79045,0.0,0.0,0.0,0.0,0.0,0.0,1.7167582525316918,0
44,Bear_public_Valorie,2016-11-29 07:00:00,0,normal,146.0,146.0,166.43825,0.6538431086217829,0.6386425990452144,0.0,0.0,0.0,0.1303886089849423,1.7167582525316918,0
44,Bear_public_Valorie,2016-11-29 08:00:00,0,normal,164.5,164.5,193.63872,1.484713626526538,0.9941722260105598,0.0,0.0,0.0,0.2846791902924081,1.7167582525316918,0
44,Bear_public_Valorie,2016-11-29 09:00:00,0,normal,235.25,235.25,218.49121,0.3024651143321219,1.6998555308706886,0.0,0.0,0.0,0.0954277832798884,1.7167582525316918,0
44,Bear_public_Valorie,2016-11-29 10:00:00,0,normal,248.75,248.75,247.96896,0.0,0.0,0.0,0.0,0.0,0.0,1.7167582525316918,0
44,Bear_public_Valorie,2016-11-29 11:00:00,0,normal,247.5,247.5,256.24164,0.0,0.0,0.0,0.0,0.0,0.0,1.7167582525316918,0
44,Bear_public_Valorie,2016-11-29 12:00:00,0,normal,238.25,238.25,256.16815,0.5871356744355617,0.5046719936564603,0.1784517535387995,0.0,0.0,0.2402817703447944,1.7167582525316918,0
44,Bear_public_Valorie,2016-11-29 13:00:00,0,normal,244.75,244.75,247.3228,0.0,0.5046719936564603,0.366618552847839,0.0,0.0,0.2692497868348988,1.7167582525316918,0
44,Bear_public_Valorie,2016-11-29 14:00:00,0,normal,258.5,258.5,240.40295,0.6043457181935576,0.5392354573716022,0.4981219488775553,0.0,0.0,0.4679267513324513,1.7167582525316918,0
44,Bear_public_Valorie,2016-11-29 15:00:00,1,spike,259.5,0.01,240.06442,10.0,10.0,0.0,2.116265569799185,0.0,2.0,1.7167582525316918,1
44,Bear_public_Valorie,2016-11-29 16:00:00,0,normal,257.25,257.25,202.24313,4.155160582333691,10.0,0.0,0.0,0.0,0.9771531019083955,1.7167582525316918,0
44,Bear_public_Valorie,2016-11-29 17:00:00,0,normal,254.75,254.75,218.40338,2.987978092876478,1.6695979709521158,0.0,0.0,0.0,0.5646361155271865,1.7167582525316918,0
44,Bear_public_Valorie,2016-11-29 18:00:00,0,normal,252.0,252.0,238.65532,0.5687888721778617,4.184041852378635,0.0,0.0,0.0,0.2041390989405915,1.7167582525316918,0
44,Bear_public_Valorie,2016-11-29 19:00:00,0,normal,237.5,237.5,262.06082,2.200420211430432,2.602364975683456,0.9590252870262014,0.0,0.0,1.121450362310753,1.7167582525316918,0
44,Bear_public_Valorie,2016-11-29 20:00:00,0,normal,236.25,236.25,273.59103,4.059579751971611,3.0593169067764,0.1459463054697256,0.0,0.0,0.8890717930932496,1.7167582525316918,0
44,Bear_public_Valorie,2016-11-29 21:00:00,0,normal,227.25,227.25,290.01736,7.758391912935297,6.75394822140608,0.1836968813926564,0.0,0.0,1.655155107273688,1.7167582525316918,0
44,Bear_public_Valorie,2016-11-29 22:00:00,0,normal,231.25,231.25,284.73102,6.407491080547615,2.038565207118089,0.5002500995374388,1.6714601693764186,0.0,1.5224501389499918,1.7167582525316918,0
44,Bear_public_Valorie,2016-11-29 23:00:00,0,normal,220.75,220.75,285.49298,8.045788246053755,2.615752160927518,0.643057321800311,1.8433306933577545,0.0,1.9235468723428129,1.7167582525316918,1
44,Bear_public_Valorie,2016-11-30 00:00:00,0,normal,215.25,215.25,279.04218,4.173812486938423,7.1017180368498725,0.5370565187664047,1.929294021024463,0.0,1.2838996992719536,1.7167582525316918,0
44,Bear_public_Valorie,2016-11-30 01:00:00,0,normal,213.0,213.0,273.3361,3.8637300263706136,0.0,0.2374599420909312,2.3284258879245976,0.0,0.8423747140785092,1.7167582525316918,0
44,Bear_public_Valorie,2016-11-30 02:00:00,0,normal,130.0,130.0,246.49454,8.902306472404405,9.44463831522696,0.7207198736393063,2.2362899826049043,0.0,2.2985235020989587,1.7167582525316918,1
44,Bear_public_Valorie,2016-11-30 03:00:00,0,normal,48.25,48.25,187.73361,10.0,3.4678854206932974,0.0,0.0,0.0,1.8366971355173325,1.7167582525316918,1
44,Bear_public_Valorie,2016-11-30 04:00:00,0,normal,68.75,68.75,166.70634,7.239046430767917,6.808262058099493,0.0,0.0,0.1796386248291211,1.4550035393197849,1.7167582525316918,0
44,Bear_public_Valorie,2016-11-30 05:00:00,0,normal,95.25,95.25,182.2259,6.253873582535074,1.3040623733251977,0.0,0.0,0.0,1.127029436276768,1.7167582525316918,0
44,Bear_public_Valorie,2016-11-30 06:00:00,0,normal,129.5,129.5,208.98802,6.292931182246481,0.0,0.0,0.0,0.0,1.1012629568931342,1.7167582525316918,0
44,Bear_public_Valorie,2016-11-30 07:00:00,0,normal,136.75,136.75,237.78024,8.350152968766984,3.457091447533468,0.0,0.0,0.0,1.5477040557225588,1.7167582525316918,0
44,Bear_public_Valorie,2016-11-30 08:00:00,0,normal,158.25,158.25,251.21613,7.580052336337524,0.8721261835289544,0.0,0.0,0.0,1.3483123134472903,1.7167582525316918,0
44,Bear_public_Valorie,2016-11-30 09:00:00,0,normal,226.75,226.75,267.32724,2.5770604781060547,9.373172685817826,0.0,0.0,0.0,0.6853149008140048,1.7167582525316918,0
44,Bear_public_Valorie,2016-11-30 10:00:00,0,normal,227.25,227.25,291.91632,4.87750023783217,3.9455536333345225,0.0,0.0,0.0,0.9522013824539928,1.7167582525316918,0
44,Bear_public_Valorie,2016-11-30 11:00:00,0,normal,230.25,230.25,303.25897,5.674200081115891,0.9255462022192308,0.0,0.0,0.0,1.0161236692507616,1.7167582525316918,0
44,Bear_public_Valorie,2016-11-30 12:00:00,0,normal,233.5,233.5,304.4128,7.458961832637149,2.9099015236759307,1.0994026471916991,0.0,0.0,2.1476477118375885,1.7167582525316918,1
44,Bear_public_Valorie,2016-11-30 13:00:00,0,normal,237.0,237.0,309.79297,7.702151864308398,0.0,0.8550519424420323,0.0,0.0,1.946412935963392,1.7167582525316918,1
44,Bear_public_Valorie,2016-11-30 14:00:00,0,normal,244.0,244.0,283.9151,3.4495453441446773,7.866150578879315,0.8097875119745986,0.1219552594490307,0.0,1.36717545807952,1.7167582525316918,0
44,Bear_public_Valorie,2016-11-30 15:00:00,0,normal,253.0,253.0,243.55035,0.0,6.253337955699472,0.5154568833110177,2.8657147164136987,0.0,0.5171532672101989,1.7167582525316918,0
44,Bear_public_Valorie,2016-11-30 16:00:00,0,normal,241.75,241.75,233.35074,0.0,0.0,0.1162732998859909,1.7886739205987383,0.0,0.0813913099201936,1.7167582525316918,0
44,Bear_public_Valorie,2016-11-30 17:00:00,0,normal,236.0,236.0,227.51308,0.0,0.0,0.3241365191982173,2.083138943564032,0.0,0.226895563438752,1.7167582525316918,0
44,Bear_public_Valorie,2016-11-30 18:00:00,0,normal,232.0,232.0,219.50983,0.4444822001744725,0.2181766046385636,0.048563879768069,2.3553849790586807,0.5809761402114684,0.1753311300052919,1.7167582525316918,0
44,Bear_public_Valorie,2016-11-30 19:00:00,0,normal,232.25,232.25,216.43483,0.928175240945932,0.2969249498067449,0.4463009625139206,2.2406362333910206,1.3544822073139346,0.6177126854018448,1.7167582525316918,0
44,Bear_public_Valorie,2016-11-30 20:00:00,0,normal,232.75,232.75,217.40068,0.8604071172291508,0.0,0.925990631562966,2.055899350548663,3.26793375227388,1.1255580628365658,1.7167582525316918,0
44,Bear_public_Valorie,2016-11-30 21:00:00,0,normal,222.0,222.0,225.47235,0.0,1.0534914929091763,1.460201243061548,2.017221910312257,10.0,2.048478157465814,1.7167582525316918,1
44,Bear_public_Valorie,2016-11-30 22:00:00,0,normal,218.0,218.0,230.79921,0.4894382371753232,0.3084632056202461,0.2916713332321184,2.5135070911459385,10.0,1.2975332049086714,1.7167582525316918,0
44,Bear_public_Valorie,2016-11-30 23:00:00,0,normal,219.75,219.75,231.58377,0.3489941835990223,0.0,0.1236722835523185,2.3056598426606225,9.376841284916052,1.085328709108058,1.7167582525316918,0
44,Bear_public_Valorie,2016-12-01 00:00:00,0,normal,213.0,213.0,226.6387,0.0,0.0264050645689435,0.977823605967134,2.3584695673960616,8.68947491601634,1.5540841423928522,1.7167582525316918,0
44,Bear_public_Valorie,2016-12-01 01:00:00,0,normal,208.25,208.25,218.63782,0.0,0.0,0.6624508741460369,2.071896139802182,7.6091110138915266,1.224626713291379,1.7167582525316918,0
44,Bear_public_Valorie,2016-12-01 02:00:00,0,normal,127.25,127.25,176.75319,2.891794325093725,5.133189315746462,0.3219158025854368,1.9673243074532485,6.671875070914506,1.5269223086863202,1.7167582525316918,0
44,Bear_public_Valorie,2016-12-01 03:00:00,0,normal,49.0,49.0,109.93731,3.917671845150746,1.385810825997089,0.0,0.0,1.7992930389361543,0.9001671474449234,1.7167582525316918,0
44,Bear_public_Valorie,2016-12-01 04:00:00,0,normal,69.75,69.75,81.109886,0.0,7.193490901220145,0.0,0.0,0.0,0.1798372725305033,1.7167582525316918,0
44,Bear_public_Valorie,2016-12-01 05:00:00,0,normal,93.5,93.5,92.85284,0.0,0.0,0.0,0.0,0.0,0.0,1.7167582525316918,0
44,Bear_public_Valorie,2016-12-01 06:00:00,0,normal,131.0,131.0,127.21185,0.0,0.0,0.0,0.0,0.0,0.0,1.7167582525316918,0
44,Bear_public_Valorie,2016-12-01 07:00:00,0,normal,141.75,141.75,158.3311,0.2854963507516547,0.0,0.0,0.0,0.0,0.0499618613815395,1.7167582525316918,0
44,Bear_public_Valorie,2016-12-01 08:00:00,0,normal,160.25,160.25,172.2664,0.0,0.0,0.0,0.0,0.0,0.0,1.7167582525316918,0
44,Bear_public_Valorie,2016-12-01 09:00:00,0,normal,224.0,224.0,207.02988,0.3226469413471042,0.0,0.0,0.0,0.0,0.0564632147357432,1.7167582525316918,0
44,Bear_public_Valorie,2016-12-01 10:00:00,0,normal,225.5,225.5,227.14114,0.0,0.0,0.0,0.0,0.0,0.0,1.7167582525316918,0
44,Bear_public_Valorie,2016-12-01 11:00:00,0,normal,233.5,233.5,229.1181,0.0,0.0,0.0,0.0,0.0,0.0,1.7167582525316918,0
44,Bear_public_Valorie,2016-12-01 12:00:00,0,normal,241.0,241.0,234.34212,0.0,0.0,0.4063126392589732,0.0,0.0,0.2844188474812812,1.7167582525316918,0
44,Bear_public_Valorie,2016-12-01 13:00:00,0,normal,242.0,242.0,228.77065,0.136061954188567,0.0,0.1106670427701297,0.0,0.0,0.10127777192209,1.7167582525316918,0
44,Bear_public_Valorie,2016-12-01 14:00:00,0,normal,242.25,242.25,224.23907,1.673379964296897,2.4129525967511456,0.4764721032321667,0.0,0.0,0.6866957809332522,1.7167582525316918,0
44,Bear_public_Valorie,2016-12-01 15:00:00,0,normal,249.25,249.25,216.24892,4.060695947639259,4.120029842976556,1.3622329666199762,1.9717932262569005,0.0,1.7671856135452673,1.7167582525316918,1
44,Bear_public_Valorie,2016-12-01 16:00:00,0,normal,239.75,239.75,224.125,0.3665288665093715,6.74461936376068,0.5561707541282451,1.9943140816540803,0.0,0.6220775636229283,1.7167582525316918,0
44,Bear_public_Valorie,2016-12-01 17:00:00,0,normal,237.75,237.75,213.23727,1.4573165312336145,1.5161718791993946,0.4330322010378782,2.9904891600226176,0.0,0.596057230672382,1.7167582525316918,0
44,Bear_public_Valorie,2016-12-01 18:00:00,0,normal,235.5,235.5,206.19974,2.889874856007148,2.20256047725426,0.2771459459250954,3.496839716888187,0.5803432965412989,0.8128286035343039,1.7167582525316918,0
44,Bear_public_Valorie,2016-12-01 19:00:00,0,normal,232.0,232.0,195.04294,4.003722658450187,1.5624842677393405,0.9480167851954986,3.1204436259436417,1.439596695707947,1.54728499112991,1.7167582525316918,0
44,Bear_public_Valorie,2016-12-01 20:00:00,0,normal,229.75,229.75,196.7618,3.426366212884973,0.4850320655438244,0.7781343415814113,2.659947635335815,3.315203605929707,1.487954288593425,1.7167582525316918,0
44,Bear_public_Valorie,2016-12-01 21:00:00,0,normal,222.75,222.75,219.20284,0.0,6.206786588747191,0.7773712723332683,2.3628472663392834,10.0,1.699329555351968,1.7167582525316918,0
44,Bear_public_Valorie,2016-12-01 22:00:00,0,normal,222.75,222.75,219.47977,0.0,0.0,0.448259686604576,2.585731363505517,10.0,1.3137817806232042,1.7167582525316918,0
44,Bear_public_Valorie,2016-12-01 23:00:00,0,normal,216.5,216.5,219.6808,0.0,0.0,0.5693579798057161,2.544099602165388,10.0,1.3985505858640022,1.7167582525316918,0
44,Bear_public_Valorie,2016-12-02 00:00:00,0,normal,210.5,210.5,220.08682,0.0,0.0,0.6427126952282619,2.311629361029384,9.021509092152275,1.3520497958750115,1.7167582525316918,0
44,Bear_public_Valorie,2016-12-02 01:00:00,0,normal,209.25,209.25,187.26308,0.4230150791988737,0.1750635209449827,0.2796848956235953,2.05035499924107,7.698408217718152,1.04402447559176,1.7167582525316918,0
44,Bear_public_Valorie,2016-12-02 02:00:00,0,normal,122.25,122.25,147.43637,0.7100718313529656,0.0,0.5961796912388047,2.071689244609708,7.018911530006229,1.2434795073545557,1.7167582525316918,0
44,Bear_public_Valorie,2016-12-02 03:00:00,0,normal,48.0,48.0,95.92164,2.7498964632399234,3.4221522032538654,0.0,0.0,1.6635330239802495,0.7331389885463583,1.7167582525316918,0
44,Bear_public_Valorie,2016-12-02 04:00:00,0,normal,64.25,64.25,88.88481,0.660585519323082,3.521537095837093,0.0,0.0,0.0,0.2036408932774665,1.7167582525316918,0
44,Bear_public_Valorie,2016-12-02 05:00:00,0,normal,95.75,95.75,107.03876,0.0,0.6521835912067633,0.0,0.0,0.0,0.016304589780169,1.7167582525316918,0
44,Bear_public_Valorie,2016-12-02 06:00:00,0,normal,131.25,131.25,139.62997,0.0,0.0,0.0,0.0,0.0,0.0,1.7167582525316918,0
44,Bear_public_Valorie,2016-12-02 07:00:00,0,normal,139.0,139.0,167.63162,1.4362874418919596,2.210049778619479,0.0,0.0,0.0,0.3066015467965798,1.7167582525316918,0
44,Bear_public_Valorie,2016-12-02 08:00:00,0,normal,160.5,160.5,187.19937,1.2517628845951183,0.0,0.0,0.0,0.0,0.2190585048041457,1.7167582525316918,0
44,Bear_public_Valorie,2016-12-02 09:00:00,0,normal,219.25,219.25,197.13358,0.8141043011802503,0.2044725238359193,0.0,0.0,0.0,0.1475800658024418,1.7167582525316918,0
44,Bear_public_Valorie,2016-12-02 10:00:00,0,normal,226.5,226.5,211.32738,0.2403928025632103,0.4777118057374965,0.0,0.0,0.0,0.0540115355919992,1.7167582525316918,0
44,Bear_public_Valorie,2016-12-02 11:00:00,0,normal,240.75,240.75,224.37943,0.2563168484540703,0.0,0.0,0.0,0.0,0.0448554484794623,1.7167582525316918,0
44,Bear_public_Valorie,2016-12-02 12:00:00,0,normal,244.5,244.5,231.20529,0.9222804587381108,0.6629845777934159,0.0,0.0,0.0,0.1779736947240047,1.7167582525316918,0
44,Bear_public_Valorie,2016-12-02 13:00:00,0,normal,243.25,243.25,230.51181,0.0,1.177753640307025,0.0,0.0,0.0,0.0294438410076755,1.7167582525316918,0
44,Bear_public_Valorie,2016-12-02 14:00:00,0,normal,247.0,247.0,222.49313,1.0589964194307222,1.4523245369954412,1.0090756719196092,0.0,0.0,0.9279854571689888,1.7167582525316918,0
44,Bear_public_Valorie,2016-12-02 15:00:00,0,normal,254.75,254.75,213.95099,2.665509595104157,2.551919390090156,1.0103539021980066,1.425674296275561,0.0,1.237509895434086,1.7167582525316918,0
44,Bear_public_Valorie,2016-12-02 16:00:00,0,normal,255.0,255.0,210.7292,5.855498181413997,5.732062082866424,0.3282755669682156,1.804244016158788,0.0,1.3978066306968606,1.7167582525316918,0
44,Bear_public_Valorie,2016-12-02 17:00:00,0,normal,245.0,245.0,196.18033,6.579946803784945,0.7804418383077183,0.5116008246224838,2.705158986205269,0.0,1.5291223138557968,1.7167582525316918,0
44,Bear_public_Valorie,2016-12-02 18:00:00,0,normal,244.2,244.2,182.62717,4.2431089463051,4.018653059965946,0.357072219575643,2.984458185501896,0.4802763321628927,1.1409885790217804,1.7167582525316918,0
44,Bear_public_Valorie,2016-12-02 19:00:00,0,normal,240.75,240.75,170.98085,8.776953693537841,8.43097001765004,0.3218549879274055,2.9761377818426547,1.2460035658067088,2.096639994940228,1.7167582525316918,1
44,Bear_public_Valorie,2016-12-02 20:00:00,0,normal,236.25,236.25,184.74442,6.120121384097502,4.661307825108225,0.9396854691289293,2.7888904712485254,3.0224702739705736,2.147580793632076,1.7167582525316918,1
44,Bear_public_Valorie,2016-12-02 21:00:00,0,normal,222.5,222.5,191.28458,3.168476649126724,5.253388746916461,0.6087761336710645,2.275884781760421,8.950244534688947,2.0069858793087287,1.7167582525316918,1
44,Bear_public_Valorie,2016-12-02 22:00:00,0,normal,122.0,122.0,187.88406,8.211783523740895,9.454138581402574,0.0,1.5528770441122413,9.418938470605005,2.615309428250222,1.7167582525316918,1
44,Bear_public_Valorie,2016-12-02 23:00:00,0,normal,43.25,43.25,152.4275,10.0,10.0,0.0,0.0,1.5581152776890002,2.1558115277689,1.7167582525316918,1
44,Bear_public_Valorie,2016-12-25 00:00:00,0,normal,42.75,42.75,131.22903,6.388735316890672,10.0,1.4757021852058458,6.172891527051779,10.0,3.40102021009996,1.7167582525316918,1
44,Bear_public_Valorie,2016-12-25 01:00:00,0,normal,42.0,42.0,121.40468,5.574577536017136,0.9606075187917942,1.523611114302744,6.1136501717410985,10.0,3.066094036784715,1.7167582525316918,1
44,Bear_public_Valorie,2016-12-25 02:00:00,0,normal,42.75,42.75,130.59119,6.331507142616923,0.8456744045703088,1.4895061337776148,6.1764772786932856,10.0,3.1718099037165506,1.7167582525316918,1
44,Bear_public_Valorie,2016-12-25 03:00:00,0,normal,42.0,42.0,139.18927,7.170223945027628,1.0099301621107546,1.459400444187013,6.127220921152063,10.0,3.3016177553635138,1.7167582525316918,1
44,Bear_public_Valorie,2016-12-25 04:00:00,0,normal,42.75,42.75,158.66803,8.850581797020196,2.7002239398288443,1.432460182535389,6.116518449748417,10.0,3.619079540749029,1.7167582525316918,1
44,Bear_public_Valorie,2016-12-25 05:00:00,0,normal,42.25,42.25,146.46468,7.800548434635697,1.4343237520264895,1.3722735045330008,5.949840703816271,10.0,3.3615455230350104,1.7167582525316918,1
44,Bear_public_Valorie,2016-12-25 06:00:00,0,normal,42.75,42.75,137.41946,7.742716404906655,0.0,0.0,0.0886287456581697,2.0655851274541326,1.5615338836040782,1.7167582525316918,0
44,Bear_public_Valorie,2016-12-25 07:00:00,0,normal,41.0,41.0,157.59969,9.836991151523693,3.5315060544829757,0.0,0.1182265207818017,2.0873811293708715,2.018499215815808,1.7167582525316918,1
44,Bear_public_Valorie,2016-12-25 08:00:00,0,normal,41.25,41.25,154.16103,9.484734482743775,0.0329572145667367,0.0,0.0,1.2226047160849225,1.7829129364528216,1.7167582525316918,1
44,Bear_public_Valorie,2016-12-25 09:00:00,0,normal,40.25,40.25,158.84843,10.0,0.4162972084441921,0.0,0.0,0.6684827264515701,1.827255702856262,1.7167582525316918,1
44,Bear_public_Valorie,2016-12-25 10:00:00,0,normal,41.0,41.0,149.42198,9.056043333513038,1.277250916046182,0.0,0.0,0.0,1.6167388562659362,1.7167582525316918,0
44,Bear_public_Valorie,2016-12-25 11:00:00,0,normal,41.0,41.0,146.15398,8.743957972108504,0.0,0.0,0.0,0.0,1.530192645118988,1.7167582525316918,0
44,Bear_public_Valorie,2016-12-25 12:00:00,0,normal,41.5,41.5,137.40659,10.0,3.237412103056006,0.0,0.0,0.0,1.8309353025764,1.7167582525316918,1
44,Bear_public_Valorie,2016-12-25 13:00:00,0,normal,41.0,41.0,126.928894,9.40122555244664,1.9174012719620075,0.0,0.0,0.0,1.6931495034772124,1.7167582525316918,0
44,Bear_public_Valorie,2016-12-25 14:00:00,0,normal,41.25,41.25,123.131516,8.877715085544345,0.3768915194829023,0.0,0.0,0.0,1.5630224279573328,1.7167582525316918,0
44,Bear_public_Valorie,2016-12-25 15:00:00,0,normal,41.0,41.0,116.15287,8.007394649560778,1.07340071788751,0.0,0.0,0.0,1.4281290816203238,1.7167582525316918,0
44,Bear_public_Valorie,2016-12-25 16:00:00,0,normal,41.0,41.0,125.35187,9.1972441848438,1.715120900872952,0.0,0.7431082151769205,0.0,1.6523957548694888,1.7167582525316918,0
44,Bear_public_Valorie,2016-12-25 17:00:00,0,normal,42.0,42.0,123.7836,8.86505013047906,0.0,0.0,0.682326845438059,0.0,1.5513837728338356,1.7167582525316918,0
44,Bear_public_Valorie,2016-12-25 18:00:00,0,normal,42.25,42.25,125.82265,10.0,3.181348285700103,0.0,0.0,0.0994384297641662,1.8394775501189191,1.7167582525316918,1
44,Bear_public_Valorie,2016-12-25 19:00:00,0,normal,42.25,42.25,121.99996,10.0,0.4423272566708689,0.0,0.0,0.7233897450488858,1.83339715592166,1.7167582525316918,1
44,Bear_public_Valorie,2016-12-25 20:00:00,0,normal,42.0,42.0,130.42358,10.0,1.8595545121237724,0.0,0.0,0.2774424859332365,1.8242331113964176,1.7167582525316918,1
44,Bear_public_Valorie,2016-12-25 21:00:00,0,normal,42.75,42.75,135.41716,10.0,0.5652927658881798,0.0,0.0,0.0061190532968028,1.7647442244768847,1.7167582525316918,1
44,Bear_public_Valorie,2016-12-25 22:00:00,0,normal,42.0,42.0,143.29013,10.0,1.844756389773564,0.0,0.0,0.0772708340799385,1.803845993152333,1.7167582525316918,1
44,Bear_public_Valorie,2016-12-25 23:00:00,0,normal,43.25,43.25,141.55951,10.0,0.1963137663990724,0.0,0.1455056754978496,0.0649890307008749,1.7614067472300643,1.7167582525316918,1
44,Bear_public_Valorie,2016-12-26 00:00:00,0,normal,42.75,42.75,157.98337,8.789153440011843,7.639227363176468,0.0,0.0,0.0,1.729082536081484,1.7167582525316918,1
44,Bear_public_Valorie,2016-12-26 01:00:00,0,normal,43.5,43.5,151.97197,8.18251590010198,0.5438381938809917,0.0,0.0,0.0,1.445536237364871,1.7167582525316918,0
44,Bear_public_Valorie,2016-12-26 02:00:00,0,normal,42.75,42.75,127.9875,6.097902781170076,3.5121023084716314,0.0,0.0,0.0,1.154935544416554,1.7167582525316918,0
44,Bear_public_Valorie,2016-12-26 03:00:00,0,normal,43.0,43.0,131.84123,6.421231971900862,0.0,0.0,0.0,0.0,1.1237155950826507,1.7167582525316918,0
44,Bear_public_Valorie,2016-12-26 04:00:00,0,normal,42.25,42.25,136.1597,6.875978418577773,0.2387906086782395,0.0,0.0,0.345699986478133,1.2438359871158795,1.7167582525316918,0
44,Bear_public_Valorie,2016-12-26 05:00:00,0,normal,42.75,42.75,141.7331,7.331167061807252,0.2396786857055003,0.0,0.0,1.3380018005312568,1.4227463830120326,1.7167582525316918,0
44,Bear_public_Valorie,2016-12-26 06:00:00,0,normal,42.0,42.0,138.91396,7.957059065178774,0.582507528983776,0.0,0.0,1.6568383828455104,1.5727318629154308,1.7167582525316918,0
44,Bear_public_Valorie,2016-12-26 07:00:00,0,normal,41.75,41.75,147.5268,8.803435346351863,1.0253129304525026,0.0,0.0,1.3853278007915757,1.704766788952046,1.7167582525316918,0
44,Bear_public_Valorie,2016-12-26 08:00:00,0,normal,40.0,40.0,152.13493,9.410619819520956,0.5449366168789705,0.0,0.0,0.9192368584446264,1.7524055696826044,1.7167582525316918,1
44,Bear_public_Valorie,2016-12-26 09:00:00,0,normal,41.0,41.0,149.41798,9.055661554547122,0.0383829138464453,0.0,0.0,0.0,1.5857003448919074,1.7167582525316918,0
44,Bear_public_Valorie,2016-12-26 10:00:00,0,normal,40.0,40.0,153.99295,9.588055236859107,0.3947319560212408,0.0,0.0,0.0,1.6877779653508749,1.7167582525316918,0
44,Bear_public_Valorie,2016-12-26 11:00:00,0,normal,40.75,40.75,145.77687,8.731819732467,1.0451135136922538,0.0,0.0,0.0,1.5541962910240312,1.7167582525316918,0
44,Bear_public_Valorie,2016-12-26 12:00:00,0,normal,40.0,40.0,148.31375,10.0,6.484783018003623,0.0,0.0,0.0,1.9121195754500904,1.7167582525316918,1
44,Bear_public_Valorie,2016-12-26 13:00:00,0,normal,40.75,40.75,145.03842,10.0,0.371163892260572,0.0,0.0,0.0,1.7592790973065142,1.7167582525316918,1
44,Bear_public_Valorie,2016-12-26 14:00:00,0,normal,40.0,40.0,139.96451,10.0,0.4487266669917816,0.0,0.0,0.0,1.7612181666747946,1.7167582525316918,1
44,Bear_public_Valorie,2016-12-26 15:00:00,0,normal,41.0,41.0,140.86116,10.0,0.0,0.0,0.0595351652773825,0.0,1.75,1.7167582525316918,1
44,Bear_public_Valorie,2016-12-26 16:00:00,0,normal,40.25,40.25,139.58444,10.0,0.0,0.0,0.0595351652773825,0.0,1.75,1.7167582525316918,1
44,Bear_public_Valorie,2016-12-26 17:00:00,0,normal,41.5,41.5,116.901245,8.039520846549276,5.542604819379752,0.0,0.2048238048291445,0.1986113993098547,1.5653424085616023,1.7167582525316918,0
44,Bear_public_Valorie,2016-12-26 18:00:00,0,normal,41.25,41.25,108.899,8.468532150204993,0.1871059241692994,0.0,0.0,0.9956412257127584,1.5862348969613822,1.7167582525316918,0
44,Bear_public_Valorie,2016-12-26 19:00:00,0,normal,42.75,42.75,98.87004,6.791394282805756,2.6937571450769027,0.0,0.0,1.5252645662513369,1.4083643847430636,1.7167582525316918,0
44,Bear_public_Valorie,2016-12-26 20:00:00,0,normal,42.0,42.0,93.90059,6.177583336886769,0.5582447672631826,0.0,0.0,0.5669307772906742,1.1517262808658315,1.7167582525316918,0
44,Bear_public_Valorie,2016-12-26 21:00:00,0,normal,42.0,42.0,87.811745,5.29182865507351,1.104397791643195,0.0,0.0,0.4362164746143796,0.997301606890382,1.7167582525316918,0
44,Bear_public_Valorie,2016-12-26 22:00:00,0,normal,42.75,42.75,114.83537,9.113898669224463,7.001490784118336,0.0,0.0,0.1732297988397623,1.7872925166012157,1.7167582525316918,1
44,Bear_public_Valorie,2016-12-26 23:00:00,0,normal,42.0,42.0,123.33605,10.0,2.028144779043501,0.0,0.0,0.0173087764365926,1.8024344971197468,1.7167582525316918,1
44,Bear_public_Valorie,2016-12-27 00:00:00,0,normal,43.0,43.0,110.00856,4.462388861920222,10.0,0.0,0.0,0.0,1.0309180508360385,1.7167582525316918,0
44,Bear_public_Valorie,2016-12-27 01:00:00,0,normal,42.0,42.0,124.65546,5.866239703659887,2.1449063502719747,0.0,0.0699228464787424,0.0,1.0802146068972796,1.7167582525316918,0
44,Bear_public_Valorie,2016-12-27 02:00:00,0,normal,43.0,43.0,103.41236,3.870573120698812,3.333468226429454,0.0,0.0034771969732203,0.0,0.7606870017830283,1.7167582525316918,0
44,Bear_public_Valorie,2016-12-27 03:00:00,0,normal,42.0,42.0,132.34532,6.556179955119654,4.719096594507604,0.0,0.0,0.166259887786267,1.281934895787256,1.7167582525316918,0
44,Bear_public_Valorie,2016-12-27 04:00:00,0,normal,42.75,42.75,118.2141,5.221026332914212,2.006939597363571,0.0,0.0,0.2576655106958318,0.9896196492636596,1.7167582525316918,0
44,Bear_public_Valorie,2016-12-27 05:00:00,0,normal,42.0,42.0,140.62714,7.299230339893038,3.499230690505316,0.0,0.0,1.4849883538607918,1.5133449121299936,1.7167582525316918,0
44,Bear_public_Valorie,2016-12-27 06:00:00,0,normal,42.75,42.75,136.42026,7.647294978173868,0.0245382299269922,0.0,0.0,1.6903995119351445,1.507930028122116,1.7167582525316918,0
44,Bear_public_Valorie,2016-12-27 07:00:00,0,normal,41.25,41.25,138.94333,8.031487020301103,0.0970940136034473,0.0,0.0,2.741138234280834,1.6820514023208628,1.7167582525316918,0
44,Bear_public_Valorie,2016-12-27 08:00:00,0,normal,42.0,42.0,132.51791,7.346254977691613,0.7016819669978382,0.0,0.0,1.8088461080819027,1.4840212810791686,1.7167582525316918,0
44,Bear_public_Valorie,2016-12-27 09:00:00,0,normal,40.75,40.75,160.27136,10.0,4.888080125037129,0.0,0.0,1.596986260999795,2.031900629225908,1.7167582525316918,1
44,Bear_public_Valorie,2016-12-27 10:00:00,0,normal,41.5,41.5,159.7657,9.996090978296532,0.0,0.0,0.0,0.6301674660908023,1.8123326678109732,1.7167582525316918,1
44,Bear_public_Valorie,2016-12-27 11:00:00,0,normal,40.0,40.0,154.96275,9.680668693869304,0.0,0.0,0.0,0.4049266457255295,1.7346096859996811,1.7167582525316918,1
44,Bear_public_Valorie,2016-12-27 12:00:00,0,normal,41.0,41.0,166.7444,10.0,9.10711732573388,0.0,0.0,0.0,1.9776779331433467,1.7167582525316918,1
44,Bear_public_Valorie,2016-12-27 13:00:00,0,normal,40.25,40.25,156.74254,10.0,1.728853333061026,0.0,0.0,0.0,1.7932213333265257,1.7167582525316918,1
44,Bear_public_Valorie,2016-12-27 14:00:00,0,normal,41.0,41.0,163.45528,10.0,0.8744419742118185,0.0,0.0,0.0,1.7718610493552955,1.7167582525316918,1
44,Bear_public_Valorie,2016-12-27 15:00:00,0,normal,40.0,40.0,164.82907,10.0,0.0,0.0,0.0,0.0,1.75,1.7167582525316918,1
44,Bear_public_Valorie,2016-12-27 16:00:00,0,normal,41.0,41.0,153.6536,10.0,2.4883168839630065,0.0,0.0,0.0,1.812207922099075,1.7167582525316918,1
44,Bear_public_Valorie,2016-12-27 17:00:00,0,normal,41.25,41.25,144.46147,10.0,1.7782774049193408,0.0,0.0,0.0,1.7944569351229835,1.7167582525316918,1
44,Bear_public_Valorie,2016-12-27 18:00:00,0,normal,42.0,42.0,134.86655,10.0,0.3303204637487363,0.0,0.0,0.0,1.7582580115937183,1.7167582525316918,1
44,Bear_public_Valorie,2016-12-27 19:00:00,0,normal,42.0,42.0,102.46781,7.423871983929337,8.790973622861344,0.0,0.0,0.4761762703901159,1.566569564798179,1.7167582525316918,0
44,Bear_public_Valorie,2016-12-27 20:00:00,0,normal,42.25,42.25,137.10849,10.0,9.372930569415075,0.0,0.0,0.1152272788189291,1.995845992117269,1.7167582525316918,1
44,Bear_public_Valorie,2016-12-27 21:00:00,0,normal,41.5,41.5,124.55904,10.0,2.772782996832312,0.0,0.0,0.0007028537629496,1.8193898602971028,1.7167582525316918,1
44,Bear_public_Valorie,2016-12-27 22:00:00,0,normal,42.25,42.25,126.24329,10.0,0.0,0.0,0.0,0.0,1.75,1.7167582525316918,1
44,Bear_public_Valorie,2016-12-27 23:00:00,0,normal,42.5,42.5,120.97284,10.0,0.9383396330213768,0.0,0.0,0.0,1.7734584908255344,1.7167582525316918,1
44,Bear_public_Valorie,2016-12-28 00:00:00,0,normal,42.0,42.0,131.5828,6.487765440192568,6.465786521457773,0.0,0.1875433397162952,0.0,1.2970036150701434,1.7167582525316918,0
44,Bear_public_Valorie,2016-12-28 01:00:00,0,normal,43.0,43.0,120.150406,5.372322582797039,1.5656876659845336,0.0,0.1193303064258512,0.0,0.979298643639095,1.7167582525316918,0
44,Bear_public_Valorie,2016-12-28 02:00:00,0,normal,41.75,41.75,133.1785,6.653363257525534,1.8982628895678784,0.0,0.0,0.0,1.2117951423061653,1.7167582525316918,0
44,Bear_public_Valorie,2016-12-28 03:00:00,0,normal,42.75,42.75,130.9957,6.367800116637235,0.0,0.0,0.0,0.0,1.114365020411516,1.7167582525316918,0
44,Bear_public_Valorie,2016-12-28 04:00:00,0,normal,42.0,42.0,129.8306,6.330557036092212,0.0,0.0,0.0,0.781142835588176,1.1859617648749547,1.7167582525316918,0
44,Bear_public_Valorie,2016-12-28 05:00:00,0,normal,42.25,42.25,133.22742,6.612892005243812,0.0,0.0,0.0,1.3294255294544437,1.2901986538631114,1.7167582525316918,0
44,Bear_public_Valorie,2016-12-28 06:00:00,0,normal,41.25,41.25,133.98874,7.558337564772378,1.2242768294335218,0.0,0.0,2.1200733348692635,1.5653233280579306,1.7167582525316918,0
44,Bear_public_Valorie,2016-12-28 07:00:00,0,normal,41.25,41.25,157.41684,9.79565556401943,3.8187842474670215,0.0,0.0,1.202336136945641,1.92994294358464,1.7167582525316918,1
44,Bear_public_Valorie,2016-12-28 08:00:00,0,normal,40.25,40.25,150.67255,9.247091648177827,0.4272071366614253,0.0,0.0,0.7593570457622969,1.704856921423885,1.7167582525316918,0
44,Bear_public_Valorie,2016-12-28 09:00:00,0,normal,41.5,41.5,163.38771,10.0,1.524412881561936,0.0,0.0,0.0,1.7881103220390484,1.7167582525316918,1
44,Bear_public_Valorie,2016-12-28 10:00:00,0,normal,40.25,40.25,165.19168,10.0,0.0,0.0,0.0,0.0,1.75,1.7167582525316918,1
44,Bear_public_Valorie,2016-12-28 11:00:00,0,normal,41.25,41.25,164.59428,10.0,0.0,0.0,0.0,0.0,1.75,1.7167582525316918,1
44,Bear_public_Valorie,2016-12-28 12:00:00,0,normal,40.0,40.0,169.98637,10.0,10.0,0.0,0.0,0.0,2.0,1.7167582525316918,1
44,Bear_public_Valorie,2016-12-28 13:00:00,0,normal,41.25,41.25,166.29346,10.0,9.459437079598898,0.0,0.0,0.0,1.986485926989972,1.7167582525316918,1
44,Bear_public_Valorie,2016-12-28 14:00:00,0,normal,40.0,40.0,167.26804,10.0,0.0,0.0,0.0,0.0,1.75,1.7167582525316918,1
44,Bear_public_Valorie,2016-12-28 15:00:00,0,normal,41.25,41.25,148.53392,9.18434081145028,10.0,0.0,0.0,0.0,1.8572596420037983,1.7167582525316918,1
44,Bear_public_Valorie,2016-12-28 16:00:00,0,normal,41.0,41.0,145.34297,8.901414385842244,0.0,0.0,0.0,0.0,1.5577475175223927,1.7167582525316918,0
44,Bear_public_Valorie,2016-12-28 17:00:00,0,normal,41.0,41.0,136.65903,10.0,2.8568795372603386,0.0,0.0,0.080316587663731,1.8294536471978813,1.7167582525316918,1
44,Bear_public_Valorie,2016-12-28 18:00:00,0,normal,42.2,42.2,123.63527,10.0,0.0,0.0,0.0,0.8201754754130134,1.8320175475413012,1.7167582525316918,1
44,Bear_public_Valorie,2016-12-28 19:00:00,0,normal,42.0,42.0,132.61478,10.0,2.007351622821765,0.0,0.0,0.1906197130626088,1.819245761876805,1.7167582525316918,1
44,Bear_public_Valorie,2016-12-28 20:00:00,0,normal,60.0,60.0,128.39445,8.576974466486016,5.817295505973289,0.0,0.0,0.0,1.6464029192843848,1.7167582525316918,0
44,Bear_public_Valorie,2016-12-28 21:00:00,0,normal,62.0,62.0,133.30447,9.00029993789614,0.1756868912328137,0.0,0.0,0.0,1.5794446614126445,1.7167582525316918,0
44,Bear_public_Valorie,2016-12-28 22:00:00,0,normal,63.75,63.75,138.29599,9.471848877624216,0.2725355756907702,0.0,0.0,0.0,1.6643869429765068,1.7167582525316918,0
44,Bear_public_Valorie,2016-12-28 23:00:00,0,normal,61.5,61.5,142.83818,10.0,1.30988417533698,0.0,0.0,0.0,1.7827471043834244,1.7167582525316918,1
44,Bear_public_Valorie,2016-12-29 00:00:00,0,normal,42.0,42.0,124.20566,5.825883449862423,8.632189425755499,0.0,0.0,0.0,1.2353343393698113,1.7167582525316918,0
44,Bear_public_Valorie,2016-12-29 01:00:00,0,normal,42.0,42.0,126.99048,6.075739561388302,0.0,0.0,0.0,0.0,1.0632544232429526,1.7167582525316918,0
44,Bear_public_Valorie,2016-12-29 02:00:00,0,normal,42.0,42.0,129.08682,6.263825058512201,0.0,0.0,0.0,0.0,1.096169385239635,1.7167582525316918,0
44,Bear_public_Valorie,2016-12-29 03:00:00,0,normal,42.75,42.75,146.27415,7.738594370270733,2.287334109300285,1.6039571270742827,0.0,0.0,2.534207356481883,1.7167582525316918,1
44,Bear_public_Valorie,2016-12-29 04:00:00,1,spike,41.5,0.01,152.64714,10.0,8.175124341289775,0.6940618541133734,0.0,0.0,2.440221406411605,1.7167582525316918,1
44,Bear_public_Valorie,2016-12-29 05:00:00,0,normal,41.75,41.75,149.5858,8.125438319081427,7.398213661912306,0.0,0.0,0.0,1.606907047387057,1.7167582525316918,0
44,Bear_public_Valorie,2016-12-29 06:00:00,0,normal,41.5,41.5,164.55516,10.0,4.00096919560268,0.0,0.0,0.0,1.8500242298900669,1.7167582525316918,1
44,Bear_public_Valorie,2016-12-29 07:00:00,0,normal,40.5,40.5,159.34259,10.0,0.1334380046253886,0.0,0.0,0.0,1.7533359501156347,1.7167582525316918,1
44,Bear_public_Valorie,2016-12-29 08:00:00,0,normal,40.75,40.75,158.99193,9.9938207049038,0.0,0.6981968650396687,0.0,0.0,2.2376564288859333,1.7167582525316918,1
44,Bear_public_Valorie,2016-12-29 09:00:00,0,normal,40.0,40.0,174.61853,10.0,2.4663774885494933,0.8399506343736278,0.0,0.0,2.3996248812752765,1.7167582525316918,1
44,Bear_public_Valorie,2016-12-29 10:00:00,0,normal,40.5,40.5,178.53998,10.0,0.0,1.0012680728562953,0.0,0.0,2.450887650999406,1.7167582525316918,1
44,Bear_public_Valorie,2016-12-29 11:00:00,0,normal,40.0,40.0,173.96681,10.0,0.0,1.0011761808610884,3.810848486136272,0.0,2.450823326602762,1.7167582525316918,1
44,Bear_public_Valorie,2016-12-29 12:00:00,0,normal,40.25,40.25,174.36206,10.0,6.82144675763028,1.124146138343208,4.126304337956063,0.0,2.7074384657810024,1.7167582525316918,1
44,Bear_public_Valorie,2016-12-29 13:00:00,0,normal,40.75,40.75,162.49088,10.0,2.539156016664484,1.178879398969823,5.037723530477514,0.0,2.638694479695488,1.7167582525316918,1
44,Bear_public_Valorie,2016-12-29 14:00:00,0,normal,40.0,40.0,152.92236,10.0,1.6162826665459815,1.001623447678918,4.868701352443902,0.0,2.491543480038892,1.7167582525316918,1
44,Bear_public_Valorie,2016-12-29 15:00:00,0,normal,40.75,40.75,148.91322,9.268931905070058,6.603257195730274,1.001623447678918,4.982615001051255,0.0,2.4882809266557597,1.7167582525316918,1
44,Bear_public_Valorie,2016-12-29 16:00:00,0,normal,40.0,40.0,135.00636,10.0,1.9492409952381249,0.9396997169027504,4.869083749791814,0.0,2.456520826712878,1.7167582525316918,1
44,Bear_public_Valorie,2016-12-29 17:00:00,0,normal,41.25,41.25,125.40903,9.172301111427082,2.1433076098737,0.9400584876679668,4.779112137833814,10.0,3.316776326114159,1.7167582525316918,1
44,Bear_public_Valorie,2016-12-29 18:00:00,0,normal,41.25,41.25,126.898766,10.0,3.1708357847494297,0.7303503649580357,4.310134268652711,10.0,3.340516150089361,1.7167582525316918,1
44,Bear_public_Valorie,2016-12-29 19:00:00,0,normal,41.25,41.25,129.35258,10.0,0.0424057154638007,0.6448053183090698,4.111252537000924,10.0,3.2024238657029445,1.7167582525316918,1
44,Bear_public_Valorie,2016-12-29 20:00:00,0,normal,41.75,41.75,123.78012,10.0,1.099612196118887,1.6039571270742827,3.9632256886781496,10.0,3.9002602938549695,1.7167582525316918,1
44,Bear_public_Valorie,2016-12-29 21:00:00,0,normal,41.5,41.5,129.45721,10.0,1.0571414289459968,1.105097727455437,3.9120228096252094,10.0,3.549996944942457,1.7167582525316918,1
44,Bear_public_Valorie,2016-12-29 22:00:00,0,normal,42.5,42.5,152.355,10.0,5.723063630618981,1.1334369197431695,3.761966294339404,10.0,3.6864824345856944,1.7167582525316918,1
44,Bear_public_Valorie,2016-12-29 23:00:00,0,normal,41.25,41.25,156.65509,10.0,0.9469991759240068,0.7036276768277084,3.937927545745162,10.0,3.2662143531774968,1.7167582525316918,1
44,Bear_public_Valorie,2016-12-30 00:00:00,0,normal,42.25,42.25,155.582,8.618561402791057,10.0,0.4636360823772179,3.7081684196854297,10.0,3.082793503152488,1.7167582525316918,1
44,Bear_public_Valorie,2016-12-30 01:00:00,0,normal,42.0,42.0,139.43622,7.192380319661529,2.1897528654163847,0.4639195372086351,3.58718904331904,10.0,2.6381540536222223,1.7167582525316918,1
44,Bear_public_Valorie,2016-12-30 02:00:00,0,normal,42.0,42.0,127.21602,6.095975187529162,1.5274536129161649,0.6244188047321986,3.801246047679898,10.0,2.542075161453047,1.7167582525316918,1
44,Bear_public_Valorie,2016-12-30 03:00:00,0,normal,42.75,42.75,127.78846,6.080044474885354,0.0,1.2439005351866743,3.810037195751608,10.0,2.9347381577356098,1.7167582525316918,1
44,Bear_public_Valorie,2016-12-30 04:00:00,0,normal,42.5,42.5,126.56531,5.992732560226493,0.0,0.7396232684843871,3.60901062520355,10.0,2.566464485978708,1.7167582525316918,1
44,Bear_public_Valorie,2016-12-30 05:00:00,0,normal,42.75,42.75,143.19098,7.461969623474423,2.2762235233338486,0.0,0.0,0.9578245830444548,1.4585327304958158,1.7167582525316918,0
44,Bear_public_Valorie,2016-12-30 06:00:00,0,normal,42.0,42.0,165.84743,10.0,5.485382763143057,0.0,0.2189879937371873,1.0378311396471007,1.9909176830432864,1.7167582525316918,1
44,Bear_public_Valorie,2016-12-30 07:00:00,0,normal,41.5,41.5,163.25534,10.0,0.0,0.0,0.1143983281939367,1.4290656717236625,1.8929065671723664,1.7167582525316918,1
44,Bear_public_Valorie,2016-12-30 08:00:00,0,normal,40.0,40.0,166.64243,10.0,0.2628031808171068,0.0,0.0,1.6083902284414833,1.9174091023645763,1.7167582525316918,1
44,Bear_public_Valorie,2016-12-30 09:00:00,0,normal,40.0,40.0,164.32126,10.0,0.0,0.0,0.0,0.1120317137023626,1.7612031713702363,1.7167582525316918,1
44,Bear_public_Valorie,2016-12-30 10:00:00,0,normal,40.75,40.75,169.1707,10.0,0.1117410604723456,0.0,0.0,0.0,1.7527935265118086,1.7167582525316918,1
44,Bear_public_Valorie,2016-12-30 11:00:00,0,normal,40.25,40.25,163.03703,10.0,0.4059901357024904,0.0,0.0,0.0,1.7601497533925623,1.7167582525316918,1
44,Bear_public_Valorie,2016-12-30 12:00:00,0,normal,40.75,40.75,151.81995,10.0,3.794535008382901,0.0,0.0,0.0,1.8448633752095724,1.7167582525316918,1
44,Bear_public_Valorie,2016-12-30 13:00:00,0,normal,39.75,39.75,142.14586,10.0,1.5787657173007397,0.0,0.0,0.0,1.7894691429325185,1.7167582525316918,1
44,Bear_public_Valorie,2016-12-30 14:00:00,0,normal,41.0,41.0,133.243,7.737367188691903,6.944689595462854,0.0,0.0129126773770153,0.0,1.527656497907654,1.7167582525316918,0
44,Bear_public_Valorie,2016-12-30 15:00:00,0,normal,40.5,40.5,129.3178,9.774892055118512,3.4175335130773705,0.0,0.0,0.0,1.7960444474726736,1.7167582525316918,1
44,Bear_public_Valorie,2016-12-30 16:00:00,0,normal,40.0,40.0,126.406235,9.462967455096996,0.0,0.0,0.0,0.0,1.6560193046419744,1.7167582525316918,0
44,Bear_public_Valorie,2016-12-30 17:00:00,0,normal,41.5,41.5,128.0157,9.47712646828671,0.0,0.0,0.0,0.0,1.658497131950174,1.7167582525316918,0
44,Bear_public_Valorie,2016-12-30 18:00:00,0,normal,41.75,41.75,124.73871,10.0,1.7814956295633328,0.0,0.0,0.3062669414663454,1.825164084885718,1.7167582525316918,1
44,Bear_public_Valorie,2016-12-30 19:00:00,0,normal,42.0,42.0,127.10489,10.0,0.0,0.0,0.0,0.5133966087426449,1.8013396608742644,1.7167582525316918,1
44,Bear_public_Valorie,2016-12-30 20:00:00,0,normal,41.25,41.25,125.01573,10.0,0.0,0.0,0.0,0.2209842242387134,1.7720984224238714,1.7167582525316918,1
44,Bear_public_Valorie,2016-12-30 21:00:00,0,normal,42.25,42.25,125.39635,10.0,0.0,0.0,0.0,0.2881589019937058,1.7788158901993707,1.7167582525316918,1
44,Bear_public_Valorie,2016-12-30 22:00:00,0,normal,41.5,41.5,135.9,10.0,2.6133225851839224,0.0,0.0,0.0758825536612713,1.822921319995725,1.7167582525316918,1
44,Bear_public_Valorie,2016-12-30 23:00:00,0,normal,43.0,43.0,126.43137,10.0,2.5300505482986555,0.0,0.1403065371444843,0.0,1.8132512637074665,1.7167582525316918,1
44,Hog_public_Gerard,2016-07-10 00:00:00,1,persistent_shift,38.758,0.01,61.638294,10.0,0.0,1.6182733230822333,0.0,0.0,2.8350754915428427,1.324907627483216,1
44,Hog_public_Gerard,2016-07-10 01:00:00,1,persistent_shift,32.217,0.01,61.638294,10.0,9.692619136051828,1.6182733230822333,3.6106444676068143,0.0,3.077390969944138,1.324907627483216,1
44,Hog_public_Gerard,2016-07-10 02:00:00,1,persistent_shift,32.221,0.01,61.638294,10.0,0.0,1.6182733230822333,3.765516671495389,0.0,2.8350754915428427,1.324907627483216,1
44,Hog_public_Gerard,2016-07-10 03:00:00,1,persistent_shift,32.028,0.01,61.638294,10.0,0.0,1.6182733230822333,3.765516671495389,0.0,2.8350754915428427,1.324907627483216,1
44,Hog_public_Gerard,2016-07-10 04:00:00,1,persistent_shift,30.946,0.01,61.638294,10.0,0.0,1.6182733230822333,3.765516671495389,0.0,2.8350754915428427,1.324907627483216,1
44,Hog_public_Gerard,2016-07-10 05:00:00,1,persistent_shift,31.593000000000004,0.01,61.638294,10.0,0.0,1.6182733230822333,3.765516671495389,0.0,2.8350754915428427,1.324907627483216,1
44,Hog_public_Gerard,2016-07-10 06:00:00,1,persistent_shift,32.316,0.01,61.638294,9.112726202141856,4.181434447100165,1.6182733230822333,3.765516671495389,0.963308367978665,2.8065202830416247,1.324907627483216,1
44,Hog_public_Gerard,2016-07-10 07:00:00,0,normal,31.531,31.531,61.638294,1.1044111966296044,10.0,1.6182733230822333,3.765516671495389,10.0,1.7507371710372837,1.324907627483216,1
44,Hog_public_Gerard,2016-07-10 08:00:00,0,normal,31.602,31.602,61.638294,1.0863727344808345,0.0,0.0,0.0,6.200895772035186,0.1629559101721258,1.324907627483216,0
44,Hog_public_Gerard,2016-07-10 09:00:00,0,normal,30.273000000000003,30.273000000000003,61.638294,1.4240222583641424,0.9066476487585582,0.0,0.0,4.177789987803999,0.2362695299735857,1.324907627483216,0
44,Hog_public_Gerard,2016-07-10 10:00:00,0,normal,29.205,29.205,61.638294,1.6953613791371869,0.5961306250193833,1.1164219331090872,0.0,3.3578554580698547,1.19025556731106,1.324907627483216,0
44,Hog_public_Gerard,2016-07-10 11:00:00,0,normal,28.639,28.639,61.638294,4.886998297084673,10.0,0.8799000296843225,0.0,2.9555487188865754,1.7089672690522668,1.324907627483216,1
44,Hog_public_Gerard,2016-07-10 12:00:00,0,normal,63.247,63.247,61.638294,0.0,10.0,1.057156496388822,0.0,2.6335667544549075,1.122154109520778,1.324907627483216,0
44,Hog_public_Gerard,2016-07-10 13:00:00,0,normal,78.317,78.317,61.638294,0.0,0.0,0.0,0.0,1.1311779694104906,1.2558598265882575e-16,1.324907627483216,0
44,Hog_public_Gerard,2016-07-10 14:00:00,0,normal,77.436,77.436,61.638294,0.0,0.0,0.0,0.0,0.2282322265465619,2.533886728734579e-17,1.324907627483216,0
44,Hog_public_Gerard,2016-07-10 15:00:00,0,normal,81.76,81.76,61.638294,0.0,0.0,0.0,0.0,0.0,0.0,1.324907627483216,0
44,Hog_public_Gerard,2016-07-10 16:00:00,0,normal,80.273,80.273,61.638294,0.0,0.0,0.4276676056952118,0.0,0.0,0.3528257746985497,1.324907627483216,0
44,Hog_public_Gerard,2016-07-10 17:00:00,0,normal,80.68,80.68,61.638294,0.0,0.0,0.4633963114793256,0.0,0.0,0.3823019569704436,1.324907627483216,0
44,Hog_public_Gerard,2016-07-10 18:00:00,0,normal,82.57700000000001,82.57700000000001,61.638294,0.6435312615454912,2.339024505781859,1.0991214963312654,0.5311339052715941,0.0559736152857996,1.061780536349664,1.324907627483216,0
44,Hog_public_Gerard,2016-07-10 19:00:00,0,normal,44.07899999999999,44.07899999999999,61.638294,0.0,2.339024505781859,0.8650640686617838,2.037911132939467,0.5968838260576403,0.7721534692905181,1.324907627483216,0
44,Hog_public_Gerard,2016-07-10 20:00:00,0,normal,39.116,39.116,61.638294,1.2246370993259366,5.060215250543191,0.0,0.0,0.701338603315548,0.3102009461624701,1.324907627483216,0
44,Hog_public_Gerard,2016-07-10 21:00:00,0,normal,39.651,39.651,61.638294,1.0283161264195884,0.2448371490431218,0.0,0.0,0.7450185610740987,0.1603683476890163,1.324907627483216,0
44,Hog_public_Gerard,2016-07-10 22:00:00,0,normal,39.868,39.868,61.638294,0.9486868719884166,0.0,0.2733777140728333,0.0,0.8234511673974549,0.3678396449083501,1.324907627483216,0
44,Hog_public_Gerard,2016-07-10 23:00:00,0,normal,40.605,40.605,61.638294,0.6782409709940681,0.5919478733813889,1.3161093031766251,0.0,0.9403703353344331,1.2023250176043605,1.324907627483216,0
44,Hog_public_Gerard,2016-07-11 00:00:00,0,normal,39.85,39.85,61.638294,0.2014805707438299,1.558073266355522,1.228115928457186,0.0,1.112755421914618,1.082369558247641,1.324907627483216,0
44,Hog_public_Gerard,2016-07-11 01:00:00,0,normal,42.108,42.108,61.638294,0.0,0.2689984101580909,1.265725538159772,1.979629782279668,0.7598689001964255,1.050948529235764,1.324907627483216,0
44,Hog_public_Gerard,2016-07-11 02:00:00,0,normal,38.647,38.647,61.638294,0.5687247019632683,1.9887218511740543,0.7961499488407197,2.503034886857072,0.6399202702033413,0.7918504593674353,1.324907627483216,0
44,Hog_public_Gerard,2016-07-11 03:00:00,0,normal,38.94,38.94,61.638294,0.479279539496689,0.0,0.4733064420325951,2.3601713103869995,0.5291382523696965,0.4623697456013944,1.324907627483216,0
44,Hog_public_Gerard,2016-07-11 04:00:00,0,normal,30.995,30.995,61.638294,1.7649065654962384,5.345817654094699,0.3624573249213883,2.222684773419348,0.6288657500482182,0.6974087192369486,1.324907627483216,0
44,Hog_public_Gerard,2016-07-11 05:00:00,0,normal,29.655,29.655,61.638294,2.12752152988829,1.023555312103956,0.0,0.7944110711958506,0.7850399170493094,0.3447171122858424,1.324907627483216,0
44,Hog_public_Gerard,2016-07-11 06:00:00,0,normal,29.249,29.249,61.638294,1.6841826138618936,1.401567811353594,0.0,0.4033779416833913,1.4170535128119832,0.287666587363124,1.324907627483216,0
44,Hog_public_Gerard,2016-07-11 07:00:00,0,normal,33.531,33.531,61.638294,2.997786665841065,5.476827909390839,0.7294238060480076,0.2120056011069068,6.870252399058521,1.1883633376005374,1.324907627483216,0
44,Hog_public_Gerard,2016-07-11 08:00:00,0,normal,63.502,63.502,61.638294,0.0,10.0,0.0093227639885023,0.4710498949582479,7.33012446624432,0.2576912802905149,1.324907627483216,0
44,Hog_public_Gerard,2016-07-11 09:00:00,0,normal,76.92,76.92,61.638294,0.0,0.0,0.0,0.0,2.9044396930904437,3.224575820904233e-16,1.324907627483216,0
44,Hog_public_Gerard,2016-07-11 10:00:00,0,normal,78.888,78.888,61.638294,0.0,0.0,0.0,0.0,0.8148956191804534,9.047158790803127e-17,1.324907627483216,0
44,Hog_public_Gerard,2016-07-11 11:00:00,0,normal,83.132,83.132,61.638294,0.4437252993252111,1.4033771593041862,0.0,0.0,0.0252434162813937,0.1016432238813862,1.324907627483216,0
44,Hog_public_Gerard,2016-07-11 12:00:00,0,normal,84.837,84.837,61.638294,1.7754859201411957,5.561851125237496,0.0,0.0,0.0,0.4053691661521165,1.324907627483216,0
44,Hog_public_Gerard,2016-07-11 13:00:00,0,normal,82.801,82.801,61.638294,0.3689141950799091,5.91217506150228,0.0,0.0,0.0,0.2031415057995431,1.324907627483216,0
44,Hog_public_Gerard,2016-07-11 14:00:00,0,normal,84.618,84.618,61.638294,1.624189649125266,5.203687922605214,0.6598425368644886,0.0,0.0,0.9180907383471232,1.324907627483216,0
44,Hog_public_Gerard,2016-07-11 15:00:00,0,normal,84.527,84.527,61.638294,1.5613222488401142,0.0,0.6549130393975001,0.9263601053214288,0.0,0.7745015948289548,1.324907627483216,0
44,Hog_public_Gerard,2016-07-11 16:00:00,0,normal,85.777,85.777,61.638294,2.4248854395702746,3.369385604090983,0.7175246097393339,1.3816510974342162,0.0,1.039925259072766,1.324907627483216,0
44,Hog_public_Gerard,2016-07-11 17:00:00,0,normal,83.196,83.196,61.638294,0.641800163350637,7.67530515601775,0.9524308778509496,2.2130529991540766,0.0,1.0739081276300726,1.324907627483216,0
44,Hog_public_Gerard,2016-07-11 18:00:00,0,normal,86.84200000000001,86.84200000000001,61.638294,2.208594718453096,6.662463311699201,0.571157664338977,2.230945698002964,0.0,0.9690558636401,1.324907627483216,0
44,Hog_public_Gerard,2016-07-11 19:00:00,0,normal,84.43,84.43,61.638294,1.3234990424715831,3.4702174935132115,0.2974214790810549,1.8811920338929689,1.0085472041261048,0.5306530139504381,1.324907627483216,0
44,Hog_public_Gerard,2016-07-11 20:00:00,0,normal,82.87899999999998,82.87899999999998,61.638294,0.7543516985879392,1.9907009902693824,0.3208659407769202,2.122445809598997,6.042129888602499,0.4276346806858853,1.324907627483216,0
44,Hog_public_Gerard,2016-07-11 21:00:00,0,normal,83.804,83.804,61.638294,1.0937851564166787,0.915001418805191,0.2647975536999674,1.918814995183028,10.0,0.4054007907351057,1.324907627483216,0
44,Hog_public_Gerard,2016-07-11 22:00:00,0,normal,56.21,56.21,61.638294,0.0,4.447464400648541,0.9105397846339875,1.8902533112425064,10.0,0.8623819323392541,1.324907627483216,0
44,Hog_public_Gerard,2016-07-11 23:00:00,0,normal,46.96,46.96,61.638294,0.0,0.0,0.0,0.0,4.222074699818118,4.687444543425421e-16,1.324907627483216,0
44,Hog_public_Gerard,2016-07-12 00:00:00,0,normal,48.466,48.466,61.638294,0.0,0.0,0.0,0.0,1.662972323393482,1.846270162745836e-16,1.324907627483216,0
44,Hog_public_Gerard,2016-07-12 01:00:00,0,normal,47.289,47.289,61.638294,0.0,0.0,0.0,0.0,0.8330307713002727,9.248499425188158e-17,1.324907627483216,0
44,Hog_public_Gerard,2016-07-12 02:00:00,0,normal,39.162,39.162,61.638294,0.4115088020646727,1.2525143930500144,0.8720012508078585,0.0,0.3622269329014229,0.8124402120524344,1.324907627483216,0
44,Hog_public_Gerard,2016-07-12 03:00:00,0,normal,39.191,39.191,61.638294,0.4026558678956245,0.0,0.0,0.0,0.0,0.0603983801843436,1.324907627483216,0
44,Hog_public_Gerard,2016-07-12 04:00:00,0,normal,34.045,34.045,61.638294,1.9735937725134345,6.681865705584193,0.0,0.1654947799122121,0.0,0.4630857085166198,1.324907627483216,0
44,Hog_public_Gerard,2016-07-12 05:00:00,0,normal,28.992,28.992,61.638294,3.516141233071885,6.548919504408389,0.0,0.2460887722162515,0.0,0.6911441725709923,1.324907627483216,0
44,Hog_public_Gerard,2016-07-12 06:00:00,0,normal,29.017,29.017,61.638294,4.741020783468548,5.061350595547187,0.0,0.01212973944981,0.0,0.8376868824089616,1.324907627483216,0
44,Hog_public_Gerard,2016-07-12 07:00:00,0,normal,32.562,32.562,61.638294,3.3719988634443063,5.736337588719902,0.0,0.0692316830427676,0.0,0.6492082692346433,1.324907627483216,0
44,Hog_public_Gerard,2016-07-12 08:00:00,0,normal,64.446,64.446,61.638294,0.0,10.0,0.1950364375972361,0.5124018010991802,0.0548285221647935,0.4109050610177195,1.324907627483216,0
44,Hog_public_Gerard,2016-07-12 09:00:00,0,normal,79.35,79.35,61.638294,0.0,0.0,0.0,0.0,0.6012539400973395,6.675259679426609e-17,1.324907627483216,0
44,Hog_public_Gerard,2016-07-12 10:00:00,0,normal,81.926,81.926,61.638294,0.0,0.0,0.0,0.0,0.8472308578873389,9.406152055994475e-17,1.324907627483216,0
44,Hog_public_Gerard,2016-07-12 11:00:00,0,normal,84.802,84.802,61.638294,1.088652409745658,4.423428877636529,0.0,0.0,0.1526885649066882,0.2738835834027617,1.324907627483216,0
44,Hog_public_Gerard,2016-07-12 12:00:00,0,normal,86.915,86.915,61.638294,3.2110733684110166,9.264339473699902,0.0,0.0,0.0,0.7132694921041497,1.324907627483216,0
44,Hog_public_Gerard,2016-07-12 13:00:00,0,normal,86.05799999999998,86.05799999999998,61.638294,2.6190144448464,2.097990875385424,0.0452761755854033,0.0,0.0,0.4826547834695531,1.324907627483216,0
44,Hog_public_Gerard,2016-07-12 14:00:00,0,normal,84.97200000000002,84.97200000000002,61.638294,1.8687507447400664,2.8388290251907757,0.6985482843994973,0.0,0.0,0.9275856719703643,1.324907627483216,0
44,Hog_public_Gerard,2016-07-12 15:00:00,0,normal,84.445,84.445,61.638294,1.5046725035282105,1.0304075154035903,0.7556202984091402,1.1036853024571371,0.0,0.8748478096018619,1.324907627483216,0
44,Hog_public_Gerard,2016-07-12 16:00:00,0,normal,81.22,81.22,61.638294,0.0,6.371559416403453,0.8583995224932549,1.730980720614362,0.0,0.8674685914670214,1.324907627483216,0
44,Hog_public_Gerard,2016-07-12 17:00:00,0,normal,80.393,80.393,61.638294,0.0,0.0,0.2137334953222829,1.5567320434584324,0.0,0.1763301336408834,1.324907627483216,0
44,Hog_public_Gerard,2016-07-12 18:00:00,0,normal,84.50299999999999,84.50299999999999,61.638294,1.3502867640083294,5.64860497645277,0.1681213309771177,1.1823276678734542,0.0,0.4824582370686905,1.324907627483216,0
44,Hog_public_Gerard,2016-07-12 19:00:00,0,normal,81.373,81.373,61.638294,0.2017173337338222,4.704007097844294,0.1523706050558018,1.3680631718041998,0.8143804835960717,0.2735635266772172,1.324907627483216,0
44,Hog_public_Gerard,2016-07-12 20:00:00,0,normal,79.682,79.682,61.638294,0.0,0.270107119131881,0.1585700545234515,1.4896040321413393,6.122650720965442,0.1375729729601452,1.324907627483216,0
44,Hog_public_Gerard,2016-07-12 21:00:00,0,normal,83.58200000000002,83.58200000000002,61.638294,1.012321126537791,4.065986277860957,0.0486251348405347,1.468262560871489,10.0,0.2936135621706347,1.324907627483216,0
44,Hog_public_Gerard,2016-07-12 22:00:00,0,normal,53.312,53.312,61.638294,0.0,4.065986277860957,0.2292975398820866,1.5856889671718604,10.0,0.2908201273492463,1.324907627483216,0
44,Hog_public_Gerard,2016-07-12 23:00:00,0,normal,44.652,44.652,61.638294,0.0,0.0,0.0,0.0,3.4003044890927097,3.775096334527005e-16,1.324907627483216,0
44,Hog_public_Gerard,2016-07-13 00:00:00,0,normal,43.839,43.839,61.638294,0.0,0.0,0.0,0.0,1.2939205057219618,1.4365403374871486e-16,1.324907627483216,0
44,Hog_public_Gerard,2016-07-13 01:00:00,0,normal,43.044,43.044,61.638294,0.0,0.0,0.0,0.0,0.5767667808290298,6.403397599153202e-17,1.324907627483216,0
44,Hog_public_Gerard,2016-07-13 02:00:00,0,normal,40.744,40.744,61.638294,0.0,0.0,0.8685098117572068,0.0,0.2268078222665631,0.7165205946996955,1.324907627483216,0
44,Hog_public_Gerard,2016-07-13 03:00:00,0,normal,38.027,38.027,61.638294,0.7579943290256542,2.8750298590127,0.3963595029766968,0.0,0.0,0.5125714857849404,1.324907627483216,0
44,Hog_public_Gerard,2016-07-13 04:00:00,0,normal,33.561,33.561,61.638294,2.121346191058911,5.709785955051481,0.0428080867288882,0.3945827880435473,0.0,0.4962632490864562,1.324907627483216,0
44,Hog_public_Gerard,2016-07-13 05:00:00,0,normal,29.778,29.778,61.638294,3.276196189731506,4.733417617384067,0.0,0.6238879868660953,0.0,0.6097648688943275,1.324907627483216,0
44,Hog_public_Gerard,2016-07-13 06:00:00,0,normal,28.557,28.557,61.638294,4.9186653767580095,7.016830958032731,0.0,0.3204962421224558,0.0,0.9132205804645194,1.324907627483216,0
44,Hog_public_Gerard,2016-07-13 07:00:00,0,normal,34.097,34.097,61.638294,2.7792065793153315,9.34412392289536,0.0119120278005905,0.2555488953660427,0.0,0.6603115079051707,1.324907627483216,0
44,Hog_public_Gerard,2016-07-13 08:00:00,0,normal,65.107,65.107,61.638294,0.0,10.0,0.0,0.5031526762289493,0.2328627999636386,0.2499999999999997,1.324907627483216,0
44,Hog_public_Gerard,2016-07-13 09:00:00,0,normal,81.521,81.521,61.638294,0.0,0.0,0.0,0.0,0.702388025072185,7.798073576561314e-17,1.324907627483216,0
44,Hog_public_Gerard,2016-07-13 10:00:00,0,normal,82.38799999999998,82.38799999999998,61.638294,0.1564044788744145,0.0579169925740385,0.0,0.0,0.8300465399770464,0.0249085966455132,1.324907627483216,0
44,Hog_public_Gerard,2016-07-13 11:00:00,0,normal,83.634,83.634,61.638294,0.6375896163497985,1.57879333695584,0.0,0.0,0.0870849025971119,0.1351082758763657,1.324907627483216,0
44,Hog_public_Gerard,2016-07-13 12:00:00,0,normal,84.39200000000002,84.39200000000002,61.638294,1.4680574242412732,3.2144072101052186,0.6939883606949705,0.0,0.0,0.8731091914621719,1.324907627483216,0
44,Hog_public_Gerard,2016-07-13 13:00:00,0,normal,81.331,81.331,61.638294,0.0,6.200099058588288,0.7227263557113829,0.0,0.0,0.7512517199265979,1.324907627483216,0
44,Hog_public_Gerard,2016-07-13 14:00:00,0,normal,80.477,80.477,61.638294,0.0,0.0,0.3931852996987748,0.0435861742750172,0.0,0.3243778722514892,1.324907627483216,0
44,Hog_public_Gerard,2016-07-13 15:00:00,0,normal,81.309,81.309,61.638294,0.0,0.0,0.1858440065208382,1.857145703995644,0.0,0.1533213053796915,1.324907627483216,0
44,Hog_public_Gerard,2016-07-13 16:00:00,0,normal,80.467,80.467,61.638294,0.0,0.0,1.106832610112115,1.831638859335623,0.0,0.9131369033424948,1.324907627483216,0
44,Hog_public_Gerard,2016-07-13 17:00:00,0,normal,83.257,83.257,61.638294,0.6839420470582739,2.528259320468864,1.1094792388906536,1.7095125206144728,0.0,1.0811181621552517,1.324907627483216,0
44,Hog_public_Gerard,2016-07-13 18:00:00,0,normal,82.365,82.365,61.638294,0.5657367825620353,0.0,0.4675361702277426,1.7671975673331126,0.0,0.4705778578221929,1.324907627483216,0
44,Hog_public_Gerard,2016-07-13 19:00:00,0,normal,83.36399999999998,83.36399999999998,61.638294,0.932324917017057,1.0421607930676535,0.4678661076600056,2.1925414339243585,1.0297076866142545,0.5518922961987546,1.324907627483216,0
44,Hog_public_Gerard,2016-07-13 20:00:00,0,normal,81.192,81.192,61.638294,0.1352984625262502,3.057808712121152,1.0547035987234654,1.9964927069575675,7.168489975754596,0.966870456128826,1.324907627483216,0
44,Hog_public_Gerard,2016-07-13 21:00:00,0,normal,77.785,77.785,61.638294,0.0,0.0,0.6645384639066176,2.1114759772219864,10.0,0.5482442327229606,1.324907627483216,0
44,Hog_public_Gerard,2016-07-13 22:00:00,0,normal,45.738,45.738,61.638294,0.0,0.0,0.0,1.4233140344712067,10.0,1.1102230246251563e-15,1.324907627483216,0
44,Hog_public_Gerard,2016-07-13 23:00:00,0,normal,40.401,40.401,61.638294,0.0,0.0,0.0,0.0,2.492786351516668,2.7675488029251443e-16,1.324907627483216,0
44,Hog_public_Gerard,2016-07-14 00:00:00,0,normal,39.787,39.787,61.638294,0.0,0.0,0.0,0.0,0.8597959729702276,9.545652856715354e-17,1.324907627483216,0
44,Hog_public_Gerard,2016-07-14 01:00:00,0,normal,44.20399999999999,44.20399999999999,61.638294,0.0,0.0,0.0,0.0,0.245227604847038,2.722573331748613e-17,1.324907627483216,0
44,Hog_public_Gerard,2016-07-14 02:00:00,0,normal,47.38399999999999,47.38399999999999,61.638294,0.0,0.0,0.074768703111639,0.0,0.0,0.0616841800671022,1.324907627483216,0
44,Hog_public_Gerard,2016-07-14 03:00:00,0,normal,44.404,44.404,61.638294,0.0,0.0,0.0,0.0,0.0,0.0,1.324907627483216,0
44,Hog_public_Gerard,2016-07-14 04:00:00,0,normal,31.553,31.553,61.638294,1.6139071997270111,6.883081457617741,0.2930876597349716,0.9924574621143466,0.0,0.6559604356808465,1.324907627483216,0
44,Hog_public_Gerard,2016-07-14 05:00:00,0,normal,29.427,29.427,61.638294,2.189220195471415,2.01957338095643,0.0,0.2968230030368251,0.0,0.378872363844623,1.324907627483216,0
44,Hog_public_Gerard,2016-07-14 06:00:00,0,normal,29.1,29.1,61.638294,1.7220379780895918,1.5132207440117202,0.0,0.0173929171277368,0.0,0.2961362153137317,1.324907627483216,0
44,Hog_public_Gerard,2016-07-14 07:00:00,0,normal,33.998000000000005,33.998000000000005,61.638294,0.4776381526716473,5.152759747322354,0.5180526349120295,0.0,0.0,0.6278581403862301,1.324907627483216,0
44,Hog_public_Gerard,2016-07-14 08:00:00,0,normal,68.134,68.134,61.638294,0.0,1.5621835877635009,0.0,0.0,0.3254602259097994,0.0390545896940875,1.324907627483216,0
44,Hog_public_Gerard,2016-07-14 09:00:00,0,normal,81.066,81.066,61.638294,0.0,0.0,0.0,0.0,0.8621690485487219,9.571999288179556e-17,1.324907627483216,0
44,Hog_public_Gerard,2016-07-14 10:00:00,0,normal,81.92299999999999,81.92299999999999,61.638294,0.0,0.0,0.0,0.0,0.6801217632871568,7.550868411500621e-17,1.324907627483216,0
44,Hog_public_Gerard,2016-07-14 11:00:00,0,normal,84.411,84.411,61.638294,0.0,0.0,0.0,0.0,0.0,0.0,1.324907627483216,0
44,Hog_public_Gerard,2016-07-14 12:00:00,0,normal,84.411,84.411,61.638294,0.0,0.0,0.3173244540807503,0.0,0.0,0.261792674616619,1.324907627483216,0
44,Hog_public_Gerard,2016-07-14 13:00:00,0,normal,84.411,84.411,61.638294,0.0,0.0,0.4631112800858916,0.0,0.0,0.3820668060708605,1.324907627483216,0
44,Hog_public_Gerard,2016-07-14 14:00:00,0,normal,84.411,84.411,61.638294,0.0,0.0,1.6182733230822333,0.1665693114835458,0.0,1.3350754915428424,1.324907627483216,1
44,Hog_public_Gerard,2016-07-14 15:00:00,0,normal,84.411,84.411,61.638294,0.0,0.0,1.6182733230822333,1.8315817605150213,0.0,1.3350754915428424,1.324907627483216,1
44,Hog_public_Gerard,2016-07-14 16:00:00,0,normal,82.96,82.96,61.638294,0.0,0.0,1.6182733230822333,2.292757565897194,0.0,1.3350754915428424,1.324907627483216,1
44,Hog_public_Gerard,2016-07-14 17:00:00,0,normal,84.728,84.728,61.638294,0.0,0.0,0.8408702228863624,2.78783494589516,0.0,0.6937179338812489,1.324907627483216,0
44,Hog_public_Gerard,2016-07-14 18:00:00,0,normal,85.184,85.184,61.638294,0.607270661456373,2.169224096033986,0.7704151434098635,2.739278484323678,0.0,0.7809136949324429,1.324907627483216,0
44,Hog_public_Gerard,2016-07-14 19:00:00,0,normal,81.505,81.505,61.638294,0.0,2.169224096033986,0.6284313971814164,2.601097975281224,1.0435370228591456,0.5726865050755181,1.324907627483216,0
44,Hog_public_Gerard,2016-07-14 20:00:00,0,normal,79.39399999999998,79.39399999999998,61.638294,0.0,0.0,0.2241207850769149,1.97052183888096,8.041272199967514,0.1848996476884557,1.324907627483216,0
44,Hog_public_Gerard,2016-07-14 21:00:00,0,normal,81.42,81.42,61.638294,0.0,0.0,0.0,1.3858086107431875,10.0,1.1102230246251563e-15,1.324907627483216,0
44,Hog_public_Gerard,2016-07-14 22:00:00,0,normal,48.244,48.244,61.638294,0.0,0.0,0.6161751478245142,1.412046680433681,10.0,0.5083444969552253,1.324907627483216,0
44,Hog_public_Gerard,2016-07-14 23:00:00,0,normal,43.205,43.205,61.638294,0.0,0.0,0.0,0.0,2.732599032435192,3.033794362877975e-16,1.324907627483216,0
44,Hog_public_Gerard,2016-07-15 00:00:00,0,normal,47.316,47.316,61.638294,0.0,0.0,0.0,0.0,0.992018505714355,1.1013617858983194e-16,1.324907627483216,0
44,Hog_public_Gerard,2016-07-15 01:00:00,0,normal,45.044,45.044,61.638294,0.0,0.0,0.0,0.0,0.4214714255642753,4.679272808830464e-17,1.324907627483216,0
44,Hog_public_Gerard,2016-07-15 02:00:00,0,normal,41.691,41.691,61.638294,0.0,0.0,0.1852098022943742,0.0,0.0985889130950555,0.1527980868928587,1.324907627483216,0
44,Hog_public_Gerard,2016-07-15 03:00:00,0,normal,37.782,37.782,61.638294,0.0,0.0,0.0,0.0,0.0,0.0,1.324907627483216,0
44,Hog_public_Gerard,2016-07-15 04:00:00,0,normal,31.619,31.619,61.638294,1.596047059689791,6.799446352599595,0.0,0.7249981229562364,0.0,0.4093932177684583,1.324907627483216,0
44,Hog_public_Gerard,2016-07-15 05:00:00,0,normal,28.465,28.465,61.638294,2.449545266923021,3.3222535015421,0.0,0.3029800813376669,0.0,0.4504881275770056,1.324907627483216,0
44,Hog_public_Gerard,2016-07-15 06:00:00,0,normal,28.709,28.709,61.638294,1.8213765513314075,2.267085084169205,0.0,0.033795359798368,0.0,0.3298836098039411,1.324907627483216,0
44,Hog_public_Gerard,2016-07-15 07:00:00,0,normal,34.961,34.961,61.638294,0.2329756308510119,6.763641165494205,0.333713151804317,0.0949501982971994,0.0,0.4793507240035682,1.324907627483216,0
44,Hog_public_Gerard,2016-07-15 08:00:00,0,normal,66.039,66.039,61.638294,0.0,0.4164828450016903,0.0,0.3798121161534024,0.3392769203775136,0.0104120711250422,1.324907627483216,0
44,Hog_public_Gerard,2016-07-15 09:00:00,0,normal,80.984,80.984,61.638294,0.0,0.0,0.0,0.0,0.8085444827803264,8.976647012163568e-17,1.324907627483216,0
44,Hog_public_Gerard,2016-07-15 10:00:00,0,normal,81.685,81.685,61.638294,0.0,0.0,0.0,0.0,0.8324820218006834,9.242407081896204e-17,1.324907627483216,0
44,Hog_public_Gerard,2016-07-15 11:00:00,0,normal,82.04899999999998,82.04899999999998,61.638294,0.0,0.0,0.0,0.0,0.0871971994765586,9.680833854170804e-18,1.324907627483216,0
44,Hog_public_Gerard,2016-07-15 12:00:00,0,normal,80.447,80.447,61.638294,0.0,0.0,1.0707845925470103,0.0,0.0,0.8833972888512837,1.324907627483216,0
44,Hog_public_Gerard,2016-07-15 13:00:00,0,normal,81.628,81.628,61.638294,0.0,0.0,0.8368747837542756,0.0,0.0,0.6904216965972774,1.324907627483216,0
44,Hog_public_Gerard,2016-07-15 14:00:00,0,normal,80.329,80.329,61.638294,0.0,0.0,0.8406551854517197,0.182192575225148,0.0,0.6935405279976687,1.324907627483216,0
44,Hog_public_Gerard,2016-07-15 15:00:00,0,normal,82.665,82.665,61.638294,0.2749585199284706,0.6130794746832631,0.9195771497101114,2.625824941133832,0.0,0.815221913367194,1.324907627483216,0
44,Hog_public_Gerard,2016-07-15 16:00:00,0,normal,79.038,79.038,61.638294,0.0,0.6130794746832631,0.612611483230971,2.3837256008227223,0.0,0.5207314605326326,1.324907627483216,0
44,Hog_public_Gerard,2016-07-15 17:00:00,0,normal,78.751,78.751,61.638294,0.0,0.0,0.2695714699218794,1.9738604470835996,0.0,0.2223964626855505,1.324907627483216,0
44,Hog_public_Gerard,2016-07-15 18:00:00,0,normal,79.51100000000002,79.51100000000002,61.638294,0.0,0.0,0.1238588799471609,1.8271942366322576,0.0,0.1021835759564077,1.324907627483216,0
44,Hog_public_Gerard,2016-07-15 19:00:00,0,normal,40.142,40.142,61.638294,0.8481411774532032,3.297167710092302,1.1926223908845697,1.7746580154754108,1.1682351964197468,1.193563841850058,1.324907627483216,0
44,Hog_public_Gerard,2016-07-15 20:00:00,0,normal,36.713,36.713,61.638294,2.106430179501545,5.217799704661887,0.0,0.0,1.6752114719758824,0.4464095195417789,1.324907627483216,0
44,Hog_public_Gerard,2016-07-15 21:00:00,0,normal,36.19,36.19,61.638294,1.150876503315357,3.8001568016152834,0.0,0.0,0.4175251568140557,0.2676353955376855,1.324907627483216,0
44,Hog_public_Gerard,2016-07-15 22:00:00,0,normal,38.045,38.045,61.638294,0.6208675873148634,1.807424346333176,0.1354388037702732,0.0,0.0,0.2500527598660342,1.324907627483216,0
44,Hog_public_Gerard,2016-07-15 23:00:00,0,normal,37.704,37.704,61.638294,0.7182977977494556,0.0,0.7439872710050244,0.0,0.0,0.7215341682415635,1.324907627483216,0
44,Hog_public_Gerard,2016-08-28 00:00:00,0,normal,41.449,41.449,61.638294,0.0,2.6891397397178847,1.1940623045853278,0.0,0.0,1.0523298947758424,1.324907627483216,0
44,Hog_public_Gerard,2016-08-28 01:00:00,0,normal,35.744,35.744,61.638294,0.4797883073635136,1.5722522889654362,1.2201887271424383,1.82771024788476,0.0,1.1179302532211746,1.324907627483216,0
44,Hog_public_Gerard,2016-08-28 02:00:00,0,normal,35.086,35.086,61.638294,0.657848491370954,0.1593258935831096,0.0,0.8211770720861842,0.0,0.1026604210452208,1.324907627483216,0
44,Hog_public_Gerard,2016-08-28 03:00:00,0,normal,34.326,34.326,61.638294,0.8635107099813707,0.2885801467929686,0.0,0.4591778636778528,0.0,0.1367411101670298,1.324907627483216,0
44,Hog_public_Gerard,2016-08-28 04:00:00,0,normal,34.478,34.478,61.638294,0.8223782662592869,0.0,0.638926931858755,0.3110673657169973,0.0,0.650471458722366,1.324907627483216,0
44,Hog_public_Gerard,2016-08-28 05:00:00,0,normal,34.137,34.137,61.638294,0.9146556564515927,0.0,0.9809089579021198,0.3551107171310841,0.2543683958999702,0.9464482387369878,1.324907627483216,0
44,Hog_public_Gerard,2016-08-28 06:00:00,0,normal,33.593,33.593,61.638294,0.5805336057737845,0.8901292680865223,1.3135407844684586,0.5394136123027848,1.2049688277390422,1.1930044197547092,1.324907627483216,0
44,Hog_public_Gerard,2016-08-28 07:00:00,0,normal,34.521,34.521,61.638294,0.3447632836039503,0.4295697693738343,0.9272282655453624,2.102533432210754,6.3418082984944695,0.8274170558498631,1.324907627483216,0
44,Hog_public_Gerard,2016-08-28 08:00:00,0,normal,32.759,32.759,61.638294,0.792422020310038,1.4217965808622663,0.903629902046242,2.541004544473024,6.88330382404439,0.8999028867562128,1.324907627483216,0
44,Hog_public_Gerard,2016-08-28 09:00:00,0,normal,31.867,31.867,61.638294,1.019046079981905,0.3867398350649844,0.4895141506299456,2.217565281392333,6.670227874131955,0.5663745821436161,1.324907627483216,0
44,Hog_public_Gerard,2016-08-28 10:00:00,0,normal,32.518,32.518,61.638294,0.8536511664769886,0.100017219275163,0.1615893258812824,1.7228811534122284,6.78843577018606,0.2638592993054861,1.324907627483216,0
44,Hog_public_Gerard,2016-08-28 11:00:00,0,normal,30.986,30.986,61.638294,1.242875448334949,1.148160889444594,0.922811384245498,1.7862507116720363,7.772758263957258,0.9764547314888936,1.324907627483216,0
44,Hog_public_Gerard,2016-08-28 12:00:00,0,normal,64.487,64.487,61.638294,0.0,5.145621424937541,0.5877204401596705,1.5168044590435916,8.766257441921784,0.6135098987551675,1.324907627483216,0
44,Hog_public_Gerard,2016-08-28 13:00:00,0,normal,62.354,62.354,61.638294,0.0,0.0,0.0,0.0,1.0495122415237306,1.165192655165604e-16,1.324907627483216,0
44,Hog_public_Gerard,2016-08-28 14:00:00,0,normal,61.146,61.146,61.638294,0.0,0.0,0.0,0.0,0.0,0.0,1.324907627483216,0
44,Hog_public_Gerard,2016-08-28 15:00:00,0,normal,61.195,61.195,61.638294,0.0,0.0,0.0,0.0,0.0,0.0,1.324907627483216,0
44,Hog_public_Gerard,2016-08-28 16:00:00,0,normal,62.392,62.392,61.638294,0.0,0.0,0.6353657095644595,0.0,0.0,0.524176710390679,1.324907627483216,0
44,Hog_public_Gerard,2016-08-28 17:00:00,0,normal,62.111,62.111,61.638294,0.0,0.0,0.6010989582404737,0.0,0.0,0.4959066405483907,1.324907627483216,0
44,Hog_public_Gerard,2016-08-28 18:00:00,0,normal,61.899,61.899,61.638294,0.0,0.0,0.6700895583612969,1.4433751801053007,0.0,0.55282388564807,1.324907627483216,0
44,Hog_public_Gerard,2016-08-28 19:00:00,0,normal,42.765,42.765,61.638294,0.0,0.0,1.1547011571632846,2.316347779250909,0.0,0.9526284546597096,1.324907627483216,0
44,Hog_public_Gerard,2016-08-28 20:00:00,0,normal,40.175,40.175,61.638294,0.8360316594982344,3.2404615026509096,0.0,0.0,0.0,0.2064162864910078,1.324907627483216,0
44,Hog_public_Gerard,2016-08-28 21:00:00,0,normal,41.223,41.223,61.638294,0.451462725655521,1.1263609192685602,0.0,0.0,0.0,0.0958784318300421,1.324907627483216,0
44,Hog_public_Gerard,2016-08-28 22:00:00,0,normal,41.7,41.7,61.638294,0.2764251479427582,0.14517169354005,0.0965921473248437,0.0,0.0,0.124781586072911,1.324907627483216,0
44,Hog_public_Gerard,2016-08-28 23:00:00,0,normal,41.622,41.622,61.638294,0.305047644927236,0.0,0.4977126860202898,0.0,0.0,0.4563701127058245,1.324907627483216,0
44,Hog_public_Gerard,2016-08-29 00:00:00,1,contextual_after_hours,41.674,97.32480847543503,61.638294,4.44424012388717,10.0,1.14056010983185,0.0,0.0,1.8575981091943512,1.324907627483216,1
44,Hog_public_Gerard,2016-08-29 01:00:00,1,contextual_after_hours,43.03,98.68080847543504,61.638294,4.858191114688133,1.2639506254092348,0.0,0.0,0.0,0.7603274328384507,1.324907627483216,0
44,Hog_public_Gerard,2016-08-29 02:00:00,1,contextual_after_hours,39.866,95.51680847543504,61.638294,3.8923054694858887,3.848539138590318,0.0,0.0,0.0,0.680059298887641,1.324907627483216,0
44,Hog_public_Gerard,2016-08-29 03:00:00,1,contextual_after_hours,38.515,94.16580847543504,61.638294,2.27479192450916,6.899969178714175,0.371021206716034,0.0,0.0,0.8198105136849562,1.324907627483216,0
44,Hog_public_Gerard,2016-08-29 04:00:00,1,contextual_after_hours,31.987,87.63780847543504,61.638294,0.5082617099186278,7.597781445954633,0.1192912028249008,0.0,0.0,0.3645990349672029,1.324907627483216,0
44,Hog_public_Gerard,2016-08-29 05:00:00,1,contextual_after_hours,30.798,86.44880847543503,61.638294,0.1865085810662759,0.8322083294109327,0.0,0.0,0.0,0.0487814953952146,1.324907627483216,0
44,Hog_public_Gerard,2016-08-29 06:00:00,0,normal,30.099,30.099,61.638294,1.4682291937709877,5.327524780383901,0.0,0.4698728051824323,0.0,0.3534224985752454,1.324907627483216,0
44,Hog_public_Gerard,2016-08-29 07:00:00,0,normal,36.16,36.16,61.638294,0.0,6.200903417491782,0.0,0.0,0.0,0.1550225854372943,1.324907627483216,0
44,Hog_public_Gerard,2016-08-29 08:00:00,0,normal,68.425,68.425,61.638294,0.0,0.0,0.0,0.0,0.0,0.0,1.324907627483216,0
44,Hog_public_Gerard,2016-08-29 09:00:00,0,normal,78.46600000000002,78.46600000000002,61.638294,0.0,0.0,0.0,0.0,0.0,0.0,1.324907627483216,0
44,Hog_public_Gerard,2016-08-29 10:00:00,0,normal,78.646,78.646,61.638294,0.0,0.0,0.0,0.0,0.0,0.0,1.324907627483216,0
44,Hog_public_Gerard,2016-08-29 11:00:00,0,normal,81.432,81.432,61.638294,0.0,0.0,0.0,0.0,0.0,0.0,1.324907627483216,0
44,Hog_public_Gerard,2016-08-29 12:00:00,0,normal,84.777,84.777,61.638294,1.7340348869861464,7.445612978567025,0.3296386764639596,0.0,0.0,0.7181974655948641,1.324907627483216,0
44,Hog_public_Gerard,2016-08-29 13:00:00,0,normal,81.14399999999998,81.14399999999998,61.638294,0.0,7.445612978567025,0.0,0.0,0.0,0.1861403244641754,1.324907627483216,0
44,Hog_public_Gerard,2016-08-29 14:00:00,0,normal,85.488,85.488,61.638294,2.2252296298734606,9.74576985416426,0.1951290657707132,0.2846346557799553,0.0,0.7384101700959637,1.324907627483216,0
44,Hog_public_Gerard,2016-08-29 15:00:00,0,normal,85.726,85.726,61.638294,2.389652061388483,0.0954633001466699,0.0891522022565674,1.0197679060075937,0.0,0.4343849585736073,1.324907627483216,0
44,Hog_public_Gerard,2016-08-29 16:00:00,0,normal,86.86399999999998,86.86399999999998,61.638294,3.175839990229205,3.007054281915253,0.0143700303451712,1.0668584056639576,0.0,0.5634076306170283,1.324907627483216,0
44,Hog_public_Gerard,2016-08-29 17:00:00,0,normal,86.934,86.934,61.638294,3.224199528910109,0.0,0.9195043434092072,1.3132983533891698,0.0,1.2422210126491122,1.324907627483216,0
44,Hog_public_Gerard,2016-08-29 18:00:00,0,normal,72.346,72.346,61.638294,0.0,10.0,0.9670400326150376,1.4596675373864194,0.0,1.0478080269074057,1.324907627483216,0
44,Hog_public_Gerard,2016-08-29 19:00:00,0,normal,65.545,65.545,61.638294,0.0,0.0,0.0,0.3053773620709944,1.2228293336568592,1.357613281412883e-16,1.324907627483216,0
44,Hog_public_Gerard,2016-08-29 20:00:00,0,normal,65.40899999999999,65.40899999999999,61.638294,0.0,0.0,0.0,0.0,4.583978202070566,5.0892381443185695e-16,1.324907627483216,0
44,Hog_public_Gerard,2016-08-29 21:00:00,0,normal,68.07600000000001,68.07600000000001,61.638294,0.0,0.0,0.0,0.0,3.893829315333292,4.3230189598434295e-16,1.324907627483216,0
44,Hog_public_Gerard,2016-08-29 22:00:00,0,normal,46.3,46.3,61.638294,0.0,0.0,0.3452248074138523,0.0,3.087790533743133,0.2848104661164285,1.324907627483216,0
44,Hog_public_Gerard,2016-08-29 23:00:00,0,normal,41.851000000000006,41.851000000000006,61.638294,0.2210149294215264,0.3604735125966239,0.0,0.0,1.0609677858766675,0.0421640772281446,1.324907627483216,0
44,Hog_public_Gerard,2016-08-30 00:00:00,0,normal,48.789,48.789,61.638294,0.0,0.3604735125966239,0.0,0.0,0.1775080169827826,0.0090118378149156,1.324907627483216,0
44,Hog_public_Gerard,2016-08-30 01:00:00,0,normal,46.112,46.112,61.638294,0.0,0.0,0.0,0.0,0.0126304027985657,1.4022563997257708e-18,1.324907627483216,0
44,Hog_public_Gerard,2016-08-30 02:00:00,0,normal,38.991,38.991,61.638294,0.0,0.0,0.0,0.0,0.0,0.0,1.324907627483216,0
44,Hog_public_Gerard,2016-08-30 03:00:00,0,normal,38.225,38.225,61.638294,0.0,0.0,0.0,0.0,0.0,0.0,1.324907627483216,0
44,Hog_public_Gerard,2016-08-30 04:00:00,0,normal,32.713,32.713,61.638294,1.3000017081637427,5.413131126995771,0.0,0.4543803311040605,0.0,0.3303285343994555,1.324907627483216,0
44,Hog_public_Gerard,2016-08-30 05:00:00,0,normal,30.486,30.486,61.638294,1.9026461303287416,2.1475604356054108,0.0,0.179939798928831,0.1478751535729954,0.3390859304394464,1.324907627483216,0
44,Hog_public_Gerard,2016-08-30 06:00:00,0,normal,30.629,30.629,61.638294,1.3335758847731287,1.990339955767516,0.0,0.0,0.7753769171832035,0.2497948816101572,1.324907627483216,0
44,Hog_public_Gerard,2016-08-30 07:00:00,0,normal,36.807,36.807,61.638294,0.0,5.570351606833666,0.532402187398285,0.1522627430396113,1.056299922650958,0.5784905947744267,1.324907627483216,0
44,Hog_public_Gerard,2016-08-30 08:00:00,0,normal,69.98899999999999,69.98899999999999,61.638294,0.0,0.0,0.0,0.6451501359409266,1.4762039587001878,1.6389156239917522e-16,1.324907627483216,0
44,Hog_public_Gerard,2016-08-30 09:00:00,0,normal,80.545,80.545,61.638294,0.0,0.0,0.0,0.0,1.210095021961263,1.3434753553656786e-16,1.324907627483216,0
44,Hog_public_Gerard,2016-08-30 10:00:00,0,normal,80.939,80.939,61.638294,0.0,0.0,0.0,0.0,0.5494839542930091,6.100497377181757e-17,1.324907627483216,0
44,Hog_public_Gerard,2016-08-30 11:00:00,0,normal,82.745,82.745,61.638294,0.2942721306229877,0.7035208629002238,0.0,0.0,0.0,0.0617288411659537,1.324907627483216,0
44,Hog_public_Gerard,2016-08-30 12:00:00,0,normal,81.949,81.949,61.638294,0.0,0.7035208629002238,0.5829486049354329,0.0,0.0,0.4985206206442376,1.324907627483216,0
44,Hog_public_Gerard,2016-08-30 13:00:00,0,normal,83.75299999999999,83.75299999999999,61.638294,1.0266039211399884,4.132869461532417,0.7533755788147317,0.0,0.0,0.8788471772314623,1.324907627483216,0
44,Hog_public_Gerard,2016-08-30 14:00:00,0,normal,87.02600000000002,87.02600000000002,61.638294,3.287757779747868,9.913995110888877,0.7574459460856438,0.3558236568873498,0.0,1.3659064502550575,1.324907627483216,1
44,Hog_public_Gerard,2016-08-30 15:00:00,0,normal,87.48,87.48,61.638294,3.601403930621048,0.7942451357710815,0.0,1.2428521451191277,0.0,0.5600667179874341,1.324907627483216,0
44,Hog_public_Gerard,2016-08-30 16:00:00,0,normal,85.929,85.929,61.638294,2.529894723563063,4.343151032438063,0.1676501727759825,1.0859703837197363,0.0,0.6263743768855965,1.324907627483216,0
44,Hog_public_Gerard,2016-08-30 17:00:00,0,normal,85.574,85.574,61.638294,2.2846427773956948,0.4739701277766106,0.837996008700586,1.2718371050645223,0.0,1.0458923769817527,1.324907627483216,0
44,Hog_public_Gerard,2016-08-30 18:00:00,0,normal,75.227,75.227,61.638294,0.0,10.0,0.68459314394453,1.3960626485090168,0.0,0.8147893437542368,1.324907627483216,0
44,Hog_public_Gerard,2016-08-30 19:00:00,0,normal,71.654,71.654,61.638294,0.0,0.0,0.0,0.4670500995775687,1.0057794143551764,1.1166394635111223e-16,1.324907627483216,0
44,Hog_public_Gerard,2016-08-30 20:00:00,0,normal,71.52199999999998,71.52199999999998,61.638294,0.0,0.0,0.0,0.056376761309602,5.921606080800176,6.574303413664692e-16,1.324907627483216,0
44,Hog_public_Gerard,2016-08-30 21:00:00,0,normal,73.524,73.524,61.638294,0.0,0.0,0.1449639855180009,0.0,6.263210177065731,0.1195952880523514,1.324907627483216,0
44,Hog_public_Gerard,2016-08-30 22:00:00,0,normal,51.87,51.87,61.638294,0.0,0.0,0.6269506696743354,0.0827420249404143,5.770620695916659,0.5172343024813274,1.324907627483216,0
44,Hog_public_Gerard,2016-08-30 23:00:00,0,normal,50.578,50.578,61.638294,0.0,0.0,0.0,0.0,2.475795988291696,2.748685710476034e-16,1.324907627483216,0
44,Hog_public_Gerard,2016-08-31 00:00:00,0,normal,46.879,46.879,61.638294,0.0,0.0,0.0,0.0,1.326741108476368,1.4729785263471663e-16,1.324907627483216,0
44,Hog_public_Gerard,2016-08-31 01:00:00,0,normal,46.88,46.88,61.638294,0.0,0.0,0.0,0.0,0.6766266932269704,7.51206533896565e-17,1.324907627483216,0
44,Hog_public_Gerard,2016-08-31 02:00:00,0,normal,41.122,41.122,61.638294,0.0,0.0,0.1192254715926188,0.0,0.3713771383732928,0.0983610140639106,1.324907627483216,0
44,Hog_public_Gerard,2016-08-31 03:00:00,0,normal,37.751,37.751,61.638294,0.0,0.0,0.0,0.0,0.1620333953787441,1.7989320630767312e-17,1.324907627483216,0
44,Hog_public_Gerard,2016-08-31 04:00:00,0,normal,32.356,32.356,61.638294,1.3966088292741623,5.86552101323029,0.0,0.2661034194818726,0.112828716569572,0.3561293497218813,1.324907627483216,0
44,Hog_public_Gerard,2016-08-31 05:00:00,0,normal,29.596,29.596,61.638294,2.1434874126488346,2.822977268554985,0.0,0.0529627533075437,0.107222861922991,0.3920975436111997,1.324907627483216,0
44,Hog_public_Gerard,2016-08-31 06:00:00,0,normal,28.76,28.76,61.638294,1.8084193461259528,0.8945592520836616,0.0,0.0,0.2961535779880979,0.2936268832209844,1.324907627483216,0
44,Hog_public_Gerard,2016-08-31 07:00:00,0,normal,35.607,35.607,61.638294,0.068851031581924,7.471524801987747,0.2262816655913845,0.0170902397704794,0.4068237723946361,0.3837981488998743,1.324907627483216,0
44,Hog_public_Gerard,2016-08-31 08:00:00,0,normal,65.275,65.275,61.638294,0.0,0.0,0.0,0.4070538664803469,0.7667479033200089,8.512611763489372e-17,1.324907627483216,0
44,Hog_public_Gerard,2016-08-31 09:00:00,0,normal,79.804,79.804,61.638294,0.0,0.0,0.0,0.0,1.0197127259654797,1.1321085468701583e-16,1.324907627483216,0
44,Hog_public_Gerard,2016-08-31 10:00:00,0,normal,82.501,82.501,61.638294,0.0,0.0,0.0,0.0,0.6690827702239746,7.428310968826397e-17,1.324907627483216,0
44,Hog_public_Gerard,2016-08-31 11:00:00,0,normal,88.068,88.068,61.638294,2.3499290221008504,10.0,0.0,0.0,0.0,0.6024893533151272,1.324907627483216,0
44,Hog_public_Gerard,2016-08-31 12:00:00,0,normal,80.485,80.485,61.638294,0.0,10.0,0.0,0.0,0.0,0.2499999999999996,1.324907627483216,0
44,Hog_public_Gerard,2016-08-31 13:00:00,0,normal,81.93,81.93,61.638294,0.0,0.0,0.0,0.0,0.0,0.0,1.324907627483216,0
44,Hog_public_Gerard,2016-08-31 14:00:00,0,normal,85.449,85.449,61.638294,2.198286458322679,9.619600911620948,0.0,0.0,0.0,0.5702329915389251,1.324907627483216,0
44,Hog_public_Gerard,2016-08-31 15:00:00,0,normal,81.437,81.437,61.638294,0.0,9.619600911620948,0.0,0.8991847363322383,0.0,0.2404900227905233,1.324907627483216,0
44,Hog_public_Gerard,2016-08-31 16:00:00,0,normal,83.61,83.61,61.638294,0.9278122921204672,3.67025000554033,0.0981942642686194,0.995416621374436,0.0,0.3119383619781893,1.324907627483216,0
44,Hog_public_Gerard,2016-08-31 17:00:00,0,normal,84.958,84.958,61.638294,1.859078837003872,3.686425510994678,0.1635446427892437,1.0007992791020808,0.0,0.5059467936265736,1.324907627483216,0
44,Hog_public_Gerard,2016-08-31 18:00:00,0,normal,71.426,71.426,61.638294,0.0,8.031166276011604,0.2606706810717558,1.4296773365427349,0.0,0.4158324687844883,1.324907627483216,0
44,Hog_public_Gerard,2016-08-31 19:00:00,0,normal,64.743,64.743,61.638294,0.0,0.0,0.0,0.3123297615017793,0.7995075815066368,8.876317253510422e-17,1.324907627483216,0
44,Hog_public_Gerard,2016-08-31 20:00:00,0,normal,63.615,63.615,61.638294,0.0,0.0,0.0,0.0,3.893735560105597,4.3229148706309644e-16,1.324907627483216,0
44,Hog_public_Gerard,2016-08-31 21:00:00,0,normal,64.532,64.532,61.638294,0.0,0.0,0.0,0.0,3.654476859595343,4.0572843524825854e-16,1.324907627483216,0
44,Hog_public_Gerard,2016-08-31 22:00:00,0,normal,42.566,42.566,61.638294,0.0,0.0,0.9762884062670348,0.0,2.939286251869054,0.8054379351703039,1.324907627483216,0
44,Hog_public_Gerard,2016-08-31 23:00:00,0,normal,39.664,39.664,61.638294,0.1582883770696894,0.0667388732019037,0.0,0.0,1.0842146482018469,0.0254117283905011,1.324907627483216,0
44,Hog_public_Gerard,2016-09-01 00:00:00,0,normal,39.197,39.197,61.638294,0.0,0.0667388732019037,0.0,0.0,0.4550832165682042,0.0016684718300476,1.324907627483216,0
44,Hog_public_Gerard,2016-09-01 01:00:00,0,normal,41.056,41.056,61.638294,0.0,0.0,0.2588093017611322,0.0,0.0835923803170241,0.213517673952934,1.324907627483216,0
44,Hog_public_Gerard,2016-09-01 02:00:00,0,normal,39.63800000000001,39.63800000000001,61.638294,0.0,0.0,0.7287496433066971,0.0,0.0,0.6012184557280251,1.324907627483216,0
44,Hog_public_Gerard,2016-09-01 03:00:00,0,normal,39.521,39.521,61.638294,0.0,0.0,0.7276823832498653,0.0,0.0196633803199468,0.6003379661811389,1.324907627483216,0
44,Hog_public_Gerard,2016-09-01 04:00:00,0,normal,33.94,33.94,61.638294,0.9679654683808728,3.8582784927947777,0.8061254323110952,1.992607835193576,0.1080789223182525,0.9067052642336538,1.324907627483216,0
44,Hog_public_Gerard,2016-09-01 05:00:00,0,normal,31.226,31.226,61.638294,1.7023960753659677,2.76468613475446,0.0,1.2017623889771096,0.3443420717106936,0.3244765646737565,1.324907627483216,0
44,Hog_public_Gerard,2016-09-01 06:00:00,0,normal,32.072,32.072,61.638294,0.9669631963129216,2.7693795542620983,0.0,0.6522737899577248,0.994934864790056,0.2142789683034907,1.324907627483216,0
44,Hog_public_Gerard,2016-09-01 07:00:00,0,normal,36.823,36.823,61.638294,0.0,3.853585073287139,0.46223395286168,0.5264795480507403,1.460714550340398,0.4776826379430645,1.324907627483216,0
44,Hog_public_Gerard,2016-09-01 08:00:00,0,normal,65.873,65.873,61.638294,0.0,0.0,0.0,0.7081344825736477,2.115153036427757,2.348291601647909e-16,1.324907627483216,0
44,Hog_public_Gerard,2016-09-01 09:00:00,0,normal,78.56,78.56,61.638294,0.0,0.0,0.0,0.0,1.9319240027355689,2.1448665096630222e-16,1.324907627483216,0
44,Hog_public_Gerard,2016-09-01 10:00:00,0,normal,78.17399999999998,78.17399999999998,61.638294,0.0,0.0,0.0,0.0,0.909180078945202,1.0093926571754808e-16,1.324907627483216,0
44,Hog_public_Gerard,2016-09-01 11:00:00,0,normal,86.178,86.178,61.638294,0.0,0.0,0.0,0.0,0.1065077526831462,1.1824735932991079e-17,1.324907627483216,0
44,Hog_public_Gerard,2016-09-01 12:00:00,0,normal,79.32,79.32,61.638294,0.0,0.0,0.0,0.0,0.0,0.0,1.324907627483216,0
44,Hog_public_Gerard,2016-09-01 13:00:00,0,normal,78.339,78.339,61.638294,0.0,0.0,0.0,0.0,0.0,0.0,1.324907627483216,0
44,Hog_public_Gerard,2016-09-01 14:00:00,0,normal,83.083,83.083,61.638294,0.5637340509086309,1.9653517306602355,0.0,0.0671314538879562,0.0,0.1336939009028004,1.324907627483216,0
44,Hog_public_Gerard,2016-09-01 15:00:00,0,normal,83.86200000000002,83.86200000000002,61.638294,1.101906631371684,1.8456529902987997,0.0,0.8018394813943133,0.0,0.2114273194632225,1.324907627483216,0
44,Hog_public_Gerard,2016-09-01 16:00:00,0,normal,82.74,82.74,61.638294,0.3267723113722724,2.9552926644617536,0.0,0.7902278454716599,0.0,0.1228981633173846,1.324907627483216,0
44,Hog_public_Gerard,2016-09-01 17:00:00,0,normal,82.23200000000001,82.23200000000001,61.638294,0.0,0.855712056497281,0.9994528085608466,0.9457581489906438,0.0,0.8459413684751305,1.324907627483216,0
44,Hog_public_Gerard,2016-09-01 18:00:00,0,normal,69.565,69.565,61.638294,0.0,0.0,0.7870050226091222,1.2716406835428882,0.0,0.6492791436525258,1.324907627483216,0
44,Hog_public_Gerard,2016-09-01 19:00:00,0,normal,69.048,69.048,61.638294,0.0,0.0,0.0,0.2373799134364288,0.9789461237212932,1.0868485264229267e-16,1.324907627483216,0
44,Hog_public_Gerard,2016-09-01 20:00:00,0,normal,68.63600000000001,68.63600000000001,61.638294,0.0,0.0,0.0,0.0,4.894602029218608,5.434099869215513e-16,1.324907627483216,0
44,Hog_public_Gerard,2016-09-01 21:00:00,0,normal,70.33800000000001,70.33800000000001,61.638294,0.0,0.0,1.0974428752533305,0.0,5.381297952603719,0.905390372083998,1.324907627483216,0
44,Hog_public_Gerard,2016-09-01 22:00:00,0,normal,50.45399999999999,50.45399999999999,61.638294,0.0,0.0,0.752969215390179,0.0367102362708464,4.9617101207396965,0.6211996026968982,1.324907627483216,0
44,Hog_public_Gerard,2016-09-01 23:00:00,0,normal,47.795,47.795,61.638294,0.0,0.0,0.0,0.0,2.273209448551288,2.5237694695770953e-16,1.324907627483216,0
44,Hog_public_Gerard,2016-09-02 00:00:00,0,normal,47.511,47.511,61.638294,0.0,0.0,0.0,0.0,1.3168091553566308,1.4619518433141363e-16,1.324907627483216,0
44,Hog_public_Gerard,2016-09-02 01:00:00,0,normal,43.12300000000001,43.12300000000001,61.638294,0.0,0.0,0.286941999216322,0.0,0.7248375805134719,0.2367271493534657,1.324907627483216,0
44,Hog_public_Gerard,2016-09-02 02:00:00,0,normal,38.676,38.676,61.638294,0.0,0.0,0.0,0.0,0.296022709252997,3.286512276245957e-17,1.324907627483216,0
44,Hog_public_Gerard,2016-09-02 03:00:00,0,normal,37.463,37.463,61.638294,0.0146128418486354,0.0,0.0,0.0,0.0894860013395663,0.0021919262772953,1.324907627483216,0
44,Hog_public_Gerard,2016-09-02 04:00:00,0,normal,32.56,32.56,61.638294,1.341404760068208,5.538583784522987,0.0,0.2375019730792177,0.0951847132475324,0.3396753086233057,1.324907627483216,0
44,Hog_public_Gerard,2016-09-02 05:00:00,0,normal,30.894,30.894,61.638294,1.792237991916834,1.4366620429511698,0.0,0.1132040981493307,0.1566894175641705,0.3047522498613043,1.324907627483216,0
44,Hog_public_Gerard,2016-09-02 06:00:00,0,normal,30.802,30.802,61.638294,1.2896230122134509,1.6791445716900535,0.0,0.0775720773888221,0.4314171447111894,0.2354220661242689,1.324907627483216,0
44,Hog_public_Gerard,2016-09-02 07:00:00,0,normal,35.109,35.109,61.638294,0.195374329470477,4.449634992418683,0.6620158766826326,0.309926687661638,0.5242950918260908,0.6867101224942105,1.324907627483216,0
44,Hog_public_Gerard,2016-09-02 08:00:00,0,normal,67.387,67.387,61.638294,0.0,0.2404042261764018,0.0,0.7504782431651102,0.9246200174676636,0.0060101056544101,1.324907627483216,0
44,Hog_public_Gerard,2016-09-02 09:00:00,0,normal,82.446,82.446,61.638294,0.0,0.0,0.0,0.0,0.9905535556150816,1.0997353645681791e-16,1.324907627483216,0
44,Hog_public_Gerard,2016-09-02 10:00:00,0,normal,82.455,82.455,61.638294,0.0,0.0,0.0,0.0,0.3667755208883957,4.0720262815918203e-17,1.324907627483216,0
44,Hog_public_Gerard,2016-09-02 11:00:00,0,normal,83.711,83.711,61.638294,0.0,0.0,0.0,0.0,0.0,0.0,1.324907627483216,0
44,Hog_public_Gerard,2016-09-02 12:00:00,0,normal,82.78399999999998,82.78399999999998,61.638294,0.0,0.0,0.8652453928558494,0.0,0.0,0.7138274491060758,1.324907627483216,0
44,Hog_public_Gerard,2016-09-02 13:00:00,0,normal,82.28399999999998,82.28399999999998,61.638294,0.0,0.0,0.931490958036293,0.0,0.0,0.7684800403799417,1.324907627483216,0
44,Hog_public_Gerard,2016-09-02 14:00:00,0,normal,88.99600000000002,88.99600000000002,61.638294,4.6487333683386,10.0,0.8766060757170339,0.1080689280134196,0.0,1.6705100177173424,1.324907627483216,1
44,Hog_public_Gerard,2016-09-02 15:00:00,0,normal,87.41,87.41,61.638294,3.553044391940153,4.456379570618034,0.0,1.1072951153083053,0.0,0.6443661480564737,1.324907627483216,0
44,Hog_public_Gerard,2016-09-02 16:00:00,0,normal,87.914,87.914,61.638294,3.901233070442558,0.9560001903138692,0.0,0.9983683500415912,0.0,0.6090849653242304,1.324907627483216,0
44,Hog_public_Gerard,2016-09-02 17:00:00,0,normal,86.10799999999998,86.10799999999998,61.638294,2.653556972475604,5.168101810605926,0.8306550980388991,0.9929155849781186,0.0,1.2125265470185802,1.324907627483216,0
44,Hog_public_Gerard,2016-09-02 18:00:00,0,normal,70.2,70.2,61.638294,0.0,10.0,0.7491960960393486,1.060708018803688,0.0,0.8680867792324622,1.324907627483216,0
44,Hog_public_Gerard,2016-09-02 19:00:00,0,normal,40.547,40.547,61.638294,0.6995243661876531,2.601227891493279,0.0,0.0389801813251696,0.7434936971996459,0.1699593522154799,1.324907627483216,0
44,Hog_public_Gerard,2016-09-02 20:00:00,0,normal,38.43,38.43,61.638294,0.5108657368241957,0.2089560806103289,0.0,0.0,1.2269741936625445,0.0818537625388877,1.324907627483216,0
44,Hog_public_Gerard,2016-09-02 21:00:00,1,stuck,38.556,38.556,61.638294,0.4748651312090684,0.0,0.0,0.0,0.2653415032979309,0.0712297696813602,1.324907627483216,0
44,Hog_public_Gerard,2016-09-02 22:00:00,1,stuck,38.812,38.556,61.638294,0.4748651312090684,0.0,0.6233376682048701,0.0,0.0,0.5854833459503781,1.324907627483216,0
44,Hog_public_Gerard,2016-09-02 23:00:00,1,stuck,39.492,38.556,61.638294,0.4748651312090684,0.0,1.534109769558055,0.0,0.0,1.3368703295667554,1.324907627483216,1
44,Hog_public_Gerard,2016-09-03 00:00:00,1,stuck,39.234,38.556,61.638294,0.0,1.5491981385589018,1.6182733230822333,0.0,0.0,1.373805445006815,1.324907627483216,1
44,Hog_public_Gerard,2016-09-03 01:00:00,1,stuck,33.906,38.556,61.638294,0.0,0.0,1.6182733230822333,2.5460011881299534,0.0,1.3350754915428424,1.324907627483216,1
44,Hog_public_Gerard,2016-09-03 02:00:00,1,stuck,34.018,38.556,61.638294,0.0,0.0,1.6182733230822333,3.667122995670119,0.0,1.3350754915428424,1.324907627483216,1
44,Hog_public_Gerard,2016-09-03 03:00:00,1,stuck,33.573,38.556,61.638294,0.0,0.0,1.6182733230822333,3.765516671495375,0.0,1.3350754915428424,1.324907627483216,1
44,Hog_public_Gerard,2016-09-03 04:00:00,1,stuck,32.722,38.556,61.638294,0.0,0.0,1.6182733230822333,3.765516671495375,0.0853776008172516,1.3350754915428424,1.324907627483216,1
44,Hog_public_Gerard,2016-09-03 05:00:00,1,stuck,32.933,38.556,61.638294,0.0,0.0,1.6182733230822333,3.765516671495375,0.9093044035101584,1.3350754915428424,1.324907627483216,1
44,Hog_public_Gerard,2016-09-03 06:00:00,1,stuck,32.936,38.556,61.638294,0.0,0.0,1.6182733230822333,3.765516671495374,3.554154742282829,1.3350754915428429,1.324907627483216,1
44,Hog_public_Gerard,2016-09-03 07:00:00,1,stuck,32.983000000000004,38.556,61.638294,0.0,0.0,1.6182733230822333,3.765516671495374,10.0,1.3350754915428436,1.324907627483216,1
44,Hog_public_Gerard,2016-09-03 08:00:00,1,stuck,30.84,38.556,61.638294,0.0,0.0,1.6182733230822333,3.765516671495374,10.0,1.3350754915428436,1.324907627483216,1
44,Hog_public_Gerard,2016-09-03 09:00:00,0,normal,31.427,31.427,61.638294,1.1308337327348443,4.620954729654093,1.6182733230822333,3.765516671495374,10.0,1.6202244196944224,1.324907627483216,1
44,Hog_public_Gerard,2016-09-03 10:00:00,0,normal,37.682,37.682,61.638294,0.0,4.620954729654093,0.0,1.0755450991377038,10.0,0.1155238682413532,1.324907627483216,0
44,Hog_public_Gerard,2016-09-03 11:00:00,0,normal,62.58,62.58,61.638294,0.0,0.0,0.0,1.0693442796210637,10.0,1.1102230246251563e-15,1.324907627483216,0
44,Hog_public_Gerard,2016-09-03 12:00:00,0,normal,61.651,61.651,61.638294,0.0,0.0,0.0,0.0,4.341458210767422,4.819986866041928e-16,1.324907627483216,0
44,Hog_public_Gerard,2016-09-03 13:00:00,0,normal,60.65600000000001,60.65600000000001,61.638294,0.0,0.0,0.0,0.0,2.556003166935935,2.837733566947092e-16,1.324907627483216,0
44,Hog_public_Gerard,2016-09-03 14:00:00,0,normal,60.221,60.221,61.638294,0.0,0.0,0.6656299019829021,0.0,1.680859421877109,0.5491446691358944,1.324907627483216,0
44,Hog_public_Gerard,2016-09-03 15:00:00,0,normal,60.127,60.127,61.638294,0.0,0.0,0.7849879149026189,0.0,0.9727118410669316,0.6476150297946607,1.324907627483216,0
44,Hog_public_Gerard,2016-09-03 16:00:00,0,normal,60.66,60.66,61.638294,0.0,0.0,1.202134687065089,0.0,0.4120082444578881,0.9917611168286984,1.324907627483216,0
44,Hog_public_Gerard,2016-09-03 17:00:00,0,normal,60.669,60.669,61.638294,0.0,0.0,1.1461261533130045,1.854130696732574,0.0,0.9455540764832286,1.324907627483216,0
44,Hog_public_Gerard,2016-09-03 18:00:00,0,normal,60.534,60.534,61.638294,0.0,0.0,1.0288641160144274,2.2844665432537616,0.0,0.8488128957119025,1.324907627483216,0
44,Hog_public_Gerard,2016-09-03 19:00:00,0,normal,39.869,39.869,61.638294,0.9483199168988729,3.7662826989257288,1.4421157598170449,2.9266998904646053,0.0,1.4261505568570358,1.324907627483216,1
44,Hog_public_Gerard,2016-09-03 20:00:00,0,normal,37.749,37.749,61.638294,0.7054404386011951,0.4628603828910574,0.0,0.0,0.0,0.1173875753624556,1.324907627483216,0
44,Hog_public_Gerard,2016-09-03 21:00:00,0,normal,39.151,39.151,61.638294,0.3048622713598521,1.2013286358577957,0.0,0.0,0.0,0.0757625566004226,1.324907627483216,0
44,Hog_public_Gerard,2016-09-03 22:00:00,0,normal,38.639,38.639,61.638294,0.4511504465578319,0.0105445689194164,0.1531233084366942,0.0,0.0,0.1942629106669329,1.324907627483216,0
44,Hog_public_Gerard,2016-09-03 23:00:00,0,normal,40.466,40.466,61.638294,0.0,1.4381474896196973,0.4795577829942284,0.0,0.0,0.4315888582107308,1.324907627483216,0
44,Hog_public_Gerard,2016-09-04 00:00:00,0,normal,39.893,39.893,61.638294,0.0,0.0,0.2574828406243684,0.0,0.0,0.2124233435151039,1.324907627483216,0
44,Hog_public_Gerard,2016-09-04 01:00:00,0,normal,33.806999999999995,33.806999999999995,61.638294,1.0039563566376966,4.026815901391955,0.2617694136096213,1.5095836773421347,0.0,0.4672236172583908,1.324907627483216,0
44,Hog_public_Gerard,2016-09-04 02:00:00,0,normal,33.115,33.115,61.638294,1.1912172188461272,0.2024106446530541,0.0,0.4736568318408649,0.0,0.1837428489432454,1.324907627483216,0
44,Hog_public_Gerard,2016-09-04 03:00:00,0,normal,33.443000000000005,33.443000000000005,61.638294,1.1024577350247884,0.0,0.0,0.1855322451593295,0.0,0.1653686602537182,1.324907627483216,0
44,Hog_public_Gerard,2016-09-04 04:00:00,0,normal,33.017,33.017,61.638294,1.2177368207195751,0.0,0.9645742166067108,0.1269590441404959,0.0,0.9784342518084724,1.324907627483216,0
44,Hog_public_Gerard,2016-09-04 05:00:00,1,gradual_drift,32.244,32.244,61.638294,1.426916945700961,0.3050537280844282,1.1711217800795717,0.1196131138621706,0.1494132984927641,1.1878393536229013,1.324907627483216,0
44,Hog_public_Gerard,2016-09-04 06:00:00,1,gradual_drift,32.899,30.65698732580677,61.638294,1.3264653450941049,0.0,0.645251874032736,0.3724173451783601,1.1416675401600964,0.731302597841123,1.324907627483216,0
44,Hog_public_Gerard,2016-09-04 07:00:00,1,gradual_drift,32.839,28.35497465161354,61.638294,1.9113212393113264,2.064260674241272,0.1458556131169352,1.4755753136475165,5.484958555385587,0.4586355835742028,1.324907627483216,0
44,Hog_public_Gerard,2016-09-04 08:00:00,1,gradual_drift,31.331,24.60496197742032,61.638294,2.864060136224581,3.7869758097751247,0.0,0.8409051807970548,4.990866309433469,0.5242834156780657,1.324907627483216,0
44,Hog_public_Gerard,2016-09-04 09:00:00,1,gradual_drift,29.742,20.773949303227084,61.638294,3.837378123758266,3.883343161970055,0.0,0.2804948446575536,3.972660134611055,0.6726902976129916,1.324907627483216,0
44,Hog_public_Gerard,2016-09-04 10:00:00,1,gradual_drift,29.631,18.420936629033854,61.638294,4.435191223180942,2.1249364145121445,0.0,0.0,3.131172752471193,0.7184020938399451,1.324907627483216,0
44,Hog_public_Gerard,2016-09-04 11:00:00,1,gradual_drift,29.81900000000001,16.366923954840637,61.638294,9.626276466344915,10.0,0.0,0.0,2.6907794602469304,1.693941469951737,1.324907627483216,1
44,Hog_public_Gerard,2016-09-04 12:00:00,1,gradual_drift,60.144,44.4499112806474,61.638294,0.0,10.0,0.0,0.0,2.461415234382073,0.2499999999999999,1.324907627483216,0
44,Hog_public_Gerard,2016-09-04 13:00:00,1,gradual_drift,61.442,43.50589860645417,61.638294,0.0,0.0,0.0,0.0,1.7506651979521877,1.943628811176476e-16,1.324907627483216,0
44,Hog_public_Gerard,2016-09-04 14:00:00,1,gradual_drift,59.636,39.457885932260936,61.638294,1.071994534877214,4.3454237158014,0.0,0.0,1.0147581261527814,0.269434773126617,1.324907627483216,0
44,Hog_public_Gerard,2016-09-04 15:00:00,1,gradual_drift,59.668,37.247873258067706,61.638294,2.5987830120615345,6.475123653607227,0.0,0.0,0.5971272260688986,0.5516955431494107,1.324907627483216,0
44,Hog_public_Gerard,2016-09-04 16:00:00,1,gradual_drift,60.456,35.79386058387448,61.638294,3.603288471492248,4.029387228921531,0.0,0.0,0.2466149246498421,0.6412279514468754,1.324907627483216,0
44,Hog_public_Gerard,2016-09-04 17:00:00,1,gradual_drift,61.078,34.17384790968126,61.638294,4.722475122651932,4.56641401000332,0.0,0.0,0.0,0.8225316186478726,1.324907627483216,0
44,Hog_public_Gerard,2016-09-04 18:00:00,1,gradual_drift,60.382,31.23583523548801,61.638294,4.116303666113423,2.1640767613238183,0.0,0.0,0.0,0.6715474689501088,1.324907627483216,0
44,Hog_public_Gerard,2016-09-04 19:00:00,1,gradual_drift,39.765,8.376822561294794,61.638294,10.0,10.0,0.0,0.0,0.0,1.7499999999999996,1.324907627483216,1
44,Hog_public_Gerard,2016-09-04 20:00:00,1,gradual_drift,38.867,5.236809887101558,61.638294,10.0,4.721212576021431,0.0,0.0,0.0,1.6180303144005357,1.324907627483216,1
44,Hog_public_Gerard,2016-09-04 21:00:00,1,gradual_drift,39.434,3.561797212908332,61.638294,10.0,2.2038006396076373,0.0,0.0,0.0,1.5550950159901908,1.324907627483216,1
44,Hog_public_Gerard,2016-09-04 22:00:00,1,gradual_drift,39.419,1.3047845387151042,61.638294,10.0,10.0,0.0,0.0,0.0,1.7499999999999996,1.324907627483216,1
44,Hog_public_Gerard,2016-09-04 23:00:00,1,gradual_drift,39.348,0.01,61.638294,10.0,1.0578786773999342,0.0,0.0,0.0,1.5264469669349985,1.324907627483216,1
44,Hog_public_Gerard,2016-09-05 00:00:00,1,gradual_drift,38.371,0.01,61.638294,10.0,5.593373450658675,0.0,0.0,0.0,1.639834336266467,1.324907627483216,1
44,Hog_public_Gerard,2016-09-05 01:00:00,1,gradual_drift,38.504,0.01,61.638294,10.0,0.0,0.6300094169309826,0.3937987155005933,0.0,2.0197577689680606,1.324907627483216,1
44,Hog_public_Gerard,2016-09-05 02:00:00,1,gradual_drift,38.636,0.01,61.638294,10.0,0.0,1.6182733230822333,0.9054065739165146,0.0,2.8350754915428427,1.324907627483216,1
44,Hog_public_Gerard,2016-09-05 03:00:00,1,gradual_drift,33.282,0.01,61.638294,10.0,0.0,1.6182733230822333,1.4817967192921175,0.0,2.8350754915428427,1.324907627483216,1
44,Hog_public_Gerard,2016-09-05 04:00:00,1,gradual_drift,32.456,0.01,61.638294,10.0,0.0,1.6182733230822333,2.6034913641181703,0.0,2.8350754915428427,1.324907627483216,1
44,Hog_public_Gerard,2016-09-05 05:00:00,0,normal,32.456,32.456,61.638294,1.369548011035949,10.0,1.6182733230822333,3.765516671495389,0.4612901516338469,1.7905076931982349,1.324907627483216,1
44,Hog_public_Gerard,2016-09-05 06:00:00,0,normal,32.431,32.431,61.638294,0.8757546341804114,1.637834947069508,0.0,0.0,0.5698084845735077,0.1723090688037994,1.324907627483216,0
44,Hog_public_Gerard,2016-09-05 07:00:00,0,normal,45.504,45.504,61.638294,0.0,3.426475450596084,0.0,0.0,0.5124728678187642,0.085661886264902,1.324907627483216,0
44,Hog_public_Gerard,2016-09-05 08:00:00,0,normal,44.191,44.191,61.638294,0.0,0.0,0.0,0.0,0.0,0.0,1.324907627483216,0
44,Hog_public_Gerard,2016-09-05 09:00:00,0,normal,42.277,42.277,61.638294,0.0,0.0,0.0,0.0,0.0,0.0,1.324907627483216,0
44,Hog_public_Gerard,2016-09-05 10:00:00,0,normal,40.788,40.788,61.638294,0.1952501147505396,0.2398225559809207,0.2322489043846952,0.0,0.0,0.2268884272294775,1.324907627483216,0
44,Hog_public_Gerard,2016-09-05 11:00:00,0,normal,36.015,36.015,61.638294,2.0385058620779573,7.957070229505589,0.2094843156150869,0.1017335125779105,0.0,0.6775271954317799,1.324907627483216,0
44,Hog_public_Gerard,2016-09-05 12:00:00,0,normal,35.869,35.869,61.638294,3.5513783643410872,6.409958205769853,0.0,0.2451981631199061,0.0,0.6929557097954091,1.324907627483216,0
44,Hog_public_Gerard,2016-09-05 13:00:00,0,normal,35.722,35.722,61.638294,3.652933395570952,0.0,0.0,0.4481369085914485,0.0,0.5479400093356428,1.324907627483216,0
44,Hog_public_Gerard,2016-09-05 14:00:00,0,normal,35.32,35.32,61.638294,3.930655317709773,0.6260198790467424,1.4135549466157449,0.5219144763330529,0.0,1.771431625590624,1.324907627483216,1
44,Hog_public_Gerard,2016-09-05 15:00:00,0,normal,36.401,36.401,61.638294,3.183845870366328,2.8226535197366576,1.2405214215811262,0.7520550334058166,0.0329564908839086,1.5715733913527945,1.324907627483216,1
44,Hog_public_Gerard,2016-09-05 16:00:00,0,normal,36.207,36.207,61.638294,3.317870877567651,0.0,0.9611447957153808,1.2339786612760069,1.063515224862741,1.290625088100337,1.324907627483216,0
44,Hog_public_Gerard,2016-09-05 17:00:00,0,normal,36.216,36.216,61.638294,3.3116532225943933,0.0,0.9330815887452792,2.9563366591062947,6.913841595114048,1.266540294104015,1.324907627483216,0
44,Hog_public_Gerard,2016-09-05 18:00:00,0,normal,37.892,37.892,61.638294,1.6737901289284929,6.995261636564109,1.4619807144249448,2.9266416546921827,7.469659439696845,1.6320841496539569,1.324907627483216,1
44,Hog_public_Gerard,2016-09-05 19:00:00,0,normal,38.288,38.288,61.638294,1.528475913468844,0.0059837298202263,0.6189066797727829,2.2426362401673203,8.38156483005788,0.7400189910783791,1.324907627483216,0
44,Hog_public_Gerard,2016-09-05 20:00:00,0,normal,37.573,37.573,61.638294,1.7908488024932128,0.5541437350871237,0.5297192911898645,1.962318277575421,10.0,0.7194993289827992,1.324907627483216,0
44,Hog_public_Gerard,2016-09-05 21:00:00,0,normal,39.46,39.46,61.638294,1.0984045485226028,2.56807328421816,1.155697048184058,2.1657442373438647,10.0,1.1824125791356932,1.324907627483216,0
44,Hog_public_Gerard,2016-09-05 22:00:00,0,normal,39.857,39.857,61.638294,0.952723377973408,0.0077020997427005,0.6064974530727414,1.8006322563326354,10.0,0.6434614579745914,1.324907627483216,0
44,Hog_public_Gerard,2016-09-05 23:00:00,0,normal,40.028,40.028,61.638294,0.8899740576612861,0.0,0.3961462559665399,1.690036351815163,10.0,0.4603167698215894,1.324907627483216,0
44,Hog_public_Gerard,2016-09-06 00:00:00,0,normal,39.822,39.822,61.638294,0.2100282313208405,2.5095458983616044,1.1889266489631949,1.8819245447188764,10.0,1.0751073675518028,1.324907627483216,0
44,Hog_public_Gerard,2016-09-06 01:00:00,0,normal,43.317,43.317,61.638294,0.0,0.3090252234153183,1.427572997255706,1.853452369420708,10.0,1.1854733533213413,1.324907627483216,0
44,Hog_public_Gerard,2016-09-06 02:00:00,0,normal,39.03,39.03,61.638294,0.4518049162134382,1.4412122269769496,0.0,0.9774927838659284,9.737180612524655,0.1038010431064405,1.324907627483216,0
44,Hog_public_Gerard,2016-09-06 03:00:00,1,gradual_drift,39.402,39.402,61.638294,0.3382431399760063,0.0,0.0,1.001016016393788,9.169609747191164,0.0507364709964019,1.324907627483216,0
44,Hog_public_Gerard,2016-09-06 04:00:00,1,gradual_drift,32.158,34.822012499328785,61.638294,1.736392375786383,5.87273439801666,0.0,0.6566618602033895,7.376895250989204,0.4072772163183746,1.324907627483216,0
44,Hog_public_Gerard,2016-09-06 05:00:00,1,gradual_drift,29.757,35.08502499865757,61.638294,1.6561016053658897,0.0,0.0,0.0,1.2057057621435148,0.2484152408048835,1.324907627483216,0
44,Hog_public_Gerard,2016-09-06 06:00:00,1,gradual_drift,30.357,38.34903749798636,61.638294,1.1371381619645975,1.7557008291107947,0.0,0.0,0.7344621298121113,0.2144632450224595,1.324907627483216,0
44,Hog_public_Gerard,2016-09-06 07:00:00,1,gradual_drift,35.975,46.631049997315145,61.638294,0.0,4.650476984217107,0.0,0.0,0.4305319146344227,0.1162619246054275,1.324907627483216,0
44,Hog_public_Gerard,2016-09-06 08:00:00,1,gradual_drift,67.692,81.01206249664392,61.638294,0.0,0.0,0.0,0.0,0.0,0.0,1.324907627483216,0
44,Hog_public_Gerard,2016-09-06 09:00:00,1,gradual_drift,86.15899999999998,102.14307499597268,61.638294,3.746026234422731,10.0,0.0,0.0,0.0,0.8119039351634093,1.324907627483216,0
44,Hog_public_Gerard,2016-09-06 10:00:00,1,gradual_drift,85.39,104.0380874953015,61.638294,4.227478505416933,1.5800442644319757,0.0,0.0,0.0,0.6736228824233392,1.324907627483216,0
44,Hog_public_Gerard,2016-09-06 11:00:00,1,gradual_drift,89.04299999999998,110.35509999463028,61.638294,5.8323966865781625,6.840987862036047,0.0,0.0,0.0,1.0458841995376251,1.324907627483216,0
44,Hog_public_Gerard,2016-09-06 12:00:00,1,gradual_drift,91.691,115.66711249395908,61.638294,10.0,10.0,0.0,0.0,0.0,1.7499999999999996,1.324907627483216,1
44,Hog_public_Gerard,2016-09-06 13:00:00,1,gradual_drift,88.119,114.75912499328786,61.638294,10.0,1.21133667813279,0.0,0.0,0.0,1.5302834169533197,1.324907627483216,1
44,Hog_public_Gerard,2016-09-06 14:00:00,1,gradual_drift,91.68,120.98413749261664,61.638294,10.0,10.0,0.1745530286892509,0.0,0.0,1.8940062486686315,1.324907627483216,1
44,Hog_public_Gerard,2016-09-06 15:00:00,1,gradual_drift,82.557,114.52514999194544,61.638294,10.0,10.0,0.1040178186698859,0.4295638062190866,0.0,1.8358147004026557,1.324907627483216,1
44,Hog_public_Gerard,2016-09-06 16:00:00,1,gradual_drift,89.764,124.3961624912742,61.638294,10.0,10.0,0.0722487257496983,0.7528823683911697,0.0,1.809605198743501,1.324907627483216,1
44,Hog_public_Gerard,2016-09-06 17:00:00,1,gradual_drift,84.68799999999997,121.98417499060298,61.638294,10.0,7.12853263507122,0.0,0.9613829020689936,0.0,1.6782133158767802,1.324907627483216,1
44,Hog_public_Gerard,2016-09-06 18:00:00,1,gradual_drift,84.381,124.34118748993178,61.638294,10.0,10.0,0.0,1.2103946418112048,0.3132898452917591,1.7499999999999996,1.324907627483216,1
44,Hog_public_Gerard,2016-09-06 19:00:00,1,gradual_drift,87.287,129.91119998926058,61.638294,10.0,8.896851187133851,0.8609298064326188,1.1807687875175572,1.4744294049070834,2.4326883699852564,1.324907627483216,1
44,Hog_public_Gerard,2016-09-06 20:00:00,1,gradual_drift,85.336,130.62421248858936,61.638294,10.0,0.5507284737128253,0.0982208926033541,1.06302233004646,4.514180941419446,1.5948004482405882,1.324907627483216,1
44,Hog_public_Gerard,2016-09-06 21:00:00,1,gradual_drift,81.48899999999998,129.4412249879181,61.638294,10.0,1.3583193803310043,0.2455954026875288,0.8992069618158686,7.137358104290279,1.736574191725487,1.324907627483216,1
44,Hog_public_Gerard,2016-09-06 22:00:00,1,gradual_drift,64.215,114.83123748724694,61.638294,9.078052442062798,10.0,1.2559046964083032,1.4921921495243768,7.966448231102535,2.6478292408462702,1.324907627483216,1
44,Hog_public_Gerard,2016-09-06 23:00:00,1,gradual_drift,49.587,102.86724998657571,61.638294,5.65971279447563,10.0,0.0,0.8320126971451126,9.348525902615716,1.0989569191713453,1.324907627483216,0
44,Hog_public_Gerard,2016-09-07 00:00:00,1,gradual_drift,46.585,102.5292624859045,61.638294,4.538011012718816,4.578191813043332,0.0,0.1502086755674035,7.730973987107004,0.7951564472339064,1.324907627483216,0
44,Hog_public_Gerard,2016-09-07 01:00:00,1,gradual_drift,47.698,106.30627498523327,61.638294,5.560101499996755,4.111734044102411,0.0,0.0,6.213031143335373,0.936808576102074,1.324907627483216,0
44,Hog_public_Gerard,2016-09-07 02:00:00,1,gradual_drift,48.594,109.86628748456206,61.638294,6.523470011697775,3.83675195639125,0.5316432712384557,0.0,5.464630311395465,1.513044999436174,1.324907627483216,1
44,Hog_public_Gerard,2016-09-07 03:00:00,0,normal,43.25,43.25,61.638294,0.0,10.0,0.0453592650312346,0.1008519351532564,4.896794357772126,0.2874213936507688,1.324907627483216,0
44,Hog_public_Gerard,2016-09-07 04:00:00,0,normal,35.528,35.528,61.638294,0.5382396747580536,1.845967178115736,0.0,0.0,0.5746648143769869,0.1268851306666014,1.324907627483216,0
44,Hog_public_Gerard,2016-09-07 05:00:00,0,normal,31.263,31.263,61.638294,1.692383572617828,4.7301111026809,0.0,0.0,0.0,0.3721103134596965,1.324907627483216,0
44,Hog_public_Gerard,2016-09-07 06:00:00,0,normal,30.17,30.17,61.638294,1.4501907316222171,0.4596450115250949,0.0,0.0,0.0,0.2290197350314599,1.324907627483216,0
44,Hog_public_Gerard,2016-09-07 07:00:00,0,normal,37.01300000000001,37.01300000000001,61.638294,0.0,6.116433269271542,0.2704580119199148,0.0,0.0,0.3760386915657181,1.324907627483216,0
44,Hog_public_Gerard,2016-09-07 08:00:00,0,normal,70.714,70.714,61.638294,0.0,0.0,0.0764033794303837,0.0,0.0,0.0630327880300666,1.324907627483216,0
44,Hog_public_Gerard,2016-09-07 09:00:00,0,normal,86.875,86.875,61.638294,0.0,0.0,0.0,0.0,0.0,0.0,1.324907627483216,0
44,Hog_public_Gerard,2016-09-07 10:00:00,0,normal,89.024,89.024,61.638294,0.4129566887646432,1.2592945278056242,0.0,0.0,0.0,0.093425866509837,1.324907627483216,0
44,Hog_public_Gerard,2016-09-07 11:00:00,0,normal,91.224,91.224,61.638294,0.971894952529339,1.9428941149533143,0.0,0.0,0.0,0.1943565957532336,1.324907627483216,0
44,Hog_public_Gerard,2016-09-07 12:00:00,0,normal,90.326,90.326,61.638294,0.4736849494581938,1.658517035597283,0.4923577552551539,0.0,0.0,0.518710816394163,1.324907627483216,0
44,Hog_public_Gerard,2016-09-07 13:00:00,0,normal,89.48299999999998,89.48299999999998,61.638294,0.0997931775543886,1.0763621198081206,0.924502248133674,0.0,0.0,0.8045923843386423,1.324907627483216,0
44,Hog_public_Gerard,2016-09-07 14:00:00,0,normal,89.49799999999998,89.49799999999998,61.638294,4.9955403457358,10.0,1.042448756457396,0.402341427891511,0.0,1.859351275937721,1.324907627483216,1
44,Hog_public_Gerard,2016-09-07 15:00:00,0,normal,90.405,90.405,61.638294,5.622141796929622,2.259745929928118,1.2670908862068024,2.3327388236987376,0.1967651207206931,1.9451648989082584,1.324907627483216,1
44,Hog_public_Gerard,2016-09-07 16:00:00,0,normal,92.291,92.291,61.638294,6.925085939103285,5.426909897874154,1.2340844815853806,2.85139188211017,0.1684307931733888,2.1925553356202854,1.324907627483216,1
44,Hog_public_Gerard,2016-09-07 17:00:00,0,normal,87.875,87.875,61.638294,3.874289898891776,10.0,0.738620595001997,2.592854631647245,0.2897610738078963,1.4405054757104132,1.324907627483216,1
44,Hog_public_Gerard,2016-09-07 18:00:00,0,normal,86.53399999999998,86.53399999999998,61.638294,2.0955725508733547,7.654851109573591,0.4098270906832582,2.2799956164594617,0.7898685293076063,0.8438145101840308,1.324907627483216,0
44,Hog_public_Gerard,2016-09-07 19:00:00,0,normal,84.45299999999997,84.45299999999997,61.638294,1.3319390095310968,2.901437049176713,0.1426222201279513,1.8944934714178383,2.149829446413249,0.3899901092646423,1.324907627483216,0
44,Hog_public_Gerard,2016-09-07 20:00:00,0,normal,87.745,87.745,61.638294,2.5399551643118428,4.982383025283991,0.53645652581001,1.4209456702320635,8.519336710862014,0.9481294840721352,1.324907627483216,0
44,Hog_public_Gerard,2016-09-07 21:00:00,0,normal,85.495,85.495,61.638294,0.6961292991254603,7.959739965963863,0.5179400900470411,1.360665241840055,10.0,0.7307134683067253,1.324907627483216,0
44,Hog_public_Gerard,2016-09-07 22:00:00,0,normal,63.918,63.918,61.638294,0.0,2.585329539649541,0.4578246681598392,1.2957990607870278,10.0,0.4423385897231069,1.324907627483216,0
44,Hog_public_Gerard,2016-09-07 23:00:00,0,normal,43.758,43.758,61.638294,0.0,0.0,0.0,0.0,5.196508454615191,5.769283333973075e-16,1.324907627483216,0
44,Hog_public_Gerard,2016-09-08 00:00:00,0,normal,40.969,40.969,61.638294,0.0,0.0,0.0,0.0,1.6349401819473013,1.8151482338827366e-16,1.324907627483216,0
44,Hog_public_Gerard,2016-09-08 01:00:00,0,normal,42.992,42.992,61.638294,0.0,0.0,0.0,0.0,0.6150961897725516,6.828939522446916e-17,1.324907627483216,0
44,Hog_public_Gerard,2016-09-08 02:00:00,0,normal,46.06800000000001,46.06800000000001,61.638294,0.0,0.0,0.5598044949319481,0.0,0.1480660848666554,0.4618387083188571,1.324907627483216,0
44,Hog_public_Gerard,2016-09-08 03:00:00,0,normal,42.389,42.389,61.638294,0.0,0.0,0.0818547348777474,0.0,0.0,0.0675301562741416,1.324907627483216,0
44,Hog_public_Gerard,2016-09-08 04:00:00,0,normal,35.375,35.375,61.638294,0.5796427266625187,2.039848557930528,0.2946599701315001,0.0,0.0,0.3810370983061285,1.324907627483216,0
44,Hog_public_Gerard,2016-09-08 05:00:00,0,normal,31.74,31.74,61.638294,1.563303469621554,3.9317760093258713,0.0,0.8857821561150514,0.0,0.3327899206763797,1.324907627483216,0
44,Hog_public_Gerard,2016-09-08 06:00:00,0,normal,31.549,31.549,61.638294,1.0998380653806203,1.4958157260934202,0.0,0.4409491563047601,0.0,0.2023711029594285,1.324907627483216,0
44,Hog_public_Gerard,2016-09-08 07:00:00,0,normal,37.372,37.372,61.638294,0.0,4.47580884116298,0.2205221762115533,0.2662567683114671,0.0,0.2938260164036058,1.324907627483216,0
44,Hog_public_Gerard,2016-09-08 08:00:00,0,normal,69.172,69.172,61.638294,0.0,0.0,0.0,0.3384906219200398,0.2093227815195883,2.3239497162162818e-17,1.324907627483216,0
44,Hog_public_Gerard,2016-09-08 09:00:00,0,normal,82.646,82.646,61.638294,0.0,0.0,0.0,0.0,0.8053138326367949,8.940779590424994e-17,1.324907627483216,0
44,Hog_public_Gerard,2016-09-08 10:00:00,0,normal,81.59,81.59,61.638294,0.0,0.0,0.0,0.0,0.9287479846844624,1.0311173966709023e-16,1.324907627483216,0
44,Hog_public_Gerard,2016-09-08 11:00:00,0,normal,84.24600000000002,84.24600000000002,61.638294,0.0,0.0,0.0,0.0,0.3639819196309773,4.041011077215744e-17,1.324907627483216,0
44,Hog_public_Gerard,2016-09-08 12:00:00,0,normal,85.98899999999998,85.98899999999998,61.638294,0.0,0.0,0.5637927977098471,0.0,0.0,0.4651290581106239,1.324907627483216,0
44,Hog_public_Gerard,2016-09-08 13:00:00,0,normal,87.999,87.999,61.638294,3.959955367412204,10.0,0.1709455772454611,0.0,0.0,0.9850234063393356,1.324907627483216,0
44,Hog_public_Gerard,2016-09-08 14:00:00,0,normal,88.25200000000002,88.25200000000002,61.638294,4.134740557216009,0.1439898165095769,0.3005398662148438,0.167283545556479,0.0,0.8717562186223871,1.324907627483216,0
44,Hog_public_Gerard,2016-09-08 15:00:00,0,normal,88.934,88.934,61.638294,4.605900634078366,1.5318481844857874,0.6086613214300328,1.1620563296342878,0.0,1.2313268899036764,1.324907627483216,0
44,Hog_public_Gerard,2016-09-08 16:00:00,0,normal,87.029,87.029,61.638294,3.2898303314056005,5.488376818600395,1.1319776690667749,1.1299015719609982,0.0,1.5645655471559383,1.324907627483216,1
44,Hog_public_Gerard,2016-09-08 17:00:00,0,normal,85.809,85.809,61.638294,2.4469926572529648,3.272332571365357,0.7667598409572667,1.7243398339692733,0.0,1.0814340816618233,1.324907627483216,0
44,Hog_public_Gerard,2016-09-08 18:00:00,0,normal,83.166,83.166,61.638294,0.8596678092872391,6.7586021547370665,0.4225492460149959,2.0746269914519595,0.0,0.646518353223884,1.324907627483216,0
44,Hog_public_Gerard,2016-09-08 19:00:00,0,normal,84.773,84.773,61.638294,1.449364638185368,2.086929705927468,0.2423192661966427,1.4675086619083866,1.1360269132678975,0.4694913329882221,1.324907627483216,0
44,Hog_public_Gerard,2016-09-08 20:00:00,0,normal,84.75399999999998,84.75399999999998,61.638294,0.4844114518174386,3.844172639090844,0.5433086555151153,1.4318438899164891,7.185650597121616,0.6169956745498577,1.324907627483216,0
44,Hog_public_Gerard,2016-09-08 21:00:00,0,normal,80.464,80.464,61.638294,0.0,1.5939014569513703,0.7869281955229885,1.5170108620570686,10.0,0.6890632977302509,1.324907627483216,0
44,Hog_public_Gerard,2016-09-08 22:00:00,0,normal,61.575,61.575,61.638294,0.0,0.0,0.0479412816632271,1.3554008023892083,10.0,0.0395515573721635,1.324907627483216,0
44,Hog_public_Gerard,2016-09-08 23:00:00,0,normal,42.574,42.574,61.638294,0.0,0.0,0.0,0.0,4.743881847120418,5.266766852774405e-16,1.324907627483216,0
44,Hog_public_Gerard,2016-09-09 00:00:00,0,normal,41.846,41.846,61.638294,0.0,0.0,0.0,0.0,1.27064734983645,1.410701943967363e-16,1.324907627483216,0
44,Hog_public_Gerard,2016-09-09 01:00:00,0,normal,47.805,47.805,61.638294,0.0,0.0,0.0,0.0,0.3236778286199304,3.5935457789452223e-17,1.324907627483216,0
44,Hog_public_Gerard,2016-09-09 02:00:00,0,normal,38.784,38.784,61.638294,0.0,0.0,0.0,0.0,0.0248995879098863,2.7644095801233962e-18,1.324907627483216,0
44,Hog_public_Gerard,2016-09-09 03:00:00,0,normal,40.654,40.654,61.638294,0.0,0.0,0.0,0.0,0.0,0.0,1.324907627483216,0
44,Hog_public_Gerard,2016-09-09 04:00:00,0,normal,31.985,31.985,61.638294,1.4970044649379322,6.335651679317146,0.0,0.0,0.0,0.3829419617236183,1.324907627483216,0
44,Hog_public_Gerard,2016-09-09 05:00:00,0,normal,29.50800000000001,29.50800000000001,61.638294,2.16730093269846,2.46436007582565,0.0,0.408408755896897,0.0,0.3867041418004102,1.324907627483216,0
44,Hog_public_Gerard,2016-09-09 06:00:00,0,normal,30.63300000000001,30.63300000000001,61.638294,1.3325596333844636,3.234419029899013,0.0,0.1511269359346137,0.0,0.2807444207551448,1.324907627483216,0
44,Hog_public_Gerard,2016-09-09 07:00:00,0,normal,36.45,36.45,61.638294,0.0,5.565592725243783,0.6060637421557526,0.0972953811301891,0.0,0.6391424054095902,1.324907627483216,0
44,Hog_public_Gerard,2016-09-09 08:00:00,0,normal,68.624,68.624,61.638294,0.0,0.0,0.0,0.5531209392727015,0.2179778699385022,2.4200405006447297e-17,1.324907627483216,0
44,Hog_public_Gerard,2016-09-09 09:00:00,0,normal,81.72800000000002,81.72800000000002,61.638294,0.0,0.0,0.0,0.0,0.7747279772608605,8.60120838176282e-17,1.324907627483216,0
44,Hog_public_Gerard,2016-09-09 10:00:00,0,normal,85.27799999999998,85.27799999999998,61.638294,0.0,0.0,0.0,0.0,0.7085711073259807,7.866719579374466e-17,1.324907627483216,0
44,Hog_public_Gerard,2016-09-09 11:00:00,0,normal,88.992,88.992,61.638294,0.4048266776553395,1.2212234750866482,0.0,0.0,0.0684788192901507,0.0912545885254671,1.324907627483216,0
44,Hog_public_Gerard,2016-09-09 12:00:00,0,normal,88.618,88.618,61.638294,0.0,1.2212234750866482,0.0,0.0,0.0,0.0305305868771661,1.324907627483216,0
44,Hog_public_Gerard,2016-09-09 13:00:00,0,normal,88.514,88.514,61.638294,0.0,0.0,0.2432186336213871,0.0,0.0,0.2006553727376444,1.324907627483216,0
44,Hog_public_Gerard,2016-09-09 14:00:00,0,normal,88.765,88.765,61.638294,0.0,0.0,1.35062868017406,0.0242537615935437,0.0,1.1142686611435997,1.324907627483216,0
44,Hog_public_Gerard,2016-09-09 15:00:00,0,normal,91.117,91.117,61.638294,0.8245134092160914,3.1865240715913115,1.4784152164757776,1.1133271489388443,0.0,1.4230326667647129,1.324907627483216,1
44,Hog_public_Gerard,2016-09-09 16:00:00,0,normal,89.861,89.861,61.638294,5.246319096323858,10.0,0.5187426546282443,1.665379038932986,0.0,1.4649105545168797,1.324907627483216,1
44,Hog_public_Gerard,2016-09-09 17:00:00,0,normal,85.40100000000002,85.40100000000002,61.638294,2.165125631798659,10.0,0.6621428655645185,2.3642813573073163,0.0,1.1210367088605262,1.324907627483216,0
44,Hog_public_Gerard,2016-09-09 18:00:00,0,normal,82.573,82.573,61.638294,0.642063441187306,6.457674273691483,0.0,1.6510388450185485,0.0,0.2577513730203827,1.324907627483216,0
44,Hog_public_Gerard,2016-09-09 19:00:00,0,normal,49.474,49.474,61.638294,0.0,2.33215102609196,0.0,1.030164994012791,1.0733385749995907,0.058303775652299,1.324907627483216,0
44,Hog_public_Gerard,2016-09-09 20:00:00,0,normal,40.19300000000001,40.19300000000001,61.638294,0.0071429773045864,0.0,0.0,0.0,2.1967059045556,0.0010714465956882,1.324907627483216,0
44,Hog_public_Gerard,2016-09-09 21:00:00,0,normal,40.819,40.819,61.638294,0.0,0.0,0.0,0.0,0.7076052853261414,7.855996801155355e-17,1.324907627483216,0
44,Hog_public_Gerard,2016-09-09 22:00:00,0,normal,41.297,41.297,61.638294,0.0,0.0,0.0,0.0,0.0374270278892589,4.155234810594321e-18,1.324907627483216,0
44,Hog_public_Gerard,2016-09-09 23:00:00,0,normal,39.734,39.734,61.638294,0.1382880406168406,0.0,1.094185978934474,0.0,0.0,0.9234466387134672,1.324907627483216,0
44,Hog_public_Gerard,2016-09-10 00:00:00,0,normal,38.965,38.965,61.638294,0.0,0.0,0.9130329309228612,0.0,0.0,0.7532521680113603,1.324907627483216,0
44,Hog_public_Gerard,2016-09-10 01:00:00,0,normal,34.312,34.312,61.638294,0.8672992245347213,3.3868806281470425,0.673602051434625,0.8160916032771289,0.0,0.7704885918174498,1.324907627483216,0
44,Hog_public_Gerard,2016-09-10 02:00:00,0,normal,33.56,33.56,61.638294,1.0707965776860802,0.2784425583059176,0.0,1.3539365931696354,0.0,0.1675805506105599,1.324907627483216,0
44,Hog_public_Gerard,2016-09-10 03:00:00,0,normal,32.717,32.717,61.638294,1.298919275434215,0.3937576273460991,0.0046189047101252,1.0245562202322325,0.0,0.208492428384638,1.324907627483216,0
44,Hog_public_Gerard,2016-09-10 04:00:00,0,normal,32.321,32.321,61.638294,1.4060801156575375,0.0,0.9387107779000704,0.9316309509516684,0.0048659221169835,0.9853484091161888,1.324907627483216,0
44,Hog_public_Gerard,2016-09-10 05:00:00,0,normal,32.81,32.81,61.638294,1.273752714472676,0.0,1.0548357468439915,1.0766159103375317,0.6089909609627275,1.0613023983171943,1.324907627483216,0
44,Hog_public_Gerard,2016-09-10 06:00:00,0,normal,32.41,32.41,61.638294,0.8810899539708927,1.164262528170801,1.3594040701722028,1.4002849217497368,1.805848627497185,1.2827784141919714,1.324907627483216,0
44,Hog_public_Gerard,2016-09-10 07:00:00,0,normal,32.726,32.726,61.638294,0.8008060942665086,0.0,1.357868716889963,2.667382471961345,7.941116869481259,1.2403626055741968,1.324907627483216,0
44,Hog_public_Gerard,2016-09-10 08:00:00,0,normal,31.91,31.91,61.638294,1.0081213775537772,0.2963210848574052,1.4054179626612813,3.077248257281526,10.0,1.3180960529500598,1.324907627483216,0
44,Hog_public_Gerard,2016-09-10 09:00:00,0,normal,31.476,31.476,61.638294,1.1183846532237216,0.0,1.2340967314150983,3.223066990585184,10.0,1.1858875014010155,1.324907627483216,0
44,Hog_public_Gerard,2016-09-10 10:00:00,0,normal,38.064,38.064,61.638294,0.0,4.562658430178154,1.061228588856171,3.000452683787797,10.0,0.9895800465607958,1.324907627483216,0
44,Hog_public_Gerard,2016-09-10 11:00:00,0,normal,82.363,82.363,61.638294,0.0,0.0,0.0,1.4309681980608933,10.0,1.1102230246251563e-15,1.324907627483216,0
44,Hog_public_Gerard,2016-09-10 12:00:00,0,normal,82.04899999999998,82.04899999999998,61.638294,0.0,0.0,0.0,0.0,1.6164718532473408,1.7946442701336946e-16,1.324907627483216,0
44,Hog_public_Gerard,2016-09-10 13:00:00,0,normal,78.976,78.976,61.638294,0.0,0.0,0.0,0.0,0.3273886950976222,3.634744672993653e-17,1.324907627483216,0
44,Hog_public_Gerard,2016-09-10 14:00:00,0,normal,78.532,78.532,61.638294,0.0,0.0,0.327684585421967,0.0,0.0,0.2703397829731228,1.324907627483216,0
44,Hog_public_Gerard,2016-09-10 15:00:00,0,normal,78.71600000000002,78.71600000000002,61.638294,0.0,0.0,0.2900034374819719,0.0,0.0,0.2392528359226268,1.324907627483216,0
44,Hog_public_Gerard,2016-09-10 16:00:00,0,normal,75.488,75.488,61.638294,0.0,0.0,1.3692713514215582,0.0,0.0,1.1296488649227854,1.324907627483216,0
44,Hog_public_Gerard,2016-09-10 17:00:00,0,normal,77.667,77.667,61.638294,0.0,0.0,0.275242556302393,1.18147955846761,0.0,0.2270751089494742,1.324907627483216,0
44,Hog_public_Gerard,2016-09-10 18:00:00,0,normal,79.428,79.428,61.638294,0.0,0.0,0.3332596441307813,1.3777794591144676,0.0,0.2749392064078946,1.324907627483216,0
44,Hog_public_Gerard,2016-09-10 19:00:00,0,normal,46.277,46.277,61.638294,0.0,0.0,0.1820991024652711,1.854092307914756,0.0,0.1502317595338486,1.324907627483216,0
44,Hog_public_Gerard,2016-09-10 20:00:00,0,normal,40.69300000000001,40.69300000000001,61.638294,0.0,0.0,0.0,0.0,0.0,0.0,1.324907627483216,0
44,Hog_public_Gerard,2016-09-10 21:00:00,0,normal,41.694,41.694,61.638294,0.0,0.0,0.0,0.0,0.0,0.0,1.324907627483216,0
44,Hog_public_Gerard,2016-09-10 22:00:00,0,normal,41.938,41.938,61.638294,0.0,0.0,0.0,0.0,0.0,0.0,1.324907627483216,0
44,Hog_public_Gerard,2016-09-10 23:00:00,0,normal,41.206,41.206,61.638294,0.0,0.0,0.93920894960829,0.0,0.0,0.7748473834268391,1.324907627483216,0
44,Hog_public_Gerard,2016-09-11 00:00:00,0,normal,41.62300000000001,41.62300000000001,61.638294,0.0,0.0,1.1959818350069058,0.0,0.0,0.9866850138806972,1.324907627483216,0
44,Hog_public_Gerard,2016-09-11 01:00:00,0,normal,36.678,36.678,61.638294,0.2270402650186068,0.3886888331025779,1.20044908243015,1.4192286453651917,0.0,1.0341437535852291,1.324907627483216,0
44,Hog_public_Gerard,2016-09-11 02:00:00,0,normal,35.194,35.194,61.638294,0.6286228076736832,1.2060319048708144,0.0,1.4375908370721835,0.0,0.1244442187728228,1.324907627483216,0
44,Hog_public_Gerard,2016-09-11 03:00:00,0,normal,35.205,35.205,61.638294,0.6256461176674809,0.0,0.0,0.9377958148526516,0.0,0.0938469176501221,1.324907627483216,0
44,Hog_public_Gerard,2016-09-11 04:00:00,0,normal,35.30699999999999,35.30699999999999,61.638294,0.5980440830645066,0.0,0.7809636106242308,0.8163138420549886,0.0970830094313732,0.7340015912246665,1.324907627483216,0
44,Hog_public_Gerard,2016-09-11 05:00:00,0,normal,35.196,35.196,61.638294,0.62808159130892,0.0,1.5377116608892512,0.8943339454530719,0.4557027333894113,1.3628243589299702,1.324907627483216,1
44,Hog_public_Gerard,2016-09-11 06:00:00,0,normal,34.763000000000005,34.763000000000005,61.638294,0.2832800745898327,0.940138857151262,1.5382085366787843,1.105832909577214,1.4503465851493371,1.3350175253772538,1.324907627483216,1
44,Hog_public_Gerard,2016-09-11 07:00:00,0,normal,35.665,35.665,61.638294,0.0541153864463093,0.3986370390396589,1.2743754090746384,2.621712721524809,8.800355542836382,1.0694429464295152,1.324907627483216,0
44,Hog_public_Gerard,2016-09-11 08:00:00,0,normal,34.684,34.684,61.638294,0.3033510395159306,0.4926249504396513,1.106763283783209,3.187047280157536,10.0,0.9708979888095294,1.324907627483216,0
44,Hog_public_Gerard,2016-09-11 09:00:00,0,normal,32.631,32.631,61.638294,0.8249420647472566,1.7680052165254905,1.0171593339949268,3.05463682104293,10.0,1.0070978906710415,1.324907627483216,0
44,Hog_public_Gerard,2016-09-11 10:00:00,0,normal,32.212,32.212,61.638294,0.9313943977097136,0.0,0.3406023699070077,2.1177081397618838,10.0,0.4207061148297395,1.324907627483216,0
44,Hog_public_Gerard,2016-09-11 11:00:00,0,normal,31.994,31.994,61.638294,0.9867800983918524,0.0,0.46830313098265,1.8154565445457125,10.0,0.5343670978194652,1.324907627483216,0
44,Hog_public_Gerard,2016-09-11 12:00:00,0,normal,63.24800000000001,63.24800000000001,61.638294,0.0,3.946383264289657,1.22219875790092,1.657214514911873,10.0,1.1069735568755013,1.324907627483216,0
44,Hog_public_Gerard,2016-09-11 13:00:00,0,normal,78.296,78.296,61.638294,0.0,0.0,0.0,0.0,2.786741070385968,3.0939041000110555e-16,1.324907627483216,0
44,Hog_public_Gerard,2016-09-11 14:00:00,0,normal,76.683,76.683,61.638294,0.0,0.0,0.0,0.0,0.2965662883624081,3.292547216675691e-17,1.324907627483216,0
44,Hog_public_Gerard,2016-09-11 15:00:00,0,normal,75.23899999999998,75.23899999999998,61.638294,0.0,0.0,0.0,0.0,0.0,0.0,1.324907627483216,0
44,Hog_public_Gerard,2016-09-11 16:00:00,0,normal,76.217,76.217,61.638294,0.0,0.0,0.2694603325803683,0.0,0.0,0.2223047743788038,1.324907627483216,0
44,Hog_public_Gerard,2016-09-11 17:00:00,0,normal,79.56,79.56,61.638294,0.0,0.0,0.7931669854766461,0.0,0.0,0.654362763018233,1.324907627483216,0
44,Hog_public_Gerard,2016-09-11 18:00:00,0,normal,78.39699999999998,78.39699999999998,61.638294,0.0,0.0,0.0,0.0597667263108666,0.0,0.0,1.324907627483216,0
44,Hog_public_Gerard,2016-09-11 19:00:00,0,normal,57.945,57.945,61.638294,0.0,0.0,0.1911251281885801,1.5324573813263502,0.0,0.1576782307555785,1.324907627483216,0
44,Hog_public_Gerard,2016-09-11 20:00:00,0,normal,58.72,58.72,61.638294,0.0,0.0,0.0,0.0,0.0,0.0,1.324907627483216,0
44,Hog_public_Gerard,2016-09-11 21:00:00,0,normal,58.69600000000001,58.69600000000001,61.638294,0.0,0.0,0.0,0.0,0.0,0.0,1.324907627483216,0
44,Hog_public_Gerard,2016-09-11 22:00:00,0,normal,56.425,56.425,61.638294,0.0,0.0,1.073879543985655,0.0,0.0,0.8859506237881654,1.324907627483216,0
44,Hog_public_Gerard,2016-09-11 23:00:00,0,normal,42.221,42.221,61.638294,0.0,0.0,0.3933692567393298,0.0,0.3668826144589061,0.3245296368099471,1.324907627483216,0
44,Hog_public_Gerard,2016-09-12 00:00:00,0,normal,42.142,42.142,61.638294,0.0,0.0,0.0,0.0,0.9805539953887772,1.0886336225688099e-16,1.324907627483216,0
44,Hog_public_Gerard,2016-09-12 01:00:00,0,normal,39.005,39.005,61.638294,0.0,0.0,0.0,0.0,0.3941358999645953,4.3757875097205107e-17,1.324907627483216,0
44,Hog_public_Gerard,2016-09-12 02:00:00,0,normal,40.918,40.918,61.638294,0.0,0.0,0.1270796364530323,0.0,0.0938465258465793,0.1048407000737516,1.324907627483216,0
44,Hog_public_Gerard,2016-09-12 03:00:00,0,normal,38.391,38.391,61.638294,0.0,0.0,0.2386939936906323,0.0,0.0,0.1969225447947716,1.324907627483216,0
44,Hog_public_Gerard,2016-09-12 04:00:00,0,normal,40.83,40.83,61.638294,0.0,0.0,0.3766044959802757,0.0,0.0,0.3106987091837274,1.324907627483216,0
44,Hog_public_Gerard,2016-09-12 05:00:00,0,normal,32.778,32.778,61.638294,1.2824121763089051,5.330763220538508,0.3029026309349853,1.520596151254716,0.1183539331457532,0.5755255774811612,1.324907627483216,0
44,Hog_public_Gerard,2016-09-12 06:00:00,0,normal,31.813,31.813,61.638294,1.0327654737288572,0.4945498048305206,0.0,0.6236852617071283,0.5732882874961946,0.1672785661800916,1.324907627483216,0
44,Hog_public_Gerard,2016-09-12 07:00:00,0,normal,37.239,37.239,61.638294,0.0,4.161722656231392,0.0,0.4313183353483417,1.7058508426054222,0.1040430664057848,1.324907627483216,0
44,Hog_public_Gerard,2016-09-12 08:00:00,0,normal,68.843,68.843,61.638294,0.0,0.0,0.0,0.4518525126944697,2.0167862089801853,2.2390824849562844e-16,1.324907627483216,0
44,Hog_public_Gerard,2016-09-12 09:00:00,0,normal,86.75399999999998,86.75399999999998,61.638294,0.0,0.0,0.0,0.0,1.2085320950517502,1.341740157924931e-16,1.324907627483216,0
44,Hog_public_Gerard,2016-09-12 10:00:00,0,normal,86.711,86.711,61.638294,0.0,0.0,0.0,0.0,0.0,0.0,1.324907627483216,0
44,Hog_public_Gerard,2016-09-12 11:00:00,0,normal,86.336,86.336,61.638294,1.6810585099761726,7.197536264416041,0.0,0.0,0.0,0.4320971831068266,1.324907627483216,0
44,Hog_public_Gerard,2016-09-12 12:00:00,0,normal,89.398,89.398,61.638294,4.926455290477401,10.0,1.3199499466796003,0.0,0.0,2.07792699958228,1.324907627483216,1
44,Hog_public_Gerard,2016-09-12 13:00:00,0,normal,88.835,88.835,61.638294,4.537506429372535,1.146871154674252,0.2773487802903014,0.0,0.0,0.9381104870122352,1.324907627483216,0
44,Hog_public_Gerard,2016-09-12 14:00:00,0,normal,86.59700000000002,86.59700000000002,61.638294,2.991382892689275,6.565665481854702,0.3163485792195785,0.0,0.0,0.8738366488059108,1.324907627483216,0
44,Hog_public_Gerard,2016-09-12 15:00:00,0,normal,90.914,90.914,61.638294,5.973784728194944,10.0,0.4057119254044236,1.937244705549959,0.0,1.4807800476878907,1.324907627483216,1
44,Hog_public_Gerard,2016-09-12 16:00:00,0,normal,86.262,86.262,61.638294,2.759947957573577,10.0,0.1332610972699801,1.561776934425308,0.0,0.7739325988837698,1.324907627483216,0
44,Hog_public_Gerard,2016-09-12 17:00:00,0,normal,85.79799999999999,85.79799999999999,61.638294,2.4393933011745323,0.8265961466797315,0.0,1.534135963322121,0.0,0.3865738988431731,1.324907627483216,0
44,Hog_public_Gerard,2016-09-12 18:00:00,0,normal,81.679,81.679,61.638294,0.3140055911344607,9.278232117445684,0.0,1.483146499276028,0.0,0.2790566416063109,1.324907627483216,0
44,Hog_public_Gerard,2016-09-12 19:00:00,0,normal,87.323,87.323,61.638294,1.2184237996369938,3.5607006606801126,0.033387556025978,0.973098002047214,0.9330789454924856,0.2993258201839837,1.324907627483216,0
44,Hog_public_Gerard,2016-09-12 20:00:00,0,normal,88.352,88.352,61.638294,1.5124287454938738,0.7022696954443083,0.0,1.0610162691247096,6.640788089579811,0.2444210542101895,1.324907627483216,0
44,Hog_public_Gerard,2016-09-12 21:00:00,0,normal,89.76799999999999,89.76799999999999,61.638294,1.9170069800257807,1.2200600706185991,0.0,1.0438515224310554,10.0,0.3180525487693332,1.324907627483216,0
44,Hog_public_Gerard,2016-09-12 22:00:00,0,normal,67.187,67.187,61.638294,0.0,8.302431020579506,0.6348437549816334,1.1902585332188411,10.0,0.731306873374336,1.324907627483216,0
44,Hog_public_Gerard,2016-09-12 23:00:00,0,normal,50.15600000000001,50.15600000000001,61.638294,0.0,0.0,0.0,0.0,6.155113822975985,6.83354908545651e-16,1.324907627483216,0
44,Hog_public_Gerard,2016-09-13 00:00:00,0,normal,44.99,44.99,61.638294,0.0,0.0,0.0,0.0,2.134304555364834,2.3695540589283957e-16,1.324907627483216,0
44,Hog_public_Gerard,2016-09-13 01:00:00,0,normal,43.791,43.791,61.638294,0.0,0.0,0.0,0.0,0.83302936586511,9.248483821723386e-17,1.324907627483216,0
44,Hog_public_Gerard,2016-09-13 02:00:00,0,normal,43.348,43.348,61.638294,0.0,0.0,0.0,0.0,0.2239205599350212,2.4860176132681796e-17,1.324907627483216,0
44,Hog_public_Gerard,2016-09-13 03:00:00,0,normal,41.555,41.555,61.638294,0.0,0.0,0.8456433476552915,0.0,0.0,0.6976557618156154,1.324907627483216,0
44,Hog_public_Gerard,2016-09-13 04:00:00,0,normal,49.84,49.84,61.638294,0.0,0.0,0.627984681214538,0.0,0.0,0.5180873620019938,1.324907627483216,0
44,Hog_public_Gerard,2016-09-13 05:00:00,0,normal,35.618,35.618,61.638294,0.5138849383436611,1.7319193076364403,0.0,0.8067814950708502,0.0,0.1203807234424601,1.324907627483216,0
44,Hog_public_Gerard,2016-09-13 06:00:00,0,normal,34.439,34.439,61.638294,0.3655964370715437,0.0199116556797882,0.0,0.4952698125205971,0.0,0.0553372569527262,1.324907627483216,0
44,Hog_public_Gerard,2016-09-13 07:00:00,0,normal,38.771,38.771,61.638294,0.0,1.037516892480057,0.0,0.2675961693028913,0.0,0.0259379223120013,1.324907627483216,0
44,Hog_public_Gerard,2016-09-13 08:00:00,0,normal,70.654,70.654,61.638294,0.0,0.0,0.1116652993860007,0.2717274411311088,0.0,0.0921238719934505,1.324907627483216,0
44,Hog_public_Gerard,2016-09-13 09:00:00,0,normal,85.206,85.206,61.638294,0.0,0.0,0.0,0.0,0.4271421298472052,4.742230273437956e-17,1.324907627483216,0
44,Hog_public_Gerard,2016-09-13 10:00:00,0,normal,88.184,88.184,61.638294,0.1995438971453952,0.2599293939323833,0.0,0.0,0.6417786949766584,0.0364298194201189,1.324907627483216,0
44,Hog_public_Gerard,2016-09-13 11:00:00,0,normal,90.155,90.155,61.638294,0.7003017689091298,1.6704481439331114,0.0,0.0,0.0225246029309755,0.1468064689346971,1.324907627483216,0
44,Hog_public_Gerard,2016-09-13 12:00:00,0,normal,91.886,91.886,61.638294,1.1655843138353283,1.504324995994338,0.0304364899312932,0.0,0.0,0.2375558761684746,1.324907627483216,0
44,Hog_public_Gerard,2016-09-13 13:00:00,0,normal,92.889,92.889,61.638294,1.6104401231111394,1.4086710885928386,0.2735424712599735,0.0,0.0,0.5024553344709699,1.324907627483216,0
44,Hog_public_Gerard,2016-09-13 14:00:00,0,normal,93.761,93.761,61.638294,1.997194126788614,1.1365931204003203,0.5030684081008961,0.0,0.0,0.7430253837115394,1.324907627483216,0
44,Hog_public_Gerard,2016-09-13 15:00:00,0,normal,91.856,91.856,61.638294,1.1522785568280751,3.2820629001168986,0.7765062114206154,0.9468400357242058,0.0,0.8955109804491413,1.324907627483216,0
44,Hog_public_Gerard,2016-09-13 16:00:00,0,normal,89.98899999999998,89.98899999999998,61.638294,0.3242169457433821,3.203139520030555,0.7674061304446933,1.5283503796662752,0.0,0.761821087479143,1.324907627483216,0
44,Hog_public_Gerard,2016-09-13 17:00:00,0,normal,90.384,90.384,61.638294,0.4994094130055517,0.1458970072108197,0.2814277661355467,1.8956468111460163,0.0,0.3107367441929293,1.324907627483216,0
44,Hog_public_Gerard,2016-09-13 18:00:00,0,normal,88.18700000000004,88.18700000000004,61.638294,1.4652850952835978,3.848492484409001,0.7556837750509282,1.9410533731874828,0.0,0.9394441908197804,1.324907627483216,0
44,Hog_public_Gerard,2016-09-13 19:00:00,0,normal,87.544,87.544,61.638294,1.2815677190095602,0.1858172798957968,0.6460011337778154,1.5256263494101128,0.9003413506100234,0.7298315252155267,1.324907627483216,0
44,Hog_public_Gerard,2016-09-13 20:00:00,0,normal,87.38,87.38,61.638294,1.2347097878914568,0.0,0.4746200188124241,1.382953532120114,6.213591664324522,0.5767679837039691,1.324907627483216,0
44,Hog_public_Gerard,2016-09-13 21:00:00,0,normal,83.13,83.13,61.638294,0.0204036461113524,5.011837650060605,1.1811933964445085,1.6850718056224503,10.0,1.1028410402349385,1.324907627483216,0
44,Hog_public_Gerard,2016-09-13 22:00:00,0,normal,66.045,66.045,61.638294,0.0,0.0,0.0575703978651427,1.2239441551167496,10.0,0.0474955782387439,1.324907627483216,0
44,Hog_public_Gerard,2016-09-13 23:00:00,0,normal,53.352,53.352,61.638294,0.0,0.0,0.0,0.0,4.778236812925702,5.304908526821642e-16,1.324907627483216,0
44,Hog_public_Gerard,2016-09-14 00:00:00,0,normal,44.67,44.67,61.638294,0.0,0.0,0.0,0.0,1.877248832058694,2.0841648763022455e-16,1.324907627483216,0
44,Hog_public_Gerard,2016-09-14 01:00:00,0,normal,45.36600000000001,45.36600000000001,61.638294,0.0,0.0,0.0,0.0,0.5885290643628831,6.533985179167735e-17,1.324907627483216,0
44,Hog_public_Gerard,2016-09-14 02:00:00,0,normal,50.55,50.55,61.638294,0.0,0.0,0.0,0.0,0.089943064062436,9.985686062745192e-18,1.324907627483216,0
44,Hog_public_Gerard,2016-09-14 03:00:00,0,normal,47.514,47.514,61.638294,0.0,0.0,0.0,0.0,0.0,0.0,1.324907627483216,0
44,Hog_public_Gerard,2016-09-14 04:00:00,0,normal,45.647,45.647,61.638294,0.0,0.0,0.0,0.0,0.0,0.0,1.324907627483216,0
44,Hog_public_Gerard,2016-09-14 05:00:00,0,normal,32.693000000000005,32.693000000000005,61.638294,2.395367095496046,10.0,0.04473294909524,0.8509620453837085,0.0,0.6462097473279796,1.324907627483216,0
44,Hog_public_Gerard,2016-09-14 06:00:00,0,normal,33.86,33.86,61.638294,1.4639567170377792,3.687099051969928,0.0,0.219462960498148,0.0,0.3117709838549149,1.324907627483216,0
44,Hog_public_Gerard,2016-09-14 07:00:00,0,normal,38.397,38.397,61.638294,0.0,6.180896349264724,0.0,0.0303981220884061,0.0,0.1545224087316178,1.324907627483216,0
44,Hog_public_Gerard,2016-09-14 08:00:00,0,normal,66.21,66.21,61.638294,0.0,0.0,0.0,0.0280899907961782,0.2995569899752364,3.325750674579147e-17,1.324907627483216,0
44,Hog_public_Gerard,2016-09-14 09:00:00,0,normal,79.132,79.132,61.638294,0.0,0.0,0.0,0.0,1.0277843851405908,1.1410698887332935e-16,1.324907627483216,0
44,Hog_public_Gerard,2016-09-14 10:00:00,0,normal,82.494,82.494,61.638294,0.0,0.0,0.0,0.0,1.2317557968571384,1.367523646386302e-16,1.324907627483216,0
44,Hog_public_Gerard,2016-09-14 11:00:00,0,normal,88.111,88.111,61.638294,0.1809973093022956,0.173079804917217,0.0,0.0,0.5741279442194994,0.0314765915182748,1.324907627483216,0
44,Hog_public_Gerard,2016-09-14 12:00:00,0,normal,90.776,90.776,61.638294,0.6732713045669836,1.6307200174749732,0.0,0.0,0.0,0.1417586961219218,1.324907627483216,0
44,Hog_public_Gerard,2016-09-14 13:00:00,0,normal,89.381,89.381,61.638294,0.0545536037297407,2.222828062115481,0.0,0.0,0.0,0.063753742112348,1.324907627483216,0
44,Hog_public_Gerard,2016-09-14 14:00:00,0,normal,90.3,90.3,61.638294,0.4621532933852431,1.2342088799808355,0.5187123647735312,0.0,0.0,0.5281159169454706,1.324907627483216,0
44,Hog_public_Gerard,2016-09-14 15:00:00,0,normal,89.625,89.625,61.638294,0.1627737607220616,0.7274377025840847,0.920124835257082,0.4486725021020494,0.0,0.8017049957600038,1.324907627483216,0
44,Hog_public_Gerard,2016-09-14 16:00:00,0,normal,89.52600000000002,89.52600000000002,61.638294,0.118864762598139,0.0,1.1123276642005584,0.9597656243501854,0.0,0.9355000373551814,1.324907627483216,0
44,Hog_public_Gerard,2016-09-14 17:00:00,0,normal,87.208,87.208,61.638294,0.0,0.0,1.162137408190176,2.37464064757017,0.0,0.958763361756895,1.324907627483216,0
44,Hog_public_Gerard,2016-09-14 18:00:00,0,normal,81.56,81.56,61.638294,0.0,0.0,0.4863610821719982,2.049874124410228,0.0,0.4012478927918985,1.324907627483216,0
44,Hog_public_Gerard,2016-09-14 19:00:00,0,normal,85.34,85.34,61.638294,0.651842839837009,2.3779457976546534,0.0,0.8490997180382686,0.6934432506872678,0.1572250709169177,1.324907627483216,0
44,Hog_public_Gerard,2016-09-14 20:00:00,0,normal,83.522,83.522,61.638294,0.1324055302473085,1.75791984017955,0.0,0.8240104653377134,4.667184026766711,0.0638088255415854,1.324907627483216,0
44,Hog_public_Gerard,2016-09-14 21:00:00,0,normal,83.738,83.738,61.638294,0.1941208541589544,0.0,0.2205968618033297,0.8484318260364626,8.972810481405617,0.2111105391115911,1.324907627483216,0
44,Hog_public_Gerard,2016-09-14 22:00:00,0,normal,62.164,62.164,61.638294,0.0,0.2345344771655669,0.6976302459879457,1.0077065163741683,10.0,0.5814083148691954,1.324907627483216,0
44,Hog_public_Gerard,2016-09-14 23:00:00,0,normal,44.747,44.747,61.638294,0.0,0.0,0.0,0.0,3.9609886686241,4.3975808201858197e-16,1.324907627483216,0
44,Hog_public_Gerard,2016-09-15 00:00:00,0,normal,43.306,43.306,61.638294,0.0,0.0,0.0,0.0,1.07105274192397,1.189107414671897e-16,1.324907627483216,0
44,Hog_public_Gerard,2016-09-15 01:00:00,0,normal,44.984,44.984,61.638294,0.0,0.0,0.0,0.0,0.2214131162253893,2.4581793958743308e-17,1.324907627483216,0
44,Hog_public_Gerard,2016-09-15 02:00:00,0,normal,51.826,51.826,61.638294,0.0,0.0,0.769083555309371,0.0,0.0,0.6344939331302311,1.324907627483216,0
44,Hog_public_Gerard,2016-09-15 03:00:00,0,normal,51.995,51.995,61.638294,0.0,0.0,0.0,0.0,0.0,0.0,1.324907627483216,0
44,Hog_public_Gerard,2016-09-15 04:00:00,0,normal,42.115,42.115,61.638294,0.0,0.0,0.0,0.0290218339164259,0.0,0.0,1.324907627483216,0
44,Hog_public_Gerard,2016-09-15 05:00:00,0,normal,31.0,31.0,61.638294,1.763553524584328,7.583842261784939,0.0,0.54591690158813,0.0,0.4541290852322724,1.324907627483216,0
44,Hog_public_Gerard,2016-09-15 06:00:00,0,normal,30.06900000000001,30.06900000000001,61.638294,1.4758510791859585,0.6727564728925299,0.0,0.0,0.0,0.2381965737002069,1.324907627483216,0
44,Hog_public_Gerard,2016-09-15 07:00:00,0,normal,35.676,35.676,61.638294,0.0513206951274851,5.996271509127252,0.0,0.0,0.0,0.1576048919973038,1.324907627483216,0
44,Hog_public_Gerard,2016-09-15 08:00:00,0,normal,64.997,64.997,61.638294,0.0,0.0,0.0,0.0,0.1967617630609963,2.1844943971615768e-17,1.324907627483216,0
44,Hog_public_Gerard,2016-09-15 09:00:00,0,normal,76.808,76.808,61.638294,0.0,0.0,0.0,0.0,0.761881755345486,8.458586668263891e-17,1.324907627483216,0
44,Hog_public_Gerard,2016-09-15 10:00:00,0,normal,84.596,84.596,61.638294,0.0,0.0,0.0,0.0,1.1316554716261644,1.2563899605424083e-16,1.324907627483216,0
44,Hog_public_Gerard,2016-09-15 11:00:00,0,normal,86.081,86.081,61.638294,0.0,0.0,0.0,0.0,0.343479543361616,3.81338897527801e-17,1.324907627483216,0
44,Hog_public_Gerard,2016-09-15 12:00:00,0,normal,87.92200000000004,87.92200000000004,61.638294,0.0,0.0,0.0,0.0,0.0,0.0,1.324907627483216,0
44,Hog_public_Gerard,2016-09-15 13:00:00,0,normal,87.564,87.564,61.638294,3.6594353770381063,10.0,0.3502460989065384,0.0,0.0,1.0878683381536098,1.324907627483216,0
44,Hog_public_Gerard,2016-09-15 14:00:00,0,normal,87.35,87.35,61.638294,3.5115933587851043,0.0178208739661697,0.7309851568627747,0.0,0.0,1.130247280078709,1.324907627483216,0
44,Hog_public_Gerard,2016-09-15 15:00:00,0,normal,89.20700000000002,89.20700000000002,61.638294,4.7945028349338505,5.33309196623949,1.291812366805316,0.5818550473459505,0.0,1.9182479270104504,1.324907627483216,1
44,Hog_public_Gerard,2016-09-15 16:00:00,0,normal,91.063,91.063,61.638294,6.076721460529979,5.329856865148479,0.700451357802476,1.7574769645259465,0.0,1.6226270108952512,1.324907627483216,1
44,Hog_public_Gerard,2016-09-15 17:00:00,0,normal,89.162,89.162,61.638294,0.0,10.0,0.2598821829103356,1.665263937214565,0.0,0.4644028009010266,1.324907627483216,0
44,Hog_public_Gerard,2016-09-15 18:00:00,0,normal,85.041,85.041,61.638294,0.5664128312741246,1.9778958695483804,0.6613318530475989,1.919607992872896,0.0,0.6800081001940972,1.324907627483216,0
44,Hog_public_Gerard,2016-09-15 19:00:00,0,normal,87.87100000000002,87.87100000000002,61.638294,1.37499786215359,3.1119349814623294,0.0,1.459941896442098,0.648226745336202,0.2840480538595967,1.324907627483216,0
44,Hog_public_Gerard,2016-09-15 20:00:00,0,normal,86.42200000000004,86.42200000000004,61.638294,0.9609908975796247,1.2642127382691248,0.168649179072886,1.4749138719572197,4.761846069561986,0.3148895258288033,1.324907627483216,0
44,Hog_public_Gerard,2016-09-15 21:00:00,0,normal,83.948,83.948,61.638294,0.254121863517499,2.6356213546870046,0.4823277517984062,1.412256484036463,10.0,0.5019292086284861,1.324907627483216,0
44,Hog_public_Gerard,2016-09-15 22:00:00,0,normal,64.542,64.542,61.638294,0.0,0.5155059985779848,0.221254211114052,1.1620828554949445,10.0,0.1954223741335436,1.324907627483216,0
44,Hog_public_Gerard,2016-09-15 23:00:00,0,normal,44.687,44.687,61.638294,0.0,0.0,0.0,0.0,5.081983383856285,5.642134963519712e-16,1.324907627483216,0
44,Hog_public_Gerard,2016-09-16 00:00:00,1,contextual_after_hours,41.853,84.01576282513611,61.638294,0.0,0.0,0.0,0.0,1.295957114388014,1.4388014273203506e-16,1.324907627483216,0
44,Hog_public_Gerard,2016-09-16 01:00:00,1,contextual_after_hours,47.53,89.6927628251361,61.638294,1.06434917136948,4.3096221611361685,0.0,0.0,1.2493262467529322,0.2673929297338261,1.324907627483216,0
44,Hog_public_Gerard,2016-09-16 02:00:00,1,contextual_after_hours,48.567,90.7297628251361,61.638294,1.3449698564997483,0.6395941481570186,0.0,0.0,1.1619050972684597,0.2177353321788878,1.324907627483216,0
44,Hog_public_Gerard,2016-09-16 03:00:00,1,contextual_after_hours,48.142,90.3047628251361,61.638294,1.229961378987341,0.0,0.0,0.0,1.098307452753054,0.1844942068481012,1.324907627483216,0
44,Hog_public_Gerard,2016-09-16 04:00:00,1,contextual_after_hours,40.63800000000001,82.8007628251361,61.638294,0.0,5.085147680395339,1.061531247335985,0.0,1.040104824044059,1.0028919710620712,1.324907627483216,0
44,Hog_public_Gerard,2016-09-16 05:00:00,1,contextual_after_hours,31.817,73.9797628251361,61.638294,0.0,0.0,0.0,0.0,0.898079246364577,9.970682572519617e-17,1.324907627483216,0
44,Hog_public_Gerard,2016-09-16 06:00:00,0,normal,30.763,30.763,61.638294,1.2995314632529156,5.410929073572935,0.0,0.0,0.4050069853203553,0.3302029463272606,1.324907627483216,0
44,Hog_public_Gerard,2016-09-16 07:00:00,0,normal,36.354,36.354,61.638294,0.0,5.410929073572935,0.0,0.0,0.0,0.1352732268393232,1.324907627483216,0
44,Hog_public_Gerard,2016-09-16 08:00:00,0,normal,67.139,67.139,61.638294,0.0,0.0,0.0,0.0,0.0,0.0,1.324907627483216,0
44,Hog_public_Gerard,2016-09-16 09:00:00,0,normal,79.936,79.936,61.638294,0.0,0.0,0.0,0.0,0.0,0.0,1.324907627483216,0
44,Hog_public_Gerard,2016-09-16 10:00:00,0,normal,83.359,83.359,61.638294,0.0,0.0,0.0,0.0,0.0,0.0,1.324907627483216,0
44,Hog_public_Gerard,2016-09-16 11:00:00,0,normal,89.365,89.365,61.638294,0.4995921196481695,1.6649891833422523,0.0,0.0,0.0,0.1165635475307816,1.324907627483216,0
44,Hog_public_Gerard,2016-09-16 12:00:00,0,normal,87.162,87.162,61.638294,0.0,1.6649891833422523,0.0,0.0,0.0,0.0416247295835562,1.324907627483216,0
44,Hog_public_Gerard,2016-09-16 13:00:00,0,normal,87.777,87.777,61.638294,0.0,0.0,0.0,0.0,0.0,0.0,1.324907627483216,0
44,Hog_public_Gerard,2016-09-16 14:00:00,0,normal,87.605,87.605,61.638294,0.0,0.0,0.4671382014578192,0.0,0.0,0.3853890162027008,1.324907627483216,0
44,Hog_public_Gerard,2016-09-16 15:00:00,0,normal,88.669,88.669,61.638294,4.422825237643572,10.0,1.1877717732733422,0.5384313415581944,0.0,1.8933354985970428,1.324907627483216,1
44,Hog_public_Gerard,2016-09-16 16:00:00,0,normal,89.133,89.133,61.638294,4.743379894042606,0.826596146679684,0.9167567193641704,1.152778609546822,0.0,1.4884961812488235,1.324907627483216,1
44,Hog_public_Gerard,2016-09-16 17:00:00,0,normal,83.69200000000002,83.69200000000002,61.638294,0.984462037432381,10.0,0.7250468803962484,2.1611290839117507,0.0,0.9958329819417616,1.324907627483216,0
44,Hog_public_Gerard,2016-09-16 18:00:00,0,normal,77.204,77.204,61.638294,0.0,3.9355282949904336,0.0,1.2450787878970242,0.0,0.0983882073747607,1.324907627483216,0
44,Hog_public_Gerard,2016-09-16 19:00:00,0,normal,46.764,46.764,61.638294,0.0,0.0,0.0,0.2437497027477073,0.0,0.0,1.324907627483216,0
44,Hog_public_Gerard,2016-09-16 20:00:00,0,normal,41.701,41.701,61.638294,0.2760581928532145,0.6182290009666458,0.0,0.0,0.8326419438250017,0.0568644539521483,1.324907627483216,0
44,Hog_public_Gerard,2016-09-16 21:00:00,0,normal,41.97,41.97,61.638294,0.0,0.6182290009666458,0.0,0.0,0.0181158021973126,0.0154557250241661,1.324907627483216,0
44,Hog_public_Gerard,2016-09-16 22:00:00,0,normal,41.55,41.55,61.638294,0.0,0.0,0.0,0.0,0.0,0.0,1.324907627483216,0
44,Hog_public_Gerard,2016-09-16 23:00:00,0,normal,42.176,42.176,61.638294,0.0,0.0,1.3657599384488817,0.0,0.0,1.1267519492203273,1.324907627483216,0
44,Hog_public_Gerard,2016-09-17 00:00:00,0,normal,42.597,42.597,61.638294,0.0,0.0,1.255854336280375,0.0,0.0,1.0360798274313092,1.324907627483216,0
44,Hog_public_Gerard,2016-09-17 01:00:00,0,normal,36.887,36.887,61.638294,0.1704831549007412,0.1238443338784432,1.07287720867446,1.5076252030310298,0.0,0.9137922787385016,1.324907627483216,0
44,Hog_public_Gerard,2016-09-17 02:00:00,0,normal,35.743,35.743,61.638294,0.4800589155458951,0.7751843941712763,0.0,1.4544346702351416,0.0,0.0913884471861661,1.324907627483216,0
44,Hog_public_Gerard,2016-09-17 03:00:00,0,normal,36.254,36.254,61.638294,0.3417781343486289,0.0,0.0,1.0381706578576455,0.0,0.0512667201522943,1.324907627483216,0
44,Hog_public_Gerard,2016-09-17 04:00:00,0,normal,35.651,35.651,61.638294,0.5049548683250505,0.0896299727346456,1.053747062693982,0.961492345045025,0.0,0.9473253062896588,1.324907627483216,0
44,Hog_public_Gerard,2016-09-17 05:00:00,0,normal,35.395,35.395,61.638294,0.5742305630148753,0.0,1.2756506514998796,0.9594594141420923,0.775667930437981,1.1385463719396318,1.324907627483216,0
44,Hog_public_Gerard,2016-09-17 06:00:00,0,normal,35.868,35.868,61.638294,0.0025406284716571,2.002607382738225,1.1764278494218123,1.188808843200414,2.42777011127627,1.0209992546121995,1.324907627483216,0
44,Hog_public_Gerard,2016-09-17 07:00:00,0,normal,35.76,35.76,61.638294,0.0299794159655614,0.0,1.3627408361922968,2.8976013637987688,9.976172950193416,1.12875810225348,1.324907627483216,0
44,Hog_public_Gerard,2016-09-17 08:00:00,0,normal,34.446,34.446,61.638294,0.3638179971413838,0.8888018427965396,1.3520157674308302,3.2638714860303835,10.0,1.192205753771557,1.324907627483216,0
44,Hog_public_Gerard,2016-09-17 09:00:00,0,normal,35.157,35.157,61.638294,0.1831793128065214,0.1714004431232499,0.9083635636189724,2.8057447291615567,10.0,0.7811618479847127,1.324907627483216,0
44,Hog_public_Gerard,2016-09-17 10:00:00,0,normal,42.479,42.479,61.638294,0.0,0.1832976470979374,1.0054719172859468,2.9218409639533167,10.0,0.8340967729383556,1.324907627483216,0
44,Hog_public_Gerard,2016-09-17 11:00:00,0,normal,82.516,82.516,61.638294,0.0,0.0,0.0,1.0798367730348188,10.0,1.1102230246251563e-15,1.324907627483216,0
44,Hog_public_Gerard,2016-09-17 12:00:00,0,normal,85.045,85.045,61.638294,0.0,0.0,0.0,0.0,1.4913800312541332,1.6557644491645243e-16,1.324907627483216,0
44,Hog_public_Gerard,2016-09-17 13:00:00,1,spike,84.32600000000002,9.279540600645149,61.638294,10.0,10.0,0.0,0.0,0.1627960258423136,1.7499999999999996,1.324907627483216,1
44,Hog_public_Gerard,2016-09-17 14:00:00,0,normal,83.59200000000001,83.59200000000001,61.638294,0.0,10.0,0.0,0.0,0.0,0.2499999999999996,1.324907627483216,0
44,Hog_public_Gerard,2016-09-17 15:00:00,0,normal,82.76100000000002,82.76100000000002,61.638294,0.0,0.0,0.0,0.0,0.0,0.0,1.324907627483216,0
44,Hog_public_Gerard,2016-09-17 16:00:00,0,normal,82.43700000000003,82.43700000000003,61.638294,0.0,0.0,0.0,0.0,0.0,0.0,1.324907627483216,0
44,Hog_public_Gerard,2016-09-17 17:00:00,0,normal,81.477,81.477,61.638294,0.0,0.0,1.0197869240009534,0.0,0.0,0.8413242123007865,1.324907627483216,0
44,Hog_public_Gerard,2016-09-17 18:00:00,0,normal,83.73200000000001,83.73200000000001,61.638294,0.1924065396058571,0.2265067194109448,0.9586439501190108,0.0,0.0,0.825404907774336,1.324907627483216,0
44,Hog_public_Gerard,2016-09-17 19:00:00,0,normal,54.457,54.457,61.638294,0.0,0.2265067194109448,0.6496670772944377,0.0,0.0,0.5416380067531847,1.324907627483216,0
44,Hog_public_Gerard,2016-09-17 20:00:00,0,normal,45.76,45.76,61.638294,0.0,0.0,0.0,0.0,0.0,0.0,1.324907627483216,0
44,Hog_public_Gerard,2016-09-17 21:00:00,0,normal,46.236,46.236,61.638294,0.0,0.0,0.0,0.0,0.0,0.0,1.324907627483216,0
44,Hog_public_Gerard,2016-09-17 22:00:00,0,normal,45.727,45.727,61.638294,0.0,0.0,0.0,0.0,0.0,0.0,1.324907627483216,0
44,Hog_public_Gerard,2016-09-17 23:00:00,0,normal,46.159,46.159,61.638294,0.0,0.0,1.3027887708747778,0.0,0.0,1.0748007359716916,1.324907627483216,0
44,Hog_public_Gerard,2016-09-18 00:00:00,0,normal,45.637,45.637,61.638294,0.0,0.0,1.3125971871059374,0.0,0.0,1.0828926793623983,1.324907627483216,0
44,Hog_public_Gerard,2016-09-18 01:00:00,0,normal,40.189,40.189,61.638294,0.0,0.0,1.3073060468483426,0.8212540334377147,0.0,1.0785274886498826,1.324907627483216,0
44,Hog_public_Gerard,2016-09-18 02:00:00,0,normal,39.001,39.001,61.638294,0.0,0.0,0.0,1.3049608699474438,0.0,0.0,1.324907627483216,0
44,Hog_public_Gerard,2016-09-18 03:00:00,0,normal,39.329,39.329,61.638294,0.0,0.0,0.0,0.8798262361862106,0.0272482971813487,3.025168691256212e-18,1.324907627483216,0
44,Hog_public_Gerard,2016-09-18 04:00:00,0,normal,39.149,39.149,61.638294,0.0,0.0,0.998527859137136,0.808541960119236,0.2269199358898459,0.8237854837881372,1.324907627483216,0
44,Hog_public_Gerard,2016-09-18 05:00:00,0,normal,38.618,38.618,61.638294,0.0,0.0,1.4247502411540287,0.8444372973172302,0.6623243367919008,1.1754189489520737,1.324907627483216,0
44,Hog_public_Gerard,2016-09-18 06:00:00,0,normal,39.173,39.173,61.638294,0.0,0.0,1.2111706235525248,1.130246384534816,1.5964813362714774,0.9992157644308332,1.324907627483216,0
44,Hog_public_Gerard,2016-09-18 07:00:00,0,normal,39.435,39.435,61.638294,0.0,0.0,1.2646934049276637,2.8551684162027278,7.417336603251943,1.0433720590653233,1.324907627483216,0
44,Hog_public_Gerard,2016-09-18 08:00:00,0,normal,38.115,38.115,61.638294,0.0,0.0,1.1622966190853734,3.217238293609088,10.0,0.958894710745434,1.324907627483216,0
44,Hog_public_Gerard,2016-09-18 09:00:00,0,normal,36.935,36.935,61.638294,0.0,0.0,0.9170165483304866,2.8728732904662944,10.0,0.7565386523726525,1.324907627483216,0
44,Hog_public_Gerard,2016-09-18 10:00:00,0,normal,36.346,36.346,61.638294,0.0,0.0,0.543045642924409,2.334356131643004,10.0,0.4480126554126385,1.324907627483216,0
44,Hog_public_Gerard,2016-09-18 11:00:00,1,spike,35.872,129.87319524148074,61.638294,10.0,10.0,0.7702196954621692,2.0385322995223305,10.0,2.38543124875629,1.324907627483216,1
44,Hog_public_Gerard,2016-09-18 12:00:00,0,normal,66.748,66.748,61.638294,0.0,10.0,0.0,0.0,0.0,0.2499999999999996,1.324907627483216,0
44,Hog_public_Gerard,2016-09-18 13:00:00,0,normal,80.189,80.189,61.638294,0.0,0.0,0.0,0.0,0.0,0.0,1.324907627483216,0
44,Hog_public_Gerard,2016-09-18 14:00:00,0,normal,80.274,80.274,61.638294,0.0,0.0,0.0,0.0,0.0,0.0,1.324907627483216,0
44,Hog_public_Gerard,2016-09-18 15:00:00,0,normal,81.708,81.708,61.638294,0.0,0.0,0.0,0.0,0.0,0.0,1.324907627483216,0
44,Hog_public_Gerard,2016-09-18 16:00:00,1,spike,84.344,0.01,61.638294,10.0,10.0,0.8663433963138256,0.0,0.0,2.4647333019589057,1.324907627483216,1
44,Hog_public_Gerard,2016-09-18 17:00:00,0,normal,84.62700000000002,84.62700000000002,61.638294,1.6304073040985427,10.0,0.0,0.0,0.0,0.494561095614781,1.324907627483216,0
44,Hog_public_Gerard,2016-09-18 18:00:00,0,normal,81.185,81.185,61.638294,0.1327297768994416,6.338803481754266,0.0,0.0,0.0,0.1783795535787727,1.324907627483216,0
44,Hog_public_Gerard,2016-09-18 19:00:00,0,normal,59.742,59.742,61.638294,0.0,0.0,0.0,0.0,0.0,0.0,1.324907627483216,0
44,Hog_public_Gerard,2016-09-18 20:00:00,0,normal,57.085,57.085,61.638294,0.0,0.0,0.0,0.0,0.0,0.0,1.324907627483216,0
44,Hog_public_Gerard,2016-09-18 21:00:00,0,normal,58.139,58.139,61.638294,0.0,0.0,0.0,0.0,0.0,0.0,1.324907627483216,0
44,Hog_public_Gerard,2016-09-18 22:00:00,0,normal,60.877,60.877,61.638294,0.0,0.0,0.6307762008511183,0.0,0.0,0.5203903657021726,1.324907627483216,0
44,Hog_public_Gerard,2016-09-18 23:00:00,0,normal,41.731,41.731,61.638294,0.2650495401668769,0.5666779032926416,0.3498348127325546,0.0,0.0,0.3425380991117051,1.324907627483216,0
44,Hog_public_Gerard,2016-09-19 00:00:00,0,normal,40.602,40.602,61.638294,0.0,0.5666779032926416,0.0,0.0,0.0,0.014166947582316,1.324907627483216,0
44,Hog_public_Gerard,2016-09-19 01:00:00,0,normal,45.655,45.655,61.638294,0.0,0.0,0.0,0.0,0.0,0.0,1.324907627483216,0
44,Hog_public_Gerard,2016-09-19 02:00:00,0,normal,41.055,41.055,61.638294,0.0,0.0,0.1098610606693625,0.0,0.0,0.0906353750522241,1.324907627483216,0
44,Hog_public_Gerard,2016-09-19 03:00:00,0,normal,38.939,38.939,61.638294,0.0,0.0,0.0653404368025952,0.0,0.0,0.053905860362141,1.324907627483216,0
44,Hog_public_Gerard,2016-09-19 04:00:00,0,normal,31.436,31.436,61.638294,1.6455683570657205,7.0313436892408205,0.0,0.0722794300541481,0.0041912761667493,0.4226188457908783,1.324907627483216,0
44,Hog_public_Gerard,2016-09-19 05:00:00,0,normal,29.257,29.257,61.638294,2.2352235864763754,2.0867349046831145,0.0,0.6632580779451898,1.104639928693602,0.3874519105885342,1.324907627483216,0
44,Hog_public_Gerard,2016-09-19 06:00:00,0,normal,29.945,29.945,61.638294,1.507354872234516,2.733958235222061,0.0,0.3636174382112604,1.682350491582956,0.294452186715729,1.324907627483216,0
44,Hog_public_Gerard,2016-09-19 07:00:00,0,normal,36.521,36.521,61.638294,0.0,6.384120358701874,0.773003970931207,0.2879223119889187,2.925789362847472,0.7973312849857928,1.324907627483216,0
44,Hog_public_Gerard,2016-09-19 08:00:00,0,normal,68.223,68.223,61.638294,0.0,0.0,0.0,0.6269862142429018,3.361166639947317,3.7316445932714846e-16,1.324907627483216,0
44,Hog_public_Gerard,2016-09-19 09:00:00,0,normal,83.554,83.554,61.638294,0.0,0.0,0.0,0.0,2.561659561573209,2.8440134265097605e-16,1.324907627483216,0
44,Hog_public_Gerard,2016-09-19 10:00:00,0,normal,85.97200000000002,85.97200000000002,61.638294,0.0,0.0,0.0,0.0,1.259595730094246,1.398432181270166e-16,1.324907627483216,0
44,Hog_public_Gerard,2016-09-19 11:00:00,0,normal,87.652,87.652,61.638294,0.0643824624532062,0.0,0.0,0.0,0.5579378650023525,0.009657369367981,1.324907627483216,0
44,Hog_public_Gerard,2016-09-19 12:00:00,0,normal,89.649,89.649,61.638294,0.173418366327864,0.0,0.2407028848409373,0.0,0.0,0.2245926349429529,1.324907627483216,0
44,Hog_public_Gerard,2016-09-19 13:00:00,0,normal,88.944,88.944,61.638294,0.0,0.137589282991176,0.3571676428751583,0.0,0.0,0.298103037446785,1.324907627483216,0
44,Hog_public_Gerard,2016-09-19 14:00:00,0,normal,87.516,87.516,61.638294,3.626274550514077,10.0,0.788984446028074,0.0551138145874746,0.0,1.444853350550272,1.324907627483216,1
44,Hog_public_Gerard,2016-09-19 15:00:00,0,normal,88.04,88.04,61.638294,3.9882802400681614,1.020702212130938,0.7527403021626727,1.548022697883182,0.0,1.2447703405977024,1.324907627483216,0
44,Hog_public_Gerard,2016-09-19 16:00:00,0,normal,85.619,85.619,61.638294,2.315731052261982,7.157688981481111,0.9925527157394356,2.1959767642279804,0.0,1.3451578728613591,1.324907627483216,1
44,Hog_public_Gerard,2016-09-19 17:00:00,0,normal,86.73299999999998,86.73299999999998,61.638294,3.085338567840684,2.929411855734751,0.5751679111152134,1.9727867715875855,0.0,1.0105496082395222,1.324907627483216,0
44,Hog_public_Gerard,2016-09-19 18:00:00,0,normal,81.182,81.182,61.638294,0.1316289116308078,10.0,0.6131095361444842,1.9114407251271237,0.0,0.7755597040638202,1.324907627483216,0
44,Hog_public_Gerard,2016-09-19 19:00:00,0,normal,83.479,83.479,61.638294,0.9745247523146914,3.27260495242952,0.0,1.139428567051316,0.9807151358442064,0.2279938366579417,1.324907627483216,0
44,Hog_public_Gerard,2016-09-19 20:00:00,0,normal,83.06299999999997,83.06299999999997,61.638294,0.0012604669350482,3.8830916866018,0.0,1.220317784765088,6.659954553380461,0.0972663622053028,1.324907627483216,0
44,Hog_public_Gerard,2016-09-19 21:00:00,0,normal,83.98299999999998,83.98299999999998,61.638294,0.2641220317439183,0.5564320962349892,0.6261747108398463,1.273346040551032,10.0,0.5701232436103368,1.324907627483216,0
44,Hog_public_Gerard,2016-09-19 22:00:00,0,normal,63.402,63.402,61.638294,0.0,0.5623345854800323,1.16226182770347,1.6150901807377358,10.0,0.9729243724923646,1.324907627483216,0
44,Hog_public_Gerard,2016-09-19 23:00:00,0,normal,47.746,47.746,61.638294,0.0,0.0,0.0,0.0,5.400322913781297,5.99556283929081e-16,1.324907627483216,0
44,Hog_public_Gerard,2016-09-20 00:00:00,0,normal,44.18899999999999,44.18899999999999,61.638294,0.0,0.0,0.0,0.0,1.9605671579621773,2.1766668000935155e-16,1.324907627483216,0
44,Hog_public_Gerard,2016-09-20 01:00:00,0,normal,42.94600000000001,42.94600000000001,61.638294,0.0,0.0,0.0,0.0,0.8377991016244455,9.301438526337308e-17,1.324907627483216,0
44,Hog_public_Gerard,2016-09-20 02:00:00,0,normal,39.881,39.881,61.638294,0.0,0.0,0.0808145024184158,0.0,0.348816049768839,0.0666719644951931,1.324907627483216,0
44,Hog_public_Gerard,2016-09-20 03:00:00,0,normal,38.733,38.733,61.638294,0.0,0.0,0.1771752917949262,0.0,0.0387264276013429,0.1461696157308141,1.324907627483216,0
44,Hog_public_Gerard,2016-09-20 04:00:00,0,normal,36.914,36.914,61.638294,0.1631767339764235,0.0896299727346547,0.191930842646394,0.0,0.0,0.185060204598105,1.324907627483216,0
44,Hog_public_Gerard,2016-09-20 05:00:00,0,normal,30.353,30.353,61.638294,1.9386370185855648,7.6395989984637,0.4730214246805175,0.7210843383020226,0.0,0.8720282031108539,1.324907627483216,0
44,Hog_public_Gerard,2016-09-20 06:00:00,0,normal,29.681,29.681,61.638294,1.5744274638862792,1.0310224275648927,0.0,0.4715493009141254,0.0,0.2619396802720641,1.324907627483216,0
44,Hog_public_Gerard,2016-09-20 07:00:00,0,normal,35.521,35.521,61.638294,0.0907004364381798,6.2734763617373375,0.0,0.39001392134347,0.0,0.1704419745091602,1.324907627483216,0
44,Hog_public_Gerard,2016-09-20 08:00:00,0,normal,65.533,65.533,61.638294,0.0,0.0,0.0,0.638991196137458,0.1955631195953598,2.171186781422917e-17,1.324907627483216,0
44,Hog_public_Gerard,2016-09-20 09:00:00,0,normal,80.389,80.389,61.638294,0.0,0.0,0.0,0.0,0.7228307799656464,8.025033748256208e-17,1.324907627483216,0
44,Hog_public_Gerard,2016-09-20 10:00:00,0,normal,85.01299999999998,85.01299999999998,61.638294,0.0,0.0,0.0,0.0,0.8916564945529994,9.899375703092956e-17,1.324907627483216,0
44,Hog_public_Gerard,2016-09-20 11:00:00,1,spike,88.541,187.21323507825963,61.638294,10.0,10.0,0.0,0.0,0.1913452151383106,1.7499999999999996,1.324907627483216,1
44,Hog_public_Gerard,2016-09-20 12:00:00,0,normal,92.158,92.158,61.638294,1.2862231773677542,10.0,0.0,0.0,0.0,0.4429334766051628,1.324907627483216,0
44,Hog_public_Gerard,2016-09-20 13:00:00,0,normal,93.274,93.274,61.638294,1.7811973380375496,1.6433642977970715,0.0,0.0,0.0,0.3082637081505592,1.324907627483216,0
44,Hog_public_Gerard,2016-09-20 14:00:00,0,normal,90.005,90.005,61.638294,5.345801575895966,10.0,0.0,0.0,0.0,1.0518702363843946,1.324907627483216,0
44,Hog_public_Gerard,2016-09-20 15:00:00,0,normal,95.177,95.177,61.638294,8.918880633861088,10.0,0.6684769457134222,0.0,0.0,2.139325575292736,1.324907627483216,1
44,Hog_public_Gerard,2016-09-20 16:00:00,0,normal,85.309,85.309,61.638294,2.1015673809609003,10.0,0.3412336668550319,0.0,0.0,0.846752882299536,1.324907627483216,0
44,Hog_public_Gerard,2016-09-20 17:00:00,0,normal,90.664,90.664,61.638294,5.801072090048911,10.0,0.0,0.0,0.0,1.1201608135073364,1.324907627483216,0
44,Hog_public_Gerard,2016-09-20 18:00:00,0,normal,87.867,87.867,61.638294,2.5847236852362805,10.0,0.0,1.389720501970055,0.0,0.6377085527854418,1.324907627483216,0
44,Hog_public_Gerard,2016-09-20 19:00:00,0,normal,87.97200000000002,87.97200000000002,61.638294,2.623253969638468,0.0,0.3273092104641317,1.330054715919879,0.0,0.6635181940786787,1.324907627483216,0
44,Hog_public_Gerard,2016-09-20 20:00:00,0,normal,87.839,87.839,61.638294,2.5744489427290307,0.0,0.7088731136884624,1.4074426353525502,0.0,0.970987660202336,1.324907627483216,0
44,Hog_public_Gerard,2016-09-20 21:00:00,1,spike,84.315,175.52425067244044,61.638294,10.0,10.0,1.5636177132670817,1.391944477385705,0.0946101635365507,3.0399846134453417,1.324907627483216,1
44,Hog_public_Gerard,2016-09-20 22:00:00,0,normal,65.748,65.748,61.638294,0.0,10.0,0.0,0.0,0.0,0.2499999999999996,1.324907627483216,0
44,Hog_public_Gerard,2016-09-20 23:00:00,0,normal,51.464,51.464,61.638294,0.0,0.0,0.0,0.0,0.0,0.0,1.324907627483216,0
44,Hog_public_Gerard,2016-09-21 00:00:00,0,normal,41.262,41.262,61.638294,0.0,0.0,0.0,0.0,0.6039059113303511,6.70470247466194e-17,1.324907627483216,0
44,Hog_public_Gerard,2016-09-21 01:00:00,0,normal,43.669,43.669,61.638294,0.0,0.0,0.0,0.0,0.198158375417247,2.1999999091054324e-17,1.324907627483216,0
44,Hog_public_Gerard,2016-09-21 02:00:00,0,normal,39.67,39.67,61.638294,0.0,0.0,0.0,0.0,0.0,0.0,1.324907627483216,0
44,Hog_public_Gerard,2016-09-21 03:00:00,0,normal,40.039,40.039,61.638294,0.0,0.0,0.6571584767277242,0.0,0.0,0.5421557433003724,1.324907627483216,0
44,Hog_public_Gerard,2016-09-21 04:00:00,0,normal,37.869,37.869,61.638294,0.0,0.0,0.5918138869720425,0.2966197219992354,0.0,0.488246456751935,1.324907627483216,0
44,Hog_public_Gerard,2016-09-21 05:00:00,0,normal,30.849,30.849,61.638294,1.8044153601240287,7.77518924447797,0.9840521659101734,1.145385113009997,0.0,1.2768850720064464,1.324907627483216,0
44,Hog_public_Gerard,2016-09-21 06:00:00,0,normal,30.887,30.887,61.638294,1.2680276702043602,1.8372947407144888,0.0,1.274370498636503,0.0,0.2361365190485161,1.324907627483216,0
44,Hog_public_Gerard,2016-09-21 07:00:00,0,normal,36.481,36.481,61.638294,0.0,5.263403744286887,0.1261628785906614,1.0558732436488665,0.0,0.2356694684444677,1.324907627483216,0
44,Hog_public_Gerard,2016-09-21 08:00:00,0,normal,68.445,68.445,61.638294,0.0,0.0,0.302138999004567,1.3385468410962835,0.0,0.2492646741787677,1.324907627483216,0
44,Hog_public_Gerard,2016-09-21 09:00:00,0,normal,84.26799999999999,84.26799999999999,61.638294,0.0,0.0,0.0,0.0,0.0,0.0,1.324907627483216,0
44,Hog_public_Gerard,2016-09-21 10:00:00,0,normal,87.50399999999998,87.50399999999998,61.638294,0.0267811610726659,0.0,0.0,0.0,3.253424829301106,0.0040171741609002,1.324907627483216,0
44,Hog_public_Gerard,2016-09-21 11:00:00,0,normal,91.782,91.782,61.638294,1.1136620212478372,4.415133100892129,0.0,0.0,2.351485490697301,0.2774276307094789,1.324907627483216,0
44,Hog_public_Gerard,2016-09-21 12:00:00,0,normal,93.254,93.254,61.638294,1.7723268333660498,2.409891592423357,0.0160816101446547,0.0,0.6883574991208699,0.3393636431848315,1.324907627483216,0
44,Hog_public_Gerard,2016-09-21 13:00:00,0,normal,95.383,95.383,61.638294,2.716592055647403,3.747295456415534,0.205516615196193,0.0,0.319806252655897,0.6707224022943579,1.324907627483216,0
44,Hog_public_Gerard,2016-09-21 14:00:00,0,normal,92.316,92.316,61.638294,1.3563001642726185,5.695456785916166,0.5876213035676846,0.1254632383510443,0.0809159742589804,0.8306190197321365,1.324907627483216,0
44,Hog_public_Gerard,2016-09-21 15:00:00,0,normal,90.365,90.365,61.638294,0.4909824335676227,3.3776017286425297,0.6859420426933389,1.1096535347951668,0.0343963193852131,0.7239895934732111,1.324907627483216,0
44,Hog_public_Gerard,2016-09-21 16:00:00,0,normal,91.276,91.276,61.638294,0.8950339213545264,1.2175934315416073,0.336779621525515,1.628963453686488,0.075503535614561,0.442538111750269,1.324907627483216,0
44,Hog_public_Gerard,2016-09-21 17:00:00,0,normal,92.17,92.17,61.638294,1.2915454801706554,1.1822856036082352,0.9689142541063482,2.121568954197158,0.2721723133986427,1.0226432217535415,1.324907627483216,0
44,Hog_public_Gerard,2016-09-21 18:00:00,0,normal,90.054,90.054,61.638294,1.998722640390282,2.6370642416681656,1.0093610383113865,2.1354178896964444,0.8371087765893843,1.1984578587071402,1.324907627483216,0
44,Hog_public_Gerard,2016-09-21 19:00:00,0,normal,87.118,87.118,61.638294,1.1598513857393655,3.2537587017942897,0.9252534489157732,2.0223502261812887,2.219754817224377,1.018655770761275,1.324907627483216,0
44,Hog_public_Gerard,2016-09-21 20:00:00,0,normal,86.947,86.947,61.638294,1.11099342097598,0.0,0.3390604596427748,2.0278040866763978,7.806537305825079,0.4463738923516871,1.324907627483216,0
44,Hog_public_Gerard,2016-09-21 21:00:00,0,normal,91.179,91.179,61.638294,2.3201566190967804,4.987754376796683,0.6149924106363129,1.8875996851785315,10.0,0.9800860910593931,1.324907627483216,0
44,Hog_public_Gerard,2016-09-21 22:00:00,0,normal,65.883,65.883,61.638294,0.0,10.0,0.1657866928820303,1.5155046137234325,10.0,0.3867740216276758,1.324907627483216,0
44,Hog_public_Gerard,2016-09-21 23:00:00,0,normal,46.727,46.727,61.638294,0.0,0.0,0.0,0.0,5.182399688323258,5.753619456786716e-16,1.324907627483216,0
44,Hog_public_Gerard,2016-09-22 00:00:00,0,normal,42.166,42.166,61.638294,0.0,0.0,0.0,0.0,1.6521661909343095,1.8342729456825127e-16,1.324907627483216,0
44,Hog_public_Gerard,2016-09-22 01:00:00,0,normal,44.724,44.724,61.638294,0.0,0.0,0.0,0.0,0.5247593761057012,5.825999417404817e-17,1.324907627483216,0
44,Hog_public_Gerard,2016-09-22 02:00:00,0,normal,40.52,40.52,61.638294,0.0,0.0,0.2058187841969338,0.0,0.1327747912227663,0.1698004969624704,1.324907627483216,0
44,Hog_public_Gerard,2016-09-22 03:00:00,0,normal,40.233,40.233,61.638294,0.0,0.0,0.2652331002807203,0.0,0.0,0.2188173077315942,1.324907627483216,0
44,Hog_public_Gerard,2016-09-22 04:00:00,0,normal,37.581,37.581,61.638294,0.0,0.0,0.1274182726129384,0.0,0.0,0.1051200749056741,1.324907627483216,0
44,Hog_public_Gerard,2016-09-22 05:00:00,0,normal,31.557,31.557,61.638294,1.6128247669974831,6.87801266337422,0.4719592473689575,1.038385442637738,0.0,0.8032404107133677,1.324907627483216,0
44,Hog_public_Gerard,2016-09-22 06:00:00,0,normal,30.601,30.601,61.638294,1.3406896444937708,0.5998581259348487,0.0,0.6596305400470215,0.0,0.2160998998224368,1.324907627483216,0
44,Hog_public_Gerard,2016-09-22 07:00:00,0,normal,36.366,36.366,61.638294,0.0,5.603663777962776,0.0,0.4418841125743683,0.0,0.1400915944490692,1.324907627483216,0
44,Hog_public_Gerard,2016-09-22 08:00:00,0,normal,68.007,68.007,61.638294,0.0,0.0,0.0,0.739470663469419,0.1479953720934264,1.643078696360894e-17,1.324907627483216,0
44,Hog_public_Gerard,2016-09-22 09:00:00,0,normal,87.29700000000004,87.29700000000004,61.638294,0.0,0.0,0.0,0.0,0.6444470792620854,7.154799855492005e-17,1.324907627483216,0
44,Hog_public_Gerard,2016-09-22 10:00:00,0,normal,87.04,87.04,61.638294,0.0,0.0,0.0,0.0,0.8472783447260169,9.406679265811146e-17,1.324907627483216,0
44,Hog_public_Gerard,2016-09-22 11:00:00,0,normal,87.56200000000004,87.56200000000004,61.638294,0.0415168062082968,0.0,0.0,0.0,0.2481914816507216,0.0062275209312445,1.324907627483216,0
44,Hog_public_Gerard,2016-09-22 12:00:00,0,normal,88.023,88.023,61.638294,0.0,0.0,1.3557115539683349,0.0,0.0,1.1184620320238765,1.324907627483216,0
44,Hog_public_Gerard,2016-09-22 13:00:00,0,normal,91.248,91.248,61.638294,0.8826152148144277,3.458602039783831,1.153152770049573,0.0,0.0,1.1702083685076574,1.324907627483216,0
44,Hog_public_Gerard,2016-09-22 14:00:00,0,normal,87.76,87.76,61.638294,0.0,3.458602039783831,0.292407212728375,0.0033006604005901,0.0,0.327701001495505,1.324907627483216,0
44,Hog_public_Gerard,2016-09-22 15:00:00,0,normal,93.606,93.606,61.638294,1.9284477155844757,8.356005467249139,0.3130667970138592,1.923319234811791,0.0,0.7564474015553333,1.324907627483216,0
44,Hog_public_Gerard,2016-09-22 16:00:00,0,normal,91.594,91.594,61.638294,1.036074945631403,3.5042945229917017,0.0,1.2971749499971976,0.0,0.2430186049195028,1.324907627483216,0
44,Hog_public_Gerard,2016-09-22 17:00:00,0,normal,88.08200000000002,88.08200000000002,61.638294,0.0,4.1772201847808414,0.0,1.3434344006538506,0.0,0.1044305046195209,1.324907627483216,0
44,Hog_public_Gerard,2016-09-22 18:00:00,0,normal,84.723,84.723,61.638294,0.475554159959755,1.5524247085524232,0.0196810032246862,1.3810462192984865,0.0,0.1263805693681399,1.324907627483216,0
44,Hog_public_Gerard,2016-09-22 19:00:00,0,normal,86.34100000000002,86.34100000000002,61.638294,0.937847651112752,1.4903279150248925,0.0,1.0248677219084337,1.00926224089154,0.1779353455425351,1.324907627483216,0
44,Hog_public_Gerard,2016-09-22 20:00:00,0,normal,84.925,84.925,61.638294,0.5332694165808324,1.220060070618656,0.4182670956222027,0.9902382200804508,6.1788798943209935,0.4555622681409091,1.324907627483216,0
44,Hog_public_Gerard,2016-09-22 21:00:00,0,normal,85.665,85.665,61.638294,0.7447015447966648,0.3155993635957763,0.853834708897383,0.8685099665702493,10.0,0.8240088506497362,1.324907627483216,0
44,Hog_public_Gerard,2016-09-22 22:00:00,0,normal,62.87300000000001,62.87300000000001,61.638294,0.0,2.8127826760310315,0.9701621909523056,1.2745841904483028,10.0,0.870703374436429,1.324907627483216,0
44,Hog_public_Gerard,2016-09-22 23:00:00,0,normal,46.312,46.312,61.638294,0.0,0.0,0.0,0.0,4.75772633710706,5.282137324321768e-16,1.324907627483216,0
44,Hog_public_Gerard,2016-09-23 00:00:00,0,normal,40.581,40.581,61.638294,0.0,0.0,0.0,0.0,1.57857605995246,1.7525714878812827e-16,1.324907627483216,0
44,Hog_public_Gerard,2016-09-23 01:00:00,0,normal,43.859,43.859,61.638294,0.0,0.0,0.0,0.0,0.4406249004456012,4.8919190969787386e-17,1.324907627483216,0
44,Hog_public_Gerard,2016-09-23 02:00:00,0,normal,38.757,38.757,61.638294,0.0,0.0,0.0,0.0,0.062101832490081,6.894688430190254e-18,1.324907627483216,0
44,Hog_public_Gerard,2016-09-23 03:00:00,0,normal,38.458,38.458,61.638294,0.0,0.0,0.0753860775286188,0.0,0.0,0.0621935139611105,1.324907627483216,0
44,Hog_public_Gerard,2016-09-23 04:00:00,0,normal,35.382,35.382,61.638294,0.5777484693858443,2.0309781680043635,0.0,0.0,0.0,0.1374367246079856,1.324907627483216,0
44,Hog_public_Gerard,2016-09-23 05:00:00,0,normal,30.983,30.983,61.638294,1.7681538636848242,4.8999157098389565,0.3421856076651589,0.7867517305697347,0.0,0.6700240986224535,1.324907627483216,0
44,Hog_public_Gerard,2016-09-23 06:00:00,0,normal,28.82800000000001,28.82800000000001,61.638294,1.791143072518679,0.0,0.0,0.6593058561511915,0.0,0.2686714608778018,1.324907627483216,0
44,Hog_public_Gerard,2016-09-23 07:00:00,0,normal,35.549,35.549,61.638294,0.0835866767175386,7.321620031906755,0.0,0.4171846731721059,0.0,0.1955785023052994,1.324907627483216,0
44,Hog_public_Gerard,2016-09-23 08:00:00,0,normal,67.072,67.072,61.638294,0.0,0.0,0.0,0.7845051976003193,0.2526758819466257,2.8052658190461185e-17,1.324907627483216,0
44,Hog_public_Gerard,2016-09-23 09:00:00,0,normal,84.323,84.323,61.638294,0.0,0.0,0.0,0.0,0.791049278010478,8.782411220603392e-17,1.324907627483216,0
44,Hog_public_Gerard,2016-09-23 10:00:00,0,normal,85.255,85.255,61.638294,0.0,0.0,0.0,0.0,0.8420515189936518,9.348649843073396e-17,1.324907627483216,0
44,Hog_public_Gerard,2016-09-23 11:00:00,0,normal,87.51899999999998,87.51899999999998,61.638294,0.0305921037801526,0.0,0.0,0.0,0.2000159535226725,0.0045888155670229,1.324907627483216,0
44,Hog_public_Gerard,2016-09-23 12:00:00,0,normal,87.81299999999996,87.81299999999996,61.638294,0.0,0.0,0.4415430286460795,0.0,0.0,0.3642729986330156,1.324907627483216,0
44,Hog_public_Gerard,2016-09-23 13:00:00,0,normal,87.89399999999998,87.89399999999998,61.638294,0.0,0.0,0.5593696821435892,0.0,0.0,0.461479987768461,1.324907627483216,0
44,Hog_public_Gerard,2016-09-23 14:00:00,0,normal,88.90799999999999,88.90799999999999,61.638294,0.0,0.0,1.4103567756770388,0.0251834344951364,0.0,1.163544339933557,1.324907627483216,0
44,Hog_public_Gerard,2016-09-23 15:00:00,0,normal,91.168,91.168,61.638294,0.8471331961284216,3.2924475553914565,1.0517178614627547,1.7692854316726123,0.0,1.077048404010822,1.324907627483216,0
44,Hog_public_Gerard,2016-09-23 16:00:00,0,normal,91.886,91.886,61.638294,1.1655843138353283,0.8167457379449713,0.4201766824980742,1.6562914869338794,0.0,0.5419020535848347,1.324907627483216,0
44,Hog_public_Gerard,2016-09-23 17:00:00,0,normal,91.397,91.397,61.638294,0.948700474617116,0.3411285263717919,0.4773105568118517,1.6900175102523187,0.0,0.5446144937216397,1.324907627483216,0
44,Hog_public_Gerard,2016-09-23 18:00:00,0,normal,86.125,86.125,61.638294,0.876132327201098,0.0,1.2529273447297298,1.7136944717194915,0.0,1.1650849084821917,1.324907627483216,0
44,Hog_public_Gerard,2016-09-23 19:00:00,0,normal,48.54,48.54,61.638294,0.0,3.428244103886814,0.0,1.453734894582711,1.005207964163787,0.0857061025971703,1.324907627483216,0
44,Hog_public_Gerard,2016-09-23 20:00:00,0,normal,40.183,40.183,61.638294,0.0100001682264254,0.0,0.0,0.0,2.048932987009443,0.001500025233964,1.324907627483216,0
44,Hog_public_Gerard,2016-09-23 21:00:00,0,normal,39.636,39.636,61.638294,0.1662885116508286,0.0573731558214828,0.0,0.0,0.7019568118925892,0.0263776056431614,1.324907627483216,0
44,Hog_public_Gerard,2016-09-23 22:00:00,0,normal,40.066,40.066,61.638294,0.0434293020119005,0.0,0.0,0.0,0.0010739052004723,0.006514395301785,1.324907627483216,0
44,Hog_public_Gerard,2016-09-23 23:00:00,0,normal,39.908,39.908,61.638294,0.0885729185769023,0.0,1.3297306270415064,0.0,0.0,1.110313705095778,1.324907627483216,0
44,Hog_public_Gerard,2016-10-02 00:00:00,0,normal,43.465,43.465,61.638294,0.0,0.0,1.365526229688697,0.0,0.0,1.1265591394931749,1.324907627483216,0
44,Hog_public_Gerard,2016-10-02 01:00:00,0,normal,39.075,39.075,61.638294,0.0,0.0,1.11349560020784,0.8443470938147619,0.0,0.918633870171468,1.324907627483216,0
44,Hog_public_Gerard,2016-10-02 02:00:00,0,normal,37.76300000000001,37.76300000000001,61.638294,0.0,0.0,0.0,1.4493667330750333,0.0,0.0,1.324907627483216,0
44,Hog_public_Gerard,2016-10-02 03:00:00,0,normal,38.045,38.045,61.638294,0.0,0.0,0.0,0.9811864755556358,0.0,0.0,1.324907627483216,0
44,Hog_public_Gerard,2016-10-02 04:00:00,0,normal,39.455,39.455,61.638294,0.4412746477044839,1.3919012971197198,0.91300686596113,0.873360689676281,0.0,0.8542193940015979,1.324907627483216,0
44,Hog_public_Gerard,2016-10-02 05:00:00,0,normal,39.893,39.893,61.638294,0.314700780190034,0.0,0.7475344146035543,1.0197275526768417,0.4066723908059736,0.6639210090764374,1.324907627483216,0
44,Hog_public_Gerard,2016-10-02 06:00:00,0,normal,39.486,39.486,61.638294,0.0,0.7991837327522081,0.7013315332300899,1.3878550807441288,1.385408015021513,0.5985781082336294,1.324907627483216,0
44,Hog_public_Gerard,2016-10-02 07:00:00,0,normal,40.537,40.537,61.638294,0.0,0.0,1.3229706186688002,2.380560793158524,8.495631220766695,1.091450760401761,1.324907627483216,0
44,Hog_public_Gerard,2016-10-02 08:00:00,1,stuck,39.342,39.342,61.638294,0.0,0.0,1.0358450519010578,2.1334564838126298,10.0,0.8545721678183738,1.324907627483216,0
44,Hog_public_Gerard,2016-10-02 09:00:00,1,stuck,37.63800000000001,39.342,61.638294,0.0,0.0,0.9250323662782054,2.4091185411500464,10.0,0.7631517021795206,1.324907627483216,0
44,Hog_public_Gerard,2016-10-02 10:00:00,1,stuck,36.059,39.342,61.638294,0.0,0.0,0.888483243941807,2.880779115832299,10.0,0.7329986762519919,1.324907627483216,0
44,Hog_public_Gerard,2016-10-02 11:00:00,1,stuck,34.902,39.342,61.638294,0.0,0.0,1.6182733230822333,2.860183681527648,10.0,1.3350754915428436,1.324907627483216,1
44,Hog_public_Gerard,2016-10-02 12:00:00,1,stuck,66.72399999999999,39.342,61.638294,0.0,0.0,1.6182733230822333,2.849885477916591,10.0,1.3350754915428436,1.324907627483216,1
44,Hog_public_Gerard,2016-10-02 13:00:00,1,stuck,83.126,39.342,61.638294,0.0,0.0,1.6182733230822333,2.805589449445572,10.0,1.3350754915428436,1.324907627483216,1
44,Hog_public_Gerard,2016-10-02 14:00:00,1,stuck,83.214,39.342,61.638294,1.1520543952164095,4.720326421673398,1.6182733230822333,3.7655166714953694,10.0,1.62589181136714,1.324907627483216,1
44,Hog_public_Gerard,2016-10-02 15:00:00,1,stuck,82.28,39.342,61.638294,1.1520543952164095,0.0,1.6182733230822333,3.765516671495368,10.0,1.507883650825305,1.324907627483216,1
44,Hog_public_Gerard,2016-10-02 16:00:00,1,stuck,82.169,39.342,61.638294,1.1520543952164095,0.0,1.6182733230822333,3.765516671495365,10.0,1.507883650825305,1.324907627483216,1
44,Hog_public_Gerard,2016-10-02 17:00:00,1,stuck,80.054,39.342,61.638294,1.1520543952164095,0.0,1.6182733230822333,3.76551667149536,10.0,1.507883650825305,1.324907627483216,1
44,Hog_public_Gerard,2016-10-02 18:00:00,1,stuck,78.67399999999998,39.342,61.638294,0.2502899247527946,3.5482737894958416,1.6182733230822333,3.76551667149535,10.0,1.4613258249931589,1.324907627483216,1
44,Hog_public_Gerard,2016-10-02 19:00:00,1,stuck,57.733,39.342,61.638294,0.2502899247527946,0.0,1.6182733230822333,3.7655166714952735,10.0,1.372618980255763,1.324907627483216,1
44,Hog_public_Gerard,2016-10-02 20:00:00,0,normal,59.956,59.956,61.638294,0.0,0.4975618727009612,1.6182733230822333,3.7655166714952095,10.0,1.3475145383603675,1.324907627483216,1
44,Hog_public_Gerard,2016-10-02 21:00:00,0,normal,61.627,61.627,61.638294,0.0,0.0,0.0,0.0,0.0,0.0,1.324907627483216,0
44,Hog_public_Gerard,2016-10-02 22:00:00,0,normal,61.081,61.081,61.638294,0.0,0.0,0.0,0.0,0.0,0.0,1.324907627483216,0
44,Hog_public_Gerard,2016-10-02 23:00:00,0,normal,47.773,47.773,61.638294,0.0,0.0,0.0044643351686632,0.0,0.0,0.0036830765141471,1.324907627483216,0
44,Hog_public_Gerard,2016-10-03 00:00:00,0,normal,38.659,38.659,61.638294,0.0,0.0,0.0,0.0,0.0,0.0,1.324907627483216,0
44,Hog_public_Gerard,2016-10-03 01:00:00,0,normal,40.992,40.992,61.638294,0.0,0.0,0.0,0.0,0.0,0.0,1.324907627483216,0
44,Hog_public_Gerard,2016-10-03 02:00:00,0,normal,41.67,41.67,61.638294,0.0,0.0,0.0,0.0,0.0,0.0,1.324907627483216,0
44,Hog_public_Gerard,2016-10-03 03:00:00,0,normal,39.351,39.351,61.638294,0.0,0.0,0.0,0.0,0.0,0.0,1.324907627483216,0
44,Hog_public_Gerard,2016-10-03 04:00:00,0,normal,32.576,32.576,61.638294,1.3370750291500946,5.5867373298364695,0.0,0.0,0.0,0.3402296876184257,1.324907627483216,0
44,Hog_public_Gerard,2016-10-03 05:00:00,0,normal,30.525,30.525,61.638294,1.8920924112158397,1.9245334888903551,0.0,0.0,0.0,0.3319271989046347,1.324907627483216,0
44,Hog_public_Gerard,2016-10-03 06:00:00,0,normal,30.95300000000001,30.95300000000001,61.638294,2.788901354780245,3.525068147671538,0.0,0.0,0.0,0.5064619069088251,1.324907627483216,0
44,Hog_public_Gerard,2016-10-03 07:00:00,0,normal,37.708,37.708,61.638294,0.0,10.0,0.0,0.0,0.0,0.2499999999999996,1.324907627483216,0
44,Hog_public_Gerard,2016-10-03 08:00:00,0,normal,67.694,67.694,61.638294,0.0,0.0,0.0,0.0,0.0,0.0,1.324907627483216,0
44,Hog_public_Gerard,2016-10-03 09:00:00,0,normal,83.406,83.406,61.638294,0.0,0.0,0.0,0.0,0.0,0.0,1.324907627483216,0
44,Hog_public_Gerard,2016-10-03 10:00:00,0,normal,85.02799999999998,85.02799999999998,61.638294,0.0,0.0,0.0,0.0,0.0,0.0,1.324907627483216,0
44,Hog_public_Gerard,2016-10-03 11:00:00,0,normal,91.494,91.494,61.638294,1.040491921264096,4.197903909551927,0.0,0.0,0.0,0.2610213859284124,1.324907627483216,0
44,Hog_public_Gerard,2016-10-03 12:00:00,0,normal,92.345,92.345,61.638294,1.3691623960462942,0.8646007379857741,0.0,0.0,0.0,0.2269893778565884,1.324907627483216,0
44,Hog_public_Gerard,2016-10-03 13:00:00,0,normal,91.407,91.407,61.638294,0.9531357269528627,1.2736705700240365,0.0,0.0,0.0,0.1748121232935302,1.324907627483216,0
44,Hog_public_Gerard,2016-10-03 14:00:00,0,normal,90.414,90.414,61.638294,5.628359451902879,10.0,1.064071274743039,0.0,0.0,1.9721127194484387,1.324907627483216,1
44,Hog_public_Gerard,2016-10-03 15:00:00,0,normal,88.296,88.296,61.638294,4.165137981529698,6.177453350952294,0.7505302488039391,0.7315594926929673,0.0,1.3983944862665114,1.324907627483216,1
44,Hog_public_Gerard,2016-10-03 16:00:00,0,normal,86.83,86.83,61.638294,3.1523510714413603,4.068167439715487,0.4236810825722711,1.169226380979092,0.0,0.9240937398312148,1.324907627483216,0
44,Hog_public_Gerard,2016-10-03 17:00:00,0,normal,85.556,85.556,61.638294,2.27220746744918,3.447028030271483,0.3418008290079564,1.4987266541886717,0.0,0.708992504805728,1.324907627483216,0
44,Hog_public_Gerard,2016-10-03 18:00:00,0,normal,84.545,84.545,61.638294,1.3656988777692074,3.5704894556693327,0.5532146152484734,1.2272525717206229,0.0,0.7505191256371049,1.324907627483216,0
44,Hog_public_Gerard,2016-10-03 19:00:00,0,normal,83.677,83.677,61.638294,0.1766919895357597,4.893366813726409,0.6783479055563948,1.2149640559571502,1.049139669057609,0.7084749908575498,1.324907627483216,0
44,Hog_public_Gerard,2016-10-03 20:00:00,0,normal,89.024,89.024,61.638294,1.7044319754412212,6.479579359534082,0.7996141982003035,1.3021724469287936,5.792084452876071,1.077335993819786,1.324907627483216,0
44,Hog_public_Gerard,2016-10-03 21:00:00,0,normal,86.774,86.774,61.638294,1.0615640180282246,2.335918398513688,0.0,1.539442074175604,10.0,0.2176325626670769,1.324907627483216,0
44,Hog_public_Gerard,2016-10-03 22:00:00,0,normal,64.83800000000001,64.83800000000001,61.638294,0.0,4.29657990101379,0.0510716845222959,1.680466519277559,10.0,0.1495486372562398,1.324907627483216,0
44,Hog_public_Gerard,2016-10-03 23:00:00,0,normal,48.212,48.212,61.638294,0.0,0.0,0.0,0.0,5.282312751838669,5.864545240362361e-16,1.324907627483216,0
44,Hog_public_Gerard,2016-10-04 00:00:00,0,normal,39.064,39.064,61.638294,0.0,0.0,0.0,0.0,1.943191172431527,2.1573755808818342e-16,1.324907627483216,0
44,Hog_public_Gerard,2016-10-04 01:00:00,0,normal,41.394,41.394,61.638294,0.0,0.0,0.0,0.0,0.6029594823807299,6.694195002551528e-17,1.324907627483216,0
44,Hog_public_Gerard,2016-10-04 02:00:00,0,normal,41.407,41.407,61.638294,0.0,0.0,0.0,0.0,0.1363605765303905,1.5139065171520033e-17,1.324907627483216,0
44,Hog_public_Gerard,2016-10-04 03:00:00,0,normal,38.832,38.832,61.638294,0.0,0.0,0.5820800286882386,0.0,0.0,0.4802160236677968,1.324907627483216,0
44,Hog_public_Gerard,2016-10-04 04:00:00,0,normal,32.108000000000004,32.108000000000004,61.638294,1.4637196585049292,6.179786256328777,0.514738822361975,0.0,0.0,0.798712133632588,1.324907627483216,0
44,Hog_public_Gerard,2016-10-04 05:00:00,0,normal,29.471,29.471,61.638294,2.177313435446601,2.667111845566625,0.0,0.4717577862394301,0.0,0.3932748114561556,1.324907627483216,0
44,Hog_public_Gerard,2016-10-04 06:00:00,0,normal,29.586,29.586,61.638294,1.598563434367028,2.035668120502463,0.0,0.5117952955671948,0.0,0.2906762181676157,1.324907627483216,0
44,Hog_public_Gerard,2016-10-04 07:00:00,0,normal,34.524,34.524,61.638294,0.3440010950624529,5.20034856322108,0.5167376190114149,0.3778810506042477,0.0,0.607917414024312,1.324907627483216,0
44,Hog_public_Gerard,2016-10-04 08:00:00,0,normal,67.429,67.429,61.638294,0.0,0.9363906586952642,0.0030202527009348,0.5485872865614303,0.0276661670140891,0.0259014749456528,1.324907627483216,0
44,Hog_public_Gerard,2016-10-04 09:00:00,0,normal,82.88799999999998,82.88799999999998,61.638294,0.0,0.0,0.0,0.0,0.6267204196754642,6.957994399264412e-17,1.324907627483216,0
44,Hog_public_Gerard,2016-10-04 10:00:00,0,normal,80.165,80.165,61.638294,0.0,0.0,0.0,0.0,0.8039836500613149,8.926011597202463e-17,1.324907627483216,0
44,Hog_public_Gerard,2016-10-04 11:00:00,0,normal,86.455,86.455,61.638294,0.0,0.0,0.0,0.0,0.3506858430931163,3.8933949741206257e-17,1.324907627483216,0
44,Hog_public_Gerard,2016-10-04 12:00:00,0,normal,88.32600000000002,88.32600000000002,61.638294,0.0,0.0,0.0,0.0,0.0,0.0,1.324907627483216,0
44,Hog_public_Gerard,2016-10-04 13:00:00,0,normal,91.134,91.134,61.638294,0.832053338186866,3.221831899524684,0.0,0.0,0.0,0.2053537982161468,1.324907627483216,0
44,Hog_public_Gerard,2016-10-04 14:00:00,0,normal,88.3,88.3,61.638294,4.167901383740029,10.0,0.1501776259376817,0.0,0.0,0.9990817489595912,1.324907627483216,0
44,Hog_public_Gerard,2016-10-04 15:00:00,0,normal,89.573,89.573,61.638294,5.047354137179621,3.443792929180612,0.4369436502921415,0.7538608738057773,0.0,1.2036764552974748,1.324907627483216,0
44,Hog_public_Gerard,2016-10-04 16:00:00,0,normal,87.822,87.822,61.638294,3.837674819604819,4.990171250608837,0.5401985684180337,0.8115935420150246,0.0,1.1460693231508212,1.324907627483216,0
44,Hog_public_Gerard,2016-10-04 17:00:00,0,normal,89.553,89.553,61.638294,5.033537126127942,4.92546922879177,0.8384882743885064,1.878778492505724,0.0,1.569920126009503,1.324907627483216,1
44,Hog_public_Gerard,2016-10-04 18:00:00,0,normal,86.338,86.338,61.638294,2.0236493533226243,10.0,0.7784191186711631,2.188011610661223,0.0,1.1957431759021029,1.324907627483216,0
44,Hog_public_Gerard,2016-10-04 19:00:00,0,normal,87.287,87.287,61.638294,1.2081379123183893,3.14436983566709,0.4555173030782549,1.8389200533321115,1.0123829480922244,0.635631707778996,1.324907627483216,0
44,Hog_public_Gerard,2016-10-04 20:00:00,0,normal,87.572,87.572,61.638294,1.2895678535907014,0.0,0.4395533530591444,2.146487680024353,6.2538944099754,0.5560666943124,1.324907627483216,0
44,Hog_public_Gerard,2016-10-04 21:00:00,0,normal,87.988,87.988,61.638294,1.408426995939059,0.0,1.0264378275352837,2.1296659971391265,10.0,1.0580752571074687,1.324907627483216,0
44,Hog_public_Gerard,2016-10-04 22:00:00,0,normal,67.95,67.95,61.638294,0.0,5.920862886702768,1.2669734980287983,2.347765102366448,10.0,1.1932747080413286,1.324907627483216,0
44,Hog_public_Gerard,2016-10-04 23:00:00,0,normal,52.908,52.908,61.638294,0.0,0.0,0.0,0.0257706962468625,6.735315867188223,7.4777027538755195e-16,1.324907627483216,0
44,Hog_public_Gerard,2016-10-05 00:00:00,0,normal,47.768,47.768,61.638294,0.0,0.0,0.0,0.0,2.597614832717634,2.883931796390941e-16,1.324907627483216,0
44,Hog_public_Gerard,2016-10-05 01:00:00,0,normal,50.19,50.19,61.638294,0.0,0.0,0.0,0.0,1.1321216973524606,1.2569075750784151e-16,1.324907627483216,0
44,Hog_public_Gerard,2016-10-05 02:00:00,0,normal,44.848,44.848,61.638294,0.0,0.0,0.060438435606872,0.0,0.6089430426723608,0.0498617093756695,1.324907627483216,0
44,Hog_public_Gerard,2016-10-05 03:00:00,0,normal,41.179,41.179,61.638294,0.0,0.0,0.0227813762667803,0.0,0.1965554413754204,0.0187946354200938,1.324907627483216,0
44,Hog_public_Gerard,2016-10-05 04:00:00,0,normal,32.253,32.253,61.638294,1.4244814720595218,5.996042465001035,0.0,0.0,0.0,0.3635732824339539,1.324907627483216,0
44,Hog_public_Gerard,2016-10-05 05:00:00,0,normal,30.123,30.123,61.638294,2.000876900533454,2.0246421751999515,0.0,0.0697647959530769,0.0,0.3507475894600168,1.324907627483216,0
44,Hog_public_Gerard,2016-10-05 06:00:00,0,normal,29.778,29.778,61.638294,1.5497833677112,1.4378809751219317,0.0,0.0,0.0,0.2684145295347282,1.324907627483216,0
44,Hog_public_Gerard,2016-10-05 07:00:00,0,normal,35.335,35.335,61.638294,0.1379561260110131,5.9367854892538565,0.5554648083687773,0.0,0.0,0.6273715230372394,1.324907627483216,0
44,Hog_public_Gerard,2016-10-05 08:00:00,0,normal,67.399,67.399,61.638294,0.0,0.0,0.0,0.2384649334125674,0.0,0.0,1.324907627483216,0
44,Hog_public_Gerard,2016-10-05 09:00:00,0,normal,79.343,79.343,61.638294,0.0,0.0,0.0,0.0,0.3821644912281425,4.2428781735564253e-17,1.324907627483216,0
44,Hog_public_Gerard,2016-10-05 10:00:00,1,spike,83.82,186.8619563932976,61.638294,10.0,10.0,0.0,0.0,0.7327645016147629,1.7499999999999996,1.324907627483216,1
44,Hog_public_Gerard,2016-10-05 11:00:00,0,normal,91.328,91.328,61.638294,0.9983174886345788,10.0,0.0,0.0,0.0,0.3997476232951865,1.324907627483216,0
44,Hog_public_Gerard,2016-10-05 12:00:00,0,normal,92.368,92.368,61.638294,1.3793634764185194,1.1098637382282823,0.0,0.0,0.0,0.2346511149184849,1.324907627483216,0
44,Hog_public_Gerard,2016-10-05 13:00:00,0,normal,92.17,92.17,61.638294,1.2915454801706554,0.0,0.0,0.0,0.0,0.1937318220255983,1.324907627483216,0
44,Hog_public_Gerard,2016-10-05 14:00:00,0,normal,94.462,94.462,61.638294,2.308105315524753,4.085835218365027,1.225147149435936,0.0,0.0,1.4591080760724855,1.324907627483216,1
44,Hog_public_Gerard,2016-10-05 15:00:00,0,normal,91.622,91.622,61.638294,1.0484936521715078,5.223993436452816,0.8389788409660772,0.0,0.0,0.98003142753406,1.324907627483216,0
44,Hog_public_Gerard,2016-10-05 16:00:00,0,normal,92.615,92.615,61.638294,1.4889142091115657,1.3879017780437812,0.7339823504505938,0.0,0.0,0.8635701149395691,1.324907627483216,0
44,Hog_public_Gerard,2016-10-05 17:00:00,0,normal,93.834,93.834,61.638294,2.029571468839599,1.8572881964522756,0.7642455571080835,2.616301025706754,0.0,0.9813705098514156,1.324907627483216,0
44,Hog_public_Gerard,2016-10-05 18:00:00,0,normal,87.19,87.19,61.638294,1.1804231603765822,3.301883882955294,0.9211542493994104,2.6392432808420523,0.0,1.019562826884883,1.324907627483216,0
44,Hog_public_Gerard,2016-10-05 19:00:00,0,normal,89.932,89.932,61.638294,1.9638649111438888,2.9941945343942358,0.1021413811245405,1.7247876865772651,0.0,0.453701239459185,1.324907627483216,0
44,Hog_public_Gerard,2016-10-05 20:00:00,0,normal,87.59,87.59,61.638294,1.2947107972500056,2.459010684084844,0.150088821643712,1.6688986698299255,0.0,0.3795051645456843,1.324907627483216,0
44,Hog_public_Gerard,2016-10-05 21:00:00,0,normal,86.435,86.435,61.638294,0.9647052457780004,0.8708526082917515,0.7499841389245923,1.6665244682393727,0.1353590137045193,0.7852140166867825,1.324907627483216,0
44,Hog_public_Gerard,2016-10-05 22:00:00,0,normal,63.806,63.806,61.638294,0.0,3.84301158787659,0.6266603770259295,1.5132171544700048,0.1782391340986879,0.6130701007433064,1.324907627483216,0
44,Hog_public_Gerard,2016-10-05 23:00:00,0,normal,47.301,47.301,61.638294,0.0,0.0,0.0,0.0910564327232139,6.88855720174411,7.647834811823749e-16,1.324907627483216,0
44,Hog_public_Gerard,2016-10-06 00:00:00,0,normal,46.62300000000001,46.62300000000001,61.638294,0.0,0.0,0.0,0.0,3.2187580626640537,3.573539311867495e-16,1.324907627483216,0
44,Hog_public_Gerard,2016-10-06 01:00:00,0,normal,49.50899999999999,49.50899999999999,61.638294,0.0,0.0,0.0,0.0,2.075915843676918,2.3047295668342714e-16,1.324907627483216,0
44,Hog_public_Gerard,2016-10-06 02:00:00,0,normal,42.762,42.762,61.638294,0.0,0.0,0.7424517971303778,0.0,1.6302317048669377,0.6125227326325619,1.324907627483216,0
44,Hog_public_Gerard,2016-10-06 03:00:00,0,normal,43.72,43.72,61.638294,0.0,0.0,0.146305736064464,0.0,1.2943194803963836,0.1207022322531829,1.324907627483216,0
44,Hog_public_Gerard,2016-10-06 04:00:00,0,normal,34.942,34.942,61.638294,1.7454478533955995,7.499057388422379,0.0827583053604058,0.4269222633536228,1.135909001273408,0.5175692146422342,1.324907627483216,0
44,Hog_public_Gerard,2016-10-06 05:00:00,0,normal,32.982,32.982,61.638294,2.3118514614511256,1.9778526792455904,0.0,0.8851240595724572,0.981587874175006,0.3962240361988086,1.324907627483216,0
44,Hog_public_Gerard,2016-10-06 06:00:00,0,normal,33.037,33.037,61.638294,1.839061442480522,1.5394808446504136,0.0,0.6005609702129616,1.0304171542424838,0.3143462374883387,1.324907627483216,0
44,Hog_public_Gerard,2016-10-06 07:00:00,0,normal,38.181,38.181,61.638294,0.0,7.937429223017555,0.9141790466181956,0.5400510172522119,1.1370217559225646,0.95263344403545,1.324907627483216,0
44,Hog_public_Gerard,2016-10-06 08:00:00,0,normal,68.745,68.745,61.638294,0.0,0.0,0.2308878430292711,0.9575335151211952,1.6970419810559334,0.1904824704991488,1.324907627483216,0
44,Hog_public_Gerard,2016-10-06 09:00:00,0,normal,83.69,83.69,61.638294,0.0,0.0,0.0,0.0,2.467508619328951,2.7394848826400323e-16,1.324907627483216,0
44,Hog_public_Gerard,2016-10-06 10:00:00,0,normal,87.624,87.624,61.638294,0.6469355814411112,2.3549661866081117,0.0,0.0,2.659942569064949,0.1559144918813697,1.324907627483216,0
44,Hog_public_Gerard,2016-10-06 11:00:00,0,normal,89.66799999999998,89.66799999999998,61.638294,0.5765731623393936,0.0,0.0,0.0,0.3010428951840442,0.086485974350909,1.324907627483216,0
44,Hog_public_Gerard,2016-10-06 12:00:00,0,normal,91.866,91.866,61.638294,1.1567138091638285,2.042180208463264,0.0,0.0,0.0,0.2245615765861558,1.324907627483216,0
44,Hog_public_Gerard,2016-10-06 13:00:00,0,normal,90.948,90.948,61.638294,0.749557644741897,1.232131948925951,0.2295476338493236,0.0,0.0,0.3326137433601253,1.324907627483216,0
44,Hog_public_Gerard,2016-10-06 14:00:00,0,normal,91.895,91.895,61.638294,1.1695760409375042,1.29236294951818,0.7093540175843448,0.0,0.0,0.7929625443856645,1.324907627483216,0
44,Hog_public_Gerard,2016-10-06 15:00:00,0,normal,90.217,90.217,61.638294,0.4253406989985118,2.810599550653518,1.0991969809383693,1.0255732777576327,0.0,1.0409036028902692,1.324907627483216,0
44,Hog_public_Gerard,2016-10-06 16:00:00,0,normal,93.131,93.131,61.638294,1.7177732296363122,5.3776863345157615,0.8725237733267414,1.8516179021856864,0.0,1.1119402558029023,1.324907627483216,0
44,Hog_public_Gerard,2016-10-06 17:00:00,0,normal,89.62100000000002,89.62100000000002,61.638294,0.1609996597877716,6.615537243238924,0.509426786038011,2.127417024645933,0.0,0.6098154785304977,1.324907627483216,0
44,Hog_public_Gerard,2016-10-06 18:00:00,1,spike,85.97,193.03986309383845,61.638294,10.0,10.0,0.3137600449364707,2.1088828194295863,0.0,2.008852037072588,1.324907627483216,1
44,Hog_public_Gerard,2016-10-06 19:00:00,0,normal,86.346,86.346,61.638294,0.9392762465736644,10.0,0.0,0.0,0.0,0.3908914369860493,1.324907627483216,0
44,Hog_public_Gerard,2016-10-06 20:00:00,0,normal,88.336,88.336,61.638294,1.147642513544133,0.3012426101384854,0.0,0.0,0.0,0.179677442285082,1.324907627483216,0
44,Hog_public_Gerard,2016-10-06 21:00:00,0,normal,84.229,84.229,61.638294,0.4866192663689006,2.4209356247356046,0.0,0.0,0.0,0.1335162805737251,1.324907627483216,0
44,Hog_public_Gerard,2016-10-06 22:00:00,0,normal,65.274,65.274,61.638294,0.0,1.604240166585634,0.5314098586776709,0.0,0.0,0.4785191375737192,1.324907627483216,0
44,Hog_public_Gerard,2016-10-06 23:00:00,0,normal,48.859,48.859,61.638294,0.0,0.0,0.0,0.0,0.0,0.0,1.324907627483216,0
44,Hog_public_Gerard,2016-10-07 00:00:00,0,normal,42.734,42.734,61.638294,0.0,0.0,0.0,0.0,0.0,0.0,1.324907627483216,0
44,Hog_public_Gerard,2016-10-07 01:00:00,0,normal,45.73,45.73,61.638294,0.0,0.0,0.0,0.0,0.0,0.0,1.324907627483216,0
44,Hog_public_Gerard,2016-10-07 02:00:00,0,normal,42.485,42.485,61.638294,0.0,0.0,0.2296179211027914,0.0,0.0,0.1894347849098029,1.324907627483216,0
44,Hog_public_Gerard,2016-10-07 03:00:00,0,normal,42.56100000000001,42.56100000000001,61.638294,0.0,0.0,0.6268085367326472,0.0,0.0,0.5171170428044339,1.324907627483216,0
44,Hog_public_Gerard,2016-10-07 04:00:00,0,normal,33.482,33.482,61.638294,2.16736074511043,9.47478260298074,0.6102168842092457,0.2847642763052179,0.0,1.0654026063137103,1.324907627483216,0
44,Hog_public_Gerard,2016-10-07 05:00:00,0,normal,33.463,33.463,61.638294,2.172851392331376,0.0,0.0,0.899675329800935,0.0,0.3259277088497064,1.324907627483216,0
44,Hog_public_Gerard,2016-10-07 06:00:00,0,normal,32.929,32.929,61.638294,1.8882853918703335,0.6580691915402919,0.0,0.871768061268255,0.0,0.2996945385690573,1.324907627483216,0
44,Hog_public_Gerard,2016-10-07 07:00:00,0,normal,37.409,37.409,61.638294,0.0,8.167934144482077,1.3888890210362967,0.76234626727085,1.2858553578469845,1.3500317959669967,1.324907627483216,1
44,Hog_public_Gerard,2016-10-07 08:00:00,0,normal,65.839,65.839,61.638294,0.0,0.0,0.4083070553140105,1.0537052157519189,1.785762350655094,0.3368533206340589,1.324907627483216,0
44,Hog_public_Gerard,2016-10-07 09:00:00,0,normal,84.98299999999998,84.98299999999998,61.638294,0.0,0.0,0.0,0.0,2.738256495859579,3.040075409032704e-16,1.324907627483216,0
44,Hog_public_Gerard,2016-10-07 10:00:00,0,normal,88.025,88.025,61.638294,0.8297022824162555,3.2108224227866096,0.0,0.0,2.688454048442749,0.2047259029321037,1.324907627483216,0
44,Hog_public_Gerard,2016-10-07 11:00:00,0,normal,85.934,85.934,61.638294,0.0,3.2108224227866096,0.0,0.0,1.7652151287114122,0.0802705605696653,1.324907627483216,0
44,Hog_public_Gerard,2016-10-07 12:00:00,0,normal,89.73100000000002,89.73100000000002,61.638294,0.0,0.0,0.7285254142704259,0.0,1.1828921288689689,0.6010334667731014,1.324907627483216,0
44,Hog_public_Gerard,2016-10-07 13:00:00,0,normal,92.61,92.61,61.638294,0.0,0.0,0.5919499721201026,0.0,0.7948854277008814,0.4883587269990847,1.324907627483216,0
44,Hog_public_Gerard,2016-10-07 14:00:00,0,normal,92.822,92.822,61.638294,0.0,0.0,0.1604963289612226,0.2096847833659126,0.5204363873723614,0.1324094713930087,1.324907627483216,0
44,Hog_public_Gerard,2016-10-07 15:00:00,0,normal,93.176,93.176,61.638294,0.0,0.0,0.659922286222894,1.4415131241832777,0.4028212047093893,0.5444358861338875,1.324907627483216,0
44,Hog_public_Gerard,2016-10-07 16:00:00,0,normal,93.157,93.157,61.638294,0.0,0.0,1.4085548270344743,1.570180012104548,0.3915357903669187,1.1620577323034411,1.324907627483216,0
44,Hog_public_Gerard,2016-10-07 17:00:00,0,normal,90.00200000000002,90.00200000000002,61.638294,0.0,0.0,1.469336924111795,1.6018802719468224,0.6508227183075568,1.2122029623922308,1.324907627483216,0
44,Hog_public_Gerard,2016-10-07 18:00:00,0,normal,86.26899999999998,86.26899999999998,61.638294,0.8149580597064853,3.1417784728414957,0.6227462231782422,2.279999584570904,1.2277530094578502,0.71455380489906,1.324907627483216,0
44,Hog_public_Gerard,2016-10-07 19:00:00,0,normal,49.359,49.359,61.638294,0.0,3.1417784728414957,0.0,1.2059309673056684,0.8719671166105176,0.0785444618210373,1.324907627483216,0
44,Hog_public_Gerard,2016-10-07 20:00:00,0,normal,43.364,43.364,61.638294,0.0,0.0,0.0,0.0,1.7598981562584382,1.9538794540734798e-16,1.324907627483216,0
44,Hog_public_Gerard,2016-10-07 21:00:00,0,normal,43.13800000000001,43.13800000000001,61.638294,0.0,0.0,0.0,0.0,0.6617152907103533,7.346515514931632e-17,1.324907627483216,0
44,Hog_public_Gerard,2016-10-07 22:00:00,0,normal,42.841,42.841,61.638294,0.0,0.0,0.0,0.0,0.0109998364924447,1.2212271741024213e-18,1.324907627483216,0
44,Hog_public_Gerard,2016-10-07 23:00:00,0,normal,42.723,42.723,61.638294,0.0,0.0,1.3487403221811427,0.0,0.0,1.1127107657994426,1.324907627483216,0
44,Hog_public_Gerard,2016-11-27 00:00:00,0,normal,43.08,43.08,61.638294,0.0,0.0,1.4311229224786015,0.0,0.0,1.1806764110448462,1.324907627483216,0
44,Hog_public_Gerard,2016-11-27 01:00:00,0,normal,37.328,37.328,61.638294,1.125251083366443,4.594812411327769,1.3588133501801627,1.250530244600079,0.0,1.4046789866867946,1.324907627483216,1
44,Hog_public_Gerard,2016-11-27 02:00:00,0,normal,36.063,36.063,61.638294,1.4741340785768728,0.9592515226477996,0.0472860200726293,1.6585773529341394,0.0,0.2841123664126451,1.324907627483216,0
44,Hog_public_Gerard,2016-11-27 03:00:00,0,normal,36.524,36.524,61.638294,1.3469917380298313,0.0,0.0,1.2666871954210042,0.0,0.2020487607044747,1.324907627483216,0
44,Hog_public_Gerard,2016-11-27 04:00:00,0,normal,36.465,36.465,61.638294,1.3632637512451788,0.0,1.1095231605231888,1.189641434630141,0.9436624485135576,1.1198461701184077,1.324907627483216,0
44,Hog_public_Gerard,2016-11-27 05:00:00,0,normal,35.954,35.954,61.638294,1.5041959335001436,0.0,1.397808200049981,1.2248965714090236,1.4109163196184755,1.378821155066256,1.324907627483216,1
44,Hog_public_Gerard,2016-11-27 06:00:00,0,normal,36.131,36.131,61.638294,0.4744975747334149,4.147360031894418,1.346995312707065,1.445132293673837,2.538772362430066,1.2861297699907015,1.324907627483216,0
44,Hog_public_Gerard,2016-11-27 07:00:00,0,normal,36.561,36.561,61.638294,0.2989089713466951,0.147752025497865,1.39013431502788,3.074481368776375,10.0,1.195390956237453,1.324907627483216,0
44,Hog_public_Gerard,2016-11-27 08:00:00,0,normal,36.594,36.594,61.638294,0.285433566900737,0.0,1.3472583385193098,3.376545286922493,10.0,1.1543031643135422,1.324907627483216,0
44,Hog_public_Gerard,2016-11-27 09:00:00,0,normal,34.749,34.749,61.638294,1.0388311791065468,2.853504445820799,1.3902583673599094,3.375019786073711,10.0,1.3741254410834285,1.324907627483216,1
44,Hog_public_Gerard,2016-11-27 10:00:00,0,normal,35.107,35.107,61.638294,0.8926434581473718,0.0100741638277177,0.8509888109493536,2.852716096906257,10.0,0.8362141418510165,1.324907627483216,0
44,Hog_public_Gerard,2016-11-27 11:00:00,0,normal,35.157,35.157,61.638294,0.8722261786838008,0.0,0.8983740058544916,2.7888905945667206,10.0,0.8719924816325267,1.324907627483216,0
44,Hog_public_Gerard,2016-11-27 12:00:00,0,normal,65.671,65.671,61.638294,0.0,3.4099524700709654,1.4209719540084411,2.7421655624496943,10.0,1.257550673808739,1.324907627483216,0
44,Hog_public_Gerard,2016-11-27 13:00:00,0,normal,81.735,81.735,61.638294,0.0,0.0,0.0,0.0,5.26765087234453,5.848267284163688e-16,1.324907627483216,0
44,Hog_public_Gerard,2016-11-27 14:00:00,0,normal,80.185,80.185,61.638294,0.0,0.0,0.0,0.0,1.9751980531504816,2.1929103568024486e-16,1.324907627483216,0
44,Hog_public_Gerard,2016-11-27 15:00:00,0,normal,81.23100000000002,81.23100000000002,61.638294,0.0,0.0,0.0,0.0,1.0485407056198768,1.1641140336358955e-16,1.324907627483216,0
44,Hog_public_Gerard,2016-11-27 16:00:00,0,normal,82.777,82.777,61.638294,0.0,0.0,0.7978380090885241,0.0,0.0,0.6582163574980323,1.324907627483216,0
44,Hog_public_Gerard,2016-11-27 17:00:00,0,normal,85.505,85.505,61.638294,0.0,0.0,0.4568486488624715,0.0,0.0,0.376900135311539,1.324907627483216,0
44,Hog_public_Gerard,2016-11-27 18:00:00,0,normal,87.068,87.068,61.638294,0.9435574204303772,3.743980976125063,0.063921941100733,0.0,0.0,0.2878687388757878,1.324907627483216,0
44,Hog_public_Gerard,2016-11-27 19:00:00,0,normal,62.083,62.083,61.638294,0.0,3.743980976125063,0.0653347381988073,1.0290625217425446,0.0,0.1475006834171424,1.324907627483216,0
44,Hog_public_Gerard,2016-11-27 20:00:00,0,normal,61.611,61.611,61.638294,0.0,0.0,0.0,0.0,0.0,0.0,1.324907627483216,0
44,Hog_public_Gerard,2016-11-27 21:00:00,0,normal,59.215,59.215,61.638294,0.0,0.0,0.0,0.0,0.0,0.0,1.324907627483216,0
44,Hog_public_Gerard,2016-11-27 22:00:00,0,normal,61.155,61.155,61.638294,0.0,0.0,0.3451753808237835,0.0,0.0,0.2847696891796213,1.324907627483216,0
44,Hog_public_Gerard,2016-11-27 23:00:00,0,normal,48.272,48.272,61.638294,0.0,0.0,0.4867158677368584,0.0,0.3861652445691138,0.4015405908829082,1.324907627483216,0
44,Hog_public_Gerard,2016-11-28 00:00:00,0,normal,41.931,41.931,61.638294,0.0,0.0,0.0,0.0,1.0488172029080995,1.1644210072915268e-16,1.324907627483216,0
44,Hog_public_Gerard,2016-11-28 01:00:00,0,normal,46.853,46.853,61.638294,0.0,0.0,0.0,0.0,0.3559278961735904,3.951593454383122e-17,1.324907627483216,0
44,Hog_public_Gerard,2016-11-28 02:00:00,0,normal,41.94,41.94,61.638294,0.0,0.0,0.0,0.0,0.1438792003974326,1.5973800104588665e-17,1.324907627483216,0
44,Hog_public_Gerard,2016-11-28 03:00:00,0,normal,40.749,40.749,61.638294,0.0673326738147631,0.0,0.0,0.0,0.0,0.0100999010722144,1.324907627483216,0
44,Hog_public_Gerard,2016-11-28 04:00:00,0,normal,33.61,33.61,61.638294,2.130371121727212,8.986264245134464,0.0,0.0,0.0,0.5442122743874431,1.324907627483216,0
44,Hog_public_Gerard,2016-11-28 05:00:00,0,normal,31.735,31.735,61.638294,2.67221130800482,1.8628275811377395,0.0,0.2435070384658474,0.0,0.4474023857291663,1.324907627483216,0
44,Hog_public_Gerard,2016-11-28 06:00:00,0,normal,31.295,31.295,61.638294,2.63302551504584,0.0,0.0,0.1597035574060407,0.2842731684746037,0.394953827256876,1.324907627483216,0
44,Hog_public_Gerard,2016-11-28 07:00:00,0,normal,37.086,37.086,61.638294,0.0,10.0,0.5068796423212419,0.0611224900094091,1.449635409294712,0.6681757049150244,1.324907627483216,0
44,Hog_public_Gerard,2016-11-28 08:00:00,0,normal,64.578,64.578,61.638294,0.0,0.0,0.0,0.3933513444279536,1.7589580027680385,1.952835674021756e-16,1.324907627483216,0
44,Hog_public_Gerard,2016-11-28 09:00:00,0,normal,84.49600000000002,84.49600000000002,61.638294,0.0,0.0,0.0,0.0,1.5162461732168933,1.6833714125051783e-16,1.324907627483216,0
44,Hog_public_Gerard,2016-11-28 10:00:00,0,normal,89.77799999999998,89.77799999999998,61.638294,1.6286799053823764,6.952258786928363,0.0,0.0,0.2735169759515775,0.4181084554805653,1.324907627483216,0
44,Hog_public_Gerard,2016-11-28 11:00:00,0,normal,90.951,90.951,61.638294,2.163306689032854,1.829048804207607,0.0,0.0,0.0,0.3702222234601182,1.324907627483216,0
44,Hog_public_Gerard,2016-11-28 12:00:00,0,normal,94.614,94.614,61.638294,0.6632259015795277,6.3500574205996045,0.0,0.0,0.0,0.2582353207519191,1.324907627483216,0
44,Hog_public_Gerard,2016-11-28 13:00:00,0,normal,93.435,93.435,61.638294,0.0256854711170217,2.3109707623214333,0.0083997704549752,0.0,0.0,0.0685569003509435,1.324907627483216,0
44,Hog_public_Gerard,2016-11-28 14:00:00,0,normal,94.354,94.354,61.638294,0.5226317438863516,1.6525992647238918,0.2707809403079003,0.0,0.0,0.3431040189550677,1.324907627483216,0
44,Hog_public_Gerard,2016-11-28 15:00:00,0,normal,89.15299999999998,89.15299999999998,61.638294,0.0,1.7728786729388235,1.0158936147184745,0.7512356004849655,0.0,0.8824341989662118,1.324907627483216,0
44,Hog_public_Gerard,2016-11-28 16:00:00,0,normal,91.868,91.868,61.638294,0.0,0.0,0.0,1.343311185723514,0.0,0.0,1.324907627483216,0
44,Hog_public_Gerard,2016-11-28 17:00:00,0,normal,91.355,91.355,61.638294,0.0,0.0,0.0509854278684251,1.504272481846434,0.0,0.0420629779914507,1.324907627483216,0
44,Hog_public_Gerard,2016-11-28 18:00:00,0,normal,90.201,90.201,61.638294,1.4478149888258,6.105308188624895,0.5208638670657761,1.5455908743475244,0.0,0.7995176433687574,1.324907627483216,0
44,Hog_public_Gerard,2016-11-28 19:00:00,0,normal,88.976,88.976,61.638294,1.250650762434357,0.248785919525092,0.868783310942708,1.635032609198959,0.7169135295362904,0.910563493881015,1.324907627483216,0
44,Hog_public_Gerard,2016-11-28 20:00:00,0,normal,89.435,89.435,61.638294,1.3245269909353148,0.0,0.6731058133636764,1.6164279349755828,4.672076571202754,0.7539913446653307,1.324907627483216,0
44,Hog_public_Gerard,2016-11-28 21:00:00,0,normal,89.262,89.262,61.638294,1.296682573657176,0.0,1.0551807961651347,2.222912139044209,10.0,1.0650265428848136,1.324907627483216,0
44,Hog_public_Gerard,2016-11-28 22:00:00,0,normal,68.935,68.935,61.638294,0.0,5.397588350598298,1.384558427142539,2.251276518058645,10.0,1.277200411157553,1.324907627483216,0
44,Hog_public_Gerard,2016-11-28 23:00:00,0,normal,51.313,51.313,61.638294,0.0,0.0,0.0,0.0026001537258828,6.075275208623124,6.744910417547793e-16,1.324907627483216,0
44,Hog_public_Gerard,2016-11-29 00:00:00,0,normal,42.519,42.519,61.638294,0.0,0.0,0.0,0.0,2.1301021879329154,2.364888493847545e-16,1.324907627483216,0
44,Hog_public_Gerard,2016-11-29 01:00:00,0,normal,47.914,47.914,61.638294,0.0,0.0,0.0,0.0,0.7162805992795594,7.952312134124722e-17,1.324907627483216,0
44,Hog_public_Gerard,2016-11-29 02:00:00,0,normal,50.85,50.85,61.638294,0.0,0.0,0.0,0.0,0.2935295803068266,3.258832984651978e-17,1.324907627483216,0
44,Hog_public_Gerard,2016-11-29 03:00:00,0,normal,47.243,47.243,61.638294,0.0,0.0,0.0,0.0,0.1155331092107887,1.2826751795235047e-17,1.324907627483216,0
44,Hog_public_Gerard,2016-11-29 04:00:00,0,normal,36.49,36.49,61.638294,1.356368830391218,5.677085954742982,0.3175488689975078,0.0,0.0,0.6073602903502011,1.324907627483216,0
44,Hog_public_Gerard,2016-11-29 05:00:00,0,normal,31.986,31.986,61.638294,2.5985577714408428,5.142406662411371,0.0,0.3723556644938284,0.0,0.5183438322764105,1.324907627483216,0
44,Hog_public_Gerard,2016-11-29 06:00:00,0,normal,31.124,31.124,61.638294,2.5190839402155247,0.0,0.0,0.110808109855803,0.0,0.3778625910323287,1.324907627483216,0
44,Hog_public_Gerard,2016-11-29 07:00:00,0,normal,38.09,38.09,61.638294,0.0,10.0,0.0,0.0,0.0,0.2499999999999996,1.324907627483216,0
44,Hog_public_Gerard,2016-11-29 08:00:00,0,normal,69.51100000000001,69.51100000000001,61.638294,0.0,0.0,0.0,0.0169421035766214,0.0659168586617297,7.318241419721455e-18,1.324907627483216,0
44,Hog_public_Gerard,2016-11-29 09:00:00,1,spike,88.375,0.01,61.638294,10.0,10.0,0.0,0.0,0.5921053934691821,1.7499999999999996,1.324907627483216,1
44,Hog_public_Gerard,2016-11-29 10:00:00,0,normal,89.053,89.053,61.638294,1.2533806722087004,10.0,0.0,0.0,0.9700723412460278,0.4380071008313048,1.324907627483216,0
44,Hog_public_Gerard,2016-11-29 11:00:00,0,normal,92.512,92.512,61.638294,2.665848065498619,5.939783178259831,0.0,0.0,0.3358494718824881,0.5483717892812885,1.324907627483216,0
44,Hog_public_Gerard,2016-11-29 12:00:00,0,normal,96.14,96.14,61.638294,1.773975013657268,3.5019544530557325,0.0,0.0,0.0,0.3536451133749834,1.324907627483216,0
44,Hog_public_Gerard,2016-11-29 13:00:00,0,normal,95.811,95.811,61.638294,1.651490694770966,0.0,0.0,0.0,0.0,0.2477236042156448,1.324907627483216,0
44,Hog_public_Gerard,2016-11-29 14:00:00,0,normal,97.219,97.219,61.638294,2.175678904472836,1.7801672597957423,0.3930924150004969,0.0,0.0,0.6951572595412289,1.324907627483216,0
44,Hog_public_Gerard,2016-11-29 15:00:00,0,normal,94.073,94.073,61.638294,1.004445873420209,4.810135752335087,1.030841477231912,0.0,0.0,1.1213644935377358,1.324907627483216,0
44,Hog_public_Gerard,2016-11-29 16:00:00,0,normal,95.864,95.864,61.638294,1.6712222111872994,2.447876081799559,0.5796785797864988,1.3086222287188745,0.0,0.7901150620469453,1.324907627483216,0
44,Hog_public_Gerard,2016-11-29 17:00:00,1,persistent_shift,93.894,36.37472312461265,61.638294,0.0,7.151475042024568,0.5827383982905571,2.003194260639959,0.0,0.6595460546403236,1.324907627483216,0
44,Hog_public_Gerard,2016-11-29 18:00:00,1,persistent_shift,93.624,36.10472312461264,61.638294,0.8706487330708005,3.4025656394398074,0.0,0.0,0.0,0.2156614509466151,1.324907627483216,0
44,Hog_public_Gerard,2016-11-29 19:00:00,1,persistent_shift,92.458,34.93872312461264,61.638294,1.065902120626722,0.2398378818082243,0.0,0.0,0.0,0.1658812651392139,1.324907627483216,0
44,Hog_public_Gerard,2016-11-29 20:00:00,1,persistent_shift,90.161,32.641723124612646,61.638294,1.450547944997179,1.1267209806874137,1.025247626301737,0.0,0.0,1.0915795079656951,1.324907627483216,0
44,Hog_public_Gerard,2016-11-29 21:00:00,1,persistent_shift,86.72,29.200723124612644,61.638294,2.0267631307432588,2.023798138174413,0.5089992493343436,0.0,0.0,0.7745338037666826,1.324907627483216,0
44,Hog_public_Gerard,2016-11-29 22:00:00,1,persistent_shift,66.453,8.933723124612648,61.638294,5.420588521477286,10.0,0.1192008364000769,0.0,0.0,1.161428968251656,1.324907627483216,0
44,Hog_public_Gerard,2016-11-29 23:00:00,1,persistent_shift,59.137,1.6177231246126451,61.638294,6.645694682162643,5.062411761655273,0.0,0.0,0.0,1.123414496365778,1.324907627483216,0
44,Hog_public_Gerard,2016-11-30 00:00:00,1,persistent_shift,47.293,0.01,61.638294,10.0,10.0,0.0,0.0,0.0,1.7499999999999996,1.324907627483216,1
44,Hog_public_Gerard,2016-11-30 01:00:00,1,persistent_shift,49.70399999999999,0.01,61.638294,10.0,0.0,0.0,0.0,0.0,1.5,1.324907627483216,1
44,Hog_public_Gerard,2016-11-30 02:00:00,1,persistent_shift,43.476000000000006,0.01,61.638294,10.0,0.0,1.0243977450019428,0.0,0.0,2.3451281396266026,1.324907627483216,1
44,Hog_public_Gerard,2016-11-30 03:00:00,1,persistent_shift,41.735,0.01,61.638294,10.0,0.0,1.6182733230822333,0.0641514106598099,0.0,2.8350754915428427,1.324907627483216,1
44,Hog_public_Gerard,2016-11-30 04:00:00,1,persistent_shift,35.667,0.01,61.638294,10.0,0.0,1.6182733230822333,1.4374124480067196,0.472542868617756,2.8350754915428427,1.324907627483216,1
44,Hog_public_Gerard,2016-11-30 05:00:00,0,normal,30.481,30.481,61.638294,3.013632006849298,10.0,1.6182733230822333,3.086219495144652,2.943458161034937,2.037120292570237,1.324907627483216,1
44,Hog_public_Gerard,2016-11-30 06:00:00,0,normal,30.701,30.701,61.638294,2.691814124477344,0.8325115558918529,0.0,0.053633559173273,3.1475479622667275,0.4245849075688982,1.324907627483216,0
44,Hog_public_Gerard,2016-11-30 07:00:00,0,normal,38.005,38.005,61.638294,0.0,10.0,0.0,0.0,3.356299219502658,0.25,1.324907627483216,0
44,Hog_public_Gerard,2016-11-30 08:00:00,0,normal,64.834,64.834,61.638294,0.0,0.0,0.0435558927454163,0.0,3.2166143224883923,0.0359336115149688,1.324907627483216,0
44,Hog_public_Gerard,2016-11-30 09:00:00,0,normal,81.319,81.319,61.638294,0.0,0.0,0.0,0.0,1.7551137551149845,1.9485677017649744e-16,1.324907627483216,0
44,Hog_public_Gerard,2016-11-30 10:00:00,0,normal,86.288,86.288,61.638294,0.1243051178731637,0.0,0.0,0.0,0.5271794497180902,0.0186457676809746,1.324907627483216,0
44,Hog_public_Gerard,2016-11-30 11:00:00,0,normal,89.359,89.359,61.638294,1.3783344225257603,5.19785247925961,0.0,0.0,0.0,0.3366964753603541,1.324907627483216,0
44,Hog_public_Gerard,2016-11-30 12:00:00,0,normal,89.861,89.861,61.638294,0.0,5.779945988378203,0.0724836323823355,0.0,0.0,0.2042976464248817,1.324907627483216,0
44,Hog_public_Gerard,2016-11-30 13:00:00,0,normal,93.339,93.339,61.638294,0.7311829856921032,2.749478238997065,0.6325993927632712,0.0,0.0,0.7003089028584407,1.324907627483216,0
44,Hog_public_Gerard,2016-11-30 14:00:00,0,normal,93.223,93.223,61.638294,0.6879970252337101,0.0,0.5497359262852013,0.2050754598691457,0.0,0.5567316929703475,1.324907627483216,0
44,Hog_public_Gerard,2016-11-30 15:00:00,0,normal,95.446,95.446,61.638294,1.515603836432053,3.201009792258104,0.6109449521875585,1.1239209688360678,0.0,0.8113954058259961,1.324907627483216,0
44,Hog_public_Gerard,2016-11-30 16:00:00,0,normal,95.59,95.59,61.638294,1.5692139942424743,0.0,0.9001579464732392,1.5072290054092032,0.0,0.9780124049767936,1.324907627483216,0
44,Hog_public_Gerard,2016-11-30 17:00:00,0,normal,94.373,94.373,61.638294,1.1161337021919195,1.4471845313291296,0.8664605363124411,1.7782757929720696,0.7261962685669475,0.91842961106978,1.324907627483216,0
44,Hog_public_Gerard,2016-11-30 18:00:00,0,normal,93.948,93.948,61.638294,2.0053513503240064,3.489519781903822,1.205429317708459,2.09342258673052,1.4644219315064964,1.3825198842056752,1.324907627483216,1
44,Hog_public_Gerard,2016-11-30 19:00:00,0,normal,93.026,93.026,61.638294,1.850957162222325,0.0485032433232363,1.1193158554532403,2.8068968158734267,3.0545633385488453,1.2022917361653531,1.324907627483216,0
44,Hog_public_Gerard,2016-11-30 20:00:00,0,normal,88.80799999999998,88.80799999999998,61.638294,1.1446288700174512,2.633089179579492,1.2106130539566975,2.7743507764046784,7.691975757591392,1.2362773295063811,1.324907627483216,0
44,Hog_public_Gerard,2016-11-30 21:00:00,0,normal,88.574,88.574,61.638294,1.1054442279178955,0.0,0.4441584044206258,1.966424342171784,10.0,0.5322473178347017,1.324907627483216,0
44,Hog_public_Gerard,2016-11-30 22:00:00,0,normal,67.558,67.558,61.638294,0.0,4.502061266484208,0.5147177333578312,1.7696423433643884,10.0,0.5371936616823169,1.324907627483216,0
44,Hog_public_Gerard,2016-11-30 23:00:00,0,normal,46.164,46.164,61.638294,0.0,0.0,0.0,0.2817958527410676,8.725209777511344,9.686928789677633e-16,1.324907627483216,0
44,Hog_public_Gerard,2016-12-01 00:00:00,0,normal,42.35,42.35,61.638294,0.0,0.0,0.0,0.0,3.6328461669359537,4.033269459453541e-16,1.324907627483216,0
44,Hog_public_Gerard,2016-12-01 01:00:00,0,normal,47.279,47.279,61.638294,0.0,0.0,0.0,0.0,1.874884499849802,2.081539940246071e-16,1.324907627483216,0
44,Hog_public_Gerard,2016-12-01 02:00:00,0,normal,41.364,41.364,61.638294,0.0121350607029715,0.0,0.3404481825953317,0.0,1.098303669223833,0.2826900097465945,1.324907627483216,0
44,Hog_public_Gerard,2016-12-01 03:00:00,0,normal,41.983,41.983,61.638294,0.0,0.0,0.1165233313141343,0.0,0.4424127815004806,0.0961317483341609,1.324907627483216,0
44,Hog_public_Gerard,2016-12-01 04:00:00,0,normal,36.5,36.5,61.638294,1.3536108620496343,5.664170995991014,0.0176272267455788,0.0,0.0,0.3591883662723228,1.324907627483216,0
44,Hog_public_Gerard,2016-12-01 05:00:00,0,normal,32.849000000000004,32.849000000000004,61.638294,2.360545103562106,4.040760680868195,0.0,0.867960466369914,0.0,0.4551007825560206,1.324907627483216,0
44,Hog_public_Gerard,2016-12-01 06:00:00,0,normal,33.142,33.142,61.638294,1.6950425410657532,2.4419112725474683,0.0,0.5458839119506943,0.0,0.3153041629735496,1.324907627483216,0
44,Hog_public_Gerard,2016-12-01 07:00:00,0,normal,39.119,39.119,61.638294,0.0,7.263020404311741,0.297210504757241,0.4065154699225111,0.0,0.4267741765325171,1.324907627483216,0
44,Hog_public_Gerard,2016-12-01 08:00:00,0,normal,69.393,69.393,61.638294,0.0,0.0,0.0,0.8071898659001684,0.2315963873747776,2.5712364168348508e-17,1.324907627483216,0
44,Hog_public_Gerard,2016-12-01 09:00:00,0,normal,81.499,81.499,61.638294,0.0,0.0,0.0,0.0,0.8024727652623702,8.909237406289019e-17,1.324907627483216,0
44,Hog_public_Gerard,2016-12-01 10:00:00,0,normal,88.38600000000002,88.38600000000002,61.638294,0.9810141641646598,3.919382663308141,0.0,0.0,1.1627707254462405,0.2451366912074024,1.324907627483216,0
44,Hog_public_Gerard,2016-12-01 11:00:00,0,normal,89.57,89.57,61.638294,1.464495341862034,1.5895451879879072,0.0,0.0,0.4405626987124558,0.2594129309790028,1.324907627483216,0
44,Hog_public_Gerard,2016-12-01 12:00:00,0,normal,91.19,91.19,61.638294,0.0,6.1834186107726445,0.0,0.0,0.0,0.1545854652693159,1.324907627483216,0
44,Hog_public_Gerard,2016-12-01 13:00:00,0,normal,92.117,92.117,61.638294,0.2762412298286885,0.6190861228388186,0.5732703173052784,0.0,0.0,0.5298613493221284,1.324907627483216,0
44,Hog_public_Gerard,2016-12-01 14:00:00,0,normal,93.657,93.657,61.638294,0.849572084190111,2.010291449102536,0.6334633804033719,0.0,0.0,0.7003003876888618,1.324907627483216,0
44,Hog_public_Gerard,2016-12-01 15:00:00,0,normal,95.305,95.305,61.638294,1.4631105569093543,2.1985748767172084,0.6571225952452804,0.7214722942470717,0.0,0.8165570965316895,1.324907627483216,0
44,Hog_public_Gerard,2016-12-01 16:00:00,0,normal,94.721,94.721,61.638294,1.2456915835670983,0.3436344416988784,0.4817398528888225,1.3492097437738544,0.0,0.5928799772108152,1.324907627483216,0
44,Hog_public_Gerard,2016-12-01 17:00:00,0,normal,93.356,93.356,61.638294,0.7375119626558315,1.705202561764026,0.9036754428284816,1.534477251153482,0.0,0.8987890987759727,1.324907627483216,0
44,Hog_public_Gerard,2016-12-01 18:00:00,0,normal,90.601,90.601,61.638294,1.444877003711939,2.637944046275364,0.7971331724591856,1.9512446489695483,0.0,0.9403150189925028,1.324907627483216,0
44,Hog_public_Gerard,2016-12-01 19:00:00,1,persistent_shift,90.309,52.01026089275869,61.638294,0.0,6.091550250947618,0.2636957283711545,1.819537103849284,1.049193568584064,0.3698377321798928,1.324907627483216,0
44,Hog_public_Gerard,2016-12-01 20:00:00,1,persistent_shift,90.869,52.57026089275869,61.638294,0.0,0.0,0.0,0.0,2.0179989669859784,2.2404289168176143e-16,1.324907627483216,0
44,Hog_public_Gerard,2016-12-01 21:00:00,1,persistent_shift,88.77,50.471260892758686,61.638294,0.0,0.0,0.0,0.0,1.132606573475886,1.2574458957147331e-16,1.324907627483216,0
44,Hog_public_Gerard,2016-12-01 22:00:00,1,persistent_shift,64.635,26.33626089275869,61.638294,2.506433760499247,10.0,0.7230043871330858,0.0,0.4100225888235696,1.2224436834596824,1.324907627483216,0
44,Hog_public_Gerard,2016-12-01 23:00:00,1,persistent_shift,50.877,12.578260892758692,61.638294,4.810289769070754,10.0,0.0,0.0,0.0,0.9715434653606128,1.324907627483216,0
44,Hog_public_Gerard,2016-12-02 00:00:00,1,persistent_shift,43.987,5.688260892758692,61.638294,9.851390962742656,10.0,0.0,0.0,0.0,1.7277086444113985,1.324907627483216,1
44,Hog_public_Gerard,2016-12-02 01:00:00,1,persistent_shift,50.272,11.973260892758688,61.638294,8.118007860056847,7.442560816137494,0.0,0.0,0.0,1.4037651994119642,1.324907627483216,1
44,Hog_public_Gerard,2016-12-02 02:00:00,1,persistent_shift,44.331,6.032260892758693,61.638294,9.756516851792153,6.998286235069666,0.0,0.0,0.0,1.638434683645564,1.324907627483216,1
44,Hog_public_Gerard,2016-12-02 03:00:00,1,persistent_shift,42.666,4.367260892758687,61.638294,10.0,1.4758498727266658,0.0630250405934882,0.0,0.0,1.5888919053077943,1.324907627483216,1
44,Hog_public_Gerard,2016-12-02 04:00:00,1,persistent_shift,35.576,0.01,61.638294,10.0,4.952893710679101,0.0025861687504825,0.3502920722696473,0.0,1.6259559319861254,1.324907627483216,1
44,Hog_public_Gerard,2016-12-02 05:00:00,1,persistent_shift,31.785,0.01,61.638294,10.0,0.0,0.2449231072440882,1.026576097908193,0.0,1.7020615634763727,1.324907627483216,1
44,Hog_public_Gerard,2016-12-02 06:00:00,1,persistent_shift,30.257,0.01,61.638294,10.0,10.0,0.4406233309517195,1.1574478840652795,0.3654859713866379,2.1135142480351683,1.324907627483216,1
44,Hog_public_Gerard,2016-12-02 07:00:00,0,normal,38.066,38.066,61.638294,0.0,10.0,1.6182733230822333,1.1131371774498224,1.7970220594656852,1.5850754915428424,1.324907627483216,1
44,Hog_public_Gerard,2016-12-02 08:00:00,0,normal,68.15899999999999,68.15899999999999,61.638294,0.0,0.0,0.0,0.0,2.2001743437933765,2.4426842146689515e-16,1.324907627483216,0
44,Hog_public_Gerard,2016-12-02 09:00:00,0,normal,86.337,86.337,61.638294,0.144314051747467,0.0013001832786354,0.0,0.0,1.5461687501908736,0.0216796123440861,1.324907627483216,0
44,Hog_public_Gerard,2016-12-02 10:00:00,0,normal,85.561,85.561,61.638294,0.0,0.0013001832786354,0.0,0.0,0.5471390011654027,3.250458196594596e-05,1.324907627483216,0
44,Hog_public_Gerard,2016-12-02 11:00:00,0,normal,93.629,93.629,61.638294,3.121970088714821,10.0,0.0,0.0,0.0,0.7182955133072229,1.324907627483216,0
44,Hog_public_Gerard,2016-12-02 12:00:00,0,normal,87.241,87.241,61.638294,0.0,10.0,0.0210769335992127,0.0,0.0,0.2673884702193502,1.324907627483216,0
44,Hog_public_Gerard,2016-12-02 13:00:00,0,normal,94.465,94.465,61.638294,1.1503846363485757,4.712507308386759,0.0540054111619232,0.0,0.0,0.3349248423705419,1.324907627483216,0
44,Hog_public_Gerard,2016-12-02 14:00:00,0,normal,94.271,94.271,61.638294,1.078159840409538,0.0,0.1168574020146246,0.3308371374370592,0.0,0.258131332723496,1.324907627483216,0
44,Hog_public_Gerard,2016-12-02 15:00:00,0,normal,96.695,96.695,61.638294,1.9805974968849216,3.551426171429785,0.0843434502693682,1.2602180188808365,0.0,0.4554586252907115,1.324907627483216,0
44,Hog_public_Gerard,2016-12-02 16:00:00,0,normal,94.829,94.829,61.638294,1.2858992019249091,2.5786284620874844,0.8857096500294168,1.2087238138514884,0.0,0.9880610531151924,1.324907627483216,0
44,Hog_public_Gerard,2016-12-02 17:00:00,0,normal,93.937,93.937,61.638294,0.9538140577103704,0.8805908834146947,0.9189288722628404,1.6032315084955675,0.0,0.9232032003587662,1.324907627483216,0
44,Hog_public_Gerard,2016-12-02 18:00:00,0,normal,85.541,85.541,61.638294,0.5975509822428422,0.9938108142355756,0.8609662573253521,1.60240524700244,0.431800638306418,0.8247750799857311,1.324907627483216,0
44,Hog_public_Gerard,2016-12-02 19:00:00,0,normal,48.721,48.721,61.638294,0.0,2.123708977447444,0.0,1.3666494099575803,3.0750751810211594,0.0530927244361863,1.324907627483216,0
44,Hog_public_Gerard,2016-12-02 20:00:00,0,normal,42.68600000000001,42.68600000000001,61.638294,0.0,0.0,0.0,0.0,4.09238044982562,4.543455000922258e-16,1.324907627483216,0
44,Hog_public_Gerard,2016-12-02 21:00:00,0,normal,41.897,41.897,61.638294,0.0,0.0,0.0,0.0,2.595985970182729,2.882123395700741e-16,1.324907627483216,0
44,Hog_public_Gerard,2016-12-02 22:00:00,0,normal,42.283,42.283,61.638294,0.0,0.0,0.1632886051722973,0.0,1.710984720478603,0.1347130992671454,1.324907627483216,0
44,Hog_public_Gerard,2016-12-02 23:00:00,0,normal,42.081,42.081,61.638294,0.0,0.0,1.36097121097576,0.0,1.1992402661526167,1.122801249055002,1.324907627483216,0
44,Hog_public_Gerard,2016-12-25 00:00:00,0,normal,43.551,43.551,61.638294,0.0,0.0,0.0,0.9979691582699596,6.691622681482629,7.429193573085945e-16,1.324907627483216,0
44,Hog_public_Gerard,2016-12-25 01:00:00,0,normal,37.408,37.408,61.638294,1.1031873366337683,4.491492741312,0.0,1.0295909089210968,6.307047345781596,0.2777654190278658,1.324907627483216,0
44,Hog_public_Gerard,2016-12-25 02:00:00,0,normal,36.828,36.828,61.638294,1.2631495004456643,0.0745768481377493,0.0,0.0,1.0981756299686165,0.1913368462702935,1.324907627483216,0
44,Hog_public_Gerard,2016-12-25 03:00:00,0,normal,37.395,37.395,61.638294,1.1067726954778274,0.0577874017601889,0.0,0.0,0.0,0.1674605893656788,1.324907627483216,0
44,Hog_public_Gerard,2016-12-25 04:00:00,0,normal,36.74,36.74,61.638294,1.2874196218516074,0.1714390387775392,0.0,0.0,0.0,0.1973989192471796,1.324907627483216,0
44,Hog_public_Gerard,2016-12-25 05:00:00,0,normal,36.529,36.529,61.638294,1.3456127538590383,0.0,0.0,0.0,0.0,0.2018419130788557,1.324907627483216,0
44,Hog_public_Gerard,2016-12-25 06:00:00,0,normal,37.009,37.009,61.638294,0.115970147353089,5.08365493902251,0.0,0.0,0.0,0.1444868955785259,1.324907627483216,0
44,Hog_public_Gerard,2016-12-25 07:00:00,0,normal,40.992,40.992,61.638294,0.0,0.0,0.2476179203901635,1.069606875292516,0.0,0.2042847843218849,1.324907627483216,0
44,Hog_public_Gerard,2016-12-25 08:00:00,0,normal,40.959,40.959,61.638294,0.0,0.0,0.0,0.0,0.0,0.0,1.324907627483216,0
44,Hog_public_Gerard,2016-12-25 09:00:00,0,normal,41.187,41.187,61.638294,0.0,0.0,0.0,0.0,0.0,0.0,1.324907627483216,0
44,Hog_public_Gerard,2016-12-25 10:00:00,0,normal,39.252,39.252,61.638294,0.0,0.0,0.7344818430644985,0.0,0.0,0.6059475205282112,1.324907627483216,0
44,Hog_public_Gerard,2016-12-25 11:00:00,0,normal,36.129,36.129,61.638294,0.4753142659119588,1.5513013375240412,0.0,0.0,0.0,0.1100796733248948,1.324907627483216,0
44,Hog_public_Gerard,2016-12-25 12:00:00,0,normal,42.122,42.122,61.638294,0.0,1.5513013375240412,0.0,0.0,0.0,0.0387825334381009,1.324907627483216,0
44,Hog_public_Gerard,2016-12-25 13:00:00,0,normal,42.339,42.339,61.638294,0.0,0.0,0.0,0.0,0.1642068820599916,1.8230626126491028e-17,1.324907627483216,0
44,Hog_public_Gerard,2016-12-25 14:00:00,0,normal,41.996,41.996,61.638294,0.0,0.0,0.0,0.0,0.0,0.0,1.324907627483216,0
44,Hog_public_Gerard,2016-12-25 15:00:00,0,normal,42.574,42.574,61.638294,0.0,0.0,0.4697430959943491,0.0,0.0,0.387538054195338,1.324907627483216,0
44,Hog_public_Gerard,2016-12-25 16:00:00,0,normal,41.907,41.907,61.638294,0.0,0.0,0.0668377328258772,0.0,0.0,0.0551411295813487,1.324907627483216,0
44,Hog_public_Gerard,2016-12-25 17:00:00,0,normal,43.308,43.308,61.638294,0.0,0.0,0.0,0.0,0.0,0.0,1.324907627483216,0
44,Hog_public_Gerard,2016-12-25 18:00:00,0,normal,43.983,43.983,61.638294,0.0,0.0,0.0,0.6072730742633916,0.1538912656371438,1.7085362639906325e-17,1.324907627483216,0
44,Hog_public_Gerard,2016-12-25 19:00:00,0,normal,43.192,43.192,61.638294,0.0,0.0,0.0,0.139838865626774,0.4874814317078869,5.412131095593319e-17,1.324907627483216,0
44,Hog_public_Gerard,2016-12-25 20:00:00,0,normal,43.714,43.714,61.638294,0.0,0.0,0.0,0.1387249974693948,0.3881823563640956,4.309689897886666e-17,1.324907627483216,0
44,Hog_public_Gerard,2016-12-25 21:00:00,0,normal,44.047,44.047,61.638294,0.0,0.0,0.0,0.2130864533499475,0.3045435886220239,3.3811130409014285e-17,1.324907627483216,0
44,Hog_public_Gerard,2016-12-25 22:00:00,0,normal,43.51300000000001,43.51300000000001,61.638294,0.0,0.0,0.0,0.1834605474003667,0.1980770068321513,2.1990965363388877e-17,1.324907627483216,0
44,Hog_public_Gerard,2016-12-25 23:00:00,0,normal,43.674,43.674,61.638294,0.0,0.0,0.1681921622455584,1.1132124133974763,0.4779586469153099,0.1387585338525857,1.324907627483216,0
44,Hog_public_Gerard,2016-12-26 00:00:00,0,normal,43.801,43.801,61.638294,0.0,0.0,0.1633339561663965,1.260356077507416,5.791215493433603,0.1347505138372778,1.324907627483216,0
44,Hog_public_Gerard,2016-12-26 01:00:00,0,normal,43.433,43.433,61.638294,0.0,0.0,0.6497421178453436,1.374361899590926,6.0636534512554725,0.5360372472224091,1.324907627483216,0
44,Hog_public_Gerard,2016-12-26 02:00:00,0,normal,43.46,43.46,61.638294,0.0,0.0,0.4510523353789697,1.6900140659455694,6.354671042657185,0.3721181766876507,1.324907627483216,0
44,Hog_public_Gerard,2016-12-26 03:00:00,0,normal,37.676,37.676,61.638294,0.9553726164446767,3.799308938694595,0.3479136966308362,1.5333153048238328,7.3762375242754,0.525317415654507,1.324907627483216,0
44,Hog_public_Gerard,2016-12-26 04:00:00,0,normal,36.407,36.407,61.638294,1.3792599676263702,1.3104804142131623,0.0,0.0,1.0121583295407888,0.2396510054992846,1.324907627483216,0
44,Hog_public_Gerard,2016-12-26 05:00:00,0,normal,36.532,36.532,61.638294,1.344785363356565,0.0,0.0,0.0,0.0,0.2017178045034847,1.324907627483216,0
44,Hog_public_Gerard,2016-12-26 06:00:00,0,normal,37.01300000000001,37.01300000000001,61.638294,0.1143367649959983,5.087429221489735,0.0,0.0,0.0,0.1443362452866429,1.324907627483216,0
44,Hog_public_Gerard,2016-12-26 07:00:00,0,normal,46.245,46.245,61.638294,0.0,0.0,0.0,0.0,0.0,0.0,1.324907627483216,0
44,Hog_public_Gerard,2016-12-26 08:00:00,0,normal,46.76600000000001,46.76600000000001,61.638294,0.0,0.0,0.0,0.0,0.0,0.0,1.324907627483216,0
44,Hog_public_Gerard,2016-12-26 09:00:00,0,normal,46.192,46.192,61.638294,0.0,0.0,0.0,0.0,0.0,0.0,1.324907627483216,0
44,Hog_public_Gerard,2016-12-26 10:00:00,1,spike,45.029,143.59120034369042,61.638294,10.0,10.0,0.1330003507804726,0.0,0.0,1.8597252893938896,1.324907627483216,1
44,Hog_public_Gerard,2016-12-26 11:00:00,0,normal,43.306,43.306,61.638294,0.0,10.0,0.0,0.0,0.0,0.2499999999999996,1.324907627483216,0
44,Hog_public_Gerard,2016-12-26 12:00:00,0,normal,41.949,41.949,61.638294,0.0,0.0,0.0,0.0,0.0,0.0,1.324907627483216,0
44,Hog_public_Gerard,2016-12-26 13:00:00,0,normal,42.121,42.121,61.638294,0.0,0.0,0.0,0.0,0.0,0.0,1.324907627483216,0
44,Hog_public_Gerard,2016-12-26 14:00:00,0,normal,42.658,42.658,61.638294,0.0,0.0,0.8721658920531632,0.0,0.0,0.7195368609438596,1.324907627483216,0
44,Hog_public_Gerard,2016-12-26 15:00:00,0,normal,42.142,42.142,61.638294,0.0,0.0,1.196648926566681,0.0,0.0,0.987235364417512,1.324907627483216,0
44,Hog_public_Gerard,2016-12-26 16:00:00,0,normal,42.01,42.01,61.638294,0.0,0.0,1.263449489693088,0.0,0.0,1.0423458289967975,1.324907627483216,0
44,Hog_public_Gerard,2016-12-26 17:00:00,0,normal,42.937,42.937,61.638294,0.0,0.0,1.2241572638861578,2.82490395752906,0.0,1.00992974270608,1.324907627483216,0
44,Hog_public_Gerard,2016-12-26 18:00:00,0,normal,43.49,43.49,61.638294,0.0,0.0,1.0717959107346726,3.0159974036185457,0.0,0.8842316263561049,1.324907627483216,0
44,Hog_public_Gerard,2016-12-26 19:00:00,0,normal,43.724,43.724,61.638294,0.0,0.0,0.8652445934676424,2.746261064728997,0.0,0.7138267896108049,1.324907627483216,0
44,Hog_public_Gerard,2016-12-26 20:00:00,0,normal,44.255,44.255,61.638294,0.0,0.0,1.163083233204354,2.592030576465844,0.0,0.959543667393592,1.324907627483216,0
44,Hog_public_Gerard,2016-12-26 21:00:00,0,normal,43.57100000000001,43.57100000000001,61.638294,0.0,0.0,1.1748466542049958,2.3518835879827504,0.0,0.9692484897191216,1.324907627483216,0
44,Hog_public_Gerard,2016-12-26 22:00:00,0,normal,43.846,43.846,61.638294,0.0,0.0,1.2075402268520716,2.494870243050558,0.0,0.9962206871529592,1.324907627483216,0
44,Hog_public_Gerard,2016-12-26 23:00:00,0,normal,43.982,43.982,61.638294,0.0,0.0,1.222393587631604,2.9591644710508334,10.0,1.0084747097960745,1.324907627483216,0
44,Hog_public_Gerard,2016-12-27 00:00:00,0,normal,43.162,43.162,61.638294,0.0,0.0,1.3654294186542928,3.21280593254552,10.0,1.1264792703897926,1.324907627483216,0
44,Hog_public_Gerard,2016-12-27 01:00:00,0,normal,44.56800000000001,44.56800000000001,61.638294,0.0,0.0,1.129246956090863,3.058395460120315,10.0,0.931628738774963,1.324907627483216,0
44,Hog_public_Gerard,2016-12-27 02:00:00,0,normal,60.54,60.54,61.638294,0.0,0.0,0.8976348314361444,2.8663004073569702,10.0,0.7405487359348202,1.324907627483216,0
44,Hog_public_Gerard,2016-12-27 03:00:00,0,normal,48.227,48.227,61.638294,0.0,0.0,0.0,0.0484478358056203,6.979300099254654,7.748579665961157e-16,1.324907627483216,0
44,Hog_public_Gerard,2016-12-27 04:00:00,0,normal,42.601000000000006,42.601000000000006,61.638294,0.0,0.0,0.0,0.0646130566248662,6.928979685740157,7.692712784268704e-16,1.324907627483216,0
44,Hog_public_Gerard,2016-12-27 05:00:00,0,normal,35.41,35.41,61.638294,1.6542294112823372,7.071901499955911,0.0,0.0393499918451744,6.939255995703766,0.4249319491912489,1.324907627483216,0
44,Hog_public_Gerard,2016-12-27 06:00:00,0,normal,35.236,35.236,61.638294,0.8399668771313566,3.1385214797408696,0.0,0.0,5.91191307562664,0.2044580685632258,1.324907627483216,0
44,Hog_public_Gerard,2016-12-27 07:00:00,0,normal,39.725,39.725,61.638294,0.0,3.2588892607384463,0.0,0.0,5.203880287549597,0.0814722315184616,1.324907627483216,0
44,Hog_public_Gerard,2016-12-27 08:00:00,0,normal,67.128,67.128,61.638294,0.0,0.0,0.0,0.0,5.094608216606889,5.656151343521475e-16,1.324907627483216,0
44,Hog_public_Gerard,2016-12-27 09:00:00,0,normal,83.946,83.946,61.638294,0.0,0.0,0.0,0.0,2.9564486334811613,3.282317344012365e-16,1.324907627483216,0
44,Hog_public_Gerard,2016-12-27 10:00:00,0,normal,78.34899999999998,78.34899999999998,61.638294,0.0,0.0,0.0,0.0,1.1124468600529729,1.2350641177027698e-16,1.324907627483216,0
44,Hog_public_Gerard,2016-12-27 11:00:00,0,normal,80.153,80.153,61.638294,0.0,0.0,0.0,0.0,0.0,0.0,1.324907627483216,0
44,Hog_public_Gerard,2016-12-27 12:00:00,0,normal,80.922,80.922,61.638294,0.0,0.0,0.0,0.0,0.0,0.0,1.324907627483216,0
44,Hog_public_Gerard,2016-12-27 13:00:00,0,normal,81.232,81.232,61.638294,0.0,0.0,0.2517265610851567,0.0,0.0,0.2076744128952542,1.324907627483216,0
44,Hog_public_Gerard,2016-12-27 14:00:00,0,normal,87.417,87.417,61.638294,0.0,0.0,0.8992672626884547,0.0,0.0,0.7418954917179751,1.324907627483216,0
44,Hog_public_Gerard,2016-12-27 15:00:00,0,normal,86.45200000000001,86.45200000000001,61.638294,0.0,0.0,0.0,0.6645729102865394,0.0,0.0,1.324907627483216,0
44,Hog_public_Gerard,2016-12-27 16:00:00,0,normal,85.28399999999998,85.28399999999998,61.638294,0.0,0.0,0.0,0.5801422808833855,0.0,0.0,1.324907627483216,0
44,Hog_public_Gerard,2016-12-27 17:00:00,0,normal,86.985,86.985,61.638294,0.0,0.0,0.5905718316890898,0.7844868907521587,0.0,0.487221761143499,1.324907627483216,0
44,Hog_public_Gerard,2016-12-27 18:00:00,0,normal,76.791,76.791,61.638294,0.0,0.0,0.7492011509347091,0.9235991296790662,0.0,0.618090949521135,1.324907627483216,0
44,Hog_public_Gerard,2016-12-27 19:00:00,0,normal,72.063,72.063,61.638294,0.0,0.0,0.0,0.4982031514314847,0.9792575081649352,1.0871942326017679e-16,1.324907627483216,0
44,Hog_public_Gerard,2016-12-27 20:00:00,0,normal,72.97800000000002,72.97800000000002,61.638294,0.0,0.0,0.0,0.0455031519435201,4.9758444059729925,5.524297026463501e-16,1.324907627483216,0
44,Hog_public_Gerard,2016-12-27 21:00:00,0,normal,72.686,72.686,61.638294,0.0,0.0,0.0,0.0,6.082859495970573,6.753330667986305e-16,1.324907627483216,0
44,Hog_public_Gerard,2016-12-27 22:00:00,0,normal,72.58,72.58,61.638294,0.0,0.0,1.0655309393445656,0.0,5.39931279185906,0.8790630249592671,1.324907627483216,0
44,Hog_public_Gerard,2016-12-27 23:00:00,0,normal,71.62899999999998,71.62899999999998,61.638294,0.0,0.0,1.343007712848158,0.0941981145924342,4.787167102265284,1.1079813630997308,1.324907627483216,0
44,Hog_public_Gerard,2016-12-28 00:00:00,0,normal,55.575,55.575,61.638294,0.0,0.0,0.928087187092022,1.3495833276029856,4.169048974294936,0.7656719293509185,1.324907627483216,0
44,Hog_public_Gerard,2016-12-28 01:00:00,0,normal,54.062,54.062,61.638294,0.0,0.0,0.0,0.0,2.0062177695384587,2.2273491601537233e-16,1.324907627483216,0
44,Hog_public_Gerard,2016-12-28 02:00:00,0,normal,49.815,49.815,61.638294,0.0,0.0,0.0,0.0,1.0342786920242015,1.1482800177644598e-16,1.324907627483216,0
44,Hog_public_Gerard,2016-12-28 03:00:00,0,normal,40.399,40.399,61.638294,0.2782790056658674,0.6286285785973247,0.0,0.0,0.6804601030324282,0.0574575653148132,1.324907627483216,0
44,Hog_public_Gerard,2016-12-28 04:00:00,0,normal,35.043,35.043,61.638294,1.7554468494184847,6.2427611480793415,0.0,0.0,0.2417157138848613,0.419386056114756,1.324907627483216,0
44,Hog_public_Gerard,2016-12-28 05:00:00,0,normal,36.135,36.135,61.638294,1.454276706517466,0.7358227362386911,0.0,0.0,0.0,0.2365370743835871,1.324907627483216,0
44,Hog_public_Gerard,2016-12-28 06:00:00,0,normal,34.221,34.221,61.638294,1.2544376502418702,0.2613115591785657,0.0,0.0,0.0,0.1946984365157446,1.324907627483216,0
44,Hog_public_Gerard,2016-12-28 07:00:00,0,normal,39.609,39.609,61.638294,0.0,5.199764671782814,0.629645307190224,0.0,0.0,0.649451495226505,1.324907627483216,0
44,Hog_public_Gerard,2016-12-28 08:00:00,0,normal,66.298,66.298,61.638294,0.0,0.0,0.0,0.0895158021341324,0.0,0.0,1.324907627483216,0
44,Hog_public_Gerard,2016-12-28 09:00:00,0,normal,81.26100000000002,81.26100000000002,61.638294,0.0,0.0,0.0,0.0,0.1041563586274382,1.1563678750929705e-17,1.324907627483216,0
44,Hog_public_Gerard,2016-12-28 10:00:00,0,normal,79.56,79.56,61.638294,0.0,0.0,0.0,0.0,0.0,0.0,1.324907627483216,0
44,Hog_public_Gerard,2016-12-28 11:00:00,0,normal,81.217,81.217,61.638294,0.0,0.0,0.0,0.0,0.0,0.0,1.324907627483216,0
44,Hog_public_Gerard,2016-12-28 12:00:00,0,normal,82.855,82.855,61.638294,0.0,0.0,0.6220063251039114,0.0,0.0,0.5131552182107268,1.324907627483216,0
44,Hog_public_Gerard,2016-12-28 13:00:00,0,normal,88.5,88.5,61.638294,0.0,0.0,0.2258018115866333,0.0,0.0,0.1862864945589724,1.324907627483216,0
44,Hog_public_Gerard,2016-12-28 14:00:00,0,normal,90.444,90.444,61.638294,0.0,0.0,0.0,0.0,0.0,0.0,1.324907627483216,0
44,Hog_public_Gerard,2016-12-28 15:00:00,0,normal,86.833,86.833,61.638294,0.0,0.0,0.0,0.3799249619015825,0.0,0.0,1.324907627483216,0
44,Hog_public_Gerard,2016-12-28 16:00:00,0,normal,86.15100000000002,86.15100000000002,61.638294,0.0,0.0,0.1717259588849163,0.4051621410325538,0.0,0.141673916080056,1.324907627483216,0
44,Hog_public_Gerard,2016-12-28 17:00:00,0,normal,85.402,85.402,61.638294,0.0,0.0,0.0,0.6608953700953779,0.0,0.0,1.324907627483216,0
44,Hog_public_Gerard,2016-12-28 18:00:00,0,normal,72.47,72.47,61.638294,0.0,0.0,0.8354130195235147,0.9881737826414098,0.0,0.6892157411068995,1.324907627483216,0
44,Hog_public_Gerard,2016-12-28 19:00:00,0,normal,69.94,69.94,61.638294,0.0,0.0,0.0,0.0143183210299978,0.5347882663751398,5.937342466290516e-17,1.324907627483216,0
44,Hog_public_Gerard,2016-12-28 20:00:00,0,normal,69.931,69.931,61.638294,0.0,0.0,0.0,0.0,3.421372845684872,3.7984869091066383e-16,1.324907627483216,0
44,Hog_public_Gerard,2016-12-28 21:00:00,0,normal,70.369,70.369,61.638294,0.0,0.0,0.3327597202173443,0.0,3.88039625303437,0.2745267691793094,1.324907627483216,0
44,Hog_public_Gerard,2016-12-28 22:00:00,0,normal,48.46100000000001,48.46100000000001,61.638294,0.0,0.0,1.2916104844747918,0.0,3.342974895876519,1.0655786496917037,1.324907627483216,0
44,Hog_public_Gerard,2016-12-28 23:00:00,0,normal,46.402,46.402,61.638294,0.0,0.0,0.0,0.0,1.2031582425226022,1.335773983116131e-16,1.324907627483216,0
44,Hog_public_Gerard,2016-12-29 00:00:00,0,normal,46.723,46.723,61.638294,0.0,0.0,0.0,0.0,0.3991133205867755,4.4310479795003966e-17,1.324907627483216,0
44,Hog_public_Gerard,2016-12-29 01:00:00,0,normal,52.612,52.612,61.638294,0.0,0.0,0.5755886011571492,0.0,0.0450819136100273,0.474860595954648,1.324907627483216,0
44,Hog_public_Gerard,2016-12-29 02:00:00,0,normal,50.056,50.056,61.638294,0.0,0.0,0.0,0.0,0.0612943153724957,6.805036020518048e-18,1.324907627483216,0
44,Hog_public_Gerard,2016-12-29 03:00:00,0,normal,42.694,42.694,61.638294,0.0,0.0,0.0,0.0,0.2119950422288088,2.353617769888059e-17,1.324907627483216,0
44,Hog_public_Gerard,2016-12-29 04:00:00,0,normal,41.29600000000001,41.29600000000001,61.638294,0.0308892454257431,0.0,0.0,0.7137142428503518,0.2578834429727017,0.0046333868138614,1.324907627483216,0
44,Hog_public_Gerard,2016-12-29 05:00:00,0,normal,33.904,33.904,61.638294,2.0695794435249493,8.872246749980741,0.0,0.4337681548757098,0.439251095756083,0.5322430852782606,1.324907627483216,0
44,Hog_public_Gerard,2016-12-29 06:00:00,0,normal,34.792,34.792,61.638294,1.021272318767875,4.234500787488566,0.0,0.0,0.8205934141776587,0.2590533675023954,1.324907627483216,0
44,Hog_public_Gerard,2016-12-29 07:00:00,0,normal,42.994,42.994,61.638294,0.0,4.107902741037649,0.0,0.0,0.9303733917102256,0.1026975685259412,1.324907627483216,0
44,Hog_public_Gerard,2016-12-29 08:00:00,0,normal,70.259,70.259,61.638294,0.0,0.0,0.0,0.0926889400159085,1.3771959853182534,1.528994692321654e-16,1.324907627483216,0
44,Hog_public_Gerard,2016-12-29 09:00:00,0,normal,87.109,87.109,61.638294,0.4595568466650166,1.477512811186256,0.0,0.0,1.3632822039985113,0.1058713472794089,1.324907627483216,0
44,Hog_public_Gerard,2016-12-29 10:00:00,0,normal,87.789,87.789,61.638294,0.7372318473695998,0.6258001562969839,0.0,0.0,0.3791237262864199,0.1262297810128646,1.324907627483216,0
44,Hog_public_Gerard,2016-12-29 11:00:00,0,normal,87.6,87.6,61.638294,0.6600545309972943,0.0,0.0,0.0,0.0,0.0990081796495941,1.324907627483216,0
44,Hog_public_Gerard,2016-12-29 12:00:00,0,normal,86.735,86.735,61.638294,0.0,2.4163993400756976,1.2024819753528782,0.0,0.0,1.0524576131680168,1.324907627483216,0
44,Hog_public_Gerard,2016-12-29 13:00:00,0,normal,86.93700000000004,86.93700000000004,61.638294,0.0,0.0,1.0038009752111057,0.0,0.0,0.8281358045491621,1.324907627483216,0
44,Hog_public_Gerard,2016-12-29 14:00:00,0,normal,88.834,88.834,61.638294,0.0,0.0,1.103100310738892,0.0,0.0,0.9100577563595856,1.324907627483216,0
44,Hog_public_Gerard,2016-12-29 15:00:00,0,normal,85.04899999999998,85.04899999999998,61.638294,0.0,0.0,0.5570133769375244,2.4704571911911954,0.0,0.4595360359734576,1.324907627483216,0
44,Hog_public_Gerard,2016-12-29 16:00:00,0,normal,84.03200000000002,84.03200000000002,61.638294,0.0,0.0,0.1768489271684469,1.9275666122375723,0.0,0.1459003649139687,1.324907627483216,0
44,Hog_public_Gerard,2016-12-29 17:00:00,0,normal,83.10600000000002,83.10600000000002,61.638294,0.0,0.0,0.0,1.5493550925594048,0.0,0.0,1.324907627483216,0
44,Hog_public_Gerard,2016-12-29 18:00:00,0,normal,74.271,74.271,61.638294,0.0,0.0,0.6696974522966798,1.3028566498875618,0.0,0.5525003981447608,1.324907627483216,0
44,Hog_public_Gerard,2016-12-29 19:00:00,0,normal,67.249,67.249,61.638294,0.0,0.0,0.0,0.2879300059798549,0.9988169183532628,1.1089095401409376e-16,1.324907627483216,0
44,Hog_public_Gerard,2016-12-29 20:00:00,0,normal,66.995,66.995,61.638294,0.0,0.0,0.0,0.0,3.861457915028186,4.2870794858853437e-16,1.324907627483216,0
44,Hog_public_Gerard,2016-12-29 21:00:00,0,normal,67.531,67.531,61.638294,0.0,0.0,0.0,0.0,3.4526599119731123,3.833222530472816e-16,1.324907627483216,0
44,Hog_public_Gerard,2016-12-29 22:00:00,0,normal,66.942,66.942,61.638294,0.0,0.0,1.286492755202236,0.0,2.8775524889306143,1.061356523041845,1.324907627483216,0
44,Hog_public_Gerard,2016-12-29 23:00:00,0,normal,73.16199999999998,73.16199999999998,61.638294,0.0,0.0,1.2179997880438158,0.0161524132502634,2.510408728970509,1.0048498251361482,1.324907627483216,0
44,Hog_public_Gerard,2016-12-30 00:00:00,0,normal,47.26,47.26,61.638294,0.0,0.0,0.0,0.6801661125993064,2.582230499128037,2.866851755021257e-16,1.324907627483216,0
44,Hog_public_Gerard,2016-12-30 01:00:00,0,normal,51.549,51.549,61.638294,0.0,0.0,0.0,0.0,1.18002044101757,1.3100858631460375e-16,1.324907627483216,0
44,Hog_public_Gerard,2016-12-30 02:00:00,0,normal,55.44600000000001,55.44600000000001,61.638294,0.0,0.0,0.0,0.0,0.8794535845318662,9.763896186364041e-17,1.324907627483216,0
44,Hog_public_Gerard,2016-12-30 03:00:00,0,normal,52.604,52.604,61.638294,0.0,0.0,0.0,0.0,1.012458257702986,1.1240544691737255e-16,1.324907627483216,0
44,Hog_public_Gerard,2016-12-30 04:00:00,0,normal,38.595,38.595,61.638294,0.7758164944876978,2.9584871374529857,0.059802334394002,0.0,1.0447010965151673,0.239671578484531,1.324907627483216,0
44,Hog_public_Gerard,2016-12-30 05:00:00,0,normal,36.047,36.047,61.638294,1.4785468279234095,2.616240730525746,0.0,0.0,0.7947731826739557,0.2871880424516551,1.324907627483216,0
44,Hog_public_Gerard,2016-12-30 06:00:00,0,normal,35.438,35.438,61.638294,0.7574810680985232,2.702101496925972,0.0,0.0,0.7066334025167713,0.1811746976379277,1.324907627483216,0
44,Hog_public_Gerard,2016-12-30 07:00:00,0,normal,41.37600000000001,41.37600000000001,61.638294,0.0,2.872626371052758,0.2081195446171737,0.0,0.5662021046979112,0.2435142835854872,1.324907627483216,0
44,Hog_public_Gerard,2016-12-30 08:00:00,0,normal,68.327,68.327,61.638294,0.0,0.0,0.0,0.0,0.6110724880697986,6.784267459700716e-17,1.324907627483216,0
44,Hog_public_Gerard,2016-12-30 09:00:00,0,normal,81.214,81.214,61.638294,0.0,0.0,0.0,0.0,0.5711515275719571,6.341055764602167e-17,1.324907627483216,0
44,Hog_public_Gerard,2016-12-30 10:00:00,0,normal,85.57799999999997,85.57799999999997,61.638294,0.0,0.0,0.0,0.0,0.0677673621890377,7.523688582038195e-18,1.324907627483216,0
44,Hog_public_Gerard,2016-12-30 11:00:00,0,normal,84.116,84.116,61.638294,0.0,0.0,0.0,0.0,0.0,0.0,1.324907627483216,0
44,Hog_public_Gerard,2016-12-30 12:00:00,0,normal,86.634,86.634,61.638294,0.0,0.0,0.0,0.0,0.0,0.0,1.324907627483216,0
44,Hog_public_Gerard,2016-12-30 13:00:00,0,normal,88.11200000000002,88.11200000000002,61.638294,0.0,0.0,0.4107203168881025,0.0,0.0,0.3388442614326846,1.324907627483216,0
44,Hog_public_Gerard,2016-12-30 14:00:00,0,normal,89.654,89.654,61.638294,0.0,0.0,0.0404314066069785,0.0,0.0,0.0333559104507572,1.324907627483216,0
44,Hog_public_Gerard,2016-12-30 15:00:00,0,normal,90.287,90.287,61.638294,0.0,0.0,0.2771376849578257,0.7687699337995351,0.0,0.2286385900902062,1.324907627483216,0
44,Hog_public_Gerard,2016-12-30 16:00:00,0,normal,88.64299999999999,88.64299999999999,61.638294,0.0,0.0,0.5167877147683255,1.0551400848300758,0.0,0.4263498646838685,1.324907627483216,0
44,Hog_public_Gerard,2016-12-30 17:00:00,0,normal,87.383,87.383,61.638294,0.0,0.0,0.7310521165397965,1.144519092524173,0.0,0.6031179961453321,1.324907627483216,0
44,Hog_public_Gerard,2016-12-30 18:00:00,0,normal,75.775,75.775,61.638294,0.0,0.0,0.3328506711921963,1.760898249270908,0.0,0.2746018037335619,1.324907627483216,0
44,Hog_public_Gerard,2016-12-30 19:00:00,0,normal,67.078,67.078,61.638294,0.0,0.0,0.0,0.1613445109128856,0.5306386259146765,5.891272202459291e-17,1.324907627483216,0
44,Hog_public_Gerard,2016-12-30 20:00:00,0,normal,67.863,67.863,61.638294,0.0,0.0,0.0,0.0,3.071208636833502,3.4097265420401944e-16,1.324907627483216,0
44,Hog_public_Gerard,2016-12-30 21:00:00,0,normal,67.844,67.844,61.638294,0.0,0.0,0.0,0.0,3.019035843289568,3.3518031053887044e-16,1.324907627483216,0
44,Hog_public_Gerard,2016-12-30 22:00:00,0,normal,66.92,66.92,61.638294,0.0,0.0,1.0756524062634427,0.0,2.365136071397173,0.8874132351673404,1.324907627483216,0
44,Hog_public_Gerard,2016-12-30 23:00:00,0,normal,66.373,66.373,61.638294,0.0,0.0,0.9865028719623232,0.0,1.948980812797007,0.8138648693689169,1.324907627483216,0
